source,target,cka,cca_shared,procrustes_shared,probe_cosine,metric_rank,metric_examples,full_dim_cca_saturation_possible,train_raw,train_geometry,residual_correction,cal_raw,test_raw,cal_clipped,test_clipped,train_mean_term,train_variance_term,test_mean_term,test_variance_term,test_geometry,mean_fraction,aligned_cal_raw,aligned_test_raw,aligned_test_clipped,alignment_raw_reduction,bernstein_lo,bernstein_hi,bernstein_aligned_lo,bernstein_aligned_hi,betting_lo,betting_hi,betting_aligned_lo,betting_aligned_hi,prediction__training_geometry,prediction__direct_training,prediction__mean_only,prediction__variance_only,prediction__direct_calibration,prediction__cka_common,prediction__cka_held_target,prediction__cca_shared_common,prediction__cca_shared_held_target,prediction__procrustes_shared_common,prediction__procrustes_shared_held_target,prediction__probe_cosine_common,prediction__probe_cosine_held_target
0,1,0.96583136120262,0.4135857405576681,0.5757919177153884,0.23354080223279644,64,1024,False,0.4927191277189873,0.4916836986448103,0.0010354290741732672,0.495154799030266,0.48952054606669854,0.15806683887189368,0.15278690501968822,1.7003692235480372e-33,0.4916836986448103,6.07486993617311e-07,0.49109424803650775,0.4910948555235004,1.2370054110416982e-06,0.012127799526423722,0.010961442350576408,0.013403385820682127,0.47855910371612215,0.10978395110647518,0.2063497266373122,-0.009674050706569282,0.03824167374871541,0.12815615552244708,0.18957929504540516,0.007262172111950349,0.021722730860346928,0.4916836986448103,0.4927191277189873,1.7003692235480372e-33,0.4916836986448103,0.495154799030266,0.2959032234947137,0.2847324898801281,0.3100686589919381,0.3033198147876218,0.2967474885438782,0.28403192156133533,0.4092163617518665,0.399667646498711
0,2,0.9584304740932098,0.33899352831601637,0.5022587603908506,0.1659866394356239,64,1024,False,0.7369362312083633,0.7356163040726643,0.0013199271357014603,0.7236977673205321,0.7370117575046978,0.2205806834041499,0.22333709262609946,2.116447749310882e-33,0.7356163040726643,3.1817531901290494e-07,0.7427484906302169,0.7427488088055347,4.283754012673335e-07,0.015397072921958395,0.013253402634300767,0.01603534309895739,0.7237583548703971,0.16855405283596467,0.2726073139723352,-0.005904136068232549,0.04157003707202803,0.18641325842327205,0.25505261940998025,0.010954790595860686,0.024959246249636635,0.7356163040726643,0.7369362312083633,2.116447749310882e-33,0.7356163040726643,0.7236977673205321,0.2959032234947137,0.2705442905531574,0.3100686589919381,0.3011878862557107,0.2967474885438782,0.28704442077536474,0.5851707799578807,0.5872768120396119
0,3,0.9213552738437812,0.27172140053191135,0.44145971028585673,0.06236070473924961,64,1024,False,1.6969452646404943,1.6961554062845141,0.0007898583559963741,1.7105912550419213,1.6642747194902427,0.34273995494104526,0.3334299595908114,5.281415628750464e-33,1.6961554062845141,2.61732192169771e-05,1.6698076031162692,1.6698337763354787,1.5674146485655202e-05,0.01607710007670976,0.015952881232519495,0.019897651852357374,1.6483218382577232,0.28416363240593484,0.40131627747615567,-0.004977463840916539,0.043058465218791114,0.30189060765405884,0.3830963611326297,0.011795642538345419,0.026368452759925276,1.6961554062845141,1.6969452646404943,5.281415628750464e-33,1.6961554062845141,1.7105912550419213,0.2959032234947137,0.2837700750111749,0.5133603008340333,0.478061020967986,0.5253996358658546,0.478061020967986,1.0422454247759343,0.8242330174067206
0,4,0.8652351956977398,0.24223169689362528,0.41444187151448497,0.0808244328980816,64,1024,False,1.5503866483217528,1.5498036530915615,0.0005829952301990036,1.5455262414699473,1.4733415514354602,0.33596894509318953,0.3422171735193402,4.9098588041127974e-32,1.5498036530915615,1.6610352216600428e-06,1.4638634339384429,1.463865094973671,1.1346914598642836e-06,0.016331001606675,0.016924696313589963,0.020534691374729495,1.4564168551218701,0.27765375643699514,0.3942841337493839,-0.004181610558813633,0.04402904279562503,0.29564401842071675,0.37634525071189273,0.012283934760489501,0.027145083200593945,1.5498036530915615,1.5503866483217528,4.9098588041127974e-32,1.5498036530915615,1.5455262414699473,0.2959032234947137,0.2794609066103408,0.5133603008340333,0.4907535592068705,0.5253996358658546,0.49975959456846536,0.7550134043997063,0.7462511158745571
0,5,0.8386981707344859,0.23120346210491421,0.4040416852169194,0.15427829713202632,64,1024,False,1.7142961911909678,1.7140501655033578,0.00024602568761734634,1.7165571867260423,1.6282825765698854,0.2892637322346083,0.27302822397977833,3.65481784422974e-32,1.7140501655033573,5.4297986055269856e-08,1.6642372922384514,1.664237346536437,3.262634753887314e-08,0.01997646002092349,0.02008112365879238,0.024826424706516553,1.608201452911093,0.2330694301442173,0.3454580343249992,0.0002742225394324685,0.048881284541927326,0.2513056696698186,0.327905770012876,0.01690258359303698,0.0320860764986719,1.7140501655033578,1.7142961911909678,3.65481784422974e-32,1.7140501655033573,1.7165571867260423,0.2959032234947137,0.28845500338246266,0.5133603008340333,0.4739736534174215,0.5253996358658546,0.4825193957927469,0.7487858228926755,0.6918580956083598
0,6,0.6699046417541504,0.20963791356470357,0.3811290682531492,0.1135771971309967,64,1024,False,2.1421224428374877,2.141898936627475,0.0002235062100096393,2.133699999420478,2.124300049995963,0.21856292041011136,0.2116520034341435,1.1730885513581319e-33,2.141898936627475,0.0016272347734185434,2.1245561632188,2.1261833979922202,0.0007653313326381723,0.021479071432699993,0.021168462647579354,0.0261550918443941,2.1031315873483836,0.1653614415369251,0.2717643992832976,0.002022441933016969,0.05061198016137897,0.18353196737734834,0.25439478001499083,0.01873425946541829,0.033841460550320335,2.141898936627475,2.1421224428374877,1.1730885513581319e-33,2.141898936627475,2.133699999420478,0.31640365773692436,0.2905623972522103,0.7072229898007647,0.4972466441550253,0.5959677761249728,0.4946095703230949,0.7550134043997063,0.7124196026240686
0,7,0.5857162239436342,0.2008706503507643,0.3726070333504299,0.12496276527429581,64,1024,False,2.7838271508341688,2.7836653415410733,0.000161809293076023,2.8095637883970648,2.7532709910334696,0.2629868088289132,0.24891666183224667,1.437480214123612e-33,2.7836653415410733,0.0014299179668509794,2.757615288850497,2.7590452068173503,0.0005182655084149335,0.025837435026599024,0.021819378251464527,0.02716703031388813,2.731451612782005,0.20773358688027702,0.31824003077754937,0.006777139646682841,0.05523880754764395,0.22578092060575727,0.30057547514297767,0.02333351152628893,0.03833947113889735,2.7836653415410733,2.7838271508341688,1.437480214123612e-33,2.7836653415410733,2.8095637883970648,0.46942624971299124,0.3014921449936264,0.7448496813667567,0.5686593539493521,0.7448496813667567,0.5191009327419456,0.7550134043997063,0.6898684059691242
0,8,0.5223581096173258,0.1930445349663126,0.3630149571129296,0.16140475193044404,64,1024,False,3.076929126657162,3.0768352416608384,9.38849963343104e-05,3.18485951888719,3.061129775948882,0.2723771638941305,0.2639350789482085,7.108544853409316e-33,3.0768352416608384,5.961858226092469e-06,3.0561310506793555,3.05613701253759,1.9507823771101752e-06,0.03314965285725775,0.030093111374880948,0.03493945214159998,3.031036664574001,0.21692523142576497,0.3278290963624961,0.012446546815563835,0.06276396653009575,0.23519715554721188,0.3103864964141394,0.028703992102236953,0.045638277755642775,3.0768352416608384,3.076929126657162,7.108544853409316e-33,3.0768352416608384,3.18485951888719,0.6460012123514616,0.38978805017000506,1.2652560043191179,0.6807384013415071,1.2652560043191179,0.6807384013415071,0.7487858228926755,0.5213876743381578
0,9,0.47687741382007326,0.189700331977419,0.359868027424879,0.15858777741797547,64,1024,False,2.2872314359792667,2.2871389795725965,9.245640667455696e-05,2.351880704075136,2.2718594087240107,0.2520142596967648,0.24429067562820353,6.888353145912505e-32,2.2871389795725965,5.7902643156182726e-05,2.2855660313621184,2.285623934005276,2.5333407781881002e-05,0.03750690285711626,0.034277594731614035,0.038473826482813805,2.2375818139923966,0.19821876721070633,0.30580975218282325,0.016103522375242846,0.06672157660991075,0.21634772706602234,0.28834392628778005,0.032425581906863954,0.04961642451235093,2.2871389795725965,2.2872314359792667,6.888353145912505e-32,2.2871389795725965,2.351880704075136,0.8314461159170677,0.6000432544824642,1.2652560043191179,1.1009505751364466,1.2652560043191179,1.1009505751364466,0.7487858228926755,0.6743893133489076
0,10,0.5139770804837634,0.18677255003068705,0.3592714474450245,0.15200296937622915,64,1024,False,1.9158689542835845,1.9158233174310288,4.563685254488558e-05,1.9496135631124314,1.9248701823945635,0.2165596628863371,0.20884498104212593,7.757680054746353e-33,1.9158233174310286,0.0006434070897783194,1.9210812879179888,1.9217246950077715,0.0003348071091815352,0.039413670700487013,0.036870627015815574,0.041494899927060985,1.8879995553787479,0.1653586451362038,0.2677606806364704,0.019021924376227278,0.06885653165984092,0.18390276165882824,0.250940109595831,0.03541611644322984,0.051833823294145986,1.9158233174310288,1.9158689542835845,7.757680054746353e-33,1.9158233174310286,1.9496135631124314,0.6460012123514616,0.5433367552966403,1.2652560043191179,1.1674906387772161,1.2652560043191179,1.1674906387772161,0.7487858228926755,0.6773000087588363
0,11,0.46764309829341716,0.1754766696975516,0.34707141353202975,0.13888330031029583,64,1024,False,2.1212795143641707,2.121206523897271,7.299046690560294e-05,2.131204605460588,2.1196890692152883,0.21549086162846115,0.2144409612360164,1.6669310994582562e-32,2.121206523897271,0.0010723956732605405,2.117691644604401,2.11876404027767,0.0005061420964648805,0.03704620528720137,0.03476754542902797,0.04110291558892028,2.08492152378626,0.163349816468237,0.2676319067886853,0.018325342497078227,0.0677170224475333,0.18183361578849144,0.25067585754732136,0.034489764242607635,0.050535805472463835,2.121206523897271,2.1212795143641707,1.6669310994582562e-32,2.121206523897271,2.131204605460588,1.132707227397788,0.6873298072359858,1.2652560043191179,1.141549061298908,1.2652560043191179,1.141549061298908,0.7550134043997063,0.7187353203347753
1,0,0.96583136120262,0.4135857405576681,0.5757919177153884,0.23354080223279644,64,1024,False,1.593874208909712,1.5893666847609724,0.0045075241487415605,1.5600839698777778,1.5703757202663629,0.290029972580446,0.30763495717331785,2.939362840812441e-35,1.5893666847609724,0.0006950477688427968,1.5488379317143286,1.5495329794831778,0.00044855306601774875,0.003614503201894407,0.006879288845258859,0.007822563043533931,1.563496431421104,0.23115590596344646,0.34890403919744556,-0.01721545153504656,0.026480263671785433,0.2487550559308147,0.3304880796276848,-0.0009661837975727394,0.01006113719631685,1.5893666847609724,1.593874208909712,2.939362840812441e-35,1.5893666847609724,1.5600839698777778,0.2959032234947137,0.16631082213277126,0.3100686589919381,0.19004078780129743,0.2967474885438782,0.17230974657235143,0.4092163617518665,0.28804930668244155
1,2,0.9835084406741234,0.5832048833929153,0.7238160700967851,0.5495438397472812,64,1024,False,0.2600766737399384,0.25923167676766595,0.0008449969722711077,0.26072779779633715,0.26162398870966724,0.1596900188561439,0.15328479147557625,5.6625612091975816e-33,0.25923167676766595,1.892913202656428e-05,0.2553561965318699,0.25537512566389686,7.412284958198005e-05,0.007852407108126878,0.005694517758528709,0.007197548692113357,0.25592947095113855,0.11353654173038161,0.20584349598190618,-0.01261289721396226,0.0311846724309343,0.1321271742344834,0.18943824742746074,0.003868770618282724,0.014959209147491492,0.25923167676766595,0.2600766737399384,5.6625612091975816e-33,0.25923167676766595,0.26072779779633715,0.17741285266662668,0.18412533100819936,0.12681054187320426,0.12446708989099622,0.13360305385144802,0.13145102077958795,0.14391584385091785,0.1395894751862727
1,3,0.9486653850055733,0.3410676268024494,0.5108138389474541,0.45151914600453114,64,1024,False,0.269695347927633,0.26933750743653395,0.0003578404910986887,0.25016437388024454,0.27219456740534664,0.14851650184869863,0.15457513711497076,2.9313427549426943e-33,0.26933750743653395,3.8176932610210454e-05,0.2693157491774084,0.2693539261100187,0.00014173520008250014,0.010303516977454442,0.00898680551850206,0.012448741593713432,0.2632077618868446,0.10363064030435715,0.19340236339304012,-0.01024964083124876,0.035830412325820606,0.12175125241628848,0.1766731307725422,0.006356987280014437,0.019183427684765775,0.26933750743653395,0.269695347927633,2.9313427549426943e-33,0.26933750743653395,0.25016437388024454,0.2959032234947137,0.2837700750111749,0.3100686589919381,0.32605166747038355,0.2967474885438782,0.3183950667935721,0.14391584385091785,0.14707597505356945
1,4,0.8840184333337926,0.27653291564039867,0.44712674073659187,0.2545631833725437,64,1024,False,0.6064602862912567,0.6060071295933647,0.0004531566978913639,0.5364643361531733,0.6076740865026503,0.21539453167046513,0.23322296646279597,1.681726842263795e-35,0.6060071295933647,3.363200083929287e-06,0.5935645700693151,0.5935679332693977,5.666074421178105e-06,0.01074445631461365,0.010809858026231427,0.014024675985628515,0.5968642284764188,0.16350664594195694,0.2672824173989733,-0.009203651402778977,0.03703482637172842,0.18140299351944122,0.24973793651588494,0.007255946453369688,0.02023933533928357,0.6060071295933647,0.6064602862912567,1.681726842263795e-35,0.6060071295933647,0.5364643361531733,0.2959032234947137,0.2794609066103408,0.4062640807061172,0.33375421850753745,0.4062640807061172,0.31656167110473005,0.3154645867870976,0.30074124971480803
1,5,0.8509945975947778,0.2517532892679003,0.42232990514332286,0.3126849581148498,64,1024,False,0.47567258168152543,0.47547077781816205,0.00020180386336792123,0.4491283269064656,0.4640023670302794,0.18822951164977156,0.19381681470537399,6.902567159438421e-35,0.47547077781816205,8.918108524188656e-07,0.465628412067624,0.4656293038784753,1.91528077161488e-06,0.012833994363879822,0.01283387137240411,0.017068278133593875,0.4511684956578753,0.13875768968768915,0.23770133361185397,-0.0064335416486938565,0.04050596868980196,0.1567570136539871,0.22047161190857878,0.009982639567169826,0.02363755417172797,0.47547077781816205,0.47567258168152543,6.902567159438421e-35,0.47547077781816205,0.4491283269064656,0.2959032234947137,0.28845500338246266,0.5133603008340333,0.4739736534174215,0.5253996358658546,0.4825193957927469,0.2093816651808477,0.1968904642948042
1,6,0.6930359751250078,0.2224624532014567,0.39088195454644065,0.26666963060936144,64,1024,False,0.47357952944760384,0.47341305062599204,0.00016647882161423245,0.46510520087906826,0.49870881255226196,0.1545976140948029,0.16989004261552643,1.3360326300247973e-33,0.47341305062599204,1.3532942477893625e-07,0.4995966855782393,0.49959682090766283,2.7087727366453415e-07,0.01505924503212383,0.013393798705956252,0.018130776954611866,0.4853150138463057,0.10691066300933916,0.20228456518026666,-0.003610792749112298,0.042836367572962136,0.12489296173589537,0.18518256277457112,0.012848405851400457,0.026000650606874842,0.47341305062599204,0.47357952944760384,1.3360326300247973e-33,0.47341305062599204,0.46510520087906826,0.2959032234947137,0.2905623972522103,0.5133603008340333,0.4972466441550253,0.5253996358658546,0.4946095703230949,0.3154645867870976,0.24579273007852742
1,7,0.618233157013171,0.21232861039423986,0.38063788998273773,0.1591979640709742,64,1024,False,0.7639983521247643,0.763798181885206,0.00020017023955856128,0.8032964999155855,0.772842288621981,0.2072242763070407,0.1962159250106946,2.407983843198934e-34,0.763798181885206,2.7532864268121924e-06,0.7896146073664325,0.789617360652862,3.486861566133441e-06,0.018890691713208167,0.014319979518164778,0.01946615226174528,0.7585223091038162,0.15579548042581018,0.2586530721882712,0.0005225260774546388,0.04716750026540947,0.17424457363813417,0.24172381181415403,0.016965109898592345,0.030295961034426,0.763798181885206,0.7639983521247643,2.407983843198934e-34,0.763798181885206,0.8032964999155855,0.31640365773692436,0.3014921449936264,0.5133603008340333,0.4964037077042008,0.5959677761249728,0.5191009327419456,0.7487858228926755,0.6898684059691242
1,8,0.5502715971739797,0.20549706451551908,0.3745760670264757,0.19382283112921123,64,1024,False,0.9089568081758846,0.9088080590183814,0.0001487491574974457,0.9729585193910737,0.9425802361222342,0.2116034094367839,0.20566895378583155,2.346698216560772e-33,0.9088080590183814,2.0726151343651584e-05,0.9356768448450429,0.9356975709963888,2.215048108074182e-05,0.02441369176196455,0.021345869882826315,0.026010017151039008,0.9212343662394079,0.16049988863884002,0.2627069302347278,0.004378309134065592,0.05305573615931421,0.17891172075178474,0.24574579935870133,0.020583335237461142,0.03595567062438931,0.9088080590183814,0.9089568081758846,2.346698216560772e-33,0.9088080590183814,0.9729585193910737,0.46942624971299124,0.38978805017000506,0.7072229898007647,0.6540758838827028,0.5959677761249728,0.5540799157620726,0.4657448092050931,0.38188380208103145
1,9,0.5058181639693814,0.20069132131608336,0.3709085586359705,0.17198650212020453,64,1024,False,0.7178086622170876,0.7176514358428376,0.00015722637425021784,0.7690211567289469,0.7380941177619689,0.21320421649547877,0.20643395926188263,5.4616599883702086e-34,0.7176514358428376,1.1535637364213918e-05,0.7417079332956367,0.7417194689330007,1.5552561106166582e-05,0.027975043832720745,0.02437534307310358,0.0284576418919648,0.7137187746888652,0.1623285046017922,0.26407992838916533,0.007272505850621967,0.05629639916459155,0.18070124222140294,0.24711949449556414,0.0236243394901976,0.03930104102619225,0.7176514358428376,0.7178086622170876,5.4616599883702086e-34,0.7176514358428376,0.7690211567289469,0.6460012123514616,0.6000432544824642,0.7448496813667567,0.7413966134578723,0.7448496813667567,0.7413966134578723,0.4657448092050931,0.42316051755014034
1,10,0.5391580279232309,0.19619810733910245,0.36721991860784753,0.15316118225118752,64,1024,False,0.6716928829367546,0.6715906408297879,0.00010224210696652769,0.6917311088143453,0.6827745162935563,0.22126364724205105,0.21778572847793487,9.187079580404634e-35,0.6715906408297879,1.0417083621335991e-07,0.6803506199825878,0.6803507241534229,1.531134347552613e-07,0.028866059115781557,0.02737926223704466,0.03186742439595768,0.6553952540565117,0.1700091781239746,0.2725181163601275,0.009237753839548682,0.0574110711128754,0.1883644698173157,0.2555167906684801,0.02563499361713184,0.04043121304130182,0.6715906408297879,0.6716928829367546,9.187079580404634e-35,0.6715906408297879,0.6917311088143453,0.46942624971299124,0.4627666692886051,0.7448496813667567,0.7524380488742439,0.7448496813667567,0.7524380488742439,0.7487858228926755,0.6773000087588363
1,11,0.48433033195141934,0.1970381451476993,0.3683891252114567,0.12374305565791095,64,1024,False,1.1188392213471454,1.1187038439726935,0.00013537737445203316,1.1037014222513561,1.1165429682630772,0.2548641158672941,0.25927879346336513,7.915749449579416e-33,1.1187038439726935,0.00024106870348478498,1.1080345907219755,1.1082756594254577,0.0002175169159717517,0.024863962417472622,0.023563685886772892,0.02967266018349375,1.0929792823763043,0.20112125295245042,0.30860697878213783,0.006941869068102163,0.05452355260364515,0.21928836404549656,0.2911887432273943,0.02319144726061495,0.037414995473227464,1.1187038439726935,1.1188392213471454,7.915749449579416e-33,1.1187038439726935,1.1037014222513561,0.6460012123514616,0.6190775541386471,0.7448496813667567,0.6989799069523309,0.7448496813667567,0.6935851469546711,0.7550134043997063,0.7187353203347753
2,0,0.9584304740932098,0.33899352831601637,0.5022587603908506,0.1659866394356239,64,1024,False,1.0286075908312067,1.023905175887835,0.004702414943367266,0.9822428901521606,1.0094237735375846,0.27863208351980934,0.29197536674881513,1.4208865386777899e-32,1.023905175887835,0.00018759458570537314,0.9916547192495481,0.9918423138352557,0.0001891375101552004,0.0024162261481406487,0.004761286545896609,0.006085559992365526,1.004662486991688,0.22073125444993,0.33653291258968865,-0.018363074493167236,0.025756533547070595,0.23833866099448642,0.3182083332721959,-0.0019457924281596206,0.009373998916998971,1.023905175887835,1.0286075908312067,1.4208865386777899e-32,1.023905175887835,0.9822428901521606,0.2959032234947137,0.16631082213277126,0.3100686589919381,0.2531215830071181,0.2967474885438782,0.2531215830071181,0.5851707799578807,0.4614343427677689
2,1,0.9835084406741234,0.5832048833929153,0.7238160700967851,0.5495438397472812,64,1024,False,0.7462701289307863,0.7455164062611828,0.0007537226696033979,0.7064920040948389,0.7159654540874207,0.23703475886143763,0.24542801487840635,6.32000122374742e-32,0.7455164062611828,0.00013522578613645682,0.7147742890994647,0.7149095148855995,0.00018915091115845027,0.0039509316813220955,0.0018530465339457124,0.002996790659303463,0.714112407553475,0.18222017475131735,0.2918493429715579,-0.016335963242168357,0.02606531208726924,0.20010375888523413,0.27404373321769526,-0.0001252626971108839,0.01005609633284621,0.7455164062611828,0.7462701289307863,6.32000122374742e-32,0.7455164062611828,0.7064920040948389,0.17741285266662668,0.09718162768467459,0.12681054187320426,0.09415855961776534,0.13360305385144802,0.10003105450527851,0.14391584385091785,0.10446946441505824
2,3,0.9703533343985177,0.4655057333293809,0.6335206304084099,0.6286653838743603,64,1024,False,0.21193443539993537,0.21181660744537267,0.00011782795456145776,0.20027056233948048,0.20988082014722106,0.06561729909071652,0.07127957953421733,8.585386966945655e-35,0.21181660744537267,6.963908871007863e-05,0.21568367329180813,0.21575331238051834,0.0003227718172282706,0.007309384311372475,0.00451830129336965,0.007191313109526294,0.20536251885385143,0.026963012028620337,0.1042715861528127,-0.012877520497933385,0.031522168998792,0.04459193081856938,0.08752251663827337,0.00355506732739741,0.015064014740346465,0.21181660744537267,0.21193443539993537,8.585386966945655e-35,0.21181660744537267,0.20027056233948048,0.17741285266662668,0.1741474655705047,0.12681054187320426,0.12991378930016076,0.13360305385144802,0.1349082596660724,0.08703639358617085,0.05382303748748031
2,4,0.9011102758109778,0.35185863638705583,0.5231415849668131,0.34558110100379064,64,1024,False,0.4153102070753167,0.4149673225004555,0.00034288457486107834,0.3808531854966458,0.4399268362556492,0.14815357646456348,0.1804659910355117,3.4681873061329433e-31,0.4149673225004553,4.5383049388363566e-05,0.4277551948128368,0.42780057786222536,0.00010608459113157003,0.007369969659701331,0.0072038818523946415,0.010105663294223154,0.4327229544032546,0.10095941954203881,0.19534773338708816,-0.01272703536911565,0.0329125592206305,0.11878209614951629,0.1780986933154054,0.0037774946613353677,0.016322723793564364,0.4149673225004555,0.4153102070753167,3.4681873061329433e-31,0.4149673225004553,0.3808531854966458,0.2959032234947137,0.2794609066103408,0.3100686589919381,0.33375421850753745,0.2967474885438782,0.31656167110473005,0.2093816651808477,0.18848796206679577
2,5,0.8620061669106359,0.3074011937878723,0.4784460611196508,0.2713389609858981,64,1024,False,0.43970926298592994,0.43947602321647544,0.00023323976945326518,0.4234089562264629,0.46475058426597243,0.16304657424769234,0.18123593782264993,2.0199342288897295e-31,0.4394760232164754,4.6121352526542446e-07,0.45328061714959744,0.4532810783631208,1.017500061840104e-06,0.011746972710104962,0.010179525412477337,0.01412186957554978,0.4545710588534951,0.11462865673045156,0.21146449176493312,-0.008091903861017673,0.03909321654369722,0.13291677681263536,0.19464402247831458,0.008508507809892762,0.022392411570763215,0.43947602321647544,0.43970926298592994,2.0199342288897295e-31,0.4394760232164754,0.4234089562264629,0.2959032234947137,0.28845500338246266,0.3100686589919381,0.32076807531199253,0.2967474885438782,0.3109061824217059,0.2712585158425111,0.1968904642948042
2,6,0.6880080822327526,0.25884626635201324,0.4289703502348647,0.2071401876713316,64,1024,False,0.6673188017359502,0.6671094409058389,0.00020936083011286255,0.6684298197682235,0.7359981209336127,0.17955860044737523,0.19635835011506705,3.336570361143237e-31,0.6671094409058389,0.00011491928880398224,0.7244288438736316,0.7245437631624391,0.0001586091753828511,0.013777064226970106,0.010706659116424906,0.015096354181374725,0.7252914618171878,0.12921928076067424,0.22989792013407623,-0.005334456769845182,0.041367500378385755,0.14764743795240065,0.21301635408599395,0.011221589345950633,0.024601475277449936,0.6671094409058389,0.6673188017359502,3.336570361143237e-31,0.6671094409058389,0.6684298197682235,0.2959032234947137,0.2905623972522103,0.5133603008340333,0.4972466441550253,0.5253996358658546,0.4946095703230949,0.4092163617518665,0.3804148664167157
2,7,0.6029586531241123,0.24081598212550098,0.4101600973082911,0.16885968436989626,64,1024,False,0.710800256651667,0.7106097064961917,0.00019055015547456004,0.7321218956474573,0.7528051636440846,0.1961240235971122,0.19811165293064226,1.4103193642342718e-31,0.7106097064961916,0.00010462872757010528,0.7496096289968499,0.7497142577244169,0.00013955814030759055,0.01742118382929567,0.012618333266634712,0.017527245187078894,0.7401868303774498,0.1453634731721543,0.2468845740220701,-0.0011843247277206204,0.04562253899903081,0.16366222764190752,0.22985042608343065,0.015345658728620037,0.02879742514778627,0.7106097064961917,0.710800256651667,1.4103193642342718e-31,0.7106097064961916,0.7321218956474573,0.31640365773692436,0.3014921449936264,0.5133603008340333,0.4964037077042008,0.5253996358658546,0.5177432558739434,0.4657448092050931,0.41780698766264546
2,8,0.5333374938122847,0.22731999503119116,0.39610978667935715,0.15474341287740484,64,1024,False,0.6212484995011264,0.6210759151015754,0.00017258439954829458,0.6236421239455173,0.6471930488985153,0.19514513331663522,0.19943196404529503,9.005320243632112e-32,0.6210759151015751,0.0003800254615836215,0.651730514785135,0.6521105402467167,0.0005827623357227815,0.023371615998114596,0.019535091083887263,0.02403304294458493,0.627657957814628,0.14531076021049838,0.24497950642277205,0.0033696621856918567,0.05179700888672374,0.16367745854950044,0.22808547026943415,0.01962022853695089,0.034710098458162975,0.6210759151015754,0.6212484995011264,9.005320243632112e-32,0.6210759151015751,0.6236421239455173,0.46942624971299124,0.38978805017000506,0.5133603008340333,0.5144366816810902,0.5253996358658546,0.5275677164610604,0.7487858228926755,0.6547087069790142
2,9,0.48754049286665074,0.21983603631534226,0.38876920197723575,0.1159425190964607,64,1024,False,0.6375483081964851,0.6373560774331201,0.00019223076336421618,0.604174834357645,0.6483481080078555,0.21744888941662696,0.23012932517249354,8.77197025748708e-32,0.6373560774331201,0.00023246181532970598,0.6601649358414018,0.6603973976567331,0.0003520029245338379,0.02666794435944615,0.022885411630422684,0.026800648407636782,0.6254626963774328,0.16640833831213248,0.26848944052112145,0.005994763553234063,0.054783384296217444,0.18451782625197666,0.25123369705397636,0.022317520080832765,0.037738782266387716,0.6373560774331201,0.6375483081964851,8.77197025748708e-32,0.6373560774331201,0.604174834357645,0.6460012123514616,0.6000432544824642,0.5133603008340333,0.5162439899306973,0.5253996358658546,0.5296530721336838,0.7550134043997063,0.7638862614610042
2,10,0.519147405239464,0.21273335546337002,0.3808824295664114,0.07249428469736531,64,1024,False,0.71501451508199,0.7148702180861658,0.00014429699581963062,0.6351904405092716,0.7085168064764575,0.2349584967816451,0.25558201585421897,1.9045383409058242e-31,0.7148702180861658,0.0005802218817483502,0.7148899646730799,0.7154701865548301,0.0008109658412774198,0.02762636996754611,0.02573305767120554,0.030081050703304232,0.6827837488052519,0.18292148344157852,0.2869955101217117,0.007914420122243741,0.056057313768104154,0.20073645137745189,0.26933713161270134,0.02433357986592455,0.039077597262803465,0.7148702180861658,0.71501451508199,1.9045383409058242e-31,0.7148702180861658,0.6351904405092716,0.6460012123514616,0.5433367552966403,0.5133603008340333,0.5150661223208918,0.5959677761249728,0.5916097023044949,0.7550134043997063,0.788418457633275
2,11,0.4754839300318139,0.2052487008803888,0.37633588769028153,0.013517536946517904,64,1024,False,0.724392358987478,0.7241964807130264,0.00019587827445277753,0.7106750840593159,0.7306347484467626,0.2646861886896286,0.2751687932706195,1.6095950916288926e-31,0.7241964807130262,5.518865080320035e-07,0.7340498502735956,0.7340504021601036,7.518373485089809e-07,0.024302644241550982,0.02238908717902232,0.028425100712235776,0.7082456612677402,0.21126851758759502,0.3181038597916622,0.006380608759850009,0.053801906147492015,0.22925477256649174,0.3005315878690453,0.022713216254487634,0.03676625843945658,0.7241964807130264,0.724392358987478,1.6095950916288926e-31,0.7241964807130262,0.7106750840593159,0.8314461159170677,0.6873298072359858,0.7072229898007647,0.6989799069523309,0.5959677761249728,0.5832225196878235,1.0422454247759343,1.152768871681474
3,0,0.9213552738437812,0.27172140053191135,0.44145971028585673,0.06236070473924961,64,1024,False,1.6672038144827117,1.6621225400437982,0.0050812744389039325,1.6094940263728823,1.6329511517357027,0.2893156548876187,0.3062939266640999,5.0566014839545964e-33,1.662122540043798,0.0007098811432252761,1.6135789747024034,1.6142888558456294,0.00043974852496482845,0.0013560872326827964,0.004004068814688595,0.005138381356243628,1.6289470829210142,0.23050706595430057,0.34812424382093676,-0.01889087241337357,0.024011769505194392,0.24817536205227952,0.32978985628142254,-0.002740926036494784,0.007768413663143292,1.6621225400437982,1.6672038144827117,5.0566014839545964e-33,1.662122540043798,1.6094940263728823,0.2959032234947137,0.262728642029149,0.5133603008340333,0.4655045340512128,0.5253996358658546,0.4655045340512128,1.0422454247759343,0.900961495229187
3,1,0.9486653850055733,0.3410676268024494,0.5108138389474541,0.45151914600453114,64,1024,False,0.32501116171293115,0.3238625254547775,0.0011486362581536712,0.3004524682658326,0.31905993335773947,0.17575920601172693,0.18460058066299506,1.488052438161298e-32,0.32386252545477745,5.993212020299672e-06,0.32299975455554425,0.3230057477675629,1.855450579973093e-05,0.004182578057344094,0.002444390407959071,0.0041268422883095875,0.3166155429497804,0.12626812508849122,0.22525028693496263,-0.01609776197590046,0.027337838698326025,0.14404870827274863,0.2077729579177685,0.00043659586663125083,0.011270225273619872,0.3238625254547775,0.32501116171293115,1.488052438161298e-32,0.32386252545477745,0.3004524682658326,0.2959032234947137,0.2847324898801281,0.3100686589919381,0.3033198147876218,0.2967474885438782,0.28403192156133533,0.14391584385091785,0.12432405133670882
3,2,0.9703533343985177,0.4655057333293809,0.6335206304084099,0.6286653838743603,64,1024,False,0.04827006718166809,0.047271624129379894,0.0009984430522881527,0.05382303748748031,0.03861569984826911,0.05127865965931523,0.036959245628868875,1.7785133623985966e-32,0.047271624129379915,2.490852205744972e-05,0.04781692276439711,0.04784183128645458,0.0005206431565779559,0.0038681490766693423,0.0029315730981160013,0.003962913392026653,0.03568412675015311,0.019734100496384868,0.0828232188222456,-0.016269942907753687,0.026220462616627874,0.03738340679410612,0.06655311686336063,5.669230449711904e-05,0.010297960507159587,0.047271624129379894,0.04827006718166809,1.7785133623985966e-32,0.047271624129379915,0.05382303748748031,0.17741285266662668,0.18412533100819936,0.12681054187320426,0.12446708989099622,0.13360305385144802,0.13145102077958795,0.08703639358617085,0.09178115874312663
3,4,0.937844703963027,0.5508041722171014,0.7035366839051936,0.48398766617553546,64,1024,False,0.15492847766346926,0.15458924333458093,0.0003392343288884286,0.1461599659586004,0.16160733013547304,0.10007701948179948,0.11723581840835029,1.266047823383906e-32,0.15458924333458096,3.045014089219728e-09,0.1526027857608755,0.15260278880588918,1.995385610608327e-08,0.004505369378583832,0.004706708655913196,0.005874622345339649,0.15690062147955985,0.05967463346779825,0.1404794054958007,-0.016388824262376336,0.02733132512202555,0.07748153156717308,0.12380058245616965,-8.699612226337194e-05,0.01095588035241235,0.15458924333458093,0.15492847766346926,1.266047823383906e-32,0.15458924333458096,0.1461599659586004,0.2959032234947137,0.2794609066103408,0.12681054187320426,0.12837184931529752,0.13360305385144802,0.13606573646285314,0.14391584385091785,0.14679294375283525
3,5,0.8882415342124564,0.41568800941077017,0.575006389094008,0.38534870950154293,64,1024,False,0.16235727029907496,0.16212986646583716,0.00022740383323831837,0.15614334437754096,0.16966218314668652,0.10878335056553025,0.11814614619440039,6.148775319981761e-33,0.16212986646583719,9.63974688410629e-06,0.1608895937200722,0.16089923346695634,5.9911701730300606e-05,0.009919946177782307,0.008006170105521111,0.010558065071767885,0.16165601304116542,0.06847040304366674,0.14909629808739377,-0.010610830761954295,0.03584331354716626,0.08655878926219884,0.13271522594732232,0.005936034016485792,0.019141727651003748,0.16212986646583716,0.16235727029907496,6.148775319981761e-33,0.16212986646583719,0.15614334437754096,0.2959032234947137,0.28845500338246266,0.12681054187320426,0.13221261450980845,0.2967474885438782,0.3109061824217059,0.14391584385091785,0.14872995901863628
3,6,0.719781565751225,0.311267068680427,0.47759959261414986,0.29480493166396643,64,1024,False,0.2994625565271813,0.2992574526612455,0.0002051038659364115,0.2881171868944105,0.32848906254202725,0.13186451532126092,0.1485048034337247,2.1677873365957663e-32,0.29925745266124554,4.452556372836163e-06,0.3186720333926426,0.3186764859490157,1.3972026707827188e-05,0.010608661002858354,0.00911489408971859,0.01275383930721905,0.31937416845230865,0.0870581691425238,0.17667086149999806,-0.008963846899644991,0.03717293450841877,0.10544285611831583,0.16022974078077823,0.007607042636664119,0.020485073400777765,0.2992574526612455,0.2994625565271813,2.1677873365957663e-32,0.29925745266124554,0.2881171868944105,0.2959032234947137,0.2905623972522103,0.3100686589919381,0.31995968663274105,0.2967474885438782,0.3049805020354767,0.2222099276677299,0.204556301840866
3,7,0.6378988561741685,0.2796655109368926,0.4488019991748281,0.212985170586375,64,1024,False,0.3060302425213534,0.30582854405310994,0.0002016984682416189,0.30521274982472996,0.3299195185212353,0.15232138848983515,0.1600658234810273,1.907485390347037e-32,0.30582854405311,9.551206284440442e-06,0.3258126412342324,0.32582219244051724,2.9314167377300826e-05,0.012481669855595706,0.00977967791788936,0.01421839220828505,0.32013984060334594,0.10650602341928828,0.19813675356038202,-0.006226735814505949,0.03995883547246744,0.12491636778577231,0.18163531403115485,0.010244704550132155,0.023156643532274757,0.30582854405310994,0.3060302425213534,1.907485390347037e-32,0.30582854405311,0.30521274982472996,0.31640365773692436,0.3014921449936264,0.3100686589919381,0.31311666539037614,0.2967474885438782,0.2986262680247093,0.4092163617518665,0.41780698766264546
3,8,0.5611769056422438,0.2549645298839089,0.4247870164097193,0.16420296805722157,64,1024,False,0.3575493064348691,0.35735170607189637,0.00019760036297466633,0.3707870523108427,0.38577153496183125,0.16792045085922502,0.17715310112325383,4.6518812584341046e-33,0.35735170607189637,2.8300167876162444e-05,0.38176163985426326,0.38178994002214045,7.412497006736553e-05,0.01654089488625266,0.015071643169256802,0.019251400134773684,0.37069989179257445,0.12132907143666398,0.21451183028178605,-0.0033027981098469467,0.04422583349895157,0.13971312559442595,0.19794431194168283,0.013018173594900873,0.027209950298129115,0.35735170607189637,0.3575493064348691,4.6518812584341046e-33,0.35735170607189637,0.3707870523108427,0.46942624971299124,0.38978805017000506,0.5133603008340333,0.5144366816810902,0.5253996358658546,0.5275677164610604,0.5851707799578807,0.5213876743381578
3,9,0.5168960001495547,0.24159812813781106,0.41217483227779056,0.14262434650049965,64,1024,False,0.3351578693925685,0.3349568051159432,0.00020106427662607227,0.33603509441050106,0.35526826163170827,0.174203472197914,0.185341370714765,8.017319720765495e-33,0.3349568051159432,5.770710558627749e-05,0.3618348128847857,0.36189251999037264,0.00015945923830592757,0.01937533934359283,0.0175637128231145,0.02126171454771359,0.3377045488085938,0.12776584122277468,0.2206411031730533,-0.0011028102988963305,0.04692067663328975,0.146048350376077,0.2039726900984533,0.015222145593725145,0.029888904144172557,0.3349568051159432,0.3351578693925685,8.017319720765495e-33,0.3349568051159432,0.33603509441050106,0.6460012123514616,0.6000432544824642,0.5133603008340333,0.5162439899306973,0.5253996358658546,0.5296530721336838,0.7487858228926755,0.6743893133489076
3,10,0.5506435387815342,0.23564062614047593,0.40715934786386454,0.08466823177421626,64,1024,False,0.3527454688004531,0.3525949189882277,0.0001505498122261505,0.34035551655304286,0.3616924911165547,0.19286517408861262,0.20637073860028549,1.412737312785505e-32,0.35259491898822776,0.00022885096668631477,0.3654989668725106,0.3657278178391968,0.0006257412084167357,0.020192350274485498,0.020069657519928532,0.024182603786463024,0.3416228335966262,0.14508107361599898,0.24064927456122626,0.0005403293772644341,0.04816439442588019,0.16317427020112518,0.22368158125027549,0.01699742432538187,0.03127848289295798,0.3525949189882277,0.3527454688004531,1.412737312785505e-32,0.35259491898822776,0.34035551655304286,0.46942624971299124,0.4627666692886051,0.5133603008340333,0.5150661223208918,0.5253996358658546,0.5322531217663291,0.7550134043997063,0.788418457633275
3,11,0.4982490273418903,0.22240755589267708,0.395446319096461,0.0637719956349511,64,1024,False,0.5536746205758548,0.5534970120952118,0.00017760848064163147,0.5652322174309705,0.5429066630254298,0.2631834666205671,0.2558465854209098,1.5586168935424936e-32,0.5534970120952117,5.469449452562647e-07,0.543712102714323,0.5437126496592678,1.0059448600267485e-06,0.017551936991717167,0.017415706974375694,0.023290769267015312,0.5254909560510541,0.21099066760332555,0.31537626563780863,-0.00032460962582457273,0.04649254608046982,0.2287428055642522,0.29767053406249033,0.016010880368412472,0.02951474057044834,0.5534970120952118,0.5536746205758548,1.5586168935424936e-32,0.5534970120952117,0.5652322174309705,0.6460012123514616,0.6190775541386471,0.5133603008340333,0.5197859937950317,0.5253996358658546,0.5337399996694542,0.7550134043997063,0.7187353203347753
4,0,0.8652351956977398,0.24223169689362528,0.41444187151448497,0.0808244328980816,64,1024,False,0.46815007186601026,0.4630916888583596,0.00505838300764885,0.4351984095168841,0.46632483979421213,0.22735427157023624,0.24591781243153746,2.1692860032618354e-32,0.46309168885835955,5.5351462937584845e-05,0.45275906777336966,0.4528144192363055,0.0001222387375184251,0.003983005650041402,0.006102376070022597,0.007968863915601296,0.4602224637241895,0.1737112726707969,0.2809972704696756,-0.016208204456599918,0.027575395400296698,0.19137268926715478,0.2630613954170258,0.00016613212937954813,0.01124963047914207,0.4630916888583596,0.46815007186601026,2.1692860032618354e-32,0.46309168885835955,0.4351984095168841,0.2959032234947137,0.262728642029149,0.5133603008340333,0.4915501418442325,0.5253996358658546,0.49396691746752847,0.7550134043997063,0.900961495229187
4,1,0.8840184333337926,0.27653291564039867,0.44712674073659187,0.2545631833725437,64,1024,False,0.3005656754409137,0.29913373246801106,0.0014319429729025633,0.2760638252590611,0.28203117404621547,0.16584348116604822,0.17473622602706865,2.2849796280315786e-32,0.2991337324680112,3.987745716676504e-06,0.2962327392731526,0.2962367270188704,1.3461348148173685e-05,0.00491976369467109,0.0041376043971313855,0.006629203588073665,0.27789356964908407,0.11741916399567778,0.21426779833641865,-0.015279713848738694,0.029354338211843054,0.1351901956149959,0.19688000342284795,0.0014381916407728568,0.013092454573779833,0.29913373246801106,0.3005656754409137,2.2849796280315786e-32,0.2991337324680112,0.2760638252590611,0.2959032234947137,0.30144497211237065,0.4062640807061172,0.5364643361531733,0.4062640807061172,0.5364643361531733,0.3154645867870976,0.35546563422824107
4,2,0.9011102758109778,0.35185863638705583,0.5231415849668131,0.34558110100379064,64,1024,False,0.2907678160205516,0.28935020299909403,0.0014176130214566891,0.3094194526024071,0.26810995958276523,0.17137139701819726,0.15172272539936263,2.065364038938487e-32,0.28935020299909403,0.0004698909290318623,0.27886193106633067,0.2793318219953632,0.0016821961983252386,0.005985801054838448,0.005479908424231621,0.0072412916307237505,0.2626300511585336,0.12352652740627941,0.21921626663011512,-0.014933029750452555,0.02997941860306911,0.14183014875743538,0.20242448196950136,0.001755494813551195,0.013603818711999338,0.28935020299909403,0.2907678160205516,2.065364038938487e-32,0.28935020299909403,0.3094194526024071,0.2959032234947137,0.3004367151488102,0.3100686589919381,0.3011878862557107,0.2967474885438782,0.28704442077536474,0.2093816651808477,0.19173230431065766
4,3,0.937844703963027,0.5508041722171014,0.7035366839051936,0.48398766617553546,64,1024,False,0.039278264846226804,0.0387559523825707,0.0005223124636561608,0.038221017441679495,0.03628028847980552,0.020196214156850186,0.01969525466521429,4.5078786205234075e-33,0.03875595238257068,1.6961487844111952e-05,0.040122215233489036,0.04013917672133313,0.0004225669091787146,0.005164538285403154,0.003574520407501822,0.005402215287489631,0.0327057680723037,-0.007961698135699597,0.04835412644939997,-0.01531776515917356,0.02732275788883038,0.00931411986675812,0.032012805284466594,0.0010154627816518769,0.011333388945786282,0.0387559523825707,0.039278264846226804,4.5078786205234075e-33,0.03875595238257068,0.038221017441679495,0.2959032234947137,0.2837700750111749,0.12681054187320426,0.12991378930016076,0.13360305385144802,0.1349082596660724,0.14391584385091785,0.14707597505356945
4,5,0.9671024528534188,0.6575469341064096,0.7854381365970555,0.5931335365460508,64,1024,False,0.11955060630816208,0.11942022711161514,0.0001303791965469774,0.1313717654337636,0.12379022155467964,0.08700498238605894,0.08475649154746272,1.0067452330886502e-33,0.11942022711161514,2.6383078944800883e-05,0.12555159218618375,0.12557797526512868,0.0002100932021646244,0.008458680584766655,0.00721182233649144,0.009324781626899703,0.1165783992181882,0.04905944932645373,0.12495051544566416,-0.011995411377133924,0.03318334421637857,0.06591814076818991,0.10749623727315338,0.00454157471540384,0.016716252721380442,0.11942022711161514,0.11955060630816208,1.0067452330886502e-33,0.11942022711161514,0.1313717654337636,0.17741285266662668,0.18399015084274997,0.0652685013590775,0.03643969535278222,0.058035677459736534,0.03643969535278222,0.08703639358617085,0.08427621295873923
4,6,0.8067499377271222,0.43898910253379575,0.5976697058607423,0.39581497833425344,64,1024,False,0.14809775581335563,0.14792748168995187,0.00017027412340317504,0.15472719209709215,0.15032778009179826,0.08915604452173835,0.08886083261096492,8.687703086601528e-33,0.14792748168995187,2.763125797241478e-05,0.14864045583205082,0.14866808709002308,0.00018585870386348085,0.009068494420471708,0.009095766565834702,0.012623211762293704,0.14123201352596357,0.050127229417946485,0.12818485962553022,-0.010346268366026725,0.03490902876466617,0.068030565729714,0.11173966821661452,0.0062415962311206385,0.018405126851575915,0.14792748168995187,0.14809775581335563,8.687703086601528e-33,0.14792748168995187,0.15472719209709215,0.2959032234947137,0.2905623972522103,0.12681054187320426,0.13216483451453187,0.13360305385144802,0.14094757061182522,0.14391584385091785,0.15809437832174886
4,7,0.7253252196559872,0.3812670844840177,0.543986201311782,0.32200412611347773,64,1024,False,0.22898235421518648,0.2288203195763465,0.00016203463884136775,0.23567640179975566,0.23294779120043024,0.11757230274705992,0.12210477704048674,1.7284074252597448e-32,0.2288203195763465,2.0799334963072313e-05,0.22857033540026866,0.22859113473523135,9.098924587413861e-05,0.010600132532469712,0.010093552711427574,0.01446700774588873,0.22285423848900268,0.07556487963967387,0.15957972585444596,-0.00792221816243116,0.03753506022410451,0.09359123678586911,0.143009541061474,0.00859231999493204,0.0208958763469127,0.2288203195763465,0.22898235421518648,1.7284074252597448e-32,0.2288203195763465,0.23567640179975566,0.2959032234947137,0.3014921449936264,0.3100686589919381,0.31311666539037614,0.2967474885438782,0.2986262680247093,0.2093816651808477,0.2064600277787468
4,8,0.6422294684547968,0.3418188045498386,0.5084594812309482,0.24048276420133272,64,1024,False,0.26748879531784525,0.2673167135811164,0.00017208173672859643,0.26693481417054277,0.2746751424788669,0.12955675352422286,0.1390566078412515,5.2424905302491246e-33,0.2673167135811164,1.4592179011825544e-06,0.27155719431824377,0.2715586535361447,5.373490707002387e-06,0.015024757011311238,0.015462473790387172,0.01954665629164009,0.2592126686884797,0.08600483320845484,0.17310867383999087,-0.004681512337518779,0.0423493418575417,0.10442433184653055,0.15680447865452152,0.011711964012647513,0.02543489357776707,0.2673167135811164,0.26748879531784525,5.2424905302491246e-33,0.2673167135811164,0.26693481417054277,0.31640365773692436,0.33277058028079765,0.3100686589919381,0.3116662088001379,0.2967474885438782,0.29777551179813116,0.3154645867870976,0.32517054131040857
4,9,0.5993286789881047,0.31796006712371794,0.484544889134956,0.19581065851844615,64,1024,False,0.18930273146554816,0.18911765007224354,0.00018508139330533318,0.1933640703183119,0.19719778820155087,0.12678242448853377,0.1356557797438573,7.759309905060623e-33,0.18911765007224354,2.594030997671383e-05,0.196569659810412,0.19659560012038946,0.00013194756119073233,0.017985486147541144,0.01836207187390381,0.022047193426265377,0.17883571632764705,0.08552601317331437,0.16803883580375317,-0.0022768263644243267,0.045228054089497934,0.10345458712254185,0.15143960924615385,0.014091415898292325,0.02822900263709016,0.18911765007224354,0.18930273146554816,7.759309905060623e-33,0.18911765007224354,0.1933640703183119,0.31640365773692436,0.33879462281173023,0.3100686589919381,0.3143910511650353,0.2967474885438782,0.30284664744948003,0.4092163617518665,0.42316051755014034
4,10,0.6281937165205381,0.3033741776755474,0.4694450779520578,0.20796387934778301,64,1024,False,0.22027939543293007,0.22016884953676943,0.0001105458961598051,0.219470840041114,0.22024468528208452,0.1423839598367359,0.1478249720387264,6.441647185381185e-33,0.22016884953676952,9.203733552126449e-05,0.22338302107392508,0.22347505840944581,0.0004118461190986057,0.019632856072066825,0.020496924993868165,0.02447600540178911,0.19974776028821636,0.09939728370074061,0.1853706359727312,7.378226094174531e-05,0.0474134164424652,0.11722148358967388,0.1684942021383904,0.01657949138461845,0.030574493226595223,0.22016884953676943,0.22027939543293007,6.441647185381185e-33,0.22016884953676952,0.219470840041114,0.31640365773692436,0.3215053849840723,0.3100686589919381,0.31961933941024073,0.2967474885438782,0.3046644653288692,0.4092163617518665,0.43029919749750567
4,11,0.5460407678014101,0.26893602208130024,0.43861602192308924,0.14185488404016594,64,1024,False,0.26506047744036587,0.2649086371911401,0.00015184024922573313,0.2687175954071506,0.25486373493718006,0.18057083109132085,0.17558594496917931,8.330981486333261e-33,0.2649086371911401,2.4306000893250064e-06,0.26241733143146206,0.2624197620315515,9.262260092411669e-06,0.01747556190801541,0.018270030815565778,0.02418442946794177,0.2365937041216143,0.13419604428819537,0.22694561789444634,-0.0004792712287166878,0.046422050056008315,0.1523724276194116,0.21014181774080498,0.015786352152645122,0.02939021908241557,0.2649086371911401,0.26506047744036587,8.330981486333261e-33,0.2649086371911401,0.2687175954071506,0.46942624971299124,0.5078587833866761,0.5133603008340333,0.5197859937950317,0.5253996358658546,0.5337399996694542,0.7487858228926755,0.7187353203347753
5,0,0.8386981707344859,0.23120346210491421,0.4040416852169194,0.15427829713202632,64,1024,False,0.3716790563039849,0.3667109198360227,0.0049681364679605945,0.3548120137734437,0.3668638606967662,0.22821856383706693,0.24059802332850788,6.872621966093444e-33,0.3667109198360228,0.0002275820964283333,0.356885527403088,0.3571131094995166,0.0006372829514639854,0.0034993806022663794,0.005200024306895181,0.006960788747469358,0.361663836389871,0.17486702270083934,0.2815701049732945,-0.01654016988724292,0.02685361279747875,0.19240448707569158,0.2635213008252322,-0.00025406274653505534,0.010577690845821053,0.3667109198360227,0.3716790563039849,6.872621966093444e-33,0.3667109198360228,0.3548120137734437,0.2959032234947137,0.262728642029149,0.5133603008340333,0.4915501418442325,0.5253996358658546,0.5182640139830118,0.7487858228926755,0.900961495229187
5,1,0.8509945975947778,0.2517532892679003,0.42232990514332286,0.3126849581148498,64,1024,False,0.11919873389823757,0.11776638146295963,0.0014323524352778047,0.10891195194217076,0.10705883437935083,0.10246905196941106,0.10224646178952133,1.38973875615694e-32,0.11776638146295963,6.667621270219286e-05,0.11897293189420585,0.11903960810690843,0.000560117878095764,0.004833087543171041,0.00419648266264435,0.0063951882381851006,0.10286235171670649,0.0633543711738655,0.14158373276495662,-0.015194846325742712,0.028904813684884404,0.08058110027195653,0.12439914356218651,0.0015236872059176676,0.0127933232797659,0.11776638146295963,0.11919873389823757,1.38973875615694e-32,0.11776638146295963,0.10891195194217076,0.2959032234947137,0.30144497211237065,0.5133603008340333,0.5404705249581278,0.5253996358658546,0.5541314112981229,0.2093816651808477,0.23224871620921408
5,2,0.8620061669106359,0.3074011937878723,0.4784460611196508,0.2713389609858981,64,1024,False,0.1159913537589261,0.1144262290151539,0.00156512474377212,0.11910807545855928,0.10623151518944546,0.10144068576182047,0.09301239787197134,3.0398366800811784e-32,0.11442622901515388,8.654261634948138e-05,0.11546503598725782,0.11555157860360707,0.0007489522635286599,0.005683287067066756,0.005071854569398235,0.0068889493384322546,0.10115966062004722,0.06274688046198872,0.1401344910616522,-0.014793212169986384,0.029640433556164254,0.08048027293989435,0.12350236211204901,0.001799842888431158,0.013279083286761306,0.1144262290151539,0.1159913537589261,3.0398366800811784e-32,0.11442622901515388,0.11910807545855928,0.2959032234947137,0.3004367151488102,0.3100686589919381,0.3011878862557107,0.2967474885438782,0.28704442077536474,0.2712585158425111,0.3308852109927212
5,3,0.8882415342124564,0.41568800941077017,0.575006389094008,0.38534870950154293,64,1024,False,0.0678965974411067,0.06723290767646384,0.0006636897646428359,0.06435886016454012,0.06289754887273682,0.05523903398812343,0.05396557900649609,1.3353122840773475e-32,0.06723290767646385,9.687406879985468e-05,0.06625094881961424,0.06634782288841413,0.0014600941610816763,0.0050974173084867075,0.003282471385237355,0.005456220447187126,0.05961507748749947,0.021958798881774287,0.08851926909447258,-0.014790430686891128,0.027980768254832936,0.03979790415905882,0.07235689744993579,0.0014766253807465546,0.011879017598403152,0.06723290767646384,0.0678965974411067,1.3353122840773475e-32,0.06723290767646385,0.06435886016454012,0.2959032234947137,0.2837700750111749,0.12681054187320426,0.12991378930016076,0.2967474885438782,0.3183950667935721,0.14391584385091785,0.14707597505356945
5,4,0.9671024528534188,0.6575469341064096,0.7854381365970555,0.5931335365460508,64,1024,False,0.03561348847501307,0.0352320543741887,0.0003814341008244544,0.03580056892342649,0.03395977810582937,0.03467053534457837,0.0328503669198767,1.0043736648893338e-32,0.035232054374188713,5.761884065845514e-06,0.036249136752711714,0.03625489863677746,0.00015892704937811028,0.0026592104860120192,0.0026679002144196014,0.0036329903303362787,0.03129187789140977,0.005886271485720455,0.06345479920343627,-0.016670114549981976,0.024147385887938036,0.02320415039139334,0.04704002266225871,-0.0008919979518395849,0.008439256765996106,0.0352320543741887,0.03561348847501307,1.0043736648893338e-32,0.035232054374188713,0.03580056892342649,0.17741285266662668,0.19764317891565528,0.0652685013590775,0.07322022055355713,0.058035677459736534,0.062482699166998557,0.08703639358617085,0.09435579710942003
5,6,0.8686627317169909,0.615244446524625,0.7573214748946517,0.7034686046151402,64,1024,False,0.06314367861842747,0.0630646626192478,7.901599917937016e-05,0.06290937572439881,0.0602801812254955,0.038027708707769184,0.03634075177611108,6.750399916014871e-34,0.0630646626192478,5.087147987357491e-06,0.06315699304027202,0.06316208018825935,8.054117236472995e-05,0.0030484422953464168,0.0028663828932824036,0.004629982334045716,0.05741379833221309,0.00641153059310462,0.06964388682243375,-0.016016781994869927,0.025662121066605783,0.023878672262071632,0.053236693631333765,-4.228374018566683e-05,0.009747324038471561,0.0630646626192478,0.06314367861842747,6.750399916014871e-34,0.0630646626192478,0.06290937572439881,0.2959032234947137,0.2905623972522103,0.07181702684050409,0.08834405799949399,0.058035677459736534,0.05706093780680409,0.043570029661054624,0.035617375961886334
5,7,0.7952021112698388,0.5238233663099643,0.681602717971692,0.5723349964033058,64,1024,False,0.09223512355811517,0.09214027100878014,9.485254933504729e-05,0.09204343352916254,0.08691628691683081,0.054032474282059866,0.050707008929139694,1.1161252785945474e-33,0.09214027100878015,3.75728994283272e-05,0.08970231545124646,0.08973988835067498,0.00041868671912655207,0.004266974996910168,0.0037028203855938996,0.006587578025056768,0.08321346653123692,0.020270591152353544,0.0877943574117662,-0.013956677674073789,0.028812733510351518,0.038038010061427485,0.07161166354489978,0.002227789766038768,0.012644098824239336,0.09214027100878014,0.09223512355811517,1.1161252785945474e-33,0.09214027100878015,0.09204343352916254,0.2959032234947137,0.3014921449936264,0.12681054187320426,0.13188291889892528,0.13360305385144802,0.14061195678372213,0.08703639358617085,0.08632110216574344
5,8,0.7149994282917974,0.4529570295929448,0.6166961689225023,0.4166682198513241,64,1024,False,0.2263323318755532,0.22620389398861596,0.00012843788693767596,0.22325078039683607,0.2284423702156216,0.09411364534187838,0.0944150256107691,5.8757126712229955e-34,0.22620389398861596,2.3085882287198223e-05,0.2266014030388214,0.22662448892110892,0.00010186843618314671,0.010481393902347185,0.010992497936294084,0.013958893592115499,0.21744987227932752,0.054435317391183895,0.13379197329257286,-0.00936801812143406,0.03632332598262761,0.07256900588254211,0.1175240962402313,0.007054272646200843,0.01958038203883916,0.22620389398861596,0.2263323318755532,5.8757126712229955e-34,0.22620389398861596,0.22325078039683607,0.2959032234947137,0.3078753742089511,0.12681054187320426,0.1252375575592037,0.13360305385144802,0.13236157347837868,0.14391584385091785,0.14330670078056001
5,9,0.6738028944191142,0.41507426247304446,0.5760437541518246,0.38529932647996795,64,1024,False,0.14331344312948383,0.14317931840244483,0.00013412472703963954,0.13914828086116313,0.14220530763552702,0.06868559650150394,0.06642154154391282,6.07016226212811e-34,0.14317931840244483,4.054294704546214e-07,0.14638888565241026,0.14638929108188062,2.769529570491947e-06,0.013476968673323254,0.013472426848446612,0.016239834875353888,0.12873288078708042,0.03226211628647739,0.10510907671653048,-0.006888240821143508,0.0395741058125587,0.05008307995740324,0.08879566430550767,0.009538357640849426,0.022700852481648326,0.14317931840244483,0.14331344312948383,6.07016226212811e-34,0.14317931840244483,0.13914828086116313,0.2959032234947137,0.3135162872222039,0.12681054187320426,0.12849083237716533,0.13360305385144802,0.13285349981747752,0.14391584385091785,0.14407489736059434
5,10,0.6928079334734298,0.38473848113653963,0.5453035465170698,0.3315031421887335,64,1024,False,0.16347740922962609,0.16338853645554996,8.887277407601265e-05,0.15234878706689328,0.16135131158320093,0.06755971039878003,0.07242347505490612,7.283344052696518e-34,0.16338853645554996,4.908535551223014e-05,0.1634757072159901,0.16352479257150238,0.0003001707248200129,0.014632701772104892,0.01526782425954765,0.018467614078324767,0.14608348732365328,0.030835349405952422,0.10428407139160764,-0.005090343868049345,0.041513794495820204,0.04863007069070591,0.08796159960911609,0.011371918066288345,0.024675839646079112,0.16338853645554996,0.16347740922962609,7.283344052696518e-34,0.16338853645554996,0.15234878706689328,0.2959032234947137,0.317119785441511,0.3100686589919381,0.31961933941024073,0.2967474885438782,0.3046644653288692,0.2093816651808477,0.21571865163795373
5,11,0.5777369780074643,0.3282232138159802,0.4945985015065739,0.30671944358996445,64,1024,False,0.1515654661968013,0.15145276759486206,0.00011269860193973487,0.1320794325872433,0.14555326903102844,0.06537443141496659,0.07269150360167202,8.279016451159016e-36,0.15145276759486206,0.00020751424550236774,0.15223741144039998,0.15244492568590284,0.0013612407534635137,0.012097838731405339,0.013330219094889935,0.01842086263303983,0.1322230499361385,0.02841287808718891,0.10233598474274426,-0.0060138746530399995,0.03999252029312646,0.04605612331943121,0.0858396926196292,0.010260883173032198,0.023086370048986282,0.15145276759486206,0.1515654661968013,8.279016451159016e-36,0.15145276759486206,0.1320794325872433,0.46942624971299124,0.5078587833866761,0.3100686589919381,0.32182207892667064,0.2967474885438782,0.3075608503518699,0.2093816651808477,0.2276152200801996
6,0,0.6699046417541504,0.20963791356470357,0.3811290682531492,0.1135771971309967,64,1024,False,0.1800031158872913,0.1749476600729828,0.005055455814307245,0.17922479693142152,0.174417154841157,0.16917929202546997,0.1653042644355889,1.7647212388064546e-32,0.17494766007298274,0.0001257992007811313,0.17286606684144815,0.17299186604222958,0.0007271972009968497,0.0035847501170718672,0.004938391333348156,0.0067583907491557136,0.16947876350780883,0.12218249472425197,0.21617608932668797,-0.01657480207980684,0.02692125328587023,0.13990823320636991,0.1988852701833821,-0.0003345166624058038,0.010576115186267998,0.1749476600729828,0.1800031158872913,1.7647212388064546e-32,0.17494766007298274,0.17922479693142152,0.31640365773692436,0.32362359777931926,0.7072229898007647,0.8128226283746333,0.5959677761249728,0.6422725515909229,0.7550134043997063,0.900961495229187
6,1,0.6930359751250078,0.2224624532014567,0.39088195454644065,0.26666963060936144,64,1024,False,0.19732488351109426,0.19582300818467666,0.001501875326418438,0.19486115855056002,0.1836397847292721,0.1790000016014155,0.16880756972663588,6.631636236938212e-33,0.1958230081846766,0.0003701595665198471,0.18804042672425128,0.18841058629077115,0.0019646431435046095,0.005174241121785,0.0054430871648780774,0.007810490692425278,0.17819669756439402,0.13201831410265064,0.22598168910018035,-0.014909078044791736,0.02927697638895287,0.15036073711962672,0.20927490973554086,0.0017336797172902152,0.013073734757199418,0.19582300818467666,0.19732488351109426,6.631636236938212e-33,0.1958230081846766,0.19486115855056002,0.2959032234947137,0.30144497211237065,0.5133603008340333,0.5404705249581278,0.5253996358658546,0.5541314112981229,0.3154645867870976,0.35546563422824107
6,2,0.6880080822327526,0.25884626635201324,0.4289703502348647,0.2071401876713316,64,1024,False,0.19410678461228872,0.19245840254772398,0.0016483820645645738,0.19869748497816495,0.18428343652119278,0.1694197994933844,0.15830591923645662,2.3247292620804761e-32,0.19245840254772403,0.0004562916749828509,0.1862522377180153,0.18670852939299862,0.0024438716135052017,0.0061100129461831645,0.006591864906775701,0.008477795621147742,0.17769157161441707,0.12287099053817639,0.2159686084485924,-0.013956623838597351,0.02983061424452236,0.14125865016831085,0.19933860329911113,0.00248179939808324,0.01351204770617187,0.19245840254772398,0.19410678461228872,2.3247292620804761e-32,0.19245840254772403,0.19869748497816495,0.2959032234947137,0.3004367151488102,0.5133603008340333,0.5841128605258094,0.5253996358658546,0.5878047266655874,0.4092163617518665,0.4326073480600555
6,3,0.719781565751225,0.311267068680427,0.47759959261414986,0.29480493166396643,64,1024,False,0.16144136333106335,0.16069507882360992,0.0007462845074527539,0.15630266844104931,0.15996057544487727,0.11497914455091093,0.12138406588665827,1.740714205341188e-32,0.16069507882360992,0.00028641639471785096,0.15979517396341478,0.1600815903581327,0.001789190087861343,0.005554844105820093,0.004487455630559986,0.0071135834436140254,0.15547311981431727,0.07377911177832921,0.15617917732349265,-0.013872672254619543,0.028860168592908256,0.09246521473687608,0.14023688437009696,0.0023088279558578506,0.012697947735432535,0.16069507882360992,0.16144136333106335,1.740714205341188e-32,0.16069507882360992,0.15630266844104931,0.2959032234947137,0.2837700750111749,0.3100686589919381,0.32605166747038355,0.2967474885438782,0.32082534133559343,0.2222099276677299,0.27687807285981086
6,4,0.8067499377271222,0.43898910253379575,0.5976697058607423,0.39581497833425344,64,1024,False,0.06667757351325633,0.06615213530786362,0.00052543820539259,0.06686712429338329,0.06483106722123214,0.05417940565244403,0.05656801070704728,5.2709991349999425e-33,0.06615213530786362,1.810783453379399e-06,0.0663055495691106,0.06630736035256397,2.7308935897180223e-05,0.004759652845330667,0.004764247119455962,0.006480617622424741,0.06006682010177618,0.021197110867036684,0.08716170043785137,-0.014648910513936091,0.027210798867832293,0.038840059816720895,0.07088573829969391,0.0012516366768977605,0.011138661757286172,0.06615213530786362,0.06667757351325633,5.2709991349999425e-33,0.06615213530786362,0.06686712429338329,0.2959032234947137,0.2794609066103408,0.12681054187320426,0.12837184931529752,0.13360305385144802,0.13606573646285314,0.14391584385091785,0.14679294375283525
6,5,0.8686627317169909,0.615244446524625,0.7573214748946517,0.7034686046151402,64,1024,False,0.02366688262201164,0.023486941933771453,0.00017994068824013677,0.024230683597710443,0.02269065257496429,0.022116057891251175,0.020869995374595475,1.1517917036299841e-34,0.023486941933771453,9.695969820057598e-06,0.023367217964788363,0.02337691393460841,0.0004147668869885847,0.0026203263426631714,0.0029367269444525034,0.0040007534921939975,0.019753925630511787,-0.0044622647733098784,0.048694380555812225,-0.016635731130755477,0.02395944706958121,0.01278340296994429,0.03234541753772646,-0.0009713653344078921,0.008264778633019887,0.023486941933771453,0.02366688262201164,1.1517917036299841e-34,0.023486941933771453,0.024230683597710443,0.2959032234947137,0.28845500338246266,0.07181702684050409,0.08767914125476862,0.058035677459736534,0.06290937572439881,0.043570029661054624,0.052270348934506244
6,7,0.9521312555477247,0.7741315143423639,0.8697964086861198,0.7536717064504772,64,1024,False,0.06873455920273035,0.06867751561733257,5.7043585397900343e-05,0.07073184645417538,0.06598268768402532,0.04775709589983892,0.04047726549551929,2.2583567729767012e-33,0.06867751561733257,9.561713107513252e-07,0.07135207624541089,0.07135303241672158,1.340057007201906e-05,0.0018075256401470713,0.0012070309131283867,0.0025124646502098042,0.06477565677089693,0.015564890813976821,0.07994930098570102,-0.017196496758055024,0.023837459143903467,0.03316914866445586,0.0636333738148096,-0.0013340287914616056,0.008096814424789045,0.06867751561733257,0.06873455920273035,2.2583567729767012e-33,0.06867751561733257,0.07073184645417538,0.2959032234947137,0.3014921449936264,0.03630627472523262,0.029111903678474983,0.03630627472523262,0.029111903678474983,0.03641952068578949,0.027990657080983455
6,8,0.87789883301159,0.6168226467064931,0.7564045395007449,0.5472568381650813,64,1024,False,0.16002685811045098,0.15992403771298436,0.00010282039746599024,0.15245743240127754,0.16220520981907022,0.0725345303987795,0.07301697107905507,1.2682869796197014e-34,0.15992403771298436,1.6168436453690526e-05,0.1644618659159449,0.1644780343523991,9.830149367574012e-05,0.007898065590849237,0.009713228742304118,0.011866067494903687,0.1524919810767661,0.03601408957840849,0.1090549712191505,-0.012077931751387282,0.032347141718231845,0.05390317311685067,0.09274561447818996,0.004264052113285288,0.015817948537005577,0.15992403771298436,0.16002685811045098,1.2682869796197014e-34,0.15992403771298436,0.15245743240127754,0.2959032234947137,0.3078753742089511,0.07181702684050409,0.05655495434243553,0.08096193087819817,0.05655495434243553,0.14391584385091785,0.14330670078056001
6,9,0.8406097709914969,0.5423208764150722,0.689446924882672,0.47936791686701546,64,1024,False,0.15510683936452058,0.15498746834692254,0.00011937101759730508,0.14454801558908403,0.1535858910963186,0.07330585817112201,0.07777205016080573,5.9294956772686356e-33,0.15498746834692254,4.548815054711616e-06,0.1605778643065909,0.16058241312164576,2.8326981555979975e-05,0.012004087829606143,0.012264695774468478,0.014302075846010787,0.1413211953218501,0.03677404108244196,0.10983767525980205,-0.008678545145342801,0.03713693364120523,0.054445098132418934,0.0933469522788073,0.0076949381837039255,0.020318893002695404,0.15498746834692254,0.15510683936452058,5.9294956772686356e-33,0.15498746834692254,0.14454801558908403,0.2959032234947137,0.3135162872222039,0.12681054187320426,0.12849083237716533,0.13360305385144802,0.13285349981747752,0.14391584385091785,0.14407489736059434
6,10,0.8228771499130038,0.48173603824560507,0.6347591827369055,0.4283680878121779,64,1024,False,0.1738487625121011,0.17377425597527535,7.450653682457642e-05,0.16280524380745223,0.17357064916878448,0.06787969220710613,0.07454439170618864,5.472723899520952e-33,0.17377425597527532,8.680999887504679e-06,0.17689390726734314,0.17690258826723063,4.907220393175414e-05,0.012993781161855712,0.013348361952385526,0.016153062227442932,0.16022228721639895,0.03123655643746724,0.10452282797674502,-0.0069035763914219485,0.03910119987515111,0.04921874545834726,0.0883413221599767,0.009547135443426669,0.02235948537418153,0.17377425597527535,0.1738487625121011,5.472723899520952e-33,0.17377425597527532,0.16280524380745223,0.2959032234947137,0.317119785441511,0.12681054187320426,0.1270615515805125,0.13360305385144802,0.134517202776289,0.14391584385091785,0.14548264601805022
6,11,0.6092183254174012,0.38838603870727484,0.549824226249197,0.35171963241331844,64,1024,False,0.20169884629537815,0.2015881206400419,0.00011072565533610252,0.18246896709358476,0.18536697421816428,0.07093712291376114,0.07798636631843613,2.8853820203622914e-34,0.2015881206400419,0.00024115284587293545,0.1957322351043088,0.1959733879501821,0.0012305387399550306,0.011504767560850586,0.012449167450525666,0.017202771446235155,0.17291780676763863,0.032293139803754284,0.109581106023768,-0.006773196743374947,0.03901058736422118,0.04980043738760287,0.0927322255956824,0.009526675014058128,0.022175047117343638,0.2015881206400419,0.20169884629537815,2.8853820203622914e-34,0.2015881206400419,0.18246896709358476,0.31640365773692436,0.3501007136110261,0.3100686589919381,0.32182207892667064,0.2967474885438782,0.3059723468040806,0.14391584385091785,0.14613130417898632
7,0,0.5857162239436342,0.2008706503507643,0.3726070333504299,0.12496276527429581,64,1024,False,0.23288581150931345,0.22783268979912846,0.0050531217101848665,0.22434254864958478,0.23820075632561755,0.17549176654891216,0.18616142543597092,5.040824265850176e-33,0.2278326897991285,1.5625814095943683e-05,0.2369802685808717,0.23699589439496768,6.593284721591986e-05,0.003660919789252149,0.0037317596334115197,0.0056031054223287195,0.23446899669220603,0.12754833840737842,0.2234351946904459,-0.01625760508929793,0.026595786311827588,0.1452251572482055,0.20601689864270156,-0.0001199865437229164,0.01036702559213154,0.22783268979912846,0.23288581150931345,5.040824265850176e-33,0.2278326897991285,0.22434254864958478,0.46942624971299124,0.48576516311721835,0.7448496813667567,0.8192078431834956,0.7448496813667567,0.8192078431834956,0.7550134043997063,0.900961495229187
7,1,0.618233157013171,0.21232861039423986,0.38063788998273773,0.1591979640709742,64,1024,False,0.194841539834546,0.1932407013625713,0.0016008384719749112,0.1872853174531709,0.1967437532441991,0.1702026952111047,0.17781426285753288,1.7170051977652434e-33,0.1932407013625713,7.362413661679302e-06,0.19987082449814644,0.19987818691180825,3.683450293116678e-05,0.004340690601536064,0.004591024532229897,0.006926262481608406,0.1921527287119692,0.12408665851120994,0.21631873191099948,-0.015550983405106814,0.02812034203485137,0.14165143022546545,0.19890303061401937,0.0010167615182581358,0.012001372975646518,0.1932407013625713,0.194841539834546,1.7170051977652434e-33,0.1932407013625713,0.1872853174531709,0.31640365773692436,0.3231993598571219,0.5133603008340333,0.8032964999155855,0.5959677761249728,0.6701251027189715,0.7487858228926755,0.8073952688730767
7,2,0.6029586531241123,0.24081598212550098,0.4101600973082911,0.16885968436989626,64,1024,False,0.08933336537392057,0.08764094519820463,0.0016924201757157423,0.08842855299581813,0.08600317930606907,0.09075190506638235,0.08872885226414437,2.3238829571047808e-32,0.08764094519820463,7.776392631807176e-05,0.08732273537988564,0.08740049930620368,0.0008897423577138773,0.005479224058300928,0.005227244779055554,0.0072616737396101905,0.08077593452701352,0.05590973278250197,0.12559407735026273,-0.014328064025902205,0.028883195093057056,0.07308778962033102,0.10857416874932824,0.001983323018066585,0.012646311566641089,0.08764094519820463,0.08933336537392057,2.3238829571047808e-32,0.08764094519820463,0.08842855299581813,0.31640365773692436,0.3737731285858949,0.5133603008340333,0.5841128605258094,0.5253996358658546,0.5878047266655874,0.4657448092050931,0.5872768120396119
7,3,0.6378988561741685,0.2796655109368926,0.4488019991748281,0.212985170586375,64,1024,False,0.1273527803434724,0.12654739952762298,0.0008053808158494973,0.12416372269338179,0.12019229089345396,0.11455289355883827,0.11440033932796352,6.469895099464616e-33,0.12654739952762303,0.00017911335299714871,0.12531875740010992,0.12549787075310706,0.0014272222462604152,0.005613993708914181,0.004040166672337651,0.0067644598249373055,0.1161521242211163,0.07522058487762319,0.15388520224005336,-0.013767197961410139,0.028901172394146843,0.09349454542825697,0.1376315644083661,0.002316156831511762,0.012672241391555872,0.12654739952762298,0.1273527803434724,6.469895099464616e-33,0.12654739952762303,0.12416372269338179,0.31640365773692436,0.3265215490550055,0.3100686589919381,0.32605166747038355,0.2967474885438782,0.32082534133559343,0.4092163617518665,0.4408888772028092
7,4,0.7253252196559872,0.3812670844840177,0.543986201311782,0.32200412611347773,64,1024,False,0.088471737211484,0.08789344845951039,0.0005782887519733018,0.0860875006589066,0.08691464847538923,0.0777913095293844,0.08200208308009901,1.6690406828722574e-33,0.08789344845951039,5.430074257613502e-06,0.09000491813986014,0.0900103482141176,6.0327221984480955e-05,0.004707324616227577,0.004118333584181033,0.0058816117013445355,0.08279631489120819,0.042149058268930464,0.11343356078983834,-0.014524123959552274,0.027296371398066833,0.05961429960007081,0.09672713252075482,0.0013147107310942374,0.011173970051459037,0.08789344845951039,0.088471737211484,1.6690406828722574e-33,0.08789344845951039,0.0860875006589066,0.2959032234947137,0.2794609066103408,0.3100686589919381,0.33375421850753745,0.2967474885438782,0.31656167110473005,0.2093816651808477,0.2122824158905074
7,5,0.7952021112698388,0.5238233663099643,0.681602717971692,0.5723349964033058,64,1024,False,0.05829872093499843,0.05804317661085423,0.00025554432414422125,0.05926210550316774,0.057481922267774044,0.05388288472245599,0.05236957089471241,3.471977482979435e-34,0.05804317661085423,5.746112250382321e-10,0.05867846614575675,0.05867846672036781,9.792539872872641e-09,0.0033520069406913957,0.0036551504646131962,0.004440637122389938,0.053826771803160846,0.021240070216789045,0.08652569922812293,-0.01655617358511384,0.024926592381691204,0.038677053482388146,0.06996282038744539,-0.0007092823725542985,0.00897531840018928,0.05804317661085423,0.05829872093499843,3.471977482979435e-34,0.05804317661085423,0.05926210550316774,0.2959032234947137,0.28845500338246266,0.12681054187320426,0.13221261450980845,0.13360305385144802,0.14247427994996817,0.08703639358617085,0.08427621295873923
7,6,0.9521312555477247,0.7741315143423639,0.8697964086861198,0.7536717064504772,64,1024,False,0.03046545128346064,0.030350803743197687,0.00011464754026284599,0.030647841388935684,0.027448425431118584,0.02863752982292287,0.02521177192674273,1.2257943259380161e-33,0.030350803743197683,2.930122008142008e-05,0.029376798886903515,0.029406100106985085,0.000996433392215104,0.0012716218531178508,0.0012047425125204002,0.0013836637392021932,0.026243682918598184,0.0013443605080036003,0.05593069913784214,-0.01816033882477538,0.02117234930584892,0.018299190312973224,0.03922204471018631,-0.0028199875887366943,0.005861230434675235,0.030350803743197687,0.03046545128346064,1.2257943259380161e-33,0.030350803743197683,0.030647841388935684,0.2959032234947137,0.2905623972522103,0.03630627472523262,0.037244046299625744,0.03630627472523262,0.037244046299625744,0.03641952068578949,0.035617375961886334
7,8,0.9300057933626602,0.7551337711441886,0.8585819405298434,0.7230053925414353,64,1024,False,0.03934854527117122,0.03928404136914071,6.450390203050502e-05,0.03247564347094956,0.040812954411593785,0.009741966692048663,0.016787924987315996,5.911649668016398e-34,0.03928404136914071,4.95086731671292e-06,0.040082260544915364,0.04008721141223204,0.00012350241242278662,0.00508386220228798,0.006319007104273957,0.007546755270676336,0.034493947307319826,-0.01673671222643292,0.03622064561053025,-0.014564439097833622,0.027637289307732654,0.00017090434266719967,0.019561159999284428,0.0014710383547935635,0.01154742934886599,0.03928404136914071,0.03934854527117122,5.911649668016398e-34,0.03928404136914071,0.03247564347094956,0.2959032234947137,0.3078753742089511,0.03630627472523262,0.037072400976089236,0.03630627472523262,0.037072400976089236,0.03641952068578949,0.03762080476471588
7,9,0.8984978347723741,0.644124015435348,0.7755352785319283,0.6415235595931699,64,1024,False,0.059460041393951425,0.05937583819175617,8.420320219548776e-05,0.05205787607387629,0.05805163575434186,0.019851218891583543,0.02679025667987293,7.536439975844003e-34,0.059375838191756174,1.3823710498284548e-05,0.059173984375813934,0.0591878080863123,0.00023355672300156362,0.009962127700965735,0.009567121683545813,0.010909014034284716,0.04848451407079604,-0.008827767530621183,0.048530205313788266,-0.010721323419232973,0.03378698075963253,0.008195529291697312,0.03188533825596096,0.005594131944235414,0.017192925304698292,0.05937583819175617,0.059460041393951425,7.536439975844003e-34,0.059375838191756174,0.05205787607387629,0.2959032234947137,0.3135162872222039,0.0652685013590775,0.06967204312081124,0.058035677459736534,0.059231237736908596,0.04695083553955996,0.04299461810911762
7,10,0.8673645850021671,0.5548376208414213,0.7018945337909315,0.5451229970510998,64,1024,False,0.09517356345905993,0.0951179440039814,5.561945507882911e-05,0.0842895875489423,0.09487558817039753,0.025665524622128552,0.03495987156779745,8.120371181873357e-35,0.0951179440039814,8.851231286235258e-05,0.09825601090093164,0.0983445232137939,0.0009000227971000805,0.011131935807494562,0.010128628248066155,0.012122640552411811,0.08474695992233137,-0.004968022650415495,0.0562990718946726,-0.008943002224874305,0.03604047235765352,0.0124582306452794,0.039924278724356554,0.007459665212081745,0.019425452876021154,0.0951179440039814,0.09517356345905993,8.120371181873357e-35,0.0951179440039814,0.0842895875489423,0.2959032234947137,0.317119785441511,0.12681054187320426,0.1270615515805125,0.13360305385144802,0.134517202776289,0.14391584385091785,0.14548264601805022
7,11,0.6173010444149943,0.42866851486483304,0.5908258061752469,0.39476559835751684,64,1024,False,0.11358781632017793,0.11348028434972074,0.00010753197045741697,0.09926654786937894,0.10735468954501864,0.02770214755699539,0.034258727685375204,6.85536903626797e-36,0.11348028434972074,0.00019783914142080028,0.11663489413244331,0.11683273327386422,0.0016933537021431425,0.009486982373198692,0.009506294148948225,0.013558093188584475,0.09784839539607042,-0.0047727739994975205,0.0601770691134883,-0.008859157442628416,0.03593334573020787,0.012593288243806455,0.04374304668453988,0.007395241649646778,0.019238197317463346,0.11348028434972074,0.11358781632017793,6.85536903626797e-36,0.11348028434972074,0.09926654786937894,0.31640365773692436,0.3501007136110261,0.12681054187320426,0.13151246029158858,0.13360305385144802,0.1369355107353316,0.14391584385091785,0.14613130417898632
8,0,0.5223581096173258,0.1930445349663126,0.3630149571129296,0.16140475193044404,64,1024,False,0.18154183913129976,0.1765249795181514,0.005016859613147922,0.16784816113951054,0.18060481736080006,0.16094016648767392,0.17426931788675704,4.623214138949252e-33,0.17652497951815133,3.557880478830941e-06,0.17474764671413665,0.17475120459461493,2.0359690721929244e-05,0.003443597584457792,0.003332768327951191,0.005264513578693728,0.17727204903284888,0.11478260534767518,0.20709772762767267,-0.016186988560779245,0.02606370912681116,0.1320305038098013,0.18930611506220885,-0.00012786698061972857,0.009986586010199971,0.1765249795181514,0.18154183913129976,4.623214138949252e-33,0.17652497951815133,0.16784816113951054,0.6460012123514616,0.7207676389889269,1.2652560043191179,2.4043895978838363,1.2652560043191179,2.4043895978838363,0.7487858228926755,0.900961495229187
8,1,0.5502715971739797,0.20549706451551908,0.3745760670264757,0.19382283112921123,64,1024,False,0.11241018627472554,0.1108269116753893,0.001583274599335544,0.10855820537268115,0.10937075664757437,0.10967619163729478,0.11058521763837179,2.48976909491418e-33,0.11082691167538931,6.047173994302696e-05,0.11028899639503786,0.11034946813498082,0.0005480020970201431,0.003787679918187676,0.0035296876092555055,0.005771119055622072,0.10584106903831886,0.07158554538087816,0.1477668378937114,-0.01578261705855702,0.027119783669902253,0.08905694588611368,0.13080317600542912,0.0006665349064860493,0.0111572152673034,0.1108269116753893,0.11241018627472554,2.48976909491418e-33,0.11082691167538931,0.10855820537268115,0.46942624971299124,0.5209055569448321,0.7072229898007647,0.8269559466863814,0.5959677761249728,0.9729585193910737,0.4657448092050931,0.6129016555743523
8,2,0.5333374938122847,0.22731999503119116,0.39610978667935715,0.15474341287740484,64,1024,False,0.13102426242207957,0.12931346976921704,0.0017107926528625683,0.13641704632624482,0.12452742106477123,0.13559155320582006,0.123595157660948,1.477687476946284e-32,0.12931346976921704,0.00020358834804593017,0.1236403155236147,0.12384390387165993,0.0016439109369235472,0.004977384707748054,0.0042479421261940155,0.0063274687314044085,0.12027947893857721,0.09460725071141018,0.17657585570022993,-0.014551339519651972,0.028151913097446447,0.11276140002155444,0.16010773749439977,0.0017280523097724654,0.012096167985873763,0.12931346976921704,0.13102426242207957,1.477687476946284e-32,0.12931346976921704,0.13641704632624482,0.46942624971299124,0.6236421239455173,0.5133603008340333,0.5841128605258094,0.5253996358658546,0.5908892164731115,0.7487858228926755,0.7848075156318772
8,3,0.5611769056422438,0.2549645298839089,0.4247870164097193,0.16420296805722157,64,1024,False,0.2622297691563972,0.2613920186208248,0.0008377505355732436,0.26395541004798717,0.2545234894073038,0.2152930524891678,0.20750129124573824,3.9225740659495435e-33,0.2613920186208248,0.00018903943942805075,0.2544423099068671,0.25463134934629567,0.0007424044207964327,0.005218588049830811,0.0031157192853301582,0.005815630441087549,0.25140777012197363,0.1661496125506105,0.2644364924277251,-0.013730266058519815,0.028116786531888014,0.18469660660048248,0.24774986835836899,0.0022098846020526253,0.012089380928955507,0.2613920186208248,0.2622297691563972,3.9225740659495435e-33,0.2613920186208248,0.26395541004798717,0.46942624971299124,0.5053339147740865,0.5133603008340333,0.478061020967986,0.5253996358658546,0.478061020967986,0.5851707799578807,0.6922425699278452
8,4,0.6422294684547968,0.3418188045498386,0.5084594812309482,0.24048276420133272,64,1024,False,0.15139532230347877,0.15076990988735112,0.0006254124161271295,0.15335818571018006,0.15520479370862456,0.13999609288126044,0.14418462602111481,1.825833159403166e-34,0.15076990988735112,4.6364683011852266e-07,0.15275398460865117,0.15275444825548126,3.0352427403166355e-06,0.0039815182913820685,0.003311430563765586,0.005131537144330319,0.15189336314485896,0.09799689818954468,0.1819952875729762,-0.014933790782687648,0.026353244244882605,0.11589092745998641,0.1652575027255807,0.000778864741732832,0.010350654978537932,0.15076990988735112,0.15139532230347877,1.825833159403166e-34,0.15076990988735112,0.15335818571018006,0.31640365773692436,0.3439487534142125,0.3100686589919381,0.33375421850753745,0.2967474885438782,0.31656167110473005,0.3154645867870976,0.30074124971480803
8,5,0.7149994282917974,0.4529570295929448,0.6166961689225023,0.4166682198513241,64,1024,False,0.06968054606697094,0.06935355754183516,0.0003269885251356449,0.06859316919649616,0.0700406978235987,0.07111403942652086,0.07192514920868567,6.749691120297281e-35,0.06935355754183516,6.249463514302773e-07,0.07329058349485951,0.07329120844121073,8.526893807891941e-06,0.0033299699329294155,0.0033809881389614783,0.0044081078426870006,0.06665970968463722,0.03840970838653725,0.10381837046650448,-0.016212455397393088,0.025187459760141463,0.0556346930534346,0.08708712983207079,-0.00036515338433673605,0.009274855103285518,0.06935355754183516,0.06968054606697094,6.749691120297281e-35,0.06935355754183516,0.06859316919649616,0.2959032234947137,0.28845500338246266,0.12681054187320426,0.13221261450980845,0.13360305385144802,0.14247427994996817,0.14391584385091785,0.14872995901863628
8,6,0.87789883301159,0.6168226467064931,0.7564045395007449,0.5472568381650813,64,1024,False,0.04584221242666081,0.045644887113984456,0.00019732531267637002,0.04767061563862953,0.04293459623594567,0.04351048043845758,0.03835324373100868,1.582686429854222e-37,0.045644887113984456,8.116032122817584e-05,0.04602557831940148,0.046106738640629676,0.001760270268967943,0.001936523624596697,0.002924491133246856,0.0031268244883290515,0.04001010510269881,0.01359031829442222,0.07343064258249293,-0.018191289943344204,0.023038202788844293,0.030548882816219702,0.05667553349485388,-0.0024019018674152903,0.007144809220335446,0.045644887113984456,0.04584221242666081,1.582686429854222e-37,0.045644887113984456,0.04767061563862953,0.2959032234947137,0.2905623972522103,0.07181702684050409,0.08834405799949399,0.08096193087819817,0.09205903595805438,0.14391584385091785,0.15809437832174886
8,7,0.9300057933626602,0.7551337711441886,0.8585819405298434,0.7230053925414353,64,1024,False,0.0291684848696393,0.029068324353639645,0.0001001605159996897,0.030658187183320435,0.024005278125297163,0.030864012232069825,0.024373507761165782,1.3395857942286132e-33,0.029068324353639645,9.174189879715706e-06,0.029669120595611675,0.029678294785491298,0.0003091211926434754,0.0021383572562674005,0.0008397409934929571,0.0011993338994129303,0.023165537131804206,0.0037506809907407873,0.05797734347339886,-0.017639305107498986,0.022501447425586376,0.021043429580458906,0.04171582715935074,-0.0021184342840570025,0.006906331575009972,0.029068324353639645,0.0291684848696393,1.3395857942286132e-33,0.029068324353639645,0.030658187183320435,0.2959032234947137,0.3014921449936264,0.03630627472523262,0.029111903678474983,0.03630627472523262,0.029111903678474983,0.03641952068578949,0.03533138686862324
8,9,0.9728704555024729,0.8249368751921458,0.9006697202020927,0.8796681156361924,64,1024,False,0.016020714247231997,0.015990346404833013,3.0367842398905497e-05,0.012597002866041424,0.015334674765900056,0.008575857024498706,0.011972416471661508,1.7988483611239567e-33,0.015990346404833013,1.5823411824218857e-06,0.015613242827911026,0.01561482516909345,0.0001013358244672394,0.0020403957995167817,0.0021396328549616334,0.0027271887242545497,0.013195041910938423,-0.014837758920288881,0.031989472969286295,-0.017254321460870373,0.022642450418266027,0.0015528441945207305,0.015019680664408952,-0.0018085591073031537,0.007107950055797119,0.015990346404833013,0.016020714247231997,1.7988483611239567e-33,0.015990346404833013,0.012597002866041424,0.17741285266662668,0.2009579740667103,0.015408542628843301,0.018220082391645177,0.015408542628843301,0.018220082391645177,0.015408542628843301,0.018220082391645177
8,10,0.9329985011353279,0.6815614272972645,0.803626491259787,0.7318511228854044,64,1024,False,0.04583777088507245,0.04581582180476723,2.1949080305303066e-05,0.040362823707849105,0.04730605045119618,0.01809831109915721,0.026173357526416446,1.8245832308692585e-36,0.04581582180476723,1.1663408889164515e-05,0.04585099717341457,0.04586266058230361,0.0002543116500673516,0.0037091414645567984,0.0035710697144483304,0.004773051349971643,0.04373498073674785,-0.00936153511275517,0.04555815731106959,-0.015564974055856311,0.026056510185903953,0.007583706283185165,0.028944480371137615,0.0002840505403582938,0.010040216380730271,0.04581582180476723,0.04583777088507245,1.8245832308692585e-36,0.04581582180476723,0.040362823707849105,0.2959032234947137,0.317119785441511,0.03675925856746008,0.03689833446757628,0.03675925856746008,0.03689833446757628,0.03641952068578949,0.03689833446757628
8,11,0.6390968810061033,0.5031651418576999,0.6611627729728061,0.5024210305652814,64,1024,False,0.10581282387033679,0.10572419783646558,8.86260338712112e-05,0.09462550838807882,0.10041652891369147,0.02450441187420714,0.0311856878217591,3.4393002296130168e-34,0.10572419783646558,2.0193001531883766e-05,0.10373529765186858,0.10375549065340016,0.00019462104033934346,0.0035237798167448878,0.0038003957290584853,0.006651057205160916,0.096616133184633,-0.005907127409558937,0.05491595115797322,-0.01490655801552903,0.027457380140166625,0.011376288297469728,0.03854257374041481,0.00102071253786562,0.01121495031111408,0.10572419783646558,0.10581282387033679,3.4393002296130168e-34,0.10572419783646558,0.09462550838807882,0.31640365773692436,0.3501007136110261,0.12681054187320426,0.13151246029158858,0.13360305385144802,0.1369355107353316,0.14391584385091785,0.14613130417898632
9,0,0.47687741382007326,0.189700331977419,0.359868027424879,0.15858777741797547,64,1024,False,0.13772758264978674,0.1327053549612755,0.005022227688510449,0.12500734190420165,0.136545529084723,0.12387755839532218,0.13640519846815802,2.5581284856944987e-34,0.1327053549612755,9.775942510662144e-06,0.13103923377226112,0.13104900971477185,7.459760689485164e-05,0.0024792365063410577,0.003495954733906914,0.005397532725546052,0.1330495743508161,0.08223070717475052,0.16552440961589382,-0.016883026992665605,0.024993086261774176,0.09929247911350103,0.14789478700549807,-0.0008996109681902453,0.009002264589071274,0.1327053549612755,0.13772758264978674,2.5581284856944987e-34,0.1327053549612755,0.12500734190420165,0.8314461159170677,1.0669257072546898,1.2652560043191179,2.4043895978838363,1.2652560043191179,2.4043895978838363,0.7487858228926755,0.900961495229187
9,1,0.5058181639693814,0.20069132131608336,0.3709085586359705,0.17198650212020453,64,1024,False,0.13068307672329524,0.12908309326362868,0.001599983459666599,0.12338052509458136,0.1257965572233854,0.12007408554560806,0.12413737332056468,2.3482402424634005e-34,0.12908309326362868,3.5723691759646666e-05,0.12652736369975176,0.12656308739151179,0.0002822599582225627,0.0026526303009828506,0.0029033207967977138,0.0051001685595175785,0.12289323642658768,0.08001837530374911,0.160129795787467,-0.016659291941478766,0.02577337200699577,0.0978688448885805,0.14341878873528913,-0.0003301957040093839,0.009870670342934318,0.12908309326362868,0.13068307672329524,2.3482402424634005e-34,0.12908309326362868,0.12338052509458136,0.6460012123514616,0.6908818878528311,0.7448496813667567,1.1196720049682596,0.7448496813667567,1.1196720049682596,0.4657448092050931,0.6129016555743523
9,2,0.48754049286665074,0.21983603631534226,0.38876920197723575,0.1159425190964607,64,1024,False,0.1418994743117706,0.14015916620335653,0.001740308108413534,0.14237174362487814,0.14216400799602003,0.13652254494510999,0.1367900403479263,5.591425301512938e-33,0.14015916620335653,6.881494888906487e-05,0.13700032367805906,0.13706913862694808,0.0005020455339429389,0.0041713040352265775,0.0035946602451494628,0.005581545354022405,0.13856934775087057,0.09484174403536351,0.17820334585485648,-0.015243904663676401,0.02718015785596206,0.11290031893440755,0.1616119835016434,0.0009737235668580979,0.011174169347214047,0.14015916620335653,0.1418994743117706,5.591425301512938e-33,0.14015916620335653,0.14237174362487814,0.6460012123514616,0.7216485778165282,0.5133603008340333,0.5841128605258094,0.5253996358658546,0.604174834357645,0.7550134043997063,0.8348313731876703
9,3,0.5168960001495547,0.24159812813781106,0.41217483227779056,0.14262434650049965,64,1024,False,0.24393043980262558,0.24308080983230052,0.0008496299703264409,0.24311134267327145,0.24585432148831932,0.19497053472609033,0.1944333087570377,2.2834873982513677e-35,0.24308080983230052,2.8641578047614138e-05,0.24096268093843062,0.24099132251647737,0.00011884900148492201,0.004009860157132496,0.002246644441034154,0.004877682790950066,0.24360767704728517,0.14717677248860375,0.2427642969635769,-0.01485092579197957,0.02677628686534801,0.16550699955405435,0.22596853401046246,0.001002306118607521,0.01075973442493705,0.24308080983230052,0.24393043980262558,2.2834873982513677e-35,0.24308080983230052,0.24311134267327145,0.6460012123514616,0.7054923886388524,0.5133603008340333,0.526167318876482,0.5253996358658546,0.5520559490805347,0.7487858228926755,0.7785313805526405
9,4,0.5993286789881047,0.31796006712371794,0.484544889134956,0.19581065851844615,64,1024,False,0.18863869602578018,0.18799181709815885,0.0006468789276220363,0.19583341979191535,0.1959009704729321,0.162868811742101,0.1663507203263522,2.9103421580384362e-33,0.18799181709815882,2.65698767167876e-06,0.19261213322190573,0.19261479020957692,1.379430763747577e-05,0.0030140970610915466,0.00236563959259298,0.004079723097493864,0.1935353308803391,0.1177466044711682,0.2079910190130338,-0.01592557473231137,0.02524928387121192,0.13579465662041912,0.19114025642193155,-0.0002478862224961631,0.009260312712285668,0.18799181709815885,0.18863869602578018,2.9103421580384362e-33,0.18799181709815882,0.19583341979191535,0.31640365773692436,0.3439487534142125,0.3100686589919381,0.33375421850753745,0.2967474885438782,0.31656167110473005,0.4092163617518665,0.46850330798303774
9,5,0.6738028944191142,0.41507426247304446,0.5760437541518246,0.38529932647996795,64,1024,False,0.0851046159637669,0.08476467217865932,0.0003399437851072938,0.08665813878575693,0.08650061443368616,0.08599828993482542,0.08634118944588567,1.0410855055628253e-33,0.08476467217865932,9.32502375065613e-08,0.08895540826466308,0.08895550151490055,1.0482795995584528e-06,0.0022559449284708442,0.0017834186867966297,0.002876648822123057,0.08471719574688953,0.05055506014311478,0.12144151972653605,-0.01705795934944894,0.024058767929905057,0.06805401383462595,0.10476461642247159,-0.0012795294387615286,0.008209665364120156,0.08476467217865932,0.0851046159637669,1.0410855055628253e-33,0.08476467217865932,0.08665813878575693,0.2959032234947137,0.28845500338246266,0.12681054187320426,0.13914828086116313,0.13360305385144802,0.14247427994996817,0.14391584385091785,0.14872995901863628
9,6,0.8406097709914969,0.5423208764150722,0.689446924882672,0.47936791686701546,64,1024,False,0.03890085666511075,0.03868005428867348,0.000220802376437404,0.039060723178383314,0.035076673441126485,0.0370514736987172,0.03352650668104525,4.523732538787862e-33,0.03868005428867348,2.1616589497665283e-05,0.03825535768610344,0.03827697427560129,0.000564741333576208,0.001609098544896006,0.0017364737697244024,0.0023152719480325798,0.03334019967140208,0.00828945517595707,0.06581349222147732,-0.018003443465256987,0.02291310496238398,0.025409369569388218,0.04923311647144146,-0.002271063487569336,0.007114984109648503,0.03868005428867348,0.03890085666511075,4.523732538787862e-33,0.03868005428867348,0.039060723178383314,0.2959032234947137,0.2905623972522103,0.12681054187320426,0.13216483451453187,0.13360305385144802,0.14094757061182522,0.14391584385091785,0.15809437832174886
9,7,0.8984978347723741,0.644124015435348,0.7755352785319283,0.6415235595931699,64,1024,False,0.040280252505764,0.040154427228847836,0.00012582527691629055,0.041843795005243635,0.033853710618988835,0.04072852100048002,0.03252178241123753,6.154794685627615e-34,0.040154427228847836,1.0431210973244882e-07,0.04083205236208705,0.040832156674196735,2.554655894489337e-06,0.002439068397439603,0.00013011112113767745,0.0006650902204028689,0.033723599497851156,0.011779325839705694,0.06967771616125434,-0.017225672290804815,0.023062638335502213,0.02928811707533896,0.053477902700251434,-0.0016398845618823543,0.00744272353767883,0.040154427228847836,0.040280252505764,6.154794685627615e-34,0.040154427228847836,0.041843795005243635,0.2959032234947137,0.3014921449936264,0.0652685013590775,0.07235690254186897,0.058035677459736534,0.06127405395063512,0.04695083553955996,0.05205787607387629
9,8,0.9728704555024729,0.8249368751921458,0.9006697202020927,0.8796681156361924,64,1024,False,0.01878137388766349,0.018745634987042174,3.5738900621219694e-05,0.018220082391645177,0.017609771830549244,0.015911120713684355,0.01461872949061214,2.6280538982608463e-33,0.01874563498704217,1.424016337650924e-06,0.019164597935862795,0.019166021952200487,7.429900378922554e-05,0.0004491001594009986,-1.8201616523220755e-05,2.2104355748316375e-05,0.017627973447072464,-0.008696364315919497,0.04051860574328821,-0.018210951726347308,0.019830504494058956,0.008235434819653165,0.024080102899461053,-0.003276838055171538,0.004941731873259414,0.018745634987042174,0.01878137388766349,2.6280538982608463e-33,0.01874563498704217,0.018220082391645177,0.17741285266662668,0.20015467699162404,0.015408542628843301,0.012597002866041424,0.015408542628843301,0.012597002866041424,0.015408542628843301,0.012597002866041424
9,10,0.9617226802271953,0.8054480458772528,0.8897373456061641,0.8146389724826241,64,1024,False,0.035158296871216126,0.0351530557655194,5.241105696774544e-06,0.033015847056296656,0.0340975861636721,0.011963593758575784,0.012213393465735462,1.0590360556967684e-33,0.0351530557655194,3.149298014206767e-06,0.0356820821703151,0.035685231468329366,8.825213917981079e-05,0.0008145071096234219,0.0005577344596240965,0.0012862932949662142,0.033539851704048,-0.013852302390411787,0.03777948990756336,-0.01736465073982065,0.02100547351813673,0.003302491968497634,0.02153859236568678,-0.002365295644267462,0.005966486940451432,0.0351530557655194,0.035158296871216126,1.0590360556967684e-33,0.0351530557655194,0.033015847056296656,0.2959032234947137,0.317119785441511,0.02382641902924889,0.015151358753295908,0.02382641902924889,0.015151358753295908,0.02382641902924889,0.015151358753295908
9,11,0.6786986548601971,0.5749909397398781,0.7266339591474907,0.5703523711730574,64,1024,False,0.0770227885918492,0.0769485355075719,7.42530842773898e-05,0.06899160890254682,0.06665668478062474,0.014696145433099874,0.013410502749273457,1.2536459210875291e-33,0.0769485355075719,2.975138991859483e-05,0.07393413777652877,0.07396388916644728,0.00040224209751386556,0.000999779741863486,0.00037419932786010574,0.0028109144758832016,0.06628248545276463,-0.013604798944279939,0.042997089810479686,-0.01691898257510265,0.023483603057667623,0.0037329373371903785,0.026772699093271513,-0.001411136909155175,0.007735073450021446,0.0769485355075719,0.0770227885918492,1.2536459210875291e-33,0.0769485355075719,0.06899160890254682,0.2959032234947137,0.3053132962760346,0.12681054187320426,0.13151246029158858,0.08096193087819817,0.08495203820341528,0.08703639358617085,0.0896142199695457
10,0,0.5139770804837634,0.18677255003068705,0.3592714474450245,0.15200296937622915,64,1024,False,0.08229108494144387,0.0772296622916624,0.00506142264978115,0.07742429063889876,0.08185676740788725,0.07952510839595184,0.08380800454893594,4.195445876450042e-33,0.0772296622916624,1.879366798819239e-06,0.07898710094465249,0.07898898031145134,2.379277199691588e-05,0.0020278389963821384,0.004505055187684236,0.00626502233400693,0.07735171222020301,0.04500142296201069,0.11404879382989298,-0.017443884272913997,0.02462310600719079,0.06184532309998758,0.09679367524950067,-0.0014051581965759397,0.008604208640463185,0.0772296622916624,0.08229108494144387,4.195445876450042e-33,0.0772296622916624,0.07742429063889876,0.6460012123514616,0.7207676389889269,1.2652560043191179,2.4043895978838363,1.2652560043191179,2.4043895978838363,0.7487858228926755,0.900961495229187
10,1,0.5391580279232309,0.19619810733910245,0.36721991860784753,0.15316118225118752,64,1024,False,0.11274062016980745,0.1111097653717869,0.0016308547980200723,0.10958399280753048,0.10826476521341402,0.1085184922379976,0.10776455450165126,3.100004571876893e-33,0.11110976537178692,6.086325898619758e-06,0.11266514211237491,0.11267122843827347,5.4018456912042364e-05,0.0029133260574592617,0.003803682604613772,0.006035898498149453,0.10446108260880024,0.07061080499005627,0.14642617948593895,-0.01642420385784517,0.02603788449889188,0.08788408579130191,0.1292995360272471,-9.450344077777117e-05,0.01011725072748959,0.1111097653717869,0.11274062016980745,3.100004571876893e-33,0.11110976537178692,0.10958399280753048,0.46942624971299124,0.5209055569448321,0.7448496813667567,1.1196720049682596,0.7448496813667567,1.1196720049682596,0.7487858228926755,0.8073952688730767
10,2,0.519147405239464,0.21273335546337002,0.3808824295664114,0.07249428469736531,64,1024,False,0.08871263491576582,0.08693182017777093,0.001780814737994763,0.09056756456711008,0.08507888791759224,0.09327029312869947,0.0883856557330947,1.2166745292551991e-32,0.08693182017777097,7.505548940091958e-05,0.08568806844396584,0.08576312393336688,0.0008751487347782884,0.00424456001726958,0.004253034596902376,0.006178904687591905,0.08082585332068987,0.0593628079757907,0.12717777828160826,-0.015290169462728605,0.02711727377236537,0.07663904200308025,0.11030013365234481,0.0009510512027190998,0.011126425277325325,0.08693182017777093,0.08871263491576582,1.2166745292551991e-32,0.08693182017777097,0.09056756456711008,0.6460012123514616,0.7216485778165282,0.5133603008340333,0.5841128605258094,0.5959677761249728,0.7163611078816248,0.7550134043997063,0.8348313731876703
10,3,0.5506435387815342,0.23564062614047593,0.40715934786386454,0.08466823177421626,64,1024,False,0.1706528242138295,0.16976627940607852,0.0008865448077520169,0.17218977852266146,0.16528974323204698,0.1616085448056777,0.15584985459917805,1.7202653638268536e-33,0.16976627940607852,4.519737506662335e-05,0.1649962830596656,0.16504148043473182,0.00027385463913417416,0.0043895214733178384,0.002332814237720744,0.004793900334682264,0.16295692899432623,0.11811326513547908,0.20510382447587633,-0.014752196732346854,0.02698330032014192,0.13635087674629176,0.1885321557710995,0.0011133862062706612,0.010928655319730751,0.16976627940607852,0.1706528242138295,1.7202653638268536e-33,0.16976627940607852,0.17218977852266146,0.46942624971299124,0.5053339147740865,0.5133603008340333,0.526167318876482,0.5253996358658546,0.5520559490805347,0.7550134043997063,0.8242330174067206
10,4,0.6281937165205381,0.3033741776755474,0.4694450779520578,0.20796387934778301,64,1024,False,0.1273025661205075,0.1266458667021651,0.0006566994183433593,0.13175274119477967,0.12625143856747173,0.12521561715281038,0.12028821822774324,6.08042409835429e-34,0.1266458667021651,1.413506564115313e-07,0.12741605074951912,0.1274161921001751,1.109361801523631e-06,0.0033396864416096734,0.0023243330839867755,0.003925315407039592,0.12392710548348496,0.08551572810768308,0.16491550619793766,-0.015986872137616737,0.025426972278390532,0.10315721209917683,0.14802194233925547,-0.0002983584126923233,0.009327667488832958,0.1266458667021651,0.1273025661205075,6.08042409835429e-34,0.1266458667021651,0.13175274119477967,0.31640365773692436,0.3439487534142125,0.3100686589919381,0.33375421850753745,0.2967474885438782,0.31656167110473005,0.4092163617518665,0.46850330798303774
10,5,0.6928079334734298,0.38473848113653963,0.5453035465170698,0.3315031421887335,64,1024,False,0.10021791609451038,0.09983836388278422,0.00037955221172608573,0.10369564653108702,0.09294432342353111,0.09910144958404961,0.08872816336974235,9.758815958520289e-35,0.09983836388278422,3.5560616820337135e-05,0.0982397346681605,0.09827529528498088,0.0003618469597798477,0.0025040031498064024,0.0016708083869689636,0.0029028763614571055,0.09127351503656214,0.06239169033606574,0.1358112088320335,-0.017147206898702843,0.024321263772379285,0.08032052330236183,0.11949694410577649,-0.0013229654505266808,0.008348876624950208,0.09983836388278422,0.10021791609451038,9.758815958520289e-35,0.09983836388278422,0.10369564653108702,0.2959032234947137,0.28845500338246266,0.3100686589919381,0.32076807531199253,0.2967474885438782,0.3109061824217059,0.2093816651808477,0.1968904642948042
10,6,0.8228771499130038,0.48173603824560507,0.6347591827369055,0.4283680878121779,64,1024,False,0.0531797958123946,0.052920239121598794,0.0002595566907960139,0.052786394310947005,0.04503277197145489,0.053799880290793044,0.046578434739415496,1.836517491161092e-33,0.052920239121598794,2.7884584833701703e-06,0.053593312304862056,0.053596100763345506,5.2027263992256754e-05,0.0017476140135879875,0.0009367980870694171,0.002066786765781186,0.04409597388438547,0.022988087221634666,0.08461167335995143,-0.01772391908035702,0.02337998727086493,0.04029545851517469,0.06804457931139041,-0.001988072137464769,0.007492175973311532,0.052920239121598794,0.0531797958123946,1.836517491161092e-33,0.052920239121598794,0.052786394310947005,0.2959032234947137,0.2905623972522103,0.12681054187320426,0.13216483451453187,0.13360305385144802,0.14094757061182522,0.14391584385091785,0.15809437832174886
10,7,0.8673645850021671,0.5548376208414213,0.7018945337909315,0.5451229970510998,64,1024,False,0.06575057041741075,0.06557093775640091,0.0001796326610100872,0.07013554911104163,0.05601885386767262,0.07037506123463104,0.05694102751238206,7.398652474358006e-36,0.06557093775640091,5.947917018947047e-09,0.06782356163607041,0.06782356758398747,8.769690582232504e-08,0.0022758388459857507,-0.0005916150027276732,0.0006722094400646929,0.0566104688704003,0.03751282287940967,0.10323729958985241,-0.01726332211104798,0.023501411780325117,0.055294126002991106,0.08702561119571328,-0.0015770459431223571,0.007728247670456767,0.06557093775640091,0.06575057041741075,7.398652474358006e-36,0.06557093775640091,0.07013554911104163,0.2959032234947137,0.3014921449936264,0.12681054187320426,0.13188291889892528,0.13360305385144802,0.14061195678372213,0.14391584385091785,0.14877172543762598
10,8,0.9329985011353279,0.6815614272972645,0.803626491259787,0.7318511228854044,64,1024,False,0.03260009008563779,0.03249082989125215,0.0001092601943857818,0.03315569342707106,0.028566993109164978,0.034214219349453026,0.029512842926723883,1.1908412172057316e-34,0.03249082989125215,8.623841795024964e-06,0.033087063030991654,0.033095686872786766,0.00026057298125200715,0.0009886517352550512,0.00042586757543639506,0.0010744149652472286,0.02814112553372858,0.007049855298497915,0.06137858340040814,-0.018236255594367576,0.021635658763250208,0.024157990235835314,0.04497571799583966,-0.0027986990462522954,0.006103925254137721,0.03249082989125215,0.03260009008563779,1.1908412172057316e-34,0.03249082989125215,0.03315569342707106,0.2959032234947137,0.3078753742089511,0.03675925856746008,0.040362823707849105,0.03675925856746008,0.040362823707849105,0.03641952068578949,0.03762080476471588
10,9,0.9617226802271953,0.8054480458772528,0.8897373456061641,0.8146389724826241,64,1024,False,0.015703115197060184,0.015617540169852721,8.557502720752277e-05,0.014636991002201123,0.013351184587013001,0.016365510487909865,0.015463087194374758,3.3948343590570047e-34,0.015617540169852721,2.4440493506403543e-06,0.015750919621397706,0.015753363670748317,0.00015514460287478763,-7.851670060336721e-05,-0.0004119099849403754,5.4693258620451104e-05,0.013763094571953377,-0.0069376162722049745,0.039668637248024705,-0.019097807231953406,0.019361631744896798,0.009612109141016845,0.022956708184210584,-0.00409063419647282,0.004268398792191874,0.015617540169852721,0.015703115197060184,3.3948343590570047e-34,0.015617540169852721,0.014636991002201123,0.2959032234947137,0.3135162872222039,0.02382641902924889,0.033015847056296656,0.02382641902924889,0.033015847056296656,0.02382641902924889,0.033015847056296656
10,11,0.7155036826190795,0.6856231759786502,0.812367342291411,0.7348688576105089,64,1024,False,0.028854740368882508,0.02879088190118244,6.385846770023653e-05,0.023720794881005577,0.024571044350618028,0.010592571235024429,0.01052739456284716,5.776610736051309e-35,0.02879088190118244,3.465376871082344e-05,0.02972171537341068,0.029756369142121483,0.0011645832374679566,-0.00018900912343328098,-0.00011651166095153083,0.0016012339477027924,0.024687556011569557,-0.015015661701205583,0.036200804171254444,-0.018373395120550057,0.020912014689973363,0.001925954085891135,0.019713982685061637,-0.0031132057556533255,0.0055492292158305645,0.02879088190118244,0.028854740368882508,5.776610736051309e-35,0.02879088190118244,0.023720794881005577,0.2959032234947137,0.3053132962760346,0.03630627472523262,0.038233624372187185,0.03630627472523262,0.038233624372187185,0.03641952068578949,0.03823362437218719
11,0,0.46764309829341716,0.1754766696975516,0.34707141353202975,0.13888330031029583,64,1024,False,0.13113937833784065,0.12607450667504155,0.005064871662798979,0.13420984933498797,0.12409015382819445,0.12304958212266193,0.11728581111329921,2.317681428445099e-34,0.12607450667504155,1.0172148650305064e-05,0.12433225878880957,0.12434243093746047,8.180754207243438e-05,0.004458521694271833,0.005856266742602672,0.008099297501623519,0.11823388708559178,0.08099905845763071,0.16510010578769313,-0.014991813350465674,0.0278223616548671,0.09884443695045775,0.14831272228911985,0.0011762817375711165,0.011646158767689485,0.12607450667504155,0.13113937833784065,2.317681428445099e-34,0.12607450667504155,0.13420984933498797,1.132707227397788,2.131204605460588,1.2652560043191179,2.4043895978838363,1.2652560043191179,2.4043895978838363,0.7550134043997063,0.900961495229187
11,1,0.48433033195141934,0.1970381451476993,0.3683891252114567,0.12374305565791095,64,1024,False,0.12725413103907707,0.12561100878698478,0.0016431222520928337,0.12747290819064344,0.11508609090766532,0.12517692912399617,0.115056463738378,7.899911887007525e-35,0.12561100878698478,9.306356375422138e-07,0.12165278851275832,0.12165371914839614,7.649874118579161e-06,0.0035921850125037575,0.0035365761889932117,0.005838687772014871,0.11154951471867211,0.08484164037263153,0.1655122178753608,-0.015765901076021993,0.026845821003424752,0.10284517272521043,0.1489399648780818,0.0005082142597530037,0.010824680895893835,0.12561100878698478,0.12725413103907707,7.899911887007525e-35,0.12561100878698478,0.12747290819064344,0.6460012123514616,0.8858971771839255,0.7448496813667567,1.1196720049682596,0.7448496813667567,1.1196720049682596,0.7550134043997063,0.8073952688730767
11,2,0.4754839300318139,0.2052487008803888,0.37633588769028153,0.013517536946517904,64,1024,False,0.13628766162551925,0.1344711152293993,0.00181654639612094,0.13822133362961778,0.13117941738449496,0.13920919003094218,0.1326237963589822,7.708864150422619e-33,0.13447111522939934,2.544962749924329e-05,0.12989329096688304,0.12991874059438213,0.0001958888100578137,0.005639690173735215,0.004586043593510236,0.006891730147854057,0.12659337379098473,0.09814510183150073,0.18027327823038364,-0.013576767955725641,0.02898604134284658,0.11616649604548002,0.1636548966926057,0.0026835062526515685,0.012976414829608984,0.1344711152293993,0.13628766162551925,7.708864150422619e-33,0.13447111522939934,0.13822133362961778,0.8314461159170677,1.0625210433462178,0.7072229898007647,0.7741472350853095,0.5959677761249728,0.7163611078816248,1.0422454247759343,1.343586788491373
11,3,0.4982490273418903,0.22240755589267708,0.395446319096461,0.0637719956349511,64,1024,False,0.21255882586095495,0.21166520553504592,0.0008936203259083738,0.21601461400617863,0.2036594409154707,0.17935646721742407,0.16519138098206673,2.582602721945285e-34,0.21166520553504592,2.0131097367772307e-05,0.20865417932667446,0.2086743104240414,9.647137362938663e-05,0.006005389889385204,0.0025543703304164002,0.005680775473639863,0.2011050705850543,0.1332552951204664,0.22545763931438173,-0.013023689404313274,0.029489701495691877,0.15176852092554327,0.20897289936692687,0.002990797656821087,0.013261665291793179,0.21166520553504592,0.21255882586095495,2.582602721945285e-34,0.21166520553504592,0.21601461400617863,0.6460012123514616,0.7054923886388524,0.5133603008340333,0.526167318876482,0.5253996358658546,0.5520559490805347,0.7550134043997063,0.8242330174067206
11,4,0.5460407678014101,0.26893602208130024,0.43861602192308924,0.14185488404016594,64,1024,False,0.14826795806220944,0.1475897141878423,0.0006782438743675497,0.15032191005798748,0.14602737567925414,0.13456740443203793,0.1327671321558412,2.0783143364120152e-35,0.1475897141878423,9.630438511851013e-06,0.1499659794990553,0.14997560993756728,6.421336453213977e-05,0.004589450493286471,0.003148675215279358,0.0055344806158913054,0.14287870046397477,0.09300776020195803,0.17612704866211784,-0.01425966952196037,0.02790405159085305,0.1109093055856647,0.15943548596987966,0.0015730360537418164,0.011622982245171443,0.1475897141878423,0.14826795806220944,2.0783143364120152e-35,0.1475897141878423,0.15032191005798748,0.46942624971299124,0.4906998723566582,0.5133603008340333,0.4907535592068705,0.5253996358658546,0.49975959456846536,0.7487858228926755,0.7462511158745571
11,5,0.5777369780074643,0.3282232138159802,0.4945985015065739,0.30671944358996445,64,1024,False,0.13607689070914963,0.13569640298584393,0.000380487723305669,0.1356159662169017,0.12643057090197476,0.11723263678733163,0.11245174682512349,5.304974566795182e-35,0.13569640298584393,3.9571749171319346e-05,0.13083633277013473,0.13087590451930595,0.0003023608456931962,0.003626908168945471,0.002366773117661253,0.004504213253847816,0.1240637977843135,0.07806597474825337,0.1563992988264099,-0.01533378241726347,0.026899132846878067,0.09595328915747814,0.1399113807856338,0.0005738780382671393,0.010659047838998958,0.13569640298584393,0.13607689070914963,5.304974566795182e-35,0.13569640298584393,0.1356159662169017,0.46942624971299124,0.49168026861273056,0.3100686589919381,0.32076807531199253,0.2967474885438782,0.3109061824217059,0.2093816651808477,0.1968904642948042
11,6,0.6092183254174012,0.38838603870727484,0.549824226249197,0.35171963241331844,64,1024,False,0.0767579420831082,0.07648440430542755,0.000273537777680508,0.0748534124285886,0.07506804329788361,0.06915913510370376,0.0692852177381515,1.3055451108568986e-34,0.07648440430542755,2.837086193234655e-06,0.08084945335406704,0.0808522904402604,3.5089744245784876e-05,0.003941615999723718,0.0016476067241506696,0.004412659629578152,0.07342043657373294,0.03511067655256156,0.10320759365484597,-0.014636962902472534,0.02720826519165143,0.05271947293658741,0.08673972779797623,0.0012047377895214595,0.011080080621468369,0.07648440430542755,0.0767579420831082,1.3055451108568986e-34,0.07648440430542755,0.0748534124285886,0.31640365773692436,0.2905623972522103,0.3100686589919381,0.31995968663274105,0.2967474885438782,0.3049805020354767,0.14391584385091785,0.18246896709358476
11,7,0.6173010444149943,0.42866851486483304,0.5908258061752469,0.39476559835751684,64,1024,False,0.08788596014630441,0.08767639163433637,0.0002095685119679908,0.09144321733638304,0.08389745465990396,0.08455294558275916,0.07731468575956044,2.3900713572647825e-34,0.08767639163433637,1.2184876575600195e-06,0.09407020756373659,0.09407142605139418,1.295279245468567e-05,0.0034715937636842793,0.0009291489248720942,0.00394956976734798,0.08296830573503186,0.04884128401308334,0.12026460715243499,-0.014840256601324365,0.02677126753217202,0.06675969545904081,0.10400757766910829,0.0010092904049088247,0.0107530303648673,0.08767639163433637,0.08788596014630441,2.3900713572647825e-34,0.08767639163433637,0.09144321733638304,0.31640365773692436,0.3014921449936264,0.12681054187320426,0.13188291889892528,0.13360305385144802,0.14061195678372213,0.14391584385091785,0.14877172543762598
11,8,0.6390968810061033,0.5031651418576999,0.6611627729728061,0.5024210305652814,64,1024,False,0.06882984977480432,0.06867567110284933,0.00015417867195474577,0.0712678955135863,0.0732663083043561,0.05912426336025154,0.061645864896489946,2.9193331693908136e-35,0.06867567110284933,1.8225026481491727e-06,0.07308584470415093,0.07308766720679913,2.4935843731233915e-05,0.002486490370555203,0.002735916031749894,0.004643670999179309,0.0705303922726062,0.02658256167276799,0.09166596504773508,-0.01618001030920922,0.025087183632924216,0.04390486174088437,0.07501984068221645,-0.0004965267580701038,0.0090653387378552,0.06867567110284933,0.06882984977480432,2.9193331693908136e-35,0.06867567110284933,0.0712678955135863,0.31640365773692436,0.33277058028079765,0.12681054187320426,0.1252375575592037,0.13360305385144802,0.13236157347837868,0.14391584385091785,0.14330670078056001
11,9,0.6786986548601971,0.5749909397398781,0.7266339591474907,0.5703523711730574,64,1024,False,0.05487068896958461,0.054738957917075795,0.00013173105250846565,0.05472806657033876,0.058556261336518846,0.047271822732078535,0.051443354297072585,8.172876312001673e-36,0.054738957917075795,7.974527934630566e-06,0.057153448087293744,0.057161422615228316,0.00013950891300081253,0.002821083592206734,0.0021887477837590316,0.0037475125127641225,0.05636751355275981,0.017054766101142118,0.07748887936301495,-0.016350482527510257,0.024821274530725544,0.03408283078169916,0.060659433336695656,-0.0006422346705221571,0.00886966194229899,0.054738957917075795,0.05487068896958461,8.172876312001673e-36,0.054738957917075795,0.05472806657033876,0.2959032234947137,0.3135162872222039,0.12681054187320426,0.12849083237716533,0.08096193087819817,0.0897065523141513,0.08703639358617085,0.09165186887414686
11,10,0.7155036826190795,0.6856231759786502,0.812367342291411,0.7348688576105089,64,1024,False,0.02823125464848598,0.028192108824210593,3.9145824275453935e-05,0.029603334973009102,0.03161353072397223,0.024526170489442674,0.02684439871489829,1.6741472379715515e-35,0.028192108824210593,6.428821972344435e-06,0.029037633583851634,0.029044062405823832,0.00022134720282984056,0.00211680575890106,0.0030986343227854154,0.004396489066180479,0.028514896401186814,-0.0015861665507175826,0.05063850752960293,-0.016078597830327546,0.023365706075306258,0.015072051821334753,0.03369940673292149,-0.0007822850602678955,0.007942789743538015,0.028192108824210593,0.02823125464848598,1.6741472379715515e-35,0.028192108824210593,0.029603334973009102,0.2959032234947137,0.317119785441511,0.03630627472523262,0.03689833446757628,0.03630627472523262,0.03689833446757628,0.03641952068578949,0.03689833446757628
