source,target,cka,cca_shared,procrustes_shared,probe_cosine,metric_rank,metric_examples,full_dim_cca_saturation_possible,train_raw,train_geometry,residual_correction,cal_raw,test_raw,cal_clipped,test_clipped,train_mean_term,train_variance_term,test_mean_term,test_variance_term,test_geometry,mean_fraction,aligned_cal_raw,aligned_test_raw,aligned_test_clipped,alignment_raw_reduction,bernstein_lo,bernstein_hi,bernstein_aligned_lo,bernstein_aligned_hi,betting_lo,betting_hi,betting_aligned_lo,betting_aligned_hi,prediction__training_geometry,prediction__direct_training,prediction__mean_only,prediction__variance_only,prediction__direct_calibration,prediction__cka_common,prediction__cka_held_target,prediction__cca_shared_common,prediction__cca_shared_held_target,prediction__procrustes_shared_common,prediction__procrustes_shared_held_target,prediction__probe_cosine_common,prediction__probe_cosine_held_target
0,1,0.96583136120262,0.4135857405576681,0.5757919177153884,0.1935314333150224,64,1024,False,0.7834125265023997,0.7832985609063908,0.00011396559600391417,0.7899677651125022,0.779024824827738,0.18383080340784444,0.17689835923184047,8.035917869858682e-34,0.7832985609063908,2.3517876440402318e-07,0.7812899658091418,0.7812902009879064,3.010133291146493e-07,0.011010842099719385,0.009778258001702482,0.012246383080393736,0.7692465668260355,0.1331767558037309,0.23448485101195798,-0.01068072682747751,0.03716557673978587,0.15148588398005813,0.21745552064385265,0.006263608956942335,0.02065878333087312,0.7832985609063908,0.7834125265023997,8.035917869858682e-34,0.7832985609063908,0.7899677651125022,0.3637967084035761,0.3363302545939982,0.35458046901724954,0.33908189855160553,0.3386488272753391,0.30915937157043094,0.6325944453993094,0.757501538905486
0,2,0.9584304740932098,0.33899352831601637,0.5022587603908506,0.15796962125300906,64,1024,False,1.1476289486556062,1.1474911584146228,0.00013779024098635015,1.1200349843299011,1.1498400644936058,0.2391417155878965,0.24364587594307224,1.8698502882821361e-34,1.1474911584146228,1.7789254160535167e-06,1.1591837742677937,1.1591855531932096,1.534633873889395e-06,0.014277764295334705,0.011854272565213644,0.014710529014746341,1.1379857919283922,0.18521281677592677,0.2930706143998662,-0.0068326217691052,0.04046817653142994,0.203197636808909,0.2754612841818016,0.010030334844486788,0.02386225646478124,1.1474911584146228,1.1476289486556062,1.8698502882821361e-34,1.1474911584146228,1.1200349843299011,0.3637967084035761,0.313380823341821,0.35458046901724954,0.3343366638382183,0.3386488272753391,0.31813438080491274,0.8076039405155461,0.7034602592440944
0,3,0.9213552738437812,0.27172140053191135,0.44145971028585673,0.04120212155561582,64,1024,False,2.890460169035582,2.890371569396492,8.859963909312331e-05,2.900882447102339,2.842620924657827,0.3472459211921063,0.34155719060455686,2.1777505060259385e-33,2.890371569396492,0.00019776391365177652,2.850893328516162,2.8510910924298125,6.936429150821494e-05,0.014564594280873495,0.014454188217894607,0.018414450031675873,2.828166736439932,0.287898114420948,0.4065937279632646,-0.006271046540612623,0.04138030764884301,0.3055811315207393,0.3882757277460769,0.010527581100177485,0.024704984687559772,2.890371569396492,2.890460169035582,2.1777505060259385e-33,2.890371569396492,2.900882447102339,0.3715508045468755,0.34213232899419854,0.6454763606126492,0.5134385926010974,0.6675837738414935,0.5134385926010974,1.3923186902587787,1.2516681352455812
0,4,0.8652351956977398,0.24223169689362528,0.41444187151448497,0.06690196430967751,64,1024,False,2.6567212334629158,2.6566604245020202,6.080896088844534e-05,2.6547047042288163,2.5427255667010726,0.3443877815990967,0.35419436921245445,4.5513360827202276e-32,2.6566604245020202,0.00011088787265339075,2.5316150381513993,2.531725926024048,4.379931947354773e-05,0.014873800578490304,0.015738847769323373,0.019374743927079403,2.526986718931749,0.2850354993205359,0.40374006387765754,-0.005436932153811854,0.04243432522960819,0.3030180799541995,0.3857065627889824,0.011034240262233652,0.02555774789652787,2.6566604245020202,2.6567212334629158,4.5513360827202276e-32,2.6566604245020202,2.6547047042288163,0.3715508045468755,0.34024962020317984,0.6454763606126492,0.5949633973612587,0.6675837738414935,0.602835984398406,1.1791942487478793,1.1619652825451383
0,5,0.8386981707344859,0.23120346210491421,0.4040416852169194,0.13516771101286001,64,1024,False,2.6483310752601494,2.648308135229037,2.2940031112332265e-05,2.6328459289911157,2.525511701503157,0.30082498297958693,0.2873350093083728,1.841618928636539e-32,2.648308135229037,5.198977709607779e-06,2.5713393572463854,2.571344556224095,2.0218907252329677e-06,0.018405081857449105,0.01866166188402471,0.02339494905296066,2.5068500396191324,0.2435243114469514,0.35812565451222245,-0.0011295214254305394,0.04713175447106387,0.2617217729493859,0.3404421814484522,0.015498255692364182,0.030347388332302216,2.648308135229037,2.6483310752601494,1.841618928636539e-32,2.648308135229037,2.6328459289911157,0.3715508045468755,0.356015045721946,0.6454763606126492,0.584313359004399,0.6675837738414935,0.5987116499265004,1.1791942487478793,1.1253552976277592
0,6,0.6699046417541504,0.20963791356470357,0.3811290682531492,0.11779610220208567,64,1024,False,3.5908410258132704,3.5908227921364215,1.8233676852831107e-05,3.6071252070740387,3.5512640621789098,0.23324086559701804,0.22592739179600535,2.3413230744813167e-35,3.5908227921364215,0.0026290631607400364,3.5510721960965004,3.55370125925724,0.0007398098402029262,0.02000083931209776,0.019735054709267678,0.02470593302572155,3.531529007469642,0.17868763849317584,0.2877940927008602,0.0007189894984203499,0.04896103848502125,0.19700719969841884,0.2704639252406196,0.017414277404895984,0.032187526958296075,3.5908227921364215,3.5908410258132704,2.3413230744813167e-35,3.5908227921364215,3.6071252070740387,0.4022150980093201,0.35724115431057324,0.9890808449345107,0.6209454126066013,0.7897382941650023,0.6209454126066013,1.1791942487478793,1.089270879920984
0,7,0.5857162239436342,0.2008706503507643,0.3726070333504299,0.12307036146072847,64,1024,False,4.608647156931825,4.608634404013881,1.2752917949176031e-05,4.644203999313203,4.497164151709168,0.27777638100777835,0.2561940712808059,3.088682243726058e-33,4.608634404013881,0.003036800567388094,4.504982058415375,4.508018858982752,0.000673644157751673,0.02414070844335942,0.020078499039580797,0.025435838656108597,4.477085652669587,0.221549364565236,0.3340033974503207,0.005286454571931599,0.05336595539910338,0.23961799537210027,0.31628379836911336,0.02181282450328581,0.0364582883703406,4.608634404013881,4.608647156931825,3.088682243726058e-33,4.608634404013881,4.644203999313203,0.6071561072843371,0.37922892170221395,1.015345911537564,0.7240806432764901,1.015345911537564,0.6598555382172347,1.1791942487478793,1.0508605542824965
0,8,0.5223581096173258,0.1930445349663126,0.3630149571129296,0.14572151439328992,64,1024,False,5.012456442750613,5.012449434171164,7.0085794505756655e-06,5.187490848256496,4.969656897384058,0.2776298279468602,0.2674901695587296,1.0575687909840792e-33,5.012449434171164,1.6323024479790885e-05,4.965406362281696,4.965422685306192,3.287338362571711e-06,0.031150994322732897,0.028051355414374052,0.032895245188904035,4.941605541969684,0.2216716544019515,0.3335880014917689,0.01062240524142075,0.060606832091481086,0.24004912261443678,0.3162037841102574,0.026877830627199728,0.04348404874326661,5.012449434171164,5.012456442750613,1.0575687909840792e-33,5.012449434171164,5.187490848256496,0.8847721615478806,0.5115798502995081,1.9911377199008884,0.9390316847258854,1.9911377199008884,0.9212378158316218,1.1791942487478793,0.9490213430767542
0,9,0.47687741382007326,0.189700331977419,0.359868027424879,0.14422512732292067,64,1024,False,3.5681776917567802,3.568170890422478,6.801334302799797e-06,3.6921101871297703,3.5354016287559733,0.2518200835539558,0.2464338901264908,6.807006795442247e-32,3.5681708904224787,0.00012914245320990646,3.555867288072641,3.5559964305258625,3.6316811822786e-05,0.0353324398915349,0.03202418135170234,0.03622818126154829,3.503377447404271,0.19752760787675988,0.3061125592311517,0.014098240038297467,0.06441561107306357,0.21578148305707145,0.2887323824033956,0.030411741987336427,0.04731102914956864,3.568170890422478,3.5681776917567802,6.807006795442247e-32,3.5681708904224787,3.6921101871297703,1.1917514732153809,0.8319389259122543,1.9911377199008884,1.7454944808223085,1.9911377199008884,1.7454944808223085,1.1791942487478793,1.130391573302285
0,10,0.5139770804837634,0.18677255003068705,0.3592714474450245,0.15191866106680826,64,1024,False,3.1241807010900073,3.124179682287599,1.0188024098066107e-06,3.169888711945181,3.136277436192553,0.21925443081426735,0.21305645468378087,1.8120176935400987e-33,3.124179682287599,0.0014175396752602305,3.13467949347026,3.136097033145519,0.0004520075942415697,0.037192078284820754,0.03471714622026973,0.03933449205108664,3.101560289972283,0.16732291716068748,0.2711859444678472,0.01696308765728519,0.0665067345085066,0.1858868548006285,0.2543394823442213,0.033363747941621114,0.04949770286475541,3.124179682287599,3.1241807010900073,1.8120176935400987e-33,3.124179682287599,3.169888711945181,0.8847721615478806,0.7272382787307496,1.9911377199008884,1.8227447210374181,1.9911377199008884,1.8227447210374181,0.8302227869954618,0.5877062321490315
0,11,0.46764309829341716,0.1754766696975516,0.34707141353202975,0.1496820756729254,64,1024,False,3.340998854737376,3.3409961466774476,2.7080599410538025e-06,3.373810586004334,3.342090010664435,0.21085562618187237,0.20886763194851618,4.212098570949047e-32,3.3409961466774476,0.001759815128697572,3.34224719359045,3.3440070087191494,0.0005262594020015621,0.034806549264393395,0.03240580360925338,0.03875657304139755,3.3096842070551817,0.1586559024651162,0.26305534989862855,0.01627296228681696,0.06529706260255756,0.1773194093402708,0.24627868342213333,0.032459518319228664,0.048147152963792905,3.3409961466774476,3.340998854737376,4.212098570949047e-32,3.3409961466774476,3.373810586004334,1.754759583982898,1.0229079427699865,1.9911377199008884,1.7936130247432533,1.9911377199008884,1.7936130247432533,1.1791942487478793,0.7588600969087653
1,0,0.96583136120262,0.4135857405576681,0.5757919177153884,0.1935314333150224,64,1024,False,1.8278838708332927,1.827126949628682,0.0007569212046078588,1.7894751499364139,1.7980290776441474,0.29325793757193624,0.31212509009324535,2.194568445314174e-32,1.827126949628682,0.0008395334912932278,1.779210244109501,1.7800497776007935,0.0004716348395744175,0.0029059283435471177,0.00724154790033457,0.008600211672732555,1.790787529743813,0.23398901377783543,0.35252686136603706,-0.01813778186111785,0.027227616187643834,0.25158494892093586,0.3340839256561594,-0.0017322367421002127,0.010532956148381345,1.827126949628682,1.8278838708332927,2.194568445314174e-32,1.827126949628682,1.7894751499364139,0.3637967084035761,0.2134097357223812,0.35458046901724954,0.23571967760581578,0.3386488272753391,0.2090277143353218,0.6325944453993094,0.5040521448951867
1,2,0.9835084406741234,0.5832048833929153,0.7238160700967851,0.5322522853199599,64,1024,False,0.27166919096115977,0.2715721384663678,9.705249479181786e-05,0.2716728508552508,0.27436612193592164,0.16186473273483712,0.15609464201267556,1.9274709964915365e-32,0.2715721384663678,1.71751013007852e-05,0.26869946328059746,0.2687166383818981,6.391528788171306e-05,0.0077862190569253815,0.0054861431319895475,0.007101082117510162,0.2688799788039321,0.11539788312907044,0.20833158234060378,-0.012710437742755865,0.03136185295856053,0.13399950687744422,0.19191555195720866,0.003822563674475532,0.015107429178897291,0.2715721384663678,0.27166919096115977,1.9274709964915365e-32,0.2715721384663678,0.2716728508552508,0.18275955996962406,0.18943878498257952,0.13063919615032835,0.12817129701337224,0.1375693056699874,0.13528270755537194,0.15813821457418875,0.15320192604022953
1,3,0.9486653850055733,0.3410676268024494,0.5108138389474541,0.44690629117285696,64,1024,False,0.2869151742008816,0.2868761143603816,3.9059840498794315e-05,0.26519873437085234,0.2901013006579467,0.15251958873213273,0.159371056607269,7.042395686582203e-33,0.2868761143603815,3.242198963700553e-05,0.2873617599785119,0.2873941819681496,0.00011281366037047574,0.009989578383501688,0.00865561190278925,0.012186374108463434,0.28144568875515746,0.10712543418524303,0.19791374327902242,-0.010509699627557727,0.03554590460482458,0.1252675925643416,0.18116528832615586,0.006104424050136004,0.0189105030221981,0.2868761143603816,0.2869151742008816,7.042395686582203e-33,0.2868761143603815,0.26519873437085234,0.3637967084035761,0.34213232899419854,0.35458046901724954,0.3750940357837655,0.3386488272753391,0.3650475787588858,0.15813821457418875,0.1631515425215182
1,4,0.8840184333337926,0.27653291564039867,0.44712674073659187,0.24601869057656356,64,1024,False,0.6711453471534163,0.6710974951509788,4.785200243033365e-05,0.594594806678752,0.6710389254597314,0.22170624721141965,0.23979037742623988,3.990835475043941e-34,0.6710974951509788,8.943488358574367e-06,0.6569331538314841,0.6569420973198435,1.3613815273920671e-05,0.01033786540723043,0.010450120914357422,0.013719756679093182,0.660588804545374,0.16917716025881555,0.2742353341640238,-0.00955322017566581,0.03670428048653469,0.18709744286024943,0.2566656158087426,0.006909574520250317,0.019909006769012194,0.6710974951509788,0.6711453471534163,3.990835475043941e-34,0.6710974951509788,0.594594806678752,0.3715508045468755,0.34024962020317984,0.44125176462904997,0.38431128868920883,0.44125176462904997,0.3636416390122384,0.28609712638922996,0.28340285401001064
1,5,0.8509945975947778,0.2517532892679003,0.42232990514332286,0.3073238414892659,64,1024,False,0.5232611739804147,0.5232410022091122,2.0171771302925727e-05,0.49299684048169173,0.509896613830967,0.19444782763166973,0.19995534248006505,7.962650358961006e-36,0.5232410022091122,2.1390184713888474e-06,0.511376830007414,0.5113789690258853,4.182844037296679e-06,0.012437342815099442,0.012466762767423312,0.016718591156525988,0.49742985106354365,0.14440184148198648,0.244493813781353,-0.00679559974481023,0.040115542574939406,0.16239411505375756,0.22721111155988183,0.009621550438168924,0.023249552643392235,0.5232410022091122,0.5232611739804147,7.962650358961006e-36,0.5232410022091122,0.49299684048169173,0.3715508045468755,0.356015045721946,0.6454763606126492,0.584313359004399,0.6675837738414935,0.5987116499265004,0.22252423663740828,0.2088743335482278
1,6,0.6930359751250078,0.2224624532014567,0.39088195454644065,0.25931348640454444,64,1024,False,0.5182810997560117,0.5182642638572182,1.6835898795090675e-05,0.5102924081699621,0.5477390989275468,0.15975888373828856,0.1749916053324938,7.56694927406969e-34,0.5182642638572182,1.8491985423492973e-06,0.548316607147444,0.5483184563459889,3.372490057461158e-06,0.014670933746179662,0.013040323559219216,0.017790719771395413,0.5346987753683276,0.11148932412023821,0.2080284433563389,-0.003956532067341978,0.042448246067758474,0.12945791431411635,0.19086446830624482,0.012502143865276594,0.025614279504225124,0.5182642638572182,0.5182810997560117,7.56694927406969e-34,0.5182642638572182,0.5102924081699621,0.3715508045468755,0.35724115431057324,0.6454763606126492,0.6209454126066013,0.6675837738414935,0.6209454126066013,0.28609712638922996,0.2518442070849017
1,7,0.618233157013171,0.21232861039423986,0.38063788998273773,0.1528502949820022,64,1024,False,0.8350472196477446,0.8350269462040271,2.0273443717241325e-05,0.8772139865452383,0.8480556748452757,0.21010585250050096,0.20044653280533672,4.1825715965013803e-33,0.8350269462040272,2.8411715394029677e-06,0.8656737644046628,0.8656766055762022,3.2820241659549737e-06,0.018475222885934294,0.013915880067311702,0.019083517009461863,0.834139794777964,0.1583517419871875,0.2618599630138144,0.00015356962581351483,0.04674059832843255,0.17679973819031147,0.2449022698783665,0.016594478423940018,0.02987237305205781,0.8350269462040271,0.8350472196477446,4.1825715965013803e-33,0.8350269462040272,0.8772139865452383,0.4022150980093201,0.37922892170221395,0.6454763606126492,0.6320246593582239,0.7897382941650023,0.6598555382172347,0.8076039405155461,0.784400591838982
1,8,0.5502715971739797,0.20549706451551908,0.3745760670264757,0.18845081048089649,64,1024,False,1.0069405959282316,1.0069256765178407,1.4919410388823932e-05,1.0791818259292636,1.0457451791410748,0.2179982531716574,0.21189679162974892,2.8675764984373292e-33,1.0069256765178407,1.8628796301264035e-05,1.0380104252383675,1.0380290540346677,1.7946314921395135e-05,0.02391406717582947,0.02088366841476204,0.025557472741984298,1.0248615107263128,0.16639904350773352,0.26959746283558134,0.003916417691820929,0.052544768798827746,0.18482474822667427,0.25260439083649544,0.02012144094624091,0.03544536638946738,1.0069256765178407,1.0069405959282316,2.8675764984373292e-33,1.0069256765178407,1.0791818259292636,0.6071561072843371,0.5115798502995081,0.9890808449345107,0.9390316847258854,0.7897382941650023,0.757577901746751,0.6325944453993094,0.6052231549111062
1,9,0.5058181639693814,0.20069132131608336,0.3709085586359705,0.16722723075461718,64,1024,False,0.7979377641247156,0.7979219806744104,1.5783450303823578e-05,0.8546880306480527,0.8212348351142413,0.2200930298801423,0.21415771577337533,3.5060484676489413e-37,0.7979219806744104,9.650235444535242e-06,0.8243444181639964,0.8243540683994405,1.1706420595790915e-05,0.027430550753279742,0.023836379554068386,0.027936686482384284,0.797398455560173,0.16865862493239653,0.27152743482788805,0.00676591224849377,0.055753328615310016,0.18702723002934363,0.2545190714226919,0.023117000782804098,0.03875861031701788,0.7979219806744104,0.7979377641247156,3.5060484676489413e-37,0.7979219806744104,0.8546880306480527,0.8847721615478806,0.8319389259122543,1.015345911537564,1.0382970373789229,1.015345911537564,1.0382970373789229,0.6325944453993094,0.6079173803716712
1,10,0.5391580279232309,0.19619810733910245,0.36721991860784753,0.14987351014547892,64,1024,False,0.7670959768490369,0.7670858138320847,1.0163016952564392e-05,0.7890960474003024,0.7800891037039054,0.2300720954431138,0.2276531427609392,9.440515697677575e-34,0.7670858138320847,2.613797626368996e-08,0.7773488992632412,0.7773489254012154,3.362450941859769e-08,0.028289294124635874,0.02685032767664729,0.031346585476267154,0.7532387760272581,0.17816454847289115,0.28197964241333645,0.008710746612067687,0.05682120673381865,0.19650558302964782,0.2649101990245981,0.02511502868583193,0.03984668060729746,0.7670858138320847,0.7670959768490369,9.440515697677575e-34,0.7670858138320847,0.7890960474003024,0.6071561072843371,0.6113858055333807,1.015345911537564,1.04766732070003,1.015345911537564,1.04766732070003,0.8302227869954618,0.5877062321490315
1,11,0.48433033195141934,0.1970381451476993,0.3683891252114567,0.12234053868714498,64,1024,False,1.2647356174804802,1.264722113164666,1.3504315814194654e-05,1.2456314600602845,1.2646933712548845,0.25922409375525224,0.2648343208479552,1.3960408996767607e-33,1.264722113164666,0.0002833824258018708,1.2550144257964788,1.2552978082222808,0.00022574916003652507,0.02433643322880956,0.02304061430221345,0.029167799663132758,1.241652756952671,0.20511480950146554,0.31333337800903893,0.006461987962841333,0.053985547538935905,0.22327151417266577,0.2958731525359326,0.02271711349749239,0.03688607567892177,1.264722113164666,1.2647356174804802,1.3960408996767607e-33,1.264722113164666,1.2456314600602845,0.8847721615478806,0.8772080917020506,1.015345911537564,1.000044849842021,1.015345911537564,0.9824479760343182,1.1791942487478793,1.189113909528105
2,0,0.9584304740932098,0.33899352831601637,0.5022587603908506,0.15796962125300906,64,1024,False,1.0918422162916952,1.091072500232595,0.0007697160590985517,1.043535884407466,1.0708356884862336,0.2801212735018808,0.29376576617953865,7.338378570818462e-32,1.091072500232595,0.00022367880868752338,1.05618149881401,1.0564051776226997,0.00021173581257040314,0.0016694048713672147,0.005055144860452236,0.006798456536618608,1.0657805436257812,0.22197385964510674,0.3382686873586549,-0.01924842520381354,0.026389862048412534,0.23956106608966365,0.3199096167445532,-0.002716439761570655,0.00975275651580887,1.091072500232595,1.0918422162916952,7.338378570818462e-32,1.091072500232595,1.043535884407466,0.3637967084035761,0.2134097357223812,0.35458046901724954,0.2865897028893894,0.3386488272753391,0.28658970288938934,0.8076039405155461,0.7289599592182393
2,1,0.9835084406741234,0.5832048833929153,0.7238160700967851,0.5322522853199599,64,1024,False,0.7481005740585099,0.7480145409298896,8.603312861765161e-05,0.7078931261447554,0.717308369083441,0.23648966736857194,0.24508848366743008,9.002821676937361e-32,0.7480145409298898,0.00012270870374793096,0.7169471493908323,0.7170698580945796,0.00017112517331853324,0.0036398796375986986,0.0015885465794239799,0.002796127072112357,0.715719822504017,0.18167174390514668,0.2913075908319972,-0.01672313828496944,0.026019842340553972,0.1995531872016727,0.2735013316196273,-0.00044909006101079285,0.009937792317941785,0.7480145409298896,0.7481005740585099,9.002821676937361e-32,0.7480145409298898,0.7078931261447554,0.18275955996962406,0.10101708620336484,0.13063919615032835,0.09734384158909733,0.1375693056699874,0.10367704275508692,0.15813821457418875,0.11841441915551641
2,3,0.9703533343985177,0.4655057333293809,0.6335206304084099,0.6203894142164494,64,1024,False,0.23485046026545714,0.23483730413646614,1.3156128990613127e-05,0.22304531798657812,0.23110483883551752,0.07140567991907842,0.07714752054717666,6.843262426645336e-34,0.23483730413646614,6.653830314529837e-05,0.23747143758180728,0.23753797588495187,0.0002801164862056636,0.007020231312050113,0.004182621251752353,0.006900828246528406,0.22692221758376516,0.031805688663144344,0.1110056711750125,-0.01309184785168558,0.03122588707642699,0.04946237940021092,0.09421536428999389,0.003339182454510592,0.014787013074965216,0.23483730413646614,0.23485046026545714,6.843262426645336e-34,0.23483730413646614,0.22304531798657812,0.18275955996962406,0.17700445168148776,0.13063919615032835,0.1332366460705928,0.1375693056699874,0.13814418776215212,0.08877011015717928,0.05377091900626445
2,4,0.9011102758109778,0.35185863638705583,0.5231415849668131,0.3366609017092744,64,1024,False,0.45536348248178327,0.45532750424828744,3.597823349560775e-05,0.4196963072811604,0.4816980395705313,0.15546821474508188,0.18829729698609654,6.728766597679326e-31,0.4553275042482873,4.3685834737570236e-05,0.4692050657131951,0.4692487515479329,9.309739150815366e-05,0.007018882861344179,0.006893206545040605,0.009836902930287831,0.4748048330254907,0.10752721312944916,0.2034092163607146,-0.013029331926591321,0.03261528965381913,0.12534863146720454,0.18609543265483808,0.003482645217445679,0.01602974531124346,0.45532750424828744,0.45536348248178327,6.728766597679326e-31,0.4553275042482873,0.4196963072811604,0.3715508045468755,0.34024962020317984,0.35458046901724954,0.38431128868920883,0.3386488272753391,0.3636416390122384,0.22252423663740828,0.1964859453298193
2,5,0.8620061669106359,0.3074011937878723,0.4784460611196508,0.26236015096294524,64,1024,False,0.483393002940443,0.48336918771465875,2.3815225785677825e-05,0.46727277630439795,0.5106200660245657,0.16867790224229132,0.18724826068521486,3.4119160523112014e-31,0.48336918771465875,6.855233786162694e-07,0.49845267060788107,0.4984533561312599,1.3753009588238133e-06,0.011427432608016673,0.009870094433282083,0.01382181570030827,0.5007499715912835,0.11968670173173274,0.2176691027528499,-0.008401679384436644,0.038765135678624094,0.13795664984354516,0.2007825244218111,0.008205563251976855,0.022071879568102304,0.48336918771465875,0.483393002940443,3.4119160523112014e-31,0.48336918771465875,0.46727277630439795,0.3715508045468755,0.356015045721946,0.35458046901724954,0.3687836305172739,0.3386488272753391,0.3570800345409181,0.28609712638922996,0.2088743335482278
2,6,0.6880080822327526,0.25884626635201324,0.4289703502348647,0.1963044932994882,64,1024,False,0.7347613670601375,0.734739712046151,2.1655013988640828e-05,0.7392215527367952,0.8125391885121657,0.1843566137725859,0.20145845070668966,6.32831671281789e-31,0.7347397120461505,0.00012592090383193086,0.7996765526767623,0.7998024735805919,0.00015744000298999135,0.013403618255529772,0.010360234427263814,0.014750797750026605,0.8021789540849018,0.13354131686670917,0.2351719106784626,-0.0056797422450751145,0.04096970507509139,0.15198151731601683,0.21826136166782817,0.010879752124310471,0.02421108152339002,0.734739712046151,0.7347613670601375,6.32831671281789e-31,0.7347397120461505,0.7392215527367952,0.3715508045468755,0.35724115431057324,0.6454763606126492,0.6209454126066013,0.6675837738414935,0.6209454126066013,0.33554183585615516,0.2518442070849017
2,7,0.6029586531241123,0.24081598212550098,0.4101600973082911,0.1657109792005439,64,1024,False,0.7953031205002689,0.7952841262165355,1.899428373648746e-05,0.8172897723128211,0.8380453428761204,0.20076932069900968,0.202526657440995,2.1789163889030027e-31,0.7952841262165355,0.00014996015786965656,0.834899976712503,0.8350499368703747,0.0001795822635849561,0.017013204453381003,0.012235311040648612,0.01715621659534147,0.8258100318354719,0.14944876025014206,0.25208988114787734,-0.00155679293908733,0.04520111548834494,0.16773399251542287,0.23499468138470547,0.014971977259847336,0.028380190386087634,0.7952841262165355,0.7953031205002689,2.1789163889030027e-31,0.7952841262165355,0.8172897723128211,0.4022150980093201,0.37922892170221395,0.6454763606126492,0.6320246593582239,0.6675837738414935,0.6598555382172347,0.6325944453993094,0.6120727424089192
2,8,0.5333374938122847,0.22731999503119116,0.39610978667935715,0.1515729147980562,64,1024,False,0.7011921539022662,0.7011748933436786,1.7260558584881248e-05,0.6983178851023155,0.7228366959250332,0.2025030766567591,0.2074319980074318,2.263459805978111e-31,0.7011748933436786,0.0005368473949004454,0.728674050917599,0.7292108983124994,0.0007362031973778625,0.02292421564026493,0.019135161531141358,0.02363419954136189,0.7037015343938918,0.1519007860783474,0.2531053672351708,0.00295916106073903,0.05133310493083844,0.17023028964467812,0.23611032475309912,0.019216070453694556,0.03424896183423698,0.7011748933436786,0.7011921539022662,2.263459805978111e-31,0.7011748933436786,0.6983178851023155,0.6071561072843371,0.5115798502995081,0.6454763606126492,0.6517316088575827,0.6675837738414935,0.6765019382186355,0.8302227869954618,0.8566037673740912
2,9,0.48754049286665074,0.21983603631534226,0.38876920197723575,0.11134008010352239,64,1024,False,0.7440143648263562,0.7439949071816384,1.9457644725102993e-05,0.7000782391704529,0.7496597045492055,0.22788823971731562,0.24294590776166353,1.5883228583553953e-31,0.7439949071816386,0.0003238906006652914,0.7623098912335853,0.7626337818342491,0.00042470004395331887,0.026180956810397255,0.022411534267354816,0.026336212584194208,0.7272481702818507,0.17595797275612546,0.2798185066785058,0.005545060014423564,0.05429173803941398,0.19402525101031642,0.2624432988304761,0.02186829897982534,0.037248626111249905,0.7439949071816384,0.7440143648263562,1.5883228583553953e-31,0.7439949071816386,0.7000782391704529,0.8847721615478806,0.8319389259122543,0.6454763606126492,0.6529901364783685,0.6675837738414935,0.6779540854733882,1.1791942487478793,1.130391573302285
2,10,0.519147405239464,0.21273335546337002,0.3808824295664114,0.06767665125814687,64,1024,False,0.9037372401715985,0.9037225591360777,1.4681035518770422e-05,0.805129970590414,0.8907783261484701,0.25207991569984833,0.273443473831466,2.9695357432745077e-31,0.9037225591360777,0.0007386587861519181,0.8977088418642222,0.8984475006503704,0.0008221501931022302,0.02713748466811868,0.02528197051418215,0.029629774927002455,0.865496355634288,0.19877907114428214,0.30538076025541455,0.00746450686632753,0.05555710327402398,0.21657302259700373,0.2875997520022793,0.02388560633698944,0.03858104711252963,0.9037225591360777,0.9037372401715985,2.9695357432745077e-31,0.9037225591360777,0.805129970590414,0.8847721615478806,0.7272382787307496,0.6454763606126492,0.6494704392444202,0.7897382941650023,0.7880281078955121,1.1791942487478793,1.2248580231795554
2,11,0.4754839300318139,0.2052487008803888,0.37633588769028153,0.0072128468766142215,64,1024,False,0.826093032604463,0.8260728489805835,2.0183623875130064e-05,0.8110827037430394,0.8333629477505416,0.2729279141214981,0.28353658634064305,3.1012409880863115e-31,0.8260728489805838,6.267685431450699e-06,0.8368003850083574,0.8368066526937883,7.4900043053843e-06,0.023820321012989278,0.021902444258529195,0.027953935580051877,0.8114605034920125,0.21885696849179415,0.326998859751202,0.005929232272149108,0.053313973775069155,0.23685695982567267,0.30938974554737797,0.022271014233410824,0.036290518575697206,0.8260728489805835,0.826093032604463,3.1012409880863115e-31,0.8260728489805838,0.8110827037430394,1.1917514732153809,1.0229079427699865,0.9890808449345107,1.000044849842021,0.7897382941650023,0.7873666931007759,1.3923186902587787,1.5860640190973585
3,0,0.9213552738437812,0.27172140053191135,0.44145971028585673,0.04120212155561582,64,1024,False,1.7788389196067533,1.7780157013684812,0.0008232182382659365,1.7182001394368518,1.7412624843768818,0.2899562317206103,0.30756649984799794,5.577252078113284e-33,1.7780157013684812,0.0008116789762474834,1.725267674442472,1.7260793534187262,0.00047024429939437423,0.0006905197052068457,0.00427690578397684,0.005845157381305919,1.736985578592905,0.2309364527040609,0.3489760107371597,-0.019660495309288664,0.0247624818130601,0.24860215997614432,0.3306292145207408,-0.003292501700343564,0.00824956731958082,1.7780157013684812,1.7788389196067533,5.577252078113284e-33,1.7780157013684812,1.7182001394368518,0.3715508045468755,0.3410102115555811,0.6454763606126492,0.6175825330335603,0.6675837738414935,0.6175825330335603,1.3923186902587787,1.4663499801452267
3,1,0.9486653850055733,0.3410676268024494,0.5108138389474541,0.44690629117285696,64,1024,False,0.34773505164406365,0.347607619563471,0.00012743208059332422,0.32215600502874103,0.3416852430883986,0.18005127475872368,0.18895285165440354,1.7375419504918115e-32,0.347607619563471,7.741740114842889e-06,0.3468233254147375,0.34683106715485185,2.2321357133172805e-05,0.0039775684189969195,0.002095327568199846,0.003884966227198428,0.33958991552019874,0.13005335051019076,0.2300491990072566,-0.01634385209588949,0.027457473530240147,0.14783207175787538,0.21252937020472018,0.00025498239847365767,0.011333416012348607,0.347607619563471,0.34773505164406365,1.7375419504918115e-32,0.347607619563471,0.32215600502874103,0.3637967084035761,0.3363302545939982,0.35458046901724954,0.33908189855160553,0.3386488272753391,0.30915937157043094,0.15813821457418875,0.1286859171372448
3,2,0.9703533343985177,0.4655057333293809,0.6335206304084099,0.6203894142164494,64,1024,False,0.048400685192498814,0.04828831001595593,0.00011237517654263749,0.05377091900626445,0.03862072247224243,0.050790896668519575,0.03662036965367347,1.9657435647836328e-32,0.04828831001595595,2.2356642381119314e-05,0.049040735149568956,0.0490630917919502,0.0004556712910780599,0.003835836995208818,0.0026947080908611546,0.003844761993962997,0.03592601438138127,0.019126719218515255,0.0824550741185239,-0.01636356240077434,0.026506944147163165,0.0367761432644329,0.06619128841703059,4.7792389523237944e-05,0.010522117096115835,0.04828831001595593,0.048400685192498814,1.9657435647836328e-32,0.04828831001595595,0.05377091900626445,0.18275955996962406,0.18943878498257952,0.13063919615032835,0.12817129701337224,0.1375693056699874,0.13528270755537194,0.08877011015717928,0.09265890917394762
3,4,0.937844703963027,0.5508041722171014,0.7035366839051936,0.47435510899430405,64,1024,False,0.1694681207320776,0.16943240031317247,3.5720418905337505e-05,0.16012577221393012,0.17611711701614557,0.10532799200376193,0.12292010787491137,1.9673004608716095e-32,0.1694324003131725,4.2399341603549575e-08,0.16698793136501328,0.16698797376435462,2.539065577463769e-07,0.00433313121769147,0.004605031590969285,0.005836140246577509,0.1715120854251763,0.06416199318109801,0.14649399082642584,-0.01653865635662859,0.027257109698624046,0.08200787728856085,0.12979916235781275,-0.00022874328715261072,0.010869599231227767,0.16943240031317247,0.1694681207320776,1.9673004608716095e-32,0.1694324003131725,0.16012577221393012,0.3637967084035761,0.34024962020317984,0.13063919615032835,0.1319260550036589,0.1375693056699874,0.13972014881661982,0.15813821457418875,0.16215895853029397
3,5,0.8882415342124564,0.41568800941077017,0.575006389094008,0.379338709189567,64,1024,False,0.1736320448657069,0.17360906419079072,2.298067491504285e-05,0.1667215506451638,0.1811541945188676,0.1119079188093632,0.1214046293726025,6.79689960069099e-33,0.17360906419079072,1.0543359447326483e-05,0.17173985700960392,0.1717504003690516,6.138768483026101e-05,0.009718252162738129,0.007830256122556663,0.01040855847056473,0.17332393839631094,0.07107221696709204,0.15274362065163435,-0.01077744565323193,0.035654163083338956,0.0891931133082835,0.13635243794124108,0.005768525290477555,0.018954392449813895,0.17360906419079072,0.1736320448657069,6.79689960069099e-33,0.17360906419079072,0.1667215506451638,0.3715508045468755,0.356015045721946,0.13063919615032835,0.13613428607618674,0.3386488272753391,0.3570800345409181,0.15813821457418875,0.16532072082453014
3,6,0.719781565751225,0.311267068680427,0.47759959261414986,0.2892433375035641,64,1024,False,0.32902181554163273,0.32900103483116,2.0780710473700567e-05,0.3165553349498606,0.36065557119909325,0.13554943747329176,0.15260172980473852,2.9039562108869693e-32,0.32900103483116006,2.386747265543229e-06,0.3501694967812933,0.35017188352855927,6.815930626676288e-06,0.010405088818443594,0.008945871697968165,0.012593748160105098,0.3517096995011251,0.09019294896494005,0.18090592598164346,-0.009123744693759225,0.03696803507106087,0.10857683696667664,0.16442313996958546,0.007445275841746479,0.0202842242870247,0.32900103483116,0.32902181554163273,2.9039562108869693e-32,0.32900103483116006,0.3165553349498606,0.3715508045468755,0.35724115431057324,0.35458046901724954,0.36678004200720044,0.3386488272753391,0.3488390277844427,0.23828176542673912,0.21684096020706367
3,7,0.6378988561741685,0.2796655109368926,0.4488019991748281,0.21050042129347357,64,1024,False,0.33319625707273326,0.33317608236548313,2.0174707248965336e-05,0.3321591137732465,0.3590955190375129,0.15598611897525172,0.16399681083063042,2.2966021252037807e-32,0.3331760823654831,1.2788677171512536e-05,0.3545065889849274,0.3545193776620983,3.607328111610802e-05,0.012267282675252905,0.009577478295413762,0.014034729910074121,0.34951804074209913,0.10964762492943808,0.20232461302106536,-0.006403631601953119,0.03974531114212931,0.12807469455583487,0.1857971226418158,0.010064175905426964,0.02294475454982603,0.33317608236548313,0.33319625707273326,2.2966021252037807e-32,0.3331760823654831,0.3321591137732465,0.4022150980093201,0.37922892170221395,0.35458046901724954,0.3594980318230062,0.3386488272753391,0.34207716118483383,0.28609712638922996,0.28190967299068304
3,8,0.5611769056422438,0.2549645298839089,0.4247870164097193,0.1616250620096162,64,1024,False,0.3894319025615224,0.38941201248643453,1.989007508824318e-05,0.40497738877498063,0.4194299773815948,0.17209014548784693,0.18133610134163627,3.205980022624768e-33,0.38941201248643453,2.75120980731484e-05,0.4152036514329356,0.4152311635310086,6.625730554323835e-05,0.016324708685853003,0.014879793196856218,0.01907028438518291,0.4045501841847386,0.12501283845912084,0.21916745251657302,-0.0034994330069834413,0.044014092071789385,0.14340866832935717,0.20257194362056907,0.012820535448554438,0.026997808839951176,0.38941201248643453,0.3894319025615224,3.205980022624768e-33,0.38941201248643453,0.40497738877498063,0.6071561072843371,0.5115798502995081,0.6454763606126492,0.6517316088575827,0.6675837738414935,0.6765019382186355,0.6325944453993094,0.6052231549111062
3,9,0.5168960001495547,0.24159812813781106,0.41217483227779056,0.14198855026100482,64,1024,False,0.3636586267805119,0.3636384631226955,2.016365781805259e-05,0.3654612060832716,0.38526694840609627,0.17926773963403442,0.19001257888287593,8.007381922252458e-33,0.3636384631226954,5.492926733159813e-05,0.39213754626531505,0.3921924755326458,0.00014005691276202433,0.019131856548194107,0.017314900887927177,0.021029443144873334,0.36795204751816907,0.1322340082015459,0.22630147106652293,-0.0013288310461558664,0.04669518731316761,0.1505614060733933,0.209626967436634,0.014992857206379995,0.02966219442896545,0.3636384631226955,0.3636586267805119,8.007381922252458e-33,0.3636384631226954,0.3654612060832716,0.8847721615478806,0.8319389259122543,0.6454763606126492,0.6529901364783685,0.6675837738414935,0.6779540854733882,1.1791942487478793,1.130391573302285
3,10,0.5506435387815342,0.23564062614047593,0.40715934786386454,0.08168628091598926,64,1024,False,0.37861114700384146,0.3785959281520821,1.5218851759307654e-05,0.3660003916817607,0.38823232006993885,0.19639520458847434,0.21056148455464818,1.0922129837631674e-32,0.3785959281520821,0.0002279856274992857,0.39206961030182735,0.3922975959293268,0.0005811547913241808,0.01995312505946692,0.019859686499165644,0.02398027059699985,0.3683726335707732,0.1481995114784012,0.24459089769854747,0.0003222651507155151,0.047936745415752116,0.1663241763744736,0.2276190361881163,0.016779441088146996,0.031051761303388048,0.3785959281520821,0.37861114700384146,1.0922129837631674e-32,0.3785959281520821,0.3660003916817607,0.6071561072843371,0.6113858055333807,0.6454763606126492,0.6494704392444202,0.6675837738414935,0.6787535287362985,1.1791942487478793,1.2248580231795554
3,11,0.4982490273418903,0.22240755589267708,0.395446319096461,0.06254028233989944,64,1024,False,0.6154798744554735,0.6154619226540389,1.7951801435747246e-05,0.6298098408770981,0.6043330548118945,0.26869298673384623,0.26079233753568165,1.8333417182796835e-32,0.615461922654039,4.20736901047461e-06,0.6048771836620073,0.6048813910310181,6.955692591737968e-06,0.017319131350332584,0.017174912703909886,0.0230698135393771,0.5871581421079846,0.21598836512502367,0.3213976083426688,-0.0005381809877596649,0.04627402239895569,0.23371528925781604,0.30362095503369346,0.015797788910276722,0.029298010442289524,0.6154619226540389,0.6154798744554735,1.8333417182796835e-32,0.615461922654039,0.6298098408770981,0.8847721615478806,0.8772080917020506,0.6454763606126492,0.6580858373945552,0.6675837738414935,0.6838337403766807,1.1791942487478793,1.189113909528105
4,0,0.8652351956977398,0.24223169689362528,0.41444187151448497,0.06690196430967751,64,1024,False,0.49815872383184756,0.4973407980229326,0.0008179258089126999,0.46250589585949775,0.4956648345623602,0.23048372116530735,0.2499232125932468,2.0342361641134962e-32,0.49734079802293246,6.98734552832575e-05,0.4860681581071994,0.48613803156248186,0.000143731719690145,0.0033065031174295836,0.006352796362537938,0.008679751017909684,0.4893120381998223,0.17641814491119925,0.2845492974194155,-0.016924310323655472,0.02828612650611566,0.19408965938782785,0.2665958895595395,-0.0004016609091195278,0.011736473999917507,0.4973407980229326,0.49815872383184756,2.0342361641134962e-32,0.49734079802293246,0.46250589585949775,0.3715508045468755,0.3410102115555811,0.6454763606126492,0.6273470229035633,0.6675837738414935,0.6615026616267692,1.1791942487478793,1.4663499801452267
4,1,0.8840184333337926,0.27653291564039867,0.44712674073659187,0.24601869057656356,64,1024,False,0.3132181381455855,0.3130588064462812,0.00015933169930448907,0.28790872257934796,0.29416428285190993,0.16793459177942782,0.1769700332328127,1.9056969033231698e-32,0.31305880644628103,3.5009371987074642e-06,0.3102531121697175,0.3102566131069159,1.1284005080984445e-05,0.0047146053619261845,0.0037593054431269294,0.006397960351512448,0.290404977408783,0.11918831969583599,0.21668086386301966,-0.015488547678178321,0.029488541002445242,0.13697529975615907,0.19928495866042795,0.0012621370406122878,0.013175223219150212,0.3130588064462812,0.3132181381455855,1.9056969033231698e-32,0.31305880644628103,0.28790872257934796,0.3715508045468755,0.3824575303913037,0.44125176462904997,0.594594806678752,0.44125176462904997,0.594594806678752,0.28609712638922996,0.2945734368299478
4,2,0.9011102758109778,0.35185863638705583,0.5231415849668131,0.3366609017092744,64,1024,False,0.30883330117145413,0.3086743178255697,0.00015898334588542137,0.32847768021447715,0.2852506882720199,0.17490759884838258,0.1549764533016951,1.6178453851888454e-32,0.3086743178255697,0.0004898857337527129,0.2975622446672001,0.29805213040095313,0.0016436243320713615,0.005953945576467425,0.005227766041467678,0.007148398136090837,0.2800229222305522,0.12662887771094486,0.2231863199858203,-0.014968547972749179,0.03026497072432438,0.14494612655835226,0.20637583764619194,0.001770934795786161,0.013864040825865231,0.3086743178255697,0.30883330117145413,1.6178453851888454e-32,0.3086743178255697,0.32847768021447715,0.3715508045468755,0.3813654526043785,0.35458046901724954,0.3343366638382183,0.3386488272753391,0.31813438080491274,0.22252423663740828,0.20326322473502648
4,3,0.937844703963027,0.5508041722171014,0.7035366839051936,0.47435510899430405,64,1024,False,0.0403789763663295,0.040320695633296155,5.8280733033228035e-05,0.03944588732577363,0.03740811050761617,0.020948990364579576,0.02027712327513617,5.387504174384517e-33,0.040320695633296155,1.7980932932564224e-05,0.04178000406693756,0.04179798499987021,0.0004301865970960097,0.005101167813083555,0.0034032606225574843,0.005307305310799972,0.03400484988505869,-0.007433990447478504,0.04933197117663765,-0.015444576280014884,0.027415276953620952,0.009880407444143202,0.033018333415384404,0.0009508217190159485,0.011400183124351315,0.040320695633296155,0.0403789763663295,5.387504174384517e-33,0.040320695633296155,0.03944588732577363,0.3637967084035761,0.34213232899419854,0.13063919615032835,0.1332366460705928,0.1375693056699874,0.13814418776215212,0.15813821457418875,0.1631515425215182
4,5,0.9671024528534188,0.6575469341064096,0.7854381365970555,0.5881646953398993,64,1024,False,0.1257534665376882,0.12574020942169783,1.325711599076592e-05,0.13805342356102543,0.13015326046124404,0.08936578210421918,0.08701834771096348,1.4545431884087102e-33,0.12574020942169786,2.7742983215437913e-05,0.13213580082298435,0.13216354380620005,0.0002099140384440602,0.008356049659411557,0.007072598220437507,0.009205156474178874,0.12308066224080653,0.05103220918126204,0.12769935502717633,-0.012091777800931895,0.03309781917529211,0.0678997440772946,0.11022301736375084,0.0044455117313191295,0.016628156881779432,0.12574020942169783,0.1257534665376882,1.4545431884087102e-33,0.12574020942169786,0.13805342356102543,0.18275955996962406,0.18914615088513817,0.06742775160325575,0.036951079610598535,0.059900006483532164,0.036951079610598535,0.08877011015717928,0.08624112447005705
4,6,0.8067499377271222,0.43898910253379575,0.5976697058607423,0.39168369343150167,64,1024,False,0.15694951018210923,0.1569321510310357,1.735915107448056e-05,0.1637380956214299,0.15877890404966677,0.09111054684413812,0.09072533568145558,9.817397098034047e-33,0.1569321510310357,2.6025070556240188e-05,0.15721453134549587,0.15724055641605234,0.00016551118330679823,0.008895023105374308,0.008914946476871268,0.012460523375649174,0.1498639575727955,0.051709572325552136,0.1305115213627241,-0.010486112399702657,0.034738443892564815,0.06961900533497101,0.1140426590864081,0.0060983965813647956,0.01823793281801045,0.1569321510310357,0.15694951018210923,9.817397098034047e-33,0.1569321510310357,0.1637380956214299,0.3715508045468755,0.35724115431057324,0.13063919615032835,0.13605860785928317,0.1375693056699874,0.14501100192155164,0.15813821457418875,0.17239129959574626
4,7,0.7253252196559872,0.3812670844840177,0.543986201311782,0.3179102703088259,64,1024,False,0.24218370394103292,0.24216735995219255,1.6343988841009037e-05,0.24914519131158092,0.24562118764701935,0.1194540355082298,0.12386003399097713,1.4218792592676235e-32,0.2421673599521925,2.3425132614981344e-05,0.24127785703120144,0.24130128216381588,9.707835948869251e-05,0.010414144773138453,0.009882919533780952,0.014280730641619487,0.2357382681132384,0.07712120075168784,0.1617868702647718,-0.008074353717541609,0.037352850392135165,0.09513967922976008,0.14518028531892924,0.008434545401541982,0.020714286030852236,0.24216735995219255,0.24218370394103292,1.4218792592676235e-32,0.2421673599521925,0.24914519131158092,0.3715508045468755,0.37922892170221395,0.35458046901724954,0.3594980318230062,0.3386488272753391,0.34207716118483383,0.22252423663740828,0.21912972251560575
4,8,0.6422294684547968,0.3418188045498386,0.5084594812309482,0.23893803634762162,64,1024,False,0.2789492640762888,0.2789319256531326,1.7338423157395462e-05,0.27871862244776757,0.28555956988994075,0.12992372368131574,0.13932808167242275,5.46998651109333e-33,0.2789319256531325,1.0302835391134675e-06,0.28258802326147514,0.2825890535450142,3.6458720753291724e-06,0.0148089038891734,0.015283693664692047,0.019381473779222187,0.2702758762252487,0.08623744753203848,0.173609999830593,-0.004877689126438479,0.042142949915024805,0.10466578255727654,0.15730296740366612,0.011513567587826401,0.02522786895860918,0.2789319256531326,0.2789492640762888,5.46998651109333e-33,0.2789319256531325,0.27871862244776757,0.4022150980093201,0.4274367771891919,0.35458046901724954,0.3573901670383415,0.3386488272753391,0.3407153860624968,0.28609712638922996,0.28676789947481746
4,9,0.5993286789881047,0.31796006712371794,0.484544889134956,0.19425204763068127,64,1024,False,0.1964534454305619,0.1964347703090823,1.8675121480844223e-05,0.20082826191662226,0.2039274863541585,0.1280901943814063,0.13671723555775547,5.5203953360246514e-33,0.19643477030908227,2.5576640702428548e-05,0.20360983705014352,0.20363541369084562,0.00012560016079157227,0.017736482560996455,0.018122412046015935,0.021827459180764643,0.18580507430814255,0.08654796124335866,0.16963242751945395,-0.002504379245964892,0.044997901437831195,0.10449177046393743,0.15302776467433432,0.013861039027688093,0.027997648350719828,0.1964347703090823,0.1964534454305619,5.5203953360246514e-33,0.19643477030908227,0.20082826191662226,0.4022150980093201,0.41281440517209367,0.35458046901724954,0.36027499520616174,0.3386488272753391,0.3475601218627904,0.33554183585615516,0.38044636050266606
4,10,0.6281937165205381,0.3033741776755474,0.4694450779520578,0.2061855342562842,64,1024,False,0.22796133866735102,0.227950238925689,1.1099741659346298e-05,0.22718221205356007,0.22724240937702125,0.1436177218123943,0.14846267289621298,6.0944849597911064e-33,0.22795023892568902,9.059393796163759e-05,0.2307096365952131,0.23080023053317344,0.0003925210029138871,0.019392884131454704,0.02028619255772613,0.024274744547106895,0.20695621681929513,0.10039154419383736,0.18684389943095123,-0.00013966022686052668,0.04718201434370596,0.11822711858985713,0.16995966129616136,0.016364676761440933,0.03034332381503191,0.227950238925689,0.22796133866735102,6.0944849597911064e-33,0.22795023892568902,0.22718221205356007,0.4022150980093201,0.41142735516488643,0.35458046901724954,0.36709786822922325,0.3386488272753391,0.3491341521334639,0.28609712638922996,0.2914530276924727
4,11,0.5460407678014101,0.26893602208130024,0.43861602192308924,0.14102339251489843,64,1024,False,0.27861924880174044,0.2786039289453024,1.5319856437857038e-05,0.2828585768910231,0.26802968042817726,0.18348855905389672,0.17849266315560006,8.051527907881769e-33,0.2786039289453024,7.29109283876562e-07,0.275600925134879,0.2756016542441625,2.6455185324491034e-06,0.01724381959226503,0.018045912952702855,0.023983744819023763,0.2499837674754744,0.13677483314317979,0.23020228496461365,-0.0006887367977675488,0.0462070356667637,0.1549565655295737,0.21337627831235295,0.015576814745145384,0.02917785636964254,0.2786039289453024,0.27861924880174044,8.051527907881769e-33,0.2786039289453024,0.2828585768910231,0.6071561072843371,0.6639412947718466,0.6454763606126492,0.6580858373945552,0.6675837738414935,0.6838337403766807,1.1791942487478793,1.189113909528105
5,0,0.8386981707344859,0.23120346210491421,0.4040416852169194,0.13516771101286001,64,1024,False,0.3879554601545333,0.3871484745068458,0.0008069856476867948,0.369354248935118,0.38237136017527623,0.23085824407947272,0.2441787239649551,3.7784807595369075e-33,0.3871484745068457,0.000264686380704014,0.3764481545405399,0.37671284092124363,0.0007026210735390086,0.002835481148964813,0.005504931111498214,0.007727909763437526,0.37686642906377804,0.17709539744469294,0.2846210907142525,-0.017232298201356237,0.027575554630826248,0.19464120339398505,0.2665536819185945,-0.0007828918387531303,0.011055658244004007,0.3871484745068458,0.3879554601545333,3.7784807595369075e-33,0.3871484745068457,0.369354248935118,0.3715508045468755,0.3410102115555811,0.6454763606126492,0.6273470229035633,0.6675837738414935,0.6615026616267692,1.1791942487478793,1.4663499801452267
5,1,0.8509945975947778,0.2517532892679003,0.42232990514332286,0.3073238414892659,64,1024,False,0.1250228657451559,0.12486365303094357,0.00015921271421162817,0.1140549252088764,0.11243781096731816,0.10644650689978853,0.10646701219915222,1.2218846833360852e-32,0.12486365303094357,6.162228519516691e-05,0.12611589484199145,0.12617751712718675,0.00048837769674174,0.004637782712206346,0.0038751313749245454,0.006227116645777711,0.10856267959239362,0.06663247067105904,0.14626054312851802,-0.015380168513564182,0.029053389802601207,0.08389187243301421,0.1290566300667706,0.0013893388168071397,0.012895518659206573,0.12486365303094357,0.1250228657451559,1.2218846833360852e-32,0.12486365303094357,0.1140549252088764,0.3715508045468755,0.3824575303913037,0.6454763606126492,0.688366823925243,0.6675837738414935,0.7068545419687948,0.22252423663740828,0.24859143362581496
5,2,0.8620061669106359,0.3074011937878723,0.4784460611196508,0.26236015096294524,64,1024,False,0.11843292464216136,0.11825795242572726,0.00017497221643290393,0.12132387198315199,0.10841240749335408,0.10201569130223913,0.09385087203293853,3.404899313884737e-32,0.11825795242572726,8.220827674041389e-05,0.11949443432061277,0.11957664259735239,0.0006874944383346829,0.005653270154924961,0.004869032615149828,0.006856707701789005,0.10354337487820425,0.06314402252578581,0.14088736007869246,-0.014822579394506439,0.029936648990549118,0.08088566782680573,0.12425459489168134,0.0018214730225736275,0.01354071608511731,0.11825795242572726,0.11843292464216136,3.404899313884737e-32,0.11825795242572726,0.12132387198315199,0.3715508045468755,0.3813654526043785,0.35458046901724954,0.3343366638382183,0.3386488272753391,0.31813438080491274,0.28609712638922996,0.3010765131534189
5,3,0.8882415342124564,0.41568800941077017,0.575006389094008,0.379338709189567,64,1024,False,0.06813565050416431,0.068062390553289,7.325995087547166e-05,0.06449013513202195,0.06300970802967462,0.05531457955561613,0.05404598331553935,1.470442338742851e-32,0.06806239055328898,9.489195833860225e-05,0.06700598044757455,0.06710087240591303,0.0014141687721222567,0.005015757078535006,0.003103705296749395,0.0053742355997451795,0.05990600273292523,0.021972243461159287,0.08865691565007297,-0.014903168680028146,0.028055337277030412,0.039812054674257524,0.07249188794958172,0.0014143423177301884,0.011929076455999166,0.068062390553289,0.06813565050416431,1.470442338742851e-32,0.06806239055328898,0.06449013513202195,0.3715508045468755,0.34213232899419854,0.13063919615032835,0.1332366460705928,0.3386488272753391,0.3650475787588858,0.15813821457418875,0.1631515425215182
5,4,0.9671024528534188,0.6575469341064096,0.7854381365970555,0.5881646953398993,64,1024,False,0.03614936608324772,0.03610861266928238,4.075341396533883e-05,0.0362624344482744,0.0344812257771562,0.03515090259736911,0.03336758323332099,8.778918750585965e-33,0.03610861266928239,5.244213810349484e-06,0.037176658149332985,0.037181902363143386,0.00014104210589148926,0.0025564244524230923,0.002579025473365059,0.0036084428873244014,0.03190220030379114,0.006218146985107781,0.06408365820963044,-0.016761380708570917,0.024182592232052116,0.02353201284131501,0.04765413411951158,-0.0009488421128480695,0.008444149476417806,0.03610861266928238,0.03614936608324772,8.778918750585965e-33,0.03610861266928239,0.0362624344482744,0.18275955996962406,0.20368772075838829,0.06742775160325575,0.07564332482254536,0.059900006483532164,0.06462752089058371,0.08877011015717928,0.09460429634705762
5,6,0.8686627317169909,0.615244446524625,0.7573214748946517,0.6993217254667434,64,1024,False,0.06538062741671721,0.06537241226982331,8.215146893789755e-06,0.06512912663636493,0.06246711087832337,0.03900825564378384,0.03735850723404621,3.147231669593396e-34,0.06537241226982332,4.8031823948453816e-06,0.06549091229412489,0.06549571547651961,7.333582601395255e-05,0.002974180173744936,0.002794766845936657,0.004569814775037054,0.059672344032386714,0.00717978397618043,0.07083672731138724,-0.01608182594511874,0.025616792161690674,0.024667116755153984,0.05443832823948469,-0.00010318836575606838,0.009697545719973277,0.06537241226982331,0.06538062741671721,3.147231669593396e-34,0.06537241226982332,0.06512912663636493,0.3715508045468755,0.35724115431057324,0.07401367544826723,0.09127178234183045,0.059900006483532164,0.05885418245296561,0.04484451624408499,0.03623861003970174
5,7,0.7952021112698388,0.5238233663099643,0.681602717971692,0.5680422242960853,64,1024,False,0.09547904682131321,0.09546940338053539,9.643440777377566e-06,0.09527441192260615,0.09007449823413831,0.05524080562673135,0.05196896088307073,1.875378183355208e-33,0.09546940338053536,3.966708648359955e-05,0.092933892165608,0.09297355925209146,0.000426649111884003,0.00417848458675942,0.0036007518822454934,0.00650350657541159,0.08647374635189281,0.02125252339840543,0.08922908785505727,-0.014039551527162169,0.028747674467687476,0.03903481367160566,0.0730463943182258,0.002146789847756736,0.012574431093526073,0.09546940338053539,0.09547904682131321,1.875378183355208e-33,0.09546940338053536,0.09527441192260615,0.3715508045468755,0.37922892170221395,0.13063919615032835,0.13600611206839358,0.1375693056699874,0.14494850693239736,0.08877011015717928,0.09023195566034077
5,8,0.7149994282917974,0.4529570295929448,0.6166961689225023,0.4132150277810787,64,1024,False,0.23328530630953495,0.23327223625381754,1.3070055718474233e-05,0.2302097282281414,0.23533737625813195,0.0953681444398689,0.0957548316948756,6.89418208844499e-34,0.23327223625381754,2.5141665005879297e-05,0.23355679035988472,0.23358193202489075,0.00010763531574522713,0.010360939821331972,0.010891381847742672,0.013867759137382881,0.2244459944103893,0.05550871590401367,0.13522757297572413,-0.00948704325196089,0.03622919615519746,0.07364963281725068,0.11895208257919876,0.0069344048970378935,0.019481748713587876,0.23327223625381754,0.23328530630953495,6.89418208844499e-34,0.23327223625381754,0.2302097282281414,0.3715508045468755,0.3861885347315743,0.13063919615032835,0.1290756313710719,0.1375693056699874,0.1363514663417443,0.15813821457418875,0.15879027605541848
5,9,0.6738028944191142,0.41507426247304446,0.5760437541518246,0.3823944614903162,64,1024,False,0.14776147610887128,0.14774786043734817,1.3615671524042523e-05,0.14350821774119016,0.14663787340019976,0.06988055597828609,0.0675430940313304,9.698089568439927e-34,0.14774786043734814,5.510778429156359e-07,0.150982127998547,0.15098267907638985,3.649940816302627e-06,0.013329640939111502,0.013322113392780902,0.01610541019616596,0.13331576000741885,0.03323097316061336,0.10653013879595882,-0.007029859314619951,0.03945797785320167,0.05106492254708428,0.09021270359517075,0.00939461247617146,0.022581053010071628,0.14774786043734817,0.14776147610887128,9.698089568439927e-34,0.14774786043734814,0.14350821774119016,0.3715508045468755,0.39512451880989746,0.13063919615032835,0.1323724455062956,0.1375693056699874,0.1367374735025832,0.15813821457418875,0.15917628321625735
5,10,0.6928079334734298,0.38473848113653963,0.5453035465170698,0.32905156624214815,64,1024,False,0.16780874706076207,0.1677997606426867,8.986418074802337e-06,0.1565263464696245,0.16564009279518116,0.06844114640979544,0.07339698356785902,5.9883795729696505e-34,0.1677997606426867,4.74958251477734e-05,0.16788452435385795,0.1679320201790062,0.0002828276888299533,0.014501524051005327,0.01514333178842314,0.018351086284803406,0.15049676100675802,0.03153575954951265,0.10534653327007823,-0.005211154270166798,0.04140414024640937,0.049343574850354344,0.08902435124764452,0.011249562252487522,0.02456462666305015,0.1677997606426867,0.16780874706076207,5.9883795729696505e-34,0.1677997606426867,0.1565263464696245,0.3715508045468755,0.3980382072952022,0.35458046901724954,0.36709786822922325,0.3386488272753391,0.3491341521334639,0.22252423663740828,0.2298573355449398
5,11,0.5777369780074643,0.3282232138159802,0.4945985015065739,0.3045378920983186,64,1024,False,0.15649723925149034,0.15648581306644918,1.1426185040248473e-05,0.1364610128525179,0.15048151082472255,0.06641087999189699,0.07403614910443526,3.728600372333688e-37,0.15648581306644918,0.00020793918689210477,0.15724369347419803,0.15745163266108986,0.0013206543709818998,0.011954489378164831,0.013187502275189578,0.01829842338275011,0.13729400854953297,0.02925838409938316,0.10356337588441081,-0.006143550894959295,0.039873763258871917,0.046914834099879954,0.08706327094114386,0.010132391267688945,0.02296809399558697,0.15648581306644918,0.15649723925149034,3.728600372333688e-37,0.15648581306644918,0.1364610128525179,0.6071561072843371,0.6639412947718466,0.35458046901724954,0.36937533320162114,0.3386488272753391,0.35251144871387535,0.22252423663740828,0.24411021609708666
6,0,0.6699046417541504,0.20963791356470357,0.3811290682531492,0.11779610220208567,64,1024,False,0.19057758643955844,0.18976420433718227,0.0008133821023755987,0.1888162216940881,0.18424366647225407,0.17612306608631317,0.1724990597034904,1.7438893533653253e-32,0.1897642043371823,0.0001200932313119152,0.18719982495689946,0.18731991818821137,0.000641112981862668,0.0029167845339326238,0.005237421443121669,0.007522571341480025,0.1790062450291324,0.12809000517451474,0.2241561269981116,-0.017285493897083476,0.02766058826444015,0.14581580126832705,0.20679374683095375,-0.0008881329122232273,0.01106134648580337,0.18976420433718227,0.19057758643955844,1.7438893533653253e-32,0.1897642043371823,0.1888162216940881,0.4022150980093201,0.413446617815385,0.9890808449345107,1.1368153005858446,0.7897382941650023,0.8565074133284373,1.1791942487478793,1.4663499801452267
6,1,0.6930359751250078,0.2224624532014567,0.39088195454644065,0.25931348640454444,64,1024,False,0.20247780980031296,0.20231106372917199,0.00016674607113977526,0.20007265116427947,0.18823587314857967,0.18206502086606338,0.1714075944734057,5.271334990433217e-33,0.20231106372917199,0.00037985436592329747,0.1941327010119018,0.1945125553778249,0.001952852684421636,0.004981621051789837,0.005137640004609104,0.0076649312562994286,0.18309823314397056,0.13468608194257,0.22944395978955676,-0.015083721106819926,0.0294249174812343,0.15304717202525353,0.21272691448393743,0.0016018472160794772,0.013172788771043997,0.20231106372917199,0.20247780980031296,5.271334990433217e-33,0.20231106372917199,0.20007265116427947,0.3715508045468755,0.3824575303913037,0.6454763606126492,0.688366823925243,0.6675837738414935,0.7068545419687948,0.28609712638922996,0.2945734368299478
6,2,0.6880080822327526,0.25884626635201324,0.4289703502348647,0.1963044932994882,64,1024,False,0.19880952952792824,0.19862559976221844,0.00018392976570941628,0.20356240274036108,0.188679598132364,0.17192257394465002,0.16039468031352266,2.5628658967313905e-32,0.1986255997622185,0.0004657999090161961,0.19220531967898644,0.1926711195880025,0.002417590711115591,0.006085591467855415,0.006398074958357187,0.008456037156685756,0.18228152317400684,0.1250275305529076,0.21881761733639243,-0.013958209342066022,0.030114337714252197,0.1434252399340039,0.20217358587979106,0.0025306692041340284,0.01375691613793606,0.19862559976221844,0.19880952952792824,2.5628658967313905e-32,0.1986255997622185,0.20356240274036108,0.3715508045468755,0.3813654526043785,0.6454763606126492,0.7403967430550886,0.6675837738414935,0.7549473832738401,0.33554183585615516,0.3795349802280865
6,3,0.719781565751225,0.311267068680427,0.47759959261414986,0.2892433375035641,64,1024,False,0.1652906404016462,0.16520871600550546,8.192439614238434e-05,0.16000819590361767,0.16364667046615933,0.11639959250164325,0.122888784616255,1.3490856196879013e-32,0.16520871600550546,0.00029335864484159523,0.1642270275488464,0.16452038619368795,0.0017831142488094302,0.005467085760425303,0.004300932648071408,0.007029765660678155,0.15934573781808792,0.07496536376423414,0.15783382123905237,-0.013978882167724341,0.028928704895638292,0.09366568890982307,0.14188760557590285,0.0022533433148055337,0.012748115063004661,0.16520871600550546,0.1652906404016462,1.3490856196879013e-32,0.16520871600550546,0.16000819590361767,0.3715508045468755,0.34510778636754025,0.35458046901724954,0.3750940357837655,0.3386488272753391,0.3694505285512415,0.23828176542673912,0.30171732774580357
6,4,0.8067499377271222,0.43898910253379575,0.5976697058607423,0.39168369343150167,64,1024,False,0.0675354124213508,0.06747977254241141,5.563987893973113e-05,0.06769428990013274,0.06560183763880713,0.054578458327331325,0.05692374844882384,6.000593612034542e-33,0.06747977254241141,1.954607774600316e-06,0.06766902179660601,0.0676709764043806,2.888398953962465e-05,0.004646140133050525,0.004669809646273516,0.006454931947589631,0.06093202799253361,0.021459781654058964,0.0876971350006037,-0.014740184356832995,0.027230817818865646,0.03910395178536419,0.07141353334009182,0.0011882813123520464,0.01113802752661286,0.06747977254241141,0.0675354124213508,6.000593612034542e-33,0.06747977254241141,0.06769428990013274,0.3715508045468755,0.34024962020317984,0.13063919615032835,0.1319260550036589,0.1375693056699874,0.13972014881661982,0.15813821457418875,0.16215895853029397
6,5,0.8686627317169909,0.615244446524625,0.7573214748946517,0.6993217254667434,64,1024,False,0.023980559095981336,0.023961883030747727,1.8676065233554597e-05,0.02455990585180505,0.022967555855878074,0.02227252982378691,0.02095918196861219,6.068511098189121e-35,0.023961883030747727,1.0147088299945251e-05,0.023845344093829164,0.023855491182129096,0.00042535650272197104,0.0025657773558099214,0.002875891501326276,0.003966643530541031,0.0200916643545518,-0.004406951600973038,0.04895201124854685,-0.01671290934240948,0.02398101360504088,0.012845753859437536,0.03260522198252147,-0.001021125674014911,0.008262900017143693,0.023961883030747727,0.023980559095981336,6.068511098189121e-35,0.023961883030747727,0.02455990585180505,0.3715508045468755,0.356015045721946,0.07401367544826723,0.09049826531375461,0.059900006483532164,0.06512912663636493,0.04484451624408499,0.05350809168002937
6,7,0.9521312555477247,0.7741315143423639,0.8697964086861198,0.750254869892164,64,1024,False,0.07089271780305975,0.07088693979073331,5.778012325973702e-06,0.07296950938385664,0.06817834447501839,0.04887896219772048,0.04151844382444017,2.5630090810630675e-33,0.07088693979073331,1.0374732127199884e-06,0.07365458576322961,0.07365562323644208,1.4085458341579615e-05,0.0017467675688763885,0.0011459052731781635,0.0024679707326706758,0.06703243920184022,0.0164675577636198,0.08129036663182115,-0.017263400587472826,0.023813992295705293,0.03408498302451335,0.06497290557308588,-0.0013906723106629215,0.008062271990638692,0.07088693979073331,0.07089271780305975,2.5630090810630675e-33,0.07088693979073331,0.07296950938385664,0.3637967084035761,0.37922892170221395,0.03695748474438662,0.029465692786409405,0.03695748474438662,0.029465692786409405,0.037037160255889046,0.02826286303539353
6,8,0.87789883301159,0.6168226467064931,0.7564045395007449,0.5428795243688515,64,1024,False,0.16567592891299154,0.16566542967489972,1.0499238092413453e-05,0.15798365883185586,0.1680006335323304,0.07437597783711304,0.07483121934638452,4.036246067735729e-34,0.16566542967489972,1.7297730721098868e-05,0.17037807243609415,0.17039537016681552,0.00010151526244031482,0.007804850636304059,0.00964652901383883,0.011811679215176916,0.15835410451849158,0.037565205773489554,0.11118674990073653,-0.012173112145224419,0.03228760129095984,0.05546454382420052,0.09486637625377625,0.004171358588791918,0.015751515500596724,0.16566542967489972,0.16567592891299154,4.036246067735729e-34,0.16566542967489972,0.15798365883185586,0.3715508045468755,0.3861885347315743,0.07401367544826723,0.05825457848203371,0.08284703491430205,0.05825457848203373,0.10318283465244947,0.08509846473134873
6,9,0.8406097709914969,0.5423208764150722,0.689446924882672,0.47481266393409605,64,1024,False,0.16071907574671965,0.16070690106612878,1.2174680591237123e-05,0.1499307012816782,0.15925713443720574,0.0751060451471867,0.07985691585144894,5.89996698232355e-33,0.16070690106612878,4.955140521988902e-06,0.16648608505676235,0.16649104019728456,2.9762205318179756e-05,0.011879603639352535,0.01214951016333094,0.014206774273992836,0.1471076242738748,0.03829594299507176,0.11191614729930165,-0.008799945938955566,0.03705246599706491,0.055971680383663625,0.09540588675736217,0.007573050046630669,0.020227929737302475,0.16070690106612878,0.16071907574671965,5.89996698232355e-33,0.16070690106612878,0.1499307012816782,0.3715508045468755,0.39512451880989746,0.13063919615032835,0.1323724455062956,0.1375693056699874,0.1367374735025832,0.15813821457418875,0.15917628321625735
6,10,0.8228771499130038,0.48173603824560507,0.6347591827369055,0.42525638665775456,64,1024,False,0.17985969188475348,0.1798521431203595,7.548764394733206e-06,0.16868205123233812,0.17968990172298693,0.06958390227864286,0.07625964016546284,4.594008518752339e-33,0.1798521431203595,8.196442299322988e-06,0.1831117594772415,0.1831199559195404,4.475996216886573e-05,0.012879544914689699,0.013252308105476689,0.016065650515495297,0.16643759361751023,0.032662096801199886,0.10650570775608584,-0.007008998197110237,0.03901415337884269,0.05066659666772466,0.09032736501831096,0.009442349881283008,0.022270556844887324,0.1798521431203595,0.17985969188475348,4.594008518752339e-33,0.1798521431203595,0.16868205123233812,0.3715508045468755,0.3980382072952022,0.13063919615032835,0.1308935785884189,0.1375693056699874,0.13849994941679078,0.15813821457418875,0.15767978689339965
6,11,0.6092183254174012,0.38838603870727484,0.549824226249197,0.34898974965824303,64,1024,False,0.2075390481884448,0.20752780229445456,1.1245893989579278e-05,0.18803345638831956,0.1909825480517478,0.07222853009315476,0.0794078303072836,1.006451699965904e-33,0.20752780229445456,0.00024445883391413753,0.20156293486424195,0.20180739369815648,0.0012113472625278282,0.011378778605490539,0.012324685945223434,0.017101400404416243,0.17865786210652437,0.03336733636436179,0.11108972382194773,-0.006880987239613209,0.03891047690597898,0.05088390521996189,0.09423218636220554,0.00941928871179698,0.022074133114074357,0.20752780229445456,0.2075390481884448,1.006451699965904e-33,0.20752780229445456,0.18803345638831956,0.4022150980093201,0.45053199446721043,0.35458046901724954,0.36937533320162114,0.3386488272753391,0.35015476771593046,0.15813821457418875,0.16238376645412878
7,0,0.5857162239436342,0.2008706503507643,0.3726070333504299,0.12307036146072847,64,1024,False,0.23649128078268739,0.23567698200187062,0.000814298780815753,0.22665253318335365,0.2415706799606952,0.1763510864203211,0.18765680977171814,2.4125894157714444e-33,0.23567698200187062,1.1262972756385067e-05,0.24496741462953966,0.2449786776022958,4.597531861393114e-05,0.0030104389248892106,0.004036407995969723,0.006374581378407869,0.23753427196472549,0.12805324252108052,0.22464893031956168,-0.01694631934099247,0.02734884670446753,0.14570359481149353,0.20718283130554482,-0.000618627505900804,0.010845237229659688,0.23567698200187062,0.23649128078268739,2.4125894157714444e-33,0.23567698200187062,0.22665253318335365,0.6071561072843371,0.6325230122244025,1.015345911537564,1.1368153005858446,1.015345911537564,1.128016394159594,1.1791942487478793,1.4663499801452267
7,1,0.618233157013171,0.21232861039423986,0.38063788998273773,0.1528502949820022,64,1024,False,0.19740476876075594,0.1972276020195904,0.00017716674116565552,0.18963090677957867,0.19908895748797856,0.1716418965919398,0.17913374671997595,1.828992005500285e-33,0.19722760201959033,6.7211759957982265e-06,0.2039543325360383,0.2039610537120339,3.295323236213341e-05,0.004156858806033012,0.004289477418504018,0.006784650415629907,0.19479948006947453,0.1253016542039015,0.2179821389799781,-0.015711634358000645,0.02827566118579003,0.14287159028026508,0.2005548158485908,0.0009073315159184858,0.012107302238291595,0.1972276020195904,0.19740476876075594,1.828992005500285e-33,0.19722760201959033,0.18963090677957867,0.4022150980093201,0.4134037396529907,0.6454763606126492,0.8772139865452383,0.7897382941650023,0.9313429383610617,0.8076039405155461,0.989038585757106
7,2,0.6029586531241123,0.24081598212550098,0.4101600973082911,0.1657109792005439,64,1024,False,0.08977452186535985,0.08958656801197874,0.0001879538533809426,0.08884685590909325,0.08620380267200127,0.09131849909181972,0.08907167999067264,2.3956528755773116e-32,0.08958656801197874,7.724516248327611e-05,0.08920350146373418,0.08928074662621774,0.0008651939572892492,0.005463198551007179,0.005040039983691415,0.007249029522999269,0.08116376268830985,0.05630182694002253,0.1263351712436169,-0.01431499127029739,0.029175689848842327,0.07349083097506082,0.10931461500149453,0.0020528459135675803,0.012897626504127402,0.08958656801197874,0.08977452186535985,2.3956528755773116e-32,0.08958656801197874,0.08884685590909325,0.4022150980093201,0.41870816338301625,0.6454763606126492,0.7403967430550886,0.6675837738414935,0.7549473832738401,0.6325944453993094,0.6930108442315557
7,3,0.6378988561741685,0.2796655109368926,0.4488019991748281,0.21050042129347357,64,1024,False,0.128925681339179,0.12883768182989888,8.799950927966478e-05,0.12569530761438194,0.12146242201095578,0.11549305350929412,0.11521393600427947,6.997823060659414e-33,0.12883768182989888,0.00018249423777471092,0.12753401398137418,0.12771650821914943,0.0014289009331633785,0.005533693682480398,0.0038699272302702226,0.0066985580788965,0.11759249478068555,0.0759687439968317,0.15501736302175653,-0.013854333161648497,0.028971671586319934,0.0942629351047799,0.13876877204165794,0.0022737598555977456,0.012724283384159207,0.12883768182989888,0.128925681339179,6.997823060659414e-33,0.12883768182989888,0.12569530761438194,0.4022150980093201,0.4167687711880011,0.35458046901724954,0.3750940357837655,0.3386488272753391,0.3694505285512415,0.28609712638922996,0.30209706230764755
7,4,0.7253252196559872,0.3812670844840177,0.543986201311782,0.3179102703088259,64,1024,False,0.08890586948584818,0.08884470141586105,6.116806998735243e-05,0.08649446930741025,0.08720416485860956,0.07799339716475992,0.08210497836530094,8.49335105474771e-34,0.08884470141586105,5.2601525790698236e-06,0.09100907674728147,0.09101433689986034,5.779476902476774e-05,0.004602405149131805,0.004026175736069122,0.005860454161358248,0.08317798912254043,0.042265579429286645,0.1137212149002332,-0.014594041424168962,0.027318771412991247,0.059732122092100326,0.09700923752097879,0.0012672705051954836,0.011178150460182223,0.08884470141586105,0.08890586948584818,8.49335105474771e-34,0.08884470141586105,0.08649446930741025,0.3715508045468755,0.34024962020317984,0.35458046901724954,0.38431128868920883,0.3386488272753391,0.3636416390122384,0.22252423663740828,0.2259187507592108
7,5,0.7952021112698388,0.5238233663099643,0.681602717971692,0.5680422242960853,64,1024,False,0.0587383948877634,0.058711880783077465,2.65141046859728e-05,0.05971868225031099,0.05784128524316294,0.05413200061972566,0.05251974177645764,3.26484414544502e-34,0.058711880783077465,5.506815969671025e-09,0.059314861946158405,0.05931486745297432,9.284039914675537e-08,0.003292867951937952,0.0036008670346020367,0.004414937442505537,0.0542404182085609,0.021410384396891885,0.08685361684255943,-0.01662909859870273,0.024941743046726948,0.03885276190703735,0.07029046649404336,-0.0007619860771228559,0.00897042737051379,0.058711880783077465,0.0587383948877634,3.26484414544502e-34,0.058711880783077465,0.05971868225031099,0.3715508045468755,0.356015045721946,0.13063919615032835,0.13613428607618674,0.1375693056699874,0.14690877104805494,0.08877011015717928,0.08624112447005705
7,6,0.9521312555477247,0.7741315143423639,0.8697964086861198,0.750254869892164,64,1024,False,0.03077713526953041,0.03076517075133621,1.1964518194436553e-05,0.03094830758130359,0.02770403900190242,0.028924577511555118,0.02543951947891679,1.12293562366856e-33,0.030765170751336213,2.965023838131413e-05,0.02976521138219446,0.0297948616205757,0.0009951460342020285,0.0012419891187979357,0.001185067846344348,0.0013744371453196776,0.026518971155558072,0.0015529012212747613,0.05629625380183548,-0.018215130616259477,0.02120535110779998,0.018516024960263167,0.039592355948116165,-0.00284730701969238,0.005868928776180837,0.03076517075133621,0.03077713526953041,1.12293562366856e-33,0.030765170751336213,0.03094830758130359,0.3637967084035761,0.35724115431057324,0.03695748474438662,0.0379069963522584,0.03695748474438662,0.0379069963522584,0.037037160255889046,0.03623861003970174
7,8,0.9300057933626602,0.7551337711441886,0.8585819405298434,0.7205205777618446,64,1024,False,0.04000519277126647,0.039998564188415194,6.628582851338548e-06,0.03307418203945702,0.04149004886033205,0.009902712995941422,0.017010701210376795,9.53741394100845e-34,0.039998564188415194,4.948878091315898e-06,0.040816349503897904,0.040821298381989286,0.00012123274583297885,0.005017503374174328,0.006279323798826383,0.007514404525133784,0.03521072506150567,-0.016654256093021673,0.036459682084904514,-0.01464258361323729,0.02759981592290759,0.00026001414516940713,0.019804096569714602,0.001399852400936652,0.011500162429001648,0.039998564188415194,0.04000519277126647,9.53741394100845e-34,0.039998564188415194,0.03307418203945702,0.3637967084035761,0.3861885347315743,0.03695748474438662,0.03773414528537254,0.03695748474438662,0.03773414528537254,0.037037160255889046,0.03831537677728703
7,9,0.8984978347723741,0.644124015435348,0.7755352785319283,0.6390674703540281,64,1024,False,0.06067226679204421,0.06066365895022342,8.607841820725906e-06,0.05322600753668718,0.05925156627819318,0.020209883301790937,0.02722464815841392,4.182529434685014e-34,0.06066365895022342,1.4211164035495998e-05,0.06045951887579842,0.06047373003983396,0.00023499731248816843,0.009864535479236748,0.009480531232869967,0.010838200680804653,0.049771035045323216,-0.00858432544679056,0.049004092050372434,-0.010823021948993945,0.033727566641079676,0.008449421933619305,0.03236409193050349,0.005494377990544308,0.017125047430454288,0.06066365895022342,0.06067226679204421,4.182529434685014e-34,0.06066365895022342,0.05322600753668718,0.3715508045468755,0.39512451880989746,0.06742775160325575,0.07216166629211193,0.059900006483532164,0.061234806272901156,0.047697574201861576,0.043952724451735314
7,10,0.8673645850021671,0.5548376208414213,0.7018945337909315,0.5431810059521491,64,1024,False,0.09693631886422274,0.09693066506061683,5.653803606361267e-06,0.08598239767796347,0.09667622000292295,0.026044086738252443,0.0354107113606656,1.8660568482683412e-34,0.09693066506061683,8.984310099464048e-05,0.10013124312353386,0.10022108622452883,0.000896449084510637,0.011045108377216468,0.010054856683345692,0.012055065837655256,0.08662136331957726,-0.004692637598099052,0.056780811074603935,-0.00902866566915467,0.03598010054560838,0.012742988001264166,0.04040917848033132,0.0073750499650486745,0.019360517064342275,0.09693066506061683,0.09693631886422274,1.8660568482683412e-34,0.09693066506061683,0.08598239767796347,0.3715508045468755,0.3980382072952022,0.13063919615032835,0.1308935785884189,0.1375693056699874,0.13849994941679078,0.08877011015717928,0.08907985598820327
7,11,0.6173010444149943,0.42866851486483304,0.5908258061752469,0.3928614485262215,64,1024,False,0.11525780172571848,0.11524686253843426,1.093918728447319e-05,0.10080573982564928,0.10905481410635907,0.027946612053002407,0.03466464829787923,2.7273093942467644e-36,0.11524686253843426,0.00019827633623171993,0.11845365913057823,0.11865193546680981,0.0016710754481302434,0.009389461130079551,0.009406843428930178,0.013480548320931082,0.0996479706774289,-0.00461425476438004,0.06050747887038485,-0.008945888169174698,0.03586267956031361,0.01276237396086799,0.04407864687527763,0.007309675187570974,0.019165005200193264,0.11524686253843426,0.11525780172571848,2.7273093942467644e-36,0.11524686253843426,0.10080573982564928,0.4022150980093201,0.45053199446721043,0.13063919615032835,0.13563191438121255,0.1375693056699874,0.1411108517374633,0.15813821457418875,0.16238376645412878
8,0,0.5223581096173258,0.1930445349663126,0.3630149571129296,0.14572151439328992,64,1024,False,0.18345030311908492,0.18263842241461817,0.0008118807044676802,0.16837305018408388,0.18215623674887832,0.1617573824606189,0.17582688513237035,2.756701225120274e-33,0.18263842241461817,6.767006232862125e-06,0.18055270918254349,0.180559476188776,3.747798994380766e-05,0.0027994302102046,0.0036444303839938807,0.006044057020328207,0.17851180636488445,0.11526151613035533,0.20825324879088247,-0.016866847419139734,0.026822595474413992,0.13251486472290708,0.19044743773702066,-0.0005870066524948925,0.010446123582369182,0.18263842241461817,0.18345030311908492,2.756701225120274e-33,0.18263842241461817,0.16837305018408388,0.8847721615478806,0.9936403765780039,1.9911377199008884,3.855825083333945,1.9911377199008884,3.855825083333945,1.1791942487478793,1.4663499801452267
8,1,0.5502715971739797,0.20549706451551908,0.3745760670264757,0.18845081048089649,64,1024,False,0.11325642672900631,0.11308122598847425,0.00017520074053181434,0.10916964041374952,0.10995304452971705,0.11034794595407307,0.11120115663407663,1.959231247203884e-33,0.11308122598847424,5.911037142266157e-05,0.1124684662093344,0.11252757658075706,0.0005252967603033746,0.0036139478248184064,0.0032326355452783257,0.005634503232920681,0.10672040898443873,0.07206818396179172,0.14862770794635444,-0.015919708135420194,0.027272157976971433,0.08954714590072399,0.13166046988771996,0.000588605078519322,0.01126196487894049,0.11308122598847425,0.11325642672900631,1.959231247203884e-33,0.11308122598847424,0.10916964041374952,0.6071561072843371,0.6782510846383654,0.9890808449345107,1.1650630858386628,0.7897382941650023,1.0791818259292636,0.6325944453993094,0.757501538905486
8,2,0.5333374938122847,0.22731999503119116,0.39610978667935715,0.1515729147980562,64,1024,False,0.13181885201327648,0.13162897433652102,0.00018987767675506006,0.13720492383649227,0.12510772841410267,0.1363546502110037,0.12415123932795576,1.5886760912405654e-32,0.13162897433652102,0.00020219768477623766,0.1257976144650955,0.12599981214987183,0.0016047459224441656,0.004969442127596363,0.004064915604701506,0.006320318431687694,0.12104281280940116,0.09521752408028537,0.17749177634172203,-0.014532859068897102,0.028456576042311155,0.11338352400343865,0.16102556339319563,0.001811082816857379,0.012357318002614193,0.13162897433652102,0.13181885201327648,1.5886760912405654e-32,0.13162897433652102,0.13720492383649227,0.6071561072843371,0.6983178851023155,0.6454763606126492,0.7403967430550886,0.6675837738414935,0.7549473832738401,0.8302227869954618,0.9688263596272557
8,3,0.5611769056422438,0.2549645298839089,0.4247870164097193,0.1616250620096162,64,1024,False,0.2663617775287214,0.2662703917846484,9.138574407138039e-05,0.2680517488277768,0.25839246804640226,0.2168730154651734,0.20895066214373523,3.66335534401858e-33,0.2662703917846484,0.00018965675336381934,0.2591648362124314,0.2593544929657957,0.0007312645761214236,0.005148345846523214,0.0029509276402847236,0.0057579121117061335,0.25544154040611755,0.16754138927278708,0.26620464165755975,-0.013807950195118181,0.028201343423313718,0.18610554900806164,0.24951999049517326,0.0021834777726326138,0.01215373301965883,0.2662703917846484,0.2663617775287214,3.66335534401858e-33,0.2662703917846484,0.2680517488277768,0.6071561072843371,0.6623221296469339,0.6454763606126492,0.5134385926010974,0.6675837738414935,0.5134385926010974,0.6325944453993094,0.6730991894628131
8,4,0.6422294684547968,0.3418188045498386,0.5084594812309482,0.23893803634762162,64,1024,False,0.15337386890202473,0.15330798255059147,6.588635143321799e-05,0.15538304382996776,0.15717651031348756,0.1411926935328966,0.1454332510276048,6.6605592964632565e-34,0.15330798255059147,5.079085663998118e-07,0.15539502568492444,0.15539553359349118,3.2684888339743494e-06,0.0038819272334801275,0.003226052994634667,0.005121780695457559,0.1539504573188529,0.09901068613061467,0.18337470093517852,-0.014998762549258013,0.026387535633627904,0.11691736205830239,0.1666361929528648,0.0007405879950965755,0.010364514164393768,0.15330798255059147,0.15337386890202473,6.6605592964632565e-34,0.15330798255059147,0.15538304382996776,0.4022150980093201,0.4445765770737441,0.35458046901724954,0.38431128868920883,0.3386488272753391,0.3636416390122384,0.28609712638922996,0.28340285401001064
8,5,0.7149994282917974,0.4529570295929448,0.6166961689225023,0.4132150277810787,64,1024,False,0.07027795126123008,0.07024420620723268,3.374505399726234e-05,0.06920599314376437,0.07063632432834842,0.07168108516305408,0.07243336444452309,2.803041774484932e-35,0.07024420620723268,5.742321949464223e-07,0.07424880337309327,0.0742493776052881,7.733831763534203e-06,0.003270169692788325,0.0033207630621828947,0.0043865462161812845,0.06731556126616553,0.03885486272701639,0.10450730759909177,-0.016270266756841782,0.02520810564193022,0.05608938779187156,0.08777833637577714,-0.00040399930003331974,0.00927808979031397,0.07024420620723268,0.07027795126123008,2.803041774484932e-35,0.07024420620723268,0.06920599314376437,0.3715508045468755,0.356015045721946,0.13063919615032835,0.13613428607618674,0.1375693056699874,0.14690877104805494,0.15813821457418875,0.16532072082453014
8,6,0.87789883301159,0.6168226467064931,0.7564045395007449,0.5428795243688515,64,1024,False,0.04654491709251994,0.04652452298863806,2.039410388159819e-05,0.04838201047304309,0.043579996249281376,0.04405016346987164,0.03879157829893341,5.703012928168173e-35,0.046524522988638066,8.279561209393288e-05,0.046898722557191776,0.04698151816928578,0.00176230175865327,0.0018917338991966707,0.0029006756216148895,0.003122626792457435,0.040679320627666486,0.013997165696893181,0.0741031612428501,-0.018251959306241506,0.02306970304818023,0.030958093782828655,0.05734161543659866,-0.002439500887703616,0.007155499260989018,0.04652452298863806,0.04654491709251994,5.703012928168173e-35,0.046524522988638066,0.04838201047304309,0.3715508045468755,0.35724115431057324,0.07401367544826723,0.09127178234183045,0.08284703491430205,0.09433537639472171,0.10318283465244947,0.15798365883185586
8,7,0.9300057933626602,0.7551337711441886,0.8585819405298434,0.7205205777618446,64,1024,False,0.029433220710829183,0.029423010897583788,1.0209813245321659e-05,0.030912627936825476,0.024209735736655944,0.031057861565835808,0.024528975933680912,1.0369104318309392e-33,0.029423010897583788,9.387675407997578e-06,0.030037616775236937,0.030047004450644836,0.00031243298889970075,0.0021272144260676145,0.0008179509628625617,0.0011973365757282479,0.023391784773793382,0.0038812420031236715,0.05823448112854794,-0.01766257796036345,0.022534084633254087,0.021177061382331885,0.041972639330197126,-0.0021257462285575457,0.006924301262188237,0.029423010897583788,0.029433220710829183,1.0369104318309392e-33,0.029423010897583788,0.030912627936825476,0.3637967084035761,0.37922892170221395,0.03695748474438662,0.029465692786409405,0.03695748474438662,0.029465692786409405,0.037037160255889046,0.03587551854008322
8,9,0.9728704555024729,0.8249368751921458,0.9006697202020927,0.8788390865292535,64,1024,False,0.01635480407350585,0.01635171351941931,3.090554086398835e-06,0.01288273703987588,0.015662254103632894,0.008726327506547928,0.012170526818871614,1.3272546265242692e-33,0.016351713519419303,1.5943509302434701e-06,0.015968644565156332,0.015970238916086506,9.98326285925198e-05,0.001967206748422803,0.0020716872681549995,0.00267729983429165,0.013590566835477895,-0.014754963647125495,0.03220761866022135,-0.01732388649181348,0.02260146004825694,0.001634316475247033,0.015224601331283338,-0.0018712080345721915,0.007057898925268091,0.01635171351941931,0.01635480407350585,1.3272546265242692e-33,0.016351713519419303,0.01288273703987588,0.18275955996962406,0.20702767753101664,0.01568920387742188,0.01849567071496788,0.01568920387742188,0.01849567071496788,0.01568920387742188,0.01849567071496788
8,10,0.9329985011353279,0.6815614272972645,0.803626491259787,0.7303748957901607,64,1024,False,0.046722842360860106,0.04672061796158325,2.224399276666483e-06,0.041221534236859494,0.048245778917516656,0.018466280591143608,0.02660983503870235,7.776025741172856e-35,0.04672061796158325,1.147160882573576e-05,0.04676352637379668,0.04677499798262222,0.0002452508673543434,0.0036407525212899553,0.0035133495879990685,0.0047239202378227575,0.044732429329517584,-0.009089933447676255,0.04602249462996347,-0.015624633454660522,0.02601308968696882,0.007861576887080446,0.029409160764771514,0.00022688484023092315,0.009991948652896099,0.04672061796158325,0.046722842360860106,7.776025741172856e-35,0.04672061796158325,0.041221534236859494,0.3637967084035761,0.3980382072952022,0.03727618679039633,0.0375272542845571,0.03727618679039633,0.0375272542845571,0.037037160255889046,0.0375272542845571
8,11,0.6390968810061033,0.5031651418576999,0.6611627729728061,0.500217995882365,64,1024,False,0.10771062799404597,0.10770160623974065,9.02175430498851e-06,0.09641885802985677,0.10226716051600299,0.02489846329015763,0.03164369627748352,5.104453909724819e-34,0.10770160623974065,2.002638520014116e-05,0.10566054570920005,0.10568057209440043,0.0001894992126107375,0.003441842492772258,0.0037090685414703155,0.0065833893156670145,0.09855809197453268,-0.005618898511347718,0.05541582509166298,-0.014976254507116243,0.027402000786709086,0.011674266577756498,0.03904677678656299,0.0009526576759526506,0.011155754327774048,0.10770160623974065,0.10771062799404597,5.104453909724819e-34,0.10770160623974065,0.09641885802985677,0.4022150980093201,0.45053199446721043,0.13063919615032835,0.13563191438121255,0.1375693056699874,0.1411108517374633,0.15813821457418875,0.16238376645412878
9,0,0.47687741382007326,0.189700331977419,0.359868027424879,0.14422512732292067,64,1024,False,0.1387833236693385,0.13797098419120526,0.0008123394781328692,0.12470353123582985,0.13724788643030938,0.12414562447122549,0.13746248296775512,1.3541860765440185e-35,0.13797098419120526,1.4635601305479604e-05,0.13604318278515304,0.13605781838645897,0.00010756898412047593,0.0018359291117835668,0.0038147210603800947,0.006185209847246129,0.1334331653699293,0.08216851218858254,0.16612273675386843,-0.01758513329799667,0.025779467046798277,0.0992392353437026,0.1484836558738607,-0.0013675412701559253,0.009454263519728556,0.13797098419120526,0.1387833236693385,1.3541860765440185e-35,0.13797098419120526,0.12470353123582985,1.1917514732153809,1.547434120541898,1.9911377199008884,3.855825083333945,1.9911377199008884,3.855825083333945,1.1791942487478793,1.4663499801452267
9,1,0.5058181639693814,0.20069132131608336,0.3709085586359705,0.16722723075461718,64,1024,False,0.13185330916443527,0.1316763878645934,0.00017692129984230335,0.12429627612844091,0.1266783891965165,0.12084999306654581,0.1248664852118449,2.3665723169787868e-35,0.1316763878645934,3.534702432607199e-05,0.12904992415406855,0.12908527117839497,0.0002738269362832468,0.002481593894647631,0.0026112001734770155,0.0049685639482711045,0.12406718902303948,0.08059935617830112,0.16110062995479052,-0.016786853070867302,0.025923326153944583,0.09846047117753187,0.14438811711443122,-0.0003963492199545726,0.00997031742008403,0.1316763878645934,0.13185330916443527,2.3665723169787868e-35,0.1316763878645934,0.12429627612844091,0.8847721615478806,0.9736954457083861,1.015345911537564,1.5520544141210393,1.015345911537564,1.5520544141210393,0.6325944453993094,0.757501538905486
9,2,0.48754049286665074,0.21983603631534226,0.38876920197723575,0.11134008010352239,64,1024,False,0.14356458544295025,0.14337147008440154,0.00019311535854905638,0.14399428650370838,0.14371070238392936,0.1377196805436654,0.1378975523612138,5.04969591769425e-33,0.1433714700844016,6.789195963421434e-05,0.14012853975661074,0.1401964317162445,0.00048426310714973594,0.004170385086663473,0.003415023226511072,0.005578057964182258,0.14029567915741828,0.09582186676153523,0.17961749432579557,-0.015219729093391131,0.027493764324009892,0.11389450890419539,0.1630239851438091,0.0010660851548891515,0.011440723050327506,0.14337147008440154,0.14356458544295025,5.04969591769425e-33,0.1433714700844016,0.14399428650370838,0.8847721615478806,0.994388377866761,0.6454763606126492,0.7403967430550886,0.6675837738414935,0.7549473832738401,1.1791942487478793,1.2608662180888146
9,3,0.5168960001495547,0.24159812813781106,0.41217483227779056,0.14198855026100482,64,1024,False,0.2473788402413659,0.24728631123112313,9.252901023966627e-05,0.2465294536628162,0.2492544322174957,0.19607600480164164,0.19542425972151128,3.261501587030427e-34,0.24728631123112313,2.856326301277043e-05,0.24513342084414375,0.2451619841071569,0.00011650771679301562,0.003941550810346905,0.002086615603505047,0.004825867271306886,0.24716781661399068,0.14812068099444975,0.24403132860883353,-0.014926342217460215,0.02686325402637039,0.16646377601864515,0.22723467401374364,0.0009789621399249882,0.010825932811712846,0.24728631123112313,0.2473788402413659,3.261501587030427e-34,0.24728631123112313,0.2465294536628162,0.8847721615478806,0.9779405175309651,0.6454763606126492,0.6705093216246717,0.6675837738414935,0.7184519492550535,1.1791942487478793,1.2516681352455812
9,4,0.5993286789881047,0.31796006712371794,0.484544889134956,0.19425204763068127,64,1024,False,0.19120429281610432,0.19113618838578944,6.810443031551866e-05,0.198555126030842,0.19850331200187918,0.16399454345025952,0.16745839872171056,2.7876334201131103e-33,0.1911361883857895,2.5890575985611115e-06,0.19588592647527314,0.19588851553287231,1.3216995348186393e-05,0.0029200273107609,0.0022829977656132353,0.0040741517673839505,0.19622031423626593,0.11871028134558133,0.20927880555493772,-0.015984273269882558,0.025289782317706993,0.13676442485302687,0.19242108466278296,-0.00027952655364060774,0.009280319805839099,0.19113618838578944,0.19120429281610432,2.7876334201131103e-33,0.1911361883857895,0.198555126030842,0.4022150980093201,0.4445765770737441,0.35458046901724954,0.38431128868920883,0.3386488272753391,0.3636416390122384,0.33554183585615516,0.38120407246459287
9,5,0.6738028944191142,0.41507426247304446,0.5760437541518246,0.3823944614903162,64,1024,False,0.08602653325870854,0.08599148306927665,3.505018943219967e-05,0.0876544686764688,0.08746129818223183,0.08680072725119313,0.08712492367870471,1.1090275205751674e-33,0.08599148306927665,7.867994588036245e-08,0.09026454055243922,0.09026461923238471,8.716587578772396e-07,0.0021967647596348324,0.00172155849521372,0.0028548787444543505,0.08573973968701812,0.05119783082651426,0.122403623675872,-0.01711212649138594,0.02407881341790315,0.06870727201749105,0.10572463884454919,-0.0013153160471119918,0.008212176828237716,0.08599148306927665,0.08602653325870854,1.1090275205751674e-33,0.08599148306927665,0.0876544686764688,0.3715508045468755,0.356015045721946,0.13063919615032835,0.14350821774119016,0.1375693056699874,0.14690877104805494,0.15813821457418875,0.16532072082453014
9,6,0.8406097709914969,0.5423208764150722,0.689446924882672,0.47481266393409605,64,1024,False,0.039437277714982004,0.039414482032265205,2.2795682716901805e-05,0.039585516048942865,0.03556971801599986,0.03744340072386436,0.03390548509574386,3.420297640581314e-33,0.03941448203226521,2.1952488909196696e-05,0.038975820071822626,0.03899777256073191,0.0005629164813197908,0.001560183148777362,0.0017090066057740092,0.0023098360593495405,0.033860711410225855,0.008562067520985567,0.06632473392674315,-0.01806209812632731,0.02293921757799519,0.025688839545182418,0.04974408708221745,-0.002307081434992142,0.0071215445786947384,0.039414482032265205,0.039437277714982004,3.420297640581314e-33,0.03941448203226521,0.039585516048942865,0.3715508045468755,0.35724115431057324,0.13063919615032835,0.13605860785928317,0.1375693056699874,0.14501100192155164,0.15813821457418875,0.17239129959574626
9,7,0.8984978347723741,0.644124015435348,0.7755352785319283,0.6390674703540281,64,1024,False,0.04062491796246986,0.040612100484252574,1.2817478217103738e-05,0.042169140867035965,0.03414718416607067,0.040953223312717835,0.032734846360191895,6.6605592964632565e-34,0.040612100484252574,1.04919837942919e-07,0.04130382922114555,0.04130393414098349,2.5401899389243204e-06,0.002422460680081904,9.681990766347992e-05,0.0006568098289148471,0.03405036425840719,0.011935580882763506,0.06997086574267217,-0.017248800917453733,0.023092150188298598,0.02944829483749345,0.05377226213022368,-0.001648068180656992,0.0074586522750905715,0.040612100484252574,0.04062491796246986,6.6605592964632565e-34,0.040612100484252574,0.042169140867035965,0.3715508045468755,0.37922892170221395,0.06742775160325575,0.07479950961986513,0.059900006483532164,0.0634461796068314,0.047697574201861576,0.05322600753668718
9,8,0.9728704555024729,0.8249368751921458,0.9006697202020927,0.8788390865292535,64,1024,False,0.0190632994196987,0.01905964154066372,3.6578790349879345e-06,0.01849567071496788,0.017900488921597395,0.016114985128491927,0.014825794260377778,1.6914156661832727e-33,0.01905964154066371,1.4657400329873767e-06,0.019485623031297805,0.01948708877133076,7.521595709789966e-05,0.000441912453077216,-2.5895577508790604e-05,1.935370962639824e-05,0.017926384499106187,-0.00856100818825458,0.040790978445238435,-0.018223642000354662,0.019844086545938163,0.008375523575523403,0.02435487767070299,-0.0032799959953990765,0.004946791283146013,0.01905964154066372,0.0190632994196987,1.6914156661832727e-33,0.01905964154066371,0.01849567071496788,0.18275955996962406,0.20622582986314636,0.01568920387742188,0.01288273703987588,0.01568920387742188,0.01288273703987588,0.01568920387742188,0.01288273703987588
9,10,0.9617226802271953,0.8054480458772528,0.8897373456061641,0.8130917769710325,64,1024,False,0.03580022245447526,0.035799681208583574,5.412458916603077e-07,0.033670572369162766,0.03474352097927781,0.012239529374456224,0.012477028720949811,1.3631806378266421e-33,0.03579968120858358,3.0098469098164595e-06,0.03633846143022427,0.036341471277134045,8.282127288859235e-05,0.0007870436014486907,0.0005295554258013134,0.0012600897711674485,0.0342139655534765,-0.013659149933109417,0.03813820868202186,-0.017392532072719912,0.02099677751312321,0.003504684798826929,0.02190237232571235,-0.002386866122833453,0.005951283746981062,0.035799681208583574,0.03580022245447526,1.3631806378266421e-33,0.03579968120858358,0.033670572369162766,0.3637967084035761,0.3980382072952022,0.0241750756047006,0.015352662198360728,0.0241750756047006,0.015352662198360728,0.0241750756047006,0.015352662198360728
9,11,0.6786986548601971,0.5749909397398781,0.7266339591474907,0.5679442109935555,64,1024,False,0.07790015005997472,0.07789257562667663,7.5744332982328326e-06,0.06987503482337352,0.0674491888234722,0.01483726006399444,0.01355046626428901,1.484155511511825e-33,0.07789257562667665,2.9274881347815897e-05,0.07483599473606209,0.07486526961740975,0.00039103420714867886,0.0009428474499373923,0.00030473010545480273,0.0027608398178203195,0.0671444587180174,-0.013521152894642521,0.0431956730226314,-0.016970097694674568,0.023452089342239153,0.0038241394286160357,0.02697533122409368,-0.0014575646055163816,0.007697848872339819,0.07789257562667663,0.07790015005997472,1.484155511511825e-33,0.07789257562667665,0.06987503482337352,0.3715508045468755,0.38507785693955077,0.13063919615032835,0.13563191438121255,0.08284703491430205,0.08717103494461155,0.08877011015717928,0.0908695629720466
10,0,0.5139770804837634,0.18677255003068705,0.3592714474450245,0.15191866106680826,64,1024,False,0.08318545867859278,0.08237039421184295,0.0008150644667496224,0.07701626248995229,0.08236575600708514,0.07978703771202152,0.08475579449527895,3.405434142490371e-33,0.08237039421184292,4.868261258379124e-07,0.0839638062796211,0.08396429310574695,5.7980137488299946e-06,0.0013843088720246997,0.004828423976672882,0.0070580352711335625,0.07753733203041226,0.04474819142136917,0.11482588400267386,-0.018126112859970935,0.025392516317594843,0.061557002998597454,0.09750827427342301,-0.0018754141201497987,0.009050263717654161,0.08237039421184295,0.08318545867859278,3.405434142490371e-33,0.08237039421184292,0.07701626248995229,0.8847721615478806,0.9936403765780039,1.9911377199008884,3.855825083333945,1.9911377199008884,3.855825083333945,0.8302227869954618,0.9808640918965639
10,1,0.5391580279232309,0.19619810733910245,0.36721991860784753,0.14987351014547892,64,1024,False,0.11316419435637019,0.11298415134440899,0.00018004301196137122,0.10981289119852781,0.10835022973852447,0.10878906916098045,0.10788120454127195,2.6601661319298298e-33,0.112984151344409,5.855439583736168e-06,0.11448324780331756,0.11448910324290211,5.114407762731064e-05,0.002750438105308147,0.003518614178530357,0.005913158554420008,0.10483161555999411,0.07074369622286013,0.1468344420991008,-0.01652681459601091,0.026181392445037487,0.08802391664357856,0.12970666294859257,-0.00014300052862381563,0.01021598614170216,0.11298415134440899,0.11316419435637019,2.6601661319298298e-33,0.112984151344409,0.10981289119852781,0.6071561072843371,0.6782510846383654,1.015345911537564,1.5520544141210393,1.015345911537564,1.5520544141210393,0.8302227869954618,0.989038585757106
10,2,0.519147405239464,0.21273335546337002,0.3808824295664114,0.06767665125814687,64,1024,False,0.08911102188647058,0.08891365763983805,0.0001973642466322687,0.0909230081277286,0.08523588883475385,0.0937986596409158,0.0887208551070269,1.241083821008339e-32,0.08891365763983805,7.489120311739645e-05,0.08753906845846511,0.0876139596615825,0.000854786193965791,0.004249289936844194,0.004080888879036025,0.006184506109560054,0.08115499995571782,0.05971065619134226,0.12788666309048935,-0.015257777882336936,0.02743680009795865,0.0770104321782128,0.11101979195518652,0.001051513092534151,0.011400525552744512,0.08891365763983805,0.08911102188647058,1.241083821008339e-32,0.08891365763983805,0.0909230081277286,0.8847721615478806,0.994388377866761,0.6454763606126492,0.7403967430550886,0.7897382941650023,0.9584188078461764,1.1791942487478793,1.2608662180888146
10,3,0.5506435387815342,0.23564062614047593,0.40715934786386454,0.08168628091598926,64,1024,False,0.1724926387730432,0.17239613259409683,9.650617894581169e-05,0.17393615266454046,0.16693349061459278,0.16264724226205465,0.15681183930109824,1.0485618586108286e-33,0.17239613259409683,4.5526485789412824e-05,0.16750689622606107,0.1675524227118504,0.00027171487617166457,0.004330364107851267,0.002181239360813142,0.004752268522534667,0.16475225125377965,0.11897543947339867,0.20631904505071064,-0.014818819347533662,0.027084306813159886,0.13723408988880692,0.18975415573368082,0.0011026905922335573,0.011009802808985114,0.17239613259409683,0.1724926387730432,1.0485618586108286e-33,0.17239613259409683,0.17393615266454046,0.6071561072843371,0.6623221296469339,0.6454763606126492,0.6705093216246717,0.6675837738414935,0.7184519492550535,1.1791942487478793,1.2516681352455812
10,4,0.6281937165205381,0.3033741776755474,0.4694450779520578,0.2061855342562842,64,1024,False,0.12812287215776821,0.1280537479527311,6.912420503682405e-05,0.13256198007194453,0.12697916444150162,0.12573980485323571,0.12071838392611134,6.554729285525017e-34,0.1280537479527311,1.0186524283827785e-07,0.1288339600914878,0.12883406195673053,7.906701169795432e-07,0.003255302888292765,0.002244345405243575,0.003925026651810505,0.12473481903625805,0.08592513167496757,0.16555447803150386,-0.016034782320420486,0.025478957244506877,0.10357165764435194,0.1486562644058722,-0.0003196201578248292,0.009359440708067268,0.1280537479527311,0.12812287215776821,6.554729285525017e-34,0.1280537479527311,0.13256198007194453,0.4022150980093201,0.4445765770737441,0.35458046901724954,0.38431128868920883,0.3386488272753391,0.3636416390122384,0.28609712638922996,0.28340285401001064
10,5,0.6928079334734298,0.38473848113653963,0.5453035465170698,0.32905156624214815,64,1024,False,0.10095583149007561,0.10091676262874251,3.906886133262701e-05,0.10445380930535626,0.0935814313441312,0.09962580087795302,0.08915528902640077,3.043089682753357e-35,0.10091676262874251,3.6394443820036675e-05,0.09925398046917011,0.09929037491299063,0.00036654553728827764,0.002455641617597076,0.0016094447249350651,0.0028842277933794898,0.09197198661919613,0.06280781953697324,0.13644378221893277,-0.017193694558918927,0.02435878290069194,0.08074595922516892,0.12012990372022614,-0.001350397287751548,0.008366633584955707,0.10091676262874251,0.10095583149007561,3.043089682753357e-35,0.10091676262874251,0.10445380930535626,0.3715508045468755,0.356015045721946,0.35458046901724954,0.3687836305172739,0.3386488272753391,0.3570800345409181,0.22252423663740828,0.2088743335482278
10,6,0.8228771499130038,0.48173603824560507,0.6347591827369055,0.42525638665775456,64,1024,False,0.05352656603344961,0.053499874570561226,2.6691462888629458e-05,0.05310868405674201,0.045316532658522354,0.05408571814960818,0.04682309520065529,2.0726242245395713e-33,0.05349987457056122,2.8898147393402816e-06,0.05417151904436153,0.05417440885910088,5.334280152195542e-05,0.001699644558816102,0.0009007701432393827,0.0020585037825569157,0.044415762515282974,0.023191173628225308,0.08498026267099104,-0.017777919501588073,0.023410657147347018,0.04050593625288457,0.06841515306587098,-0.0020205551918479614,0.007503030232328456,0.053499874570561226,0.05352656603344961,2.0726242245395713e-33,0.05349987457056122,0.05310868405674201,0.3715508045468755,0.35724115431057324,0.13063919615032835,0.13605860785928317,0.1375693056699874,0.14501100192155164,0.15813821457418875,0.17239129959574626
10,7,0.8673645850021671,0.5548376208414213,0.7018945337909315,0.5431810059521491,64,1024,False,0.06618227838246056,0.06616401628113451,1.8262101326430864e-05,0.07057104436646061,0.0563588937393072,0.07073988961683852,0.05721805571487807,2.5893058141206173e-37,0.06616401628113451,1.0793268276385088e-08,0.06843991491873944,0.06843992571200769,1.5770426639272964e-07,0.0022479703650862726,-0.0006404590171365476,0.0006533638887397307,0.056999352756443744,0.03779976664270231,0.10368001259097474,-0.017292256891295963,0.023525742378767787,0.05558742043649545,0.08746995317051187,-0.0015922167294775136,0.00773901586944703,0.06616401628113451,0.06618227838246056,2.5893058141206173e-37,0.06616401628113451,0.07057104436646061,0.3715508045468755,0.37922892170221395,0.13063919615032835,0.13600611206839358,0.1375693056699874,0.14494850693239736,0.08877011015717928,0.09023195566034077
10,8,0.9329985011353279,0.6815614272972645,0.803626491259787,0.7303748957901607,64,1024,False,0.03278899400217071,0.0327778493260082,1.1144676162459926e-05,0.03333083934393316,0.028731965989857722,0.03437498473121612,0.029655196954731698,1.7103028278136408e-35,0.0327778493260082,8.511560241635771e-06,0.0333690865508121,0.033377598111053716,0.0002550081708490876,0.0009592219044172139,0.0003995775091118949,0.00106268378615577,0.028332388480745825,0.00715969913060447,0.06159027033182777,-0.018274818051162045,0.02164917843736215,0.024272754999401513,0.045190131473646034,-0.0028234192868694663,0.006101995888457168,0.0327778493260082,0.03278899400217071,1.7103028278136408e-35,0.0327778493260082,0.03333083934393316,0.3637967084035761,0.3861885347315743,0.03727618679039633,0.041221534236859494,0.03727618679039633,0.041221534236859494,0.037037160255889046,0.03831537677728703
10,9,0.9617226802271953,0.8054480458772528,0.8897373456061641,0.8130917769710325,64,1024,False,0.01578348591153493,0.01577475466298489,8.73124855014573e-06,0.01467957884023843,0.013397323493015876,0.016414632111804536,0.015512890721908444,4.963304644022839e-34,0.01577475466298489,2.35330501000496e-06,0.01590721075437366,0.015909564059383707,0.00014791763000048666,-0.00012740240332068602,-0.00045693905923395944,2.5011665820081617e-05,0.013854262552249835,-0.006930759776686019,0.03976002400029509,-0.019157697056333023,0.019354563254076154,0.009625623781175818,0.02304584434023127,-0.004133183741942048,0.004243845185555983,0.01577475466298489,0.01578348591153493,4.963304644022839e-34,0.01577475466298489,0.01467957884023843,0.3637967084035761,0.38707118370779864,0.0241750756047006,0.033670572369162766,0.0241750756047006,0.033670572369162766,0.0241750756047006,0.033670572369162766
10,11,0.7155036826190795,0.6856231759786502,0.812367342291411,0.7333006925019512,64,1024,False,0.02907259150090724,0.029066077478843294,6.514022063893799e-06,0.023928059421966703,0.02476881274617242,0.010670682113681572,0.010598987767169298,3.522502329140489e-35,0.029066077478843294,3.48537569791311e-05,0.030001273649900018,0.03003612740687918,0.0011603944978322517,-0.00022706760012703987,-0.00016548779647782916,0.00157245153482276,0.02493430054265025,-0.014974583015137932,0.036315947242501076,-0.01841017793139694,0.0209044717440496,0.001969503762666136,0.019829509757983033,-0.0031416993879247457,0.005532383926038165,0.029066077478843294,0.02907259150090724,3.522502329140489e-35,0.029066077478843294,0.023928059421966703,0.3715508045468755,0.38507785693955077,0.03695748474438662,0.03890988894644938,0.03695748474438662,0.03890988894644938,0.037037160255889046,0.03890988894644939
11,0,0.46764309829341716,0.1754766696975516,0.34707141353202975,0.1496820756729254,64,1024,False,0.1338504806838141,0.1330365649014948,0.0008139157823197547,0.135708581961462,0.12631256811709976,0.12442839738846953,0.1193575847752733,7.415220286704598e-35,0.1330365649014948,6.274128941548737e-06,0.13100649309796739,0.13101276722690902,4.788944676423932e-05,0.0038185858305954767,0.006180141161418538,0.00889295827703328,0.12013242695568122,0.08184592929633452,0.16701086548060454,-0.015544594930379282,0.028470043605790633,0.09965721332991961,0.15015862312429817,0.0007571927344542928,0.012044179784425069,0.1330365649014948,0.1338504806838141,7.415220286704598e-35,0.1330365649014948,0.135708581961462,1.754759583982898,3.373810586004334,1.9911377199008884,3.855825083333945,1.9911377199008884,3.855825083333945,1.1791942487478793,1.4663499801452267
11,1,0.48433033195141934,0.1970381451476993,0.3683891252114567,0.12234053868714498,64,1024,False,0.1283758978328581,0.12819468183575464,0.00018121599710291803,0.1283860543683473,0.1158295309397325,0.12594795682838114,0.11572666650216223,2.340095243987344e-34,0.12819468183575464,7.16102673779455e-07,0.12410556447804447,0.1241062805807185,5.770076022169588e-06,0.0034324926720388847,0.0032466423164893557,0.005711654709928147,0.11258288862324314,0.0854102223522751,0.16648569130448718,-0.015867725261411725,0.026995314766953896,0.10341896783211268,0.14990615118585993,0.0004570748351397924,0.010929021693300456,0.12819468183575464,0.1283758978328581,2.340095243987344e-34,0.12819468183575464,0.1283860543683473,0.8847721615478806,1.2025274705843616,1.015345911537564,1.5520544141210393,1.015345911537564,1.5520544141210393,1.1791942487478793,1.2181130707619359
11,2,0.4754839300318139,0.2052487008803888,0.37633588769028153,0.0072128468766142215,64,1024,False,0.1372635030946711,0.13706223656704744,0.00020126652762323294,0.13910947075288418,0.1319305231819804,0.14013635110789954,0.1334201159680052,9.779848376067074e-33,0.13706223656704744,2.4593006632308648e-05,0.13232254105293956,0.1323471340595718,0.00018582198101274258,0.005645222910751606,0.00440952017939279,0.006893508671709754,0.12752100300258762,0.09888152743485318,0.1813911747809459,-0.013523093969982436,0.02928744288374393,0.11692246064922074,0.1647778336337069,0.0027976335477433167,0.013241246495454106,0.13706223656704744,0.1372635030946711,9.779848376067074e-33,0.13706223656704744,0.13910947075288418,1.1917514732153809,1.5426321407028798,0.9890808449345107,1.0706263762426687,0.7897382941650023,0.9584188078461764,1.3923186902587787,1.8100550967607436
11,3,0.4982490273418903,0.22240755589267708,0.395446319096461,0.06254028233989944,64,1024,False,0.21533018603290774,0.21523301721258323,9.716882032274913e-05,0.21865788566976319,0.20623344012293968,0.18034091265674634,0.16604282823844974,1.0035187226528182e-33,0.21523301721258323,1.9660499534041493e-05,0.2121563666530386,0.21217602715257253,9.266126714637714e-05,0.005942416132734215,0.00239735596459114,0.005635843440568183,0.20383608415834853,0.13408564907487885,0.22659617623861383,-0.013081807413811949,0.0295766112944761,0.15261706654564478,0.21011662132514175,0.0029799364128848538,0.013338460863451473,0.21523301721258323,0.21533018603290774,1.0035187226528182e-33,0.21523301721258323,0.21865788566976319,0.8847721615478806,0.9779405175309651,0.6454763606126492,0.6705093216246717,0.6675837738414935,0.7184519492550535,1.1791942487478793,1.2516681352455812
11,4,0.5460407678014101,0.26893602208130024,0.43861602192308924,0.14102339251489843,64,1024,False,0.14962750841053282,0.14955620703033934,7.130138019440153e-05,0.15163691453819858,0.14728844500637867,0.13523118962354674,0.13342861935344127,2.202250389243818e-34,0.14955620703033937,9.523759767735035e-06,0.15198294702527762,0.1519924707850449,6.265941805238496e-05,0.004507971587805887,0.0030644702056655854,0.005530932208821421,0.14422397480071308,0.09353050706446844,0.17693187218262504,-0.014305538544001604,0.02796164086183747,0.11144013075681869,0.16023845302697737,0.001549747888930142,0.011660586045763921,0.14955620703033934,0.14962750841053282,2.202250389243818e-34,0.14955620703033937,0.15163691453819858,0.6071561072843371,0.6375240534674129,0.6454763606126492,0.5949633973612587,0.6675837738414935,0.602835984398406,1.1791942487478793,1.1619652825451383
11,5,0.5777369780074643,0.3282232138159802,0.4945985015065739,0.3045378920983186,64,1024,False,0.13740018735014145,0.13736103783969805,3.914951044395173e-05,0.13693578394138697,0.12760793660261058,0.11789914310031337,0.11308260821798546,2.3233188393845367e-36,0.13736103783969805,4.0617757161420056e-05,0.1323641782210134,0.13240479597817445,0.00030676953097768053,0.00357763017728628,0.0023032142648116414,0.004482660692409322,0.12530472233779893,0.07861467901504343,0.1571836071855833,-0.015379305619545884,0.02693228237814136,0.09650728682026966,0.1406916658670525,0.0005437935978989117,0.010675536272174213,0.13736103783969805,0.13740018735014145,2.3233188393845367e-36,0.13736103783969805,0.13693578394138697,0.6071561072843371,0.6385041288405338,0.35458046901724954,0.3687836305172739,0.3386488272753391,0.3570800345409181,0.22252423663740828,0.2088743335482278
11,6,0.6092183254174012,0.38838603870727484,0.549824226249197,0.34898974965824303,64,1024,False,0.07736774518779456,0.07733964850518756,2.8096682607159148e-05,0.07541670534591681,0.07566789936247562,0.06949997766272471,0.0696306510534239,2.1912802922805888e-36,0.07733964850518756,2.8504931119109697e-06,0.08172856497132437,0.08173141546443666,3.4876345842209095e-05,0.0038839931639580243,0.0016061225927679148,0.004397949690324974,0.0740617767697077,0.035358004412991154,0.10364195091245827,-0.014694839095036839,0.027220975556578042,0.05297693415923277,0.0871786699644872,0.001162519860372413,0.011077831040893216,0.07733964850518756,0.07736774518779456,2.1912802922805888e-36,0.07733964850518756,0.07541670534591681,0.4022150980093201,0.35724115431057324,0.35458046901724954,0.36678004200720044,0.3386488272753391,0.3488390277844427,0.15813821457418875,0.18803345638831956
11,7,0.6173010444149943,0.42866851486483304,0.5908258061752469,0.3928614485262215,64,1024,False,0.0883573904603034,0.08833610763784339,2.1282822460715653e-05,0.09189923421028749,0.0843439650243254,0.0848265008346,0.07757876395671856,8.861899148827812e-35,0.08833610763784339,1.2499320229211308e-06,0.0947903426812076,0.09479159261323042,1.3186106367271574e-05,0.0034282131932966285,0.0008751382923305721,0.003926633533544736,0.08346882673199482,0.04904373729225116,0.12060926437694884,-0.014882262439563743,0.02677632374908377,0.06696613025997067,0.10435202380176634,0.0009775137878023088,0.010746837833721656,0.08833610763784339,0.0883573904603034,8.861899148827812e-35,0.08833610763784339,0.09189923421028749,0.4022150980093201,0.37922892170221395,0.13063919615032835,0.13600611206839358,0.1375693056699874,0.14494850693239736,0.15813821457418875,0.16101817024218446
11,8,0.6390968810061033,0.5031651418576999,0.6611627729728061,0.500217995882365,64,1024,False,0.0692646267209017,0.06924892663311548,1.570008778610616e-05,0.07172134833318247,0.07378300250283439,0.059338857902962415,0.06190614198824582,5.055285774213478e-35,0.06924892663311548,1.931491071170605e-06,0.07371423165856344,0.07371616314963457,2.6201730918223734e-05,0.0024403002423873305,0.002711174382411995,0.004632888885921016,0.07107182812042238,0.026725848986804725,0.0919518668191201,-0.01623494656471279,0.025081165318592363,0.04405103446333669,0.07530483278242173,-0.0005415580162662081,0.00904626340343384,0.06924892663311548,0.0692646267209017,5.055285774213478e-35,0.06924892663311548,0.07172134833318247,0.4022150980093201,0.4274367771891919,0.13063919615032835,0.1290756313710719,0.1375693056699874,0.1363514663417443,0.15813821457418875,0.15879027605541848
11,9,0.6786986548601971,0.5749909397398781,0.7266339591474907,0.5679442109935555,64,1024,False,0.05532391051508293,0.05531049897335754,1.3411541725085889e-05,0.055147435528935744,0.059050174333161974,0.04750208591720595,0.05174894659302726,7.463098905122064e-35,0.05531049897335754,8.305786633905596e-06,0.05776520532089093,0.05777351110752474,0.00014376461590584903,0.0027585225765899887,0.0021394500947631767,0.0037155631473927628,0.0569107242383988,0.01720791436986188,0.07779625746455002,-0.01642176667614929,0.024802126902681163,0.03424133133376017,0.060968920050072484,-0.0007020297562121414,0.008836703134875279,0.05531049897335754,0.05532391051508293,7.463098905122064e-35,0.05531049897335754,0.055147435528935744,0.3715508045468755,0.39512451880989746,0.13063919615032835,0.1323724455062956,0.08284703491430205,0.09208023470942416,0.08877011015717928,0.0925059628936508
11,10,0.7155036826190795,0.6856231759786502,0.812367342291411,0.7333006925019512,64,1024,False,0.028546823058483013,0.028542850430867423,3.9726276155874874e-06,0.029912222102910307,0.031961514136755846,0.024712699525099698,0.027063571047678644,2.2015639557128056e-36,0.028542850430867423,6.510914949519461e-06,0.02939877580031352,0.02940528671526296,0.00022141987638365514,0.0020813461322158893,0.003082039307369312,0.004387060410086131,0.028879474829386534,-0.0014620469929305518,0.05088744604312995,-0.016116333170516008,0.023358735993644048,0.015197723841993138,0.03394669672707096,-0.0008115710807032883,0.007925830752355978,0.028542850430867423,0.028546823058483013,2.2015639557128056e-36,0.028542850430867423,0.029912222102910307,0.3715508045468755,0.3980382072952022,0.03695748474438662,0.0375272542845571,0.03695748474438662,0.0375272542845571,0.037037160255889046,0.0375272542845571
