source,target,cka,cca_shared,procrustes_shared,probe_cosine,metric_rank,metric_examples,full_dim_cca_saturation_possible,train_raw,train_geometry,residual_correction,cal_raw,test_raw,cal_clipped,test_clipped,train_mean_term,train_variance_term,test_mean_term,test_variance_term,test_geometry,mean_fraction,aligned_cal_raw,aligned_test_raw,aligned_test_clipped,alignment_raw_reduction,bernstein_lo,bernstein_hi,bernstein_aligned_lo,bernstein_aligned_hi,betting_lo,betting_hi,betting_aligned_lo,betting_aligned_hi,prediction__training_geometry,prediction__direct_training,prediction__mean_only,prediction__variance_only,prediction__direct_calibration,prediction__cka_common,prediction__cka_held_target,prediction__cca_shared_common,prediction__cca_shared_held_target,prediction__procrustes_shared_common,prediction__procrustes_shared_held_target,prediction__probe_cosine_common,prediction__probe_cosine_held_target
0,1,0.9660438556483312,0.4135897842927048,0.5760789701994671,0.4915531288889487,64,1024,False,0.04027125992592607,0.026746008526112197,0.013525251399813802,0.042158158481071725,0.036062600691092316,0.04183880798677029,0.03557468720460337,2.6635148907688814e-34,0.026746008526112197,1.5648816659621485e-05,0.026435664767625353,0.02645131358428504,0.0005916082998962511,0.019466004975790995,0.015397793814981173,0.015448420099465196,0.020664806876111143,0.012541786509091664,0.07113582946444891,-0.003374254909359699,0.04240150049348199,0.029838181580998935,0.05461468538851477,0.013329728128155693,0.025879839733534027,0.026746008526112197,0.04027125992592607,2.6635148907688814e-34,0.026746008526112197,0.042158158481071725,0.0375039033996101,0.031212268085329918,0.050767521849667874,0.05134147940757428,0.05062321400265309,0.05134147940757428,0.057941437617657174,0.060926248012277466
0,2,0.9586138381972347,0.339580685973514,0.5032418339483347,0.16024101542007,64,1024,False,0.052595835156066355,0.029825174379047865,0.022770660777018233,0.0541724154465345,0.05277499720455386,0.0537039702801574,0.05238344470337653,3.6500438298242936e-36,0.029825174379047865,1.1194083634164323e-06,0.028971232828483545,0.028972352236846962,3.8637123912664976e-05,0.023675171487516522,0.021647122918727883,0.021692058391121597,0.031127874285825974,0.0250239779848681,0.0823839625754467,0.0005837622642308159,0.04683410585063097,0.04198086653923383,0.06560476943559479,0.01724739510245854,0.030216677027055994,0.029825174379047865,0.052595835156066355,3.6500438298242936e-36,0.029825174379047865,0.0541724154465345,0.041336966442780225,0.04017010744243892,0.08558801429340836,0.08829646715312668,0.08436464718411255,0.0862240365169065,0.11070839181272131,0.12201558708595868
0,3,0.9241052580867035,0.2708670478486648,0.4405906764898023,-0.10102058935896625,64,1024,False,0.16771182031823856,0.14977482121275645,0.017936999105481816,0.17505731441486186,0.1714002078791743,0.17274347595422282,0.16974723517949014,6.729983293168583e-34,0.14977482121275645,1.953916021556474e-05,0.14994486227466292,0.14996440143487802,0.00013029198948958306,0.046641938856102266,0.041202903289112885,0.04244327940239213,0.1301973045900614,0.13042171113527434,0.2150652407731713,0.021430032477199143,0.0746139551269575,0.14787337366578868,0.19783791756344726,0.038259644810750615,0.05780626994965132,0.14977482121275645,0.16771182031823856,6.729983293168583e-34,0.14977482121275645,0.17505731441486186,0.05470456081213778,0.0445263962669247,0.09096437167797158,0.08859736168929298,0.09138719703256788,0.08922958695593841,0.14995099692772537,0.13588018683035433
0,4,0.8679955104906787,0.2415051970956883,0.4136718596022945,-0.029227659257439788,64,1024,False,0.15449786869408547,0.13651481428634837,0.017983054407737942,0.15211894255493277,0.15668729023232714,0.15098654409321946,0.15429286422906532,4.204317105659488e-34,0.13651481428634837,8.667897084343078e-09,0.13720664054642942,0.1372066492143266,6.317403080664992e-08,0.04348640148143425,0.03789487024619056,0.039303943097864946,0.11879241998613657,0.1101336301764442,0.19183945800999472,0.019400129447224107,0.07093638111745583,0.12775900536507834,0.17489252554514678,0.03613361464522313,0.05410440735431621,0.13651481428634837,0.15449786869408547,4.204317105659488e-34,0.13651481428634837,0.15211894255493277,0.05481973631187361,0.050223033618833166,0.09096437167797158,0.09041652066809595,0.09138719703256788,0.09041652066809595,0.12329905594970833,0.12009684632690562
0,5,0.8408735596998975,0.23019327324662475,0.4024111039871559,0.15048966386746848,64,1024,False,0.13412134326844366,0.1135937654887854,0.02052757777965807,0.1337785416998266,0.13246101574426558,0.13141730062040535,0.12878102782218828,6.31235576335069e-35,0.1135937654887854,1.717415127999802e-07,0.11307249079442219,0.11307266253593462,1.518859722131338e-06,0.05020634914378244,0.04766458911231055,0.04937917172013516,0.08479642663195502,0.09155794428728373,0.17127665695352698,0.02585251679235707,0.07817675449486321,0.1090897301401128,0.15432594269805122,0.042561074551485945,0.06130788644804852,0.1135937654887854,0.13412134326844366,6.31235576335069e-35,0.1135937654887854,0.1337785416998266,0.05481973631187361,0.05381117983226897,0.09096437167797158,0.09059456535202785,0.09138719703256788,0.09104674743553305,0.11070839181272131,0.10609436183530026
0,6,0.6744504151543547,0.20878141600229258,0.37957376807550425,0.19157920015304822,64,1024,False,0.12001572254713468,0.10529413434523038,0.014721588201904987,0.11034125546446541,0.11603300592046874,0.1042132293120062,0.10826466720310936,8.343029226697262e-34,0.10529413434523038,4.4620104970626283e-05,0.10158672005555912,0.10163134016052978,0.00043903883290476615,0.05781353704569715,0.055560592160584926,0.058435812731779835,0.06047241375988381,0.06585760970102299,0.14256884892298943,0.03330101210911751,0.08745635088748784,0.0832336210005451,0.1255212688993197,0.04977783537469804,0.07039751394768246,0.10529413434523038,0.12001572254713468,8.343029226697262e-34,0.10529413434523038,0.11034125546446541,0.05684946161746466,0.05594039565873111,0.09096437167797158,0.09162641953281568,0.09138719703256788,0.09204819546013086,0.09510948794857743,0.09206313444539985
0,7,0.5872026158871834,0.20020100685374237,0.37072198690854696,0.25865285813524547,64,1024,False,0.10894769162069194,0.09354101596947731,0.01540667565121518,0.10241622353402209,0.10885928443343658,0.10248041540559702,0.10886468926716858,8.949207972973367e-37,0.09354101596947731,6.754364572138852e-06,0.09118622997474976,0.09119298433932196,7.406671270902146e-05,0.0637361363424735,0.06023351469401504,0.06304649518825174,0.04862576973942154,0.06607383455350754,0.1388869962576865,0.0394503228741966,0.09320888653102731,0.08313488203566521,0.12165076312521705,0.055880946114484686,0.07613954741100315,0.09354101596947731,0.10894769162069194,8.949207972973367e-37,0.09354101596947731,0.10241622353402209,0.08170891936877002,0.0775674585357196,0.09096437167797158,0.09034868326295936,0.09138719703256788,0.09034868326295936,0.08285487350918114,0.08155078350752508
0,8,0.5225996131619285,0.1923727191878631,0.361535991733964,0.329481966270163,64,1024,False,0.10030473649797099,0.08984335245012764,0.01046138404784305,0.09369167345610363,0.09841722171105721,0.09604365423939829,0.1006079903892255,1.4200044114051282e-34,0.08984335245012764,3.660655627695333e-06,0.08982255054826559,0.08982621120389295,4.075264422971327e-05,0.07443892381749753,0.06883748240732228,0.07249004119866256,0.029579739303734934,0.06164828727735125,0.13043902120144532,0.050833816517836694,0.10459508025355596,0.07891895788634429,0.11361779971775832,0.0672165600626613,0.08748664805170847,0.08984335245012764,0.10030473649797099,1.4200044114051282e-34,0.08984335245012764,0.09369167345610363,0.0922106571669745,0.08651196557273029,0.09096437167797158,0.08892860434411327,0.09138719703256788,0.08946225346959615,0.08245907516936743,0.07437697576971468
0,9,0.4781152361918847,0.18923051048040457,0.35916937187128417,0.33806675144135445,64,1024,False,0.09963760767809521,0.08912678962497067,0.010510818053125294,0.09324814793808053,0.09788839813406,0.09461962492593701,0.09879505656470727,5.010824825478434e-34,0.08912678962497067,1.7257816625834267e-05,0.08987730946812375,0.08989456728474958,0.00019197841590547394,0.08019689873896946,0.07512495215191897,0.07824586967956171,0.02276344598214103,0.060604228786873396,0.12863502106500063,0.05574005347551486,0.11016877706204156,0.07775426989246625,0.11169032021280145,0.07213278884592,0.09300322383933235,0.08912678962497067,0.09963760767809521,5.010824825478434e-34,0.08912678962497067,0.09324814793808053,0.0922106571669745,0.08866873025411012,0.09096437167797158,0.08873951269113273,0.09138719703256788,0.08928043457249944,0.07603620792622298,0.07357735935310049
0,10,0.5165589554527207,0.18651304952520392,0.3592555949004399,0.31979021798071877,64,1024,False,0.08418377136695984,0.07641105768022327,0.007772713686736722,0.0780785815033644,0.08365900320549198,0.07942290758192327,0.08510720327686223,3.3914258910398708e-34,0.07641105768022327,2.51070719805487e-05,0.0759870712818906,0.07601217835387097,0.0003303032819775794,0.082625886340621,0.07759649837696271,0.08122863645989109,0.006062504828529269,0.04685656805720527,0.11198924710664128,0.058651661790111186,0.11322688087653307,0.06405304806685308,0.09525210988067556,0.07495417320023989,0.09595175147842383,0.07641105768022327,0.08418377136695984,3.3914258910398708e-34,0.07641105768022327,0.0780785815033644,0.0922106571669745,0.08959175123336502,0.09096437167797158,0.08979094432909102,0.09138719703256788,0.09029142653207474,0.08245907516936743,0.08036144139663462
0,11,0.47128231644483104,0.17515983259978868,0.3467095471340631,0.22338005516517834,64,1024,False,0.07861761952729653,0.07014388698944322,0.008473732537853886,0.06845033533857757,0.07829138480355596,0.06712210174506979,0.07676771175366044,5.853307686203292e-36,0.07014388698944322,7.164992780688159e-06,0.0708053479575739,0.07081251295035446,0.00010118258034016422,0.08059442068472701,0.07665578862686229,0.08124755623933558,0.0016355961766936766,0.034979454943460386,0.09926474854667919,0.058130660282821864,0.11195807078544896,0.05209571011073422,0.08256989863730269,0.07426843944267603,0.09458105802332284,0.07014388698944322,0.07861761952729653,5.853307686203292e-36,0.07014388698944322,0.06845033533857757,0.0922106571669745,0.08898237498979394,0.09096437167797158,0.08890154967474004,0.09138719703256788,0.0894187752934562,0.08285487350918114,0.08179566673600382
1,0,0.9660438556483312,0.4135897842927048,0.5760789701994671,0.4915531288889487,64,1024,False,0.06850973207737611,0.059533134213630844,0.008976597863745191,0.060926248012277466,0.07472391956525008,0.060910378548339604,0.07472580265332786,7.595559551872157e-33,0.0595331342136308,8.453675630874102e-06,0.05825106244873251,0.0582595161243633,0.0001451037734818895,-0.0016941078244373067,0.0005955094933466199,0.0005951452801014921,0.07412841007190346,0.025219547187393068,0.09660120990928614,-0.022806657235219536,0.019405433415641198,0.042310102449846454,0.07939675125817303,-0.006673873896943405,0.00340690109442221,0.059533134213630844,0.06850973207737611,7.595559551872157e-33,0.0595331342136308,0.060926248012277466,0.0375039033996101,0.030780849627169014,0.050767521849667874,0.04999609096746054,0.05062321400265309,0.04947843244602816,0.057941437617657174,0.05751503613271142
1,2,0.983612240133142,0.5822327911664215,0.7228157034977282,0.7322814027396684,64,1024,False,0.04242906017382993,0.034712914521646744,0.0077161456521830886,0.046632494813341814,0.04278955438729102,0.04612652614542175,0.04206310494198776,2.806471620324448e-33,0.034712914521646744,3.7352307643698926e-06,0.033494466231149836,0.03349820146191425,0.00011150541227166061,0.007596656805329849,0.009208500919223263,0.009227308503476861,0.03358105346806776,0.015179105512761849,0.07707394677808166,-0.013113770547361462,0.02834086096001916,0.032818492902151775,0.06073132457095198,0.0027188245730940253,0.01238310262124287,0.034712914521646744,0.04242906017382993,2.806471620324448e-33,0.034712914521646744,0.046632494813341814,0.0375039033996101,0.036762258564614785,0.03397304944155461,0.0330681646749256,0.03479917168572799,0.03388303513017675,0.04968240501930296,0.05089244465426241
1,3,0.9505936348193977,0.3408192780956797,0.5110098207375453,0.42966353322352396,64,1024,False,0.075019974831051,0.06701323572540774,0.008006739105643403,0.07749942493273056,0.07155862416674703,0.07355709950285197,0.06880932915300643,6.022388285904288e-34,0.06701323572540774,8.311508215598782e-05,0.06317536109726961,0.06325847617942558,0.0013138963689267695,0.032967803726333296,0.030180728508112202,0.031413950832754715,0.04137789565863483,0.03869987492084522,0.10841432408485871,0.008779407373769855,0.05988577583770276,0.05641662453126628,0.09200046640762594,0.025599768792744726,0.0431710214324994,0.06701323572540774,0.075019974831051,6.022388285904288e-34,0.06701323572540774,0.07749942493273056,0.041336966442780225,0.04079725320589366,0.06713252517101073,0.06505914521866676,0.06713252517101073,0.06505914521866676,0.061424463075725313,0.059128039953296
1,4,0.8859190602116156,0.27594900138781625,0.44682120744868303,0.3979963940751108,64,1024,False,0.07201994432549041,0.06241669448251115,0.009603249842979009,0.06811446644356549,0.07154167294284203,0.06525054875083042,0.06786163312588872,1.8260256721505238e-33,0.06241669448251115,1.678731726432252e-05,0.06000142237872161,0.06001820969598634,0.0002797037324064859,0.03062954303634466,0.02761928277636946,0.02902529373613659,0.043922390166472564,0.0314108699384473,0.09909022756321353,0.0076006900022607335,0.0569809433434783,0.04852886338630924,0.0821364823859767,0.024317747556779068,0.04020701723493403,0.06241669448251115,0.07201994432549041,1.8260256721505238e-33,0.06241669448251115,0.06811446644356549,0.05470456081213778,0.050223033618833166,0.08806419110637269,0.09041652066809595,0.08436464718411255,0.09041652066809595,0.0623655901417083,0.06344443076248063
1,5,0.8523234603903723,0.251349096868157,0.4220781222058757,0.45135918910178674,64,1024,False,0.07059299553339468,0.057369357220550594,0.013223638312843894,0.06738013060518992,0.06986951264678072,0.065240033415255,0.06842951531663248,1.4627673854039246e-34,0.057369357220550594,1.3063281790086237e-05,0.05664018341780418,0.05665324669959429,0.0002305831095498325,0.03787766544949158,0.03783280621859316,0.03954268523351376,0.03203670642818756,0.03224776861476321,0.09823229821574679,0.014312205453875758,0.06501177024217059,0.049377978102711495,0.08136323509097565,0.03092161828681128,0.048117960679519456,0.057369357220550594,0.07059299553339468,1.4627673854039246e-34,0.057369357220550594,0.06738013060518992,0.05481973631187361,0.05381117983226897,0.09096437167797158,0.09059456535202785,0.09138719703256788,0.09104674743553305,0.061424463075725313,0.06052365360359997
1,6,0.6961406555460922,0.2212965494794243,0.38948276571217544,0.3380198312096967,64,1024,False,0.08757316517220318,0.07616908005617594,0.011404085116026625,0.07675298476236733,0.08799826817170366,0.07167715138831617,0.08092822631352688,5.999705111003726e-34,0.07616908005617594,8.730974999799275e-06,0.07686634783809582,0.07687507881309566,0.00011357354209712959,0.04481071647474249,0.043310270059692325,0.04618228457935903,0.04468799811201133,0.03669860668279323,0.1066556960938391,0.021203275172555255,0.07353923711550393,0.05405495652667014,0.08989425890467828,0.037649114718078636,0.056503700754547026,0.07616908005617594,0.08757316517220318,5.999705111003726e-34,0.07616908005617594,0.07675298476236733,0.05684946161746466,0.05594039565873111,0.09096437167797158,0.09162641953281568,0.09138719703256788,0.09204819546013086,0.07603620792622298,0.07593381123534523
1,7,0.6189190142884702,0.211366348198417,0.37983340530933174,0.3193928464447477,64,1024,False,0.09885883339527939,0.08531956346415424,0.01353926993112501,0.1005773155064271,0.0986461136372466,0.09545506677999895,0.09426611249091092,6.323386527107166e-35,0.08531956346415424,3.338271327782129e-06,0.08549935249852228,0.08550269076985029,3.90428803786753e-05,0.05131099326484872,0.04813486983761832,0.05094765459492188,0.05051124379962828,0.05890925490698642,0.13200087865301147,0.027843660281482406,0.07996395097635761,0.07641995636367938,0.11529537547903601,0.04426291216077516,0.06291105964919552,0.08531956346415424,0.09885883339527939,6.323386527107166e-35,0.08531956346415424,0.1005773155064271,0.07017951368816118,0.061758157225480816,0.09096437167797158,0.09034868326295936,0.09138719703256788,0.09034868326295936,0.08245907516936743,0.08106536437420898
1,8,0.549198440971603,0.20423530525056457,0.373399427214976,0.3637428886215234,64,1024,False,0.08347105757171279,0.07434201944192118,0.009129038129791102,0.0834827503851872,0.0847400481310968,0.08235887999708333,0.08347294328832913,2.7671795679710375e-34,0.07434201944192118,1.2041325848639797e-05,0.07556814614480763,0.07558018747065631,0.00015931854963067922,0.060713443254717864,0.05605277719551213,0.05970452413469706,0.028687270935584666,0.04852566066457903,0.11619209932958763,0.037808068995468666,0.09016986665036476,0.06606945513340179,0.09973411504324758,0.05417201128875604,0.07308446337265195,0.07434201944192118,0.08347105757171279,2.7671795679710375e-34,0.07434201944192118,0.0834827503851872,0.0922106571669745,0.08651196557273029,0.09096437167797158,0.08892860434411327,0.09138719703256788,0.08946225346959615,0.07099348639097146,0.0628222945314849
1,9,0.5054530995518368,0.1996143238254055,0.36996951998144595,0.3022544899219768,64,1024,False,0.10232459399254507,0.09187639308259359,0.010448200909952222,0.09880762442465658,0.10127349535945811,0.09810616182813792,0.09986845946306507,5.137953107193059e-34,0.09187639308259359,1.1424782239686834e-05,0.09296431190401164,0.09297573668625114,0.00012287917952443912,0.0649362866432251,0.06081745025266483,0.06393798228955254,0.04045604510679328,0.06247479671081451,0.13373752694546132,0.041347079611893794,0.09404052673417387,0.07991287064942298,0.11699079060053919,0.057713101981789805,0.0769160745840054,0.09187639308259359,0.10232459399254507,5.137953107193059e-34,0.09187639308259359,0.09880762442465658,0.0922106571669745,0.08866873025411012,0.09096437167797158,0.08873951269113273,0.09138719703256788,0.08928043457249944,0.08245907516936743,0.08034830841912985
1,10,0.5401352786176524,0.1957048410723608,0.366503311543229,0.3120121863633454,64,1024,False,0.10537885309873413,0.09806016748984502,0.007318685608889113,0.09937513069448554,0.10623633254458338,0.09710262430602347,0.1021984193111057,5.008754022803786e-34,0.09806016748984502,7.260532129457236e-07,0.09890210176174692,0.09890282781495992,7.34107637755431e-06,0.06717534628270527,0.06345023757655589,0.0670823624479661,0.04278609496802749,0.06060405154495571,0.13360119706709123,0.0440423794833614,0.09693508306745169,0.0780695824578288,0.11682574207225116,0.060296049232420046,0.07967535256466363,0.09806016748984502,0.10537885309873413,5.008754022803786e-34,0.09806016748984502,0.09937513069448554,0.0922106571669745,0.08959175123336502,0.09096437167797158,0.08979094432909102,0.09138719703256788,0.09029142653207474,0.08245907516936743,0.08036144139663462
1,11,0.4858752215157386,0.19664501149982333,0.3683922661377323,0.2825234902145311,64,1024,False,0.12978295756976213,0.12254063868360797,0.007242318886154388,0.130082328830027,0.13350603211724618,0.11591365265190727,0.1177304284796275,1.0394920125260609e-34,0.12254063868360797,7.966616834442107e-06,0.12218353712553191,0.12219150374236629,6.519779682259462e-05,0.06254269276381562,0.06012422635649794,0.06471555116122449,0.07338180576074824,0.0767317140842646,0.15509559121954994,0.04119305134334806,0.09279206538999923,0.09449205842975061,0.13846202092099702,0.057267590396804735,0.07543520077888388,0.12254063868360797,0.12978295756976213,1.0394920125260609e-34,0.12254063868360797,0.130082328830027,0.0922106571669745,0.08898237498979394,0.09096437167797158,0.08890154967474004,0.09138719703256788,0.0894187752934562,0.08285487350918114,0.08126527731861374
2,0,0.9586138381972347,0.339580685973514,0.5032418339483347,0.16024101542007,64,1024,False,0.22676323137526683,0.2103351678856774,0.016428063489587696,0.2079854982986883,0.2293383720652379,0.17524266351069956,0.19451260922137248,9.503158067064283e-34,0.2103351678856774,1.4132724402384574e-05,0.20622338232807036,0.20623751505247215,6.85264482496739e-05,-0.0009100887657215731,0.0005214330442524939,0.0005246220825046797,0.2288169390209854,0.12433420154238467,0.22615112547901445,-0.022322344052861275,0.02050267195043168,0.14203192886634497,0.20841271190874977,-0.0060862760510644875,0.004362285231763963,0.2103351678856774,0.22676323137526683,9.503158067064283e-34,0.2103351678856774,0.2079854982986883,0.041336966442780225,0.030780849627169014,0.08558801429340836,0.06528108092465698,0.08436464718411255,0.06790372050207502,0.11070839181272131,0.09467345660160287
2,1,0.983612240133142,0.5822327911664215,0.7228157034977282,0.7322814027396684,64,1024,False,0.14702933038318375,0.14123951508115237,0.005789815302030954,0.1323111844528362,0.14428747825708468,0.12341939483256573,0.13317820014001847,2.8755089330953847e-33,0.14123951508115234,4.503372173034348e-05,0.13650860126805736,0.13655363498978765,0.00032978779168867523,0.005415926749829194,0.004305445351376945,0.004317106265469119,0.13998203290570774,0.07840440683843347,0.16843438282669798,-0.014630476537521447,0.025487248493096012,0.09578705632884521,0.1508100787832518,0.0010298871857230552,0.010033141399617307,0.14123951508115237,0.14702933038318375,2.8755089330953847e-33,0.14123951508115234,0.1323111844528362,0.0375039033996101,0.019030540421367963,0.03397304944155461,0.02575015958942318,0.03479917168572799,0.02575015958942318,0.04968240501930296,0.04387693943283439
2,3,0.9724865947982084,0.46527081549564353,0.6336734261960013,0.6669879333567325,64,1024,False,0.029323340468792224,0.026304671616578654,0.0030186688522135345,0.026836651885345408,0.024662909337942764,0.021353576189996403,0.01770912404978642,9.804567494310288e-33,0.02630467161657865,1.7794176905823435e-05,0.02651853153728608,0.026536325714191938,0.0006705591835687674,0.02802451209205418,0.02470012422415919,0.025924390977904093,-3.721488621642732e-05,-0.006094604499008182,0.048801756879000985,0.004588008240464608,0.054162707309271724,0.011165615360368975,0.03247404615103733,0.021378817400545813,0.037465020825038664,0.026304671616578654,0.029323340468792224,9.804567494310288e-33,0.02630467161657865,0.026836651885345408,0.0375039033996101,0.03847365353727053,0.03397304944155461,0.03588166235880888,0.03479917168572799,0.037098461054614784,0.04968240501930296,0.05120545522823346
2,4,0.9031375483369875,0.3508809660739673,0.5226649298616615,0.5870855807429005,64,1024,False,0.058016989891591396,0.0525587437388666,0.005458246152724761,0.059898157670024516,0.05827476314629241,0.045945242743125884,0.04268969905207957,1.6410814872204579e-32,0.05255874373886662,3.931009407021182e-06,0.05266308204029962,0.052667013049706536,7.463892822839866e-05,0.027496037592239213,0.023467949243764163,0.024854211515371028,0.034806813902528246,0.013438106754292765,0.07845237873195901,0.005091552599975204,0.05312328595834978,0.030659402327728458,0.06166521698469296,0.021788362304505426,0.03638099690579111,0.0525587437388666,0.058016989891591396,1.6410814872204579e-32,0.05255874373886662,0.059898157670024516,0.05470456081213778,0.050223033618833166,0.06713252517101073,0.07279276106028428,0.06713252517101073,0.07279276106028428,0.057941437617657174,0.0576619061816047
2,5,0.863465880419593,0.3061127688594571,0.4770233780409936,0.5507140548662176,64,1024,False,0.043511122938432234,0.03300948236467165,0.010501640573760723,0.04214982705410193,0.0432049952552167,0.03964812259863997,0.04051814851152568,8.73130612449304e-33,0.033009482364671654,9.676392930214102e-07,0.033936813531430646,0.0339377811707236,2.8512155469260418e-05,0.03533027718425652,0.03375452938728917,0.035435110391047235,0.009450465867927527,0.009840777598684632,0.0694554675985953,0.012094445683743578,0.06204789276866691,0.026991325859853532,0.052865556157485116,0.02869406464014901,0.0451716014649719,0.03300948236467165,0.043511122938432234,8.73130612449304e-33,0.033009482364671654,0.04214982705410193,0.05481973631187361,0.05381117983226897,0.08558801429340836,0.09039796457501101,0.08436464718411255,0.08875232976725689,0.057941437617657174,0.05907626933038285
2,6,0.6913212428859651,0.2571135094441368,0.4264298555889945,0.41238264434851657,64,1024,False,0.05857159614885831,0.04891401396374569,0.009657582185113103,0.05203443421003299,0.057708931465336635,0.04918550307460833,0.052909172138882285,9.037604424594022e-33,0.04891401396374569,9.202647848228601e-06,0.05072425669064414,0.050733459338492326,0.00018139208262596038,0.04275005266871506,0.04014997694615253,0.04300005038155367,0.017558954519184107,0.017688703175729743,0.08068230297348691,0.019156946224007668,0.07146316012754961,0.035106472816551104,0.06424210443219636,0.03555456272442825,0.05438847769983113,0.04891401396374569,0.05857159614885831,9.037604424594022e-33,0.04891401396374569,0.05203443421003299,0.05684946161746466,0.05594039565873111,0.09096437167797158,0.09162641953281568,0.09138719703256788,0.09204819546013086,0.061424463075725313,0.06251331085667973
2,7,0.6034328584662986,0.23926585713508794,0.4085036203504384,0.35227440581410885,64,1024,False,0.09556591410004427,0.08295691580806831,0.012608998291975447,0.10129968515908779,0.0932632660188399,0.093068354744865,0.08415770203487742,2.302537605900945e-33,0.08295691580806831,2.058768371689592e-05,0.08532790375770706,0.08534849144142426,0.0002412190698300216,0.05011002091632134,0.04545934599188753,0.04826661408289408,0.04780392002695237,0.05611247857915551,0.13002423091057447,0.026585825223945193,0.07881252654720736,0.07396296301158145,0.11361374201078434,0.042940003775584046,0.06169953887729207,0.08295691580806831,0.09556591410004427,2.302537605900945e-33,0.08295691580806831,0.10129968515908779,0.07706577386903937,0.061758157225480816,0.09096437167797158,0.09034868326295936,0.09138719703256788,0.09034868326295936,0.07603620792622298,0.06275124094558926
2,8,0.5324234782615435,0.22592957900459276,0.3945274233451703,0.32270208744153034,64,1024,False,0.1321991602949847,0.12252360620038208,0.009675554094602643,0.14172191847371898,0.1324274476584754,0.12550832146347704,0.11455938867294257,8.714456372052007e-33,0.12252360620038208,5.799371138741769e-05,0.12594582847871835,0.12600382219010592,0.00046025358897383887,0.05933843891496192,0.053629875225255946,0.0572791549550418,0.07879757243321944,0.08519739615823739,0.16581924676871668,0.03630333085919284,0.08892393432420288,0.10345480192336254,0.1495550648396602,0.05265123993740417,0.07180475454515545,0.12252360620038208,0.1321991602949847,8.714456372052007e-33,0.12252360620038208,0.14172191847371898,0.0922106571669745,0.08651196557273029,0.09096437167797158,0.08892860434411327,0.09138719703256788,0.08946225346959615,0.08245907516936743,0.07437697576971468
2,9,0.4876592238727957,0.21878535209456956,0.38794139828009,0.2697002728293354,64,1024,False,0.11940933083418927,0.10853937096131455,0.0108699598728749,0.12422739453661666,0.11737558753193245,0.11576581336451729,0.10805615369990916,8.15375396757607e-33,0.10853937096131455,3.529903309872178e-05,0.11019801757684344,0.11023331660994168,0.0003202210927176099,0.06319321417915039,0.05834674056761306,0.061464882312254596,0.059028846964319384,0.07765729768752971,0.15387432904150486,0.03954115327265004,0.09236030814526824,0.0956654219844495,0.13751971780584427,0.05591274200560292,0.07523078160738805,0.10853937096131455,0.11940933083418927,8.15375396757607e-33,0.10853937096131455,0.12422739453661666,0.0922106571669745,0.08866873025411012,0.09096437167797158,0.08873951269113273,0.09138719703256788,0.08928043457249944,0.08285487350918114,0.08034830841912985
2,10,0.5201343816494595,0.21242329720963415,0.38069325452975966,0.2861319260044388,64,1024,False,0.09047375602985214,0.08290964386897093,0.007564112160881546,0.08860676283115639,0.08900012138804136,0.08826576003241149,0.08728842801645649,7.863976408221405e-33,0.08290964386897093,6.670981495696593e-07,0.083278475045916,0.08327914214406577,8.010386903549471e-06,0.06487728850000053,0.06062699329522969,0.06425816803413072,0.028373128092811672,0.054251292008481264,0.12228022805634171,0.04185777115107779,0.0945235758343254,0.07181390578625724,0.10580598067463143,0.05809455620328663,0.07724763933947543,0.08290964386897093,0.09047375602985214,7.863976408221405e-33,0.08290964386897093,0.08860676283115639,0.0922106571669745,0.08959175123336502,0.09096437167797158,0.08979094432909102,0.09138719703256788,0.09029142653207474,0.08245907516936743,0.08036144139663462
2,11,0.4777107359369909,0.20459197624071393,0.3758256530288497,0.26721871171398387,64,1024,False,0.08182721860144124,0.07449879475687578,0.007328423844565525,0.08104520373818566,0.08042955201963968,0.08391549496681751,0.08276690540041254,5.026383471933387e-33,0.07449879475687576,3.104508507297076e-06,0.07448448921580259,0.07448759372430991,4.1678195684335594e-05,0.06116988128158769,0.05770682951783321,0.06229471000755977,0.022722722501806472,0.051241758766697273,0.11658923116693774,0.039986807243574375,0.09125175929568852,0.06863981729838997,0.10004108105204068,0.055991694825934246,0.07385326515213819,0.07449879475687578,0.08182721860144124,5.026383471933387e-33,0.07449879475687576,0.08104520373818566,0.0922106571669745,0.08898237498979394,0.09096437167797158,0.08890154967474004,0.09138719703256788,0.0894187752934562,0.08285487350918114,0.08179566673600382
3,0,0.9241052580867035,0.2708670478486648,0.4405906764898023,-0.10102058935896625,64,1024,False,0.14023623124129958,0.11805368774147731,0.02218254349982258,0.12484467944058887,0.14459419217250105,0.12275288443988186,0.1416690487906456,1.2119337965241335e-32,0.11805368774147729,2.2188074385726285e-06,0.11540669361391424,0.1154089124213537,1.922561604663463e-05,-0.0116544725680228,-0.008310982649961059,-0.008706738870969089,0.1529051748224621,0.07846290795402117,0.16704286092574255,-0.03460769391969635,0.010911495246575352,0.0958312677757931,0.14948412327794358,-0.01800118749815738,-0.005601297736575361,0.11805368774147731,0.14023623124129958,1.2119337965241335e-32,0.11805368774147729,0.12484467944058887,0.05470456081213778,0.0493091670714877,0.09096437167797158,0.09583609655863091,0.09138719703256788,0.09613258102876016,0.14995099692772537,0.17505731441486186
3,1,0.9505936348193977,0.3408192780956797,0.5110098207375453,0.42966353322352396,64,1024,False,0.05852580793695739,0.043324067212195574,0.015201740724761947,0.052618310534739476,0.05823686531511127,0.05251156847132291,0.057999076390553066,1.3697427756698064e-36,0.043324067212195574,1.0091020017346117e-06,0.042753998863840396,0.04275500796584217,2.360196032569573e-05,-0.005223900483633351,-0.0026784240167857577,-0.002922830559811336,0.06091528933189703,0.020776012209398703,0.08424712473324712,-0.027133951854106133,0.016425663964164918,0.037556481489446014,0.06698530119319912,-0.010640353699272964,0.00028256935183890164,0.043324067212195574,0.05852580793695739,1.3697427756698064e-36,0.043324067212195574,0.052618310534739476,0.041336966442780225,0.040311389707147566,0.06713252517101073,0.07749942493273056,0.06713252517101073,0.07749942493273056,0.061424463075725313,0.061896199292990416
3,2,0.9724865947982084,0.46527081549564353,0.6336734261960013,0.6669879333567325,64,1024,False,0.033273029707850656,0.02131024185147785,0.011962787856372718,0.035791760335831556,0.03429258477477444,0.035796117579479356,0.03416066614746119,6.759005560822437e-33,0.021310241851477854,1.5571436132724106e-05,0.02143954532602159,0.021455116762154388,0.0007257679510834096,-0.008374487689824099,-0.005687074718343067,-0.006206403904122555,0.039979659493117506,0.008403750548003578,0.06318848461095514,-0.030847274710709013,0.013391813365435228,0.02576642022904707,0.04681462736334652,-0.014391554548637941,-0.0029728405352216214,0.02131024185147785,0.033273029707850656,6.759005560822437e-33,0.021310241851477854,0.035791760335831556,0.0375039033996101,0.036762258564614785,0.03397304944155461,0.0330681646749256,0.03479917168572799,0.03388303513017675,0.04968240501930296,0.05089244465426241
3,4,0.9388428286393367,0.5488203955925847,0.7016262520403083,0.7691240893458381,64,1024,False,0.02388265737117921,0.019307230516482587,0.0045754268546966525,0.027012576721787033,0.023282158564433525,0.024962215549739212,0.021787337953279882,2.9162097189436793e-33,0.019307230516482584,4.3253015045423716e-06,0.018919384144325115,0.018923709445829683,0.00022856520371567854,0.0037572081850122912,0.0012672074647242671,0.0014090665639218101,0.02201495109970926,-0.0015816026494755442,0.05150603374895397,-0.016941061981579845,0.024725954597471504,0.015530981079791673,0.03502151057909941,-0.0010264347220072523,0.008744913728151005,0.019307230516482587,0.02388265737117921,2.9162097189436793e-33,0.019307230516482584,0.027012576721787033,0.041336966442780225,0.04263918369014324,0.03397304944155461,0.034382489013305643,0.03479917168572799,0.03531827801665739,0.02780100925158047,0.02791364247012239
3,5,0.8896164300487541,0.41318056428323835,0.5723006436242948,0.3711748789697469,64,1024,False,0.06922247392529099,0.05286545811832381,0.016357015806967464,0.07347287944572842,0.06860258931579959,0.07075865034378814,0.06773436402959064,8.631419046530887e-34,0.05286545811832381,1.1766971803723407e-05,0.052929280761749214,0.05294104773355294,0.00022226556344229177,0.014417910909806778,0.014827561413116223,0.015509988156971773,0.05377502790268336,0.03818274853931039,0.1033345521482659,-0.008597285910013543,0.03813959269352685,0.05571081665402744,0.08694283813383663,0.007911138680356089,0.021280442859278992,0.05286545811832381,0.06922247392529099,8.631419046530887e-34,0.05286545811832381,0.07347287944572842,0.05470456081213778,0.05381117983226897,0.050767521849667874,0.05111338669571744,0.05100803492802584,0.05111338669571744,0.06498133059884947,0.06052365360359997
3,6,0.7218508040259747,0.3086333016427347,0.47429459664003293,0.210573771237109,64,1024,False,0.08614683302445858,0.07160710582230877,0.014539727202149562,0.08631673274765732,0.09127628578043735,0.08768931672321846,0.09230285109661407,1.0524601334112627e-33,0.07160710582230877,1.5479197099171787e-07,0.074029448982635,0.07402960377460609,2.0909469063620086e-06,0.019952757298325872,0.020172907520938112,0.022422630784865925,0.07110337825949924,0.05403412650783218,0.12134450693860474,-0.00261693948624607,0.04664369648026612,0.07156688458780991,0.10481237639760366,0.013855051358405035,0.029763525250018574,0.07160710582230877,0.08614683302445858,1.0524601334112627e-33,0.07160710582230877,0.08631673274765732,0.05481973631187361,0.05594039565873111,0.08558801429340836,0.08552176716120391,0.08436464718411255,0.08423450814654289,0.08285487350918114,0.08262408289328273
3,7,0.637366087487532,0.27759483086137215,0.4465949350189865,0.12974943954582674,64,1024,False,0.12494198069016374,0.10709547155138932,0.017846509138773933,0.1311345227265096,0.13296428679555708,0.12975030302570395,0.13159953192459223,1.0170458554039892e-33,0.10709547155138932,5.9285289067875857e-05,0.11186751864525682,0.11192680393432536,0.0005296791026273058,0.026014566997876385,0.022060751484094244,0.024623644243946502,0.11090353531146284,0.09102166784423985,0.16847893820716806,0.003949535381123994,0.052634722784585725,0.10890731231484096,0.15194934587634634,0.020357056535431184,0.03567351341916947,0.10709547155138932,0.12494198069016374,1.0170458554039892e-33,0.10709547155138932,0.1311345227265096,0.07017951368816118,0.061758157225480816,0.08806419110637269,0.08378275267250745,0.09138719703256788,0.08378275267250747,0.11070839181272131,0.10662316562996366
3,8,0.5588734127385133,0.2528631784136163,0.422687791705006,0.09309738932254173,64,1024,False,0.14151249981811115,0.12715044345821522,0.01436205635989653,0.1467495110897916,0.14938055560909713,0.14691660218515934,0.14841944609870608,1.2819760081819196e-35,0.12715044345821522,4.669307972505851e-05,0.13095635827222427,0.1310030513519494,0.0003564274209126175,0.03251685521302939,0.027898309365352765,0.031337100913052085,0.12148224624374437,0.10856065625893159,0.1852725481113871,0.011333072201814027,0.0599612532984239,0.12644656438351376,0.16877424267295282,0.027749134409532417,0.04304028273327276,0.12715044345821522,0.14151249981811115,1.2819760081819196e-35,0.12715044345821522,0.1467495110897916,0.0922106571669745,0.08651196557273029,0.09096437167797158,0.08892860434411327,0.09138719703256788,0.08946225346959615,0.12329905594970833,0.11037353082215103
3,9,0.5152473737385979,0.2400263077311829,0.41037718331983125,0.041410706649482945,64,1024,False,0.15536934583319065,0.14004618845510067,0.015323157378089959,0.15881726915447578,0.16241043728058985,0.15853989601760834,0.16161045393797555,6.821497492343815e-34,0.14004618845510067,5.746907831103627e-05,0.14417702385179548,0.14423449293010585,0.0003984419894545269,0.034459969458762646,0.03110035128135879,0.034054082491636974,0.13131008599923105,0.12007487010766713,0.19700492192754956,0.012858183219348483,0.06146077383996773,0.13773775104345987,0.1802995203761384,0.029291747428942472,0.044511064610560425,0.14004618845510067,0.15536934583319065,6.821497492343815e-34,0.14004618845510067,0.15881726915447578,0.0922106571669745,0.08866873025411012,0.09096437167797158,0.08873951269113273,0.09138719703256788,0.08928043457249944,0.12329905594970833,0.1193525878158453
3,10,0.5494556999650002,0.23422099199185442,0.4057014932749214,0.04849754119482827,64,1024,False,0.15639893838102045,0.14488899536893018,0.011509943012090195,0.1564683791269089,0.16187367708213546,0.15839553797094244,0.1639336474223738,2.387211565289583e-34,0.14488899536893018,1.235110470310782e-05,0.14838096774041767,0.14839331884512083,8.323221556894187e-05,0.03492605930922728,0.03221436529955254,0.03571223726857407,0.12965931178258291,0.12106700734896818,0.1957240685929167,0.01403521049059582,0.06226956420360297,0.13849529432627605,0.17887844314827817,0.030428792037128005,0.0452534477590234,0.14488899536893018,0.15639893838102045,2.387211565289583e-34,0.14488899536893018,0.1564683791269089,0.0922106571669745,0.08959175123336502,0.09096437167797158,0.08979094432909102,0.09138719703256788,0.09029142653207474,0.12329905594970833,0.11961357559668606
3,11,0.4977560036971205,0.22130727057712934,0.39438860116821384,0.0891213474214721,64,1024,False,0.15577511711227757,0.14553741741965007,0.010237699692626839,0.15802431534070127,0.15527197132320164,0.16128424220537468,0.159427894903984,2.882239758661916e-34,0.14553741741965007,2.4901350752523497e-06,0.146174992086871,0.14617748222194576,1.703501139437811e-05,0.0333943181462662,0.03132683071462304,0.03577300411759364,0.1239451406085786,0.12444145732495308,0.19812702708579627,0.014261269883912731,0.06122313745944957,0.1416117221378954,0.1810519088539877,0.030517536943079904,0.04410363716306165,0.14553741741965007,0.15577511711227757,2.882239758661916e-34,0.14553741741965007,0.15802431534070127,0.0922106571669745,0.08898237498979394,0.09096437167797158,0.08890154967474004,0.09138719703256788,0.0894187752934562,0.12329905594970833,0.11837194307205405
4,0,0.8679955104906787,0.2415051970956883,0.4136718596022945,-0.029227659257439788,64,1024,False,0.05474526901315973,0.033931908239581164,0.020813360773578864,0.05413821110508121,0.06004191014360238,0.05413868469831324,0.06004816008857762,1.7961699822536145e-32,0.033931908239581164,3.1387506782040245e-05,0.034354870923367774,0.03438625843014977,0.0009127921505562749,-0.009540344716127771,-0.005420514178861283,-0.005700448811677791,0.06546242432246366,0.023696799736230335,0.08458056966039615,-0.032339991080391775,0.012955799373736128,0.040983135215356015,0.06794145229650894,-0.015750398495583795,-0.0035399951520957984,0.033931908239581164,0.05474526901315973,1.7961699822536145e-32,0.033931908239581164,0.05413821110508121,0.05481973631187361,0.054516772349866266,0.09096437167797158,0.09583609655863091,0.09138719703256788,0.09613258102876016,0.12329905594970833,0.15211894255493277
4,1,0.8859190602116156,0.27594900138781625,0.44682120744868303,0.3979963940751108,64,1024,False,0.061166619588972994,0.04566150491085777,0.015505114678115191,0.05661671383985112,0.06099308602585046,0.05534423726591321,0.05974756770986759,3.0795622820017436e-33,0.04566150491085777,8.726437743748297e-06,0.045600143861327824,0.04560887029907171,0.0001913320300749898,-0.003667772229103614,4.3343575161474635e-05,-0.00016500602217216397,0.06094974245068899,0.023017978055217395,0.08767049647660903,-0.0257435138540306,0.018302511979433216,0.0401269041467458,0.07077566385851242,-0.009121225106355269,0.002129328182491008,0.04566150491085777,0.061166619588972994,3.0795622820017436e-33,0.04566150491085777,0.05661671383985112,0.05470456081213778,0.05436534800459471,0.08806419110637269,0.09435368655967699,0.08436464718411255,0.08872048986168302,0.0623655901417083,0.06602570921375482
4,2,0.9031375483369875,0.3508809660739673,0.5226649298616615,0.5870855807429005,64,1024,False,0.05487775388414318,0.04172059782756434,0.01315715605657883,0.06026000717712392,0.05436386381338239,0.05945931288021269,0.053583667826118224,1.858607652972476e-32,0.04172059782756435,3.7549103041831025e-05,0.04172755025310962,0.04176509935615154,0.0008990545604029662,-0.006086216457408693,-0.0019253893133551851,-0.0023343292276648093,0.056289253126737576,0.0269910995127099,0.09192752624771547,-0.028704592480025888,0.016000382065234207,0.044718869248754345,0.07555724343546899,-0.012193724003736861,-0.000446782709332183,0.04172059782756434,0.05487775388414318,1.858607652972476e-32,0.04172059782756435,0.06026000717712392,0.05470456081213778,0.0535397305617038,0.06713252517101073,0.06850702876978809,0.06713252517101073,0.06850702876978809,0.057941437617657174,0.051023992362063224
4,3,0.9388428286393367,0.5488203955925847,0.7016262520403083,0.7691240893458381,64,1024,False,0.011046882520811475,0.00782421498512031,0.003222667535691065,0.010571640321695492,0.009851343975587162,0.010115541124476785,0.008982645185138919,3.9073782981323955e-33,0.007824214985120311,4.44367193278503e-06,0.007996596436494184,0.008001040108426958,0.0005553867837888738,0.006884633191379782,0.00798111949410272,0.008390947912154912,0.001870224481484441,-0.012564697805286695,0.03279578005424026,-0.012997483068601,0.027883219066369837,0.0039930529310368,0.016204801249841694,0.0027968951399088837,0.012156849792518187,0.00782421498512031,0.011046882520811475,3.9073782981323955e-33,0.007824214985120311,0.010571640321695492,0.041336966442780225,0.04079725320589366,0.03397304944155461,0.03588166235880888,0.03479917168572799,0.037098461054614784,0.02780100925158047,0.030262347670135466
4,5,0.9684119997143017,0.6549254337480821,0.7833785604678378,0.6029110807505571,64,1024,False,0.043540262370741156,0.03218511698304934,0.011355145387691761,0.040553915963439734,0.04335815147840847,0.04113300811289577,0.043961177783571344,8.310992024049027e-34,0.03218511698304934,4.388560145763848e-06,0.03291249794570763,0.03291688650585345,0.00013332245578522294,0.014021610406816752,0.015960194417452802,0.016481428908410353,0.027397957060955668,0.012708609132191809,0.06955740709359973,-0.00873458159483968,0.03719011870273217,0.029804074059939012,0.05297778428939637,0.007802437707141507,0.020497562058153562,0.03218511698304934,0.043540262370741156,8.310992024049027e-34,0.03218511698304934,0.040553915963439734,0.0375039033996101,0.03722662953017104,0.021208236784453178,0.018616795274805326,0.021208236784453178,0.018616795274805326,0.04968240501930296,0.05240981121208827
4,6,0.8088591806498554,0.43547572002770335,0.5944917440614266,0.40046440358811475,64,1024,False,0.06977485271746751,0.05868295436392026,0.011091898353547557,0.06398596382574825,0.07737697662299374,0.06505280958049825,0.07839686865350463,6.258515642782588e-34,0.05868295436392027,1.6373764465719206e-06,0.06221116670389965,0.0622128040803462,2.6318962322567747e-05,0.02157977187312785,0.02391341708753746,0.026051270074403006,0.053463559535456284,0.03337806540874018,0.09672755375225632,-0.0013435862642173016,0.048441155057453895,0.050725115470413584,0.08012671465985477,0.015202924936602358,0.031594142732501496,0.05868295436392026,0.06977485271746751,6.258515642782588e-34,0.05868295436392027,0.06398596382574825,0.05481973631187361,0.05594039565873111,0.050767521849667874,0.049872841760795275,0.05062321400265309,0.04913846402230918,0.061424463075725313,0.06251331085667973
4,7,0.7250073394450868,0.37828788771952204,0.5410733652437055,0.34473703125964306,64,1024,False,0.10012197482768483,0.08627931071756645,0.013842664110118506,0.10079330159654316,0.10952174221202006,0.10058564925950833,0.10814156876792987,5.3306122038273186e-33,0.08627931071756645,7.905039296676512e-05,0.09002158351920328,0.09010063391216994,0.0008773566792418288,0.028675153923208314,0.02635995641884737,0.028860004921216823,0.08316178579317268,0.06483435318730218,0.13633694533171448,0.0061931295233178495,0.0556744045404368,0.08255870974971913,0.11985061103041517,0.022662724295514636,0.038716654235031456,0.08627931071756645,0.10012197482768483,5.3306122038273186e-33,0.08627931071756645,0.10079330159654316,0.05481973631187361,0.05479389456175026,0.06713252517101073,0.05172594911490276,0.06713252517101073,0.05172594911490276,0.07603620792622298,0.06275124094558926
4,8,0.6391408429265086,0.3387466154780649,0.5050653079444596,0.2696087892497172,64,1024,False,0.11339887833340212,0.10196397866337122,0.01143489967003145,0.11200355566482653,0.12123133514467438,0.1132775655386297,0.12123512247332952,3.7116714481225245e-33,0.1019639786633712,6.580593273793196e-05,0.104645949091753,0.10471175502449107,0.0006284483792917098,0.03561948977286634,0.03262096127303221,0.03603231892503349,0.08861037387164217,0.07730444858156696,0.14925068249569243,0.013944717263458917,0.06354853884067865,0.09504256427317159,0.13276848493114812,0.03042476215341594,0.04664962256356375,0.10196397866337122,0.11339887833340212,3.7116714481225245e-33,0.1019639786633712,0.11200355566482653,0.07017951368816118,0.06372895711493123,0.08558801429340836,0.08318660144146127,0.08436464718411255,0.06664630116299938,0.08285487350918114,0.0809116280321381
4,9,0.5967838217830262,0.314927718892033,0.4815177431382476,0.2090398184685065,64,1024,False,0.12907471476419405,0.11648179641685578,0.012592918347338021,0.12727009861869484,0.13656358394671278,0.1286159376155941,0.1370716578592497,2.4564122825166907e-33,0.11648179641685578,9.894801973262027e-05,0.12060162515607437,0.12070057317580661,0.0008197808604313533,0.03796310021481096,0.03613339299674637,0.03908026942389395,0.10043019094996641,0.09235391632693513,0.16487795890425305,0.015910944887536832,0.06541171545496946,0.10982858289935393,0.14812753144360613,0.03245795796829043,0.04851915807375917,0.11648179641685578,0.12907471476419405,2.4564122825166907e-33,0.11648179641685578,0.12727009861869484,0.08170891936877002,0.07387356647600056,0.08558801429340836,0.08179873390020051,0.08436464718411255,0.08150428375514038,0.09510948794857743,0.08034830841912985
4,10,0.6267198499796469,0.3010809131652368,0.46753357646396365,0.23046576046408213,64,1024,False,0.12945603025385807,0.12046091234703783,0.008995117906819857,0.12464707717653592,0.13412079314900838,0.12605406894598767,0.13510650246653322,2.5987300313151518e-33,0.12046091234703782,3.389326453872584e-05,0.12414738881173946,0.12418128207627815,0.0002729337624160375,0.03844018517040902,0.03695727561459068,0.04041396039595133,0.0971635175344177,0.08953557235003658,0.16257256554193877,0.016999098713088225,0.0663068150979888,0.1068263382621808,0.1456352111126762,0.03346956086170394,0.049328201115713455,0.12046091234703783,0.12945603025385807,2.5987300313151518e-33,0.12046091234703782,0.12464707717653592,0.07017951368816118,0.06598970111213234,0.08806419110637269,0.08416436711662356,0.08436464718411255,0.0816791518512843,0.08285487350918114,0.08036144139663462
4,11,0.5449741651059419,0.26792016388630735,0.43729533175335955,0.19432016692470866,64,1024,False,0.12216522816685361,0.11331909798670338,0.008846130180149596,0.11972331061004372,0.11985706117763836,0.12321345075936872,0.12337410196096364,4.761049815432888e-33,0.11331909798670335,8.546090918690811e-11,0.11398569462709424,0.11398569471255496,7.497511806408722e-10,0.03751620233560777,0.03622892381007894,0.04067949005777233,0.08362813736755942,0.0879208880023617,0.15850601351637575,0.017827559824773374,0.06591908993777326,0.10496383825375233,0.14144025301357033,0.03398059730534442,0.048688987852074206,0.11331909798670338,0.12216522816685361,4.761049815432888e-33,0.11331909798670335,0.11972331061004372,0.0922106571669745,0.08898237498979394,0.09096437167797158,0.08890154967474004,0.09138719703256788,0.0894187752934562,0.09510948794857743,0.09018672341628417
5,0,0.8408735596998975,0.23019327324662475,0.4024111039871559,0.15048966386746848,64,1024,False,0.06799623999362879,0.05131211176089849,0.016684128232730196,0.06270693221794264,0.07290780874790886,0.06270740581117465,0.07291405869288412,5.169395117241396e-33,0.05131211176089849,9.247690165489859e-06,0.050340991043452625,0.050350238733618186,0.00018366725556983902,-0.012684628861521939,-0.00778945567591731,-0.008107585656796822,0.08069726442382617,0.02903609634823935,0.09637871527410995,-0.03508900155162748,0.009449025074638856,0.04590347155317431,0.07906028473371407,-0.01856497413245961,-0.006931372881808784,0.05131211176089849,0.06799623999362879,5.169395117241396e-33,0.05131211176089849,0.06270693221794264,0.05481973631187361,0.054516772349866266,0.09096437167797158,0.09583609655863091,0.09138719703256788,0.09613258102876016,0.11070839181272131,0.11312850163772081
5,1,0.8523234603903723,0.251349096868157,0.4220781222058757,0.45135918910178674,64,1024,False,0.06361960682198328,0.05079683523544628,0.012822771586536854,0.06740019831312062,0.05962256691008755,0.0673424018899374,0.059644660731763506,1.634822214767454e-33,0.05079683523544629,0.00010452366327292042,0.04892996168112173,0.049034485344394606,0.0021316357771229075,-0.005486065478739002,-0.0023480420342640875,-0.002660545051367289,0.061970608944351635,0.033728798955555625,0.10095600482431917,-0.027425508989333176,0.016338982251757537,0.05127104035636876,0.08432714082300663,-0.01089084436534904,0.0001705375761957839,0.05079683523544628,0.06361960682198328,1.634822214767454e-33,0.05079683523544629,0.06740019831312062,0.05481973631187361,0.05436534800459471,0.09096437167797158,0.09476025324988199,0.09138719703256788,0.09508854828485283,0.061424463075725313,0.061896199292990416
5,2,0.863465880419593,0.3061127688594571,0.4770233780409936,0.5507140548662176,64,1024,False,0.08134753854506671,0.06939242090261756,0.011955117642448805,0.08852542826257502,0.08084125848243381,0.08707663908582862,0.07984416711189359,7.529584981294113e-33,0.06939242090261759,6.42246404170528e-05,0.06805408763307799,0.068118312273495,0.0009428395724073563,-0.007626871875968994,-0.0048920188009016225,-0.005210742773899091,0.08573327728333544,0.0499989623754523,0.12415431579620494,-0.029671424028780438,0.014125092417133542,0.06791823700041277,0.10763313015922904,-0.013254951751150656,-0.002156884664145764,0.06939242090261756,0.08134753854506671,7.529584981294113e-33,0.06939242090261759,0.08852542826257502,0.05481973631187361,0.0535397305617038,0.08558801429340836,0.08829646715312668,0.08436464718411255,0.0862240365169065,0.057941437617657174,0.051023992362063224
5,3,0.8896164300487541,0.41318056428323835,0.5723006436242948,0.3711748789697469,64,1024,False,0.054961810073212956,0.046032663259581684,0.008929146813631111,0.056489781751970516,0.057082507824734896,0.054465548675171914,0.0550654265034113,1.5891341490687332e-35,0.046032663259581684,5.779490974543412e-05,0.04710251102387382,0.04716030593361905,0.001225499042071184,0.006885104195929974,0.006840593410700303,0.0075191416009277685,0.0502419144140346,0.02221235612875961,0.08671874122158421,-0.013523789488978553,0.028938856188869648,0.04029252643522341,0.07080022423178889,0.0026853885501623154,0.012917364372697193,0.046032663259581684,0.054961810073212956,1.5891341490687332e-35,0.046032663259581684,0.056489781751970516,0.05470456081213778,0.0445263962669247,0.050767521849667874,0.05033735760286877,0.05100803492802584,0.050337357602868775,0.06498133059884947,0.0718199507425571
5,4,0.9684119997143017,0.6549254337480821,0.7833785604678378,0.6029110807505571,64,1024,False,0.034717605094352226,0.02949609654578117,0.005221508548571055,0.03800212712597154,0.0343058910391309,0.03233776147166435,0.029659030208530526,2.3561195448603898e-33,0.02949609654578117,1.514934757094943e-05,0.0293913864993563,0.02940653584692718,0.000515169404849584,0.003243875854212033,0.0020595720622412785,0.0023801874905632877,0.03224631897688962,0.003985002516687725,0.060690520426640984,-0.017660541242881824,0.02418799517001265,0.021786034165415913,0.044838766276370734,-0.0015944648330332711,0.008279583125840873,0.02949609654578117,0.034717605094352226,2.3561195448603898e-33,0.02949609654578117,0.03800212712597154,0.0375039033996101,0.03745861033357724,0.021208236784453178,0.0188091095928077,0.021208236784453178,0.0188091095928077,0.04968240501930296,0.05046109021219172
5,6,0.869747295829528,0.6128490807761741,0.7554572936160954,0.8576941763725723,64,1024,False,0.017981398234908564,0.017265350834779373,0.0007160474001292784,0.017889551393466555,0.017286411376111546,0.01379293457431072,0.012636233942314118,2.819754031577352e-34,0.01726535083477937,1.026356556193645e-06,0.016875088491777324,0.01687611484833352,6.0817111368200697e-05,0.008897520351165622,0.010617831928245988,0.012451767474977423,0.006668579447865558,-0.01138380987605157,0.03896967902467301,-0.01130572728095662,0.03256004554277157,0.00584949781477917,0.02272320424526697,0.005033290013670921,0.016176793302292936,0.017265350834779373,0.017981398234908564,2.819754031577352e-34,0.01726535083477937,0.017889551393466555,0.05470456081213778,0.05594039565873111,0.021208236784453178,0.02361310544562387,0.021208236784453178,0.02361310544562387,0.015184975197702358,0.015780647396082988
5,7,0.79373504499975,0.5204983628691298,0.6785520830558367,0.7988727312818252,64,1024,False,0.049790021897128486,0.046570973099094755,0.0032190487980335576,0.052476123932618635,0.04900738885742483,0.04512959368360512,0.04084735472865315,2.0217642184199447e-35,0.046570973099094755,3.423317531657588e-05,0.04633659840731924,0.04637083158263585,0.0007382480354179141,0.015428924912600677,0.013832040825236066,0.01602972056915495,0.03517534803218877,0.014445078874125519,0.07581410849308472,-0.004653540793118267,0.039592860019339204,0.032008823480282445,0.059538065099332016,0.011676862101012375,0.023078296522726305,0.046570973099094755,0.049790021897128486,2.0217642184199447e-35,0.046570973099094755,0.052476123932618635,0.05481973631187361,0.05479389456175026,0.03397304944155461,0.032195032582911155,0.03479917168572799,0.03288516988216024,0.02780100925158047,0.021694091183619313
5,8,0.7112283778911129,0.44967859158381696,0.6136765186815991,0.7137455093194195,64,1024,False,0.07913577922067692,0.07680146215392145,0.002334317066755245,0.07992773995194193,0.08043214468178274,0.061610223768277225,0.05982309669563305,2.204997193328946e-36,0.07680146215392145,5.357047601806513e-05,0.0782415030292172,0.07829507350523512,0.0006842126026547914,0.023170546217399612,0.021381076694433822,0.024542204889503254,0.05905106798734892,0.028061009447427503,0.09515943808912694,0.002971123391533999,0.04918295331231523,0.04593495576409623,0.07898602499335539,0.01951205600198591,0.03243538246169919,0.07680146215392145,0.07913577922067692,2.204997193328946e-36,0.07680146215392145,0.07992773995194193,0.05481973631187361,0.05523105747314029,0.050767521849667874,0.03335085216133741,0.05062321400265309,0.03409919974548364,0.04968240501930296,0.04766604935712702
5,9,0.6706150825961605,0.4115459438952182,0.5727612141543271,0.6490757554718073,64,1024,False,0.049556473730604254,0.04576561447293056,0.0037908592576737505,0.04936935118390945,0.05020560509528852,0.04081551087444251,0.0405245596484945,2.6004753518291985e-34,0.045765614472930566,9.243870616729804e-05,0.04836287487072232,0.04845531357688955,0.0019077104107605258,0.02581723980495731,0.024524407046247077,0.02737270185690223,0.025681198049041443,0.011347018701183313,0.07028400304770172,0.005318171787649078,0.051517475466040866,0.02881808689562604,0.054052871222666,0.021881914493860677,0.03475367702776566,0.04576561447293056,0.049556473730604254,2.6004753518291985e-34,0.045765614472930566,0.04936935118390945,0.05684946161746466,0.06064778663116919,0.050767521849667874,0.050860733227385095,0.05062321400265309,0.05076253209362461,0.04968240501930296,0.04970327527499586
5,10,0.6912688332297795,0.38176140984392354,0.5424312650183358,0.6166379679604841,64,1024,False,0.05111207247346843,0.04877109234768216,0.0023409801257860546,0.04683330140795663,0.05086771292429587,0.03470605321620266,0.03772813164927445,7.00148292138215e-36,0.04877109234768216,1.3831926432462971e-05,0.05032470530475064,0.05033853723118312,0.0002747780764653315,0.026619509245861685,0.02587466102493414,0.0292128910041965,0.024993051899361733,0.005495250015468658,0.06391685641693666,0.0066179689505533774,0.052940841541819286,0.022969454403209966,0.047690421641163994,0.023166696388216224,0.03612490610248642,0.04877109234768216,0.05111207247346843,7.00148292138215e-36,0.04877109234768216,0.04683330140795663,0.05684946161746466,0.05929451524976945,0.050767521849667874,0.054571617597464796,0.05100803492802584,0.054571617597464796,0.04968240501930296,0.04987234526005938
5,11,0.5768196833570426,0.3262714070852021,0.4924253276363415,0.5255501000370054,64,1024,False,0.04603866504610432,0.042524825794350025,0.003513839251754159,0.042689616379224436,0.04438758554401055,0.02995437173004011,0.03112428567482468,2.452695376818964e-34,0.04252482579435002,4.8326563677596015e-06,0.04540706541943773,0.04541189807580545,0.00010641828623178259,0.027384879254948848,0.026326734354803618,0.030581862668031267,0.018060851189206934,0.0016078250259899014,0.05830091843409031,0.008545665155519164,0.05453545445776142,0.018901549985457677,0.04200118155131349,0.02484307517443085,0.03754427135572769,0.042524825794350025,0.04603866504610432,2.452695376818964e-34,0.04252482579435002,0.042689616379224436,0.08170891936877002,0.08898237498979394,0.08558801429340836,0.08890154967474004,0.08436464718411255,0.08714298257110507,0.057941437617657174,0.0601367439429769
6,0,0.6744504151543547,0.20878141600229258,0.37957376807550425,0.19157920015304822,64,1024,False,0.06248256798238589,0.04628310800899293,0.016199459973393202,0.05678860352838181,0.06647594683729192,0.05678907712161383,0.06648219678226717,5.026383471933387e-33,0.04628310800899293,1.4115527484392689e-08,0.04549593505444483,0.04549594916997225,3.10258995403245e-07,-0.014188560128419967,-0.009536443639227553,-0.009796039259939271,0.07601239047651948,0.023763785046547047,0.08981436919668062,-0.03695033523292792,0.008345093095889522,0.040570512239355594,0.07245012070052326,-0.020348629979707766,-0.008155916555551812,0.04628310800899293,0.06248256798238589,5.026383471933387e-33,0.04628310800899293,0.05678860352838181,0.05684946161746466,0.05685499417101765,0.09096437167797158,0.09583609655863091,0.09138719703256788,0.09613258102876016,0.09510948794857743,0.09467345660160287
6,1,0.6961406555460922,0.2212965494794243,0.38948276571217544,0.3380198312096967,64,1024,False,0.07228822268827541,0.05579161069573367,0.016496611992542026,0.07032536872068261,0.07186731019747583,0.07037294945762146,0.07191799741333872,3.696187105114787e-33,0.05579161069573367,4.7863545041405596e-05,0.05436603302736546,0.05441389657240701,0.0008796198775751146,-0.007125668160929655,-0.004355136257239045,-0.004693472704920793,0.07622244645471488,0.03705492172691194,0.10369097718833098,-0.029220757936102935,0.014815394927054009,0.05444188967521768,0.08698667649150593,-0.012739551879349165,-0.00148308981442824,0.05579161069573367,0.07228822268827541,3.696187105114787e-33,0.05579161069573367,0.07032536872068261,0.05684946161746466,0.055624379153535755,0.09096437167797158,0.09476025324988199,0.09138719703256788,0.09508854828485283,0.07603620792622298,0.07768088063428606
6,2,0.6913212428859651,0.2571135094441368,0.4264298555889945,0.41238264434851657,64,1024,False,0.06731831977823566,0.050585136034514616,0.016733183743720972,0.07002026983843213,0.06955644315139387,0.06994256639812525,0.0695700766485332,1.094825180324638e-32,0.05058513603451464,3.666598983417246e-05,0.04908550141956341,0.04912216740939771,0.0007464245119436195,-0.009157591935113077,-0.006249071479185004,-0.006585765342575105,0.07580551463057887,0.03693859247968655,0.10294654031656396,-0.03135063136244868,0.012798148263294444,0.05458463780814782,0.08645028472528793,-0.014964731461077463,-0.003624016033427324,0.050585136034514616,0.06731831977823566,1.094825180324638e-32,0.05058513603451464,0.07002026983843213,0.05684946161746466,0.05565211541555852,0.09096437167797158,0.09459020863996782,0.09138719703256788,0.09491873955863582,0.061424463075725313,0.06019649068105292
6,3,0.7218508040259747,0.3086333016427347,0.47429459664003293,0.210573771237109,64,1024,False,0.06349757104010732,0.05096759346895052,0.012529977571157,0.06225904943081121,0.06594905611856168,0.062364391505285464,0.06641461574421303,2.2680398351557618e-33,0.05096759346895052,1.5814511963938702e-05,0.05176769898028977,0.05178351349225385,0.0003053966580754384,0.0053025652721317455,0.00442749629279656,0.0052223645253384144,0.06152155982576512,0.030203949440323764,0.09452483357024716,-0.01519404570968811,0.02768462848143558,0.04825682364025852,0.07858496783592273,0.0010016657906817272,0.01148749536514515,0.05096759346895052,0.06349757104010732,2.2680398351557618e-33,0.05096759346895052,0.06225904943081121,0.05481973631187361,0.054522163787116114,0.08558801429340836,0.08770882928091721,0.08436464718411255,0.08583835370099928,0.08285487350918114,0.08631673274765732
6,4,0.8088591806498554,0.43547572002770335,0.5944917440614266,0.40046440358811475,64,1024,False,0.040278725758519957,0.030073938181588333,0.0102047875769316,0.04045697234580862,0.04120539233051541,0.039097362165099424,0.04110678073757667,8.180813069302493e-34,0.030073938181588336,1.855116778966919e-06,0.030537888005408898,0.03053974312218789,6.074434783372916e-05,0.0034098841101665527,0.0013534705697249253,0.0019477174955104231,0.039851921760790485,0.010936888754778995,0.06725783557541985,-0.017878393105295636,0.025547960151355725,0.02848127298784675,0.05109156636171974,-0.0015402797653223388,0.009294576899264939,0.030073938181588333,0.040278725758519957,8.180813069302493e-34,0.030073938181588336,0.04045697234580862,0.05481973631187361,0.052387946845691084,0.050767521849667874,0.051454891816591825,0.05062321400265309,0.051454891816591825,0.061424463075725313,0.06344443076248063
6,5,0.869747295829528,0.6128490807761741,0.7554572936160954,0.8576941763725723,64,1024,False,0.01940488542485384,0.013887830265031277,0.005517055159822604,0.017411206663353735,0.0195063923425095,0.018284365192367664,0.020457360644520875,5.216896173142681e-34,0.013887830265031273,3.2741212931512186e-07,0.014229845717840703,0.014230173129970002,2.3008302592296855e-05,0.0019797883700665513,0.0008543797270549357,0.00047171137552624225,0.018652012615454565,-0.005986157438848293,0.04255488782358362,-0.01861027807582131,0.022192492892356135,0.010952875869406853,0.026003734303230885,-0.0028822529420722276,0.006431599671486765,0.013887830265031277,0.01940488542485384,5.216896173142681e-34,0.013887830265031273,0.017411206663353735,0.05470456081213778,0.05381117983226897,0.021208236784453178,0.018616795274805326,0.021208236784453178,0.018616795274805326,0.015184975197702358,0.014739728904572083
6,7,0.9522746603071786,0.77130215760819,0.8679155952735369,0.9279490507658873,64,1024,False,0.010688988307038644,0.00810209401323199,0.0025868942938066077,0.012732942982634502,0.010243756129563925,0.012766296930999382,0.010490512461936422,6.280523083762939e-34,0.008102094013231993,1.3981605964098032e-06,0.00812018081182906,0.008121578972425478,0.000172153789448685,0.004630017619285381,0.003807296539207268,0.004567027956782663,0.006436459590356657,-0.009541822969084866,0.03507441683108363,-0.014288576213499741,0.024650601204723913,0.007096175737387966,0.018765994973364286,0.0009069602747331373,0.009432960338017438,0.00810209401323199,0.010688988307038644,6.280523083762939e-34,0.008102094013231993,0.012732942982634502,0.041336966442780225,0.04702057360203149,0.00841037706609419,0.006820994807999192,0.00841037706609419,0.006820994807999192,0.00841037706609419,0.006820994807999192
6,8,0.877422555376072,0.6129035865190844,0.7533184581928569,0.8495474664530276,64,1024,False,0.012001005383388658,0.010516530191630256,0.0014844751917583983,0.012469071547369818,0.012994862122509243,0.010637143480832703,0.010227669632163603,2.7860648223957796e-34,0.010516530191630256,2.500802787922937e-06,0.010773279426415426,0.010775780229203356,0.0002320762612757758,0.011866719720386049,0.010615084831802785,0.012704294318420082,0.0023797772907064585,-0.012002014867389657,0.03327630182905506,-0.007215212808979118,0.03494982610918142,0.004653213465644512,0.016792718743090518,0.00890211767546134,0.018963872593303677,0.010516530191630256,0.012001005383388658,2.7860648223957796e-34,0.010516530191630256,0.012469071547369818,0.05470456081213778,0.05523105747314029,0.021208236784453178,0.02245668896117937,0.021208236784453178,0.02245668896117937,0.015184975197702358,0.015728155927768866
6,9,0.8396461979626697,0.5384061463881256,0.6859825992714375,0.801551447025384,64,1024,False,0.017157165587741382,0.014619234902709236,0.002537930685032158,0.015671888515402178,0.017104975992331573,0.013431277986336648,0.014867891697858885,1.1979353587566607e-33,0.014619234902709232,1.0018907614616298e-05,0.014890060919247411,0.014900079826862025,0.0006724063045993957,0.015403531807688659,0.014174087875227134,0.016338339309188318,0.0029308881171044385,-0.01023121921972858,0.037093775192401875,-0.004107840974083909,0.038877606324327574,0.006553952924150508,0.02053250425524311,0.012142387866333593,0.022695158811984584,0.014619234902709236,0.017157165587741382,1.1979353587566607e-33,0.014619234902709232,0.015671888515402178,0.05481973631187361,0.05693873464808732,0.03397304944155461,0.0355935424699129,0.03479917168572799,0.03607432389708305,0.024589120741330708,0.026379128504651895
6,10,0.8235207519359834,0.4778917067516712,0.6311140144829579,0.7470400208408198,64,1024,False,0.018699915475433652,0.01716288561527424,0.0015370298601594448,0.014759294433211563,0.018360955724158214,0.009140692454340458,0.012883233681500222,2.4389497473156016e-34,0.01716288561527424,5.952764514219322e-06,0.01715745923279979,0.01716341199731409,0.000346828737499914,0.01802891343157975,0.016916406327471573,0.019762160702686618,0.0014445493966866417,-0.014929944538183736,0.033211329446864654,-0.0013923670873529116,0.04273443774617082,0.001944461720995605,0.016781425321823917,0.015039417710795533,0.026366289574070834,0.01716288561527424,0.018699915475433652,2.4389497473156016e-34,0.01716288561527424,0.014759294433211563,0.05481973631187361,0.05929451524976945,0.03397304944155461,0.03620736089265499,0.03479917168572799,0.03747068795043891,0.02780100925158047,0.03473626191545788
6,11,0.6055271047491816,0.385804974591526,0.547016844902668,0.6386355619630273,64,1024,False,0.03135884301283535,0.02851185473406556,0.002846988278769792,0.027783835867631206,0.028092530953812186,0.01801197095891813,0.017951067589831435,1.4689281678057489e-34,0.02851185473406556,3.545538100776381e-05,0.02876551356113386,0.02880096894214166,0.00123104820115567,0.020175499718575934,0.01945953896430072,0.023184111919541277,0.008632991989511465,-0.008677351595876705,0.044701293513712964,0.0014272161902640183,0.04627773914300563,0.008248603167885449,0.028130673665145878,0.01774366112658754,0.029612224898301065,0.02851185473406556,0.03135884301283535,1.4689281678057489e-34,0.02851185473406556,0.027783835867631206,0.07017951368816118,0.0810270928291805,0.050767521849667874,0.05346423921276467,0.05100803492802584,0.05565287474010476,0.04968240501930296,0.052224105692347624
7,0,0.5872026158871834,0.20020100685374237,0.37072198690854696,0.25865285813524547,64,1024,False,0.08342453238739354,0.06898625663093631,0.014438275756457787,0.07792258517782365,0.08831745957915983,0.07790486218295879,0.08828019193585775,4.268270102472183e-33,0.06898625663093631,5.025930024279604e-07,0.06905007011149672,0.06905057270449903,7.2786217802826954e-06,-0.015409911715609596,-0.010839671302959968,-0.011072695801900841,0.0991571308821198,0.040674552622035995,0.11513517174388159,-0.03804279901912905,0.0070615203487485265,0.057785589291597717,0.09780729970225366,-0.021471255749929696,-0.009416508037247695,0.06898625663093631,0.08342453238739354,4.268270102472183e-33,0.06898625663093631,0.07792258517782365,0.08170891936877002,0.0824661862069593,0.09096437167797158,0.09583609655863091,0.09138719703256788,0.09613258102876016,0.08285487350918114,0.08681022948877341
7,1,0.6189190142884702,0.211366348198417,0.37983340530933174,0.3193928464447477,64,1024,False,0.07056840312656114,0.05411818051710542,0.016450222609455556,0.06817818810107348,0.07293861972982564,0.06807438017496392,0.0729747850076033,2.9347248925550943e-33,0.0541181805171054,1.1021985342275466e-05,0.05376406792545201,0.05377508991079414,0.0002049645172246016,-0.0076475660511763155,-0.005603213920159335,-0.005904475823386677,0.07854183364998497,0.03460843456757805,0.1015403257823498,-0.02993579840589852,0.014487629223998825,0.05181365497992374,0.08465136960148811,-0.013406175799900666,-0.00186975572432857,0.05411818051710542,0.07056840312656114,2.9347248925550943e-33,0.0541181805171054,0.06817818810107348,0.07017951368816118,0.07033346181024484,0.09096437167797158,0.09476025324988199,0.09138719703256788,0.09508854828485283,0.08245907516936743,0.08530733269548417
7,2,0.6034328584662986,0.23926585713508794,0.4085036203504384,0.35227440581410885,64,1024,False,0.050979191456791736,0.033374947784328104,0.017604243672463663,0.05283186257899096,0.054823272285107,0.05286562514890534,0.05486826352193961,8.796698395502204e-33,0.0333749477843281,9.658997674190144e-06,0.032822242565379425,0.03283190156305366,0.0002941954993267764,-0.009912177286906482,-0.00774975196137578,-0.008039843284322126,0.06257302424648278,0.023692157009702952,0.08203909328810773,-0.03216840370589029,0.012134896021914763,0.04102756817883346,0.06551986877457239,-0.01580057985847816,-0.004356167999503668,0.033374947784328104,0.050979191456791736,8.796698395502204e-33,0.0333749477843281,0.05283186257899096,0.07706577386903937,0.08450760019595827,0.09096437167797158,0.09459020863996782,0.09138719703256788,0.09491873955863582,0.07603620792622298,0.07935111440439899
7,3,0.637366087487532,0.27759483086137215,0.4465949350189865,0.12974943954582674,64,1024,False,0.07422120582397349,0.060419660959078955,0.013801544864895408,0.07447244048682629,0.0769119846414388,0.07577429004194598,0.07809828558683089,3.228151008493682e-33,0.06041966095907896,1.1215585180077404e-05,0.06138117605342655,0.061392391638606575,0.00018268689133499222,0.004693736326860737,0.00332785396031519,0.00413563241005049,0.0735841306811236,0.043498604621581546,0.10804997546231042,-0.01579240413404316,0.027080018915509756,0.061308571879635565,0.09181420722597977,0.0003770707917283289,0.010853352585399989,0.060419660959078955,0.07422120582397349,3.228151008493682e-33,0.06041966095907896,0.07447244048682629,0.07017951368816118,0.06984928854980231,0.08806419110637269,0.08859736168929298,0.09138719703256788,0.08922958695593841,0.11070839181272131,0.1311345227265096
7,4,0.7250073394450868,0.37828788771952204,0.5410733652437055,0.34473703125964306,64,1024,False,0.05313121241630186,0.042321356865587995,0.010809855550713806,0.05172594911490276,0.05536380623240857,0.051975240606636226,0.056314337431872474,2.339532730005014e-33,0.042321356865588,1.1875311764239547e-05,0.04388560166903194,0.043897476980796116,0.00027052378817658823,0.003095779400657786,0.00040646514831190893,0.0010568880808341286,0.05495734108409667,0.022102227025004577,0.08184825418826788,-0.01835334398554464,0.0256976395258112,0.03939406528661493,0.06530300642043585,-0.0019377450516913086,0.009315904455434065,0.042321356865587995,0.05313121241630186,2.339532730005014e-33,0.042321356865588,0.05172594911490276,0.05481973631187361,0.05492481343898958,0.06713252517101073,0.07279276106028428,0.06713252517101073,0.07279276106028428,0.07603620792622298,0.08048643331136048
7,5,0.79373504499975,0.5204983628691298,0.6785520830558367,0.7988727312818252,64,1024,False,0.023823104590307533,0.01815977685889563,0.005663327731411873,0.021694091183619313,0.02432073875576677,0.022833170718818786,0.025431988378385437,2.6915133113276274e-35,0.01815977685889563,4.214104540776346e-06,0.01858401261309003,0.018588226717630864,0.00022670826027634382,0.0022780265596812517,0.001026171433281046,0.000681154080503554,0.023294567322485724,-0.002620778158993097,0.048287119596630665,-0.01873878019690305,0.022962467897817637,0.014268395199906081,0.03163006705290172,-0.0027720227299141698,0.007013780632405542,0.01815977685889563,0.023823104590307533,2.6915133113276274e-35,0.01815977685889563,0.021694091183619313,0.05481973631187361,0.05381117983226897,0.03397304944155461,0.034695341103786095,0.03479917168572799,0.0356728437192019,0.02780100925158047,0.028673426118432065
7,6,0.9522746603071786,0.77130215760819,0.8679155952735369,0.9279490507658873,64,1024,False,0.00533974020244861,0.005126843061481351,0.00021289714096726342,0.004087811149553875,0.0046070042887419805,0.003211399254455974,0.0036909806788722166,1.5797432665116525e-33,0.005126843061481351,7.434660914529737e-06,0.005023537075008237,0.005030971735922779,0.0014777783109858945,0.0006263928047101412,0.0009299337640524887,0.0009615258704278262,0.0036770705246894917,-0.017827280564268473,0.02425007907318042,-0.01806999134341285,0.019219857665086337,-0.0019017889426322654,0.008086102388915606,-0.003458250648691319,0.004549119577859528,0.005126843061481351,0.00533974020244861,1.5797432665116525e-33,0.005126843061481351,0.004087811149553875,0.041336966442780225,0.04472325328761898,0.00841037706609419,0.011204152314936475,0.00841037706609419,0.011204152314936475,0.00841037706609419,0.011204152314936475
7,8,0.9293205120949248,0.7516638253097331,0.8561969102006214,0.9127994180328682,64,1024,False,0.009535121189686893,0.010117154701469245,-0.0005820335117823455,0.007774595651761646,0.010873171426303875,0.0022923132395505745,0.00487701108374835,5.900322311048485e-35,0.010117154701469247,3.876596302384786e-09,0.010387828129101303,0.010387832005697614,3.7318627219409347e-07,0.0063485563129423534,0.005727059540223988,0.007419977828122407,0.005146111886079887,-0.019809930063522597,0.024394556542623746,-0.011487440658717544,0.027692778798678142,-0.003382107832294423,0.007953563435876276,0.0038608545073657297,0.01247548169340007,0.010117154701469245,0.009535121189686893,5.900322311048485e-35,0.010117154701469247,0.007774595651761646,0.041336966442780225,0.04659735031457309,0.010439756981087463,0.01100568765500122,0.010439756981087463,0.01100568765500122,0.010439756981087463,0.00964644137868361
7,9,0.8975662358233192,0.6402763722263637,0.7724455958526837,0.860135259584623,64,1024,False,0.01546692494087755,0.014845847712414244,0.0006210772284634321,0.0118331903359226,0.014641003017516502,0.004839826342561626,0.008303376975677918,1.3034317237312576e-34,0.014845847712414248,1.5852522645972787e-06,0.01459456496946016,0.014596150221724714,0.00010860756024816807,0.010021480054763198,0.009458782210884824,0.011379025295966138,0.005182220806631678,-0.01838282678221853,0.028062479467341785,-0.008508210484797706,0.032179947819856704,-0.0016574860492255539,0.011538984414073639,0.007253393181599677,0.01651801075786352,0.014845847712414244,0.01546692494087755,1.3034317237312576e-34,0.014845847712414248,0.0118331903359226,0.05470456081213778,0.05693873464808732,0.021208236784453178,0.022547529134243263,0.021208236784453178,0.022547529134243263,0.015184975197702358,0.015855332170058307
7,10,0.8674110423604022,0.5507891322878216,0.698392299163706,0.8044462901441763,64,1024,False,0.023440503691100664,0.023460615059624875,-2.0111368524356557e-05,0.017437821232291574,0.022574026396752486,0.0034773553599465844,0.009051680162919486,9.699498921174783e-35,0.023460615059624875,1.3607428932690946e-05,0.02353709670788146,0.023550704136814104,0.0005777928699558507,0.01296518751025139,0.012064674747874581,0.014622574244154527,0.010509351648877905,-0.02080267568224703,0.027757386402140198,-0.005560668013271914,0.0365399437745183,-0.0037578813135041855,0.011486077615700196,0.010533136090089101,0.020546191481116693,0.023460615059624875,0.023440503691100664,9.699498921174783e-35,0.023460615059624875,0.017437821232291574,0.05481973631187361,0.05929451524976945,0.03397304944155461,0.03620736089265499,0.03479917168572799,0.03747068795043891,0.024589120741330708,0.026019380643138534
7,11,0.6119357302213011,0.42611742974759953,0.5884227623192739,0.6688843556376486,64,1024,False,0.04117428884421638,0.03930624268821117,0.0018680461560052104,0.035997164748349283,0.03709052365945472,0.0125872133799717,0.012880135827862238,9.763386297274428e-35,0.03930624268821117,8.129176195257282e-05,0.04078636602205831,0.040867657784010844,0.0019891465858456314,0.016242321674205543,0.015528448281034016,0.019019682090622603,0.021562075378420704,-0.014493869552234633,0.03966829631217803,-0.001975395520238,0.0414657782429247,0.002526727461372502,0.02317641332774656,0.014178143028402701,0.0250444896882982,0.03930624268821117,0.04117428884421638,9.763386297274428e-35,0.03930624268821117,0.035997164748349283,0.07017951368816118,0.0810270928291805,0.050767521849667874,0.05346423921276467,0.05062321400265309,0.05224833058646462,0.04968240501930296,0.052224105692347624
8,0,0.5225996131619285,0.1923727191878631,0.361535991733964,0.329481966270163,64,1024,False,0.08558309037730626,0.07184747629170268,0.013735614085603547,0.07877320106534132,0.09001375830559255,0.07874883691266296,0.08996789919851869,1.624364757556977e-33,0.0718474762917027,1.4567348332776671e-06,0.07125384860759103,0.07125530534242427,2.044387889824044e-05,-0.016424722663712393,-0.011770500562156033,-0.011965006289677262,0.10178425886774858,0.04117004788757118,0.11632762593775475,-0.039174078214546215,0.0061778597158625055,0.058247396285878494,0.0989339244842995,-0.022597636729187798,-0.010359476123994682,0.07184747629170268,0.08558309037730626,1.624364757556977e-33,0.0718474762917027,0.07877320106534132,0.0922106571669745,0.09671794994288402,0.09096437167797158,0.09583609655863091,0.09138719703256788,0.09613258102876016,0.08245907516936743,0.08542507333618858
8,1,0.549198440971603,0.20423530525056457,0.373399427214976,0.3637428886215234,64,1024,False,0.05695182983457927,0.04052134543634342,0.01643048439823597,0.05850422239675572,0.05636328045419296,0.058510740337180275,0.05641396295094131,2.938359730900518e-33,0.040521345436343406,1.2026937015711214e-05,0.03967538153146594,0.03968740846848158,0.00030304163158606355,-0.009037224887177519,-0.006612072238024091,-0.0069819842487689986,0.06297535269221706,0.02779344252749639,0.08922803814686417,-0.03168012019117426,0.01331737923660894,0.04501193744363263,0.0725087588725728,-0.015087694402609486,-0.003126324823824689,0.04052134543634342,0.05695182983457927,2.938359730900518e-33,0.040521345436343406,0.05850422239675572,0.0922106571669745,0.09609073103153329,0.09096437167797158,0.09476025324988199,0.09138719703256788,0.09508854828485283,0.07099348639097146,0.07768088063428606
8,2,0.5324234782615435,0.22592957900459276,0.3945274233451703,0.32270208744153034,64,1024,False,0.07263183629225574,0.05332921606154372,0.01930262023071225,0.07682929198654699,0.07312990493211022,0.07680368158321003,0.07307020047470088,5.2989115467372554e-33,0.053329216061543706,4.080286744070326e-05,0.05108052695617096,0.05112132982361168,0.0007981573949951791,-0.011564364566908616,-0.0093915431998244,-0.009724428356581391,0.08252144813193461,0.043304849030430116,0.11030251413598996,-0.03405971333345413,0.010686589842481529,0.060951757433940656,0.09379257036198396,-0.017651274742092937,-0.0058798394675250165,0.05332921606154372,0.07263183629225574,5.2989115467372554e-33,0.053329216061543706,0.07682929198654699,0.0922106571669745,0.09620894734008491,0.09096437167797158,0.09459020863996782,0.09138719703256788,0.09491873955863582,0.08245907516936743,0.08537642612936618
8,3,0.5588734127385133,0.2528631784136163,0.422687791705006,0.09309738932254173,64,1024,False,0.10683086585760303,0.09213551961046255,0.014695346247141064,0.10836436487872929,0.1082102791879419,0.10957559178967025,0.10927801912793186,2.18661038829813e-33,0.09213551961046253,3.263262117895073e-05,0.09007017640748792,0.09010280902866695,0.00036217096371066957,0.00313571806846181,0.001593059723061528,0.002288697612053019,0.10661721946488038,0.07281885235012643,0.14633233122921407,-0.017378263058093684,0.025403896490361264,0.0907591611467069,0.1299323251878377,-0.0012440461287042126,0.009169225828372873,0.09213551961046255,0.10683086585760303,2.18661038829813e-33,0.09213551961046253,0.10836436487872929,0.0922106571669745,0.09094961375173138,0.09096437167797158,0.08859736168929298,0.09138719703256788,0.08922958695593841,0.12329905594970833,0.13588018683035433
8,4,0.6391408429265086,0.3387466154780649,0.5050653079444596,0.2696087892497172,64,1024,False,0.06481297270088292,0.05192798297350621,0.012884989727376776,0.06372895711493123,0.06795486663154288,0.06503734082779795,0.06912281142826109,7.021081184496233e-34,0.05192798297350621,9.375625919408304e-07,0.05339163063000785,0.053392568192599736,1.755979574832996e-05,0.0015766883217627845,-0.0008302031527344549,-0.00039374600381037145,0.06878506978427733,0.03430110678675646,0.09577357486883945,-0.020104209046974797,0.02427034843746151,0.051621382241137326,0.07918933177279541,-0.0037030761886853725,0.007776800965075381,0.05192798297350621,0.06481297270088292,7.021081184496233e-34,0.05192798297350621,0.06372895711493123,0.07017951368816118,0.07044869237953146,0.08558801429340836,0.08902962798079725,0.08436464718411255,0.08902962798079725,0.08285487350918114,0.08489636379050139
8,5,0.7112283778911129,0.44967859158381696,0.6136765186815991,0.7137455093194195,64,1024,False,0.03187124177805229,0.02238422826725891,0.009487013510793438,0.03044700248333574,0.03234688410007758,0.03208011266202503,0.033870209464770686,5.900322311048485e-35,0.02238422826725891,7.290065066141259e-08,0.02284182043276103,0.022841893333411734,3.1915327506926907e-06,0.001943044519628197,0.0006503460450686102,3.4913263382146045e-05,0.031696538055008966,0.006627738562828701,0.057532486761221364,-0.019770428432319985,0.022968200651094173,0.023510279264883138,0.040901619286159985,-0.0036168770311633125,0.006772160173568409,0.02238422826725891,0.03187124177805229,5.900322311048485e-35,0.02238422826725891,0.03044700248333574,0.05481973631187361,0.05796466295778486,0.050767521849667874,0.05111338669571744,0.05062321400265309,0.05111338669571744,0.04968240501930296,0.05240981121208827
8,6,0.877422555376072,0.6129035865190844,0.7533184581928569,0.8495474664530276,64,1024,False,0.010582460667672336,0.006908948792269648,0.0036735118754026457,0.010097710208415652,0.009876120975397657,0.011237938250276878,0.011098191031863132,1.3685232126313555e-33,0.00690894879226965,6.252916574232553e-06,0.00672784425128343,0.006734097167857676,0.0009285456414377517,0.0016720996734189033,0.0016448455037717687,0.0010802086986534097,0.008231275471625889,-0.010426196091539532,0.03290207259209329,-0.018455117195742825,0.020586296051530797,0.005896992843190674,0.016685771486663725,-0.0033025030061253347,0.005265411127766129,0.006908948792269648,0.010582460667672336,1.3685232126313555e-33,0.00690894879226965,0.010097710208415652,0.05470456081213778,0.05594039565873111,0.021208236784453178,0.02361310544562387,0.021208236784453178,0.02361310544562387,0.015184975197702358,0.015780647396082988
8,7,0.9293205120949248,0.7516638253097331,0.8561969102006214,0.9127994180328682,64,1024,False,0.012081699364375127,0.008132470133285401,0.003949229231089755,0.01310491831041328,0.010737996583317436,0.014341175783958257,0.012167334970400328,9.378727264228987e-35,0.008132470133285401,4.3029157778715854e-07,0.00817700106275759,0.008177431354335376,5.2619405671810826e-05,0.0008397941355498529,0.00041534842125072723,-0.00017976461154712217,0.01032264816206671,-0.00783410637389632,0.03651645794181284,-0.018557835855192644,0.018767819056221557,0.008707623557711486,0.020192348449199926,-0.003997034509666264,0.004014530510175973,0.008132470133285401,0.012081699364375127,9.378727264228987e-35,0.008132470133285401,0.01310491831041328,0.041336966442780225,0.04702057360203149,0.010439756981087463,0.007774595651761646,0.010439756981087463,0.007774595651761646,0.010439756981087463,0.007774595651761646
8,9,0.9737327334108663,0.8227096038045396,0.8993353339589116,0.955572418902782,64,1024,False,0.005791975981612879,0.004834569173681855,0.0009574068079309989,0.0040173313010411155,0.005110816208451328,0.003540093472662488,0.0048917601313325605,1.5421435181007643e-34,0.004834569173681852,9.863820031304727e-08,0.004730582689756067,0.004730681327956377,2.0850738714978784e-05,0.0029701137912402603,0.0028973151143705782,0.0034825625568545644,0.00221350109408075,-0.017209359914935413,0.024289546860260386,-0.015306062289428338,0.022102662807480737,-0.0013148530124453828,0.008366331981960684,-0.0005848982546012849,0.007451374629454222,0.004834569173681855,0.005791975981612879,1.5421435181007643e-34,0.004834569173681852,0.0040173313010411155,0.0375039033996101,0.04233339159124329,0.005229563225381038,0.006039238311937112,0.005229563225381038,0.006039238311937112,0.005229563225381038,0.006039238311937112
8,10,0.9344659177065979,0.6782491276561281,0.8013934176360131,0.8935853211540018,64,1024,False,0.010637207008849597,0.010389034973976911,0.0002481720348726855,0.006187964446953939,0.010241907364668614,0.0008883356040580983,0.004885377704241522,1.6122687138000097e-35,0.010389034973976911,2.1828488469969797e-05,0.010386492598227274,0.010408321086697208,0.002097215130869532,0.00622277630950702,0.005956908156170902,0.007440456458204612,0.004284999208497712,-0.02119597430272706,0.02297264551084326,-0.012328885815650564,0.027418036196020873,-0.004678697478084359,0.006703711136651691,0.003174398429109715,0.012020559435768519,0.010389034973976911,0.010637207008849597,1.6122687138000097e-35,0.010389034973976911,0.006187964446953939,0.041336966442780225,0.04453233026058261,0.014241731481412029,0.021329043643499506,0.014241731481412029,0.021329043643499506,0.01330333270636543,0.015709058701506677
8,11,0.6323473340765289,0.5007841993288029,0.6590898289822253,0.778292281016389,64,1024,False,0.024870882268313958,0.023233735085612946,0.001637147182701012,0.019511531977008414,0.021756044106208752,0.004132779342422546,0.005839979729252437,4.0575684661344725e-35,0.023233735085612946,5.2403087499007334e-05,0.023759944968831475,0.023812348056330413,0.002200668635240958,0.00899361720528978,0.00891780800306917,0.011294378679158652,0.012838236103139583,-0.020186813543786222,0.028452372228631312,-0.00942440088278109,0.03233925466699172,-0.0033544474208611064,0.011953086177527439,0.006446818559197709,0.01629088300978765,0.023233735085612946,0.024870882268313958,4.0575684661344725e-35,0.023233735085612946,0.019511531977008414,0.07017951368816118,0.0810270928291805,0.03397304944155461,0.03522634605678837,0.03479917168572799,0.0358183476663093,0.02780100925158047,0.02898522029080505
9,0,0.4781152361918847,0.18923051048040457,0.35916937187128417,0.33806675144135445,64,1024,False,0.06691284864538045,0.05345631786091469,0.01345653078446592,0.06131236353912875,0.07065910525701535,0.061290747415295464,0.07066275366607917,1.4654136144849639e-33,0.0534563178609147,4.228423745371584e-06,0.05291978294708347,0.05292401137082869,7.98961309970215e-05,-0.017102050126859315,-0.012086184086258623,-0.01230503298566042,0.08274528934327398,0.026837420512492598,0.09574407431809834,-0.040088076639554396,0.005659253141255899,0.04374568068305962,0.0783980509659159,-0.023478817114664707,-0.010902152796916198,0.05345631786091469,0.06691284864538045,1.4654136144849639e-33,0.0534563178609147,0.06131236353912875,0.0922106571669745,0.09747317361348093,0.09096437167797158,0.09583609655863091,0.09138719703256788,0.09613258102876016,0.07603620792622298,0.08010883380704349
9,1,0.5054530995518368,0.1996143238254055,0.36996951998144595,0.3022544899219768,64,1024,False,0.060929230551997504,0.04333607053246976,0.017593160019527786,0.06139943470232655,0.05965270407310272,0.06131929216041266,0.05970334777379322,9.777484157965397e-34,0.04333607053246976,1.4119178822739876e-07,0.04194850114309111,0.04194864233487926,3.365824979513134e-06,-0.010161401943911583,-0.007320359499272038,-0.007728482023324224,0.06697306357237476,0.030078439401193525,0.0925601449196318,-0.03272199903111586,0.012051838529636231,0.04734263936552452,0.07585995709814597,-0.01615485639194958,-0.004362917024991475,0.04333607053246976,0.060929230551997504,9.777484157965397e-34,0.04333607053246976,0.06139943470232655,0.0922106571669745,0.09609073103153329,0.09096437167797158,0.09476025324988199,0.09138719703256788,0.09508854828485283,0.08245907516936743,0.08530733269548417
9,2,0.4876592238727957,0.21878535209456956,0.38794139828009,0.2697002728293354,64,1024,False,0.05594334077857399,0.035575993330847565,0.020367347447726464,0.05740584195019124,0.05791635434938092,0.057439604520105624,0.05796134558621355,3.082771998060971e-33,0.035575993330847565,3.824972686971522e-06,0.0341038428978351,0.03410766787052218,0.0001121440698171359,-0.01267056377117461,-0.010118571474333675,-0.010533138539293777,0.06803492582371459,0.028256373122786886,0.08662283591742437,-0.03519971985013202,0.009541157417683003,0.04543943073076662,0.06996140997216571,-0.01877842401881935,-0.007007763066212647,0.035575993330847565,0.05594334077857399,3.082771998060971e-33,0.035575993330847565,0.05740584195019124,0.0922106571669745,0.09620894734008491,0.09096437167797158,0.09459020863996782,0.09138719703256788,0.09491873955863582,0.08285487350918114,0.08613802784136186
9,3,0.5152473737385979,0.2400263077311829,0.41037718331983125,0.041410706649482945,64,1024,False,0.10269381232164465,0.08715863029514555,0.015535182026498577,0.10375399457175502,0.10531655844649551,0.10512942149742203,0.1065564549973796,1.1075434631576874e-34,0.08715863029514555,5.707272291644623e-06,0.08511234864768417,0.08511805591997594,6.705125287412975e-05,0.0016297232541507864,0.0007576298136213375,0.0013444147589954849,0.10455892863287418,0.07026895890549269,0.13998988408935137,-0.018818319481188738,0.02362148520420086,0.08784448276855983,0.12334551570529584,-0.0027814824497909285,0.007420821733830962,0.08715863029514555,0.10269381232164465,1.1075434631576874e-34,0.08715863029514555,0.10375399457175502,0.0922106571669745,0.09094961375173138,0.09096437167797158,0.08859736168929298,0.09138719703256788,0.08922958695593841,0.12329905594970833,0.13588018683035433
9,4,0.5967838217830262,0.314927718892033,0.4815177431382476,0.2090398184685065,64,1024,False,0.07265731550174868,0.05880058922033284,0.01385672628141559,0.07303093459799669,0.07597782272238508,0.07458916530792459,0.07734228014399128,3.064178916570951e-33,0.05880058922033285,1.0919765128410745e-05,0.059542335192861846,0.059553254957990236,0.00018336134836145751,0.00032746995270623334,-0.0017785535804653062,-0.0014964704130464685,0.07775637630285039,0.04323911118281357,0.10593921943303561,-0.021259058589995723,0.02265922409963591,0.0604357472184347,0.08916914177098079,-0.0049531205877428874,0.006194000743562356,0.05880058922033284,0.07265731550174868,3.064178916570951e-33,0.05880058922033285,0.07303093459799669,0.08170891936877002,0.08344451632292468,0.08558801429340836,0.08902962798079725,0.08436464718411255,0.08902962798079725,0.09510948794857743,0.10353081705539645
9,5,0.6706150825961605,0.4115459438952182,0.5727612141543271,0.6490757554718073,64,1024,False,0.04121789364666759,0.030665935885002382,0.010551957761665127,0.04042820971954765,0.040915227639443406,0.04188661279560184,0.042251491840823704,3.7488034309483646e-34,0.030665935885002382,1.237360000819099e-06,0.03042269649085498,0.03042393385085575,4.0670611725784274e-05,0.0010915144004104724,5.112513498263547e-05,-0.0007981672822309796,0.04086410250446077,0.014747049764449526,0.06902617582675415,-0.020695466073097933,0.021865421255346275,0.03170726959069725,0.05242961105250288,-0.004591054152115248,0.0056833454364095815,0.030665935885002382,0.04121789364666759,3.7488034309483646e-34,0.030665935885002382,0.04042820971954765,0.05684946161746466,0.05871937120925634,0.050767521849667874,0.05111338669571744,0.05062321400265309,0.05111338669571744,0.04968240501930296,0.05240981121208827
9,6,0.8396461979626697,0.5384061463881256,0.6859825992714375,0.801551447025384,64,1024,False,0.01482654697816265,0.010565045230229194,0.0042615017479335155,0.015778627035169576,0.013773470734984207,0.016624949556077174,0.01495536063701372,3.338815284148267e-33,0.010565045230229192,5.189295377129335e-06,0.010280055422093764,0.010285244717470885,0.0005045378617306608,0.0017788407583621455,0.001573756121298955,0.001093577529510042,0.012199714613685252,-0.00652207526426353,0.03977197437641788,-0.018427685606493768,0.02097825227860327,0.010154210263863206,0.023224434560688678,-0.003170668423990719,0.0055373147915815935,0.010565045230229194,0.01482654697816265,3.338815284148267e-33,0.010565045230229192,0.015778627035169576,0.05481973631187361,0.05594039565873111,0.03397304944155461,0.03506250006233472,0.03479917168572799,0.03616227557293004,0.024589120741330708,0.026351219482562933
9,7,0.8975662358233192,0.6402763722263637,0.7724455958526837,0.860135259584623,64,1024,False,0.018682306911699108,0.01405248620615556,0.004629820705543486,0.02140912103768579,0.017116154145440585,0.02211260700759728,0.018204175464096133,2.675608018881906e-34,0.01405248620615556,4.6362901892719235e-07,0.014164810360710718,0.014165273989729632,3.2729971849703805e-05,0.0011052618626920328,0.0005314644210545786,-0.00011013143358914075,0.016584689724386006,-0.0021720625095793394,0.0463972765247739,-0.018471175338139016,0.019301689469783834,0.014861739880871028,0.030056871721171774,-0.003776492907491047,0.004359340004157275,0.01405248620615556,0.018682306911699108,2.675608018881906e-34,0.01405248620615556,0.02140912103768579,0.05470456081213778,0.05479389456175026,0.021208236784453178,0.021179539033991373,0.021208236784453178,0.021179539033991373,0.015184975197702358,0.013009304232276864
9,8,0.9737327334108663,0.8227096038045396,0.8993353339589116,0.955572418902782,64,1024,False,0.005322312922637145,0.004869661280725373,0.0004526516419117282,0.00644179514972096,0.005034638675617355,0.00594936179767116,0.00459415098343498,6.14447025667824e-34,0.004869661280725373,2.7228584348581287e-08,0.0049182461413442005,0.004918273369928555,5.536207994265439e-06,0.00019702032074000035,0.0002208896705935851,5.197526483803461e-05,0.00481374900502377,-0.014808908566815977,0.026707632162158296,-0.018022934831948532,0.0183881197126043,0.001072887251211796,0.010759591656096745,-0.003801391168963164,0.003994681108451914,0.004869661280725373,0.005322312922637145,6.14447025667824e-34,0.004869661280725373,0.00644179514972096,0.0375039033996101,0.04032773142232729,0.005229563225381038,0.0040173313010411155,0.005229563225381038,0.0040173313010411155,0.005229563225381038,0.0040173313010411155
9,10,0.9629547844694317,0.8032007245715662,0.8883565810917978,0.9444740590613281,64,1024,False,0.007929081449741934,0.008566460096044684,-0.0006373786463027396,0.005636681474153264,0.008136544043928388,-1.554968547998722e-05,0.0019806739738498836,4.718040514994204e-34,0.008566460096044684,1.8704555585355695e-05,0.008847237992302744,0.008865942547888066,0.002109708638909606,0.002763517967125192,0.0025073602448795855,0.003364825738024431,0.005629183799048802,-0.0212030413475748,0.021171941976614823,-0.015128361020740352,0.022322103119746133,-0.004992778653104324,0.005185806032386608,-0.00040828800410963595,0.007638465285708662,0.008566460096044684,0.007929081449741934,4.718040514994204e-34,0.008566460096044684,0.005636681474153264,0.0375039033996101,0.04040092357465163,0.00818758663722185,0.009186415310826273,0.00818758663722185,0.009186415310826273,0.00818758663722185,0.009186415310826273
9,11,0.6717859536662939,0.5729201009859423,0.7249028219924754,0.8267177931466984,64,1024,False,0.0342171170590972,0.03335346211433197,0.0008636549447655869,0.0283818210623606,0.02954796505156402,0.006944748518269334,0.007444970082643015,3.0398366800811787e-34,0.03335346211433197,0.00010696748691383828,0.03315363511283316,0.03326060259974702,0.003216041759707981,0.005014332936554057,0.004496323012811044,0.006309633780849501,0.025051642038752975,-0.01875617213776126,0.032645669174299924,-0.013079069818314358,0.026875159580369685,-0.0018994290512637235,0.016021159681258723,0.0023333180288318545,0.011271597133600153,0.03335346211433197,0.0342171170590972,3.0398366800811787e-34,0.03335346211433197,0.0283818210623606,0.05684946161746466,0.059874680090282,0.03397304944155461,0.03522634605678837,0.02736407148816755,0.026346321913974496,0.024589120741330708,0.02383058067712473
10,0,0.5165589554527207,0.18651304952520392,0.3592555949004399,0.31979021798071877,64,1024,False,0.05241518308297355,0.03793611669470037,0.014479066388273109,0.050552971271539536,0.056607236240273175,0.05035587852907053,0.05638558563267498,3.5494598059635156e-33,0.03793611669470038,3.3441688364434847e-07,0.03868356885701707,0.03868390327390074,8.644858851923893e-06,-0.017934967003095825,-0.0121883666871227,-0.012549449328419686,0.06879560292739588,0.018694814711387828,0.08201694234675323,-0.04134281721116845,0.005065571112223891,0.035674441009177826,0.06499894076841883,-0.024653445289004594,-0.011497874635097105,0.03793611669470037,0.05241518308297355,3.5494598059635156e-33,0.03793611669470038,0.050552971271539536,0.0922106571669745,0.09671794994288402,0.09096437167797158,0.09583609655863091,0.09138719703256788,0.09613258102876016,0.08245907516936743,0.08542507333618858
10,1,0.5401352786176524,0.1957048410723608,0.366503311543229,0.3120121863633454,64,1024,False,0.06660944528614345,0.048550559481526714,0.01805888580461725,0.0679846482239908,0.06582564245272862,0.0676219926058549,0.06554542342002918,1.6775559413801223e-33,0.048550559481526714,9.680689334657103e-07,0.04962184080495559,0.04962280887388911,1.950854769075952e-05,-0.011083333197576185,-0.007360072476693041,-0.007891037278254045,0.07318571492942166,0.034878094011193086,0.10036589120051671,-0.03386232134456502,0.011232927860686165,0.05217148461815668,0.08364827102195704,-0.017267980394535698,-0.005230834154644981,0.048550559481526714,0.06660944528614345,1.6775559413801223e-33,0.048550559481526714,0.0679846482239908,0.0922106571669745,0.09609073103153329,0.09096437167797158,0.09476025324988199,0.09138719703256788,0.09508854828485283,0.08245907516936743,0.08530733269548417
10,2,0.5201343816494595,0.21242329720963415,0.38069325452975966,0.2861319260044388,64,1024,False,0.047936663385094884,0.027281014521444883,0.020655648863649907,0.049850310130412696,0.04921389241620713,0.04988407270032709,0.049258883653039716,5.266298282393241e-33,0.027281014521444907,2.46613049410168e-06,0.026983287330240666,0.02698575346073476,9.138638643868099e-05,-0.014102436579260899,-0.010806785403621644,-0.011391961377719051,0.060020677819828776,0.022807087464842578,0.0769610579358116,-0.03705338044576618,0.008261087365742466,0.039706789299088996,0.060166425879288,-0.02055878498504171,-0.008333723846590146,0.027281014521444883,0.047936663385094884,5.266298282393241e-33,0.027281014521444907,0.049850310130412696,0.0922106571669745,0.09620894734008491,0.09096437167797158,0.09459020863996782,0.09138719703256788,0.09491873955863582,0.08245907516936743,0.08613802784136186
10,3,0.5494556999650002,0.23422099199185442,0.4057014932749214,0.04849754119482827,64,1024,False,0.09161827514104956,0.0761184159882942,0.015499859152756021,0.09455361842706642,0.0922341545667658,0.0959340407070203,0.09347436833235771,1.6299627939286623e-33,0.07611841598829419,5.399551440075512e-06,0.07447008735842671,0.0744754869098669,7.250105590595543e-05,0.00014972456902719898,-0.0002728691767800037,9.822770391811481e-06,0.0925070237435458,0.062438273696274776,0.12942980771776583,-0.020360846436553105,0.02157563724246799,0.07986133881786373,0.11273950656322995,-0.004442428384209052,0.005460284875880461,0.0761184159882942,0.09161827514104956,1.6299627939286623e-33,0.07611841598829419,0.09455361842706642,0.0922106571669745,0.09094961375173138,0.09096437167797158,0.08859736168929298,0.09138719703256788,0.08922958695593841,0.12329905594970833,0.13588018683035433
10,4,0.6267198499796469,0.3010809131652368,0.46753357646396365,0.23046576046408213,64,1024,False,0.07113313882080952,0.05723795410332218,0.0138951847174872,0.07339992596494764,0.07262455118984583,0.07500657562034856,0.07392663721011743,3.3215080136744303e-34,0.05723795410332218,3.3327852725566756e-06,0.058574445122300804,0.058577777907573333,5.6895044359915714e-05,-0.001231993368508336,-0.0031684671781182948,-0.003237358559450101,0.07579301836796412,0.04366003786688338,0.10635311337381373,-0.02284853704742353,0.020357486589178502,0.06079826039058389,0.089537858395488,-0.00668232912721578,0.0039832241454860196,0.05723795410332218,0.07113313882080952,3.3215080136744303e-34,0.05723795410332218,0.07339992596494764,0.07017951368816118,0.07044869237953146,0.08806419110637269,0.09041652066809595,0.08436464718411255,0.09041652066809595,0.08285487350918114,0.08489636379050139
10,5,0.6912688332297795,0.38176140984392354,0.5424312650183358,0.6166379679604841,64,1024,False,0.053499716271245265,0.04102666235113237,0.012473053920113003,0.054571617597464796,0.051986896339613765,0.05560756294768196,0.05294862153714548,7.910521855132924e-36,0.04102666235113237,6.232309767277497e-06,0.04168416279420518,0.04169039510397239,0.00014949030230427496,-0.00043013605331628326,-0.000748081560838031,-0.0018026629625889678,0.0527349779004518,0.026293969011834367,0.08492115688352955,-0.02233927678619127,0.01962802995532134,0.043415838154032826,0.06835453522216994,-0.006350814241159242,0.0035798288736259565,0.04102666235113237,0.053499716271245265,7.910521855132924e-36,0.04102666235113237,0.054571617597464796,0.05684946161746466,0.05871937120925634,0.050767521849667874,0.05111338669571744,0.05100803492802584,0.05111338669571744,0.04968240501930296,0.05240981121208827
10,6,0.8235207519359834,0.4778917067516712,0.6311140144829579,0.7470400208408198,64,1024,False,0.032704119089275736,0.026185859247001484,0.006518259842274183,0.03473626191545788,0.03063383496632509,0.036049933173669106,0.03238860183739923,1.3473854039181712e-33,0.02618585924700148,6.4353191356147686e-06,0.026499098561165595,0.026505533880301187,0.0002427915304281976,0.0007492635940258241,0.0007457538731471458,0.00043389461349615307,0.029888081093177945,0.009107151006079596,0.06299271534125861,-0.019397363885345215,0.01986869461812802,0.026198656181804836,0.04652236636320595,-0.004180594987701625,0.00447222532966407,0.026185859247001484,0.032704119089275736,1.3473854039181712e-33,0.02618585924700148,0.03473626191545788,0.05481973631187361,0.05594039565873111,0.03397304944155461,0.03506250006233472,0.03479917168572799,0.03616227557293004,0.02780100925158047,0.026810258871026553
10,7,0.8674110423604022,0.5507891322878216,0.698392299163706,0.8044462901441763,64,1024,False,0.03844105998925035,0.031323237826024065,0.0071178221632261915,0.04391824468878582,0.036897898330563256,0.04471512805766959,0.03808971149919493,8.55968864172105e-39,0.031323237826024065,1.7450818848878515e-05,0.03226745346547218,0.03228490428432102,0.0005405256492382852,0.0006964153992592716,4.3405311520603084e-05,-0.0004414582449789147,0.03685449301904265,0.016637901798994464,0.07279235431634472,-0.01903591482471782,0.01898907774542723,0.03397387782752048,0.0564872570685111,-0.0042687631721491925,0.003943464005715214,0.031323237826024065,0.03844105998925035,8.55968864172105e-39,0.031323237826024065,0.04391824468878582,0.05481973631187361,0.05479389456175026,0.03397304944155461,0.032195032582911155,0.03479917168572799,0.03288516988216024,0.024589120741330708,0.020723295951839686
10,8,0.9344659177065979,0.6782491276561281,0.8013934176360131,0.8935853211540018,64,1024,False,0.0194642178608402,0.016541202490014655,0.002923015370825431,0.022295498515870118,0.018989486532955756,0.022938513231433352,0.019940555666609308,3.3570162636884768e-37,0.016541202490014655,3.226713744684687e-05,0.016936822759891612,0.016969089897338422,0.0019015243387866029,0.00040511081146932346,0.0005581955668636835,0.0005404564528616787,0.018431290966092074,-0.0013093848136415918,0.0471864112765083,-0.018103585464504152,0.019207915453458433,0.015532361576333642,0.030602081402321346,-0.0035799790202872828,0.004427452688105404,0.016541202490014655,0.0194642178608402,3.3570162636884768e-37,0.016541202490014655,0.022295498515870118,0.041336966442780225,0.04659735031457309,0.014241731481412029,0.01100568765500122,0.014241731481412029,0.01100568765500122,0.01330333270636543,0.00964644137868361
10,9,0.9629547844694317,0.8032007245715662,0.8883565810917978,0.9444740590613281,64,1024,False,0.009056857297854526,0.0066232273497849594,0.0024336299480695526,0.010738491800290437,0.008731287358296532,0.0121667611371366,0.010461273779038638,2.5087968066320454e-34,0.006623227349784959,2.109640265751811e-05,0.006921222745388874,0.00694231914804637,0.0030388119888517117,0.0002887087362652792,-0.0002302278023710257,-0.0003159537320858639,0.008961515160667557,-0.008697310754220982,0.03303083302849418,-0.017946116150587835,0.018346338776588488,0.007173971869633533,0.016980165724817198,-0.003725119364389684,0.004048576251079794,0.0066232273497849594,0.009056857297854526,2.5087968066320454e-34,0.006623227349784959,0.010738491800290437,0.0375039033996101,0.04233339159124329,0.00818758663722185,0.006039238311937112,0.00818758663722185,0.006039238311937112,0.00818758663722185,0.006039238311937112
10,11,0.70681171378881,0.6840680854536497,0.8112739845366279,0.8854189212381182,64,1024,False,0.01575645950668355,0.014485623808048239,0.0012708356986353708,0.01226711990996917,0.012260305726570631,0.005502482369027324,0.005167672368778833,2.056465196173482e-38,0.014485623808048239,3.333209870981398e-05,0.014661348907378274,0.014694681006088136,0.002268310465263193,0.001971155395934905,0.0019715625459084036,0.0029140543010883336,0.010288743180662228,-0.018099108237626206,0.029104072975680857,-0.016079969528969815,0.021895944668454275,-0.0014239488082239404,0.012442795392416883,-0.0012256332774995826,0.006978961195272859,0.014485623808048239,0.01575645950668355,2.056465196173482e-38,0.014485623808048239,0.01226711990996917,0.05481973631187361,0.059874680090282,0.012364933931318833,0.012462747952668498,0.012364933931318833,0.012462747952668498,0.01330333270636543,0.013648736971830852
11,0,0.47128231644483104,0.17515983259978868,0.3467095471340631,0.22338005516517834,64,1024,False,0.03358604991151889,0.017364479623010794,0.016221570288508014,0.03241217812624677,0.03625955226423161,0.0324126517194788,0.036265802209206846,5.7618534262477736e-33,0.017364479623010798,1.1414629731118275e-06,0.01738221452700251,0.017383355989975664,6.566413146978448e-05,-0.015642377701418703,-0.010771294461003762,-0.010913043367030658,0.04703084672523537,0.006188396591798623,0.05863690684715897,-0.038723912363472515,0.007197927228438785,0.02291698999761138,0.0417308487376431,-0.022034883724700194,-0.009287009939725976,0.017364479623010794,0.03358604991151889,5.7618534262477736e-33,0.017364479623010798,0.03241217812624677,0.0922106571669745,0.09747317361348093,0.09096437167797158,0.09583609655863091,0.09138719703256788,0.09613258102876016,0.08285487350918114,0.08681022948877341
11,1,0.4858752215157386,0.19664501149982333,0.3683922661377323,0.2825234902145311,64,1024,False,0.059285900134834826,0.040658819422814595,0.018627080712020256,0.06455210740806225,0.05370943663267016,0.06450518025931447,0.053744500280904314,1.1207664487721965e-33,0.040658819422814595,1.3840997690299938e-05,0.03996613781504881,0.03997997881273913,0.00034619822474467327,-0.01091810241106904,-0.006920065405114149,-0.007399660508697471,0.060629502037784305,0.033078130691533175,0.09593222982709576,-0.0333816176639055,0.011073150297325186,0.050573673826875165,0.07942822411132511,-0.01687418410438113,-0.005325851474481169,0.040658819422814595,0.059285900134834826,1.1207664487721965e-33,0.040658819422814595,0.06455210740806225,0.0922106571669745,0.09609073103153329,0.09096437167797158,0.09476025324988199,0.09138719703256788,0.09508854828485283,0.08285487350918114,0.08530733269548417
11,2,0.4777107359369909,0.20459197624071393,0.3758256530288497,0.26721871171398387,64,1024,False,0.05978167998367757,0.03873294767972059,0.02104873230395723,0.0648084794074355,0.05895106913508433,0.0648419913110231,0.0589960528689064,6.773655514743542e-33,0.03873294767972058,1.993856081502118e-05,0.03761573743222806,0.03763567599304325,0.0005297782034978384,-0.012878592749877162,-0.009417236661295797,-0.009868107035701004,0.06836830579638012,0.03414580906770314,0.09553817355434305,-0.0354194797703956,0.00923106970204488,0.051674459187779576,0.07909832387667848,-0.01896595724247163,-0.007242600040626712,0.03873294767972059,0.05978167998367757,6.773655514743542e-33,0.03873294767972058,0.0648084794074355,0.0922106571669745,0.09620894734008491,0.09096437167797158,0.09459020863996782,0.09138719703256788,0.09491873955863582,0.08285487350918114,0.08613802784136186
11,3,0.4977560036971205,0.22130727057712934,0.39438860116821384,0.0891213474214721,64,1024,False,0.09604160056225493,0.08114829836818117,0.014893302194073638,0.1000019532476413,0.09691784387585291,0.1013007124872866,0.09785599000593041,6.6009999129330815e-34,0.08114829836818117,1.2397007051124228e-05,0.07948398754795738,0.07949638455500836,0.00015594428753607013,0.0014549545186618787,0.0006896221453720045,0.0012223020684031223,0.0962282217304809,0.06650486488680632,0.13609656008776688,-0.018876706834062493,0.02313539886176423,0.08427237023715861,0.11965192709612893,-0.0029425726461340673,0.007013133421423845,0.08114829836818117,0.09604160056225493,6.6009999129330815e-34,0.08114829836818117,0.1000019532476413,0.0922106571669745,0.09094961375173138,0.09096437167797158,0.08859736168929298,0.09138719703256788,0.08922958695593841,0.12329905594970833,0.13588018683035433
11,4,0.5449741651059419,0.26792016388630735,0.43729533175335955,0.19432016692470866,64,1024,False,0.08362451136472843,0.06916004420102027,0.014464467163708236,0.08350272487188212,0.08699771035028375,0.08496357628892984,0.08801116129807944,2.5822310308405322e-34,0.06916004420102026,6.575721062076313e-06,0.06933346042368331,0.06934003614474538,9.483296271074449e-05,-0.0009214061706106766,-0.0029768723685634443,-0.0025332213654876675,0.0899745827188472,0.05221348714838209,0.11771366542947759,-0.021848136630326545,0.020814846564517646,0.06937873309652787,0.10084005358658032,-0.0058357251837151125,0.0044869443227071315,0.06916004420102027,0.08362451136472843,2.5822310308405322e-34,0.06916004420102026,0.08350272487188212,0.0922106571669745,0.09247453390318944,0.09096437167797158,0.09041652066809595,0.09138719703256788,0.09041652066809595,0.09510948794857743,0.10353081705539645
11,5,0.5768196833570426,0.3262714070852021,0.4924253276363415,0.5255501000370054,64,1024,False,0.067450502428749,0.0533108875178192,0.014139614910930413,0.06692405790485839,0.06762424833345036,0.06783431109606229,0.06868553766175396,4.577427246295358e-36,0.0533108875178192,9.59622421387488e-06,0.05400194108609702,0.05401153731031086,0.00017766989594726737,-0.0001254335936290447,0.00027007176297432243,0.0001250920658433731,0.06735417657047604,0.03671916087855064,0.09894946131357393,-0.020851595169137385,0.020627988359964003,0.054040448667365126,0.08241049120988464,-0.005084839460323565,0.004586401752021629,0.0533108875178192,0.067450502428749,4.577427246295358e-36,0.0533108875178192,0.06692405790485839,0.08170891936877002,0.08466589166155233,0.08558801429340836,0.09039796457501101,0.08436464718411255,0.08875232976725689,0.057941437617657174,0.05907626933038285
11,6,0.6055271047491816,0.385804974591526,0.547016844902668,0.6386355619630273,64,1024,False,0.044698869211883645,0.03647989527086144,0.008218973941022084,0.04689679349740347,0.04393599175135371,0.047180646671700875,0.04488875573471495,1.4337994249621472e-33,0.03647989527086145,9.774676766955724e-06,0.037149674648527725,0.03715944932529475,0.00026304686814349585,0.002374444401426705,0.001421644962578578,0.002706633375814502,0.04251434678877513,0.01830047007420254,0.07606082326919922,-0.016695007358910195,0.02342123151793411,0.0355923424649518,0.059668898618838284,-0.001262054589460604,0.007744582289888058,0.03647989527086144,0.044698869211883645,1.4337994249621472e-33,0.03647989527086145,0.04689679349740347,0.07017951368816118,0.0719704921643733,0.050767521849667874,0.05008978063744806,0.05100803492802584,0.051830283214150306,0.04968240501930296,0.04986811245409625
11,7,0.6119357302213011,0.42611742974759953,0.5884227623192739,0.6688843556376486,64,1024,False,0.057404859010316285,0.04806796581996987,0.009336893190346241,0.0625353292745408,0.05787859441521625,0.060528699296419214,0.05641357042603143,6.22810649291401e-35,0.04806796581996987,2.3332096554412136e-05,0.04910812110616142,0.04913145320271585,0.00047489123633579806,0.003111755625200478,0.002102388213328087,0.0033142837727700727,0.05577620620188816,0.02966533040609517,0.09139206818674325,-0.01559825253277693,0.023753418632881922,0.04721705348492833,0.07512723415129585,-0.0004065818793606013,0.00827995650615776,0.04806796581996987,0.057404859010316285,6.22810649291401e-35,0.04806796581996987,0.0625353292745408,0.07017951368816118,0.061758157225480816,0.050767521849667874,0.04987231548574797,0.05062321400265309,0.04929964563911002,0.04968240501930296,0.04882554340228709
11,8,0.6323473340765289,0.5007841993288029,0.6590898289822253,0.778292281016389,64,1024,False,0.038831610047253565,0.0342147433651246,0.004616866682128691,0.04164655352724541,0.040690812529952415,0.039961868730322384,0.03976733322717337,6.49682507828788e-36,0.0342147433651246,3.5775672883672544e-05,0.03475125393177857,0.034787029604662324,0.001028419882072303,0.003363166744819136,0.0025906771888854264,0.004127768790389552,0.03810013534106699,0.01244511931498091,0.06747861814566386,-0.014766363806566403,0.024957333603710948,0.029487327759852633,0.05088458761747461,0.0005042366392444819,0.009335437112895306,0.0342147433651246,0.038831610047253565,6.49682507828788e-36,0.0342147433651246,0.04164655352724541,0.07017951368816118,0.06955764775702301,0.03397304944155461,0.03335085216133741,0.03479917168572799,0.03409919974548364,0.02780100925158047,0.025823074355056905
11,9,0.6717859536662939,0.5729201009859423,0.7249028219924754,0.8267177931466984,64,1024,False,0.02348923857626491,0.019336191840361772,0.004153046735903205,0.026346321913974496,0.025229632935106973,0.026670869990292254,0.026136438633966492,1.428285107695183e-34,0.019336191840361772,2.4849404899619054e-05,0.019698037257217534,0.019722886662117158,0.0012599273790559616,0.0029340977528035427,0.0024600762003196735,0.0037166192723482377,0.0227695567347873,0.002297396645232805,0.051044343335351704,-0.015475376972499488,0.023911292108301445,0.01900200540694641,0.03427954616199713,-0.00024190225667553023,0.008457269192149397,0.019336191840361772,0.02348923857626491,1.428285107695183e-34,0.019336191840361772,0.026346321913974496,0.05684946161746466,0.06064778663116919,0.03397304944155461,0.0355935424699129,0.02736407148816755,0.0283818210623606,0.024589120741330708,0.026379128504651895
11,10,0.70681171378881,0.6840680854536497,0.8112739845366279,0.8854189212381182,64,1024,False,0.009670951134791857,0.008249741384231079,0.001421209750560762,0.012462747952668498,0.011582894381586412,0.012861283943965485,0.012061382577644117,2.4890766749509246e-35,0.008249741384231079,4.147460578952267e-06,0.008351716444133019,0.008355863904711972,0.0004963532946741108,0.0029789838471285654,0.003318564522019583,0.004534107114713413,0.008264329859566828,-0.008859032827108265,0.03458160071503923,-0.014672886765027962,0.023520668372606517,0.007439999368216377,0.01828662725893082,0.00021625193039653823,0.008488109117024578,0.008249741384231079,0.009670951134791857,2.4890766749509246e-35,0.008249741384231079,0.012462747952668498,0.05481973631187361,0.05929451524976945,0.012364933931318833,0.01226711990996917,0.012364933931318833,0.01226711990996917,0.01330333270636543,0.015709058701506677
