source,target,cka,cca_shared,procrustes_shared,probe_cosine,metric_rank,metric_examples,full_dim_cca_saturation_possible,train_raw,train_geometry,residual_correction,cal_raw,test_raw,cal_clipped,test_clipped,train_mean_term,train_variance_term,test_mean_term,test_variance_term,test_geometry,mean_fraction,aligned_cal_raw,aligned_test_raw,aligned_test_clipped,alignment_raw_reduction,bernstein_lo,bernstein_hi,bernstein_aligned_lo,bernstein_aligned_hi,betting_lo,betting_hi,betting_aligned_lo,betting_aligned_hi,prediction__training_geometry,prediction__direct_training,prediction__mean_only,prediction__variance_only,prediction__direct_calibration,prediction__cka_common,prediction__cka_held_target,prediction__cca_shared_common,prediction__cca_shared_held_target,prediction__procrustes_shared_common,prediction__procrustes_shared_held_target,prediction__probe_cosine_common,prediction__probe_cosine_held_target
0,1,0.96583136120262,0.4135857405576681,0.5757919177153884,0.5169247455855266,64,1024,False,0.041223308512002795,0.027690152048440057,0.013533156463562504,0.0391551829681506,0.03843420088394068,0.03834893322728288,0.03732469333505244,1.9841411769563395e-34,0.027690152048440057,2.3577540171823273e-06,0.02724566274583328,0.02724802049985043,8.65293688837055e-05,0.0216508654275016,0.02006857641475803,0.020548423940717726,0.018365624469182648,0.01022615244420836,0.0664717140103574,-0.0019609487067775294,0.04592474086325389,0.027190916021936573,0.04979268140596105,0.014721134088176768,0.02914686057192739,0.027690152048440057,0.041223308512002795,1.9841411769563395e-34,0.027690152048440057,0.0391551829681506,0.0525821366745401,0.04726649555113128,0.06415936691054584,0.06932143438245278,0.06316619555948717,0.06699526823242907,0.059948335825162145,0.06247176948273211
0,2,0.9584304740932098,0.33899352831601637,0.5022587603908506,0.18294496780712613,64,1024,False,0.07655476906558148,0.052712168885145745,0.02384260018043531,0.07856096567618259,0.07521698444444687,0.07519836967151483,0.07274338448102971,7.3571876841378335e-34,0.05271216888514574,1.321302330526198e-06,0.05178248210674427,0.05178380340907461,2.5515745146959454e-05,0.023971475579056867,0.022814366037129347,0.02317417893617853,0.052402618407317525,0.043390794207499625,0.10700594513553004,0.0002278607682115949,0.04822778676797992,0.06051830892829457,0.09024556510848925,0.01692727424961049,0.0314870608781348,0.052712168885145745,0.07655476906558148,7.3571876841378335e-34,0.05271216888514574,0.07856096567618259,0.06011096003137867,0.058433686790941956,0.10425784764388706,0.107309419454703,0.10425784764388707,0.107309419454703,0.11796271078285539,0.12462266492580609
0,3,0.9213552738437812,0.27172140053191135,0.44145971028585673,0.06302333684437325,64,1024,False,0.2074033337395069,0.19468465013233374,0.012718683607171865,0.21353771844381295,0.20688392337855896,0.2066624044906373,0.20094179916823604,4.789180033797493e-35,0.19468465013233374,1.1279962630785864e-05,0.1897946750785595,0.18980595504119022,5.942891848855835e-05,0.037729079935660395,0.035571993132326285,0.037867292654227676,0.17131193024623267,0.16182638970660998,0.25149841927466465,0.013385084101452449,0.06598616103830786,0.17942892776045483,0.2342490873998031,0.030055805364099797,0.049079273572715465,0.19468465013233374,0.2074033337395069,4.789180033797493e-35,0.19468465013233374,0.21353771844381295,0.06591020728956246,0.058846817199571445,0.11196764883751664,0.10838059420071564,0.11196764883751666,0.10838059420071564,0.1711159921684929,0.15697541674338625
0,4,0.8652351956977398,0.24223169689362528,0.41444187151448497,0.01782394344926405,64,1024,False,0.19114317409815343,0.17363506498596215,0.017508109112191368,0.19118439066657342,0.18921733364343124,0.18604641221626952,0.18461732473521364,7.444019680127991e-34,0.17363506498596215,4.3492469218574226e-07,0.1680084153771908,0.168008850301883,2.5887010797601283e-06,0.037744821309666436,0.03521894937914608,0.037065537759507196,0.15399838426428517,0.14283359312419303,0.22925923130834602,0.014127517185992304,0.06495326425494113,0.160394362435909,0.2120930862656678,0.030719254093128256,0.04804057543515228,0.17363506498596215,0.19114317409815343,7.444019680127991e-34,0.17363506498596215,0.19118439066657342,0.06591020728956246,0.06229022189362704,0.11196764883751664,0.11067867408325081,0.11196764883751666,0.11067867408325083,0.1711159921684929,0.16442652600246607
0,5,0.8386981707344859,0.23120346210491421,0.4040416852169194,0.14948186715150302,64,1024,False,0.14821530809908337,0.1322225314605598,0.01599277663852307,0.1496594607052296,0.14521120407565535,0.14349273552790412,0.13962083388019675,8.269701851477147e-34,0.1322225314605598,7.40407738875885e-08,0.1327990750137043,0.13279914905447773,5.575395205071308e-07,0.04327080740737809,0.04113570484067298,0.04393658630018315,0.10407549923498238,0.10265698975165227,0.18432848130415597,0.020091124699861303,0.07154738767450419,0.12019051020615734,0.16734689984150464,0.03676959560834803,0.05466577105835313,0.1322225314605598,0.14821530809908337,8.269701851477147e-34,0.1322225314605598,0.1496594607052296,0.06591020728956246,0.06518334086888594,0.11196764883751664,0.11158192474549199,0.11196764883751666,0.11158192474549199,0.11796271078285539,0.11629446078694097
0,6,0.6699046417541504,0.20963791356470357,0.3811290682531492,0.1296917323089104,64,1024,False,0.131597331740026,0.1194358726633914,0.012161459076634188,0.11918016855711566,0.1282756742276832,0.11213801629282416,0.11788452861524391,1.6048474637476378e-35,0.1194358726633914,4.907441314542601e-05,0.11707581220368313,0.11712488661682863,0.0004189921934009791,0.04531752891368758,0.04347600420124129,0.04705544052138332,0.08479967002644193,0.07300467137267351,0.1512713612129748,0.022306410272093208,0.07475667840333258,0.09034126954793464,0.13412557270930847,0.0388943992802524,0.05781898211716907,0.1194358726633914,0.131597331740026,1.6048474637476378e-35,0.1194358726633914,0.11918016855711566,0.07798429490907681,0.06863541394648097,0.11196764883751664,0.11286473729350815,0.11196764883751666,0.11286473729350815,0.11796271078285539,0.11789863405789433
0,7,0.5857162239436342,0.2008706503507643,0.3726070333504299,0.17980998686712724,64,1024,False,0.13822491702751388,0.12580869028150307,0.012416226746011094,0.13251626357757543,0.13657898483611047,0.127533446074424,0.13025701087703181,3.0754278654534553e-34,0.12580869028150307,2.7130151568539372e-05,0.12427302961737297,0.12430015976894176,0.000218263207537069,0.05108826554344092,0.04694497113226772,0.0504351429434516,0.08963401370384275,0.08780681171447018,0.1672600804343778,0.028349609995431155,0.08062814268133696,0.1051693656045245,0.1501053383035469,0.044887896088766865,0.0636477864900371,0.12580869028150307,0.13822491702751388,3.0754278654534553e-34,0.12580869028150307,0.13251626357757543,0.0997953127812974,0.0922405505515574,0.11196764883751664,0.11057798671295131,0.11196764883751666,0.11057798671295131,0.11796271078285539,0.11719673431997538
0,8,0.5223581096173258,0.1930445349663126,0.3630149571129296,0.24732552590818713,64,1024,False,0.14612031209628493,0.1367288432581608,0.009391468838124662,0.1399707955075193,0.14494685423639617,0.13634266408589457,0.13983253592396874,9.437056727497457e-37,0.1367288432581608,3.843965151597967e-06,0.13774244973680225,0.13774629370195404,2.7906123992818813e-05,0.06162071275092769,0.05670822016255048,0.060415053287257804,0.08823863407384569,0.0965814518020815,0.17610387636970765,0.03841967122825109,0.0914264556805127,0.11413967107364442,0.15920834133430617,0.05476181453559548,0.07428721765609225,0.1367288432581608,0.14612031209628493,9.437056727497457e-37,0.1367288432581608,0.1399707955075193,0.10987406864614942,0.10333721393074603,0.11196764883751664,0.10980632467955757,0.11196764883751666,0.10980632467955757,0.10383265487081503,0.09873651711009025
0,9,0.47687741382007326,0.189700331977419,0.359868027424879,0.2734515742113241,64,1024,False,0.13348066436660544,0.12456398487017745,0.008916679496427538,0.12608577565166657,0.13278141351080006,0.12235609234368959,0.1265109961179393,2.0724170319261935e-34,0.12456398487017746,2.6651796369436495e-06,0.12582992247460734,0.12583258765424382,2.1180361038643582e-05,0.06820372249087715,0.06377987430982678,0.06673190497480279,0.06900153920097328,0.08426346558436512,0.16044871910301406,0.04425993911683273,0.0975334385783374,0.10173914427286945,0.14356733350723516,0.060683089708618354,0.0804111220058985,0.12456398487017745,0.13348066436660544,2.0724170319261935e-34,0.12456398487017746,0.12608577565166657,0.11103244742426543,0.1071863736113862,0.11196764883751664,0.11024450732522025,0.11196764883751666,0.11024450732522025,0.10383265487081503,0.09874997653494917
0,10,0.5139770804837634,0.18677255003068705,0.3592714474450245,0.23950391283881456,64,1024,False,0.10965190661687002,0.1028721959816982,0.006779710635172108,0.1049633042854173,0.11019993196157368,0.10263740933230728,0.10673134174810602,1.8926918174225687e-34,0.1028721959816982,4.8251415190595635e-06,0.10231648547627491,0.10232131061779408,4.7156760306591035e-05,0.07048115669878431,0.06598338762707842,0.0696856422247761,0.04421654433449526,0.06676662351068631,0.13850819515392826,0.047268588989662234,0.10037173125382254,0.08421137818368152,0.12181165699439589,0.063649859475845,0.08320457052468555,0.1028721959816982,0.10965190661687002,1.8926918174225687e-34,0.1028721959816982,0.1049633042854173,0.10987406864614942,0.1086718353422532,0.11196764883751664,0.11170233126342341,0.11196764883751666,0.11170233126342341,0.10383265487081503,0.10375727824317488
0,11,0.46764309829341716,0.1754766696975516,0.34707141353202975,0.13180612742865389,64,1024,False,0.11042403894267586,0.1022853889059329,0.008138650036742738,0.10046919042086766,0.11093426375133011,0.09372908916155384,0.10223844576413949,1.2074004110158217e-33,0.10228538890593289,5.992826618058997e-07,0.10359037604540848,0.10359097532807027,5.785085620711506e-06,0.06757838630900817,0.06494066866378997,0.06974254401308459,0.04599359508754014,0.057926571169358565,0.12953160715374912,0.04580488909692564,0.09857974914791293,0.07542180731252301,0.1129478024886339,0.061890777717053425,0.08122590084531112,0.1022853889059329,0.11042403894267586,1.2074004110158217e-33,0.10228538890593289,0.10046919042086766,0.11103244742426543,0.10712921672085667,0.11196764883751664,0.11007881504388363,0.11196764883751666,0.1100788150438836,0.11796271078285539,0.11518651819152922
1,0,0.96583136120262,0.4135857405576681,0.5757919177153884,0.5169247455855266,64,1024,False,0.12572912226643027,0.11623966080898636,0.009489461457443988,0.12031984433884499,0.13272462510432526,0.11300925947426231,0.12495398974580335,1.3452734697996772e-32,0.11623966080898636,1.1992356108339343e-05,0.11614269392923991,0.11615468628534793,0.00010324470317864472,-0.0062850360070099585,-0.005544578449317085,-0.005657447867260351,0.13826920355364233,0.07060069584777938,0.15541782310074526,-0.02810931977250363,0.015421218190364488,0.08813649530929979,0.13819548831816064,-0.011643061887298245,-0.0007374999040621333,0.11623966080898636,0.12572912226643027,1.3452734697996772e-32,0.11623966080898636,0.12031984433884499,0.0525821366745401,0.04058484736324459,0.06415936691054584,0.05412491767531029,0.06316619555948717,0.05378908708101182,0.059948335825162145,0.05324039043475295
1,2,0.9835084406741234,0.5832048833929153,0.7238160700967851,0.6877074204541895,64,1024,False,0.07337422190143555,0.06364800182407322,0.009726220077362038,0.07856986185098298,0.071621773661418,0.07478350629402304,0.06811539443269182,1.3991537802458734e-33,0.0636480018240732,1.3317387723228354e-05,0.06161926913943588,0.061632586527159,0.00021607705393574415,0.005202920604380788,0.004656362114295789,0.004760143104839194,0.06696541154712221,0.0397968822028019,0.10977013038524419,-0.015894404655885375,0.026429531602828654,0.05763733408821281,0.09338953076803591,0.00015985428035492077,0.010308929471648298,0.06364800182407322,0.07337422190143555,1.3991537802458734e-33,0.0636480018240732,0.07856986185098298,0.0525821366745401,0.05134934595165956,0.04597082989811352,0.04437392234925986,0.047400054255229813,0.045779191964699394,0.05090341451878523,0.04959630189042564
1,3,0.9486653850055733,0.3410676268024494,0.5108138389474541,0.4404684617614903,64,1024,False,0.09234978950916806,0.08677078782317948,0.005579001685988197,0.09465588247256843,0.09249007270943721,0.08978050352042982,0.08895816749847088,6.570134745652116e-34,0.08677078782317948,5.59972495550075e-05,0.0853048857039254,0.08536088295348061,0.0006560059785876921,0.0201945308089541,0.01760116147565873,0.019780901725440683,0.07488891123377849,0.05375274222863986,0.1258082648122198,-0.002661992865096361,0.046812808011191115,0.07157323198771337,0.10942911351594375,0.014117091232037637,0.0300964100897545,0.08677078782317948,0.09234978950916806,6.570134745652116e-34,0.08677078782317948,0.09465588247256843,0.06011096003137867,0.058846817199571445,0.09074821114267356,0.0894456540327086,0.08182671135156236,0.07460865022577075,0.07319457748533895,0.06604080915626247
1,4,0.8840184333337926,0.27653291564039867,0.44712674073659187,0.31362414111075504,64,1024,False,0.10760427279135958,0.09637537684884963,0.011228895942510041,0.10089961045150656,0.10940888231504135,0.09735342799263887,0.10494364499970374,2.3724269621163404e-33,0.09637537684884963,3.5489682433933635e-05,0.09215071739681033,0.09218620707924416,0.0003849782256843083,0.02160979953816161,0.02024995001071094,0.02203772774704836,0.08915893230433042,0.060533325812857905,0.13417353017241984,-0.0005487963803190513,0.04714349934716668,0.07774664177122759,0.1171733760056668,0.01602115861896891,0.03033826288447017,0.09637537684884963,0.10760427279135958,2.3724269621163404e-33,0.09637537684884963,0.10089961045150656,0.06591020728956246,0.06229022189362704,0.10425784764388706,0.10553716117654462,0.10425784764388707,0.10611449428742004,0.08822738074706402,0.08400330417891651
1,5,0.8509945975947778,0.2517532892679003,0.42232990514332286,0.3811169710716114,64,1024,False,0.09710539402452577,0.08641777682767988,0.010687617196845816,0.09433348975508617,0.09524970682111064,0.08791686337597021,0.09060102663820212,7.627846697428727e-35,0.08641777682767988,1.688883610217263e-05,0.086189928488202,0.0862068173243041,0.00019591067883457515,0.026023618835383195,0.025378225814468965,0.028084550095610335,0.06987148100664167,0.051651695224760985,0.12418203152717944,0.004145001857436225,0.05279538431119775,0.06911132536333753,0.10748629645968322,0.020691354031441733,0.03589639430720126,0.08641777682767988,0.09710539402452577,7.627846697428727e-35,0.08641777682767988,0.09433348975508617,0.06591020728956246,0.06518334086888594,0.11196764883751664,0.11158192474549199,0.11196764883751666,0.11158192474549199,0.07441726981428222,0.07003338691971904
1,6,0.6930359751250078,0.2224624532014567,0.39088195454644065,0.3170047829927447,64,1024,False,0.1043916255567611,0.09594535657193476,0.0084462689848268,0.09365170623233292,0.10152720955146577,0.08437445096389169,0.09214587576294518,4.209061045598892e-34,0.09594535657193476,1.3723148680787938e-05,0.09534502187932524,0.09535874502800595,0.00014391075172767406,0.029121713165053246,0.027184381476305478,0.03071611479202082,0.0743428280751603,0.04770995942382915,0.12103894250395424,0.00770547815177873,0.05687194671973399,0.06506716280273395,0.10412533232010901,0.024239846694399603,0.03997340609203093,0.09594535657193476,0.1043916255567611,4.209061045598892e-34,0.09594535657193476,0.09365170623233292,0.06591020728956246,0.06863541394648097,0.11196764883751664,0.11286473729350815,0.11196764883751666,0.11286473729350815,0.08822738074706402,0.08545772001248546
1,7,0.618233157013171,0.21232861039423986,0.38063788998273773,0.2544211909647024,64,1024,False,0.1328037081097547,0.12213705063924109,0.010666657470513503,0.13772118825742563,0.12444267380838332,0.11957324434172822,0.10960575071649475,2.9058484498968626e-36,0.12213705063924109,1.426328998317209e-06,0.12019349443769577,0.12019492076669384,1.1866799272540029e-05,0.03438758659013641,0.0302310291073412,0.03368513150362411,0.09421164470104212,0.0797205532739574,0.15942593540949906,0.013159134006048286,0.06234473438729042,0.09745988665963523,0.14269915761542507,0.029628169555508066,0.04541271919151768,0.12213705063924109,0.1328037081097547,2.9058484498968626e-36,0.12213705063924109,0.13772118825742563,0.08603169633533021,0.07714597815480777,0.11196764883751664,0.11057798671295131,0.11196764883751666,0.11057798671295131,0.10383265487081503,0.09834208424283257
1,8,0.5502715971739797,0.20549706451551908,0.3745760670264757,0.28831256825951007,64,1024,False,0.13111613669002517,0.12286193442582061,0.008254202264204152,0.13514682482934162,0.1291917762302643,0.11553980515221811,0.11039262203733392,1.4777467870288823e-33,0.1228619344258206,8.39947920929108e-06,0.12256088846320931,0.12256928794241867,6.852841645973367e-05,0.04282651076075667,0.03827232954198863,0.04195407403193336,0.09091944668827566,0.07679906384142682,0.1542805464630094,0.020888484790713015,0.07133406586913829,0.09463199839228764,0.13776520742976572,0.03718197064154083,0.05425002018455416,0.12286193442582061,0.13111613669002517,1.4777467870288823e-33,0.1228619344258206,0.13514682482934162,0.10987406864614942,0.10333721393074603,0.11196764883751664,0.10980632467955757,0.11196764883751666,0.10980632467955757,0.10383265487081503,0.08538269230828296
1,9,0.5058181639693814,0.20069132131608336,0.3709085586359705,0.2499598433891277,64,1024,False,0.12242457187202213,0.11353031102581015,0.008894260846211317,0.12405899032418434,0.11802156245783332,0.11335958997484215,0.1080558878963952,2.2547324082128025e-34,0.11353031102581015,5.387454554680653e-06,0.11355535926137374,0.11356074671592858,4.744116880595487e-05,0.04763881802102594,0.043805593054861806,0.04673720312747839,0.07421596940297151,0.07575864998397025,0.15096052996571405,0.025049231462463847,0.07558392061596242,0.0934216769746854,0.13435341224248987,0.0414411504752934,0.05855625656840857,0.11353031102581015,0.12242457187202213,2.2547324082128025e-34,0.11353031102581015,0.12405899032418434,0.10987406864614942,0.1071863736113862,0.11196764883751664,0.11024450732522025,0.11196764883751666,0.11024450732522025,0.10383265487081503,0.10135707112294018
1,10,0.5391580279232309,0.19619810733910245,0.36721991860784753,0.2048195339704649,64,1024,False,0.11366651596805755,0.10668925723900573,0.006977258729051446,0.11244739358304433,0.11108173039278843,0.10823253190762623,0.10681805910536883,7.701152084948643e-34,0.10668925723900573,1.8340318030160733e-06,0.10518369353483,0.10518552756663294,1.7436161090262637e-05,0.049797906108497464,0.04676875692759207,0.05043783429396488,0.06431297346519636,0.07135886376670524,0.14510620004854724,0.02793615775469107,0.07833058191594416,0.08879146528488491,0.12830639977619285,0.04427239257347537,0.06123968581232475,0.10668925723900573,0.11366651596805755,7.701152084948643e-34,0.10668925723900573,0.11244739358304433,0.10987406864614942,0.1086718353422532,0.11196764883751664,0.11170233126342341,0.11196764883751666,0.11170233126342341,0.10938470346452969,0.10754951482009463
1,11,0.48433033195141934,0.1970381451476993,0.3683891252114567,0.15112807981857707,64,1024,False,0.1678239964492001,0.16014777540108752,0.007676221048112991,0.16778576607011172,0.1661512429410168,0.1474616379698057,0.14523334770100238,3.3704309007316736e-35,0.16014777540108752,1.1669495532470744e-05,0.1568484636136699,0.15686013310920233,7.43942727904401e-05,0.0451038136391914,0.04318448121840213,0.047932009896990174,0.12296676172261467,0.10563789411972954,0.18928538181988183,0.024923426071789503,0.07446378952279223,0.12349706478562439,0.1725290018512169,0.04095288606185932,0.05720227367419284,0.16014777540108752,0.1678239964492001,3.3704309007316736e-35,0.16014777540108752,0.16778576607011172,0.11103244742426543,0.10712921672085667,0.11196764883751664,0.11007881504388363,0.11196764883751666,0.1100788150438836,0.11796271078285539,0.11518651819152922
2,0,0.9584304740932098,0.33899352831601637,0.5022587603908506,0.18294496780712613,64,1024,False,0.3606516899112675,0.34329602991934827,0.017355659991918168,0.33913067414079934,0.3613171009618223,0.22009490007945706,0.23497811893019074,2.0035016091215144e-33,0.34329602991934827,2.282048371022712e-05,0.33612643120994784,0.3361492516936593,6.788795035314839e-05,-0.005706927453908254,-0.0059212668606916,-0.005922325575957295,0.3672383678225139,0.16622280081732996,0.2739669993415842,-0.027818859622507148,0.016462993361573235,0.18386625126731815,0.25594937233108794,-0.011216527462238446,0.00020835018221987411,0.34329602991934827,0.3606516899112675,2.0035016091215144e-33,0.34329602991934827,0.33913067414079934,0.06011096003137867,0.04058484736324459,0.10425784764388706,0.08226697733998013,0.10425784764388707,0.08244308373534726,0.11796271078285539,0.10708072038752323
2,1,0.9835084406741234,0.5832048833929153,0.7238160700967851,0.6877074204541895,64,1024,False,0.24010313918191212,0.23295081730482184,0.007152321877091012,0.22187844083498476,0.23602578883478115,0.16846486805251562,0.17970131119056532,6.118124979486481e-34,0.23295081730482184,7.50661731005019e-05,0.2251347072263297,0.22520977339943027,0.0003333166761256188,0.0053519083248017236,0.0036101758505125182,0.0038090790591462434,0.23241561298426863,0.11975730406842855,0.2171724320366027,-0.014656947871883246,0.025598485153652515,0.13719718769425526,0.19933573900925694,0.001102896399970632,0.010166446190851275,0.23295081730482184,0.24010313918191212,6.118124979486481e-34,0.23295081730482184,0.22187844083498476,0.0525821366745401,0.030548335745613147,0.04597082989811352,0.03476643568854814,0.047400054255229813,0.03483197873065241,0.05090341451878523,0.037751489417539114
2,3,0.9703533343985177,0.4655057333293809,0.6335206304084099,0.6716581356303314,64,1024,False,0.03702586641619691,0.03634188762085589,0.0006839787953409823,0.03162426142207552,0.036193662639457815,0.02063097282664844,0.022403292171832765,9.603607730562412e-33,0.03634188762085591,9.375430477494582e-06,0.037839576873507356,0.03784895230398494,0.00024770647288187915,0.01773396072051597,0.014465115428739657,0.01656777132663444,0.02172854721071816,-0.007919702476652784,0.04918164812994967,-0.004768315447376152,0.043796376012003375,0.009445986710488796,0.03297845931228949,0.01199217778048478,0.02710393722372828,0.03634188762085589,0.03702586641619691,9.603607730562412e-33,0.03634188762085591,0.03162426142207552,0.0525821366745401,0.05448739806112779,0.04597082989811352,0.04904364966243156,0.047400054255229813,0.05111602317975276,0.05090341451878523,0.05238642629545521
2,4,0.9011102758109778,0.35185863638705583,0.5231415849668131,0.4769587646738961,64,1024,False,0.08196245148979038,0.07465428006688758,0.007308171422903127,0.07273406150811643,0.08460695618364028,0.05720441058886302,0.066384915725446,4.9933953550839895e-33,0.07465428006688758,6.438890748990733e-06,0.07415996562163228,0.07416640451238117,8.681681134907705e-05,0.01925088989094697,0.017239736939599636,0.018963230474254605,0.06736721924404064,0.022819974656645807,0.09158884652108024,-0.002711921749452041,0.044416446570333896,0.040167856896005105,0.07484568197105546,0.013823628913087305,0.02759912168403389,0.07465428006688758,0.08196245148979038,4.9933953550839895e-33,0.07465428006688758,0.07273406150811643,0.06591020728956246,0.06229022189362704,0.07601142772457437,0.08339106912497007,0.07601142772457437,0.08260889023826622,0.06234867141682119,0.0643589369553409
2,5,0.8620061669106359,0.3074011937878723,0.4784460611196508,0.4011987444452061,64,1024,False,0.07847035020871282,0.06862445157123138,0.009845898637481436,0.06805875228768252,0.07971405112963091,0.06399820804332434,0.07473185896669673,3.195511523415943e-33,0.06862445157123137,2.3345124551343286e-07,0.06839439037601687,0.0683946238272624,3.4132981870481194e-06,0.024882042097212387,0.02320799033096883,0.025841868659027815,0.05650606079866208,0.030061525127428185,0.0979348909592205,0.002885511052913955,0.051542346709622114,0.047410788349225186,0.08123663898732048,0.01942307304852875,0.034661200479604304,0.06862445157123138,0.07847035020871282,3.195511523415943e-33,0.06862445157123137,0.06805875228768252,0.06591020728956246,0.06518334086888594,0.10425784764388706,0.10816465756704514,0.10425784764388707,0.10816465756704514,0.07441726981428222,0.07003338691971904
2,6,0.6880080822327526,0.25884626635201324,0.4289703502348647,0.35648827494100915,64,1024,False,0.0861995483061663,0.07880226874763277,0.0073972795585340164,0.07731956046753528,0.08780386139709391,0.07006155911048775,0.07830999627392232,1.1724548776079854e-33,0.07880226874763276,2.4204273989901656e-05,0.08208439461551811,0.0821085988895081,0.0002947836684251897,0.028571225985822638,0.025642397330524362,0.02911034822426699,0.06216146406656955,0.035012815726774636,0.10511030249420086,0.0068529645203003475,0.056529236191251706,0.052384213435288984,0.08836717456870247,0.023320542197325267,0.03957692425319692,0.07880226874763277,0.0861995483061663,1.1724548776079854e-33,0.07880226874763276,0.07731956046753528,0.06591020728956246,0.06863541394648097,0.11196764883751664,0.11286473729350815,0.11196764883751666,0.11286473729350815,0.08103125240448202,0.08102237670982912
2,7,0.6029586531241123,0.24081598212550098,0.4101600973082911,0.26380182832499144,64,1024,False,0.12588504725140137,0.11563712848794332,0.010247918763457951,0.1365382630303805,0.12803705548613575,0.11228682011529312,0.10550687996995506,1.310287713344952e-35,0.11563712848794332,2.3832283102266282e-07,0.12332234153160815,0.12332257985443895,1.93251577532648e-06,0.03421985378523968,0.029581656743120216,0.03298718007383938,0.09845539874301554,0.07274999993990564,0.1518236402906806,0.012784608272933186,0.06234677858350716,0.0905552386684576,0.1352046705505927,0.02922424703865545,0.04536333338910481,0.11563712848794332,0.12588504725140137,1.310287713344952e-35,0.11563712848794332,0.1365382630303805,0.0997953127812974,0.07714597815480777,0.11196764883751664,0.11057798671295131,0.11196764883751666,0.11057798671295131,0.10383265487081503,0.09808818562823009
2,8,0.5333374938122847,0.22731999503119116,0.39610978667935715,0.2387741457942765,64,1024,False,0.1513081048867532,0.1423659119472165,0.008942192939536839,0.16111803504867425,0.15544193237856072,0.13297734892872443,0.12399068885214141,5.4686180736701784e-33,0.14236591194721648,1.076328260350252e-06,0.150309368351185,0.15031044467944532,7.160701723992956e-06,0.04307987968546969,0.03764640422458021,0.04131663921537104,0.1177955281539805,0.09170229754416538,0.17425240031328348,0.021057285450203196,0.07164744213553464,0.10980962281610118,0.15778417023830116,0.037333135966036934,0.05452313672140008,0.1423659119472165,0.1513081048867532,5.4686180736701784e-33,0.14236591194721648,0.16111803504867425,0.10987406864614942,0.10333721393074603,0.11196764883751664,0.10980632467955757,0.11196764883751666,0.10980632467955757,0.10938470346452969,0.09873651711009025
2,9,0.48754049286665074,0.21983603631534226,0.38876920197723575,0.2116986603644276,64,1024,False,0.15014986443885223,0.1407526531425791,0.0093972112962733,0.15561065137204858,0.1522691837020992,0.13321389190097147,0.12699781457497675,4.327102361851466e-33,0.14075265314257912,6.352607881243937e-08,0.1484488887261607,0.14844895225223959,4.279321466984687e-07,0.04777059537362256,0.04332353730374842,0.046237930546838224,0.10894564639835078,0.09285755742559407,0.17357022637634886,0.025073698058455357,0.07581469646787878,0.11071126862952951,0.1568816543513094,0.04141665578936227,0.058719423395814374,0.1407526531425791,0.15014986443885223,4.327102361851466e-33,0.14075265314257912,0.15561065137204858,0.11103244742426543,0.1071863736113862,0.11196764883751664,0.11024450732522025,0.11196764883751666,0.11024450732522025,0.10938470346452969,0.1025816182665357
2,10,0.519147405239464,0.21273335546337002,0.3808824295664114,0.18035808678599294,64,1024,False,0.11243403608646166,0.10521365770322688,0.007220378383234888,0.10889459934900715,0.1123055530010381,0.10430329750261016,0.10597087656582556,4.474397483998202e-33,0.10521365770322688,3.811493970469591e-05,0.109027605810934,0.10906572075063864,0.00034946763696578535,0.04951546349889911,0.045788259449835854,0.04945193263733092,0.06651729355120226,0.0680422383728832,0.14056435663233713,0.027580102362922805,0.07810210089269373,0.08552004060038598,0.1238456118007889,0.043919092167925555,0.06098881919024279,0.10521365770322688,0.11243403608646166,4.474397483998202e-33,0.10521365770322688,0.10889459934900715,0.10987406864614942,0.1086718353422532,0.11196764883751664,0.11170233126342341,0.11196764883751666,0.11170233126342341,0.11796271078285539,0.1184399798056895
2,11,0.4754839300318139,0.2052487008803888,0.37633588769028153,0.13663291239584957,64,1024,False,0.12518568683843803,0.11738981189553131,0.007795874942907249,0.12314286862922012,0.12305921454414687,0.1203922129359351,0.1201706879706459,1.750326562352146e-33,0.11738981189553133,2.8323270388590037e-05,0.11913869962570091,0.11916702289608978,0.0002376770829735934,0.04556407751950718,0.04288618002939802,0.04762972736008976,0.08017303451474884,0.08269943549063329,0.1580849903812369,0.025457898380346854,0.07485760706634687,0.10032954172493191,0.14141297648166073,0.041495829085761216,0.0575868968226132,0.11738981189553131,0.12518568683843803,1.750326562352146e-33,0.11738981189553133,0.12314286862922012,0.11103244742426543,0.10712921672085667,0.11196764883751664,0.11007881504388363,0.11196764883751666,0.1100788150438836,0.11796271078285539,0.11518651819152922
3,0,0.9213552738437812,0.27172140053191135,0.44145971028585673,0.06302333684437325,64,1024,False,0.21376260694157181,0.19290422392181505,0.02085838301975548,0.19847533690700342,0.2173309888223203,0.181341486157933,0.1979657635393136,5.989490192570914e-33,0.1929042239218151,1.0556032091711963e-05,0.19013454590136386,0.19014510193345585,5.551566663760924e-05,-0.01327742847183124,-0.01124511488947842,-0.011821932136302796,0.2285761037117987,0.13144996647298018,0.2312330058428858,-0.03689740959122535,0.009443879812953273,0.14901018842647318,0.21344786680856487,-0.02019797435059445,-0.00713188561348943,0.19290422392181505,0.21376260694157181,5.989490192570914e-33,0.1929042239218151,0.19847533690700342,0.06591020728956246,0.05761495005645712,0.11196764883751664,0.11273710872178638,0.11196764883751666,0.11273710872178638,0.1711159921684929,0.20236105455519318
3,1,0.9486653850055733,0.3410676268024494,0.5108138389474541,0.4404684617614903,64,1024,False,0.0771200177718425,0.05990284751683288,0.017217170255009545,0.06899754023055628,0.07610458555866148,0.06892277158341194,0.075823983582609,1.757882547253544e-33,0.05990284751683288,2.7318593303321277e-06,0.059454585311896645,0.05945731717122692,4.5946562345973996e-05,-0.0026445421030301653,-0.000720741483278076,-0.0008597429603521508,0.07682532704193956,0.03550238941523819,0.10234315375158567,-0.024443100840991196,0.018880063718036577,0.052119899133685976,0.08479769677069271,-0.00804500777303474,0.002718618627113756,0.05990284751683288,0.0771200177718425,1.757882547253544e-33,0.05990284751683288,0.06899754023055628,0.06011096003137867,0.0593030891041807,0.09074821114267356,0.097998434780046,0.08182671135156236,0.09465588247256843,0.07319457748533895,0.07459358990359984
3,2,0.9703533343985177,0.4655057333293809,0.6335206304084099,0.6716581356303314,64,1024,False,0.03581903893139256,0.020927131266480548,0.014891907664911856,0.0389223187269026,0.03319330608453649,0.03915363651220503,0.03354252005634395,4.626045400412247e-33,0.020927131266480548,2.2614185860178475e-05,0.02125161552159682,0.02127422970745698,0.0010629849433397732,-0.0058855237943925415,-0.003126987018546992,-0.0038674460400478167,0.03632029310308348,0.012835065496227621,0.06547220752818243,-0.02770781964619587,0.014867712247334132,0.030127132646157406,0.04911530182289425,-0.011576227545447182,-0.0012737858269247226,0.020927131266480548,0.03581903893139256,4.626045400412247e-33,0.020927131266480548,0.0389223187269026,0.0525821366745401,0.05134934595165956,0.04597082989811352,0.04437392234925986,0.047400054255229813,0.045779191964699394,0.05090341451878523,0.04959630189042564
3,4,0.937844703963027,0.5508041722171014,0.7035366839051936,0.7182778887998281,64,1024,False,0.028138340712364346,0.021507892505289252,0.006630448207075079,0.028631611919378974,0.030945264480429127,0.02928376743446538,0.03204283582540647,1.8400875874990027e-33,0.02150789250528926,7.1427115050303635e-06,0.021729100838159876,0.021736243549664934,0.00032860836734323714,0.005147813539353477,0.003733436979809903,0.0036610160462366465,0.027211827500619224,0.0032430155694061005,0.05532451929952466,-0.016415191199430933,0.02636426242972649,0.020204081265546847,0.038645692795398645,-0.0002898529128287919,0.0101119788523647,0.021507892505289252,0.028138340712364346,1.8400875874990027e-33,0.02150789250528926,0.028631611919378974,0.06011096003137867,0.06229022189362704,0.04597082989811352,0.04699078389686261,0.047400054255229813,0.04865128374428653,0.02218652870807123,0.02069225486381291
3,5,0.8882415342124564,0.41568800941077017,0.575006389094008,0.4717929389178313,64,1024,False,0.0666237159677873,0.05524248744542022,0.011381228522367214,0.06999809343549429,0.0680074800187545,0.07090761751112498,0.06976355567253585,1.2684303223056176e-33,0.05524248744542023,2.8364574999877752e-08,0.05587227046526597,0.055872298829841,5.076679426823303e-07,0.013076019056768867,0.011130644301759933,0.012205972666915305,0.05687683571699456,0.039227835140890226,0.10258739988135973,-0.009397760629366265,0.03782497081244667,0.05668652741587721,0.08622079638007563,0.007137260363379028,0.021050998038845137,0.05524248744542022,0.0666237159677873,1.2684303223056176e-33,0.05524248744542023,0.06999809343549429,0.06591020728956246,0.06518334086888594,0.05715306596921619,0.057023628782345515,0.06316619555948717,0.06119936766159533,0.06234867141682119,0.061956498596405535
3,6,0.719781565751225,0.311267068680427,0.47759959261414986,0.34593282733417197,64,1024,False,0.08313769841309317,0.07355176749992047,0.009585930913172535,0.08476069573073453,0.08578674610815394,0.08690300638176797,0.0881163364023513,3.8775073052508825e-33,0.07355176749992048,2.5267413031581563e-05,0.07604582360506261,0.07607109101809431,0.00033215526021010324,0.015273157576027823,0.013526269865962963,0.01620101896301885,0.07226047624219098,0.05342777172507916,0.12037824103845678,-0.006761167814405673,0.04179820187445557,0.07111882307071937,0.10400635143741965,0.009874579613097012,0.02505624150217045,0.07355176749992047,0.08313769841309317,3.8775073052508825e-33,0.07355176749992048,0.08476069573073453,0.06591020728956246,0.06863541394648097,0.10425784764388706,0.10555765777143056,0.10425784764388707,0.10555765777143057,0.08103125240448202,0.08102237670982912
3,7,0.6378988561741685,0.2796655109368926,0.4488019991748281,0.21878970436300624,64,1024,False,0.10399345080671576,0.09154531706043237,0.012448133746283846,0.10797634220368121,0.10744615784471877,0.10946444066463396,0.10865837828826264,4.666406044295691e-33,0.09154531706043237,1.2832335285054206e-07,0.09609361617906587,0.09609374450241917,1.335397569477704e-06,0.01822992678109112,0.015975207355644033,0.018899865882089303,0.09147095048907473,0.07396836301934168,0.14496051830992623,-0.0027481127497939913,0.0450273632864486,0.09169283682422247,0.12850154099578504,0.013741910115641076,0.028141269824118353,0.09154531706043237,0.10399345080671576,4.666406044295691e-33,0.09154531706043237,0.10797634220368121,0.08603169633533021,0.07714597815480777,0.10425784764388706,0.10400994800656745,0.10425784764388707,0.10400994800656746,0.10938470346452969,0.10954118804906841
3,8,0.5611769056422438,0.2549645298839089,0.4247870164097193,0.14983428335522458,64,1024,False,0.11758580705074839,0.10614723997506713,0.01143856707568077,0.11970114786248581,0.12288077833604588,0.12074093774786138,0.1238274012398538,2.1407782148913205e-33,0.1061472399750671,4.9226184357898414e-06,0.11150501940130221,0.11150994201973818,4.414510802022027e-05,0.023787270995865143,0.02116918528445658,0.024467864363862692,0.1017115930515893,0.08507598194743443,0.15640589354828832,0.0027471130848719452,0.050869180632532034,0.10264229596941732,0.13981983005214715,0.019149522406223696,0.0339082153441268,0.10614723997506713,0.11758580705074839,2.1407782148913205e-33,0.1061472399750671,0.11970114786248581,0.10987406864614942,0.10333721393074603,0.11196764883751664,0.10980632467955757,0.11196764883751666,0.10980632467955757,0.11796271078285539,0.11787121409445378
3,9,0.5168960001495547,0.24159812813781106,0.41217483227779056,0.10599730534163708,64,1024,False,0.1277145588482349,0.11577522099209872,0.011939337856136597,0.12827225361698738,0.13286211480156088,0.12878848523458594,0.13352696746895826,9.204823814958922e-35,0.11577522099209872,6.923957516132932e-06,0.12187871463056689,0.12188563858808292,5.680700036804751e-05,0.027549952934432468,0.025498094183381413,0.02816354846835781,0.10736402061817946,0.09352358931884795,0.16405338115032392,0.005978447677697649,0.054157754020139295,0.11083928208245197,0.1472539266687818,0.022369148544385098,0.037149678959394805,0.11577522099209872,0.1277145588482349,9.204823814958922e-35,0.11577522099209872,0.12827225361698738,0.10987406864614942,0.1071863736113862,0.11196764883751664,0.11024450732522025,0.11196764883751666,0.11024450732522025,0.12656354277978776,0.12599397250072122
3,10,0.5506435387815342,0.23564062614047593,0.40715934786386454,0.0996666308463854,64,1024,False,0.13708467230685098,0.12811597303117422,0.008968699275676005,0.1348311768372608,0.14067472920710797,0.13724098802597628,0.1432531653819925,1.1992165729525534e-33,0.12811597303117422,4.630976674794169e-05,0.1320099921113814,0.13205630187812956,0.00035068199010055166,0.028699949247570116,0.02746441051058674,0.03082538347614905,0.11321031869652123,0.10215115046459555,0.17233082558735702,0.007877655503047955,0.05581699382637966,0.11915030855016084,0.1552032737454283,0.024387389988987707,0.03890777458582306,0.12811597303117422,0.13708467230685098,1.1992165729525534e-33,0.12811597303117422,0.1348311768372608,0.10987406864614942,0.1086718353422532,0.11196764883751664,0.11170233126342341,0.11196764883751666,0.11170233126342341,0.12656354277978776,0.12380766476063008
3,11,0.4982490273418903,0.22240755589267708,0.395446319096461,0.08716942122695191,64,1024,False,0.14008768058491122,0.1311296264627555,0.008958054122156422,0.13612117548296204,0.13802795959163316,0.14033958792544504,0.14257709305663357,4.340501784048103e-33,0.13112962646275547,6.435947318018145e-05,0.1324606445234273,0.13252500399660713,0.00048564022817784003,0.026078939485875894,0.025902729807778607,0.030453351794232097,0.11212522978385456,0.10551194769092354,0.17516722815996655,0.006986581019446287,0.05390922507862353,0.12234384273324395,0.15793055252288468,0.023305841015826445,0.03687653929227963,0.1311296264627555,0.14008768058491122,4.340501784048103e-33,0.13112962646275547,0.13612117548296204,0.11103244742426543,0.10712921672085667,0.11196764883751664,0.11007881504388363,0.11196764883751666,0.1100788150438836,0.13157775161100482,0.12703432773904763
4,0,0.8652351956977398,0.24223169689362528,0.41444187151448497,0.01782394344926405,64,1024,False,0.08790383361486342,0.06628254413974326,0.021621289475120202,0.08126652265658191,0.0928337663716941,0.0814064028767208,0.09312365681393368,1.8374779930828788e-32,0.06628254413974326,9.149998876288832e-06,0.06719176168635314,0.06720091168522942,0.00013615885033149003,-0.010529857225403842,-0.008534098576968973,-0.008830661292020965,0.10136786494866308,0.0466361445984242,0.11617666115501739,-0.0338884506525504,0.012446886217506952,0.06362766835081857,0.0989380237297155,-0.01714390565030044,-0.0040973967261379585,0.06628254413974326,0.08790383361486342,1.8374779930828788e-32,0.06628254413974326,0.08126652265658191,0.06591020728956246,0.06408698174651885,0.11196764883751664,0.11631055476885055,0.11196764883751666,0.11631055476885055,0.1711159921684929,0.20236105455519318
4,1,0.8840184333337926,0.27653291564039867,0.44712674073659187,0.31362414111075504,64,1024,False,0.08113887247643813,0.062370762995683025,0.018768109480754722,0.07290048629193115,0.07650612464145344,0.07180624307552007,0.07577109116085887,4.554899435093449e-33,0.06237076299568302,2.7174120943264458e-05,0.060991827829846856,0.06101900195079002,0.0004453386662269495,-0.001202341632617044,0.0014806958193756801,0.0015745014014039555,0.07502542882207776,0.03801636793353649,0.10559611821750364,-0.022855266032151343,0.020589618313022945,0.05495025206619175,0.08842089840618428,-0.006403671075531747,0.004421472316607833,0.062370762995683025,0.08113887247643813,4.554899435093449e-33,0.06237076299568302,0.07290048629193115,0.06591020728956246,0.06541677737710497,0.10425784764388706,0.10634833840068411,0.10425784764388707,0.10634833840068411,0.08822738074706402,0.10089961045150656
4,2,0.9011102758109778,0.35185863638705583,0.5231415849668131,0.4769587646738961,64,1024,False,0.0723317240794457,0.05490320945615284,0.017428514623292944,0.07689755112655344,0.06794388319932565,0.07550834937204856,0.0671988887500696,1.7631238446915918e-32,0.054903209456152846,0.00012370747992224127,0.05395065801301233,0.05407436549293454,0.0022877287379064136,-0.0033980945883053696,-8.657973741217157e-05,-0.0006058102561770009,0.06803046293673783,0.04143283682314827,0.10958386192094885,-0.025494124023540055,0.017980656445315293,0.05918290933186654,0.0931594401554321,-0.009229027600667905,0.0016331947772414424,0.05490320945615284,0.0723317240794457,1.7631238446915918e-32,0.054903209456152846,0.07689755112655344,0.06591020728956246,0.06471017416234645,0.07601142772457437,0.075716053257248,0.07601142772457437,0.075716053257248,0.06234867141682119,0.05977852237506635
4,3,0.937844703963027,0.5508041722171014,0.7035366839051936,0.7182778887998281,64,1024,False,0.013415842929734715,0.010945393126919936,0.002470449802814803,0.01115228214506284,0.011135339190183315,0.006140066692415324,0.006418843981386356,3.108380956123804e-33,0.01094539312691994,4.138240818245805e-06,0.011076234350825326,0.011080372591643574,0.00037347487947893737,0.004312077675579436,0.004352806935924497,0.005226500168175223,0.006782532254258818,-0.016996699637788854,0.0292768330226195,-0.015287409197898252,0.02517502495688177,-0.00042172736721113324,0.012556190064060502,0.000374119495972991,0.009537736885249615,0.010945393126919936,0.013415842929734715,3.108380956123804e-33,0.01094539312691994,0.01115228214506284,0.06011096003137867,0.058846817199571445,0.04597082989811352,0.04904364966243156,0.047400054255229813,0.05111602317975276,0.02218652870807123,0.028631611919378974
4,5,0.9671024528534188,0.6575469341064096,0.7854381365970555,0.670301145466605,64,1024,False,0.036537295403230086,0.02986604720445139,0.006671248198778669,0.03793628258341856,0.0371987181654672,0.03907103544211125,0.03842864886691307,3.2049400204547994e-34,0.0298660472044514,5.68207371069617e-08,0.030841743299924167,0.030841800120661223,1.8423288162384832e-06,0.01083386797726903,0.01067545756528485,0.011691488180481867,0.02652326060018235,0.011443618325764598,0.0666984525584579,-0.010798355516012154,0.03442012496147293,0.028312826492765453,0.050057631546224,0.005724531431042124,0.017926591099239886,0.02986604720445139,0.036537295403230086,3.2049400204547994e-34,0.0298660472044514,0.03793628258341856,0.0525821366745401,0.053913577955551156,0.024355096127899732,0.023072588572147824,0.02431309137589246,0.022368327666260956,0.05090341451878523,0.051900886206121134
4,6,0.8067499377271222,0.43898910253379575,0.5976697058607423,0.4537247866198939,64,1024,False,0.05761645524565374,0.05041341036605465,0.007203044879599307,0.0581784909800705,0.06184555454420348,0.06009455587335924,0.06366762453481889,9.483203934894917e-34,0.05041341036605465,1.3928519835235538e-05,0.05384153491746771,0.05385546343730312,0.00025862779644354365,0.014738009502425105,0.01490352655875291,0.017455546863534958,0.046942027985450566,0.029600947653823137,0.09058816409289534,-0.007133330835619879,0.040842009268462966,0.04705267955432646,0.0742169025252224,0.009586114189005457,0.024179550135158934,0.05041341036605465,0.05761645524565374,9.483203934894917e-34,0.05041341036605465,0.0581784909800705,0.06591020728956246,0.06863541394648097,0.05609697766509956,0.05540313989344257,0.05561832509511947,0.05525258711155504,0.06234867141682119,0.06318270750417133
4,7,0.7253252196559872,0.3812670844840177,0.543986201311782,0.3600012349809944,64,1024,False,0.08803572897982036,0.07833062897069326,0.009705100009127028,0.08988458712338672,0.09390501828665812,0.09094825787943514,0.09357465675661687,7.229572521983461e-33,0.07833062897069325,5.229983910363214e-06,0.08260069491977255,0.08260592490368304,6.331245508674198e-05,0.017926267710514712,0.018183146650240022,0.02107186323796572,0.0757218716364181,0.056463006672518676,0.1254335090863516,-0.0030240002341606308,0.04454504328206503,0.07414233936287928,0.10902820585033624,0.01363347850565333,0.027811710606329143,0.07833062897069326,0.08803572897982036,7.229572521983461e-33,0.07833062897069325,0.08988458712338672,0.06591020728956246,0.06741186469640091,0.07601142772457437,0.06455146612615732,0.07601142772457437,0.06455146612615732,0.0772070491318138,0.07307376726975362
4,8,0.6422294684547968,0.3418188045498386,0.5084594812309482,0.24128742998313338,64,1024,False,0.11511730060718779,0.10535020430417184,0.009767096303015562,0.11361982472880061,0.12293118019550761,0.11202816714893189,0.12051440635902506,3.595356920658089e-33,0.10535020430417184,4.2537969395618713e-07,0.11055054800733251,0.11055097338702692,3.847815002650218e-06,0.02430291618745441,0.023295589871904242,0.026566098272401188,0.09963559032360336,0.07502548944770929,0.1490308448501545,0.0032281985245842387,0.051318262126641076,0.09280465191113763,0.13256734799506376,0.019709863016032614,0.03442465732223354,0.10535020430417184,0.11511730060718779,3.595356920658089e-33,0.10535020430417184,0.11361982472880061,0.07798429490907681,0.07647038256895437,0.09074821114267356,0.08312433994729788,0.09966971093378477,0.08571959713876894,0.10383265487081503,0.09873651711009025
4,9,0.5993286789881047,0.31796006712371794,0.484544889134956,0.1986185866612231,64,1024,False,0.11602907889928281,0.1056786003411994,0.010350478558083439,0.11758343714096259,0.12510423619637775,0.1181933241650898,0.12520148524062527,8.683140751156272e-34,0.1056786003411994,8.920820556720963e-07,0.11159750713170877,0.11159839921376453,7.993681468166319e-06,0.02840363586860462,0.02836867461294273,0.031016959793793694,0.09673556158343502,0.08339653168736988,0.15299011664280973,0.006801203713351911,0.055009794389541615,0.10064813351345947,0.13614664940541843,0.0232338282148703,0.03802968279342167,0.1056786003411994,0.11602907889928281,8.683140751156272e-34,0.1056786003411994,0.11758343714096259,0.0997953127812974,0.09725415215848808,0.10425784764388706,0.1033694750107487,0.10425784764388707,0.1033694750107487,0.10938470346452969,0.1025816182665357
4,10,0.6281937165205381,0.3033741776755474,0.4694450779520578,0.195890385649786,64,1024,False,0.12872406683905835,0.12115128274977505,0.007572784089283131,0.1277869915145133,0.13433879018357836,0.12700333469296543,0.13357774987078355,2.2080779108679884e-33,0.12115128274977505,3.627751220647475e-05,0.12561386103699973,0.12565013854920656,0.0002887184417410563,0.03054769116408996,0.030209014737899394,0.03350004183039305,0.10412977544567897,0.09047910435276663,0.16352756503316423,0.009550260119817137,0.057813085378207826,0.10777883180708159,0.14661374227580382,0.026102355383045506,0.04093940394523088,0.12115128274977505,0.12872406683905835,2.2080779108679884e-33,0.12115128274977505,0.1277869915145133,0.08603169633533021,0.08139221909319876,0.10425784764388706,0.10268923805251196,0.10425784764388707,0.10268923805251197,0.11094124932660357,0.10754951482009463
4,11,0.5460407678014101,0.26893602208130024,0.43861602192308924,0.14235349738675587,64,1024,False,0.12901834540714127,0.1208868368907389,0.008131508516402743,0.12487209947244077,0.12444871006541094,0.12793410818006956,0.12794778610315424,3.717310143015259e-33,0.12088683689073886,5.4558550170582915e-05,0.12200165259088191,0.12205621114105247,0.0004469952791466968,0.028054115523509105,0.028214656806658345,0.032794317725950664,0.0962340532587526,0.09191432834044719,0.16395388801969193,0.008730966301932836,0.05613214710188852,0.10919675367767923,0.1470746351260459,0.024983211282233242,0.03898941645456944,0.1208868368907389,0.12901834540714127,3.717310143015259e-33,0.12088683689073886,0.12487209947244077,0.10987406864614942,0.10712921672085667,0.11196764883751664,0.11007881504388363,0.11196764883751666,0.1100788150438836,0.11796271078285539,0.11518651819152922
5,0,0.8386981707344859,0.23120346210491421,0.4040416852169194,0.14948186715150302,64,1024,False,0.09622282875022117,0.0773992023038393,0.018823626446381837,0.09204038275370661,0.10005518157703559,0.09203716294759856,0.10027531798989224,6.755773292658543e-33,0.07739920230383932,1.3427696344520428e-07,0.07755694706356994,0.07755708134053349,1.7313307969343014e-06,-0.011865560762742432,-0.01073630742721759,-0.011069806146366193,0.11079148900425319,0.054848992751562464,0.12922533314363466,-0.03501559182976041,0.010781910195701332,0.07185418053268222,0.1118346285802545,-0.0183363225805806,-0.005722682748455554,0.0773992023038393,0.09622282875022117,6.755773292658543e-33,0.07739920230383932,0.09204038275370661,0.06591020728956246,0.06408698174651885,0.11196764883751664,0.11631055476885055,0.11196764883751666,0.11631055476885055,0.11796271078285539,0.12045630654935001
5,1,0.8509945975947778,0.2517532892679003,0.42232990514332286,0.3811169710716114,64,1024,False,0.06354718952112988,0.04652410320052973,0.017023086320600147,0.06256362144977234,0.05904643173329212,0.06286996719429565,0.059535282877247186,3.602572331597849e-33,0.04652410320052971,0.00011610661717487627,0.04603774706665155,0.04615385368382636,0.002515642961696249,-0.002423182105978341,-0.0001490847358915142,-0.00023345859589717793,0.05919551646918363,0.03151252589670418,0.09422740849188711,-0.02410514682924436,0.01921666264086118,0.04863732932426501,0.07738481500564376,-0.007673763451748528,0.0030990829545771703,0.04652410320052973,0.06354718952112988,3.602572331597849e-33,0.04652410320052971,0.06256362144977234,0.06591020728956246,0.06541677737710497,0.11196764883751664,0.1166860541653502,0.11196764883751666,0.1166860541653502,0.07441726981428222,0.07678799948718419
5,2,0.8620061669106359,0.3074011937878723,0.4784460611196508,0.4011987444452061,64,1024,False,0.08291196823377686,0.06406998135319264,0.018841986880584746,0.08723272426016813,0.07965091603977296,0.08670143926789292,0.0795376993370531,1.0215534751795282e-32,0.06406998135319264,0.00010713722368761802,0.06262799811063013,0.0627351353343178,0.0017077706633879068,-0.004600071915367953,-0.002179519702907362,-0.0026840524834813354,0.08183043574268033,0.051224780882530796,0.12217809765325505,-0.02651029368807084,0.016921126726056876,0.06890214287705021,0.10557495382090565,-0.01027092921140138,0.0005762693690485321,0.06406998135319264,0.08291196823377686,1.0215534751795282e-32,0.06406998135319264,0.08723272426016813,0.06591020728956246,0.06471017416234645,0.10425784764388706,0.107309419454703,0.10425784764388707,0.107309419454703,0.07441726981428222,0.07216741244580767
5,3,0.8882415342124564,0.41568800941077017,0.575006389094008,0.4717929389178313,64,1024,False,0.053433990215389505,0.04733996774425078,0.006094022471138807,0.05236161227924532,0.05188429191598307,0.04837297174900922,0.047914373758634055,1.4907567059436824e-33,0.04733996774425077,8.572399083671151e-05,0.047662418037007256,0.047748142027843984,0.0017953366810947783,0.0040363216777414695,0.0036718588573213832,0.004746312091239619,0.04821243305866169,0.016922798663271107,0.07982314483474734,-0.015907361824315545,0.026064176011274854,0.03487475666042883,0.06385676668287488,6.194988964125514e-05,0.010013679035182577,0.04733996774425078,0.053433990215389505,1.4907567059436824e-33,0.04733996774425077,0.05236161227924532,0.06591020728956246,0.058846817199571445,0.05715306596921619,0.05831950627732813,0.06316619555948717,0.06510863547370126,0.06234867141682119,0.06434608324433637
5,4,0.9671024528534188,0.6575469341064096,0.7854381365970555,0.670301145466605,64,1024,False,0.025800465073223058,0.020333338783368342,0.005467126289854626,0.028024659668715902,0.024860072827530402,0.025723971195636026,0.023230795016124295,3.931560653012854e-33,0.020333338783368345,1.5755917740113685e-05,0.020457308959903383,0.02047306487764353,0.0007695925272683064,0.0024375031408920425,0.0018816515920397816,0.002086501004445222,0.02297842123549062,-0.00019763494620617106,0.051645577337478224,-0.01792664942497691,0.022781502718558576,0.017281571839703247,0.03560370346531272,-0.0022274081857176498,0.007069571372994687,0.020333338783368342,0.025800465073223058,3.931560653012854e-33,0.020333338783368345,0.028024659668715902,0.0525821366745401,0.05481463458416049,0.024355096127899732,0.023830872764925994,0.02431309137589246,0.023570777717327775,0.05090341451878523,0.05266331873802134
5,6,0.8686627317169909,0.615244446524625,0.7573214748946517,0.8128791329062078,64,1024,False,0.018402052349773206,0.017314798566612707,0.0010872537831604439,0.018101879590169324,0.01752662749506748,0.015928296056987395,0.015656581946684282,6.520428419717426e-34,0.017314798566612707,5.5156246499459996e-06,0.017365435515668323,0.017370951140318294,0.0003175200140390778,0.005620894599308944,0.005298948286122534,0.006918975153826981,0.012227679208944946,-0.009464117530853376,0.04132070964482817,-0.014624072578931582,0.028670471341555984,0.007447570875228848,0.02465900290553691,0.0016578000577283092,0.012407661997713149,0.017314798566612707,0.018402052349773206,6.520428419717426e-34,0.017314798566612707,0.018101879590169324,0.06591020728956246,0.06863541394648097,0.024355096127899732,0.025964308205112654,0.02431309137589246,0.02555533373303709,0.018285417298530848,0.018368944918662186
5,7,0.7952021112698388,0.5238233663099643,0.681602717971692,0.7002473855505559,64,1024,False,0.03484997209408252,0.03108065893023173,0.0037693131638508355,0.03468288092442888,0.03304433404294871,0.03134947880508783,0.0295655668425704,9.01497045586609e-35,0.03108065893023173,5.818717100511454e-06,0.03127692563297446,0.03128274435007504,0.00018600404860251644,0.00837907449655949,0.008274126871530832,0.010401967967541942,0.024770207171417875,0.00359041786471917,0.05910853974545649,-0.010972318517088023,0.03246457095251612,0.02081417106091976,0.04264587304351153,0.005313842557370663,0.016157488360477146,0.03108065893023173,0.03484997209408252,9.01497045586609e-35,0.03108065893023173,0.03468288092442888,0.06591020728956246,0.06741186469640091,0.04597082989811352,0.04636875522577128,0.047400054255229813,0.04805900096642673,0.03596505650418821,0.037247232083947535
5,8,0.7149994282917974,0.4529570295929448,0.6166961689225023,0.5499144267661915,64,1024,False,0.07824734047671994,0.07345420998281917,0.004793130493900809,0.0771369103454693,0.08082252572124031,0.059474821067926294,0.0614181064362221,1.0470519295344287e-34,0.07345420998281917,7.08925627005321e-07,0.07485858137991644,0.07485929030554357,9.47010884169206e-06,0.016563095277975306,0.015908503609229026,0.018536235609300927,0.06491402211201128,0.0266299728747594,0.0923196692610932,-0.0036905822361955713,0.04178258320526276,0.0443756002059672,0.0760791590801091,0.012788801992428489,0.02510784896730911,0.07345420998281917,0.07824734047671994,1.0470519295344287e-34,0.07345420998281917,0.0771369103454693,0.06591020728956246,0.06683626694606257,0.05609697766509956,0.045790045215534,0.05561832509511947,0.047196671487327854,0.059948335825162145,0.05067097706975442
5,9,0.6738028944191142,0.41507426247304446,0.5760437541518246,0.4954618651269812,64,1024,False,0.051997820152166196,0.04636245338686054,0.005635366765305795,0.051967903996118885,0.053512771312624885,0.04502878382214141,0.04539804957846248,4.0679064300915116e-36,0.04636245338686054,3.952596436001614e-07,0.04839317085321622,0.048393566112859894,8.16760729470455e-06,0.020727592462124494,0.020667919617214058,0.02283312408247424,0.03284485169541083,0.015556496013905702,0.07450107163037713,-0.00015521529926854072,0.04591519652425289,0.032849248564161826,0.05807213160005631,0.016304782664519735,0.0290828942306689,0.04636245338686054,0.051997820152166196,4.0679064300915116e-36,0.04636245338686054,0.051967903996118885,0.06591020728956246,0.07022611669678255,0.05715306596921619,0.05845074237170361,0.05561832509511947,0.05619692870147955,0.059948335825162145,0.06083505047283363
5,10,0.6928079334734298,0.38473848113653963,0.5453035465170698,0.42616129591910534,64,1024,False,0.06291472998793853,0.05849106748854495,0.0044236624993932066,0.05819712604814325,0.06312451264860876,0.047631459950046,0.05125581565416988,1.5669443064732326e-34,0.05849106748854495,3.976148528780113e-05,0.058056797928992106,0.05809655941427985,0.000684403442969257,0.022375776925989493,0.02234689036491474,0.025186172728184027,0.04077762228369402,0.017132089518204052,0.07813083038188795,0.001989106200201325,0.04849284571148845,0.03444676538492786,0.06168109711143188,0.018524874038121197,0.0316605377374799,0.05849106748854495,0.06291472998793853,1.5669443064732326e-34,0.05849106748854495,0.05819712604814325,0.06591020728956246,0.06879896235726977,0.06456244361911555,0.07092776119008784,0.06456244361911555,0.07092776119008784,0.07319457748533895,0.0756760891976562
5,11,0.5777369780074643,0.3282232138159802,0.4945985015065739,0.37999593963325395,64,1024,False,0.055406177268419045,0.05041359281451435,0.004992584453904539,0.04855342705710572,0.05174620415914285,0.042206516036596406,0.04451874088752353,4.717538128143502e-34,0.05041359281451435,8.551905289401894e-05,0.050805099466694904,0.05089061851958896,0.0016804482905056596,0.020149656012114464,0.020820165112846817,0.02493597673791943,0.030926039046296032,0.012598600912867589,0.07181443116032522,0.0010922267148239864,0.04722179402284114,0.029556599452917,0.05509690449980553,0.017333108946331777,0.030217625775549095,0.05041359281451435,0.055406177268419045,4.717538128143502e-34,0.05041359281451435,0.04855342705710572,0.0997953127812974,0.10712921672085667,0.10425784764388706,0.10797147568300579,0.10425784764388707,0.10797147568300582,0.07441726981428222,0.080058567446502
6,0,0.6699046417541504,0.20963791356470357,0.3811290682531492,0.1296917323089104,64,1024,False,0.06976715031260615,0.050194204016901924,0.019572946295703886,0.06658221879129558,0.07208600967245024,0.06672209901143446,0.0723759001146898,5.5238329069831665e-33,0.050194204016901924,6.916686717401718e-06,0.05056623117601495,0.05057314786273233,0.00013676599163206664,-0.012104713769910872,-0.011380292574911681,-0.011722546949390292,0.08346630224736193,0.03461244734250601,0.0988317506803629,-0.03568129605908984,0.010626958210079966,0.051292540214490145,0.08145514073112281,-0.018935297048301436,-0.005886745886527933,0.050194204016901924,0.06976715031260615,5.5238329069831665e-33,0.050194204016901924,0.06658221879129558,0.07798429490907681,0.08026471013263306,0.11196764883751664,0.11631055476885055,0.11196764883751666,0.11631055476885055,0.11796271078285539,0.12045630654935001
6,1,0.6930359751250078,0.2224624532014567,0.39088195454644065,0.3170047829927447,64,1024,False,0.08917399503221703,0.06986406551443025,0.019309929517785925,0.08545772001248546,0.08660803975647886,0.08571980381742678,0.08711880015744529,3.290211640041076e-33,0.06986406551443021,9.77544839941296e-05,0.06856178778589624,0.06865954226989023,0.0014237567097355758,-0.002476361323900055,3.0108209712479275e-05,-6.899430358815873e-05,0.08657793154676638,0.05158544186465444,0.11985416577019911,-0.02441238273318843,0.019261138796659937,0.0688995569216786,0.10300758965604473,-0.007958950496686157,0.003054682289075572,0.06986406551443025,0.08917399503221703,3.290211640041076e-33,0.06986406551443021,0.08545772001248546,0.06591020728956246,0.06541677737710497,0.11196764883751664,0.1166860541653502,0.11196764883751666,0.1166860541653502,0.08822738074706402,0.09365170623233292
6,2,0.6880080822327526,0.25884626635201324,0.4289703502348647,0.35648827494100915,64,1024,False,0.08861846134656173,0.06769889748156481,0.020919563864996847,0.09000190346111799,0.0863915776522013,0.08969616568740814,0.08653267866772592,1.1587526564256479e-32,0.06769889748156481,0.0001310601337818619,0.06583458435248674,0.06596564448626885,0.0019867938046014676,-0.004999710483219674,-0.0016327281456092857,-0.0021552029416416793,0.08802430579781059,0.05445186605073426,0.12494046532408201,-0.0272531106119348,0.016798021956902873,0.07218459637078922,0.1084262722361018,-0.01095026840630453,0.0003190655479556881,0.06769889748156481,0.08861846134656173,1.1587526564256479e-32,0.06769889748156481,0.09000190346111799,0.06591020728956246,0.06471017416234645,0.11196764883751664,0.11566301032790956,0.11196764883751666,0.11566301032790954,0.08103125240448202,0.07731956046753528
6,3,0.719781565751225,0.311267068680427,0.47759959261414986,0.34593282733417197,64,1024,False,0.07313522404684035,0.06430905843892316,0.008826165607917493,0.07204284995854027,0.07450559310938278,0.0701472316563473,0.0738730387828175,1.6948418955543376e-33,0.06430905843892315,7.244868325074245e-05,0.06500458843579825,0.06507703711904883,0.0011132756876777946,0.004281942119252731,0.004444637753541346,0.0056919148766781755,0.07006095535584143,0.03696668046765783,0.10332778284503677,-0.01614790374706191,0.027104338001617538,0.055205058568390086,0.08751207593013532,-5.849698936799541e-05,0.010674987046513706,0.06430905843892316,0.07313522404684035,1.6948418955543376e-33,0.06430905843892315,0.07204284995854027,0.06591020728956246,0.06547781596259764,0.10425784764388706,0.1081748976704823,0.10425784764388707,0.1081748976704823,0.08103125240448202,0.08476069573073453
6,4,0.8067499377271222,0.43898910253379575,0.5976697058607423,0.4537247866198939,64,1024,False,0.04302680768107182,0.032548172221620104,0.010478635459451819,0.04392221917144716,0.0438708888472846,0.04231840335634937,0.04383327373962639,1.2490640053545024e-33,0.0325481722216201,5.570911946316283e-09,0.03223572623288948,0.03223573180380138,1.728179146117395e-07,0.004272765638023566,0.003211522548773695,0.003807707087239246,0.040659366298510906,0.014045139099914217,0.07059166761278453,-0.016688778086753217,0.02578341824052212,0.031504969083471224,0.05439285555621609,-0.0007173512058216147,0.009517436585156247,0.032548172221620104,0.04302680768107182,1.2490640053545024e-33,0.0325481722216201,0.04392221917144716,0.06591020728956246,0.06229022189362704,0.05609697766509956,0.058153787478249806,0.05561832509511947,0.0572891973699298,0.06234867141682119,0.0643589369553409
6,5,0.8686627317169909,0.615244446524625,0.7573214748946517,0.8128791329062078,64,1024,False,0.01937313881810199,0.013974671183647642,0.005398467634454496,0.01846895500689237,0.019243198366941938,0.01975123543556133,0.020739083702231716,1.724152885518432e-34,0.013974671183647642,1.6835681073182532e-06,0.01365633476091073,0.013658018329018067,0.0001232659136019253,0.0024989926274873488,0.002680836613154398,0.0027432552968378954,0.01656236175378754,-0.004297770680646955,0.04380024155176961,-0.01759993581686316,0.02260217363664212,0.01266716488316888,0.02731403811048949,-0.00209301427094033,0.006951373004994821,0.013974671183647642,0.01937313881810199,1.724152885518432e-34,0.013974671183647642,0.01846895500689237,0.06591020728956246,0.06518334086888594,0.024355096127899732,0.023072588572147824,0.02431309137589246,0.022368327666260956,0.018285417298530848,0.018101879590169324
6,7,0.9521312555477247,0.7741315143423639,0.8697964086861198,0.8723475443339291,64,1024,False,0.01840429897064274,0.015762524571607685,0.0026417743990350025,0.01900893728001168,0.016572651911942925,0.017652237924576233,0.014701263844408907,3.6288637362492193e-34,0.015762524571607685,6.825343253314353e-07,0.016210670294095675,0.016211352828420945,4.210224356691872e-05,0.004099575523875141,0.003817607904899767,0.004459299024346424,0.012755044007043158,-0.0065019897918730425,0.04180646564102551,-0.015042751261743441,0.02472617272925995,0.010530914267292246,0.025378389880643226,0.00044225840974831954,0.009295330506574828,0.015762524571607685,0.01840429897064274,3.6288637362492193e-34,0.015762524571607685,0.01900893728001168,0.06011096003137867,0.06741186469640091,0.015891171010725354,0.012625143472011146,0.015891171010725354,0.012625143472011146,0.015891171010725354,0.012625143472011146
6,8,0.87789883301159,0.6168226467064931,0.7564045395007449,0.7321277050863514,64,1024,False,0.03019252174184745,0.026874699555031915,0.0033178221868156214,0.028009180565490496,0.030309398382261335,0.022687172693589896,0.022777274425591795,4.970131851683477e-35,0.02687469955503191,4.392566175744229e-07,0.02762765908460174,0.027628098341219275,1.589890886261547e-05,0.011760989204379459,0.012405666040405708,0.014128328995020865,0.017903732341855626,-0.003126946654617071,0.04850129204179686,-0.008193054750506142,0.035117065904628146,0.014081491783144884,0.03212045408872655,0.008087103597063106,0.018847714862204157,0.026874699555031915,0.03019252174184745,4.970131851683477e-35,0.02687469955503191,0.028009180565490496,0.06591020728956246,0.06683626694606257,0.024355096127899732,0.023833084065386766,0.02448111038392155,0.023833084065386766,0.02218652870807123,0.020816741134590602
6,9,0.8406097709914969,0.5423208764150722,0.689446924882672,0.6741134450943338,64,1024,False,0.03181588035392106,0.027693279188421873,0.004122601165499187,0.028596982502780487,0.03161400256628021,0.02502442100604246,0.02661017002943337,9.075978299208607e-34,0.027693279188421873,1.544828852231369e-07,0.028945736175215127,0.028945890658100253,5.336953940987345e-06,0.017335492126423786,0.01701779465954044,0.018305409654682647,0.014596207906739773,-0.0009561942287752111,0.05100503624086013,-0.0034915686880637696,0.041093856280665864,0.016030143451644108,0.03449820452078711,0.012870441853010561,0.024516303958080243,0.027693279188421873,0.03181588035392106,9.075978299208607e-34,0.027693279188421873,0.028596982502780487,0.06591020728956246,0.06847315686207554,0.04597082989811352,0.04769153252144269,0.047400054255229813,0.04865359237205977,0.05090341451878523,0.052619293904631756
6,10,0.8228771499130038,0.48173603824560507,0.6347591827369055,0.5857876027137556,64,1024,False,0.03608047656992399,0.03284011614733882,0.0032403604225854986,0.030471334527977453,0.036115081071371895,0.022814307861515202,0.02736932591899515,5.485469832288237e-34,0.03284011614733881,1.243637597904115e-05,0.03367606128862777,0.033688497664606895,0.00036915792751740295,0.01895615626312617,0.018354325483049553,0.020753876623379425,0.017760755588322342,-0.0038479287961277336,0.04947654451915814,-0.0013525151364645015,0.043876495308125485,0.013224546673882287,0.03303563656663755,0.015105704122106545,0.027260607443167828,0.03284011614733882,0.03608047656992399,5.485469832288237e-34,0.03284011614733881,0.030471334527977453,0.06591020728956246,0.06879896235726977,0.04597082989811352,0.048242517920512915,0.047400054255229813,0.05020044404613145,0.05090341451878523,0.054754429318763044
6,11,0.6092183254174012,0.38838603870727484,0.549824226249197,0.48355709558263865,64,1024,False,0.05324025840868748,0.048833766901590935,0.004406491507096995,0.04453739710897386,0.04738190914655144,0.030138059464051466,0.032964318401134576,2.270243420000465e-37,0.048833766901590935,8.697314402365378e-05,0.048149918305413965,0.04823689144943758,0.001803042057857728,0.01790390141671342,0.018565372694617548,0.022216617822863518,0.02881653645193389,0.0009522027154125895,0.05932391621269034,-0.0015691100785536274,0.04453277763362306,0.01777893961116206,0.04248845641996013,0.014767588254471775,0.027679128688760102,0.048833766901590935,0.05324025840868748,2.270243420000465e-37,0.048833766901590935,0.04453739710897386,0.08603169633533021,0.09685959090727714,0.06415936691054584,0.06824499155428812,0.06316619555948717,0.06622638049802575,0.059948335825162145,0.06347827129121753
7,0,0.5857162239436342,0.2008706503507643,0.3726070333504299,0.17980998686712724,64,1024,False,0.11231686090884123,0.0938457990287742,0.01847106188006816,0.10815693506692783,0.11647177440792171,0.10741688768765498,0.11594043888231577,4.044319271823303e-33,0.0938457990287742,9.85954406656923e-06,0.09530175948597394,0.0953116190300409,0.00010344535290562674,-0.012687029072683913,-0.012800493776714873,-0.013137477583196855,0.12927226818463658,0.06759177022082813,0.14724200515448183,-0.03624849726719627,0.009983839463752892,0.08486634216387756,0.1299511497709318,-0.019512388316798024,-0.00653508539107861,0.0938457990287742,0.11231686090884123,4.044319271823303e-33,0.0938457990287742,0.10815693506692783,0.0997953127812974,0.09860079531192163,0.11196764883751664,0.11631055476885055,0.11196764883751666,0.11631055476885055,0.11796271078285539,0.12045630654935001
7,1,0.618233157013171,0.21232861039423986,0.38063788998273773,0.2544211909647024,64,1024,False,0.10244893500960342,0.08216240966218796,0.02028652534741595,0.09834208424283257,0.10561884368425024,0.09772707022220312,0.10541295057379216,2.5654101222096817e-33,0.08216240966218799,1.916684766582903e-05,0.08402723309112506,0.08404639993879083,0.0002280507871816976,-0.0035389787067613846,-0.0009738341334838912,-0.001082453177471712,0.10659267781773414,0.061457963479360375,0.13399617696504584,-0.025681748115111293,0.018237589680266154,0.07861045625759289,0.11686484913661843,-0.00918985153111862,0.0019853300691465847,0.08216240966218796,0.10244893500960342,2.5654101222096817e-33,0.08216240966218799,0.09834208424283257,0.08603169633533021,0.08466387545671883,0.11196764883751664,0.1166860541653502,0.11196764883751666,0.1166860541653502,0.10383265487081503,0.10859705789660662
7,2,0.6029586531241123,0.24081598212550098,0.4101600973082911,0.26380182832499144,64,1024,False,0.06840907411229394,0.045836762295028685,0.022572311817264757,0.0681052228846363,0.0700113833912513,0.06832068161475066,0.07038298524423431,1.705736852360787e-32,0.045836762295028664,4.5018127331775096e-05,0.045942891174676155,0.04598790930200796,0.000978912240522521,-0.005882578517366135,-0.0031563967324246944,-0.0036079692719020386,0.073167780123676,0.037908671447755796,0.09873269178174553,-0.028295571711869826,0.015928510037853193,0.05500450870022178,0.08193850948737236,-0.012007495890429709,-0.0006181925855344161,0.045836762295028685,0.06840907411229394,1.705736852360787e-32,0.045836762295028664,0.0681052228846363,0.0997953127812974,0.10432246848082041,0.11196764883751664,0.11566301032790956,0.11196764883751666,0.11566301032790954,0.10383265487081503,0.10646665320506953
7,3,0.6378988561741685,0.2796655109368926,0.4488019991748281,0.21878970436300624,64,1024,False,0.0835881284459621,0.07309778080261022,0.010490347643351512,0.08163414495690033,0.08464082219937334,0.08302900296997663,0.08661698583769746,4.414876239230731e-33,0.0730977808026102,4.746100432680132e-05,0.07411992387171933,0.07416738487604602,0.000639917457061775,0.003988622249106779,0.003336199072325005,0.004629304355446726,0.08130462312704834,0.05018991455822205,0.11586809138173121,-0.016500543929488336,0.026858066732099565,0.06796350434160559,0.09957341025437927,-0.00043611346336547285,0.010359656262153294,0.07309778080261022,0.0835881284459621,4.414876239230731e-33,0.0730977808026102,0.08163414495690033,0.08603169633533021,0.08652031315515576,0.10425784764388706,0.1081748976704823,0.10425784764388707,0.1081748976704823,0.10938470346452969,0.1121904898492367
7,4,0.7253252196559872,0.3812670844840177,0.543986201311782,0.3600012349809944,64,1024,False,0.06674156259293809,0.055036645828917576,0.011704916764020572,0.06452951114024087,0.06966745106519097,0.064293477912827,0.07062227366116926,1.2727175065594888e-33,0.05503664582891758,6.333386638224122e-06,0.05584176202507116,0.055848095411709216,0.00011340380708661108,0.0037750087528808517,0.0023136331330918555,0.002937573542998218,0.06735381793209912,0.03290771382426397,0.09567924200139002,-0.017344781762122244,0.0255780102506504,0.050172885647043586,0.07905856885918183,-0.0012997682570130564,0.00919978047022596,0.055036645828917576,0.06674156259293809,1.2727175065594888e-33,0.05503664582891758,0.06452951114024087,0.06591020728956246,0.06229022189362704,0.07601142772457437,0.08339106912497007,0.07601142772457437,0.08260889023826622,0.0772070491318138,0.08280191934826295
7,5,0.7952021112698388,0.5238233663099643,0.681602717971692,0.7002473855505559,64,1024,False,0.03830634983631705,0.03162334744381498,0.006683002392502043,0.037247232083947535,0.03944235267414307,0.03807714558170404,0.04073975838426013,3.3812107586148414e-36,0.03162334744381498,3.281976055271743e-07,0.03261442080382459,0.0326147490014302,1.0062858540250682e-05,0.0030317617836680332,0.0027683621498084195,0.002675034533526635,0.03667399052433465,0.009808245442067674,0.0663460457213404,-0.017776563340022183,0.023467072441466095,0.02686558490677271,0.04968117680255091,-0.0019902067215298302,0.00756194847781444,0.03162334744381498,0.03830634983631705,3.3812107586148414e-36,0.03162334744381498,0.037247232083947535,0.06591020728956246,0.06518334086888594,0.04597082989811352,0.04648398271071152,0.047400054255229813,0.04807690906664863,0.03596505650418821,0.03468288092442888
7,6,0.9521312555477247,0.7741315143423639,0.8697964086861198,0.8723475443339291,64,1024,False,0.01399291491000874,0.012794508531481405,0.0011984063785273934,0.014139443498166787,0.012811531567796741,0.013283205717087,0.011922451821100412,1.0813191932142953e-33,0.012794508531481402,1.4888329878519204e-05,0.012532033201665784,0.012546921531544245,0.0011866121774244318,0.0008891596946851608,0.00042979289929053545,0.0005139774126306912,0.012381738668506205,-0.010138598673749433,0.03670501010792343,-0.017977165004989096,0.01966333490269523,0.006443977988965344,0.019896481695468538,-0.0032215584578807466,0.004882804198132362,0.012794508531481405,0.01399291491000874,1.0813191932142953e-33,0.012794508531481402,0.014139443498166787,0.06011096003137867,0.06429018880712521,0.015891171010725354,0.016379600964732077,0.015891171010725354,0.016379600964732077,0.015891171010725354,0.016379600964732077
7,8,0.9300057933626602,0.7551337711441886,0.8585819405298434,0.8312116961903484,64,1024,False,0.014807710963895498,0.013439928643773736,0.0013677823201217818,0.011110843445855504,0.01565784585197588,0.004561002047331,0.008527404358185029,4.0900465997438623e-35,0.013439928643773736,4.040001597407143e-06,0.013781868689330632,0.013785908690927997,0.0002930529780794008,0.008078586829300082,0.007909582261226905,0.009082274030058242,0.007748263590748974,-0.018284386343510928,0.02740639043817293,-0.011031890206360615,0.029847261695450992,-0.0017733348649926484,0.010689216607715935,0.004751458458486013,0.01411193852982251,0.013439928643773736,0.014807710963895498,4.0900465997438623e-35,0.013439928643773736,0.011110843445855504,0.06011096003137867,0.06683626694606257,0.015891171010725354,0.016247169499807135,0.015891171010725354,0.016247169499807135,0.015891171010725354,0.01681757846962101
7,9,0.8984978347723741,0.644124015435348,0.7755352785319283,0.7627649874726332,64,1024,False,0.019715168957212547,0.01733175077317143,0.0023834181840410914,0.015343148325912267,0.019646756324999088,0.008880226216308903,0.012980481803718746,3.2840970786204653e-34,0.01733175077317143,2.6229370160723908e-06,0.01753099060373303,0.017533613540749098,0.0001495947774813525,0.014201813067674936,0.013133566156371162,0.013991033765514792,0.006513190168627926,-0.014863966141015948,0.032624418573633754,-0.006170573651164872,0.036799013625020756,0.0017372883012285456,0.015829220443265513,0.010024951698142104,0.020557418822136242,0.01733175077317143,0.019715168957212547,3.2840970786204653e-34,0.01733175077317143,0.015343148325912267,0.06591020728956246,0.06847315686207554,0.024355096127899732,0.02564251724246937,0.02431309137589246,0.02564251724246937,0.0216733857030793,0.02334994758250625
7,10,0.8673645850021671,0.5548376208414213,0.7018945337909315,0.65657036953616,64,1024,False,0.032047843413671964,0.03002409601422325,0.002023747399448873,0.02512331690985924,0.03149771227449385,0.011580600809938764,0.017431206518116193,5.33376802193458e-36,0.03002409601422325,3.472757508145065e-05,0.03122303666814659,0.031257764243228015,0.0011110063666493475,0.016010013701620803,0.01432897161390876,0.016149013104637348,0.01716874066058509,-0.013921281908605419,0.037082483528482944,-0.004036767985652848,0.03996597822808519,0.003025496771442704,0.02052250468841521,0.012322631475399248,0.023552818041935097,0.03002409601422325,0.032047843413671964,5.33376802193458e-36,0.03002409601422325,0.02512331690985924,0.06591020728956246,0.06879896235726977,0.04597082989811352,0.048242517920512915,0.047400054255229813,0.05020044404613145,0.05090341451878523,0.054754429318763044
7,11,0.6173010444149943,0.42866851486483304,0.5908258061752469,0.507639220873437,64,1024,False,0.052771141409912126,0.04893180994390847,0.0038393314660037964,0.045011533640083846,0.04786763052085267,0.02127521285340174,0.023061301085204,1.3086137592349556e-35,0.04893180994390847,0.00013985302851895727,0.050589535561803636,0.0507293885903227,0.0027568443540365493,0.014903544290229267,0.014764528324984354,0.017889815248476063,0.03310310219586832,-0.007087118979507274,0.04963754468631075,-0.004312283836926022,0.04056003293003002,0.009791448770556599,0.03288110343419248,0.011967632606683765,0.023878957246779464,0.04893180994390847,0.052771141409912126,1.3086137592349556e-35,0.04893180994390847,0.045011533640083846,0.08603169633533021,0.09685959090727714,0.05715306596921619,0.05958137243504267,0.05561832509511947,0.0585157188201579,0.059948335825162145,0.06347827129121753
8,0,0.5223581096173258,0.1930445349663126,0.3630149571129296,0.24732552590818713,64,1024,False,0.10293722891071602,0.0854255814786195,0.01751164743209643,0.09634160689572027,0.10535173324382584,0.0962339008792383,0.10547931383823624,3.889326550076397e-33,0.08542558147861949,1.2760628810162112e-06,0.08440945567695117,0.08441073173983207,1.5117306232449796e-05,-0.013499992630247353,-0.013859952983800475,-0.014224086066895666,0.11921168622762632,0.057893779261394177,0.13457402249708245,-0.03733313985007437,0.009256638196988569,0.07484041710267775,0.1169999696285231,-0.02053367270855233,-0.007249213114846498,0.0854255814786195,0.10293722891071602,3.889326550076397e-33,0.08542558147861949,0.09634160689572027,0.10987406864614942,0.11362684351995042,0.11196764883751664,0.11787226646636771,0.11196764883751666,0.11787226646636771,0.10383265487081503,0.10708072038752323
8,1,0.5502715971739797,0.20549706451551908,0.3745760670264757,0.28831256825951007,64,1024,False,0.07486810984483257,0.05483780014925267,0.020030309695579958,0.07400393855315872,0.07550285073195477,0.07431312236339675,0.07598485150383545,1.6504303633061468e-33,0.054837800149252644,4.467409799526084e-05,0.05528949205572978,0.055334166153725044,0.0008073510653644037,-0.004972786008720419,-0.002688262667218397,-0.0029136403857653943,0.07819111339917317,0.04264923861546728,0.10597700611132622,-0.027431476760870613,0.016905546975016963,0.059681329352315515,0.08895998526713811,-0.010874644489376806,0.0006005462273606099,0.05483780014925267,0.07486810984483257,1.6504303633061468e-33,0.054837800149252644,0.07400393855315872,0.10987406864614942,0.11443531482399849,0.11196764883751664,0.1166860541653502,0.11196764883751666,0.1166860541653502,0.10383265487081503,0.10859705789660662
8,2,0.5333374938122847,0.22731999503119116,0.39610978667935715,0.2387741457942765,64,1024,False,0.08907303897835779,0.06556322625723852,0.02350981272111901,0.09285617517655212,0.08772172222698858,0.09301522593546271,0.08796789575635768,1.0516010274212032e-32,0.06556322625723852,0.00011452455107270211,0.0634146908987305,0.0635292154498034,0.0018027068375052083,-0.007155097850350703,-0.004751080118207701,-0.00524642713539818,0.09247280234519628,0.05852937154429963,0.1275010803266258,-0.029756686780708103,0.0147467154004625,0.07616865129239159,0.11094029220112134,-0.013392729466431774,-0.001806668660719879,0.06556322625723852,0.08907303897835779,1.0516010274212032e-32,0.06556322625723852,0.09285617517655212,0.10987406864614942,0.112789972590981,0.11196764883751664,0.11566301032790956,0.11196764883751666,0.11566301032790954,0.10938470346452969,0.11415160644002391
8,3,0.5611769056422438,0.2549645298839089,0.4247870164097193,0.14983428335522458,64,1024,False,0.13153770904036036,0.11984021853690124,0.011697490503458571,0.13252684335354284,0.13141585626094254,0.13293133544535485,0.13218571014882008,1.4208666341918142e-33,0.11984021853690126,8.010672020775472e-05,0.1171077045047818,0.11718781122498949,0.0006835755303421224,0.0026420691209016476,0.0016544561979977364,0.0027938373563580854,0.12976140006294481,0.09406918863788807,0.17179348225282162,-0.017664241031226855,0.02521364532645221,0.11200716148596257,0.15526047003368149,-0.0016605503114988096,0.00881770581327146,0.11984021853690124,0.13153770904036036,1.4208666341918142e-33,0.11984021853690126,0.13252684335354284,0.10987406864614942,0.10745010137878114,0.11196764883751664,0.10838059420071564,0.11196764883751666,0.10838059420071564,0.11796271078285539,0.11719617748966131
8,4,0.6422294684547968,0.3418188045498386,0.5084594812309482,0.24128742998313338,64,1024,False,0.08644265637361019,0.07240429303159045,0.014038363342019652,0.08571959713876894,0.09014890768080805,0.08680983384837274,0.09162918635526014,6.293992556311497e-37,0.07240429303159045,9.354256813717415e-08,0.0722285557843783,0.07222864932694642,1.2950895386919015e-06,0.002395123638411172,0.0008182431838816827,0.0012808571183977268,0.08933066449692637,0.053821925139323795,0.11979774255742168,-0.01882018741313837,0.024019669718452572,0.0710203771959641,0.10295145405689254,-0.002801572816679254,0.007644375284144189,0.07240429303159045,0.08644265637361019,6.293992556311497e-37,0.07240429303159045,0.08571959713876894,0.07798429490907681,0.07643723446313838,0.09074821114267356,0.09242441581064177,0.09966971093378477,0.10611449428742004,0.10383265487081503,0.1054026321803045
8,5,0.7149994282917974,0.4529570295929448,0.6166961689225023,0.5499144267661915,64,1024,False,0.0474863061111117,0.03745611072192193,0.010030195389189802,0.04515029016341127,0.0480151188293166,0.047496167949369145,0.050525730293790164,9.356341003528185e-35,0.03745611072192193,3.3671736414256194e-06,0.03873482432671822,0.03873819150035972,8.692129165075639e-05,0.0026184062796589793,0.0023414771827216536,0.0019820536144928473,0.045673641646594945,0.019778903144669846,0.07521343275406844,-0.01859145056592946,0.022955645850811966,0.03662605633871863,0.05842215360462433,-0.00273876944265794,0.00697497115470469,0.03745611072192193,0.0474863061111117,9.356341003528185e-35,0.03745611072192193,0.04515029016341127,0.06591020728956246,0.06697854451617438,0.05609697766509956,0.057023628782345515,0.05561832509511947,0.05780063153286222,0.059948335825162145,0.061956498596405535
8,6,0.87789883301159,0.6168226467064931,0.7564045395007449,0.7321277050863514,64,1024,False,0.02033767940892415,0.01619992554152982,0.004137753867394369,0.020953040202352606,0.019113916338940204,0.02166789701410564,0.01991277057384563,2.827527298825115e-34,0.01619992554152983,2.7754180814642585e-05,0.016480717903973815,0.01650847208478842,0.0016812083318247495,0.0015541401199954503,0.0015909655475596018,0.0013053557483691872,0.017522950791380602,-0.0026671037519935825,0.04600289778020486,-0.018409289435407542,0.020801632541668284,0.014117108061327599,0.02939230410993332,-0.0032042102466220967,0.005422595182608347,0.01619992554152982,0.02033767940892415,2.827527298825115e-34,0.01619992554152983,0.020953040202352606,0.06591020728956246,0.06863541394648097,0.024355096127899732,0.025964308205112654,0.02448111038392155,0.028009180565490496,0.02218652870807123,0.02259769154331077
8,7,0.9300057933626602,0.7551337711441886,0.8585819405298434,0.8312116961903484,64,1024,False,0.01812921135744479,0.014538127664796525,0.0035910836926482752,0.01930545981886744,0.015329840855479752,0.020811539531531087,0.016925652442175,1.600124709037622e-34,0.014538127664796525,1.6105886789655817e-06,0.014774897527373747,0.014776508116052694,0.00010899656849346518,0.0012348769653957984,0.0005807857035122484,0.00020811232533150367,0.014749055151967503,-0.0032265514711949383,0.04484963053425711,-0.018271216564093522,0.019973525776142795,0.013801633416733239,0.028477498337451834,-0.0033752376039046794,0.004910378782369662,0.014538127664796525,0.01812921135744479,1.600124709037622e-34,0.014538127664796525,0.01930545981886744,0.06011096003137867,0.06741186469640091,0.015891171010725354,0.012625143472011146,0.015891171010725354,0.012625143472011146,0.015891171010725354,0.012625143472011146
8,9,0.9728704555024729,0.8249368751921458,0.9006697202020927,0.9187181056834836,64,1024,False,0.007077063795012641,0.0059494438806560685,0.0011276199143565651,0.005486342970709665,0.0069392948714206,0.005096279368364614,0.0069142784250486745,4.8419313753448815e-34,0.0059494438806560685,3.502890472487229e-07,0.00582869638782102,0.005829046676868282,6.0093711144704615e-05,0.004824094715064064,0.004669969158187533,0.004613205118619185,0.002269325713233067,-0.015895034449260527,0.026087593185989758,-0.014503618888357977,0.024272753039512106,-4.2676765588112175e-06,0.00994391689891927,0.0006393791481968947,0.009107923491683323,0.0059494438806560685,0.007077063795012641,4.8419313753448815e-34,0.0059494438806560685,0.005486342970709665,0.0525821366745401,0.06068304039831911,0.006537572692928227,0.00758880241514679,0.006537572692928227,0.00758880241514679,0.006537572692928227,0.00758880241514679
8,10,0.9329985011353279,0.6815614272972645,0.803626491259787,0.8114362965219899,64,1024,False,0.01647226568598246,0.015608119415815821,0.0008641462701666732,0.012556412122871154,0.016529776557344725,0.006528726350824565,0.010752946284682948,8.97548407718129e-35,0.015608119415815821,1.4191893566225277e-05,0.0156737706329162,0.01568796252648247,0.0009046358660194583,0.007394168245047171,0.006794014987296296,0.007702728364665487,0.00973576157004843,-0.016836025651626393,0.029893478353275525,-0.012152931966387084,0.028806911438439355,-0.00011490271572256461,0.013339607656234875,0.003604558856750373,0.01301008608425036,0.015608119415815821,0.01647226568598246,8.97548407718129e-35,0.015608119415815821,0.012556412122871154,0.06011096003137867,0.0644341007503339,0.018318939874547094,0.024081467626223034,0.018318939874547094,0.024081467626223034,0.018318939874547094,0.02231062198066665
8,11,0.6390968810061033,0.5031651418576999,0.6611627729728061,0.633561363818369,64,1024,False,0.04072401822079561,0.03782631734486742,0.0028977008759281235,0.03439954578863732,0.03784954492634125,0.012541722323996194,0.015520006290643923,1.0291418510127077e-34,0.03782631734486742,3.13901246200613e-05,0.03781912128314713,0.037850511407767254,0.0008293183751704812,0.007539399474198241,0.008216464566030887,0.010150051621000975,0.029633080360310364,-0.013473482898860663,0.038556927546853054,-0.011782144824463972,0.03090554725525039,0.0033642067064647563,0.021916261983278673,0.00424705433397321,0.014640809597040061,0.03782631734486742,0.04072401822079561,1.0291418510127077e-34,0.03782631734486742,0.03439954578863732,0.07798429490907681,0.08670124473316469,0.04597082989811352,0.04748842235095122,0.047400054255229813,0.04826675481966932,0.05090341451878523,0.05217294288264277
9,0,0.47687741382007326,0.189700331977419,0.359868027424879,0.2734515742113241,64,1024,False,0.09380859962534169,0.07678739179525217,0.01702120783008896,0.08709916622234723,0.09578883611268767,0.0868163387541363,0.09598553630631096,1.575517267982154e-33,0.07678739179525215,4.20076089032143e-08,0.07549305887917851,0.07549310088678737,5.564430181005636e-07,-0.01458510626192775,-0.014107947364378452,-0.01454109679332784,0.10989678347706612,0.04977802997211829,0.12385464753615431,-0.038452452499917654,0.00819310210144783,0.0667142182282987,0.10637179293553345,-0.02165135294490028,-0.008316073413880076,0.07678739179525217,0.09380859962534169,1.575517267982154e-33,0.07678739179525215,0.08709916622234723,0.11103244742426543,0.1193451324800964,0.11196764883751664,0.11787226646636771,0.11196764883751666,0.11787226646636771,0.10383265487081503,0.10708072038752323
9,1,0.5058181639693814,0.20069132131608336,0.3709085586359705,0.2499598433891277,64,1024,False,0.07966685287115963,0.05892078021266936,0.02074607265849,0.07721470248116298,0.07927973331723397,0.0774612531575281,0.07979298324230288,1.4011870627290672e-34,0.05892078021266936,1.4691177979898855e-05,0.05833392649596103,0.058348617673941096,0.0002517827939300101,-0.00642260784380268,-0.003620308232305761,-0.0039039813891099734,0.08290004154953973,0.045137516429140885,0.10978498988591531,-0.028786919589132515,0.015357802545575073,0.062306488485774025,0.09289256221381947,-0.012266967445611954,-0.0009271899398299865,0.05892078021266936,0.07966685287115963,1.4011870627290672e-34,0.05892078021266936,0.07721470248116298,0.10987406864614942,0.11451151222709575,0.11196764883751664,0.1166860541653502,0.11196764883751666,0.1166860541653502,0.10383265487081503,0.10859705789660662
9,2,0.48754049286665074,0.21983603631534226,0.38876920197723575,0.2116986603644276,64,1024,False,0.07977377134401414,0.05573081598301255,0.024042955361001764,0.08135729372171273,0.08100024131485624,0.08157376346102892,0.08134240947856348,4.449059971049064e-33,0.05573081598301253,4.1044465659089436e-05,0.054318563090322944,0.054359607555982035,0.0007550544881476553,-0.00843185241909036,-0.005673929347845711,-0.006254715708588284,0.08667417066270194,0.04922180809265722,0.11392571882940061,-0.030987485163567564,0.013388626426051155,0.0666309476364404,0.09729070955654606,-0.014632976919529028,-0.0031372927405755036,0.05573081598301255,0.07977377134401414,4.449059971049064e-33,0.05573081598301253,0.08135729372171273,0.11103244742426543,0.11574980123463656,0.11196764883751664,0.11566301032790956,0.11196764883751666,0.11566301032790954,0.10938470346452969,0.11415160644002391
9,3,0.5168960001495547,0.24159812813781106,0.41217483227779056,0.10599730534163708,64,1024,False,0.12947370670143796,0.11717029018525202,0.012303416516186147,0.13034569619088424,0.13143120441939357,0.13127274052743865,0.1326588743380537,6.723113822045279e-37,0.11717029018525202,1.319945180135586e-05,0.11509320757407579,0.11510640702587704,0.00011467173845838567,0.001107057420686088,0.0004075590381924255,0.0014566530130455003,0.13102364538120115,0.09281961100951495,0.16972587004536233,-0.01913894702287478,0.02354374199781496,0.11057080500904704,0.15303240917273797,-0.003195173696440179,0.007152841397328302,0.11717029018525202,0.12947370670143796,6.723113822045279e-37,0.11717029018525202,0.13034569619088424,0.10987406864614942,0.10745010137878114,0.11196764883751664,0.10885265008338704,0.11196764883751666,0.10885265008338701,0.12656354277978776,0.12827225361698738
9,4,0.5993286789881047,0.31796006712371794,0.484544889134956,0.1986185866612231,64,1024,False,0.09950034771177532,0.084799194532132,0.014701153179643548,0.10114734941691245,0.10444223971558687,0.10198731207367975,0.10563366604596587,2.3653347612073214e-33,0.084799194532132,4.204075723278409e-06,0.085569735581287,0.08557393965701003,4.91279908360982e-05,0.0009730984415171515,-0.00036876246459346485,-5.2054072255081984e-05,0.10481100218018034,0.06674214456641257,0.13723247958094692,-0.020266357162012052,0.022448899998219602,0.08406349708820926,0.12033740052720532,-0.004290268771001138,0.006067581423849333,0.084799194532132,0.09950034771177532,2.3653347612073214e-33,0.084799194532132,0.10114734941691245,0.0997953127812974,0.09960216469049524,0.10425784764388706,0.10553716117654462,0.10425784764388707,0.10611449428742004,0.10938470346452969,0.11758343714096259
9,5,0.6738028944191142,0.41507426247304446,0.5760437541518246,0.4954618651269812,64,1024,False,0.05405682055966487,0.04317384356834403,0.010882976991320983,0.05299252140037122,0.05408005824820111,0.05500929940757719,0.05627821220714394,5.082008172562472e-34,0.04317384356834403,1.6642384713540504e-06,0.044158481632643826,0.0441601458711152,3.768643509945051e-05,0.0012855334380801832,0.0008016796700022956,0.0004158997003095289,0.053278378578198816,0.026122475469642047,0.08389612334551233,-0.01980640144592747,0.02156524128323689,0.043120438953337725,0.0671766987798037,-0.003990940778749064,0.005629791732644662,0.04317384356834403,0.05405682055966487,5.082008172562472e-34,0.04317384356834403,0.05299252140037122,0.06591020728956246,0.06697854451617438,0.05715306596921619,0.057023628782345515,0.05561832509511947,0.05780063153286222,0.059948335825162145,0.061956498596405535
9,6,0.8406097709914969,0.5423208764150722,0.689446924882672,0.6741134450943338,64,1024,False,0.020642196695426905,0.01572814590206491,0.004914050793362111,0.02085782215722836,0.01818565198313645,0.021932088079371227,0.019506618278149562,3.049472669322515e-33,0.015728145902064908,1.1210115732737041e-05,0.01570507732525138,0.01571628744098413,0.0007132801416894345,0.0011345088167516333,0.0004473195327893759,0.00042504138220397943,0.017738332450347075,-0.0022128869570793817,0.04607706311582184,-0.018670948031277286,0.02065984320768887,0.014621723996242508,0.02950889169733273,-0.003422924186452292,0.005252362054307014,0.01572814590206491,0.020642196695426905,3.049472669322515e-33,0.015728145902064908,0.02085782215722836,0.06591020728956246,0.06863541394648097,0.04597082989811352,0.04810440798740635,0.047400054255229813,0.05004260412258109,0.05090341451878523,0.05457028274128763
9,7,0.8984978347723741,0.644124015435348,0.7755352785319283,0.7627649874726332,64,1024,False,0.026073557652528067,0.02153616550453253,0.004537392147995563,0.02800362308024633,0.021910773162963013,0.029057938315078635,0.022912850104617622,6.584371219801026e-34,0.021536165504532533,7.955709244699816e-08,0.021776846443972982,0.02177692600106542,3.6532746836310086e-06,0.0013574460318663882,4.833915548806574e-05,-0.00030793782537575737,0.021862434007474948,0.003278318896849826,0.054837557733307445,-0.01834564490841652,0.020327385231692616,0.020517491386272013,0.03853900890680961,-0.0032990613181027584,0.005130199751874898,0.02153616550453253,0.026073557652528067,6.584371219801026e-34,0.021536165504532533,0.02800362308024633,0.06591020728956246,0.06741186469640091,0.024355096127899732,0.02383387799185022,0.02431309137589246,0.023574985035021683,0.0216733857030793,0.017710372534413633
9,8,0.9728704555024729,0.8249368751921458,0.9006697202020927,0.9187181056834836,64,1024,False,0.007714580876683683,0.006667627740258268,0.0010469531364254337,0.00758880241514679,0.006414130384329727,0.007635060287945514,0.006189091396111985,1.1621816730453268e-33,0.006667627740258265,2.5478800473804435e-07,0.006789697765024099,0.006789952553028826,3.752426879984454e-05,-4.159912252320868e-05,-0.0003490583184430125,-0.0003279539515835025,0.00676318870277274,-0.013716832761564369,0.028986953337455396,-0.01839930634143808,0.01876741861943842,0.0024920525902416557,0.01287484433123609,-0.0038054975448176265,0.004166512946540024,0.006667627740258268,0.007714580876683683,1.1621816730453268e-33,0.006667627740258265,0.00758880241514679,0.0525821366745401,0.0566724397890304,0.006537572692928227,0.005486342970709665,0.006537572692928227,0.005486342970709665,0.006537572692928227,0.005486342970709665
9,10,0.9617226802271953,0.8054480458772528,0.8897373456061641,0.8922752865351634,64,1024,False,0.011831026748353575,0.011922483848089738,-9.14570997361919e-05,0.009675713577253582,0.011045778543202834,0.0022668015534568313,0.0031810605105057365,6.092692649930043e-34,0.01192248384808974,8.353642315266809e-06,0.012161650377405856,0.01217000401972111,0.0006864124532522744,0.0026523032130342495,0.002465698181486939,0.003143517645323929,0.008580080361715895,-0.019659941772673554,0.024193544879587216,-0.015599379504523213,0.02226668660069995,-0.0031848540602368303,0.007955821900395676,-0.000753295149479527,0.007417718275974039,0.011922483848089738,0.011831026748353575,6.092692649930043e-34,0.01192248384808974,0.009675713577253582,0.0525821366745401,0.05709298534809695,0.010739821157274426,0.01180392873729527,0.010739821157274426,0.01180392873729527,0.010739821157274426,0.01180392873729527
9,11,0.6786986548601971,0.5749909397398781,0.7266339591474907,0.7045564290525329,64,1024,False,0.03988147383094775,0.037797939116040964,0.002083534714906717,0.03326063476218649,0.03382705066870826,0.009735826291449536,0.00911177344408441,5.117003269242447e-34,0.03779793911604097,5.25093594742742e-05,0.036806948462283835,0.036859457821758125,0.0014245830670704535,0.0037706959524201468,0.003642887622790747,0.005355434035284952,0.030184163045917513,-0.01597732255376163,0.0354489751366607,-0.014832765811652982,0.025822557377864038,0.0009890561050269753,0.018957675900310278,0.0007635604342794977,0.010031806144979782,0.037797939116040964,0.03988147383094775,5.117003269242447e-34,0.03779793911604097,0.03326063476218649,0.06591020728956246,0.06848107090315253,0.04597082989811352,0.04748842235095122,0.034537035041183176,0.035813435320179866,0.034537035041183176,0.035813435320179866
10,0,0.5139770804837634,0.18677255003068705,0.3592714474450245,0.23950391283881456,64,1024,False,0.05808182443424512,0.03994106507480408,0.018140759359440622,0.0563911928996776,0.06114556011223933,0.056526381854513384,0.061373443903909995,6.237601948117266e-33,0.03994106507480408,5.117274978327459e-06,0.04084254043914695,0.0408476577141253,0.00012527707253475842,-0.015295988798895079,-0.013654555028162178,-0.014274261006193428,0.07480011514040151,0.025993861349751533,0.08705890235927524,-0.039376480570101596,0.0074937364527817955,0.04277854266547365,0.06992705939774169,-0.022546302046976052,-0.009005382446048316,0.03994106507480408,0.05808182443424512,6.237601948117266e-33,0.03994106507480408,0.0563911928996776,0.10987406864614942,0.11362684351995042,0.11196764883751664,0.11787226646636771,0.11196764883751666,0.11787226646636771,0.10383265487081503,0.10708072038752323
10,1,0.5391580279232309,0.19619810733910245,0.36721991860784753,0.2048195339704649,64,1024,False,0.08241466715824376,0.06034807198835439,0.022066595169888747,0.0821162120248083,0.08320135164206104,0.08214890324566898,0.08343034659727676,2.0871811252829792e-33,0.060348071988354395,1.959388749086301e-06,0.06210751973319041,0.06210947912193946,3.154733829339376e-05,-0.0069120306013597844,-0.003419668054911044,-0.003774717372262544,0.08662101969697208,0.04942093005320709,0.11487687643813087,-0.02951097739123361,0.014958216645384721,0.06634396020672284,0.09772797136974987,-0.012963175970071461,-0.0013887173045077361,0.06034807198835439,0.08241466715824376,2.0871811252829792e-33,0.060348071988354395,0.0821162120248083,0.10987406864614942,0.11443531482399849,0.11196764883751664,0.1166860541653502,0.11196764883751666,0.1166860541653502,0.10938470346452969,0.11286123198398397
10,2,0.519147405239464,0.21273335546337002,0.3808824295664114,0.18035808678599294,64,1024,False,0.06588003763958744,0.040775264284584715,0.025104773355002972,0.06857388321911516,0.06661409689530515,0.06883428475530533,0.06698598756401292,7.94458564966397e-33,0.040775264284584715,3.1201953956e-05,0.04080641725994956,0.04083761921390554,0.0007640492897630889,-0.009057505891036762,-0.005685613341057129,-0.006428038972574653,0.07229971023636228,0.04026072653698324,0.09740784297362742,-0.03183488077426083,0.012606605210020686,0.057128385778923985,0.08049060808843933,-0.01545963883108925,-0.003917019515938591,0.040775264284584715,0.06588003763958744,7.94458564966397e-33,0.040775264284584715,0.06857388321911516,0.10987406864614942,0.112789972590981,0.11196764883751664,0.11566301032790956,0.11196764883751666,0.11566301032790954,0.11796271078285539,0.12462266492580609
10,3,0.5506435387815342,0.23564062614047593,0.40715934786386454,0.0996666308463854,64,1024,False,0.10892584281913754,0.0963724051125731,0.012553437706564327,0.11280504447401864,0.108263331798659,0.11469007355238946,0.11043213172826723,1.950402308206132e-34,0.0963724051125731,1.4095708250028424e-05,0.09403529640510845,0.09404939211335868,0.00014987559125356946,0.0006012873552130936,-0.00022227185731230333,0.0005562244172631244,0.1084856036559713,0.07921617976561342,0.15016396733916548,-0.01977753023868665,0.0225366978421144,0.09671689564856933,0.13343667121807812,-0.003909158091119025,0.006216333531483542,0.0963724051125731,0.10892584281913754,1.950402308206132e-34,0.0963724051125731,0.11280504447401864,0.10987406864614942,0.10745010137878114,0.11196764883751664,0.10885265008338704,0.11196764883751666,0.10885265008338701,0.12656354277978776,0.1348311768372608
10,4,0.6281937165205381,0.3033741776755474,0.4694450779520578,0.195890385649786,64,1024,False,0.09043822412583451,0.07533433014389714,0.015103893981937297,0.09409550713869382,0.09206853861588644,0.09527463508682646,0.09339321469764218,1.3401275904208017e-34,0.07533433014389714,4.549153633434877e-06,0.07573266658302125,0.07573721573665473,6.006497055889542e-05,0.0003539949506408054,-0.0009315857393917445,-0.0009139130877275483,0.09300012435527819,0.06166574574629797,0.12888352442735496,-0.02121747131815652,0.02141631352774904,0.0788733330409741,0.11199667285109172,-0.005297394600347616,0.005009152599086519,0.07533433014389714,0.09043822412583451,1.3401275904208017e-34,0.07533433014389714,0.09409550713869382,0.08603169633533021,0.0851357173571787,0.10425784764388706,0.10553716117654462,0.10425784764388707,0.10611449428742004,0.11094124932660357,0.11936318064706689
10,5,0.6928079334734298,0.38473848113653963,0.5453035465170698,0.42616129591910534,64,1024,False,0.06906009591388725,0.05624938243671617,0.012810713477170279,0.07092776119008784,0.06574519189944686,0.072233595190541,0.06720867974432423,6.810636103426337e-35,0.05624938243671617,1.2643745671906712e-05,0.05637213875254391,0.05638478249821589,0.00022424039096553724,0.0005994168627867904,0.00031123395669736847,-0.00017214470454530653,0.06543395794274949,0.04099774808306203,0.10346944229801996,-0.020654525698210063,0.020497783396336424,0.0583614219140145,0.08701517209556187,-0.004908874339889735,0.004600168562319595,0.05624938243671617,0.06906009591388725,6.810636103426337e-35,0.05624938243671617,0.07092776119008784,0.06591020728956246,0.06697854451617438,0.06456244361911555,0.06296691873806533,0.06456244361911555,0.06119936766159533,0.07319457748533895,0.07003338691971904
10,6,0.8228771499130038,0.48173603824560507,0.6347591827369055,0.5857876027137556,64,1024,False,0.036321279172398094,0.029218859796360897,0.007102419376037302,0.036946588210313346,0.0311975847155658,0.03903163535895864,0.03371983844031008,1.3180016833496497e-33,0.029218859796360897,1.0104056593158991e-07,0.029505893024896607,0.029505994065462626,3.424408128986238e-06,0.0009067323418829398,-0.0002398583171418125,-5.490478991547778e-05,0.03143744303270762,0.012034344120085236,0.06602892659783205,-0.018990254393957857,0.0206070715302158,0.029034111212240532,0.04942608991404995,-0.0036785914344363846,0.005102195013023447,0.029218859796360897,0.036321279172398094,1.3180016833496497e-33,0.029218859796360897,0.036946588210313346,0.06591020728956246,0.06863541394648097,0.04597082989811352,0.04810440798740635,0.047400054255229813,0.05004260412258109,0.05090341451878523,0.05457028274128763
10,7,0.8673645850021671,0.5548376208414213,0.7018945337909315,0.65657036953616,64,1024,False,0.04672390698620887,0.039552772460672216,0.007171134525536619,0.05089197362927403,0.04120606620731186,0.05282358313909518,0.043145813997953655,2.466051112504695e-35,0.039552772460672216,1.815506307668535e-06,0.04078702129559409,0.040788836801901734,4.4509881870028937e-05,0.0012641098361985575,-0.00032864432792618556,-0.00029895917440765754,0.041534710535238044,0.02360522033373596,0.08204194594445441,-0.018674138421608578,0.020603451855720423,0.04104374473536154,0.06572818940185243,-0.0034474077401682734,0.005204802313528489,0.039552772460672216,0.04672390698620887,2.466051112504695e-35,0.039552772460672216,0.05089197362927403,0.06591020728956246,0.06741186469640091,0.04597082989811352,0.04636875522577128,0.047400054255229813,0.04805900096642673,0.05090341451878523,0.05090429458720917
10,8,0.9329985011353279,0.6815614272972645,0.803626491259787,0.8114362965219899,64,1024,False,0.02276378892162258,0.019005437077125494,0.0037583518444969967,0.024081467626223034,0.020108948948052686,0.02556163851030786,0.021687112411048048,2.1527809526922873e-35,0.019005437077125494,1.3319368001090408e-05,0.019541825163660525,0.01955514453166164,0.0006811183614380904,0.0006551369401688482,0.00016435643731196696,0.0003824212039067356,0.01994459251074072,0.001046941587886971,0.05007633543272875,-0.01826490444879812,0.020015230033765614,0.01794647085625911,0.03356218424596591,-0.0033113050085376017,0.004986231047951151,0.019005437077125494,0.02276378892162258,2.1527809526922873e-35,0.019005437077125494,0.024081467626223034,0.06011096003137867,0.06683626694606257,0.018318939874547094,0.016247169499807135,0.018318939874547094,0.016247169499807135,0.018318939874547094,0.01681757846962101
10,9,0.9617226802271953,0.8054480458772528,0.8897373456061641,0.8922752865351634,64,1024,False,0.011404147321105089,0.00859123869036578,0.0028129086307392475,0.01180392873729527,0.010536110989282078,0.013179361349654566,0.012252967453140194,9.08097368000186e-35,0.00859123869036578,7.241172907372037e-06,0.008762582999909063,0.008769824172816455,0.0008256919140770542,0.0006353007981048972,0.0002103455889985438,0.00018790670729343435,0.010325765400283534,-0.008082585342986174,0.03444130804229531,-0.01799555028631079,0.018882858837070807,0.007936983573017642,0.018219473320641555,-0.0035523823753464967,0.004351106115791481,0.00859123869036578,0.011404147321105089,9.08097368000186e-35,0.00859123869036578,0.01180392873729527,0.0525821366745401,0.06068304039831911,0.010739821157274426,0.009675713577253582,0.010739821157274426,0.009675713577253582,0.010739821157274426,0.009675713577253582
10,11,0.7155036826190795,0.6856231759786502,0.812367342291411,0.8194661814173502,64,1024,False,0.01973141108238622,0.01787082293456428,0.0018605881478220194,0.01550644572119248,0.016419640141411007,0.00782593495586233,0.0078079913137689685,1.0041049757278897e-37,0.01787082293456428,2.9001071352329673e-05,0.018375145222495826,0.01840414629384818,0.0015757900904115095,0.0011747516074604183,0.0016488250238419864,0.002586636861817106,0.01477081511756902,-0.016198459696912363,0.031850329608637026,-0.017290295385565067,0.021515748562898968,0.0005684939678758383,0.015242698624206241,-0.00216884369001491,0.006312754449027125,0.01787082293456428,0.01973141108238622,1.0041049757278897e-37,0.01787082293456428,0.01550644572119248,0.06591020728956246,0.06816148078750048,0.01623638213946288,0.016966318557733277,0.01623638213946288,0.016966318557733277,0.01623638213946288,0.016966318557733277
11,0,0.46764309829341716,0.1754766696975516,0.34707141353202975,0.13180612742865389,64,1024,False,0.049992097869860315,0.030141114819346088,0.019850983050514224,0.05183887806787378,0.050872887593383716,0.05197829196089673,0.0511627780356233,5.563482249433916e-34,0.030141114819346088,1.7122382479276874e-05,0.030621624627340444,0.030638747009819844,0.0005588473469162783,-0.01304262063714868,-0.012279773471960525,-0.012479689343557292,0.06315266106534424,0.022969225440922086,0.08098735848087138,-0.03697363349551554,0.010274960152652958,0.04008131750015309,0.0643290081716259,-0.020125170245592017,-0.006247956334846094,0.030141114819346088,0.049992097869860315,5.563482249433916e-34,0.030141114819346088,0.05183887806787378,0.11103244742426543,0.1193451324800964,0.11196764883751664,0.11787226646636771,0.11196764883751666,0.11787226646636771,0.11796271078285539,0.12045630654935001
11,1,0.48433033195141934,0.1970381451476993,0.3683891252114567,0.15112807981857707,64,1024,False,0.07950484790343003,0.05655023428693681,0.022954613616493567,0.08231021269022037,0.0751849453126032,0.08266120042986866,0.07569952059846541,5.870948030880319e-34,0.05655023428693681,6.88778316376897e-06,0.055424687704983655,0.05543157548814744,0.00012425739487129927,-0.0063966326093097175,-0.0034367419763328246,-0.0037573586012621665,0.07862168728893602,0.05045435377471923,0.11486804708501809,-0.028964614381872502,0.015510209699608441,0.06780510333919665,0.09814867036038777,-0.01246695459849434,-0.0008891037286957726,0.05655023428693681,0.07950484790343003,5.870948030880319e-34,0.05655023428693681,0.08231021269022037,0.11103244742426543,0.11451151222709575,0.11196764883751664,0.1166860541653502,0.11196764883751666,0.1166860541653502,0.11796271078285539,0.11983915805088881
11,2,0.4754839300318139,0.2052487008803888,0.37633588769028153,0.13663291239584957,64,1024,False,0.08925871957450046,0.06338938178850909,0.025869337785991656,0.09353406302310663,0.08850859471538737,0.09377850504627366,0.08882962681146608,3.734817295593393e-33,0.06338938178850907,2.5568104874655706e-05,0.061520011803638225,0.06154557990851276,0.00041543364954335605,-0.007750853813325318,-0.00515472225298196,-0.005601710570946111,0.09366331696836933,0.06017382669710236,0.12738318339544497,-0.03022263836905892,0.014180151515719693,0.07765841764921788,0.11074103261489654,-0.013821235857903957,-0.002309030372998677,0.06338938178850909,0.08925871957450046,3.734817295593393e-33,0.06338938178850907,0.09353406302310663,0.11103244742426543,0.11574980123463656,0.11196764883751664,0.11566301032790956,0.11196764883751666,0.11566301032790954,0.11796271078285539,0.12462266492580609
11,3,0.4982490273418903,0.22240755589267708,0.395446319096461,0.08716942122695191,64,1024,False,0.12078126878423548,0.10808270805592288,0.012698560728311522,0.12703432773904763,0.11831743199245984,0.1276246599265927,0.11849820787854486,5.675099783507519e-35,0.10808270805592288,1.625402510902634e-05,0.10584847784734858,0.10586473187245772,0.00015353578875171235,0.0024045499202116952,0.0002423805609104604,0.0015083584397506578,0.11807505143154938,0.08959529029565112,0.16565402955753428,-0.018037396426781798,0.025191950271206607,0.10757963404466864,0.1492445170006249,-0.0019926178210880607,0.008696085096744355,0.10808270805592288,0.12078126878423548,5.675099783507519e-35,0.10808270805592288,0.12703432773904763,0.11103244742426543,0.1095777310320125,0.11196764883751664,0.10885265008338704,0.11196764883751666,0.10885265008338701,0.13157775161100482,0.13612117548296204
11,4,0.5460407678014101,0.26893602208130024,0.43861602192308924,0.14235349738675587,64,1024,False,0.09714323676181826,0.08130635462404671,0.015836882137771673,0.09977759423028336,0.09825581129858978,0.09969831312418267,0.09899452631817707,1.3355254203245263e-35,0.08130635462404671,1.3614920254579381e-05,0.08166300430269496,0.08167661922294973,0.0001666929946918496,0.0013603541501780389,2.5838282653386383e-05,0.0007038329515488104,0.09822997301593639,0.06532572932125813,0.13407089692710722,-0.019396489188006773,0.023075450137613904,0.08264513130416162,0.11727961645374307,-0.0035235683753853664,0.006694003161101136,0.08130635462404671,0.09714323676181826,1.3355254203245263e-35,0.08130635462404671,0.09977759423028336,0.10987406864614942,0.11035485314214305,0.11196764883751664,0.11067867408325081,0.11196764883751666,0.11067867408325083,0.11796271078285539,0.11936318064706689
11,5,0.5777369780074643,0.3282232138159802,0.4945985015065739,0.37999593963325395,64,1024,False,0.08617345711764002,0.07274756193781816,0.013425895179822282,0.0857616040758784,0.08195104733681746,0.08526303784805195,0.08215059312065202,1.1016453027030016e-35,0.07274756193781816,1.0412644465757498e-05,0.0719722525711906,0.07198266521565659,0.00014465488926482115,0.001693963101861859,0.00113383826657988,0.0015249184787252945,0.08081720907023758,0.05196850108091838,0.11855757461518551,-0.018674109316501646,0.022763826187576282,0.06952272888156585,0.10217961933813058,-0.002937081706477329,0.006709346045681741,0.07274756193781816,0.08617345711764002,1.1016453027030016e-35,0.07274756193781816,0.0857616040758784,0.0997953127812974,0.10180012831064297,0.10425784764388706,0.10816465756704514,0.10425784764388707,0.10816465756704514,0.07441726981428222,0.07003338691971904
11,6,0.6092183254174012,0.38838603870727484,0.549824226249197,0.48355709558263865,64,1024,False,0.05219582570898247,0.043879228365445215,0.00831659734353693,0.05262504322621394,0.050328685872277776,0.05349672642833836,0.05166244637520688,3.7730253703764368e-34,0.043879228365445215,1.4498291191932194e-06,0.04614692406032066,0.04614837388943992,3.141668919183699e-05,0.0035206097049047306,0.000908185956268369,0.002621579903023517,0.04942049991600941,0.02387406670566722,0.0831193861510095,-0.015845969548592777,0.02515221118655183,0.041086165758315474,0.06652429883979494,-0.00020854964532190934,0.009209643765643705,0.043879228365445215,0.05219582570898247,3.7730253703764368e-34,0.043879228365445215,0.05262504322621394,0.08603169633533021,0.08974354668078759,0.06415936691054584,0.06662746233084012,0.06316619555948717,0.06507100248127717,0.059948335825162145,0.06076203500282305
11,7,0.6173010444149943,0.42866851486483304,0.5908258061752469,0.507639220873437,64,1024,False,0.06638557290216558,0.057367922777465274,0.00901765012470047,0.07058673106398358,0.06338538789288796,0.07032325781386545,0.06289408098770251,4.504481365698395e-34,0.05736792277746528,2.2222324870230115e-09,0.060555008943955886,0.06055501116618853,3.669774712656343e-08,0.00322029041703871,0.001653373253013139,0.00325873521049405,0.06173201463987482,0.03833296847978178,0.10231354714794912,-0.015853289872361277,0.02494988843097443,0.05599213439563755,0.08603972264245385,-0.00023255731503013521,0.009102307594730519,0.057367922777465274,0.06638557290216558,4.504481365698395e-34,0.05736792277746528,0.07058673106398358,0.08603169633533021,0.07714597815480777,0.05715306596921619,0.05387988886009641,0.05561832509511947,0.05347998138528175,0.059948335825162145,0.05876629190973754
11,8,0.6390968810061033,0.5031651418576999,0.6611627729728061,0.633561363818369,64,1024,False,0.04634056706983403,0.040529217295724035,0.00581134977411027,0.04840441444984274,0.04711548026261414,0.04629305265666247,0.04591685275367028,1.4380064263326666e-35,0.040529217295724035,4.852304150004522e-07,0.042063066899984236,0.04206355213039927,1.153564999684791e-05,0.002855704363895754,0.0023923457174538938,0.0038019746826916407,0.04472313454516025,0.017881361587003496,0.07470474372632144,-0.015879527938964886,0.024457914680230373,0.034996582158782985,0.058085471333470196,-0.0003916069108527154,0.008714518109627534,0.040529217295724035,0.04634056706983403,1.4380064263326666e-35,0.040529217295724035,0.04840441444984274,0.07798429490907681,0.07647038256895437,0.04597082989811352,0.045790045215534,0.047400054255229813,0.047196671487327854,0.05090341451878523,0.05067097706975442
11,9,0.6786986548601971,0.5749909397398781,0.7266339591474907,0.7045564290525329,64,1024,False,0.0343618331486413,0.029409325733599227,0.004952507415042192,0.035813435320179866,0.03602092097120539,0.03542307896838103,0.03594642205582591,1.4301233543290467e-37,0.029409325733599227,1.059040593226653e-07,0.029955522288471873,0.029955628192531156,3.5353643275980564e-06,0.003997989963506973,0.002950235433755524,0.0038637812624309625,0.033070685537449865,0.009309934573585303,0.06153622336317676,-0.015035322586916085,0.02474373737996587,0.026082541859068442,0.04465770775277633,0.0003307123770355247,0.009195395097776782,0.029409325733599227,0.0343618331486413,1.4301233543290467e-37,0.029409325733599227,0.035813435320179866,0.06591020728956246,0.07022611669678255,0.04597082989811352,0.04769153252144269,0.034537035041183176,0.03326063476218649,0.034537035041183176,0.03326063476218649
11,10,0.7155036826190795,0.6856231759786502,0.812367342291411,0.8194661814173502,64,1024,False,0.015257986077635887,0.013509570369247185,0.001748415708388578,0.016966318557733277,0.01709742289331212,0.016863299987994622,0.017086917231765614,4.970131851683477e-35,0.013509570369247185,1.178254844312746e-06,0.01368986306610595,0.013691041320950215,8.606027961582182e-05,0.0033335786935579713,0.0036563296992762726,0.0045946179717820486,0.013441093194035848,-0.006154327219734173,0.03988092719572342,-0.014946049368299262,0.023690292227594778,0.010415847886179108,0.023176341252110433,0.00013181562098907307,0.008555921267543454,0.013509570369247185,0.015257986077635887,4.970131851683477e-35,0.013509570369247185,0.016966318557733277,0.06591020728956246,0.06879896235726977,0.01623638213946288,0.015814225952818776,0.01623638213946288,0.015814225952818776,0.01623638213946288,0.015814225952818776
