source,target,cka,cca_shared,procrustes_shared,probe_cosine,metric_rank,metric_examples,full_dim_cca_saturation_possible,train_raw,train_geometry,residual_correction,cal_raw,test_raw,cal_clipped,test_clipped,train_mean_term,train_variance_term,test_mean_term,test_variance_term,test_geometry,mean_fraction,aligned_cal_raw,aligned_test_raw,aligned_test_clipped,alignment_raw_reduction,bernstein_lo,bernstein_hi,bernstein_aligned_lo,bernstein_aligned_hi,betting_lo,betting_hi,betting_aligned_lo,betting_aligned_hi,prediction__training_geometry,prediction__direct_training,prediction__mean_only,prediction__variance_only,prediction__direct_calibration,prediction__cka_common,prediction__cka_held_target,prediction__cca_shared_common,prediction__cca_shared_held_target,prediction__procrustes_shared_common,prediction__procrustes_shared_held_target,prediction__probe_cosine_common,prediction__probe_cosine_held_target
0,1,0.9696505491251831,0.4094541426810736,0.575660611589052,0.563680239751269,32,1024,False,0.0938349800437469,0.0937166935732162,0.00011828647053037714,0.09574819808417057,0.09443285798879204,0.07732187012395252,0.0746665442265205,1.4741923763204075e-35,0.0937166935732162,5.843323978392601e-05,0.09652955966812268,0.09658799290790633,0.0006049741590514289,0.010920615390626847,0.008325946450343772,0.00859322607511368,0.08610691153844827,0.038277208168932486,0.11636653207897255,-0.012508643020642354,0.03462959683963592,0.05640076725103427,0.10005504258151632,0.004396601376356557,0.01806684088660404,0.0937166935732162,0.0938349800437469,1.4741923763204075e-35,0.0937166935732162,0.09574819808417057,0.1555143921540561,0.12214247937951464,0.22567675676867727,0.2880582664474573,0.22567675676867727,0.2880582664474573,0.2820754538374498,0.3076147346693049
0,2,0.960783217014766,0.32044551744798844,0.4833469108124241,0.3015778793032135,32,1024,False,0.31555047412891424,0.3153521523805649,0.00019832174835054278,0.3148753846910455,0.33748393086014716,0.1929702359852827,0.2039564406336525,1.1267094962341196e-32,0.3153521523805649,0.0004991786313242419,0.3262999095531009,0.3267990881844249,0.0015274786539261603,0.016290410400756163,0.01642502701198464,0.016568472781807432,0.32105890384816255,0.14058042669527065,0.24536004527529476,-0.008545192277337191,0.04185871915923599,0.15845996749703772,0.22776155384781305,0.008226196623581927,0.025090937699133065,0.3153521523805649,0.31555047412891424,1.1267094962341196e-32,0.3153521523805649,0.3148753846910455,0.28422591497596655,0.29077898897012,0.5233668678869294,0.5788731603172524,0.5033147002824052,0.5788731603172524,0.6507427604132613,0.7886625670658657
0,3,0.9352850885978073,0.2561248294854159,0.42190059645976397,0.15716413098621188,32,1024,False,0.677137033702597,0.67703751391383,9.951978876322002e-05,0.6631098499698252,0.6888179283557561,0.2727997818240297,0.27893966887099597,1.363253675710518e-34,0.67703751391383,5.411409290560591e-07,0.6713214795894301,0.6713220207303593,8.060824944597069e-07,0.022658716183836112,0.023320134011189514,0.023828027267442764,0.6654977943445666,0.21494612489265383,0.33065343875540554,-0.002873351204180842,0.04945773352219878,0.23307987934094854,0.312904043639719,0.013830088668328244,0.03254627405112842,0.67703751391383,0.677137033702597,1.363253675710518e-34,0.67703751391383,0.6631098499698252,0.28422591497596655,0.25964579808089816,0.6703091314555084,0.6930974050316722,0.6703091314555083,0.6930974050316724,0.7183014983484497,0.8219522150815476
0,4,0.8822694601568305,0.23310267786145283,0.395201534976268,0.2718310644910655,32,1024,False,0.7662132830339797,0.7661838876131633,2.9395420816687495e-05,0.770018936001134,0.7373515929184048,0.2401671410421601,0.25019960857558904,9.902835266424617e-33,0.7661838876131633,5.341947994371205e-07,0.7291334869562459,0.7291340211510483,7.326428118027099e-07,0.01804647930277612,0.017263422553979613,0.01792751104294197,0.7200881703644252,0.18342698474234548,0.29690729734197474,-0.006544739880011655,0.043954373747782924,0.2011605112493271,0.2788065198183176,0.009836097982770298,0.02683170219825115,0.7661838876131633,0.7662132830339797,9.902835266424617e-33,0.7661838876131633,0.770018936001134,0.28422591497596655,0.2718967747398959,0.6703091314555084,0.6684278143886099,0.6703091314555083,0.6684278143886099,0.710440157717376,0.7004196979304893
0,5,0.849672149190597,0.2216681994001172,0.38561786056336556,0.2319877149080607,32,1024,False,0.9215407670490572,0.921483893492751,5.6873556308672525e-05,0.9441476780579192,0.8694917640692482,0.23112983027396505,0.24082386000304948,9.888109862860493e-33,0.921483893492751,5.1755219595004105e-06,0.8758720297636398,0.8758772052855999,5.908958388536682e-06,0.024013540686662747,0.024943618600270136,0.026673119918385703,0.844548145468978,0.17532647538325036,0.28693318516467975,-0.0010298709056569058,0.051881737882006396,0.19304891018691706,0.2688791593827773,0.015272574702976272,0.03460611441551009,0.921483893492751,0.9215407670490572,9.888109862860493e-33,0.921483893492751,0.9441476780579192,0.28422591497596655,0.2697022037872999,0.6703091314555084,0.6717868795034948,0.6703091314555083,0.6717868795034949,0.710440157717376,0.6948596563613398
0,6,0.6955207502681736,0.2058940194199875,0.37208351430803177,0.18021871846665155,32,1024,False,1.8130660649517825,1.8130320854647957,3.397948697606317e-05,1.880474963595072,1.7652249268924265,0.25597908639233624,0.2526012639883661,1.6419408744765355e-32,1.8130320854647959,0.0010381370075943214,1.7543304759274787,1.7553686129350696,0.0005914068418134133,0.040875386064244255,0.039998091576268574,0.043210678188161274,1.725226835316158,0.19934913903626994,0.31260903374840254,0.01590305753872556,0.07030859929692032,0.2172470981386141,0.2946851474480354,0.032174061590922065,0.053006261645350605,1.8130320854647957,1.8130660649517825,1.6419408744765355e-32,1.8130320854647959,1.880474963595072,0.3852643737531603,0.2772452496028997,0.6703091314555084,0.6327197236941219,0.6703091314555083,0.6327197236941219,0.7183014983484497,0.6723384744634073
0,7,0.5897547559914625,0.1967424997761636,0.3562309126122949,0.24767715051178674,32,1024,False,1.2695291840642051,1.2694986115217246,3.0572542473628014e-05,1.319044135994531,1.2333084895361,0.23908392517948907,0.23985690208465144,1.5228990590170742e-33,1.2694986115217246,0.00075647494178114,1.2295540861758467,1.2303105611176282,0.0006148650313900821,0.039466301796234914,0.039235794943813775,0.04267559509994237,1.1940726945922862,0.18354481776452825,0.2946230325944499,0.015146396294270836,0.06991218066201786,0.20151072114822455,0.27685468219715403,0.031497813753958326,0.05266431736527011,1.2694986115217246,1.2695291840642051,1.5228990590170742e-33,1.2694986115217246,1.319044135994531,0.4152167863997426,0.30723269811377424,0.6703091314555084,0.6190679007675202,0.6703091314555083,0.6217744253418709,0.710440157717376,0.6457180941714223
0,8,0.5299868148390832,0.18818124096584204,0.347472390202692,0.2390101785305469,32,1024,False,1.1235870729729391,1.1235608773786356,2.6195594303684768e-05,1.1598485429522762,1.1197603460468855,0.24198622990046287,0.23655822196415013,5.84007012771887e-33,1.1235608773786356,0.00022582742405149778,1.1132299568396669,1.113455784263717,0.00020281669666912574,0.0560229545175826,0.05295431163174082,0.05776427320713121,1.0668060344151447,0.18735091676169066,0.2966215430392351,0.03298243694169366,0.08757448393789717,0.2053700133037637,0.27897309429681627,0.04934103351843078,0.07035314744280186,1.1235608773786356,1.1235870729729391,5.84007012771887e-33,1.1235608773786356,1.1598485429522762,0.6187322993457541,0.4202281659984873,0.6703091314555084,0.617412664049998,0.6703091314555083,0.617412664049998,0.710440157717376,0.6766320729293323
0,9,0.48508370887118124,0.1832250046186361,0.3423380351148176,0.25397330414921704,32,1024,False,1.0131134026878605,1.0130903981224681,2.3004565394536787e-05,1.070933010562371,1.0398388438071966,0.24835343825621528,0.2425535964638413,9.646722534513411e-33,1.0130903981224681,2.4844327326630096e-06,1.039027343736156,1.0390298281688892,2.391108190841252e-06,0.059711260989396144,0.05627207771334504,0.0601713366953276,0.9835667660938515,0.19367169163333792,0.30303518487909265,0.03551878485789203,0.09048736376283903,0.21177425944188144,0.28546069162985077,0.05197683068399783,0.07332326436880976,1.0130903981224681,1.0131134026878605,9.646722534513411e-33,1.0130903981224681,1.070933010562371,0.6187322993457541,0.5241220784869922,0.6703091314555084,0.6255835919155956,0.6703091314555083,0.6255835919155959,0.710440157717376,0.615627553722444
0,10,0.5235370964767811,0.1788241220114784,0.3408408337752501,0.2333178209551905,32,1024,False,0.7521043864540441,0.7520891713603187,1.521509372439015e-05,0.7970964610334373,0.7841025068197176,0.21630992869127771,0.2120324336708447,8.700643088909542e-33,0.7520891713603187,4.734714788778259e-06,0.7779596278667428,0.7779643625815325,6.086030435979065e-06,0.06155906982119427,0.05967136906844367,0.06395496268212758,0.724431137751274,0.16383824922079632,0.2687816081617591,0.03786190971732872,0.09277944073355385,0.18198893099179259,0.25143820475932444,0.05427477356715826,0.07560371630825102,0.7520891713603187,0.7521043864540441,8.700643088909542e-33,0.7520891713603187,0.7970964610334373,0.6187322993457541,0.5928552552622093,0.6703091314555084,0.6532803443621055,0.6703091314555083,0.6532803443621055,0.710440157717376,0.7045360792307813
0,11,0.4820134636922538,0.16796280248046913,0.33192457106652234,0.13270903675682658,32,1024,False,0.5257310661464681,0.525711544493709,1.9521652761869587e-05,0.5271924137403851,0.5532033251412404,0.17732802855962743,0.17473622173910364,7.959436110279152e-33,0.525711544493709,0.00018128327965407485,0.5454054809705104,0.545586764250164,0.00033227213622607664,0.06193927634397839,0.05971239020088489,0.06523591741191484,0.4934909349403555,0.1281230226329072,0.22653303448634765,0.03935276096920819,0.09362700252953832,0.1464253520607599,0.20960282824671594,0.055781156246666797,0.0764958258587285,0.525711544493709,0.5257310661464681,7.959436110279152e-33,0.525711544493709,0.5271924137403851,0.6187322993457541,0.6233924905954022,0.6703091314555084,0.6750556410241366,0.6703091314555083,0.6752958849255611,0.7183014983484497,0.7536065444910106
1,0,0.9696505491251831,0.4094541426810736,0.575660611589052,0.563680239751269,32,1024,False,0.37731606903154813,0.3771214002889203,0.00019466874263025934,0.35560531545318397,0.3675973830746029,0.1808360833014986,0.2001333877090152,2.07359309976278e-31,0.3771214002889202,0.0002770349629737435,0.3622442852893957,0.36252132025236816,0.0007641894352058699,0.00393335049606014,0.008122524151944185,0.008489517248909775,0.3594748589226587,0.12775844879920997,0.23391371780378725,-0.018611100873530115,0.026991435399314756,0.14539056608191459,0.215958663749916,-0.002273371268529445,0.010166874068090692,0.3771214002889203,0.37731606903154813,2.07359309976278e-31,0.3771214002889202,0.35560531545318397,0.1555143921540561,0.13732430821777175,0.22567675676867727,0.16751754852356993,0.22567675676867727,0.17261788320033897,0.2820754538374498,0.2770397236976177
1,2,0.9841036361287215,0.5779984611976325,0.7260585038572869,0.7069287254375366,32,1024,False,0.4064816277763491,0.40640139428498373,8.023349136454457e-05,0.41866436233195586,0.3950876331216459,0.19385608635258067,0.18425911525738922,5.987021227419406e-32,0.4064013942849838,9.064297739518935e-05,0.3977520814182004,0.39784272439559465,0.00022783620721704732,0.008406057886938436,0.010454350428059448,0.010593264843264436,0.3846332826935865,0.14152618539966694,0.2461859873054944,-0.014967735028080622,0.0324864942548586,0.15992605814972194,0.22906029635487357,0.0016908912293729372,0.015727598074590787,0.40640139428498373,0.4064816277763491,5.987021227419406e-32,0.4064013942849838,0.41866436233195586,0.1555143921540561,0.14037517683104778,0.1355974314632426,0.1167263027386617,0.1355974314632426,0.11672630273866172,0.2817411054238253,0.26122537911048355
1,3,0.9594588444571931,0.3295178598036675,0.49852803036130033,0.4080473584858805,32,1024,False,1.0853890587975836,1.0853313589626004,5.769983498070635e-05,1.1174658083141955,1.0459468223038055,0.23169881910769682,0.22536505904633392,8.799667807129992e-32,1.0853313589626004,0.0005077316582669198,1.070611234803862,1.0711189664621288,0.0004740198560239681,0.017448428267470364,0.017734854607307136,0.018234907959922435,1.0282119676964985,0.17554921831584508,0.28784841989954857,-0.007440124696271772,0.043597347102302064,0.19410771862021647,0.27060051229636883,0.009121393530222122,0.026616896939231083,1.0853313589626004,1.0853890587975836,8.799667807129992e-32,1.0853313589626004,1.1174658083141955,0.28422591497596655,0.25964579808089816,0.5233668678869294,0.45760188248380834,0.5033147002824052,0.4350756882788731,0.6507427604132613,0.6007731420193492
1,4,0.9006063830494789,0.27578964704575604,0.44087102275371814,0.5751203989914628,32,1024,False,0.510603639136026,0.5106081286534883,-4.4895174625822115e-06,0.5022156328040323,0.47829774081682375,0.14761570669849083,0.14562280931247149,3.7425364014112746e-32,0.510608128653488,6.264576924720452e-05,0.49496445947740947,0.4950271052466565,0.00012655017994618717,0.0164542607459545,0.01520672091504268,0.015869165969620114,0.4630910199017811,0.09843023572320664,0.19680117767377503,-0.008245642287764955,0.042468425686434136,0.11671744877821766,0.17984617844922468,0.008072934986557811,0.02527187654050067,0.5106081286534883,0.510603639136026,3.7425364014112746e-32,0.510608128653488,0.5022156328040323,0.28422591497596655,0.2718967747398959,0.5233668678869294,0.5829782724277841,0.5734972868982395,0.5972578382629753,0.2820754538374498,0.27985712856860795
1,5,0.8620501756402498,0.24992648213939306,0.41423339018988026,0.5108811555678748,32,1024,False,0.3292267210358006,0.3292097467859177,1.6974249883288422e-05,0.3196276863578055,0.3130178190236324,0.10817578528562274,0.10700986162149778,8.718775269952295e-33,0.3292097467859177,1.7143066891205884e-05,0.31718149530890255,0.31719863837579354,5.40452095853452e-05,0.021594565416118015,0.02174799974795185,0.023473802201958403,0.2912698192756806,0.06316470219600195,0.15318686837524353,-0.003364953685187605,0.04937212827928407,0.08073936274013249,0.13585781741858227,0.012905491588753648,0.03208853986870963,0.3292097467859177,0.3292267210358006,8.718775269952295e-33,0.3292097467859177,0.3196276863578055,0.28422591497596655,0.2697022037872999,0.6703091314555084,0.6717868795034948,0.6703091314555083,0.6717868795034949,0.32294792163564834,0.32342224096105443
1,6,0.7170435247369399,0.2252710300940526,0.3893290306745366,0.4599101704511675,32,1024,False,1.0432647911239379,1.0432601062522666,4.684871670977221e-06,1.093131905732481,1.038314919566343,0.18072814003655147,0.1692871325384517,1.8446334455436263e-32,1.0432601062522668,0.00027015124256191017,1.0446695192222641,1.0449396704648262,0.00025853286098491917,0.03583660258823902,0.03391655768330575,0.03712912402181886,1.0043983618830372,0.12973878704827468,0.23171749302482825,0.01147834106736173,0.06465574093918874,0.1476740633152076,0.2142780057838536,0.027751661655202042,0.04739017950487323,1.0432601062522666,1.0432647911239379,1.8446334455436263e-32,1.0432601062522668,1.093131905732481,0.3852643737531603,0.2772452496028997,0.6703091314555084,0.6327197236941219,0.6703091314555083,0.6327197236941219,0.4187793436222423,0.293425702610911
1,7,0.6210699793533784,0.2157596133147918,0.3783778778003924,0.4216229407536535,32,1024,False,1.4084982498308196,1.4084859097089766,1.2340121843065597e-05,1.5022952865579808,1.355271379144769,0.21110160054960794,0.1998120578094571,2.5620723943350043e-33,1.4084859097089766,0.0004679936527038015,1.3744698781235702,1.3749378717762708,0.00034037439968047747,0.03467366084355026,0.03330710952034006,0.03674690967646855,1.321964269624429,0.15747708934420795,0.26472611175500793,0.010952768654159287,0.06451793596420537,0.17549338734534103,0.2471546185843181,0.02733173237356823,0.04731022997293621,1.4084859097089766,1.4084982498308196,2.5620723943350043e-33,1.4084859097089766,1.5022952865579808,0.4152167863997426,0.30723269811377424,0.6703091314555084,0.6190679007675202,0.6703091314555083,0.6217744253418709,0.6427542266320154,0.38801269207452294
1,8,0.556534847740973,0.20897098585603233,0.3722113406811052,0.4354530389355216,32,1024,False,1.086771263327598,1.0867650259150607,6.237412540541706e-06,1.1395015361592697,1.0360192302669788,0.21326604579124778,0.20322809383866916,6.553511616317678e-37,1.0867650259150607,0.0004090998442359106,1.050398375571963,1.0508074754161982,0.0003893195031505429,0.049719739664520965,0.04633066010712233,0.05114062168251267,0.9896885701598566,0.16057375759303757,0.26595833398945795,0.027291922630324816,0.08065854215203436,0.17847768700448796,0.24833607189793838,0.04360695003560977,0.06343296256818576,1.0867650259150607,1.086771263327598,6.553511616317678e-37,1.0867650259150607,1.1395015361592697,0.5791600673129336,0.4202281659984873,0.6703091314555084,0.617412664049998,0.6703091314555083,0.617412664049998,0.4187793436222423,0.3158190304026669
1,9,0.5113934512930712,0.20217570379946193,0.36587642676434373,0.37075864360526734,32,1024,False,1.059859785841221,1.0598471790248272,1.2606816393701366e-05,1.1193843884177026,1.036998142916318,0.22911261389776272,0.21924702067285792,3.2411742310370625e-33,1.0598471790248272,0.0001472456563393495,1.0451935361334688,1.0453407817898084,0.0001408589991937738,0.054320566940188615,0.0507114560090203,0.05461071499100294,0.9862866869072977,0.17570997488148388,0.28251525291404156,0.03054065015344028,0.08468411036887588,0.1937914014197304,0.2650255316766561,0.04694104305963265,0.06749029614729807,1.0598471790248272,1.059859785841221,3.2411742310370625e-33,1.0598471790248272,1.1193843884177026,0.6187322993457541,0.5241220784869922,0.6703091314555084,0.6255835919155956,0.6703091314555083,0.6255835919155959,0.6507427604132613,0.615627553722444
1,10,0.5465140537380497,0.1962564293129275,0.35805285562646927,0.4204799665623622,32,1024,False,0.8194342305481173,0.819433304120119,9.26427999499922e-07,0.8421765867543526,0.7951949456571362,0.21162582081749118,0.20146402211570572,2.031993527829287e-34,0.819433304120119,0.0002666474786933971,0.8017781620800103,0.8020448095587063,0.0003324595777137557,0.056322405231163546,0.05430863538209584,0.05859222899577981,0.7408863102750404,0.15917905085964662,0.26407259077533574,0.033052432763493234,0.08711558458628434,0.1773072251380654,0.24669567223463673,0.04943168251338648,0.06992809865914751,0.819433304120119,0.8194342305481173,2.031993527829287e-34,0.819433304120119,0.8421765867543526,0.5791600673129336,0.5082105451458309,0.6703091314555084,0.6532803443621055,0.6703091314555083,0.6532803443621055,0.6427542266320154,0.5762801065912363
1,11,0.49049034655053536,0.19289359013712642,0.35606527182162406,0.39464342000202957,32,1024,False,0.8521954085068829,0.8521940065189694,1.401987909850011e-06,0.8823847106849595,0.8552970409320019,0.20052340253690368,0.1885131340961447,6.827443993640105e-33,0.8521940065189694,0.0006604636683107496,0.8567353727238435,0.8573958363921558,0.0007703135941153167,0.05379705650870992,0.05188933958256573,0.057408632527414974,0.8034077013494362,0.14975851713803834,0.251288287935769,0.03191437961353596,0.08478094421467333,0.16793780282023363,0.23409533730591647,0.04830607881740434,0.0676592840536614,0.8521940065189694,0.8521954085068829,6.827443993640105e-33,0.8521940065189694,0.8823847106849595,0.6187322993457541,0.6233924905954022,0.6703091314555084,0.6750556410241366,0.6703091314555083,0.6752958849255611,0.6507427604132613,0.6268932639781531
2,0,0.960783217014766,0.32044551744798844,0.4833469108124241,0.3015778793032135,32,1024,False,0.8368214886143568,0.836524208457772,0.0002972801565873116,0.8034662191121141,0.8232720959825179,0.24605290649553813,0.269380195505285,1.4927963117631153e-32,0.836524208457772,0.00028814012632955477,0.8154032502145063,0.8156913903408359,0.0003532464970718346,0.010855672676413993,0.014649371120506405,0.015017835823485972,0.8086227248620115,0.1872957306975621,0.30481008229351414,-0.01419071882988103,0.0364300658780454,0.20489588618511334,0.286389762921317,0.0023251316670211963,0.019426291524723638,0.836524208457772,0.8368214886143568,1.4927963117631153e-32,0.836524208457772,0.8034662191121141,0.28422591497596655,0.24934922768368156,0.5233668678869294,0.5018207639465306,0.5033147002824052,0.4699645315235488,0.6507427604132613,0.641948589278793
2,1,0.9841036361287215,0.5779984611976325,0.7260585038572869,0.7069287254375366,32,1024,False,0.5690265914383591,0.5689306187237156,9.597271464533199e-05,0.5489997139693562,0.5712301310007194,0.21861165121269927,0.23151257129474612,1.105764001469524e-31,0.5689306187237158,0.00022303194046188735,0.5539698631390266,0.5541928950794873,0.00040244460447277675,0.011034313225355735,0.00844360558278071,0.008678073537569279,0.5627865254179387,0.1625370625053959,0.27468623992000263,-0.012880519309160962,0.03519298845200831,0.18018276901420904,0.2565135826152982,0.0038935184929869138,0.01847841669950867,0.5689306187237156,0.5690265914383591,1.105764001469524e-31,0.5689306187237158,0.5489997139693562,0.1555143921540561,0.12214247937951464,0.1355974314632426,0.1069597532816844,0.1355974314632426,0.10695975328168442,0.2817411054238253,0.21778026189801677
2,3,0.9806482205171312,0.4440955937223721,0.6165270898820524,0.531013944748406,32,1024,False,0.2520804945280874,0.2520411970474402,3.9297480646065334e-05,0.2555761791035168,0.23547491085443847,0.10326929406658888,0.09954234765886495,4.4367263156852094e-33,0.2520411970474402,8.978114018230537e-05,0.2517145497984683,0.2518043309386503,0.0003565512151742127,0.013070067409867086,0.013211150331626866,0.013679344356649113,0.2222637605228116,0.05915841389117837,0.1473801742419994,-0.010927812613831451,0.038227762428582834,0.07735521567519754,0.13073799178528134,0.005777451369795017,0.0214532856043661,0.2520411970474402,0.2520804945280874,4.4367263156852094e-33,0.2520411970474402,0.2555761791035168,0.1555143921540561,0.1464178660677415,0.17648871732849483,0.1651905085034917,0.14966637715487824,0.133797819748128,0.2820754538374498,0.2987910449404185
2,4,0.9171318355347108,0.34257176573196735,0.5135022893675049,0.6096854075222394,32,1024,False,0.2877081222732095,0.2877142668339263,-6.1445607169678976e-06,0.28476264832191767,0.282948859937108,0.10967033210055822,0.11360133481037267,4.426317721671336e-31,0.28771426683392637,5.335477994883083e-05,0.28319824736694843,0.283251602146897,0.00018836532448335643,0.015286365399956967,0.014037196114581157,0.014686823524558053,0.26891166382252685,0.06417674659356963,0.15516391760754683,-0.009383279601647771,0.04113839531489939,0.08171488781954395,0.13767377455951646,0.0070307497517205775,0.024076004439848475,0.2877142668339263,0.2877081222732095,4.426317721671336e-31,0.28771426683392637,0.28476264832191767,0.28422591497596655,0.2718967747398959,0.2825079823735723,0.3537315434067483,0.2825079823735723,0.3537315434067483,0.2817411054238253,0.27985712856860795
2,5,0.8725004513310812,0.29532592260677665,0.4623360984822405,0.5327319002681319,32,1024,False,0.6467173728462825,0.6467009595854399,1.6413260842893096e-05,0.6170577861666258,0.6374775717112535,0.1812280626390708,0.18663534875816504,2.3317973755441758e-31,0.6467009595854398,0.00020279590251650676,0.6445182554606053,0.6447210513631202,0.00031454828733719744,0.020640341961315443,0.020936559742114044,0.02265134909595964,0.6165410119691395,0.12910709148661054,0.23334903379153105,-0.004162952420060498,0.048257905325060996,0.14685702986753313,0.21558627328340663,0.012198181706480682,0.03107578954222845,0.6467009595854399,0.6467173728462825,2.3317973755441758e-31,0.6467009595854398,0.6170577861666258,0.28422591497596655,0.2697022037872999,0.5233668678869294,0.5161598741731066,0.5033147002824052,0.49067657962860306,0.2820754538374498,0.2596095589833883
2,6,0.7126854290186418,0.2506617706906329,0.4138266636645801,0.35024118646325075,32,1024,False,0.9297479199976515,0.929729799194593,1.812080305587881e-05,0.9543803208696853,0.9262281241227809,0.18669000417386988,0.17134735709005236,3.3199707335039253e-31,0.929729799194593,0.00030852430760622745,0.9372038969265694,0.9375124212341764,0.0003290882345858144,0.037624664191925415,0.03632429433340976,0.039535707534332394,0.8899038297893711,0.13539489557414233,0.23798511277359743,0.012688429060546513,0.06702178403046169,0.15334612847073004,0.22054240332363406,0.02909398487827275,0.04981654126459034,0.929729799194593,0.9297479199976515,3.3199707335039253e-31,0.929729799194593,0.9543803208696853,0.3852643737531603,0.2772452496028997,0.6703091314555084,0.6327197236941219,0.6703091314555083,0.6327197236941219,0.6507427604132613,0.6343740045033287
2,7,0.6054994568201186,0.23818848942524246,0.3990566605438981,0.2996937114604639,32,1024,False,1.297016442215951,1.2969884566701313,2.7985545818966885e-05,1.3557414211786176,1.2691641777439058,0.2172820471301939,0.20359469272872338,1.3247447236453702e-31,1.2969884566701313,0.00011475452607850847,1.298021386125434,1.2981361406515128,8.839945402098973e-05,0.03704795956208322,0.03650775589960162,0.039947189100326415,1.2326564218443041,0.16327002805707252,0.27129406620331525,0.012549315066119206,0.06767171726599283,0.18143876779504353,0.2538682548183715,0.029051481636997778,0.05050091462908313,1.2969884566701313,1.297016442215951,1.3247447236453702e-31,1.2969884566701313,1.3557414211786176,0.4152167863997426,0.30723269811377424,0.6703091314555084,0.6190679007675202,0.6703091314555083,0.6217744253418709,0.710440157717376,0.6258816097586055
2,8,0.5385030986691794,0.22840402624762593,0.38942977892187824,0.32678585091694945,32,1024,False,1.6549857382738091,1.6549660055650999,1.9732708706541383e-05,1.6815906573058674,1.6238370592776767,0.2508313238962337,0.2339187623923033,1.7901868273808467e-31,1.6549660055651,2.5226640520085954e-05,1.6506214455499943,1.65064667219051,1.5282883336025294e-05,0.05266552794640801,0.04874679405471709,0.05355675563010739,1.5750902652229597,0.19549937843685497,0.3061632693556124,0.02959175591985218,0.08425031181738914,0.21378985711635323,0.28875148077349877,0.04604831136384746,0.06709283739473904,1.6549660055650999,1.6549857382738091,1.7901868273808467e-31,1.6549660055651,1.6815906573058674,0.6187322993457541,0.4202281659984873,0.6703091314555084,0.617412664049998,0.6703091314555083,0.617412664049998,0.6507427604132613,0.600133139840995
2,9,0.4921760856902033,0.21875950409994618,0.37748090877624946,0.29485926321504496,32,1024,False,1.5154516959197575,1.5154298116704294,2.1884249333666275e-05,1.527859789905688,1.4705193704706698,0.24868617332666443,0.2298037532933831,1.478315889911791e-31,1.5154298116704292,1.796113395701092e-05,1.4919987037800861,1.492016664914044,1.203815907649106e-05,0.0578210914910575,0.05324334241012116,0.057142601392103594,1.4172760280605488,0.19402530682562386,0.303347039827705,0.03347622275530432,0.08874958686874955,0.21232175555633148,0.2859983063171967,0.04999420780950459,0.07160161114006769,1.5154298116704294,1.5154516959197575,1.478315889911791e-31,1.5154298116704292,1.527859789905688,0.6187322993457541,0.5241220784869922,0.6703091314555084,0.6255835919155956,0.6703091314555083,0.6255835919155959,0.710440157717376,0.615627553722444
2,10,0.5242130625324564,0.2110930587847346,0.3722404973163566,0.3206331014372757,32,1024,False,1.0256729215523621,1.0256625934916332,1.0328060729207609e-05,1.0096631074960576,0.9909151429285616,0.2172433097789457,0.19851486371374888,2.16154693325415e-31,1.0256625934916335,5.535699555310572e-05,1.0046944535125961,1.0047498105081485,5.509530330252974e-05,0.0599947833551322,0.057477742437272376,0.061761336050956316,0.9334374004912893,0.1646270822840878,0.26985953727380363,0.03611196154116765,0.09140081597759082,0.18298660828440916,0.2527351995158824,0.05265892901661573,0.074298380590335,1.0256625934916332,1.0256729215523621,2.16154693325415e-31,1.0256625934916335,1.0096631074960576,0.6187322993457541,0.5928552552622093,0.6703091314555084,0.6532803443621055,0.6703091314555083,0.6532803443621055,0.6507427604132613,0.6296297988201557
2,11,0.4841963710527151,0.19938950778097836,0.3653042059750021,0.3056915105241239,32,1024,False,0.6072180353078291,0.607209465622652,8.569685173758295e-06,0.6191939860046238,0.6078936093925261,0.20599946390509763,0.19160812407622624,2.0922563358724285e-31,0.6072094656226521,0.0005705481682928827,0.6156081770477062,0.6161787252160008,0.0009259459065109358,0.056242378499885566,0.05400852533509932,0.059528555647893625,0.5538850840574268,0.15510075435916545,0.25689817345102983,0.03404880350455514,0.08753665841512615,0.17348348318773787,0.23992124853248242,0.05057028049486689,0.07049606856890023,0.607209465622652,0.6072180353078291,2.0922563358724285e-31,0.6072094656226521,0.6191939860046238,0.6187322993457541,0.6233924905954022,0.6703091314555084,0.6750556410241366,0.6703091314555083,0.6752958849255611,0.6507427604132613,0.6504750721592645
3,0,0.9352850885978073,0.2561248294854159,0.42190059645976397,0.15716413098621188,32,1024,False,0.9800962943049969,0.9797329086499146,0.0003633856550780981,0.9506090909539092,0.9839479681402017,0.2537199110544285,0.27813843253358206,8.09266778382318e-32,0.9797329086499144,0.0003288284294302757,0.9700405853303259,0.970369413759756,0.0003388693262251638,0.01071764948498831,0.014445856079498252,0.014815217237406884,0.9695021120607035,0.1943321652456856,0.3131076568631714,-0.01356242583363283,0.03552572649894582,0.21186109838163247,0.29457110768998973,0.00301417987793684,0.01860937495075632,0.9797329086499146,0.9800962943049969,8.09266778382318e-32,0.9797329086499144,0.9506090909539092,0.28422591497596655,0.24934922768368156,0.6703091314555084,0.6399256349160604,0.6703091314555083,0.6178308047056453,0.7183014983484497,0.8566910613273683
3,1,0.9594588444571931,0.3295178598036675,0.49852803036130033,0.4080473584858805,32,1024,False,1.3791431081170515,1.378931512471498,0.00021159564555529452,1.3375817993244012,1.3660563366311338,0.26692191940312776,0.2779803921974008,1.1428653179268518e-33,1.378931512471498,0.00030475767111734,1.3486376858105376,1.3489424434816522,0.0002259234058428418,0.01364948368908832,0.012020610444231538,0.012289103819220357,1.3540357261869023,0.20702300237894072,0.3268208364273148,-0.010818628171556566,0.03839247236130119,0.22462738118338166,0.3083267311594682,0.006155126291560009,0.021818379122123588,1.378931512471498,1.3791431081170515,1.1428653179268518e-33,1.378931512471498,1.3375817993244012,0.28422591497596655,0.25568630796925557,0.5233668678869294,0.47484093230479,0.5033147002824052,0.4106183559444058,0.6507427604132613,0.7214751532103332
3,2,0.9806482205171312,0.4440955937223721,0.6165270898820524,0.531013944748406,32,1024,False,0.04188655113895516,0.04170848877676097,0.00017806236219423884,0.04375657520623965,0.0422526764593496,0.04241511229118691,0.040800933490691034,1.489011898475974e-32,0.04170848877676097,1.2358999155219308e-05,0.04115212856978988,0.04116448756894513,0.0003002344954378359,0.010356461313681111,0.009697383450320838,0.009815198453824617,0.03255529300902876,0.010234656870014743,0.07459556771235909,-0.013249417339634388,0.03449879042735557,0.027362078573787585,0.057755275251111016,0.003424681315664202,0.017749336606357247,0.04170848877676097,0.04188655113895516,1.489011898475974e-32,0.04170848877676097,0.04375657520623965,0.1555143921540561,0.14037517683104778,0.17648871732849483,0.19545045191738844,0.14966637715487824,0.19545045191738847,0.2820754538374498,0.3456217338355329
3,4,0.9466089493403681,0.5336031884702569,0.6949932141985382,0.665952226474432,32,1024,False,0.1722955545556058,0.1722898717990275,5.682756578652768e-06,0.16212606071402105,0.16904912272874567,0.09938692199020782,0.10629962480204175,2.045922407640928e-31,0.1722898717990275,0.00018691000942674073,0.1649187479709633,0.16510565798039062,0.0011320630177854946,0.004765607183112193,0.004615084828459557,0.0050775305663523914,0.1644340379002861,0.05632199203593076,0.1424518519444849,-0.017139942393236112,0.027532749988491482,0.07374102572066477,0.12507076044857968,-0.0007223538705147803,0.010985862230882049,0.1722898717990275,0.1722955545556058,2.045922407640928e-31,0.1722898717990275,0.16212606071402105,0.28422591497596655,0.2718967747398959,0.1355974314632426,0.13382885617985738,0.1355974314632426,0.13382885617985738,0.2817411054238253,0.27985712856860795
3,5,0.8960974620637855,0.38774917458097385,0.5563191836562155,0.4517332522682471,32,1024,False,0.32517237020487433,0.32512809371835877,4.4276486514547434e-05,0.3198914180851732,0.31800095101815556,0.143482577391878,0.14174728031297643,5.98158938596239e-32,0.3251280937183587,3.548057586263914e-05,0.3242458745445129,0.32428135512037515,0.00010941293818594209,0.015972077619987802,0.01721928075698596,0.018893530187809426,0.3007816702611696,0.09604872434277215,0.19091643044098386,-0.00812718581776066,0.04278101485803036,0.11360306166898226,0.17335258230014006,0.008460794837446883,0.025856894855678547,0.32512809371835877,0.32517237020487433,5.98158938596239e-32,0.3251280937183587,0.3198914180851732,0.28422591497596655,0.2697022037872999,0.28235070902038784,0.2869665212161924,0.28235070902038784,0.2869665212161924,0.4187793436222423,0.43290619012753784
3,6,0.7378867200026544,0.2892543356468134,0.451551204498974,0.22308329519778336,32,1024,False,0.7738525771009294,0.7738152434498307,3.73336510980067e-05,0.8092372995559205,0.7714507062930175,0.20795155847237295,0.20144764668158446,1.5978870981466147e-31,0.7738152434498307,1.2267577762176537e-05,0.783926732122236,0.7839389996999964,1.5648638180867625e-05,0.03207612172815793,0.03133036539913869,0.03454087516389522,0.7401203408938788,0.15506534132718583,0.2608377756175601,0.007862102947692871,0.060750397045785005,0.17274557977361837,0.24297812107397476,0.024332473061804194,0.043671963780070655,0.7738152434498307,0.7738525771009294,1.5978870981466147e-31,0.7738152434498307,0.8092372995559205,0.3852643737531603,0.2772452496028997,0.5233668678869294,0.5013768346816223,0.5734972868982395,0.5013768346816223,0.7183014983484497,0.6723384744634073
3,7,0.634842782829757,0.265330834227655,0.4269723618206944,0.14666800606941247,32,1024,False,1.0705221225549628,1.07047266269426,4.945986070764184e-05,1.1360461759000988,1.0736274260270116,0.22851730877399906,0.22264916512653918,2.309695101051139e-32,1.07047266269426,4.001738292000281e-05,1.0911591695777225,1.0911991869606468,3.667284891538872e-05,0.033239082897458555,0.03257326061577963,0.0360111259787451,1.041054165411232,0.17362782638324833,0.28340679116474976,0.009536947199472325,0.06306583933820781,0.19136246756534092,0.26545979157526745,0.026114363950910047,0.04602726951270597,1.07047266269426,1.0705221225549628,2.309695101051139e-32,1.07047266269426,1.1360461759000988,0.4152167863997426,0.30723269811377424,0.6703091314555084,0.5492389413577369,0.6703091314555083,0.568645617790139,0.7183014983484497,0.6922208723599715
3,8,0.5598267967575344,0.24891121282603987,0.4114472876199624,0.19183381735396973,32,1024,False,1.2906205213286925,1.2905811590382166,3.9362290475467125e-05,1.345119159680146,1.2821013565709931,0.2534168482430037,0.24601948678465935,5.352159574382708e-32,1.2905811590382164,0.000198286861150189,1.3058405044917845,1.3060387913529348,0.00015182310239405847,0.04529832178395453,0.04246997946653199,0.04727917030245016,1.2396313771044611,0.1981906751161628,0.30864302136984456,0.023367184198181686,0.07574047121415306,0.21604653577378485,0.29080178165168036,0.03979215628351085,0.05865613959758775,1.2905811590382166,1.2906205213286925,5.352159574382708e-32,1.2905811590382164,1.345119159680146,0.5791600673129336,0.4202281659984873,0.6703091314555084,0.617412664049998,0.6703091314555083,0.617412664049998,0.7183014983484497,0.6799224615493805
3,9,0.5125268035589993,0.23694245671440764,0.4012607214945366,0.120379885817968,32,1024,False,1.1562393249579608,1.1561962781426691,4.304681529474283e-05,1.1993363139319078,1.1336301033888496,0.2567476010746389,0.2486327514004682,1.9568680830138726e-32,1.1561962781426691,0.00020537993876440914,1.1495235355667086,1.1497289155054728,0.0001786333595638193,0.04990561600498684,0.04614492375168765,0.050042759981711704,1.087485179637162,0.2019079599291661,0.3115872422201117,0.026633182777281002,0.07976167587463137,0.21984760977647966,0.2938681445812108,0.04316787542484235,0.06271873559308005,1.1561962781426691,1.1562393249579608,1.9568680830138726e-32,1.1561962781426691,1.1993363139319078,0.6187322993457541,0.5241220784869922,0.6703091314555084,0.6255835919155956,0.6703091314555083,0.6255835919155959,0.7798924925104326,0.6981184040583459
3,10,0.5445809615200337,0.23019656587706877,0.3941039967676909,0.1662596203919941,32,1024,False,0.8691602017542459,0.8691339893988245,2.621235542697742e-05,0.8837397252083353,0.8647295043033982,0.2496842990001193,0.23807697544375575,4.251304572752543e-32,0.8691339893988246,0.0002510143973616288,0.8693838107391267,0.8696348251364838,0.0002886434513730906,0.04869485389465681,0.046451450962646086,0.050731241777097084,0.8182780533407521,0.19559009672816438,0.3037785012720742,0.026242878769506685,0.07867003982830076,0.2136886232838151,0.2862593588215532,0.04276712518185377,0.06168390770471888,0.8691339893988245,0.8691602017542459,4.251304572752543e-32,0.8691339893988246,0.8837397252083353,0.5791600673129336,0.5082105451458309,0.6703091314555084,0.6532803443621055,0.6703091314555083,0.6532803443621055,0.7183014983484497,0.7072722832244573
3,11,0.4933908494336649,0.2139336491752325,0.3797749759316837,0.13280555274591793,32,1024,False,0.422021144067932,0.42199833801346925,2.2806054463647474e-05,0.4151399369606613,0.40469773620464655,0.20882073568038073,0.2001496492257865,6.375128009428139e-32,0.42199833801346925,1.346153555589793e-05,0.4128320668897115,0.41284552842526684,3.260671275100109e-05,0.044739771107916694,0.042423610676414716,0.04793508736215026,0.36227412552823185,0.15888510001722964,0.2587563713435318,0.024002349646960727,0.07457770558144447,0.1770048527396284,0.2416010286906385,0.04049134231900098,0.05761103143595392,0.42199833801346925,0.422021144067932,6.375128009428139e-32,0.42199833801346925,0.4151399369606613,0.6187322993457541,0.6233924905954022,0.6703091314555084,0.6750556410241366,0.6703091314555083,0.6752958849255611,0.7183014983484497,0.7536065444910106
4,0,0.8822694601568305,0.23310267786145283,0.395201534976268,0.2718310644910655,32,1024,False,0.3199394151755463,0.31958748467697223,0.0003519304985753062,0.3110664871427441,0.3390527074036566,0.1547497657867946,0.16715593155575742,2.0156728893317592e-32,0.31958748467697234,2.8662224037034852e-05,0.33249254493104613,0.332521207155084,8.61966798516617e-05,0.010459665891007984,0.01470403693938831,0.015073247579160693,0.3243486704642683,0.10509021707594174,0.2044093144976475,-0.013772124142731962,0.03521873618301919,0.12300375029735733,0.1870642600042629,0.002855511411326006,0.018383613132755272,0.31958748467697223,0.3199394151755463,2.0156728893317592e-32,0.31958748467697234,0.3110664871427441,0.28422591497596655,0.24934922768368156,0.6703091314555084,0.7305107032023732,0.6703091314555083,0.7282322514403357,0.710440157717376,0.8089762064524727
4,1,0.9006063830494789,0.27578964704575604,0.44087102275371814,0.5751203989914628,32,1024,False,0.26622266184186194,0.26601369584944085,0.00020896599241947015,0.264088462935888,0.28347411426030217,0.1818814672729579,0.19224355368944662,1.662514362176871e-32,0.26601369584944073,2.992600555269825e-05,0.270248495198344,0.27027842120389695,0.00011072288131401431,0.014379273734034841,0.013653835371700881,0.013922562408946895,0.2698202788886013,0.1302714621815103,0.23349147236440548,-0.010220407981356351,0.03925592281891763,0.14788140973541886,0.21564881542872172,0.006855221414298285,0.022749879346520174,0.26601369584944085,0.26622266184186194,1.662514362176871e-32,0.26601369584944073,0.264088462935888,0.28422591497596655,0.25568630796925557,0.5233668678869294,0.5022156328040323,0.5734972868982395,0.6766335615523568,0.2820754538374498,0.3076147346693049
4,2,0.9171318355347108,0.34257176573196735,0.5135022893675049,0.6096854075222394,32,1024,False,0.19125485692226485,0.19105717534188724,0.00019768158037782003,0.2033434845576277,0.18667302614631284,0.13676099670024003,0.13030376851217582,1.4968684980375279e-32,0.19105717534188732,7.141848672708703e-05,0.18339967166352036,0.18347109015024743,0.00038926288969341863,0.010318597984885968,0.011161885158034455,0.01130147191720366,0.17551114098827839,0.09078649346781971,0.18273549993266036,-0.013002922829468678,0.03436794064270178,0.10885504128236789,0.16577524664899101,0.0037044658965896815,0.017677913077932317,0.19105717534188724,0.19125485692226485,1.4968684980375279e-32,0.19105717534188732,0.2033434845576277,0.28422591497596655,0.29077898897012,0.2825079823735723,0.29834088193676117,0.2825079823735723,0.29834088193676117,0.2817411054238253,0.28476264832191767
4,3,0.9466089493403681,0.5336031884702569,0.6949932141985382,0.665952226474432,32,1024,False,0.06728207782261945,0.06721562294113875,6.645488148008245e-05,0.07255036264807341,0.06230348858311774,0.05694156887765895,0.05006248998634474,2.9448830054167087e-33,0.06721562294113875,2.3379325809084343e-05,0.06578676071387533,0.06581014003968438,0.0003552541568060226,0.006263705939627344,0.009407692756329527,0.009785544749684245,0.05289579582678821,0.021399075546768426,0.09248406220854948,-0.016400998715160407,0.029982227277466248,0.03930604063498322,0.07619807993614813,0.00037320388946682215,0.013430188730126247,0.06721562294113875,0.06728207782261945,2.9448830054167087e-33,0.06721562294113875,0.07255036264807341,0.28422591497596655,0.25964579808089816,0.1355974314632426,0.13980056938425386,0.1355974314632426,0.133797819748128,0.2817411054238253,0.2987910449404185
4,5,0.973888102112188,0.6708841920894,0.7991235553333809,0.7100737109586281,32,1024,False,0.059995006635503105,0.05995825667695711,3.6749958546067366e-05,0.058291861894263615,0.05929321283419257,0.04996955665015842,0.050910177394233806,4.5040747166246106e-33,0.0599582566769571,2.3298415460987583e-05,0.06249013824960945,0.06251343666507028,0.00037269452303212913,0.013417938725507724,0.01621374955642813,0.017697583350377667,0.043079463277764435,0.015132083660238771,0.08480702964007807,-0.0109300796785019,0.0400817534784839,0.03243698646110715,0.06798678290215321,0.005815338918182533,0.023282183952687774,0.05995825667695711,0.059995006635503105,4.5040747166246106e-33,0.0599582566769571,0.058291861894263615,0.1555143921540561,0.16435280399585542,0.056838516177361194,0.05538517046045877,0.056838516177361194,0.05538517046045877,0.1173287209320883,0.13744299779619648
4,6,0.8245232386479179,0.4515017746589888,0.6155325817988738,0.5397538703839136,32,1024,False,0.4182791952318639,0.41825577395519803,2.3421276667434044e-05,0.43808078045641663,0.4311020123712824,0.16297372642551847,0.16013819040788352,5.384098937649846e-34,0.41825577395519803,1.537220934121318e-05,0.43148359008121867,0.43149896229055956,3.5625136291433196e-05,0.03259893559835933,0.03346503760805967,0.036658748582017495,0.3976369747632227,0.11365785814294782,0.2122895947080891,0.007710311271901096,0.06193884887771271,0.13194296600704547,0.19537051329825772,0.024331450600584503,0.044921562912350055,0.41825577395519803,0.4182791952318639,5.384098937649846e-34,0.41825577395519803,0.43808078045641663,0.28422591497596655,0.2772452496028997,0.17648871732849483,0.14017266762992694,0.18542949738636705,0.1405737251076053,0.2820754538374498,0.27154135936406887
4,7,0.7232860295253537,0.39896372378457085,0.5631203946885164,0.48278200845360586,32,1024,False,0.5423901644995994,0.5423586509168568,3.151358274284533e-05,0.586240012437173,0.5496101195821946,0.18725373262448863,0.17851504362330617,5.93590921657644e-33,0.5423586509168568,2.720144712770396e-06,0.5598103995439886,0.5598131196887005,4.859022800828618e-06,0.03486184547860634,0.0351023436064405,0.03852780044958903,0.5145077759757541,0.13571963533278542,0.23878782991619185,0.010489115153278113,0.06535434956095229,0.1538946861619479,0.22156802195240743,0.027213626621232834,0.048382560577010736,0.5423586509168568,0.5423901644995994,5.93590921657644e-33,0.5423586509168568,0.586240012437173,0.3852643737531603,0.30723269811377424,0.28235070902038784,0.2114898932645315,0.28235070902038784,0.2114898932645315,0.32294792163564834,0.28533476580685907
4,8,0.6362365455299254,0.36605756440749576,0.5332242960343014,0.5103473301764403,32,1024,False,0.47492255235412834,0.4748981858352473,2.4366518882031868e-05,0.5041196022558688,0.47617892386078886,0.19805772192255164,0.18848250309860404,3.2448623226829e-33,0.47489818583524734,3.2733156486066887e-06,0.48372674823844053,0.48373002155409023,6.766823440253789e-06,0.04762562365342724,0.04672413857625466,0.051532099696004884,0.4294547852845342,0.14721705056302808,0.2488983932820752,0.024950921906130935,0.07881114087253221,0.16542598543310305,0.23176751961000264,0.04156631403748179,0.06181738094892353,0.4748981858352473,0.47492255235412834,3.2448623226829e-33,0.47489818583524734,0.5041196022558688,0.3852643737531603,0.39240743198869543,0.2825079823735723,0.25886588355799645,0.2825079823735723,0.25886588355799645,0.32294792163564834,0.29611387377355386
4,9,0.589532179323602,0.34130031498903757,0.5056877862605754,0.4029934480701346,32,1024,False,0.3890281692281202,0.38899894161900744,2.922760911218861e-05,0.4128302989516925,0.38546652169042894,0.19620234252940927,0.18285674240879557,7.46469751257279e-33,0.3889989416190074,2.3395617270905137e-06,0.38913182165495724,0.3891341612166837,6.012223958378619e-06,0.052902542254772034,0.05099671979687746,0.0548937450307931,0.33446980189355147,0.14597981495625784,0.2464248701025607,0.0288762020207465,0.08351207774712074,0.16420229293726152,0.22934988606721163,0.04556250409223139,0.06654069088835968,0.38899894161900744,0.3890281692281202,7.46469751257279e-33,0.3889989416190074,0.4128302989516925,0.4152167863997426,0.41534239100227155,0.2825079823735723,0.2705747135829153,0.2825079823735723,0.2705747135829153,0.6507427604132613,0.615627553722444
4,10,0.6186945144755306,0.3258390520124819,0.49121952658003487,0.4805979458026834,32,1024,False,0.23607542070145546,0.23606074789490916,1.4672806548415067e-05,0.24587505961924583,0.2376671242861654,0.15092011033303138,0.14328053722894524,3.411375657768028e-33,0.23606074789490916,1.2842562133922112e-06,0.23694551118026164,0.2369467954364752,5.4200193382084246e-06,0.0515473975925096,0.05092278016563723,0.05520038510819752,0.18674434412052818,0.10516727559053517,0.19667294507552757,0.028363752468597125,0.08225230460197763,0.12330460655357456,0.17984771323244786,0.04503537636628607,0.06533602823037654,0.23606074789490916,0.23607542070145546,3.411375657768028e-33,0.23606074789490916,0.24587505961924583,0.4152167863997426,0.424129508861874,0.5233668678869294,0.5447123915998282,0.5033147002824052,0.5319191048005342,0.32294792163564834,0.33395833049513435
4,11,0.5407147862764148,0.2847014537807888,0.45378277206277806,0.4293303311577201,32,1024,False,0.11386904524807716,0.11385583531630462,1.3209931772391354e-05,0.11888258277013519,0.11290630749668931,0.09705604151319373,0.09225336259932952,3.909258079317943e-33,0.11385583531630461,1.1529043871938352e-05,0.1125000178387386,0.11251154688261082,0.00010246987257198771,0.04848091429911091,0.0477744517876109,0.05328705943215055,0.06513185570907841,0.05837482311436018,0.13573725991202729,0.026910538790671592,0.07914993602833789,0.07613574931019684,0.119137228532054,0.04352371199638583,0.06223066442908021,0.11385583531630462,0.11386904524807716,3.909258079317943e-33,0.11385583531630461,0.11888258277013519,0.5791600673129336,0.6233924905954022,0.5233668678869294,0.5544810436651443,0.5033147002824052,0.5460293800059909,0.4187793436222423,0.4980328590675434
5,0,0.849672149190597,0.2216681994001172,0.38561786056336556,0.2319877149080607,32,1024,False,0.48359986861715865,0.48324718502580943,0.0003526835913514628,0.46682935438650086,0.5022662946525008,0.17908100483336606,0.1920354668861295,3.5015191105440966e-32,0.48324718502580943,5.705497121057014e-06,0.49651984351661965,0.49652554901374135,1.1490842983588572e-05,0.008173812135132784,0.012329707903895655,0.012699069061804277,0.4899365867486052,0.12714102682447326,0.23102098284225886,-0.015156407921210521,0.032032033886812465,0.14483377202122938,0.21324770649516722,0.0012592129642143846,0.015092888294020668,0.48324718502580943,0.48359986861715865,3.5015191105440966e-32,0.48324718502580943,0.46682935438650086,0.28422591497596655,0.24934922768368156,0.6703091314555084,0.7305107032023732,0.6703091314555083,0.7282322514403357,0.710440157717376,0.8566910613273683
5,1,0.8620501756402498,0.24992648213939306,0.41423339018988026,0.5108811555678748,32,1024,False,0.4317015438235308,0.43149507032964945,0.00020647349388306009,0.42113136994276024,0.4400027121697138,0.22346580061012858,0.2316467855617665,6.1161722149182025e-33,0.4314950703296494,7.442555871619174e-05,0.42971300579861,0.4297874313573257,0.00017316829968979305,0.012165060997122517,0.010488251962570905,0.010753262519923017,0.4295144602071429,0.16763428465185728,0.2792973165683999,-0.01163017928221195,0.03622768893418503,0.18524946212710347,0.26112055232079,0.005307553445163649,0.019691379828145728,0.43149507032964945,0.4317015438235308,6.1161722149182025e-33,0.4314950703296494,0.42113136994276024,0.28422591497596655,0.25568630796925557,0.6703091314555084,0.7155653093462248,0.6703091314555083,0.7155653093462246,0.32294792163564834,0.3089217147346323
5,2,0.8725004513310812,0.29532592260677665,0.4623360984822405,0.5327319002681319,32,1024,False,0.05566946386234214,0.055472783235162006,0.00019668062718001348,0.06578284191893644,0.06098348437607121,0.0645904098589482,0.05985081627587768,1.0221146141281249e-32,0.05547278323516199,9.391233122325237e-07,0.05480252235250758,0.05480346147581989,1.713620430065132e-05,0.008619383118464602,0.008486867585544535,0.008622193660008945,0.05249661679052668,0.029534449891019957,0.09964636982687645,-0.013727671901040349,0.03169282651863014,0.04727966729114996,0.08322359188605333,0.0029154828444006853,0.0152077982420451,0.055472783235162006,0.05566946386234214,1.0221146141281249e-32,0.05547278323516199,0.06578284191893644,0.28422591497596655,0.29077898897012,0.5233668678869294,0.5788731603172524,0.5033147002824052,0.5788731603172524,0.2820754538374498,0.3456217338355329
5,3,0.8960974620637855,0.38774917458097385,0.5563191836562155,0.4517332522682471,32,1024,False,0.2519366974224329,0.25185665933884993,8.003808358236795e-05,0.26698231477450624,0.24873613056264884,0.1591478456634589,0.1557415706149439,9.743284810065098e-33,0.25185665933884993,9.899283806871843e-05,0.25568740998088535,0.2557864028189534,0.0003870136839868926,0.010548912207132666,0.010805355406771728,0.01125866435139903,0.23793077515587713,0.11052719384644048,0.20776849748047732,-0.012775895500595387,0.03505572834601534,0.12886736577638658,0.19086611172679113,0.004135660812607966,0.018507498745748308,0.25185665933884993,0.2519366974224329,9.743284810065098e-33,0.25185665933884993,0.26698231477450624,0.28422591497596655,0.25964579808089816,0.28235070902038784,0.28383362123538675,0.28235070902038784,0.28383362123538675,0.4187793436222423,0.44046463345763315
5,4,0.973888102112188,0.6708841920894,0.7991235553333809,0.7100737109586281,32,1024,False,0.05024194209883491,0.05023032740150316,1.1614697331877066e-05,0.05538517046045877,0.05311106335353362,0.04882053047456382,0.04653081686487381,7.154641965229002e-33,0.05023032740150316,5.4020761333196964e-08,0.053185639154841736,0.053185693175603024,1.0157009922731813e-06,0.01045947443703499,0.008324039442422547,0.008543612092550156,0.04478702391111107,0.015100561056668321,0.08254049989245932,-0.01307536540172041,0.03411362663666688,0.032672201057721395,0.06601412595045986,0.00371185864059953,0.01752685864630621,0.05023032740150316,0.05024194209883491,7.154641965229002e-33,0.05023032740150316,0.05538517046045877,0.1555143921540561,0.16461704867165586,0.056838516177361194,0.058291861894263615,0.056838516177361194,0.058291861894263615,0.1173287209320883,0.12524972024882525
5,6,0.8819871761114586,0.6530861314805788,0.790869586627712,0.8832193349204286,32,1024,False,0.11806542135856436,0.1180705778250293,-5.156466464269842e-06,0.11976046585136188,0.11773870997983825,0.05313153716589857,0.04940342639512745,7.714957712519578e-33,0.11807057782502928,7.160677682702425e-05,0.1191006174725391,0.11917222424936628,0.0006008680066018406,0.009186055069598742,0.008582060152293484,0.011493144897356793,0.10915664982754476,0.017269320181192337,0.08899375415060481,-0.01074544369355608,0.03311724923469289,0.035106811148580164,0.07262319798610406,0.005426298521342687,0.01657174542924622,0.1180705778250293,0.11806542135856436,7.714957712519578e-33,0.11807057782502928,0.11976046585136188,0.28422591497596655,0.2772452496028997,0.05867449086939655,0.04590349676041455,0.05867449086939655,0.04590349676041455,0.061053038279249655,0.033667859638901274
5,7,0.7894717669436397,0.5667191428513892,0.722025317795454,0.8575707581137623,32,1024,False,0.12029899840224981,0.12029984970613836,-8.513038883006437e-07,0.12732324305913692,0.11490814782268698,0.06400115836162325,0.054870331035995076,7.447122246272291e-35,0.12029984970613836,1.7260220125679502e-05,0.12238783546903922,0.12240509568916523,0.00014100899989907286,0.010799290253353036,0.00992894255752103,0.013157608464376984,0.10497920526516595,0.026740770664427198,0.10126154605881929,-0.009275794737529194,0.03652331294830007,0.04470106997177936,0.08493123806692893,0.007245351996971294,0.0198088147881208,0.12029984970613836,0.12029899840224981,7.447122246272291e-35,0.12029984970613836,0.12732324305913692,0.28422591497596655,0.30723269811377424,0.1355974314632426,0.13537972352490127,0.1355974314632426,0.13537972352490127,0.061053038279249655,0.05502847420835082
5,8,0.7056303625806483,0.5057867351397076,0.6716093245518076,0.8367893785439584,32,1024,False,0.1185267743400617,0.11853007455742964,-3.300217367903669e-06,0.1235479805397498,0.11544220043048406,0.055881787136527666,0.04788503351301512,6.489752421555441e-34,0.11853007455742964,1.0158833152067429e-05,0.12080804275827582,0.12081820159142806,8.408363159072373e-05,0.021363332254858675,0.019103116073898554,0.023787394645026806,0.0963390843565855,0.020488056303828238,0.09127551796922709,0.0021089199638749875,0.048874281387539194,0.03828414235613309,0.0749318483431125,0.018552039400674403,0.031962369866960216,0.11853007455742964,0.1185267743400617,6.489752421555441e-34,0.11853007455742964,0.1235479805397498,0.3852643737531603,0.39240743198869543,0.1355974314632426,0.14123612896080476,0.1355974314632426,0.14123612896080476,0.061053038279249655,0.05403833613903809
5,9,0.6609827705541269,0.4648404027362447,0.6281332648111113,0.7582085279763502,32,1024,False,0.1935174707271465,0.19351571335445827,1.7573726868518984e-06,0.1950475069217351,0.19345334304736272,0.08429572178546293,0.07203692588238537,1.4740147681308974e-33,0.19351571335445827,2.8277897609103206e-05,0.1963114327059664,0.19633971060357505,0.00014402536054562316,0.028258051503961146,0.025161399659529377,0.028961168281357818,0.16829194338783335,0.04563034749505633,0.12296109607586954,0.007227477479302205,0.05576329591854834,0.06370256338414038,0.10662811296788277,0.023762802746205125,0.03885826950863702,0.19351571335445827,0.1935174707271465,1.4740147681308974e-33,0.19351571335445827,0.1950475069217351,0.3852643737531603,0.4118351292574564,0.1355974314632426,0.1316340930993431,0.1355974314632426,0.1316340930993431,0.1173287209320883,0.11013262594180567
5,10,0.6838714123179159,0.4338653325777361,0.594278100178698,0.8151657993671758,32,1024,False,0.22001144388585794,0.2200178335088149,-6.3896229569536715e-06,0.21407317056731157,0.2249446188977587,0.07685414928834886,0.07046349736066404,4.275757069534102e-34,0.2200178335088149,3.190362610489727e-05,0.22494570558196839,0.2249776092080732,0.00014180800577088016,0.028062395752853173,0.02642196840113797,0.030598345827011517,0.19852265049662074,0.038559099548331685,0.11514919902836603,0.007778410876915668,0.05573460150570286,0.056497673082049005,0.09869465385418152,0.024261137856228743,0.0388297447207151,0.2200178335088149,0.22001144388585794,4.275757069534102e-34,0.2200178335088149,0.21407317056731157,0.3852643737531603,0.41219214282899796,0.17648871732849483,0.1711195097229496,0.18542949738636705,0.17970076275017813,0.1173287209320883,0.08862497841501353
5,11,0.569478180375927,0.3719274320736323,0.5381374045624845,0.7753850996394224,32,1024,False,0.136215253663364,0.13622014939197655,-4.8957286130013645e-06,0.1382788244525716,0.13435405550033103,0.04887925533359187,0.039372453440347926,8.203956541459762e-35,0.13622014939197655,7.371509652323774e-06,0.13767019034101813,0.1376775618506703,5.354183756042369e-05,0.027916381110200936,0.026027851549061887,0.031394501490546955,0.10832620395126914,0.014402022781103599,0.08335648788608015,0.008879250533641171,0.05594322933877633,0.03224674460943788,0.06718599698797334,0.025402133134775795,0.039159264299087226,0.13622014939197655,0.136215253663364,8.203956541459762e-35,0.13622014939197655,0.1382788244525716,0.4152167863997426,0.49979414100725916,0.28235070902038784,0.2955339385373808,0.28235070902038784,0.2955339385373808,0.1173287209320883,0.12454437055977118
6,0,0.6955207502681736,0.2058940194199875,0.37208351430803177,0.18021871846665155,32,1024,False,0.20740018086566916,0.2070272788669039,0.0003729019987651161,0.1993119490814333,0.21617469384889046,0.1338801038667108,0.14802207863061367,5.005234640481154e-32,0.20702727886690384,4.036908408583818e-05,0.21111354329135146,0.21115391237543746,0.00019118321622220685,0.004920467351933428,0.00854144762640805,0.008909986433607102,0.20763324622248241,0.08623988103778164,0.18152032669563994,-0.017215808106837066,0.027584744506040308,0.10410087442141958,0.164297784162045,-0.0010171657777391374,0.010803023455082439,0.2070272788669039,0.20740018086566916,5.005234640481154e-32,0.20702727886690384,0.1993119490814333,0.3852643737531603,0.3941192511184807,0.6703091314555084,0.7305107032023732,0.6703091314555083,0.7282322514403357,0.7183014983484497,0.8566910613273683
6,1,0.7170435247369399,0.2252710300940526,0.3893290306745366,0.4599101704511675,32,1024,False,0.05108069067670753,0.05084803568426072,0.00023265499244692385,0.057247950413012415,0.05089572303615955,0.0569622143853628,0.05093057382174999,2.1124990156808851e-32,0.050848035684260724,1.4837424333226096e-05,0.04778908178756215,0.04780391921189547,0.00031038091808869867,0.007110406533394489,0.006801272305710589,0.007055668207577221,0.04409445073044896,0.023023414348707437,0.09090101442201817,-0.015109606660268952,0.02957828329719925,0.0407169772151974,0.07441416616347851,0.0014470652313320898,0.0131497946640593,0.05084803568426072,0.05108069067670753,2.1124990156808851e-32,0.050848035684260724,0.057247950413012415,0.3852643737531603,0.4008842034360245,0.6703091314555084,0.7569956432299814,0.6703091314555083,0.7412893997042014,0.4187793436222423,0.5291097278721537
6,2,0.7126854290186418,0.2506617706906329,0.4138266636645801,0.35024118646325075,32,1024,False,0.4314868327917701,0.43124205755970796,0.00024477523206115173,0.43594510001451137,0.4362085917748794,0.1932575233483171,0.19062005486190609,4.466859274360229e-32,0.4312420575597082,6.906989678489512e-05,0.42674550845428416,0.4268145783510704,0.00016182647052904233,0.005017364993032043,0.006097822578417342,0.006232158389919165,0.4301107691964621,0.14077202355847745,0.24574302313815677,-0.01619977104883967,0.026933217756824807,0.1592153210149263,0.22868624264810933,3.0638657335657626e-05,0.010668619237549137,0.43124205755970796,0.4314868327917701,4.466859274360229e-32,0.4312420575597082,0.43594510001451137,0.3852643737531603,0.3828510058359531,0.6703091314555084,0.7134490621931173,0.6703091314555083,0.7323618864936027,0.6507427604132613,0.7886625670658657
6,3,0.7378867200026544,0.2892543356468134,0.451551204498974,0.22308329519778336,32,1024,False,0.7044594669055135,0.7043498095614212,0.00010965734409421368,0.7184477522971175,0.7003659563557938,0.2558381911509651,0.2503712923910861,4.2505415621070203e-32,0.7043498095614212,0.0002635185124616239,0.7095928477084015,0.7098563662208635,0.0003712279342714709,0.0076533896163501714,0.0069716945012593175,0.007460159236675841,0.6933942618545345,0.19844129496995885,0.3132350873319714,-0.014033401807940216,0.030570717488560592,0.21690170424699318,0.2957970427160035,0.0024465446840622462,0.014106797047134023,0.7043498095614212,0.7044594669055135,4.2505415621070203e-32,0.7043498095614212,0.7184477522971175,0.3852643737531603,0.36939849858440044,0.5233668678869294,0.45760188248380834,0.5734972868982395,0.5251804650986136,0.7183014983484497,0.8092372995559205
6,4,0.8245232386479179,0.4515017746589888,0.6155325817988738,0.5397538703839136,32,1024,False,0.1767845049237098,0.17675239134839255,3.211357531622581e-05,0.18284276624548745,0.177764049103985,0.14211646177255463,0.1374433714564405,7.348407102031103e-34,0.17675239134839255,5.299403560315902e-05,0.18038440283507934,0.1804373968706823,0.00029369762877447914,0.007938776011821283,0.006161893845888943,0.0066165304050209706,0.17160215525809605,0.09518098204010006,0.1890519415050092,-0.014033461274062367,0.030812815686038594,0.11343238138215384,0.17219855855364585,0.0022890638647368178,0.014135817851638421,0.17675239134839255,0.1767845049237098,7.348407102031103e-34,0.17675239134839255,0.18284276624548745,0.28422591497596655,0.2718967747398959,0.17648871732849483,0.17558099605463875,0.18542949738636705,0.18594684361454294,0.2820754538374498,0.28405083257034713
6,5,0.8819871761114586,0.6530861314805788,0.790869586627712,0.8832193349204286,32,1024,False,0.024363785341473845,0.024336504219142963,2.7281122330937388e-05,0.02403345792652128,0.027815244047454533,0.024467233129605054,0.02862962186107507,4.934972844990721e-33,0.024336504219142966,2.3257018891024413e-05,0.023223325985563113,0.02324658300445412,0.0010004489213132225,0.0014851236125977667,0.002134202875823897,0.0021498470755448736,0.025681041171630635,-0.003284222734083714,0.05221868899329382,-0.01831200704723628,0.021403033368357412,0.013667384933796711,0.03550697080936516,-0.0029482509416993707,0.005883867583179381,0.024336504219142963,0.024363785341473845,4.934972844990721e-33,0.024336504219142966,0.02403345792652128,0.28422591497596655,0.2697022037872999,0.05867449086939655,0.06362320986123586,0.05867449086939655,0.06362320986123586,0.061053038279249655,0.07186884279930071
6,7,0.9553642960915236,0.8112290996521606,0.8939759824246952,0.9420034127738613,32,1024,False,0.008665686265628266,0.008659450301534135,6.235964094072228e-06,0.009478423139395882,0.006293576808602882,0.010159816114850574,0.006762577083454771,9.257714136425921e-33,0.008659450301534139,1.3939577146568403e-07,0.008038508346040873,0.00803864774181231,1.734069907562056e-05,0.0013129885600141732,0.0002832803288767372,0.0014449312971995954,0.006010296479726145,-0.0127797478148739,0.03309938004457505,-0.01670215424888281,0.02144695142025473,0.0037278892486938275,0.01638377502968069,-0.0017471642713644542,0.006506665471533779,0.008659450301534135,0.008665686265628266,9.257714136425921e-33,0.008659450301534139,0.009478423139395882,0.28422591497596655,0.30723269811377424,0.009268185438450018,0.009057947737504155,0.009268185438450018,0.009057947737504155,0.01327116833146465,0.013812989073188758
6,8,0.8803612808037337,0.6784072351283512,0.8046890244617784,0.9244785702113599,32,1024,False,0.013922369731168343,0.013919390650911533,2.9790802568232046e-06,0.01292662370501985,0.014872429720432182,0.01137527509352987,0.012962384201677994,3.1409623944754886e-33,0.013919390650911533,1.0561258742975754e-06,0.013591062014603904,0.013592118140478246,7.770134598465277e-05,0.00655640884272137,0.0048160960971226335,0.008497868277701992,0.010056333623309549,-0.013181089397667404,0.03593163958472714,-0.010745851501271095,0.030165756071633756,0.0033400740576325916,0.018968741977005266,0.004953956238750834,0.014332676779304165,0.013919390650911533,0.013922369731168343,3.1409623944754886e-33,0.013919390650911533,0.01292662370501985,0.28422591497596655,0.3041249457754912,0.024818290337441488,0.027196623663925817,0.024818290337441488,0.027196623663925817,0.01327116833146465,0.01517482628851877
6,9,0.8384042586278521,0.6022528246007235,0.7403445077196942,0.8301955062299728,32,1024,False,0.04605130241125811,0.04604368839491407,7.61401634412035e-06,0.047035720170094567,0.049391149992652546,0.03552191595634418,0.03475392948958145,9.900073418686703e-33,0.04604368839491407,1.2406326648205652e-05,0.0470304786398397,0.04704288496648808,0.0002637237630524476,0.010880205794093335,0.00931287685817404,0.012583537168379103,0.04007827313447851,0.005032756627030378,0.06601107528565797,-0.007720697273271567,0.03514005273418032,0.022509539165184833,0.049728971571312286,0.008381302744965069,0.018852992514439393,0.04604368839491407,0.04605130241125811,9.900073418686703e-33,0.04604368839491407,0.047035720170094567,0.28422591497596655,0.2958242349473167,0.05867449086939655,0.0630490127144025,0.05867449086939655,0.0630490127144025,0.061053038279249655,0.06303888046877917
6,10,0.8233433602208992,0.5451037675162634,0.6902115765835729,0.8785624998687364,32,1024,False,0.0735591057755325,0.07355994770292347,-8.419273909570114e-07,0.07003975133845597,0.07625695476555863,0.042815300662958765,0.0439968037849478,1.8920423296476565e-33,0.07355994770292348,2.4962314622854343e-05,0.07392371932253759,0.07394868163716034,0.0003375626727915917,0.01205296112319869,0.010770944273342992,0.014538550599262092,0.06548601049221564,0.00999928482394443,0.0756313165019731,-0.0059285843850263205,0.036767361007396915,0.02757171272241976,0.05923329768847907,0.010060472850454971,0.020442133718461264,0.07355994770292347,0.0735591057755325,1.8920423296476565e-33,0.07355994770292348,0.07003975133845597,0.28422591497596655,0.3013459730954762,0.1355974314632426,0.1399679434715617,0.1355974314632426,0.1399679434715617,0.061053038279249655,0.058096274853663706
6,11,0.5879132151419267,0.44514786006198953,0.6047837549520613,0.7853697835177478,32,1024,False,0.059919980217928936,0.05991856839415624,1.4118237730785826e-06,0.06102858083449773,0.06025361288289679,0.0381964406189036,0.03372637840764232,5.1054030935983e-33,0.05991856839415624,3.532641812057219e-06,0.05992505437367914,0.05992858701549116,5.89475238444059e-05,0.014783603797330727,0.01353020950400229,0.018329460334140034,0.046723403378894496,0.006882953028144102,0.06950992820966309,-0.002714262081466256,0.040620772637514874,0.024546140477468725,0.05340623777010478,0.013397336144407745,0.02418085455428809,0.05991856839415624,0.059919980217928936,5.1054030935983e-33,0.05991856839415624,0.06102858083449773,0.4152167863997426,0.49979414100725916,0.17648871732849483,0.19298302254192298,0.18542949738636705,0.2103096806967409,0.1173287209320883,0.12454437055977118
7,0,0.5897547559914625,0.1967424997761636,0.3562309126122949,0.24767715051178674,32,1024,False,0.26720505153222,0.2668471107394361,0.00035794079278546467,0.2610094524761861,0.2733118893406203,0.14557402152470436,0.15563401282199849,1.1127342949451711e-32,0.266847110739436,0.00010463789177218556,0.26991831453447085,0.2700229524262433,0.0003875148050637191,0.004581802930093317,0.007709486132656249,0.00807729493471214,0.265602403207964,0.09674421957247148,0.19440382347693724,-0.017256326168445274,0.026947279730971378,0.11478371684643207,0.17725527108996175,-0.0011400143121136352,0.010234351211693138,0.2668471107394361,0.26720505153222,1.1127342949451711e-32,0.266847110739436,0.2610094524761861,0.4152167863997426,0.4233329618694035,0.6703091314555084,0.7305107032023732,0.6703091314555083,0.754054704743429,0.710440157717376,0.8566910613273683
7,1,0.6210699793533784,0.2157596133147918,0.3783778778003924,0.4216229407536535,32,1024,False,0.13883304152971926,0.13859757118473956,0.0002354703449804006,0.14187947969276815,0.13957646064041332,0.11160911931531901,0.1098940527790886,1.7277562522961313e-33,0.13859757118473956,5.546357337534891e-07,0.13758379430371012,0.1375843489394441,4.0312414749849536e-06,0.0062843152761183334,0.005989893183230335,0.00624312351607587,0.13358656745718298,0.06799029743315772,0.1552279411974803,-0.015527751718357722,0.028342864771517103,0.08582501728233183,0.1382673243570025,0.000883432207047008,0.012010594182356726,0.13859757118473956,0.13883304152971926,1.7277562522961313e-33,0.13859757118473956,0.14187947969276815,0.4152167863997426,0.4296029604369518,0.6703091314555084,0.7569956432299814,0.6703091314555083,0.7623791131358888,0.6427542266320154,0.7214751532103332
7,2,0.6054994568201186,0.23818848942524246,0.3990566605438981,0.2996937114604639,32,1024,False,0.1658247229881212,0.16557426628962496,0.0002504566984969388,0.1783808979748011,0.1699355572120822,0.1387753485006599,0.13264815902898458,9.588653606767976e-33,0.16557426628962496,2.341854988837506e-05,0.16405913790380902,0.16408255645369707,0.0001427241895453013,0.0044970665941570075,0.005279129710664518,0.005412741932099116,0.16465642750141768,0.09245185380434612,0.18509884319697367,-0.016264563206564768,0.02595643983127418,0.1108199637310463,0.16844187470996985,-0.00022866379003971815,0.009852796472841874,0.16557426628962496,0.1658247229881212,9.588653606767976e-33,0.16557426628962496,0.1783808979748011,0.4152167863997426,0.42768183315895003,0.6703091314555084,0.7269468027283323,0.6703091314555083,0.7323618864936027,0.710440157717376,0.7886625670658657
7,3,0.634842782829757,0.265330834227655,0.4269723618206944,0.14666800606941247,32,1024,False,0.52594214452379,0.5258263553062215,0.0001157892175659541,0.5492389413577369,0.5240312251479636,0.24364809963236098,0.23942989936473785,4.334408569688493e-33,0.5258263553062215,0.0002238842142239453,0.5297003787565109,0.529924262970735,0.00042248341860940465,0.007706944941362288,0.007259966602695378,0.007744437002765233,0.5167712585452683,0.1872236581942981,0.30007254107042386,-0.014049047571779568,0.03069065934068721,0.2058034184447024,0.2828293046914041,0.0023913743425509892,0.01415636947058374,0.5258263553062215,0.52594214452379,4.334408569688493e-33,0.5258263553062215,0.5492389413577369,0.4152167863997426,0.40816298877037444,0.6703091314555084,0.6930974050316722,0.6703091314555083,0.6930974050316724,0.7183014983484497,0.8219522150815476
7,4,0.7232860295253537,0.39896372378457085,0.5631203946885164,0.48278200845360586,32,1024,False,0.1728367492938263,0.17280255854513363,3.419074869356678e-05,0.1831161662562399,0.17652690577094127,0.13978175071300172,0.1364371567681672,6.1292030569219265e-33,0.17280255854513354,7.958534532438041e-05,0.17655516671533927,0.1766347520606638,0.000450564480635427,0.008445841642985863,0.006671576125764415,0.00716846542817884,0.16985532964517686,0.09299773450030366,0.1865657669256998,-0.01364597590854835,0.03150149506261353,0.11112908116047038,0.1696320060364087,0.0026548889800324105,0.014734316340764053,0.17280255854513363,0.1728367492938263,6.1292030569219265e-33,0.17280255854513354,0.1831161662562399,0.3852643737531603,0.40215778363354326,0.28235070902038784,0.30219761757321745,0.28235070902038784,0.30219761757321745,0.32294792163564834,0.43906975190249437
7,5,0.7894717669436397,0.5667191428513892,0.722025317795454,0.8575707581137623,32,1024,False,0.03297188258588503,0.03294572190325472,2.616068263041767e-05,0.03249848843108566,0.03753488455089502,0.03188238421779801,0.0371743791055506,1.5073003960177205e-34,0.03294572190325472,4.771011951269154e-05,0.03207325844629121,0.03212096856580385,0.0014853263037492583,0.0018795760987896418,0.003016696782444587,0.002970051439984719,0.034518187768450434,0.0021848721704412835,0.061579896265154734,-0.018726615409121357,0.022438935517128576,0.01922881837526802,0.0448390381570789,-0.003057688067201525,0.006444195874792058,0.03294572190325472,0.03297188258588503,1.5073003960177205e-34,0.03294572190325472,0.03249848843108566,0.28422591497596655,0.2697022037872999,0.1355974314632426,0.15647442420004046,0.1355974314632426,0.15647442420004046,0.061053038279249655,0.07186884279930071
7,6,0.9553642960915236,0.8112290996521606,0.8939759824246952,0.9420034127738613,32,1024,False,0.00959355859920317,0.009592790472032878,7.681271702795808e-07,0.009057947737504155,0.011737191933954711,0.0061165783514892606,0.00896111944407319,6.436264801002668e-33,0.00959279047203288,2.661098786668878e-06,0.009342090431819253,0.009344751530605936,0.0002847693465099897,0.0007738123659537326,0.0020740610888207874,0.002226305018952788,0.009663130845133924,-0.017191627810183005,0.029424784513161523,-0.018376218132141582,0.020109386572486593,-0.0003497756988508627,0.01294875215535285,-0.00341363678307971,0.004951966941007413,0.009592790472032878,0.00959355859920317,6.436264801002668e-33,0.00959279047203288,0.009057947737504155,0.28422591497596655,0.2772452496028997,0.009268185438450018,0.009478423139395882,0.009268185438450018,0.009478423139395882,0.01327116833146465,0.014382050828255152
7,8,0.9347652304222571,0.805728044265473,0.8915391069191902,0.9725257506224361,32,1024,False,0.012367344009250948,0.012369661968969997,-2.317959719033464e-06,0.010915470837809802,0.01598216164039967,0.0071199622870841564,0.012143517090452756,1.2725524811122816e-33,0.012369661968969995,7.229572513374273e-06,0.012519966956618729,0.012527196529132078,0.0005771101695867751,0.003146636206918426,0.002229390450733887,0.0053749772080116985,0.013752771189665782,-0.016517685773405896,0.030757610347574207,-0.01339997147116907,0.025079201229265064,0.00013293721713125706,0.014025883843714837,0.0016018444803194143,0.009963294978660997,0.012369661968969997,0.012367344009250948,1.2725524811122816e-33,0.012369661968969995,0.010915470837809802,0.28422591497596655,0.3041249457754912,0.011429230725421808,0.011942990613033812,0.011429230725421808,0.011942990613033812,0.008307722372758147,0.007438472884407596
7,9,0.9004721350148565,0.6968585587689192,0.8145825284231235,0.9071278768055824,32,1024,False,0.035035801297056704,0.03503466260422472,1.1386928317799923e-06,0.03428667098513298,0.03929077834011456,0.023580005920789772,0.02662005764082499,2.7273093942467644e-36,0.03503466260422472,2.0070961082682625e-05,0.035994895238469486,0.03601496619955207,0.0005572950137304933,0.006902289803651526,0.00624868681257761,0.009242458892892646,0.03304209152753695,-0.004550190432105371,0.05171020227368492,-0.011024102215418111,0.029973037163241473,0.012783349331584759,0.03544040363340173,0.00470226829929743,0.014115929800027516,0.03503466260422472,0.035035801297056704,2.7273093942467644e-36,0.03503466260422472,0.03428667098513298,0.28422591497596655,0.2958242349473167,0.024818290337441488,0.022924614207903194,0.024818290337441488,0.022924614207903194,0.034117985887301076,0.03406175752135711
7,10,0.8705387611336265,0.6135755505110599,0.7503132225367806,0.9224200010912101,32,1024,False,0.05938503967942351,0.05938959392538193,-4.554245958382667e-06,0.053576641474329244,0.06179773296566253,0.028730808298685483,0.03314632588928398,2.5196342498205503e-33,0.05938959392538193,3.28304299642618e-05,0.05934976900741697,0.05938259943738118,0.0005528627960936842,0.00848650115507773,0.00793624019151069,0.011477114737137707,0.05386149277415184,-0.0015883021802276243,0.05904991877759859,-0.008983960043511735,0.03230642825653435,0.01587664123508148,0.042763676450704224,0.006727079897245858,0.016302502706821542,0.05938959392538193,0.05938503967942351,2.5196342498205503e-33,0.05938959392538193,0.053576641474329244,0.28422591497596655,0.3013459730954762,0.05867449086939655,0.05940275506869187,0.05867449086939655,0.05940275506869187,0.034117985887301076,0.027631767358291686
7,11,0.5847670229880139,0.48539127934328424,0.6445692061904302,0.8162113099721942,32,1024,False,0.06453143162161837,0.06453252294945422,-1.0913278354367682e-06,0.06178281771397958,0.0645518824264198,0.03267341510282361,0.03033631764535487,3.061652170043739e-34,0.06453252294945422,4.82543617012615e-05,0.06367217004600047,0.06372042440770158,0.0007572824906581951,0.012498728944245802,0.0118361322478329,0.016463907672799125,0.052715750178586894,0.0018927369144265647,0.06345409329122065,-0.004927770604088215,0.037932976558473976,0.01923846558929654,0.0470162635538145,0.011079551979491953,0.02155907951964764,0.06453252294945422,0.06453143162161837,3.061652170043739e-34,0.06453252294945422,0.06178281771397958,0.4152167863997426,0.49979414100725916,0.1355974314632426,0.14723120263001752,0.1355974314632426,0.14723120263001752,0.10435117435905314,0.12454437055977118
8,0,0.5299868148390832,0.18818124096584204,0.347472390202692,0.2390101785305469,32,1024,False,0.42359085708908545,0.42322804566117306,0.00036281142791455995,0.40199777043154244,0.42961045565199374,0.17731074426211163,0.19681261358586713,2.2015982748481995e-32,0.42322804566117295,1.5506658598505644e-05,0.42474305964706793,0.4247585663056656,3.6506994393014104e-05,0.00395342463040238,0.006522290961410182,0.006887874607310149,0.4230881646905836,0.12478232030046957,0.2298391682237537,-0.017263557658730534,0.025697313978322513,0.14253592267050408,0.21207307251461316,-0.0012688419810729101,0.00926861388143152,0.42322804566117306,0.42359085708908545,2.2015982748481995e-32,0.42322804566117295,0.40199777043154244,0.6187322993457541,0.68568111006615,0.6703091314555084,0.8887676070721173,0.6703091314555083,0.8887676070721173,0.710440157717376,0.8566910613273683
8,1,0.556534847740973,0.20897098585603233,0.3722113406811052,0.4354530389355216,32,1024,False,0.11580107825678594,0.11556319331164566,0.000237884945141003,0.11832843133200388,0.11650079314453222,0.10019236795099724,0.09911999900811921,9.346946750593703e-33,0.11556319331164566,2.0814492295979743e-07,0.11284671849159116,0.11284692663651434,1.8444890717338077e-06,0.0050335878093676675,0.004614069956132586,0.004867667173420599,0.11188672318839964,0.05820553540546051,0.142179200496534,-0.016018765210661697,0.026338826101623438,0.07597374041506555,0.12526370663545094,0.00015328450535889715,0.010309445446182508,0.11556319331164566,0.11580107825678594,9.346946750593703e-33,0.11556319331164566,0.11832843133200388,0.5791600673129336,0.6736779373799652,0.6703091314555084,0.7569956432299814,0.6703091314555083,0.7623791131358888,0.4187793436222423,0.5291097278721537
8,2,0.5385030986691794,0.22840402624762593,0.38942977892187824,0.32678585091694945,32,1024,False,0.22980817328642408,0.2295585841616358,0.00024958912478661587,0.24200845566068147,0.2314042973098902,0.16143589799400757,0.15488381864711342,1.745966975971899e-32,0.22955858416163574,5.8463207082344036e-05,0.2262839958524539,0.22634245905953612,0.00025829536060207833,0.004114806909814222,0.0037860104803489544,0.003914682315099983,0.22761828682954124,0.1124428487877327,0.21042894720028243,-0.015978891401878165,0.024805475665312292,0.1308197890757583,0.19356720263749594,-0.00022696031373925507,0.009085152778425254,0.2295585841616358,0.22980817328642408,1.745966975971899e-32,0.22955858416163574,0.24200845566068147,0.6187322993457541,0.7033085215451702,0.6703091314555084,0.7269468027283323,0.6703091314555083,0.7323618864936027,0.6507427604132613,0.7886625670658657
8,3,0.5598267967575344,0.24891121282603987,0.4114472876199624,0.19183381735396973,32,1024,False,0.4592495223668068,0.4591367228154378,0.00011279955136895729,0.47904192882040775,0.45783009401240127,0.2378766380544252,0.23510526363845138,4.023459048462965e-33,0.45913672281543777,0.0001870450903473996,0.4611880453865441,0.46137509047689174,0.0004054078648980896,0.005782201122725549,0.0044494493138480425,0.004897859175626634,0.4533806446985532,0.18199976198920506,0.29375351411964534,-0.014905406555149318,0.027653828510523164,0.20052898922585882,0.2765031910603284,0.0012008876074105501,0.011481146291771438,0.4591367228154378,0.4592495223668068,4.023459048462965e-33,0.45913672281543777,0.47904192882040775,0.5791600673129336,0.5960852731423198,0.6703091314555084,0.6930974050316722,0.6703091314555083,0.6930974050316724,0.7183014983484497,0.8219522150815476
8,4,0.6362365455299254,0.36605756440749576,0.5332242960343014,0.5103473301764403,32,1024,False,0.13989358537815064,0.13985898747825362,3.4597899896293355e-05,0.14758256502009587,0.14566730009866263,0.1247866125903063,0.1231743969761428,1.4891496618498376e-33,0.1398589874782536,5.296172951411788e-05,0.1430533068390205,0.14310626856853434,0.0003700867197774375,0.006868584329877261,0.004460923383877372,0.004885041256593464,0.14120637671478525,0.07990853352156997,0.16966469165904263,-0.01426011592578137,0.028883757192472423,0.09796971071045846,0.15279912460391643,0.0018557595831225626,0.012502943573053926,0.13985898747825362,0.13989358537815064,1.4891496618498376e-33,0.1398589874782536,0.14758256502009587,0.3852643737531603,0.44685026968002595,0.2825079823735723,0.3537315434067483,0.2825079823735723,0.3537315434067483,0.32294792163564834,0.43906975190249437
8,5,0.7056303625806483,0.5057867351397076,0.6716093245518076,0.8367893785439584,32,1024,False,0.029463481682820127,0.029431151157220843,3.2330525599370014e-05,0.02928492779968264,0.035115075244575245,0.029536853533616677,0.03551268259466477,1.0194076446940131e-33,0.029431151157220847,3.487236523851405e-05,0.029004656886642048,0.02903952925188068,0.0012008584896828387,0.0023552009886561266,0.0025235619465315074,0.002173169789944328,0.03259151329804374,0.00046629458304095137,0.058607412484192406,-0.01823650145861934,0.02230985268560373,0.01749915283289738,0.04190789600397693,-0.0026571749185677618,0.006540178874274716,0.029431151157220843,0.029463481682820127,1.0194076446940131e-33,0.029431151157220847,0.02928492779968264,0.3852643737531603,0.4331718332135594,0.1355974314632426,0.15647442420004046,0.1355974314632426,0.15647442420004046,0.061053038279249655,0.07186884279930071
8,6,0.8803612808037337,0.6784072351283512,0.8046890244617784,0.9244785702113599,32,1024,False,0.010490545643528887,0.010485182176849066,5.363466679755261e-06,0.010819093944682135,0.010898082577009732,0.008888348401991878,0.008672879567711175,1.3222035542567892e-33,0.010485182176849073,2.2798689952278238e-06,0.010755406495289265,0.0107576863642845,0.00021192930505921652,0.0011283642703287752,0.001699958739517733,0.0010144531652434452,0.009198123837491998,-0.015070908146761586,0.032847604950745346,-0.018577701176686293,0.02004747110427093,0.0019551371224224567,0.016450891045678873,-0.0035423550361883827,0.0048727947505540214,0.010485182176849066,0.010490545643528887,1.3222035542567892e-33,0.010485182176849073,0.010819093944682135,0.28422591497596655,0.2772452496028997,0.024818290337441488,0.02761812961599336,0.024818290337441488,0.02761812961599336,0.01327116833146465,0.014382050828255152
8,7,0.9347652304222571,0.805728044265473,0.8915391069191902,0.9725257506224361,32,1024,False,0.010032966792753624,0.01002722366547599,5.743127277666237e-06,0.011942990613033812,0.007367482668343692,0.010721286186761811,0.006439854241387293,2.4392470306519342e-33,0.01002722366547599,1.7482194372865336e-06,0.0101421188789655,0.010143867098402794,0.00017234250215697325,0.00044870588017523335,5.158727370797109e-05,-0.0007784534778523921,0.007315895394635721,-0.012977719076981451,0.03442029145050507,-0.01829175552133775,0.01802432518803665,0.0040285439463332295,0.018047495374048594,-0.0040480257594026625,0.0037322799616958946,0.01002722366547599,0.010032966792753624,2.4392470306519342e-33,0.01002722366547599,0.011942990613033812,0.28422591497596655,0.30723269811377424,0.011429230725421808,0.010915470837809802,0.011429230725421808,0.010915470837809802,0.008307722372758147,0.007095966292666259
8,9,0.9742447526951643,0.8535786282670728,0.9176862880484868,0.9404634516180769,32,1024,False,0.017934882604797003,0.01793208051767939,2.802087117696561e-06,0.019379697405795336,0.0188596371811337,0.014877923139282063,0.01335365608663524,1.5926398283998093e-33,0.01793208051767939,1.883927303498533e-08,0.018532222923494206,0.018532241762767285,1.0165674113336302e-06,0.0013734529464965461,0.0013381670900377506,0.0023758748568029537,0.01752147009109595,-0.010034116284390632,0.03978996256295476,-0.01640237879365577,0.0210080794102143,0.007118949441064615,0.023535508626082446,-0.0017115363443735987,0.006324291345663369,0.01793208051767939,0.017934882604797003,1.5926398283998093e-33,0.01793208051767939,0.019379697405795336,0.1555143921540561,0.18409733315552285,0.00853633233638194,0.004393203899543452,0.00853633233638194,0.004393203899543452,0.01327116833146465,0.012398521320845981
8,10,0.93766931865025,0.7288925109188082,0.8368862792061019,0.9428416587281219,32,1024,False,0.028644841011550473,0.028647504005250967,-2.6629937006591964e-06,0.027138969215216344,0.02952952446968713,0.016745722173668483,0.0178495065285601,1.0867085925251443e-34,0.028647504005250967,1.7146953304296633e-06,0.029126353881411375,0.029128068576741724,5.8867457205824447e-05,0.001957035323466742,0.0017305784178253132,0.0037532312587207836,0.02779894605186182,-0.009589796584119886,0.04308124093145685,-0.014918996919280487,0.022460477267145427,0.007679558060772251,0.026874857627262827,-0.00027004306321032345,0.0077605553742614575,0.028647504005250967,0.028644841011550473,1.0867085925251443e-34,0.028647504005250967,0.027138969215216344,0.28422591497596655,0.3013459730954762,0.020057178409888195,0.012975387604560046,0.020057178409888195,0.012975387604560046,0.01327116833146465,0.010503919493820027
8,11,0.593827771665643,0.5580974978278987,0.7087970146405199,0.8436678332545237,32,1024,False,0.04786282712902114,0.047862828448885744,-1.3198646648959856e-09,0.04653924887765671,0.048934149651647864,0.027543193821864306,0.026763267917038803,5.240166970668496e-34,0.047862828448885744,5.446059912789335e-05,0.04807050941826207,0.04812497001738989,0.0011316495180820703,0.004563043393538797,0.003962428009491046,0.00739157559051814,0.04497172164215682,-0.0018185499478356529,0.056904937591564266,-0.01205059062976746,0.027114755126380126,0.015091884466528427,0.04004758356313687,0.003157318882585969,0.011769327596994117,0.047862828448885744,0.04786282712902114,5.240166970668496e-34,0.047862828448885744,0.04653924887765671,0.4152167863997426,0.49979414100725916,0.1355974314632426,0.14723120263001752,0.1355974314632426,0.14723120263001752,0.061053038279249655,0.06084694508100017
9,0,0.48508370887118124,0.1832250046186361,0.3423380351148176,0.25397330414921704,32,1024,False,0.539778094829939,0.5394177383612655,0.00036035646867110365,0.5098868544382864,0.5419801733333075,0.21429006090908456,0.23516707339827148,5.4535765608045136e-33,0.5394177383612655,3.8979859649616874e-06,0.5364320562124303,0.5364359541983942,7.266451725418959e-06,0.0036040067224048715,0.006053974742029205,0.0064183585138523165,0.5359261985912783,0.15832097525380695,0.2702591465643622,-0.017531754698324797,0.025265889696279263,0.1759249648603145,0.25205720641679363,-0.0015357375450548716,0.008897857449483126,0.5394177383612655,0.539778094829939,5.4535765608045136e-33,0.5394177383612655,0.5098868544382864,0.6187322993457541,0.68568111006615,0.6703091314555084,0.8887676070721173,0.6703091314555083,0.8887676070721173,0.710440157717376,0.8566910613273683
9,1,0.5113934512930712,0.20217570379946193,0.36587642676434373,0.37075864360526734,32,1024,False,0.16671019654946895,0.16646233890635012,0.00024785764311886256,0.16710848362272157,0.17120079440832023,0.1334487852082462,0.1347078773133808,8.835107376877281e-34,0.16646233890635015,2.4509572702589788e-05,0.16578818372291923,0.16581269329562137,0.00014781481571433477,0.00502839093069549,0.004656407424519748,0.004910717786084984,0.16654438698380047,0.08707518746705604,0.17982238294943637,-0.016111845487837735,0.02642110040605821,0.10481175319000613,0.1625208152763662,8.601053559686989e-05,0.01034746319783153,0.16646233890635012,0.16671019654946895,8.835107376877281e-34,0.16646233890635015,0.16710848362272157,0.6187322993457541,0.6736779373799652,0.6703091314555084,0.7569956432299814,0.6703091314555083,0.7623791131358888,0.6507427604132613,0.7214751532103332
9,2,0.4921760856902033,0.21875950409994618,0.37748090877624946,0.29485926321504496,32,1024,False,0.11872537120967742,0.11847062850917683,0.0002547427005002924,0.1290498934505959,0.12721964578654837,0.11212314547817813,0.11114567394332249,6.354323895361826e-33,0.11847062850917683,6.86457583207711e-08,0.11872984737823582,0.1187299160239943,5.781673281643556e-07,0.004374678706939239,0.003687995506691776,0.0038177507771908832,0.1235316502798566,0.06912762333458308,0.15511866762177318,-0.015771254124538052,0.02512705136924972,0.08712933601054829,0.138421594776446,-4.841196641791612e-06,0.009362591452372726,0.11847062850917683,0.11872537120967742,6.354323895361826e-33,0.11847062850917683,0.1290498934505959,0.6187322993457541,0.7033085215451702,0.6703091314555084,0.7269468027283323,0.6703091314555083,0.7323618864936027,0.710440157717376,0.7886625670658657
9,3,0.5125268035589993,0.23694245671440764,0.4012607214945366,0.120379885817968,32,1024,False,0.3426254262390495,0.342506401318438,0.00011902492061086471,0.3604486710889574,0.3474171613992842,0.21571014404761274,0.2139949557760821,5.328585932932828e-33,0.342506401318438,0.00010368906556394281,0.3465786043775625,0.3466822934431269,0.00029908959160890335,0.005561789468891957,0.004352712545474085,0.004806049215135285,0.3430644488538101,0.161804985608448,0.26961530248677745,-0.015039575299606735,0.02734423553507743,0.18030459946021438,0.2524966747587314,0.0010008163444581442,0.01117709519166965,0.342506401318438,0.3426254262390495,5.328585932932828e-33,0.342506401318438,0.3604486710889574,0.6187322993457541,0.6434920366608751,0.6703091314555084,0.6930974050316722,0.6703091314555083,0.6930974050316724,0.7798924925104326,1.1993363139319078
9,4,0.589532179323602,0.34130031498903757,0.5056877862605754,0.4029934480701346,32,1024,False,0.1345047457140966,0.13446364505603953,4.1100658057715676e-05,0.14240929513423098,0.14325248272465266,0.11880448143695023,0.11961245663540926,4.6796875781805085e-33,0.13446364505603953,4.636578331798063e-05,0.13721122048559672,0.13725758626891468,0.0003378012434747389,0.006226990995116901,0.00451269535288526,0.004929490026455645,0.1387397873717674,0.07451407021747172,0.16309489265642874,-0.014760003956679606,0.02816186105249105,0.09248463340918534,0.1462128710700199,0.0013044225197518244,0.01180322203435935,0.13446364505603953,0.1345047457140966,4.6796875781805085e-33,0.13446364505603953,0.14240929513423098,0.4152167863997426,0.44685026968002595,0.2825079823735723,0.4128302989516925,0.2825079823735723,0.4128302989516925,0.6507427604132613,0.6806447289590867
9,5,0.6609827705541269,0.4648404027362447,0.6281332648111113,0.7582085279763502,32,1024,False,0.038704571347402066,0.038665948342459164,3.862300494325189e-05,0.035034889858892714,0.04541710270271135,0.03510976385676823,0.04501973125903471,1.063684742016643e-34,0.038665948342459164,2.7111935177035195e-05,0.03794002856362116,0.03796714049879821,0.0007140894684416221,0.002322062006638037,0.0032143499573846247,0.0030959958252109523,0.04220275274532673,0.0042683387554697805,0.06595118895806668,-0.018657080459396607,0.023040107518751834,0.021338231104891747,0.04916174832760589,-0.002868820127332583,0.006902141263708472,0.038665948342459164,0.038704571347402066,1.063684742016643e-34,0.038665948342459164,0.035034889858892714,0.3852643737531603,0.4331718332135594,0.1355974314632426,0.1910253031869282,0.1355974314632426,0.1647934204104972,0.1173287209320883,0.13744299779619648
9,6,0.8384042586278521,0.6022528246007235,0.7403445077196942,0.8301955062299728,32,1024,False,0.015141337755122216,0.015130563446049261,1.0774309072921416e-05,0.01337315715327731,0.017476023912146903,0.012096346838123613,0.01572960350783029,6.295460628510439e-33,0.015130563446049265,4.913457468124213e-06,0.015964068628018146,0.01596898208548622,0.0003076875809504429,0.0019168539246546881,0.0037252327970278267,0.003510489736715702,0.013750791115119076,-0.01322898156366991,0.037421675239917136,-0.018204939387120745,0.022223097282991416,0.0036995956688770093,0.020873396875686012,-0.002702895122638438,0.006446058796427678,0.015130563446049261,0.015141337755122216,6.295460628510439e-33,0.015130563446049265,0.01337315715327731,0.28422591497596655,0.2772452496028997,0.05867449086939655,0.06244576920480238,0.05867449086939655,0.06244576920480238,0.061053038279249655,0.06812180970459093
9,7,0.9004721350148565,0.6968585587689192,0.8145825284231235,0.9071278768055824,32,1024,False,0.015644114707871453,0.01563422184376867,9.892864102873904e-06,0.015707737393230645,0.014331644600444851,0.014593082101226135,0.013053926868554321,9.905597499348522e-35,0.01563422184376867,6.272389896371514e-07,0.016164001257966677,0.016164628496956285,3.880318002701127e-05,0.0008615334931131844,0.001862976121215053,0.00156800294058863,0.012468668479229799,-0.01089020048784788,0.040076364690300154,-0.018548220983946068,0.02032625171098173,0.00624067171884235,0.0237577113948646,-0.0034654729461180978,0.005034331727074459,0.01563422184376867,0.015644114707871453,9.905597499348522e-35,0.01563422184376867,0.015707737393230645,0.28422591497596655,0.30723269811377424,0.024818290337441488,0.02664040092628366,0.024818290337441488,0.02664040092628366,0.034117985887301076,0.04075823211401139
9,8,0.9742447526951643,0.8535786282670728,0.9176862880484868,0.9404634516180769,32,1024,False,0.004592500875199208,0.0045888646871433385,3.636188055836646e-06,0.004393203899543452,0.004163127778491009,0.004735891252102401,0.004865917173201242,2.2148760506953408e-33,0.004588864687143342,1.7257322091129784e-06,0.004459840593422858,0.004461566325631973,0.0003867996311516296,0.0010791950447481336,0.0011854536822352743,0.0015443980444878633,0.0029776740962557343,-0.016194292163473043,0.025666074667677844,-0.01760519757275784,0.02038302988345708,-0.0002810876030707732,0.009597309392120223,-0.0028159497378510423,0.005384774245612789,0.0045888646871433385,0.004592500875199208,2.2148760506953408e-33,0.004588864687143342,0.004393203899543452,0.1555143921540561,0.16925268199537544,0.00853633233638194,0.00965769926457687,0.00853633233638194,0.00965769926457687,0.01327116833146465,0.01517482628851877
9,10,0.9674690610988371,0.8348459528788832,0.9082218983810774,0.9499050736778811,32,1024,False,0.006025043495594166,0.0060277381174468295,-2.6946218526403646e-06,0.004552751152539532,0.0056623705137135855,0.0013003192497889804,0.0019033557573651643,1.953706669010161e-33,0.0060277381174468295,7.159763646806884e-07,0.005888340669914687,0.005889056646279375,0.00012157742872672696,0.000828678733351149,0.0005897160792344382,0.0018119697942976822,0.005072654434479147,-0.01975078612743501,0.022351424627012968,-0.0162256001174438,0.01995982086810959,-0.00372052940656431,0.006276996056840289,-0.002052188116067555,0.005702058238966856,0.0060277381174468295,0.006025043495594166,1.953706669010161e-33,0.0060277381174468295,0.004552751152539532,0.1555143921540561,0.16923817769964852,0.00853633233638194,0.009625789813977654,0.00853633233638194,0.009625789813977654,0.008307722372758147,0.009559379446164354
9,11,0.6362429113133855,0.6211266418664214,0.7635348684398667,0.8290227220140888,32,1024,False,0.1380069302068025,0.13800621838089605,7.118259064136659e-07,0.1346494601844138,0.13927804753412287,0.07838175398904848,0.07825204948173346,9.77603773107911e-34,0.13800621838089605,0.0002759417333223572,0.13752548506588141,0.13780142679920354,0.002002459188789416,0.002960130267110624,0.002897553098003396,0.005527640201378557,0.13638049443611946,0.03949853429810034,0.11726497367999662,-0.01388781481214909,0.024399098880877386,0.056878721617977135,0.10020354855805635,0.0010364719200879335,0.00933648975478718,0.13800621838089605,0.1380069302068025,9.77603773107911e-34,0.13800621838089605,0.1346494601844138,0.3852643737531603,0.41419486709053926,0.05867449086939655,0.04982483323616455,0.05867449086939655,0.04982483323616455,0.08935779534153834,0.06084694508100017
10,0,0.5235370964767811,0.1788241220114784,0.3408408337752501,0.2333178209551905,32,1024,False,0.16963077069178306,0.1692616828154161,0.0003690878763674396,0.16413183749138435,0.1766898991318862,0.12104416489034997,0.13279433065686255,6.859972442169294e-33,0.1692616828154161,5.4844340661973855e-05,0.17257871700017036,0.17263356134083208,0.0003176922276062773,0.0035928862089230364,0.00573154444374329,0.006091318307852815,0.1709583546881429,0.07503255777294264,0.16705577200775729,-0.01733302628447436,0.02503736950809084,0.09297838626662269,0.15004729419160867,-0.0013861463230568916,0.008789434788923245,0.1692616828154161,0.16963077069178306,6.859972442169294e-33,0.1692616828154161,0.16413183749138435,0.6187322993457541,0.68568111006615,0.6703091314555084,0.8887676070721173,0.6703091314555083,0.8887676070721173,0.710440157717376,0.8566910613273683
10,1,0.5465140537380497,0.1962564293129275,0.35805285562646927,0.4204799665623622,32,1024,False,0.0742434562883616,0.07399578628617377,0.0002476700021876613,0.08466555352295975,0.07288234996320131,0.08123373369570173,0.06984102477828752,2.8680719546151334e-33,0.07399578628617377,1.234047693496975e-05,0.07437660045072252,0.07438894092765769,0.00016589128412206741,0.004979438094611646,0.004315860465493891,0.0045633262995916826,0.06856648949770741,0.04350181661093668,0.11896565078046678,-0.016035393106991033,0.02624207479768224,0.061189645748527255,0.10225234847894171,0.000158996983373072,0.01026105880009709,0.07399578628617377,0.0742434562883616,2.8680719546151334e-33,0.07399578628617377,0.08466555352295975,0.5791600673129336,0.6736779373799652,0.6703091314555084,0.7569956432299814,0.6703091314555083,0.7623791131358888,0.6427542266320154,0.7214751532103332
10,2,0.5242130625324564,0.2110930587847346,0.3722404973163566,0.3206331014372757,32,1024,False,0.21988637171055192,0.21962994124513074,0.0002564304654212995,0.2340332898933634,0.21698375365023587,0.1683737156756056,0.1579795240423462,1.1395123509308715e-32,0.2196299412451308,7.083596844862051e-05,0.2150569629561321,0.2151277989245818,0.0003292738958085736,0.004426898865255615,0.0037703683133416166,0.003888156250877753,0.21321338533689424,0.11908501203764013,0.21766241931357108,-0.01580234213524452,0.025231176589200432,0.13738434374681674,0.20067913398088422,-4.51362575404346e-06,0.009429250560060609,0.21962994124513074,0.21988637171055192,1.1395123509308715e-32,0.2196299412451308,0.2340332898933634,0.6187322993457541,0.7033085215451702,0.6703091314555084,0.7269468027283323,0.6703091314555083,0.7323618864936027,0.6507427604132613,0.7886625670658657
10,3,0.5445809615200337,0.23019656587706877,0.3941039967676909,0.1662596203919941,32,1024,False,0.5259903214516249,0.5258735836991271,0.00011673775250290564,0.5438765591703685,0.5234879792421304,0.2521815991959096,0.24716199767112032,3.983652045240868e-33,0.5258735836991271,0.00022498971671401277,0.5280042234242613,0.5282292131409757,0.0004259319839131402,0.004416287014217368,0.0030043839278863236,0.0033950820725988104,0.520483595314244,0.1951928616486876,0.3091703367431316,-0.01578271614045553,0.025707207746480908,0.21372618097666418,0.29183618156821467,7.206797454273328e-05,0.009745129660586827,0.5258735836991271,0.5259903214516249,3.983652045240868e-33,0.5258735836991271,0.5438765591703685,0.5791600673129336,0.5960852731423198,0.6703091314555084,0.6930974050316722,0.6703091314555083,0.6930974050316724,0.7183014983484497,0.8219522150815476
10,4,0.6186945144755306,0.3258390520124819,0.49121952658003487,0.4805979458026834,32,1024,False,0.17041128999474192,0.1703714943182322,3.979567650945565e-05,0.1758909111959974,0.17654773777962976,0.14449483764545243,0.14306478147112733,3.5972091516832705e-34,0.17037149431823218,6.524246733541827e-05,0.17405101415335958,0.17411625662069494,0.00037470635196084126,0.00518951843561128,0.0033388843136200747,0.003589066243865517,0.17320885346600967,0.0975205801787625,0.19146909511214236,-0.015587344189453723,0.026668572999359107,0.11570354268769734,0.17456249379029032,0.00038495515764225274,0.010487866151379421,0.1703714943182322,0.17041128999474192,3.5972091516832705e-34,0.17037149431823218,0.1758909111959974,0.4152167863997426,0.44685026968002595,0.5233668678869294,0.5829782724277841,0.5033147002824052,0.5776234352395875,0.32294792163564834,0.43906975190249437
10,5,0.6838714123179159,0.4338653325777361,0.594278100178698,0.8151657993671758,32,1024,False,0.05704788865954342,0.05700650190380792,4.138675573541218e-05,0.05570695267388468,0.06137049931516179,0.053790178919315444,0.05860784734269259,7.765472795285776e-34,0.05700650190380792,5.941313533599309e-05,0.055607329896620115,0.055666743031956116,0.001067300368226794,0.0020962610755254863,0.0023706110613037914,0.0021430823012713544,0.058999888253858,0.01967949838145381,0.08790085945717707,-0.0185557269555522,0.022047052136541713,0.037105563897057436,0.0712476422340842,-0.002986296283779666,0.006230532053450588,0.05700650190380792,0.05704788865954342,7.765472795285776e-34,0.05700650190380792,0.05570695267388468,0.3852643737531603,0.4331718332135594,0.17648871732849483,0.21407317056731157,0.18542949738636705,0.21407317056731157,0.1173287209320883,0.13744299779619648
10,6,0.8233433602208992,0.5451037675162634,0.6902115765835729,0.8785624998687364,32,1024,False,0.030719494417430427,0.030705872779171216,1.362163825917258e-05,0.030494900783107962,0.02992743422959063,0.027849437752497604,0.027307139439822072,1.6477534380448043e-33,0.03070587277917122,5.362944244137224e-07,0.03111838164518675,0.03111891793961113,1.7233710550426165e-05,0.0019308445673547649,0.003266838451159599,0.0032484161077825733,0.02666059577843103,-0.0013008992429119695,0.05699977474790718,-0.017969748589977047,0.02229885242083495,0.016108642870676704,0.040691310045076534,-0.0024841280028340407,0.006594819613383152,0.030705872779171216,0.030719494417430427,1.6477534380448043e-33,0.03070587277917122,0.030494900783107962,0.28422591497596655,0.2772452496028997,0.1355974314632426,0.14017266762992694,0.1355974314632426,0.1405737251076053,0.061053038279249655,0.06812180970459093
10,7,0.8705387611336265,0.6135755505110599,0.7503132225367806,0.9224200010912101,32,1024,False,0.03167341640184194,0.031658271505151755,1.5144896690277322e-05,0.03290089369651144,0.02809227424548854,0.030214938696752767,0.025705419827922085,5.300167887012936e-34,0.03165827150515176,4.902869545900506e-06,0.03198913567467616,0.03199403854422207,0.00015324322183095994,0.0007363125376249937,0.0014423602240524814,0.0014997405530041727,0.026649914021436058,0.0009775475956291906,0.059452329797876347,-0.01856740492594091,0.02059809019536979,0.01840512725902954,0.043144068447872996,-0.0033795161798479967,0.005231799426837824,0.031658271505151755,0.03167341640184194,5.300167887012936e-34,0.03165827150515176,0.03290089369651144,0.28422591497596655,0.30723269811377424,0.05867449086939655,0.06235643332266586,0.05867449086939655,0.06235643332266586,0.034117985887301076,0.04075823211401139
10,8,0.93766931865025,0.7288925109188082,0.8368862792061019,0.9428416587281219,32,1024,False,0.01284513537743005,0.012835664163477624,9.47121395250747e-06,0.012975387604560046,0.010831640772582299,0.013769836249672355,0.012376081230052814,7.016791723900163e-36,0.012835664163477624,5.3063957749726544e-08,0.012743507603812475,0.012743560667770265,4.163982040273138e-06,0.001181687865229809,0.001318873800135272,0.0019743100717446297,0.009512766972447026,-0.009612731648725515,0.03715240414807022,-0.0174329312266759,0.0210207007796442,0.0069747439920320176,0.02039277153380681,-0.002481109077052679,0.005873454152606428,0.012835664163477624,0.01284513537743005,7.016791723900163e-36,0.012835664163477624,0.012975387604560046,0.28422591497596655,0.3041249457754912,0.020057178409888195,0.027138969215216344,0.020057178409888195,0.027138969215216344,0.01327116833146465,0.01517482628851877
10,9,0.9674690610988371,0.8348459528788832,0.9082218983810774,0.9499050736778811,32,1024,False,0.0049167641665264,0.004908369152395824,8.39501413058624e-06,0.005819676887649445,0.004519995909008367,0.006714111241339778,0.005605713882973486,1.1766164862140395e-33,0.0049083691523958235,1.1814956061772034e-07,0.004640971226186308,0.004641089375746936,2.545729053078306e-05,0.0010608695134403322,0.001429531427912315,0.0014232742188127585,0.0030904644810960517,-0.014044221540416816,0.02747244402309637,-0.017424579765507098,0.020036505467904038,0.0018640706039150245,0.011549289993126877,-0.0027108402209705673,0.005340580799384043,0.004908369152395824,0.0049167641665264,1.1766164862140395e-33,0.0049083691523958235,0.005819676887649445,0.1555143921540561,0.18409733315552285,0.00853633233638194,0.004552751152539532,0.00853633233638194,0.004552751152539532,0.008307722372758147,0.009137070867794382
10,11,0.6678968486235216,0.7132871248403735,0.830997905601707,0.9007414160322509,32,1024,False,0.05927477293882239,0.059272933518646494,1.8394201761235762e-06,0.0572694205743272,0.05971002486304284,0.04030095933845161,0.040123880795708305,6.803003001080083e-35,0.059272933518646494,9.866753165559675e-05,0.05882635339094665,0.05892502092260225,0.0016744590007901077,0.0019250771578099863,0.0015885502696404024,0.0031615223802599333,0.05812147459340244,0.008277801610107341,0.07232411706679588,-0.01538065004661635,0.02199085719289392,0.025269961508456618,0.0553437361959368,-0.0007464298323611729,0.0072779341353452764,0.059272933518646494,0.05927477293882239,6.803003001080083e-35,0.059272933518646494,0.0572694205743272,0.3852643737531603,0.41419486709053926,0.024818290337441488,0.018822096895728304,0.024818290337441488,0.018822096895728304,0.03758480799829167,0.030874427794292093
11,0,0.4820134636922538,0.16796280248046913,0.33192457106652234,0.13270903675682658,32,1024,False,0.05899128411005827,0.05860498134334001,0.0003863027667178646,0.05993652061388671,0.060557844231606914,0.06006357649227621,0.06074226119969771,2.2958831969547627e-33,0.05860498134334001,0.00011060666104303082,0.057391297723693356,0.057501904384736215,0.0019235303982800122,0.004007983867541444,0.007074544083169134,0.0074398268412472724,0.05348330014843778,0.02406396639293032,0.09606318659162211,-0.017319129638877558,0.025834081403328428,0.041370464612555224,0.07905670221225591,-0.0012238520721439272,0.009440183253900614,0.05860498134334001,0.05899128411005827,2.2958831969547627e-33,0.05860498134334001,0.05993652061388671,0.6187322993457541,0.68568111006615,0.6703091314555084,0.8887676070721173,0.6703091314555083,0.8887676070721173,0.7183014983484497,0.8566910613273683
11,1,0.49049034655053536,0.19289359013712642,0.35606527182162406,0.39464342000202957,32,1024,False,0.05498370626740682,0.05473059684171426,0.0002531094256920836,0.060735267550796265,0.05091755272094261,0.060664499001861855,0.05118433751899487,1.7018955872266288e-33,0.05473059684171425,2.777386627191512e-05,0.05181936971017852,0.05184714357645046,0.0005356874912686668,0.005366484543407714,0.004168788730762554,0.004403741936533616,0.046748763990180055,0.026237574581317757,0.09509142342240595,-0.01601956305711165,0.026988338430094017,0.04395580721029546,0.07856774667743593,0.0002825026022037491,0.010824282442627009,0.05473059684171426,0.05498370626740682,1.7018955872266288e-33,0.05473059684171425,0.060735267550796265,0.6187322993457541,0.6736779373799652,0.6703091314555084,0.7569956432299814,0.6703091314555083,0.7623791131358888,0.6507427604132613,0.7214751532103332
11,2,0.4841963710527151,0.19938950778097836,0.3653042059750021,0.3056915105241239,32,1024,False,0.17156306194787926,0.17130299405759603,0.0002600678902830444,0.17831311439005387,0.17070760210538977,0.14627087600006022,0.1419504789750845,2.0990328701763065e-33,0.17130299405759603,7.513251491898332e-05,0.16725011903897719,0.16732525155389616,0.00044902077971646035,0.004474337424903795,0.003922551812895295,0.00404124309489168,0.16678505029249446,0.09895294435368886,0.1935888076464316,-0.016215000672753985,0.025705393580136147,0.11720697173586814,0.17671469452761812,-0.00027305124240228906,0.009630101900256705,0.17130299405759603,0.17156306194787926,2.0990328701763065e-33,0.17130299405759603,0.17831311439005387,0.6187322993457541,0.7033085215451702,0.6703091314555084,0.7269468027283323,0.6703091314555083,0.7323618864936027,0.6507427604132613,0.7886625670658657
11,3,0.4933908494336649,0.2139336491752325,0.3797749759316837,0.13280555274591793,32,1024,False,0.3192230434848807,0.3191033687245379,0.00011967476034342754,0.33230170666989156,0.3198400615360578,0.20141854873216697,0.20159325098871833,1.0750914151994329e-33,0.3191033687245379,0.00013535199627007772,0.3239760536806195,0.32411140567689023,0.00041760948210817184,0.003814332614716219,0.0033890565404364682,0.003789105266603857,0.31645100499562134,0.14849053485214303,0.2543465626121909,-0.016467470256248673,0.02519561575742943,0.16696550255437614,0.2372687695096829,-0.0005751132193836384,0.009191789518808946,0.3191033687245379,0.3192230434848807,1.0750914151994329e-33,0.3191033687245379,0.33230170666989156,0.6187322993457541,0.6434920366608751,0.6703091314555084,0.6930974050316722,0.6703091314555083,0.6930974050316724,0.7183014983484497,0.8219522150815476
11,4,0.5407147862764148,0.2847014537807888,0.45378277206277806,0.4293303311577201,32,1024,False,0.22978804399988956,0.22974469025536004,4.335374452802617e-05,0.2362686097113566,0.2331363197115259,0.15730908247767614,0.15630194654014531,3.4375846540170002e-34,0.22974469025536004,9.262504726905866e-05,0.23279913687912662,0.23289176192639552,0.0003977171476693642,0.0035568709672636643,0.002867759561923958,0.003165239657656718,0.23026856014960195,0.10870456018650813,0.20591360476884413,-0.01667178463825273,0.024671876769901714,0.12691973167966353,0.1889160882710712,-0.0008940804036683403,0.008699936894117855,0.22974469025536004,0.22978804399988956,3.4375846540170002e-34,0.22974469025536004,0.2362686097113566,0.5791600673129336,0.6172591181575532,0.5233668678869294,0.5829782724277841,0.5033147002824052,0.5776234352395875,0.4187793436222423,0.4589041834204696
11,5,0.569478180375927,0.3719274320736323,0.5381374045624845,0.7753850996394224,32,1024,False,0.1995572267984687,0.19951115043513096,4.607636333812004e-05,0.1995955181166632,0.194277636480124,0.12778171073376007,0.12848318929377706,8.993022879208175e-37,0.19951115043513096,0.00019512827817363366,0.19163566492684705,0.19183079320502092,0.0010171895497772796,0.0012165938293240669,0.0016083698628980598,0.0020536848722817105,0.19266926661722594,0.08256098515626115,0.173002436311259,-0.018525882381293608,0.02157782017282186,0.10041090624872595,0.15593159614945762,-0.0031162797240540385,0.005876629766135011,0.19951115043513096,0.1995572267984687,8.993022879208175e-37,0.19951115043513096,0.1995955181166632,0.4152167863997426,0.4331718332135594,0.28235070902038784,0.2869665212161924,0.28235070902038784,0.2869665212161924,0.1173287209320883,0.13744299779619648
11,6,0.5879132151419267,0.44514786006198953,0.6047837549520613,0.7853697835177478,32,1024,False,0.16174215774952105,0.1617225929401249,1.9564809397699334e-05,0.1608447335406041,0.15470820985021017,0.1010434503628121,0.09543456214389091,1.4118137790890004e-33,0.16172259294012492,3.5169558711383095e-05,0.1588806922191385,0.15891586177785036,0.00022130930366502291,0.0027448036936397933,0.003091418561781838,0.004579648612077464,0.15161679128842834,0.059349452868032115,0.1427374478575921,-0.016223787687196727,0.02412464497539884,0.07737989435554482,0.12613206757669104,-0.0007564596089650877,0.008353847049875185,0.1617225929401249,0.16174215774952105,1.4118137790890004e-33,0.16172259294012492,0.1608447335406041,0.4152167863997426,0.42860478918180256,0.17648871732849483,0.14017266762992694,0.18542949738636705,0.1405737251076053,0.1173287209320883,0.11026956802523134
11,7,0.5847670229880139,0.48539127934328424,0.6445692061904302,0.8162113099721942,32,1024,False,0.14612634206874392,0.14610410034841476,2.2241720329070232e-05,0.1469195310041267,0.1363993210585424,0.09609267342276712,0.08738532352919483,8.137054015036072e-37,0.14610410034841476,5.980102764572935e-05,0.14465103454788278,0.14471083557552902,0.0004132449889318576,0.001893364876882671,0.0018765524338786848,0.0036282669754896914,0.13452276862466372,0.05494684605662706,0.13723850078890718,-0.016629783859166455,0.023855903427464457,0.07297618575830711,0.12068575898592826,-0.0010910963101196103,0.008081254876742605,0.14610410034841476,0.14612634206874392,8.137054015036072e-37,0.14610410034841476,0.1469195310041267,0.4152167863997426,0.30723269811377424,0.1355974314632426,0.13537972352490127,0.1355974314632426,0.13537972352490127,0.10435117435905314,0.08016613613235209
11,8,0.593827771665643,0.5580974978278987,0.7087970146405199,0.8436678332545237,32,1024,False,0.06931081964864595,0.06929488492316645,1.5934725479215656e-05,0.06870511742086519,0.06290428760412281,0.05440369177347835,0.04953526325372726,4.644975173242635e-34,0.06929488492316645,1.2607666534376415e-05,0.06821558151334901,0.06822818917988328,0.00018478676755052614,0.0034400271762556073,0.0027088608932874566,0.005228916589606169,0.06019542671083535,0.020878529197182784,0.0879288543497739,-0.014514647406167966,0.025817504427551666,0.0386044363694964,0.07168930954503594,0.0009465453695156612,0.010055460224975832,0.06929488492316645,0.06931081964864595,4.644975173242635e-34,0.06929488492316645,0.06870511742086519,0.4152167863997426,0.4202281659984873,0.1355974314632426,0.14123612896080476,0.1355974314632426,0.14123612896080476,0.061053038279249655,0.05403833613903809
11,9,0.6362429113133855,0.6211266418664214,0.7635348684398667,0.8290227220140888,32,1024,False,0.04298495213625746,0.04296938046148423,1.5571674773131614e-05,0.0440661304986629,0.039338454349210426,0.03704817638438269,0.03179324283112743,2.970870198733752e-34,0.04296938046148423,1.777635772483644e-05,0.04155971493714743,0.04157749129487236,0.0004275476266416476,0.003725237084614882,0.003333658310363371,0.005056882343195085,0.036004796038847056,0.006855253181949118,0.06724109958681626,-0.01482510440914293,0.02560106474734451,0.02436789193598088,0.05105039137561107,0.0007575433337478898,0.009913388916174881,0.04296938046148423,0.04298495213625746,2.970870198733752e-34,0.04296938046148423,0.0440661304986629,0.3852643737531603,0.4118351292574564,0.05867449086939655,0.0630490127144025,0.05867449086939655,0.0630490127144025,0.08935779534153834,0.11013262594180567
11,10,0.6678968486235216,0.7132871248403735,0.830997905601707,0.9007414160322509,32,1024,False,0.016180782509880632,0.016175825680886737,4.9568289937665734e-06,0.017900195422256147,0.015265294699442102,0.014593817072783762,0.011903166224664755,6.991246068747191e-35,0.016175825680886737,8.505387724319375e-06,0.01569556672742135,0.015704072115145677,0.0005416039650070389,0.0021295267075074537,0.00217207307811508,0.0037435850509526815,0.013093221621327021,-0.010188271260645485,0.03937590540621301,-0.01567467974974238,0.023142288944522412,0.006890190205012914,0.02314871294220211,-0.000557204541109968,0.00792880066728685,0.016175825680886737,0.016180782509880632,6.991246068747191e-35,0.016175825680886737,0.017900195422256147,0.3852643737531603,0.41219214282899796,0.024818290337441488,0.026201909320478563,0.024818290337441488,0.026201909320478563,0.03758480799829167,0.0572694205743272
