source,target,cka,cca_shared,procrustes_shared,probe_cosine,metric_rank,metric_examples,full_dim_cca_saturation_possible,train_raw,train_geometry,residual_correction,cal_raw,test_raw,cal_clipped,test_clipped,train_mean_term,train_variance_term,test_mean_term,test_variance_term,test_geometry,mean_fraction,aligned_cal_raw,aligned_test_raw,aligned_test_clipped,alignment_raw_reduction,bernstein_lo,bernstein_hi,bernstein_aligned_lo,bernstein_aligned_hi,betting_lo,betting_hi,betting_aligned_lo,betting_aligned_hi,prediction__training_geometry,prediction__direct_training,prediction__mean_only,prediction__variance_only,prediction__direct_calibration,prediction__cka_common,prediction__cka_held_target,prediction__cca_shared_common,prediction__cca_shared_held_target,prediction__procrustes_shared_common,prediction__procrustes_shared_held_target,prediction__probe_cosine_common,prediction__probe_cosine_held_target
0,1,0.9660438556483312,0.4135897842927048,0.5760789701994671,0.4697262869602535,64,1024,False,0.14459024805891738,0.13893823740008412,0.00565201065883287,0.14419924379443771,0.14100037810177543,0.09051548324144353,0.08375114171401964,2.390357430618877e-32,0.13893823740008415,0.0001372036855430002,0.14290605912285906,0.14304326280840174,0.0009591761460781043,0.01699827390431092,0.014537668895351623,0.015503820073980816,0.1264627092064238,0.04955980473062385,0.1314711617522632,-0.0066010390161893966,0.04229298527651125,0.06764506718172925,0.11497609339130577,0.010230900697933976,0.025600672022846993,0.13893823740008412,0.14459024805891738,2.390357430618877e-32,0.13893823740008415,0.14419924379443771,0.13140718612121607,0.11930457079832302,0.16398448727462106,0.16578314577281955,0.16398448727462103,0.16578314577281955,0.18382493443740183,0.1920265861450345
0,2,0.9586138381972347,0.339580685973514,0.5032418339483347,0.23156830806141723,64,1024,False,0.1759578551247457,0.16673970749154157,0.009218147633203624,0.18169010619189171,0.17634838298860434,0.12546194136061148,0.12216431307235048,1.1039924383410512e-32,0.16673970749154154,8.536954137490367e-06,0.16749762104642008,0.16750615800055754,5.096501668590567e-05,0.023083119234365918,0.022489911530128543,0.023678881079017507,0.15385847145847578,0.08305129718180287,0.16787258553942008,-0.0006041876754323966,0.04848052126192031,0.10067690321011469,0.15080031230900204,0.016215194220421836,0.03180910985247465,0.16673970749154157,0.1759578551247457,1.1039924383410512e-32,0.16673970749154154,0.18169010619189171,0.13140718612121607,0.12549875389684245,0.2029197240871349,0.20937143392696028,0.2079971342455866,0.21431973083608566,0.2729635505246589,0.30362831970388043
0,3,0.9241052580867035,0.2708670478486648,0.4405906764898023,0.05493122734075851,64,1024,False,0.5144313772634949,0.5096338549186873,0.004797522344806302,0.5264544280507619,0.519537083694713,0.302787431088392,0.3057423622983061,8.171553893604581e-34,0.5096338549186873,0.0001337824017105876,0.5053545063720741,0.505488288773786,0.0002646597452042204,0.030953547296474922,0.02705836388949814,0.02937341089042082,0.49247871980521485,0.24757694064228988,0.35799792153449417,0.007695134971332153,0.059127731150156036,0.2650362401327584,0.33975642178120324,0.024433197366306558,0.04229381068580551,0.5096338549186873,0.5144313772634949,8.171553893604581e-34,0.5096338549186873,0.5264544280507619,0.17137139652388592,0.16612228878837904,0.2886344178741918,0.29364064755325275,0.2886344178741918,0.2973939006550671,0.6201901657583453,0.7139259034659285
0,4,0.8679955104906787,0.2415051970956883,0.4136718596022945,0.10680723903753576,64,1024,False,0.5368610251189109,0.5322726299429761,0.004588395175934952,0.5223882979479503,0.5409430498057767,0.2706873897319198,0.2786124096085982,6.927746348106597e-32,0.5322726299429764,5.2361801640395614e-05,0.5261028893772262,0.5261552511788656,9.951777830417453e-05,0.03029397765566245,0.026516568249024517,0.029128156910168655,0.5144264815567522,0.21689389660495711,0.3244808828588825,0.008145197285433337,0.05842937246234074,0.23459270946477773,0.30658449015027145,0.024795167708361987,0.04156833029992413,0.5322726299429761,0.5368610251189109,6.927746348106597e-32,0.5322726299429764,0.5223882979479503,0.17137139652388592,0.1630547867461989,0.2886344178741918,0.2844095367126658,0.2886344178741918,0.2844095367126658,0.2840479884886507,0.27963570518204667
0,5,0.8408735596998975,0.23019327324662475,0.4024111039871559,0.2027630212998831,64,1024,False,0.635271105679238,0.6318851331281743,0.003385972551063356,0.6540449182253908,0.6278570146597806,0.24657943430877002,0.24290535490110324,3.5796831891893466e-32,0.6318851331281743,1.137177235224294e-06,0.624101713406178,0.6241028505834116,1.8220990885737185e-06,0.033252680640457756,0.03286815436393418,0.03696742757699881,0.5949888602958464,0.1929192060549233,0.30023966256261675,0.011397467792207381,0.06300019420305561,0.21073474547301885,0.28245924731891137,0.02798484017694136,0.046062544228334446,0.6318851331281743,0.635271105679238,3.5796831891893466e-32,0.6318851331281743,0.6540449182253908,0.17137139652388592,0.15763341558027336,0.2888271823832501,0.2780755346580281,0.2888271823832501,0.2780755346580281,0.2840479884886507,0.2673183498075051
0,6,0.6744504151543547,0.20878141600229258,0.37957376807550425,0.09539454624195251,64,1024,False,0.6435811918647037,0.6407390960480587,0.0028420958166474383,0.6412540308432908,0.6497637102358992,0.1951431863575067,0.1947339916066981,3.4657741396657616e-32,0.6407390960480589,0.0001372532489406589,0.6446953298250815,0.644832583074021,0.00021285098263234544,0.03890781718817106,0.03801932940503504,0.04275084659780254,0.6117443808308641,0.14404513757728624,0.24624123513772714,0.017380737844570525,0.06930342109852475,0.1619866412365809,0.22877908158261562,0.03386110792780528,0.05227665398706449,0.6407390960480587,0.6435811918647037,3.4657741396657616e-32,0.6407390960480589,0.6412540308432908,0.17765606999657374,0.1664138446937647,0.2888271823832501,0.2773406848459027,0.2888271823832501,0.2773406848459027,0.2948969311667504,0.26965727915344023
0,7,0.5872026158871834,0.20020100685374237,0.37072198690854696,0.18466471768913614,64,1024,False,0.5406088964608626,0.5382285680241032,0.0023803284367590414,0.5404856647838885,0.5372127912489316,0.19478096194765787,0.19691165267080846,2.0142282685397734e-32,0.5382285680241033,1.81750335203644e-05,0.5348703829853116,0.5348885580188313,3.3979103212980915e-05,0.04415939021950076,0.04105536697241622,0.04595107916625729,0.4961574242765154,0.1442489041724922,0.24531301972282354,0.023047154418954746,0.07465488855363847,0.162022563177743,0.22770843211037572,0.03954963503201725,0.057647732784971595,0.5382285680241032,0.5406088964608626,2.0142282685397734e-32,0.5382285680241033,0.5404856647838885,0.2324909848270016,0.16762176674141385,0.2888271823832501,0.2758651526439804,0.2888271823832501,0.2758651526439804,0.2840479884886507,0.2611569976152893
0,8,0.5225996131619285,0.1923727191878631,0.361535991733964,0.27089073401126323,64,1024,False,0.6285315075014236,0.6274086355579844,0.001122871943435171,0.612543582359067,0.6173305806950757,0.20053054687701943,0.2039038977030572,2.5851309308418034e-32,0.6274086355579842,8.118344270334807e-08,0.6211498029925314,0.6211498841759722,1.306986361448773e-07,0.05322093065025619,0.048634804979501456,0.053878491165347875,0.5686957757155743,0.14965201627657232,0.25140907747746655,0.03218594071566758,0.08381290008244778,0.1677079534274526,0.2341118380863918,0.048496505165530834,0.0667085437598871,0.6274086355579844,0.6285315075014236,2.5851309308418034e-32,0.6274086355579842,0.612543582359067,0.2696941234790137,0.20509678490219052,0.2888271823832501,0.2668718723833601,0.2888271823832501,0.26687187238336013,0.2729635505246589,0.22759992067245094
0,9,0.4781152361918847,0.18923051048040457,0.35916937187128417,0.2484460098872272,64,1024,False,0.4374749215386072,0.43622668682063015,0.001248234717978382,0.4311594777305898,0.4368607120772302,0.17611128241304683,0.17551224316648187,2.8739210445147586e-32,0.4362266868206299,1.202864068633894e-05,0.44634988613086346,0.44636191477155085,2.6948178794544396e-05,0.05783103885102218,0.053985183644180056,0.05858300141968276,0.38287552843305017,0.12782748798140453,0.22439507684468912,0.035822687861765,0.08811530313997278,0.1460261077954783,0.2074969297318603,0.052161937368509825,0.07098985397897195,0.43622668682063015,0.4374749215386072,2.8739210445147586e-32,0.4362266868206299,0.4311594777305898,0.2696941234790137,0.2389580231608522,0.2888271823832501,0.2779939917450634,0.2888271823832501,0.2779939917450634,0.2729635505246589,0.2661997193557365
0,10,0.5165589554527207,0.18651304952520392,0.3592555949004399,0.2308731240803762,64,1024,False,0.37810048064303753,0.3773611154367944,0.0007393652062419364,0.3788607700844161,0.3757643599915353,0.1500389990956967,0.15352877607376,3.196167642809631e-32,0.3773611154367944,4.199445554203063e-05,0.3769902891073757,0.37703228356291824,0.00011138159084200199,0.05835167577884762,0.05511666254334103,0.059878141553234863,0.32064769744819427,0.10395789186886645,0.19612010632252697,0.0369489877966527,0.0888923709376292,0.1220964092281065,0.17930459523631725,0.05323071862949291,0.07169025245093508,0.3773611154367944,0.37810048064303753,3.196167642809631e-32,0.3773611154367944,0.3788607700844161,0.2696941234790137,0.26399482050932926,0.2888271823832501,0.28681645067295636,0.2888271823832501,0.28681645067295636,0.2729635505246589,0.2675614681954877
0,11,0.47128231644483104,0.17515983259978868,0.3467095471340631,0.13482163463443,64,1024,False,0.3898980493806417,0.3886795034817798,0.0012185458988618063,0.37740425478187944,0.39211166022204913,0.1325356298042719,0.13808886845068286,4.425890764187894e-32,0.3886795034817799,8.521138786484442e-05,0.39091119107720934,0.39099640246507367,0.00021793394345221898,0.05839877582998632,0.05532982439613066,0.061360738885990654,0.3367818358259185,0.08793731616589738,0.17713394344264638,0.03839057806644507,0.09007746521528301,0.10614959488884779,0.1605451745344908,0.05450048881903058,0.07276765724964207,0.3886795034817798,0.3898980493806417,4.425890764187894e-32,0.3886795034817799,0.37740425478187944,0.2696941234790137,0.2589620653720515,0.2888271823832501,0.28798153410515914,0.2888271823832501,0.28798153410515914,0.2840479884886507,0.2793608261803465
1,0,0.9660438556483312,0.4135897842927048,0.5760789701994671,0.4697262869602535,64,1024,False,0.39549518786036825,0.38801191924876705,0.007483268611599201,0.38114551376224637,0.39486546210678997,0.2045273001109574,0.2240508652281109,9.843845179226315e-32,0.3880119192487672,0.00013444672023105308,0.3757976312212977,0.3759320779415289,0.0003576356691007476,0.00542801909681587,0.006324783492735642,0.006610361568116448,0.38854067861405434,0.15132219399190774,0.25773240623000704,-0.015941973770018845,0.027035920849622447,0.16906828417268116,0.23990380203031236,0.00028260757244424894,0.010840282491699327,0.38801191924876705,0.39549518786036825,9.843845179226315e-32,0.3880119192487672,0.38114551376224637,0.13140718612121607,0.0989836851921253,0.16398448727462106,0.1414957531070071,0.16398448727462103,0.1330503259630733,0.18382493443740183,0.1626223167955539
1,2,0.983612240133142,0.5822327911664215,0.7228157034977282,0.6647322857230005,64,1024,False,0.2581327034416846,0.25388292487295255,0.004249778568731818,0.2670532914095439,0.25276921266439545,0.1607265228292817,0.1535378500701633,5.008339913626989e-32,0.2538829248729526,4.1679689552812885e-05,0.24352448575230506,0.2435661654418575,0.00017112265768605856,0.010804591689100298,0.012408931321152361,0.013189376627924031,0.24036028134324308,0.11348399584278325,0.20796904981578018,-0.010768452367706974,0.033574675597407254,0.13198397967789788,0.19132492085191188,0.0056889682382461615,0.017170651342894416,0.25388292487295255,0.2581327034416846,5.008339913626989e-32,0.2538829248729526,0.2670532914095439,0.13140718612121607,0.12549875389684245,0.10162233238883957,0.09059360178745929,0.1090465551407423,0.10058116809773385,0.12322816995106632,0.11872056050199283
1,3,0.9505936348193977,0.3408192780956797,0.5110098207375453,0.425594626080588,64,1024,False,0.2228400836675837,0.22077543476121295,0.002064648906370484,0.22926663416903567,0.20869326529660892,0.12813150905160176,0.12315738301491277,4.844476478391876e-34,0.22077543476121295,0.0003295476458991161,0.20728259501884835,0.20761214266474698,0.0015873235624337789,0.02139011216967808,0.018487827158363675,0.020672600050021993,0.19020543813824525,0.08426732100122641,0.1719956971019771,-0.0006101784008763211,0.04803790926071207,0.10249928154371446,0.1554456722951727,0.016135645506437868,0.0313176179988659,0.22077543476121295,0.2228400836675837,4.844476478391876e-34,0.22077543476121295,0.22926663416903567,0.13140718612121607,0.13124580317869,0.19984387391344127,0.19003628716157647,0.19071433698776907,0.18300387755151576,0.18382493443740183,0.18079548778862625
1,4,0.8859190602116156,0.27594900138781625,0.44682120744868303,0.37180637753158513,64,1024,False,0.21880645668123294,0.21617454452298868,0.0026319121582448813,0.21642401713828122,0.22010510314051554,0.11799666059870019,0.12193254044427114,5.526500402343147e-32,0.2161745445229886,0.000294322406319715,0.21285787059029398,0.213152192996613,0.0013808087178553766,0.020656727146051934,0.018317458863015407,0.02084947386489714,0.20178764427750012,0.07482296848252204,0.16117035271487834,-0.00033855076336254675,0.047147106437369336,0.09241608477168484,0.14401730371901067,0.01622041320661083,0.03033169007539982,0.21617454452298868,0.21880645668123294,5.526500402343147e-32,0.2161745445229886,0.21642401713828122,0.17137139652388592,0.1630547867461989,0.23519665496436123,0.2414542009063879,0.22365130393337884,0.23087859072847644,0.22365130393337884,0.23526591154076362
1,5,0.8523234603903723,0.251349096868157,0.4220781222058757,0.40942130022738954,64,1024,False,0.3245094042120545,0.3225260200852099,0.0019833841268473346,0.3218934304867588,0.32347487520294227,0.1503506333143167,0.15186642785529794,1.1072513830420883e-32,0.3225260200852099,0.00011713269659936851,0.3218238383840434,0.32194097108064235,0.00036383283620657335,0.02411809263393555,0.02511658556333381,0.029092083480292758,0.2983582896396085,0.10365618711713549,0.1970450795114979,0.003223764856975536,0.05256357980899207,0.12140769055986311,0.17974384257831844,0.019691802815941628,0.0356093108348432,0.3225260200852099,0.3245094042120545,1.1072513830420883e-32,0.3225260200852099,0.3218934304867588,0.17137139652388592,0.15763341558027336,0.2886344178741918,0.2780755346580281,0.2886344178741918,0.2780755346580281,0.18382493443740183,0.17813777257198352
1,6,0.6961406555460922,0.2212965494794243,0.38948276571217544,0.3024485281072904,64,1024,False,0.49280249229958895,0.49114504072216514,0.0016574515774244703,0.46717478086160374,0.5015268041762773,0.14189689078893727,0.1491323892693051,2.977252302585019e-32,0.491145040722165,1.2251137887942394e-05,0.500014463096194,0.5000267142340831,2.4500966726763988e-05,0.028864043355593873,0.027206434621146837,0.03183444262393919,0.4743203695551304,0.09494317218992768,0.18885060938794687,0.008523990647251602,0.057879738870609966,0.11310454397607828,0.1719806502078427,0.024927508900873363,0.04089501005364582,0.49114504072216514,0.49280249229958895,2.977252302585019e-32,0.491145040722165,0.46717478086160374,0.17765606999657374,0.1664138446937647,0.2888271823832501,0.2773406848459027,0.2888271823832501,0.2773406848459027,0.233374828346902,0.2103987318830498
1,7,0.6189190142884702,0.211366348198417,0.37983340530933174,0.2992712762740741,64,1024,False,0.4449563329143246,0.4431923043750708,0.001764028539252271,0.45271072311051663,0.44890790951063186,0.16181152380986696,0.16215569629535215,6.807006795442246e-34,0.4431923043750708,1.7742540058674404e-05,0.4513423211141368,0.45136006365419706,3.930906052039994e-05,0.03410624179104152,0.030639155002453844,0.035491266210019086,0.418268754508178,0.1137996792590756,0.20982336836065835,0.01405761905134622,0.06340121942748653,0.13206243432068732,0.19298393089411547,0.030563511478248984,0.04647678755281959,0.4431923043750708,0.4449563329143246,6.807006795442246e-34,0.4431923043750708,0.45271072311051663,0.17765606999657374,0.16762176674141385,0.2888271823832501,0.2758651526439804,0.2888271823832501,0.2758651526439804,0.233374828346902,0.22080730500002513
1,8,0.549198440971603,0.20423530525056457,0.373399427214976,0.3646408096366481,64,1024,False,0.4034772801853334,0.40275455239097063,0.0007227277943621936,0.4120065550568598,0.4129261347821948,0.1416806389133722,0.1370838877239911,6.723872445850374e-33,0.40275455239097063,8.977737796746048e-05,0.4099312339941846,0.4100210113721505,0.00021895799355993282,0.04150415616118296,0.03756535393586775,0.042770148822674714,0.37536078084632707,0.09628725203804464,0.18707402578869978,0.02130916670407631,0.07121198834328776,0.1146534727231483,0.17055297524348134,0.037627523044648115,0.05418114700296428,0.40275455239097063,0.4034772801853334,6.723872445850374e-33,0.40275455239097063,0.4120065550568598,0.2324909848270016,0.20509678490219052,0.2888271823832501,0.2668718723833601,0.2888271823832501,0.26687187238336013,0.233374828346902,0.18353056897117198
1,9,0.5054530995518368,0.1996143238254055,0.36996951998144595,0.27282782319754606,64,1024,False,0.30935630475262754,0.3081618327259828,0.0011944720266432994,0.3168453858944168,0.3144782092258268,0.1285540674274017,0.12341700884539453,9.355428112734549e-34,0.3081618327259828,3.896111020448274e-05,0.3185589430540539,0.318597904164259,0.00012228928594707776,0.04493769838243434,0.0417227691497957,0.046287974934117786,0.2727554400760311,0.08490892976700451,0.17219920508779887,0.023798347628484588,0.07434593598682723,0.10329979324160377,0.15586853890272323,0.04012278596201213,0.05729227530537173,0.3081618327259828,0.30935630475262754,9.355428112734549e-34,0.3081618327259828,0.3168453858944168,0.2696941234790137,0.2389580231608522,0.2888271823832501,0.2779939917450634,0.2888271823832501,0.2779939917450634,0.233374828346902,0.22846479554998939
1,10,0.5401352786176524,0.1957048410723608,0.366503311543229,0.2799139161808704,64,1024,False,0.3533372689906896,0.35274225869868764,0.000595010292001749,0.3382478116332668,0.36100853631485696,0.1284383983501904,0.13073098003115605,1.764844145235739e-32,0.35274225869868764,4.891841924000164e-06,0.3607568872119426,0.3607617790538659,1.35597566261856e-05,0.04566210041798892,0.043752140018213405,0.04848373614225119,0.31725639629664354,0.08412886014031401,0.17274793656006682,0.025016937378342877,0.07542620510053974,0.10248037844576174,0.15631943418702576,0.04124672525358619,0.05824645632674219,0.35274225869868764,0.3533372689906896,1.764844145235739e-32,0.35274225869868764,0.3382478116332668,0.2324909848270016,0.22482719283077937,0.2888271823832501,0.28681645067295636,0.2888271823832501,0.28681645067295636,0.233374828346902,0.2271934267962059
1,11,0.4858752215157386,0.19664501149982333,0.3683922661377323,0.2571280595557009,64,1024,False,0.4800094685336297,0.4792416349735427,0.0007678335600887222,0.48186791597199174,0.4955751573008436,0.1624027429752165,0.1576556607621427,1.8546996393862898e-34,0.4792416349735427,5.424313402303948e-05,0.48947383966392766,0.48952808279795096,0.00011080699132316771,0.042152328732773935,0.04014655484563207,0.046135857826789646,0.45542860245521155,0.1154719025077919,0.20933358344264114,0.02332992897441823,0.07254446343607114,0.13377357726130867,0.19262124630768085,0.039394788967911154,0.055298886574746575,0.4792416349735427,0.4800094685336297,1.8546996393862898e-34,0.4792416349735427,0.48186791597199174,0.2696941234790137,0.2589620653720515,0.2888271823832501,0.28798153410515914,0.2888271823832501,0.28798153410515914,0.2729635505246589,0.2720053747677295
2,0,0.9586138381972347,0.339580685973514,0.5032418339483347,0.23156830806141723,64,1024,False,0.6345627794678758,0.6241059148943696,0.010456864573503968,0.5949858789201832,0.6222413162553345,0.24756510729753745,0.26244915681812075,2.1967889655028547e-33,0.6241059148943696,1.1456754521753569e-05,0.6072936265816257,0.6073050833361465,1.8864907994541182e-05,0.004762230548235992,0.003985632487959887,0.004326870806521507,0.6182556837673746,0.1910750761245128,0.3040551384705621,-0.016674017243032434,0.026652676528745645,0.2087839284868096,0.2859225603315281,-0.00039419507811544463,0.010376093239756301,0.6241059148943696,0.6345627794678758,2.1967889655028547e-33,0.6241059148943696,0.5949858789201832,0.13140718612121607,0.0989836851921253,0.2029197240871349,0.17359121924829754,0.2079971342455866,0.17359121924829754,0.2729635505246589,0.27946909070993464
2,1,0.983612240133142,0.5822327911664215,0.7228157034977282,0.6647322857230005,64,1024,False,0.5329712325218487,0.5293967545729776,0.0035744779488689547,0.5046783293549688,0.5166450917277129,0.23117998830345682,0.23399786936248423,3.8530571516840887e-32,0.5293967545729775,0.00015871476919014825,0.512464516255656,0.5126232310248464,0.00030961290785211306,0.007075910502524289,0.004130265621917883,0.004595810966696697,0.512514826105795,0.17586074416878195,0.2864992324381317,-0.014118790380752921,0.029056135289593027,0.19367002518265508,0.2685684235111694,0.0022218468657229096,0.012893124090624042,0.5293967545729776,0.5329712325218487,3.8530571516840887e-32,0.5293967545729775,0.5046783293549688,0.13140718612121607,0.09454977464467158,0.10162233238883957,0.07475193259109762,0.1090465551407423,0.08267110352646052,0.12322816995106632,0.09874961858263448
2,3,0.9724865947982084,0.46527081549564353,0.6336734261960013,0.6401842210737735,64,1024,False,0.1500246923916395,0.1496711821582432,0.00035351023339584136,0.1453392824770087,0.1491758868135334,0.05545078114914466,0.05714882449380343,4.931510601264677e-32,0.1496711821582433,8.19366329061009e-06,0.1540755594675751,0.15408375313086603,5.3176685563020185e-05,0.014814828135690596,0.012085857076135912,0.014037645826573006,0.13709002973739748,0.018641140651610495,0.09226042164667883,-0.0066243725445748435,0.04058451908485548,0.0360044511326123,0.07536316462937975,0.010043593691079877,0.02385142420826014,0.1496711821582432,0.1500246923916395,4.931510601264677e-32,0.1496711821582433,0.1453392824770087,0.13140718612121607,0.13124580317869,0.1074472599755337,0.10453174201155252,0.1090465551407423,0.11260006544744404,0.12322816995106632,0.12713378864678995
2,4,0.9031375483369875,0.3508809660739673,0.5226649298616615,0.5044853700280464,64,1024,False,0.2748701183987637,0.273332780437229,0.001537337961533682,0.28081498652914455,0.28793734276445115,0.09980052253788378,0.09943864169835469,1.352552353826607e-31,0.27333278043722903,5.9876251610447864e-05,0.28371046485909773,0.2837703411107088,0.00021100250074086504,0.016080179890074875,0.013291137049737924,0.01555837893206594,0.2746462057147132,0.057047204832035646,0.1425538402437319,-0.00448878618401782,0.04164898972946186,0.07448542210477171,0.12519688313477673,0.011965073012106586,0.02482818115822738,0.273332780437229,0.2748701183987637,1.352552353826607e-31,0.27333278043722903,0.28081498652914455,0.17137139652388592,0.1630547867461989,0.19984387391344127,0.18955343536941782,0.19071433698776907,0.18955343536941782,0.18382493443740183,0.14691182138306647
2,5,0.863465880419593,0.3061127688594571,0.4770233780409936,0.43701123867840524,64,1024,False,0.2092744737421057,0.20756541911210302,0.001709054630002879,0.20715601496156363,0.2163519324270147,0.0901176073952635,0.0943244730415408,9.208855428309172e-32,0.20756541911210297,1.0913037637466794e-05,0.2166984382821662,0.21670935131980412,5.035794519712311e-05,0.02037418389432069,0.02012947958884898,0.023857871068363092,0.19622245283816572,0.04906229638997667,0.13117291840055034,-0.0006016294884197519,0.04832933274178311,0.06688611907156883,0.11445929857291048,0.015837756582186557,0.03134313462942373,0.20756541911210302,0.2092744737421057,9.208855428309172e-32,0.20756541911210297,0.20715601496156363,0.17137139652388592,0.15763341558027336,0.2029197240871349,0.21144680501200028,0.2079971342455866,0.21924511338711533,0.18382493443740183,0.17813777257198352
2,6,0.6913212428859651,0.2571135094441368,0.4264298555889945,0.3075580537929954,64,1024,False,0.3377503524980963,0.3361669058077578,0.0015834466903393374,0.32703161829464084,0.3600100136869263,0.1072859167427934,0.11310743877735063,9.305407109106245e-32,0.33616690580775793,4.138772174364595e-05,0.35840851659580913,0.35844990431755286,0.00011546305702729474,0.02562101100177288,0.023186429139686417,0.027633887984659444,0.3368235845472399,0.06355946126784577,0.15101237221774105,0.0051734594973253285,0.05457888462449571,0.08146168986422708,0.13417389761161758,0.021520700756809674,0.03751750609080773,0.3361669058077578,0.3377503524980963,9.305407109106245e-32,0.33616690580775793,0.32703161829464084,0.17765606999657374,0.1664138446937647,0.2886344178741918,0.2773406848459027,0.2886344178741918,0.2773406848459027,0.233374828346902,0.2103987318830498
2,7,0.6034328584662986,0.23926585713508794,0.4085036203504384,0.2648577448546457,64,1024,False,0.546362687801577,0.5444337456159107,0.00192894218566654,0.576212417553342,0.5612631043511299,0.17786090029419094,0.16880219141637182,2.7742636433281237e-32,0.544433745615911,5.8126338344803847e-05,0.5687392187233774,0.5687973450617221,0.00010219164848333876,0.031721208480532545,0.02705976046139981,0.031841073929031745,0.5342033438897301,0.12799331548414739,0.2277284851042345,0.011565178189228094,0.06102388066740596,0.1464727319907979,0.21097027634095866,0.02797061400633538,0.04400108847039519,0.5444337456159107,0.546362687801577,2.7742636433281237e-32,0.544433745615911,0.576212417553342,0.2324909848270016,0.16762176674141385,0.2886344178741918,0.2717180649518889,0.2886344178741918,0.2717180649518889,0.2729635505246589,0.25977881717558576
2,8,0.5324234782615435,0.22592957900459276,0.3945274233451703,0.23038884313425362,64,1024,False,0.8082172430543892,0.8068420459136991,0.0013751971406910056,0.8442760131164733,0.8375011407025049,0.2134929484162407,0.198654449309389,6.046479178639178e-32,0.806842045913699,0.00024013168325176371,0.8413734340569846,0.8416135657402378,0.0002853229712861827,0.03848842897769164,0.0336241161304553,0.03878291900684198,0.8038770245720496,0.16175441128593465,0.26523148554654674,0.018117755983801,0.06833093251875097,0.18040085510438075,0.24845127407024847,0.0344108564677299,0.05125720204523532,0.8068420459136991,0.8082172430543892,6.046479178639178e-32,0.806842045913699,0.8442760131164733,0.2696941234790137,0.20509678490219052,0.2888271823832501,0.2668718723833601,0.2888271823832501,0.26687187238336013,0.2729635505246589,0.23379458849975288
2,9,0.4876592238727957,0.21878535209456956,0.38794139828009,0.17935095377706323,64,1024,False,0.6015615906915466,0.5999215731806052,0.0016400175109429027,0.622028290396473,0.6145690714513028,0.1960242359012063,0.18604584670111388,3.919262335253594e-32,0.5999215731806052,0.00011046240093843363,0.6222656465407386,0.622376108941678,0.0001774849634351644,0.041200016905642615,0.03764180579855,0.04217136718886228,0.5769272656527528,0.1458756918157275,0.2461727799866851,0.020063323298279326,0.07058466389260863,0.1645855441383901,0.22959707824338693,0.036449326886213385,0.053567851180559956,0.5999215731806052,0.6015615906915466,3.919262335253594e-32,0.5999215731806052,0.622028290396473,0.2696941234790137,0.2389580231608522,0.2888271823832501,0.2779939917450634,0.2888271823832501,0.2779939917450634,0.2840479884886507,0.2661997193557365
2,10,0.5201343816494595,0.21242329720963415,0.38069325452975966,0.2092273162754441,64,1024,False,0.28537558754573683,0.2845202992236565,0.0008552883220813838,0.28591214220666905,0.2947292398204371,0.13941256469729438,0.1399339984216796,7.008339197745413e-32,0.2845202992236565,9.175371098080031e-06,0.2978739278803708,0.2978831032514686,3.080191859802909e-05,0.041296904720521825,0.03902717770500443,0.04371135052718538,0.25570206211543267,0.09466283494999803,0.18416229444459073,0.02085916791963534,0.0707930061037077,0.11310020244127372,0.16778157268709037,0.03713108343799831,0.053642529659555294,0.2845202992236565,0.28537558754573683,7.008339197745413e-32,0.2845202992236565,0.28591214220666905,0.2696941234790137,0.26399482050932926,0.2888271823832501,0.28681645067295636,0.2888271823832501,0.28681645067295636,0.2729635505246589,0.2675614681954877
2,11,0.4777107359369909,0.20459197624071393,0.3758256530288497,0.21279810884419867,64,1024,False,0.16365343936013504,0.16273207909649054,0.0009213602636444441,0.1684591661731407,0.16723301726328058,0.11826301270923392,0.11442098820797343,5.379806253796024e-32,0.16273207909649048,7.172010886793661e-06,0.16891574367337894,0.16892291568426596,4.2457299873978476e-05,0.039284694053076,0.036355585587736626,0.04229817329672672,0.13087743167554394,0.07747277968521217,0.1590532457332557,0.020691688939158796,0.06945285457775788,0.09563665405585198,0.14273714619776,0.03668977016786812,0.052150211529806256,0.16273207909649054,0.16365343936013504,5.379806253796024e-32,0.16273207909649048,0.1684591661731407,0.2696941234790137,0.2589620653720515,0.2888271823832501,0.28798153410515914,0.2888271823832501,0.28798153410515914,0.2729635505246589,0.2720053747677295
3,0,0.9241052580867035,0.2708670478486648,0.4405906764898023,0.05493122734075851,64,1024,False,0.7549320690954369,0.7419355933374756,0.01299647575796298,0.7139259034659285,0.7375637127889472,0.25630314072880395,0.272252058185622,1.4812885721966102e-32,0.7419355933374756,0.0001396659351437203,0.7184795432566689,0.7186192091918118,0.00019435318922353086,0.0017467373932091037,0.0031903900922564945,0.003317742766545982,0.7343733226966906,0.19900044656489807,0.3136058348927098,-0.019422699720556356,0.022902748266970852,0.216665154293878,0.2953658899059519,-0.003359953494509682,0.006791177125705872,0.7419355933374756,0.7549320690954369,1.4812885721966102e-32,0.7419355933374756,0.7139259034659285,0.17137139652388592,0.1579862794967532,0.2886344178741918,0.2601419845892035,0.2886344178741918,0.2601419845892035,0.6201901657583453,0.5264544280507619
3,1,0.9505936348193977,0.3408192780956797,0.5110098207375453,0.425594626080588,64,1024,False,0.15760049476431162,0.149750951194823,0.007849543569488594,0.14238205357251835,0.1504947107409861,0.129046715721758,0.13605471932468427,3.254821606014429e-36,0.149750951194823,6.613933474401748e-06,0.1456116106910529,0.14561822462452773,4.541968212739566e-05,0.004768236105625797,0.005932732002896591,0.006420351275877524,0.1445619787380895,0.0846390012278094,0.17345443021570658,-0.016302868413620504,0.026837582282283085,0.10204696546134073,0.1559729118089308,0.00015554904530290514,0.010794952235301025,0.149750951194823,0.15760049476431162,3.254821606014429e-36,0.149750951194823,0.14238205357251835,0.13140718612121607,0.11930457079832302,0.19984387391344127,0.20575703407653737,0.19071433698776907,0.20038079367081923,0.18382493443740183,0.1920265861450345
3,2,0.9724865947982084,0.46527081549564353,0.6336734261960013,0.6401842210737735,64,1024,False,0.0647872702490178,0.058003332059474465,0.006783938189543485,0.06955523747405869,0.06636101344763475,0.06808658258996804,0.06419094039310656,6.274190337216302e-33,0.05800333205947446,7.704577130580074e-05,0.05821902513137021,0.058296070902676134,0.0013216288870381465,0.0040426620561345985,0.005529323271521088,0.005743790464580428,0.06083169017611366,0.033999228195819214,0.10217393698411686,-0.01707408312835674,0.025290523936089493,0.05171633767167805,0.08576442624325864,-0.0008264630450867116,0.009312863272498362,0.058003332059474465,0.0647872702490178,6.274190337216302e-33,0.05800333205947446,0.06955523747405869,0.13140718612121607,0.12549875389684245,0.1074472599755337,0.12177415830455197,0.1090465551407423,0.10058116809773385,0.12322816995106632,0.11872056050199283
3,4,0.9388428286393367,0.5488203955925847,0.7016262520403083,0.59306514531021,64,1024,False,0.10114540245978706,0.09885569383885963,0.0022897086209273166,0.10506462553472015,0.09888770790782957,0.07103450448018321,0.06824424183108282,2.991760461251418e-33,0.09885569383885963,9.592236489875937e-07,0.09574835526040473,0.09574931448405333,1.0018073279755425e-05,0.0055627965363484995,0.004203948931515057,0.004737690813815719,0.09468375897631451,0.034411017889596246,0.10765799107077018,-0.015178838306257582,0.02754504056648443,0.0522820207188488,0.09128107464493951,0.0009252701711375266,0.011297025128442328,0.09885569383885963,0.10114540245978706,2.991760461251418e-33,0.09885569383885963,0.10506462553472015,0.13140718612121607,0.13647417109388302,0.10162233238883957,0.1013928461791142,0.1090465551407423,0.10931201711447708,0.12322816995106632,0.12798395180398497
3,5,0.8896164300487541,0.41318056428323835,0.5723006436242948,0.29827828408581647,64,1024,False,0.3525224238200057,0.34910709236693416,0.003415331453071213,0.36153386030520984,0.3428930481887728,0.18365489270160174,0.18120777012496775,1.1291448218092642e-33,0.3491070923669341,0.00013019823197645293,0.3398309836992519,0.33996118193122865,0.00038297970149659896,0.01240607546442587,0.0133319397166867,0.015845813645213452,0.3295611084720861,0.13490281022673656,0.2324069751764669,-0.00948729107730145,0.038113497487077375,0.15329053591267439,0.21560331656655762,0.006960943625017535,0.02117262942920206,0.34910709236693416,0.3525224238200057,1.1291448218092642e-33,0.3491070923669341,0.36153386030520984,0.17137139652388592,0.15763341558027336,0.16398448727462106,0.16085981766482008,0.16398448727462103,0.16085981766482008,0.233374828346902,0.2258360617611192
3,6,0.7218508040259747,0.3086333016427347,0.47429459664003293,0.2072378934936149,64,1024,False,0.3442151955900533,0.3416380189305349,0.0025771766595204543,0.33740241645986996,0.35788432495205297,0.17612267544287594,0.18002915433270744,3.0303437713852943e-35,0.3416380189305349,4.677809107622873e-06,0.34505678179673016,0.3450614596058378,1.3556451980949463e-05,0.015628270885755243,0.015383922956871323,0.019185697469760676,0.34250040199518167,0.12770656618033185,0.22453878470542002,-0.004529843337833329,0.04309068262007027,0.14622730588598642,0.2079083217686275,0.01188759264186956,0.026211241325654555,0.3416380189305349,0.3442151955900533,3.0303437713852943e-35,0.3416380189305349,0.33740241645986996,0.17137139652388592,0.1664138446937647,0.2029197240871349,0.19428524802434022,0.2079971342455866,0.19623301768065177,0.2729635505246589,0.26965727915344023
3,7,0.637366087487532,0.27759483086137215,0.4465949350189865,0.1392392642329644,64,1024,False,0.3834757919888886,0.380524078949852,0.002951713039036591,0.3938661661671944,0.4063254847681968,0.20166397798093677,0.2065656601749625,1.742593739633215e-33,0.380524078949852,0.00010307645624380874,0.3976860702018519,0.3977891466580959,0.00025912334991986115,0.02036428738039866,0.016585703850948277,0.021023666942481332,0.38973978091724854,0.15148820367945298,0.25183975228242056,0.0008586076313979348,0.04816284344986592,0.17018276629823959,0.23524201075633755,0.017308789494563825,0.031225943683239166,0.380524078949852,0.3834757919888886,1.742593739633215e-33,0.380524078949852,0.3938661661671944,0.17765606999657374,0.16762176674141385,0.23519665496436123,0.19683523572090245,0.24674200599534363,0.2028590709758193,0.2840479884886507,0.2611569976152893
3,8,0.5588734127385133,0.2528631784136163,0.422687791705006,0.15789415652686428,64,1024,False,0.3732942746965216,0.3712852950069652,0.0020089796895585137,0.3807783178320545,0.40614680476079107,0.21688319164524494,0.22149527849198486,3.5134748535144984e-34,0.3712852950069652,0.00010841027656343968,0.39511826146028367,0.39522667173684667,0.0002742989892028906,0.025231732961106194,0.021205530671673016,0.02599535927006365,0.38494127408911805,0.16697915692420573,0.26678722636628416,0.005994591430999136,0.05341626461984461,0.18550352458260022,0.25003255040064687,0.02239192160050152,0.03647365632787114,0.3712852950069652,0.3732942746965216,3.5134748535144984e-34,0.3712852950069652,0.3807783178320545,0.2324909848270016,0.20509678490219052,0.2886344178741918,0.2668718723833601,0.2886344178741918,0.26687187238336013,0.2840479884886507,0.27835796911550925
3,9,0.5152473737385979,0.2400263077311829,0.41037718331983125,0.08526744498815748,64,1024,False,0.3211641911846388,0.31890538678945973,0.002258804395178942,0.3234653462578048,0.342768202894757,0.21224110389817757,0.2153751716051194,2.859655020180735e-35,0.31890538678945973,9.141943421424438e-05,0.3377086010943054,0.3378000205285195,0.00027063181959317286,0.026625474638791818,0.02360041781400852,0.027864339903468302,0.3191677850807485,0.16358135290373854,0.2609008548926166,0.006756962232397044,0.05446861813688575,0.1819138856153586,0.2440740005185944,0.023190560546936467,0.03754085561376996,0.31890538678945973,0.3211641911846388,2.859655020180735e-35,0.31890538678945973,0.3234653462578048,0.2696941234790137,0.2389580231608522,0.2886344178741918,0.2779939917450634,0.2886344178741918,0.2779939917450634,0.2948969311667504,0.28537412613639895
3,10,0.5494556999650002,0.23422099199185442,0.4057014932749214,0.09637754989230535,64,1024,False,0.25453802317489016,0.2531011831279335,0.0014368400469586486,0.24935482996029118,0.27249827927592607,0.19311865290376037,0.2041162482326842,3.738957595590171e-34,0.2531011831279335,2.5543331143382985e-06,0.26702235735544333,0.26702491168855774,9.565898171019802e-06,0.026161318353750507,0.024425720647672785,0.02885909981513987,0.24807255862825328,0.14754958421251393,0.2386877215950068,0.006855207284539935,0.05422010075921424,0.1654822753625922,0.2217416205239715,0.0232500915080891,0.03723191605240572,0.2531011831279335,0.25453802317489016,3.738957595590171e-34,0.2531011831279335,0.24935482996029118,0.2324909848270016,0.22482719283077937,0.2886344178741918,0.28681645067295636,0.2886344178741918,0.28681645067295636,0.2840479884886507,0.28608876251973064
3,11,0.4977560036971205,0.22130727057712934,0.39438860116821384,0.14640843981209803,64,1024,False,0.2618478909296103,0.26047542685815045,0.0013724640714608783,0.26568631912828744,0.26566557185391565,0.2194316016401318,0.22087384736928833,1.996881203538462e-33,0.26047542685815045,9.782104514956272e-06,0.26256584843000885,0.2625756305345233,3.725442644864991e-05,0.025355510249669994,0.023078661200828094,0.028766212235573487,0.24258691065308755,0.17236215449215792,0.2665010487881057,0.007654150542804682,0.054217676024725395,0.19017293860815698,0.24925972189521417,0.023937111320265103,0.03717022823548177,0.26047542685815045,0.2618478909296103,1.996881203538462e-33,0.26047542685815045,0.26568631912828744,0.2696941234790137,0.2589620653720515,0.2888271823832501,0.28798153410515914,0.2888271823832501,0.28798153410515914,0.2840479884886507,0.2793608261803465
4,0,0.8679955104906787,0.2415051970956883,0.4136718596022945,0.10680723903753576,64,1024,False,0.09460948124683809,0.0821029377444759,0.012506543502361883,0.09721831283859934,0.09755258976723924,0.09689071009519928,0.09757661065888218,1.3283418648144015e-31,0.0821029377444759,6.168072425585191e-05,0.08210069247155738,0.08216237319581325,0.0007507174130529494,0.0032278996567053505,0.005304612060088136,0.005559198834997476,0.0922479777071511,0.05861093507363074,0.13517048511676782,-0.018338004544865203,0.025011192127786918,0.07643255707807839,0.11857933012652211,-0.0020866482227575034,0.008687298839504365,0.0821029377444759,0.09460948124683809,1.3283418648144015e-31,0.0821029377444759,0.09721831283859934,0.17137139652388592,0.16075235327488777,0.2886344178741918,0.2883813354331074,0.2886344178741918,0.2883813354331074,0.2840479884886507,0.3318670799330879
4,1,0.8859190602116156,0.27594900138781625,0.44682120744868303,0.37180637753158513,64,1024,False,0.2489520357671133,0.2407497136093478,0.008202322157764803,0.23087859072847644,0.24095278658313798,0.1676806815433737,0.17505642249932862,3.295550039523291e-32,0.2407497136093478,4.045672891496803e-06,0.23820287134827822,0.23820691702116914,1.6983859839541388e-05,0.005384567637940881,0.007885931253473826,0.008366970836153691,0.23306685532966415,0.11882375299870931,0.2165376100880381,-0.0161293075253449,0.028150306285803662,0.13638269536750158,0.19886882091668667,0.000481737544760108,0.011861754363053478,0.2407497136093478,0.2489520357671133,3.295550039523291e-32,0.2407497136093478,0.23087859072847644,0.17137139652388592,0.17015013780212992,0.23519665496436123,0.23663600970965615,0.22365130393337884,0.21642401713828122,0.22365130393337884,0.21642401713828122
4,2,0.9031375483369875,0.3508809660739673,0.5226649298616615,0.5044853700280464,64,1024,False,0.1347601082631194,0.1269500505891827,0.007810057673936634,0.14691182138306647,0.12905134812728664,0.11588414609527882,0.10217912247200445,1.271067733569905e-31,0.12695005058918268,0.00010966855124101371,0.1246822810428392,0.12479194959407999,0.0008788111059867301,0.006232689945178464,0.009227637661474232,0.009552041307353544,0.1198237104658124,0.07463139385536555,0.1571368983351921,-0.015914377199174316,0.028726471768261673,0.09283241118100705,0.14067687686474528,0.0005975187887088396,0.012216238632390741,0.1269500505891827,0.1347601082631194,1.271067733569905e-31,0.12695005058918268,0.14691182138306647,0.17137139652388592,0.17202278534679158,0.19984387391344127,0.20937143392696028,0.19071433698776907,0.1994748401087096,0.18382493443740183,0.187372066658648
4,3,0.9388428286393367,0.5488203955925847,0.7016262520403083,0.59306514531021,64,1024,False,0.02341053241876912,0.02135817932307967,0.0020523530956894,0.02300468351065124,0.02072909520860254,0.01934786964770036,0.01638586922195762,5.15800015531761e-32,0.021358179323079672,5.213680832655863e-06,0.02174681298452414,0.021752026665356874,0.00023968712951972308,0.006288221796667186,0.006706389973458134,0.007529639538933321,0.014022705235144407,-0.006981128661270399,0.04567686795667111,-0.014413759484524554,0.028523497568081983,0.009883678714686539,0.02899809822702082,0.0017824560854933225,0.0122901074209949,0.02135817932307967,0.02341053241876912,5.15800015531761e-32,0.021358179323079672,0.02300468351065124,0.13140718612121607,0.13124580317869,0.10162233238883957,0.10453174201155252,0.1090465551407423,0.11260006544744404,0.12322816995106632,0.12713378864678995
4,5,0.9684119997143017,0.6549254337480821,0.7833785604678378,0.5404035695437388,64,1024,False,0.14127521552107614,0.13914757796783225,0.002127637553244375,0.14742892781661707,0.14194907560460762,0.10889870769447704,0.10402330050417004,1.0172565286007615e-32,0.13914757796783225,1.4991399568327451e-05,0.1433375027828301,0.14335249418239804,0.00010457717986582625,0.01100016442841982,0.012720756393829118,0.014950389652929393,0.12922831921077851,0.06784306645632146,0.14995434893263263,-0.010807851050833003,0.035968374547965726,0.08558467418333748,0.13313768076477572,0.005716891224437859,0.01917407277505845,0.13914757796783225,0.14127521552107614,1.0172565286007615e-32,0.13914757796783225,0.14742892781661707,0.13140718612121607,0.13071058865619864,0.04866398147769228,0.03456679425691332,0.048541880774216215,0.03659188119941631,0.12322816995106632,0.1317396617688532
4,6,0.8088591806498554,0.43547572002770335,0.5944917440614266,0.3932537131238464,64,1024,False,0.15601877794121316,0.1542489464431581,0.0017698314980555815,0.14892923435207098,0.16802962131075472,0.10644528073557456,0.1175041285451325,5.236463332488164e-33,0.1542489464431581,2.0867761214111233e-07,0.15919113209836935,0.15919134077598102,1.3108603214465661e-06,0.01541398336673546,0.01726451890925081,0.020863563525289782,0.1507651024015039,0.06576182382434222,0.1471287376468069,-0.005029213315839765,0.042776653646564786,0.08386953641456785,0.13071150249015773,0.011477481537440326,0.025929836709110532,0.1542489464431581,0.15601877794121316,5.236463332488164e-33,0.1542489464431581,0.14892923435207098,0.17137139652388592,0.1664138446937647,0.11784663760914253,0.11163011826055684,0.11784663760914253,0.11652934025825776,0.18382493443740183,0.18615131444309055
4,7,0.7250073394450868,0.37828788771952204,0.5410733652437055,0.3849846724647596,64,1024,False,0.23561348354689435,0.23372011817137794,0.0018933653755159386,0.2396532323530508,0.2471990381735057,0.1524568937298697,0.16027349410391806,4.632819861131551e-32,0.23372011817137794,0.00017597319417440364,0.23466067789460665,0.2348366510887793,0.0007493429724812312,0.021068416393959354,0.018499664712693674,0.022797509628259747,0.228699373460812,0.10761252977532687,0.19730125768441253,0.0013177984667608403,0.04898699183131608,0.12589000604202738,0.180717806906614,0.017802093498175964,0.032050857895228546,0.23372011817137794,0.23561348354689435,4.632819861131551e-32,0.23372011817137794,0.2396532323530508,0.17137139652388592,0.16762176674141385,0.16398448727462106,0.1571055104493093,0.16398448727462103,0.15710551044930926,0.18382493443740183,0.18010304790969192
4,8,0.6391408429265086,0.3387466154780649,0.5050653079444596,0.290996597390771,64,1024,False,0.23650319392128333,0.23499424421768542,0.0015089497035980085,0.23318163146254448,0.24733403672955565,0.15537020170027818,0.1649048727994547,2.4547243140564656e-32,0.2349942442176854,0.00014936146008366827,0.2353006084647628,0.23544996992484707,0.0006343660189523182,0.025961388993767345,0.023239729594878775,0.027962577331263026,0.22409430713467687,0.11100100297818538,0.19973940042237098,0.00639100545799642,0.05439078748900619,0.12926522105408367,0.18318034830735996,0.022832351001852658,0.03747756916709477,0.23499424421768542,0.23650319392128333,2.4547243140564656e-32,0.2349942442176854,0.23318163146254448,0.17765606999657374,0.17985325776102934,0.2029197240871349,0.20059188505825723,0.19071433698776907,0.182220878092814,0.233374828346902,0.22759992067245094
4,9,0.5967838217830262,0.314927718892033,0.4815177431382476,0.2390314172170978,64,1024,False,0.23278724030973236,0.2310896026484398,0.0016976376612924096,0.2290121823867406,0.2437426805479157,0.16692965628235967,0.1754556312669872,2.8241057430440486e-32,0.23108960264843972,0.0002067804915452658,0.23823351834706027,0.23844029883860562,0.000867221239666498,0.027948054818940367,0.025938598228660476,0.030197941637664292,0.21780408231925522,0.1221645600292351,0.21169475253548425,0.007860184885997087,0.05599271400155402,0.14040359552018344,0.19509839345118962,0.024382603594858665,0.03912446578760864,0.2310896026484398,0.23278724030973236,2.8241057430440486e-32,0.23108960264843972,0.2290121823867406,0.2324909848270016,0.23269562026466398,0.2029197240871349,0.20091261191024218,0.2079971342455866,0.20608667532366348,0.2729635505246589,0.2661997193557365
4,10,0.6267198499796469,0.3010809131652368,0.46753357646396365,0.27582687024420366,64,1024,False,0.23437303500816922,0.2334557567117632,0.0009172782964052013,0.22740426987167472,0.2421125643492605,0.15847385495757196,0.1700878026227895,1.8096174712480735e-32,0.23345575671176316,7.719422312439088e-05,0.23894529853504806,0.2390224927581715,0.0003229579870648045,0.02751945722032579,0.026267284271061578,0.030647731317299674,0.21584528007819892,0.11411827116759535,0.20282943874754858,0.007897855285708466,0.055848176899459964,0.1320698443450965,0.18599071705830283,0.02435607988445554,0.03889526629791362,0.2334557567117632,0.23437303500816922,1.8096174712480735e-32,0.23345575671176316,0.22740426987167472,0.17765606999657374,0.17887818665284544,0.2029197240871349,0.20103629748832413,0.2079971342455866,0.2062328491886695,0.233374828346902,0.2271934267962059
4,11,0.5449741651059419,0.26792016388630735,0.43729533175335955,0.21620194469937262,64,1024,False,0.19500489911899968,0.1938394438389985,0.00116545528000335,0.1886852603243614,0.19283002849277928,0.15290564527155964,0.15604544581617802,2.2135231653571075e-32,0.19383944383899857,9.03351552061857e-11,0.19640804898049483,0.1964080490708295,4.59936115823892e-10,0.02779915783804058,0.02603191179383066,0.03172152813138387,0.16679811669894862,0.10948159468130574,0.19632969586181354,0.009705847811562855,0.057005068558831175,0.12736022276658332,0.17947850814380217,0.025893618803820573,0.03978291039675241,0.1938394438389985,0.19500489911899968,2.2135231653571075e-32,0.19383944383899857,0.1886852603243614,0.2324909848270016,0.24070783727530423,0.2886344178741918,0.28798153410515914,0.2886344178741918,0.28798153410515914,0.2729635505246589,0.2720053747677295
5,0,0.8408735596998975,0.23019327324662475,0.4024111039871559,0.2027630212998831,64,1024,False,0.13918931765091455,0.12747742205689094,0.011711895594023183,0.13183353259581157,0.14230990150033243,0.1281592957081963,0.13902635088992885,1.4292251054178094e-32,0.12747742205689094,2.999291275953091e-06,0.12579741786627674,0.1258004171575526,2.3841663992232827e-05,0.0010219679142386378,0.003465488068737284,0.0035694077745805513,0.13884441343159515,0.08515358518417512,0.1711650062322175,-0.019981704224219878,0.02218467196440745,0.1023566050134832,0.15357012978347484,-0.00390800776949618,0.006144758372101933,0.12747742205689094,0.13918931765091455,1.4292251054178094e-32,0.12747742205689094,0.13183353259581157,0.17137139652388592,0.16075235327488777,0.2888271823832501,0.3116192718167688,0.2888271823832501,0.3116192718167688,0.2840479884886507,0.3318670799330879
5,1,0.8523234603903723,0.251349096868157,0.4220781222058757,0.40942130022738954,64,1024,False,0.1490623372253458,0.14100543012946123,0.0080569070958852,0.1582720337460246,0.1368821121395939,0.14497704651039867,0.12632456487699112,4.345379437023701e-33,0.1410054301294612,0.0002579315431648294,0.13537390627229998,0.13563183781546473,0.0019017035182827852,0.0041356138917198,0.006089537373534699,0.006360277654197858,0.13079257476605918,0.10041202712782675,0.18954206589297057,-0.016912974032577077,0.02633679396741031,0.11869305343134329,0.17290263057657285,-0.0004319634026614949,0.010264057193126064,0.14100543012946123,0.1490623372253458,4.345379437023701e-33,0.1410054301294612,0.1582720337460246,0.17137139652388592,0.17015013780212992,0.2886344178741918,0.29630279341114285,0.2886344178741918,0.29630279341114285,0.18382493443740183,0.1920265861450345
5,2,0.863465880419593,0.3061127688594571,0.4770233780409936,0.43701123867840524,64,1024,False,0.15691655559429019,0.14835404085564965,0.008562514738640496,0.17107819639429095,0.1531003102937307,0.14658146675250056,0.13417924861506927,1.995364632143676e-32,0.14835404085564974,0.00014719065674107047,0.14502034209653583,0.1451675327532771,0.0010139364770442977,0.004995796152906618,0.006667953906556878,0.007071766491236948,0.1464323563871738,0.10184692192524873,0.19131601157975237,-0.01617088498303601,0.026871673291578094,0.12019171586143784,0.17472309523873264,0.0002078332909150049,0.010760812503576744,0.14835404085564965,0.15691655559429019,1.995364632143676e-32,0.14835404085564974,0.17107819639429095,0.17137139652388592,0.17202278534679158,0.2029197240871349,0.20937143392696028,0.2079971342455866,0.21431973083608566,0.18382493443740183,0.187372066658648
5,3,0.8896164300487541,0.41318056428323835,0.5723006436242948,0.29827828408581647,64,1024,False,0.09127578670394519,0.0875683785402131,0.003707408163731816,0.09519708262696985,0.09480800812077705,0.0864053758618182,0.08633592344761583,1.0306635496609898e-33,0.08756837854021311,8.995698385046552e-05,0.08923813780916118,0.08932809479301168,0.0010070402157228483,0.007328458793829578,0.006720739791221133,0.00785856448371288,0.08808726832955592,0.04885025123069962,0.12396050049293679,-0.013313658217401013,0.030097744309189503,0.06707284303411143,0.10782112845481606,0.0030670467458548956,0.013893539478885941,0.0875683785402131,0.09127578670394519,1.0306635496609898e-33,0.08756837854021311,0.09519708262696985,0.17137139652388592,0.16612228878837904,0.16398448727462106,0.1702378876971348,0.16398448727462103,0.1702378876971348,0.233374828346902,0.24150293103630976
5,4,0.9684119997143017,0.6549254337480821,0.7833785604678378,0.5404035695437388,64,1024,False,0.04265032313908662,0.040009877271288304,0.002640445867798516,0.04627607730903963,0.04344750924186735,0.041232638147473584,0.03884534464062634,1.4998129710124592e-32,0.04000987727128831,3.062077959235048e-05,0.039803676558352166,0.03983429733794461,0.0007687038968598127,0.0059911425812409725,0.0050926610442340375,0.005316593151833403,0.03835484819763331,0.01118740106980231,0.07127787522514487,-0.01517229084509241,0.027138113965938522,0.02897016264614649,0.05531896928732749,0.0009903404861688614,0.01113627725862898,0.040009877271288304,0.04265032313908662,1.4998129710124592e-32,0.04000987727128831,0.04627607730903963,0.13140718612121607,0.13647417109388302,0.04866398147769228,0.04900511064464265,0.048541880774216215,0.04879363671479139,0.12322816995106632,0.12798395180398497
5,6,0.869747295829528,0.6128490807761741,0.7554572936160954,0.8156107426417455,64,1024,False,0.04715983998227045,0.047010917614839616,0.00014892236743092253,0.046717315911931206,0.045608670351394424,0.027417837324154367,0.025120268995891284,2.1155965738723496e-33,0.04701091761483961,9.172697257485483e-06,0.045390975497149225,0.045400148194406596,0.00020204113031101472,0.005380783524538522,0.006604345763977906,0.00890562248842981,0.03900432458741652,-0.002127445908179388,0.056963120556488125,-0.01340589339478744,0.029051014184939675,0.015399143303511664,0.04078434138500597,0.0026518559534451924,0.012886072712717578,0.047010917614839616,0.04715983998227045,2.1155965738723496e-33,0.04701091761483961,0.046717315911931206,0.17137139652388592,0.1664138446937647,0.04866398147769228,0.05337202802724433,0.048541880774216215,0.05204239051051124,0.02519099117970447,0.021273429327554473
5,7,0.79373504499975,0.5204983628691298,0.6785520830558367,0.7474260859304823,64,1024,False,0.15140644830435776,0.15090129991789977,0.0005051483864580672,0.15415667120593574,0.14848525666728238,0.09002456132750938,0.08527336193651239,1.2740240574337606e-36,0.15090129991789977,0.00013590845556688604,0.14858166428659356,0.14871757274216033,0.0009138695115910603,0.009638018946184707,0.008256597438418778,0.011604194269422247,0.1402286592288636,0.05131583102743685,0.1287332916275819,-0.008739921512173277,0.0344816763184642,0.06937175111670513,0.11240774613543181,0.007442143294611014,0.018136746453819796,0.15090129991789977,0.15140644830435776,1.2740240574337606e-36,0.15090129991789977,0.15415667120593574,0.17137139652388592,0.16762176674141385,0.10162233238883957,0.10104335524599019,0.1090465551407423,0.10952818124816474,0.055493097098347946,0.03290824343720106
5,8,0.7112283778911129,0.44967859158381696,0.6136765186815991,0.6103800733493965,64,1024,False,0.28290970408007593,0.28246104951755063,0.00044865456252559657,0.27770301896294575,0.285399257775903,0.12360249553495735,0.12379551154057043,1.0207120556461248e-34,0.28246104951755063,0.00023228935593354826,0.2851032540392219,0.2853355433951558,0.000814091904463003,0.01502853017459057,0.014394979189869327,0.018331552836514185,0.2710042785860337,0.08044709855169538,0.16675789251821932,-0.0037984953517649356,0.041459697346468934,0.09888569627219113,0.1504697699128883,0.012639721346204169,0.02481373111368157,0.28246104951755063,0.28290970408007593,1.0207120556461248e-34,0.28246104951755063,0.27770301896294575,0.17137139652388592,0.1722117322542914,0.11784663760914253,0.10003775648548822,0.11784663760914253,0.10523618433800586,0.12322816995106632,0.11819593588884221
5,9,0.6706150825961605,0.4115459438952182,0.5727612141543271,0.573818997154303,64,1024,False,0.19783905999812001,0.19724846396003143,0.0005905960380881519,0.19365187705279444,0.19899575631280697,0.09095005225183844,0.0905929083339763,1.4998796595466666e-33,0.19724846396003143,0.0002999542322400928,0.20454811899341527,0.20484807322565451,0.0014642765612428884,0.01686601389042809,0.016191194975637153,0.02001635800638938,0.18280456133716982,0.051659836925258606,0.13024026757841828,-0.00215220825218174,0.04316791477451394,0.06980948176351376,0.11401358124567196,0.014325927542813588,0.026513790420722216,0.19724846396003143,0.19783905999812001,1.4998796595466666e-33,0.19724846396003143,0.19365187705279444,0.17765606999657374,0.1828158573390689,0.16398448727462106,0.16128745184024165,0.16398448727462103,0.16128745184024165,0.12322816995106632,0.11987466008907925
5,10,0.6912688332297795,0.38176140984392354,0.5424312650183358,0.5530542016978224,64,1024,False,0.19854317368875612,0.1983427912290433,0.00020038245971385778,0.1879818303577118,0.19744954881142535,0.07650753783480678,0.0788499283658034,2.8251273761221927e-35,0.1983427912290433,7.451636967399621e-05,0.2018904027124118,0.2019649190820859,0.00036895699516860175,0.01657419135982838,0.016804989969634875,0.02078263892176182,0.18064455884179048,0.03840261133484778,0.11461246433476578,-0.001975215776589847,0.04329466820356512,0.056601750759000424,0.09854215737141203,0.014507198531646281,0.026657778158551082,0.1983427912290433,0.19854317368875612,2.8251273761221927e-35,0.1983427912290433,0.1879818303577118,0.17765606999657374,0.17887818665284544,0.16398448727462106,0.1618029106307037,0.16398448727462103,0.1618029106307037,0.12322816995106632,0.12320184381653625
5,11,0.5768196833570426,0.3262714070852021,0.4924253276363415,0.4624662250239499,64,1024,False,0.15425353201507627,0.15372138538383284,0.0005321466312441762,0.14482707015679894,0.15203619523769177,0.054349984698491116,0.06018016789839095,2.454578454822088e-35,0.15372138538383284,5.06274608939468e-05,0.16164104083161984,0.16169166829251352,0.00031311112952559536,0.018148422892458646,0.01710787512872664,0.02226861897794068,0.13492832010896513,0.01860087601126685,0.09009909338571538,0.0005265384285955375,0.045849407588689176,0.03646524895884795,0.0739012813064619,0.016784624953288585,0.02900426152336877,0.15372138538383284,0.15425353201507627,2.454578454822088e-35,0.15372138538383284,0.14482707015679894,0.2324909848270016,0.24070783727530423,0.2029197240871349,0.20738838977408383,0.2079971342455866,0.2137398673445673,0.18382493443740183,0.1864247920561087
6,0,0.6744504151543547,0.20878141600229258,0.37957376807550425,0.09539454624195251,64,1024,False,0.07382794257247935,0.06105083181002425,0.012777110762455877,0.07106480505501095,0.07699652871593612,0.07143864974934201,0.07771966142221298,1.1098327566997408e-32,0.06105083181002425,1.64681208397026e-05,0.06150416812978301,0.06152063625062289,0.0002676845013860835,0.0005665248646580544,0.0025485459904385516,0.0028055759733457302,0.07444798272549757,0.038067139657152735,0.10481015984153129,-0.020143847097439032,0.02145816310051946,0.05511108664359199,0.08778595484909602,-0.004214399217744358,0.005528038906049915,0.06105083181002425,0.07382794257247935,1.1098327566997408e-32,0.06105083181002425,0.07106480505501095,0.17765606999657374,0.18191972059423628,0.2888271823832501,0.3116192718167688,0.2888271823832501,0.3116192718167688,0.2948969311667504,0.3695076398706636
6,1,0.6961406555460922,0.2212965494794243,0.38948276571217544,0.3024485281072904,64,1024,False,0.169349038580006,0.16012751753640142,0.009221521043604066,0.16844399689619785,0.16338094906247203,0.15965525762581323,0.1551269713249148,8.855803559154604e-33,0.16012751753640148,0.0002707381482747092,0.15674839562101672,0.15701913376929189,0.001724236669605531,0.003309119497539406,0.004904586671910605,0.005271878574510884,0.15847636239056143,0.11388867086383886,0.2054218443877876,-0.01721947169442247,0.02501659172189788,0.13216742818622151,0.1887270203078515,-0.0010211086337221786,0.009063659745152108,0.16012751753640142,0.169349038580006,8.855803559154604e-33,0.16012751753640148,0.16844399689619785,0.17765606999657374,0.18004816394007253,0.2888271823832501,0.3218254802560775,0.2888271823832501,0.3218254802560775,0.233374828346902,0.2723599156126759
6,2,0.6913212428859651,0.2571135094441368,0.4264298555889945,0.3075580537929954,64,1024,False,0.12782970678973302,0.11785049778914479,0.00997920900058755,0.1360599798914027,0.1266948370034132,0.12832236557381008,0.12198255078171762,2.228137934945539e-32,0.11785049778914487,0.00020199471163345056,0.11477990650724276,0.11498190121887651,0.0017567522322399136,0.0044042499303390435,0.00629578079066585,0.0068152076743661924,0.12039905621274734,0.08710246779528227,0.16954226335233788,-0.016018830133855005,0.025811734093104746,0.1054402498921263,0.1531821711032535,7.792437827447429e-05,0.009919683456246275,0.11785049778914479,0.12782970678973302,2.228137934945539e-32,0.11785049778914487,0.1360599798914027,0.17765606999657374,0.17931991360078062,0.2886344178741918,0.3100267215791499,0.2886344178741918,0.3100267215791499,0.233374828346902,0.23909923119722548
6,3,0.7218508040259747,0.3086333016427347,0.47429459664003293,0.2072378934936149,64,1024,False,0.08675055033374944,0.08242320105087762,0.004327349282871782,0.08667966510768127,0.08865462759821155,0.0830283761013705,0.08539387364290105,7.891074435131928e-33,0.0824232010508776,5.977078449789031e-05,0.08386606583615339,0.08392583662065131,0.0007121857452319128,0.006100778169916903,0.004875242946576352,0.006345777579972214,0.0837793846516352,0.04658013446786003,0.11947661773488097,-0.013220130851377167,0.028656997203157723,0.06501278140785871,0.1036229774763342,0.002770268707536161,0.012667788636463229,0.08242320105087762,0.08675055033374944,7.891074435131928e-33,0.0824232010508776,0.08667966510768127,0.17137139652388592,0.16612228878837904,0.2029197240871349,0.21186126708555442,0.2079971342455866,0.22361615525288717,0.2729635505246589,0.3269024742031633
6,4,0.8088591806498554,0.43547572002770335,0.5944917440614266,0.3932537131238464,64,1024,False,0.05372828186880331,0.05002560745004323,0.0037026744187601177,0.05475770000600834,0.052474375970348534,0.04925732394562173,0.04957659301441339,1.5941170594655974e-33,0.05002560745004323,1.452784380738907e-06,0.04957488159432324,0.049576334378703735,2.9303989472908116e-05,0.005970276489942112,0.0042064418681852095,0.005288582190906432,0.048267934102163325,0.017871431074145717,0.08064321681709774,-0.013790227876200729,0.02771278374646872,0.03568311475828523,0.06457497469818918,0.0021496244953596033,0.01183209550799802,0.05002560745004323,0.05372828186880331,1.5941170594655974e-33,0.05002560745004323,0.05475770000600834,0.17137139652388592,0.1630547867461989,0.11784663760914253,0.13046442512976936,0.11784663760914253,0.13046442512976936,0.18382493443740183,0.20969823286161812
6,5,0.869747295829528,0.6128490807761741,0.7554572936160954,0.8156107426417455,64,1024,False,0.023935866296619993,0.02243711719251308,0.0014987491041068336,0.022331636808423278,0.02259107314382701,0.022970623835411482,0.02402622133870096,1.3360326300247973e-33,0.022437117192513074,6.880240005576395e-07,0.02292476396163029,0.02292545198563086,3.0011360342595512e-05,0.0028998172085989184,0.0018022151328835495,0.00247371225056854,0.02078885801094346,-0.0034080888551116066,0.04934933652593457,-0.016330810318218602,0.023560442237474822,0.013829157163854688,0.03294754865783034,-0.000823069603939075,0.008085366411251016,0.02243711719251308,0.023935866296619993,1.3360326300247973e-33,0.022437117192513074,0.022331636808423278,0.17137139652388592,0.15763341558027336,0.04866398147769228,0.046717315911931206,0.048541880774216215,0.03659188119941631,0.02519099117970447,0.025762862053960712
6,7,0.9522746603071786,0.77130215760819,0.8679155952735369,0.875886593102548,64,1024,False,0.020351956125466752,0.019844192820099846,0.000507763305366979,0.022238623953324557,0.019328024866728234,0.019750080990877793,0.016295870517774747,2.2274665097585993e-33,0.019844192820099835,2.1536593811565312e-07,0.02007921974251959,0.02007943510845764,1.0725697060319145e-05,0.0033194422143076885,0.0023666691698541673,0.0037332574828763646,0.016961355696874066,-0.005674291953926394,0.04517445393568198,-0.015388392396647944,0.024453636484186476,0.01144950450543547,0.02877731045737164,0.0001329720762441866,0.009012397131300531,0.019844192820099846,0.020351956125466752,2.2274665097585993e-33,0.019844192820099835,0.022238623953324557,0.13140718612121607,0.14149070302879255,0.016451689106447086,0.013812434871170587,0.016451689106447086,0.013812434871170587,0.016451689106447086,0.013812434871170587
6,8,0.877422555376072,0.6129035865190844,0.7533184581928569,0.7380397311648771,64,1024,False,0.034545042907393075,0.03416204636032547,0.00038299654706757714,0.03310701632941784,0.035841101315723344,0.0181110965420025,0.018105784598112712,1.6836244182395567e-33,0.03416204636032548,1.6362230339084936e-06,0.034359011296954976,0.03436064751998875,4.7619097776217616e-05,0.00859945029760901,0.008026166243081296,0.01065960511595571,0.027814935072642048,-0.008478805734960279,0.044700998818965276,-0.009940381380210821,0.0325712810407551,0.008528301928890869,0.028104055672883987,0.00625558928004466,0.016530658591364045,0.03416204636032547,0.034545042907393075,1.6836244182395567e-33,0.03416204636032548,0.03310701632941784,0.17137139652388592,0.1722117322542914,0.04866398147769228,0.050886405070302905,0.048541880774216215,0.05025686571252714,0.055493097098347946,0.05798043940600685
6,9,0.8396461979626697,0.5384061463881256,0.6859825992714375,0.685770477082174,64,1024,False,0.059987467832398854,0.0594341471610106,0.000553320671388978,0.05631116537912656,0.05819653812879413,0.03000771594245534,0.032915296753403926,4.2924820377641556e-33,0.05943414716101059,1.894791326092247e-05,0.05945861706417446,0.05947756497743535,0.000318572444384886,0.011277140821436412,0.010403604999792529,0.013359891457989534,0.0477929331290016,0.00012005166995190941,0.05989538021495877,-0.007611996835875561,0.03579279689881035,0.017365437342959922,0.04349797522445442,0.008699698890268337,0.01953515672357753,0.0594341471610106,0.059987467832398854,4.2924820377641556e-33,0.05943414716101059,0.05631116537912656,0.17137139652388592,0.17779026809810844,0.10162233238883957,0.10916970662955652,0.1090465551407423,0.11256224779151666,0.055493097098347946,0.057599304860485444
6,10,0.8235207519359834,0.4778917067516712,0.6311140144829579,0.6449416802539867,64,1024,False,0.06435796656201936,0.06414893401087526,0.00020903255114424694,0.05900103223502226,0.06276730638321582,0.02260502469920646,0.027645407483864876,1.404696349835161e-33,0.06414893401087526,1.861027402969272e-05,0.06330243577463367,0.06332104604866343,0.0002939034521853977,0.012415341300863735,0.011981230972343507,0.015320191442414017,0.05078607541087231,-0.007051895426588968,0.05226194482500189,-0.0061244221085177825,0.03783333330186374,0.010274496002239175,0.03600558290781919,0.010277250039507635,0.02148694663628703,0.06414893401087526,0.06435796656201936,1.404696349835161e-33,0.06414893401087526,0.05900103223502226,0.17137139652388592,0.17887818665284544,0.10162233238883957,0.10700654857186342,0.1090465551407423,0.11549137457403794,0.12322816995106632,0.12320184381653625
6,11,0.6055271047491816,0.385804974591526,0.547016844902668,0.5128396196314178,64,1024,False,0.08596929648299981,0.08536929836496364,0.000599998118036311,0.08135214971064876,0.08049104692172877,0.037773206057788784,0.0374745449867915,6.782889872694198e-34,0.08536929836496364,9.338389053161714e-05,0.0859435219518948,0.08603690584242639,0.0010853934089941181,0.014830076125758221,0.013797682423043028,0.01838372774802415,0.06669336449868575,0.004897404020438333,0.07064900809513924,-0.0028057756996703806,0.041575459753305836,0.022379789996193722,0.05427101924578892,0.01346291240042774,0.024997656037157867,0.08536929836496364,0.08596929648299981,6.782889872694198e-34,0.08536929836496364,0.08135214971064876,0.17765606999657374,0.1978874146630308,0.16398448727462106,0.1714965179622549,0.16398448727462103,0.1714965179622549,0.12322816995106632,0.13177719109470387
7,0,0.5872026158871834,0.20020100685374237,0.37072198690854696,0.18466471768913614,64,1024,False,0.17881802125479604,0.1667404481592492,0.012077573095546558,0.17231022356785294,0.18446929557336594,0.15823647695159823,0.17018430666056764,7.973887352365888e-33,0.16674044815924924,5.948350969064607e-08,0.1705923788158132,0.17059243829932338,3.486878450396239e-07,-0.0006433254062053657,0.0012136441657959176,0.0014596743101756094,0.18325565140757002,0.11113643548242547,0.205336518420771,-0.020894990461767037,0.019867445931166586,0.12863440169167006,0.18773471087479265,-0.005162238638149574,0.00414754403027473,0.1667404481592492,0.17881802125479604,7.973887352365888e-33,0.16674044815924924,0.17231022356785294,0.2324909848270016,0.23603102960695146,0.2888271823832501,0.3116192718167688,0.2888271823832501,0.3116192718167688,0.2840479884886507,0.3318670799330879
7,1,0.6189190142884702,0.211366348198417,0.37983340530933174,0.2992712762740741,64,1024,False,0.13304703133416748,0.1238499316182551,0.009197099715912307,0.12945788845297881,0.13611181443443726,0.12509055756209866,0.13196456885779156,4.338673370356566e-33,0.12384993161825517,3.0248304202704665e-05,0.12567426513094357,0.12570451343514633,0.0002406302158618228,0.0028507232763243084,0.003650442847955953,0.004055420146076141,0.1324613715864813,0.08309013281446384,0.1670909823097335,-0.017529569618628064,0.024362465156216203,0.10063190657092491,0.1499958940257784,-0.0014167818590067327,0.008477001756546088,0.1238499316182551,0.13304703133416748,4.338673370356566e-33,0.12384993161825517,0.12945788845297881,0.17765606999657374,0.18004816394007253,0.2888271823832501,0.3218254802560775,0.2888271823832501,0.3218254802560775,0.233374828346902,0.2723599156126759
7,2,0.6034328584662986,0.23926585713508794,0.4085036203504384,0.2648577448546457,64,1024,False,0.0781110190659268,0.06787895723892336,0.010232061827003784,0.08190001979380847,0.08109591010681569,0.07986165439758197,0.08072165594893906,2.3154283814395796e-32,0.06787895723892338,4.392605864733031e-05,0.06893872244401583,0.06898264850266318,0.0006367696747050017,0.0033583817381195114,0.004584092225321132,0.005175666371427013,0.07651181788149455,0.04634262501057006,0.11338068378459389,-0.01680104383618945,0.02454087479508082,0.06382187369308667,0.09672562714695232,-0.0008642693064757623,0.008721819744096138,0.06787895723892336,0.0781110190659268,2.3154283814395796e-32,0.06787895723892338,0.08190001979380847,0.2324909848270016,0.24134927688777766,0.2886344178741918,0.3117153397544197,0.2886344178741918,0.3117153397544197,0.2729635505246589,0.30362831970388043
7,3,0.637366087487532,0.27759483086137215,0.4465949350189865,0.1392392642329644,64,1024,False,0.09789632558434593,0.09328734019902696,0.004608985385319,0.09961784582349287,0.09682475617113208,0.09794211547379304,0.09520439077904674,4.613468649890966e-33,0.09328734019902699,4.89937721770429e-05,0.09400458900777528,0.0940535827799523,0.0005209134062619252,0.005562960462050022,0.003895376052155351,0.0053526461952754885,0.09292938011897672,0.06055165295605262,0.13533257799153348,-0.013540585633422536,0.027814088121903155,0.07883091560506728,0.11923795562324813,0.0022785188048146665,0.011893131952092517,0.09328734019902696,0.09789632558434593,4.613468649890966e-33,0.09328734019902699,0.09961784582349287,0.17765606999657374,0.18077759896349696,0.23519665496436123,0.2803895913446507,0.24674200599534363,0.2973939006550671,0.2840479884886507,0.3269024742031633
7,4,0.7250073394450868,0.37828788771952204,0.5410733652437055,0.3849846724647596,64,1024,False,0.07393815550755646,0.07023818856015117,0.0036999669474051416,0.07355332321709165,0.0726065820470396,0.06793301160195529,0.070440996519142,5.309018506097077e-33,0.07023818856015118,4.953168897449618e-06,0.07167306968204828,0.07167802285094571,6.910303466028523e-05,0.005763465654644455,0.0032132604972594184,0.004365153112865519,0.06939332154978017,0.03351944729697868,0.10234657590693191,-0.013710240421098854,0.027576752846303267,0.05118897833744995,0.08589729294908466,0.0021216333771008067,0.011689498969644774,0.07023818856015117,0.07393815550755646,5.309018506097077e-33,0.07023818856015118,0.07355332321709165,0.17137139652388592,0.1630547867461989,0.16398448727462106,0.18955343536941782,0.16398448727462103,0.18955343536941782,0.18382493443740183,0.23526591154076362
7,5,0.79373504499975,0.5204983628691298,0.6785520830558367,0.7474260859304823,64,1024,False,0.03515886810825357,0.03344642661205842,0.0017124414961953215,0.033649081825055716,0.03330564120401693,0.03345445613357251,0.03405037969419409,1.2311448321635996e-35,0.03344642661205842,6.072987558714478e-06,0.03430045414733178,0.034306527134890484,0.00017702134450496793,0.0037529067370469424,0.0024342481494956858,0.0031037474278588213,0.030871393054521246,0.004265697442234061,0.06264321482491095,-0.015882462859008184,0.024785014473572696,0.021449623483931646,0.046043769994867034,-0.00017834950267570093,0.009086653924896382,0.03344642661205842,0.03515886810825357,1.2311448321635996e-35,0.03344642661205842,0.033649081825055716,0.17137139652388592,0.15763341558027336,0.10162233238883957,0.10615388242642516,0.1090465551407423,0.11407305336178807,0.055493097098347946,0.05792020990649152
7,6,0.9522746603071786,0.77130215760819,0.8679155952735369,0.875886593102548,64,1024,False,0.012008042421510696,0.011651360609864917,0.00035668181164580045,0.01066475425956961,0.010175212986773055,0.008988817455190009,0.008539617043247379,3.945786229608163e-33,0.011651360609864912,1.214046537436906e-05,0.011482219134023015,0.011494359599397413,0.0010562106804980695,0.0013201068818754198,0.001610308252267443,0.0016533549754279156,0.008564904734505613,-0.014326158900555394,0.03230379381093541,-0.01776850710576282,0.020451622188184016,0.0022933408254175447,0.015594173775753006,-0.0028606475025299005,0.0054200454032979906,0.011651360609864917,0.012008042421510696,3.945786229608163e-33,0.011651360609864912,0.01066475425956961,0.13140718612121607,0.13665685707172245,0.016451689106447086,0.0199890713583741,0.016451689106447086,0.0199890713583741,0.016451689106447086,0.021273429327554473
7,8,0.9293205120949248,0.7516638253097331,0.8561969102006214,0.8287189651931637,64,1024,False,0.028386124566279036,0.02832883019830342,5.729436797558122e-05,0.02478180317839026,0.03049328053680593,0.008353568036341377,0.013257416637608802,5.755534642693232e-35,0.02832883019830342,2.606719760541616e-07,0.0290464147912568,0.029046675463232922,8.974244793835988e-06,0.0038004945139718145,0.003785713865493396,0.005596161332298181,0.026707566671312535,-0.01684616786458076,0.03355330393726351,-0.013996121267090047,0.025631880789764735,7.359272422036156e-05,0.016934037710598204,0.0014670789387309924,0.01026493633253267,0.02832883019830342,0.028386124566279036,5.755534642693232e-35,0.02832883019830342,0.02478180317839026,0.13140718612121607,0.14693377695477833,0.019426683209636485,0.017131310609068764,0.019426683209636485,0.017131310609068764,0.021760089750407805,0.01873837632242535
7,9,0.8975662358233192,0.6402763722263637,0.7724455958526837,0.7597407449657293,64,1024,False,0.04774372603143587,0.04745797051408583,0.000285755517349957,0.04251450784818968,0.04600889013276725,0.01537398506915717,0.021023123240801155,1.087564957274916e-33,0.04745797051408585,7.2251620082751435e-06,0.046936070703403845,0.046943295865411974,0.00015391254225075992,0.006520402493040545,0.006015023563575067,0.00840326544450025,0.03999386656919218,-0.01220119166931767,0.04294916180763201,-0.011777011014465658,0.029471429529693487,0.004942113635479473,0.026587506567011587,0.0041074639884755015,0.013660567004990298,0.04745797051408583,0.04774372603143587,1.087564957274916e-33,0.04745797051408585,0.04251450784818968,0.17137139652388592,0.17779026809810844,0.04866398147769228,0.049542477710478365,0.048541880774216215,0.049542477710478365,0.03554425494998409,0.028574002051778503
7,10,0.8674110423604022,0.5507891322878216,0.698392299163706,0.7207061544554979,64,1024,False,0.07511202695052197,0.07511742450683762,-5.39755631552797e-06,0.06886460598032283,0.0745438161385485,0.017199304996940182,0.02539383729469853,1.0929866426613606e-34,0.07511742450683762,2.21698019168921e-05,0.07533955698684704,0.07536172678876382,0.00029417852883113,0.00788685948054594,0.007400801890762081,0.010234958642474552,0.06714301424778643,-0.011919993678044336,0.046318603671924696,-0.009930030062901572,0.031803848583358045,0.005551697766350117,0.03016356437728973,0.0060817835401394404,0.015888275775068905,0.07511742450683762,0.07511202695052197,1.0929866426613606e-34,0.07511742450683762,0.06886460598032283,0.17137139652388592,0.17887818665284544,0.10162233238883957,0.10700654857186342,0.1090465551407423,0.11549137457403794,0.055493097098347946,0.054007373889239624
7,11,0.6119357302213011,0.42611742974759953,0.5884227623192739,0.5354693304910514,64,1024,False,0.08962107951068585,0.08910132869779068,0.0005197508128947713,0.08326376695104272,0.08490518557180703,0.020579553890049073,0.022754822120487992,9.763386297274428e-35,0.08910132869779068,0.00012371760965313765,0.09279337237057018,0.0929170899802233,0.0013314839033322073,0.011237076626536786,0.010057133297571184,0.014210853618130275,0.07484805227423584,-0.010189849268053403,0.05134895704815155,-0.006004702294247844,0.036870190401134546,0.007335622532991692,0.035226480482378975,0.010077580882352777,0.020573876157868654,0.08910132869779068,0.08962107951068585,9.763386297274428e-35,0.08910132869779068,0.08326376695104272,0.17765606999657374,0.1978874146630308,0.11784663760914253,0.12476321174076248,0.11784663760914253,0.12476321174076248,0.12322816995106632,0.13177719109470387
8,0,0.5225996131619285,0.1923727191878631,0.361535991733964,0.27089073401126323,64,1024,False,0.19342362027408963,0.1816899322032198,0.011733688070870442,0.1846192586214636,0.19625703893799815,0.168389934798874,0.1803106679329104,1.313974178649947e-33,0.1816899322032198,1.1899646118186681e-05,0.18241025151928306,0.18242215116540106,6.523136604938588e-05,-0.0009162324655340232,0.0010108278169514663,0.0013746901614338433,0.19524621112104668,0.12012385912317683,0.2166560104745712,-0.021025752295355426,0.01960627974768082,0.1375537899439223,0.19886593984847423,-0.005360393370210659,0.0038854973536217585,0.1816899322032198,0.19342362027408963,1.313974178649947e-33,0.1816899322032198,0.1846192586214636,0.2696941234790137,0.29805971497427863,0.2888271823832501,0.44999202123898807,0.2888271823832501,0.44999202123898807,0.2729635505246589,0.27946909070993464
8,1,0.549198440971603,0.20423530525056457,0.373399427214976,0.3646408096366481,64,1024,False,0.09348525965205443,0.08435383273960595,0.009131426912448115,0.09857925158708078,0.08859199170498894,0.0981593696832926,0.08888223987271146,3.441703661788282e-33,0.08435383273960598,5.284835891808938e-05,0.08378018103456403,0.08383302939348218,0.0006304002050318155,0.00260331083429748,0.0036102442160217017,0.003989109641875699,0.08498174748896724,0.06107608074462558,0.1352426586219596,-0.01765758348496513,0.023885306210651155,0.07866242123418488,0.11851691226911498,-0.0016719031264074147,0.008037241932470351,0.08435383273960595,0.09348525965205443,3.441703661788282e-33,0.08435383273960598,0.09857925158708078,0.2324909848270016,0.24221575701773693,0.2888271823832501,0.3218254802560775,0.2888271823832501,0.3218254802560775,0.233374828346902,0.2723599156126759
8,2,0.5324234782615435,0.22592957900459276,0.3945274233451703,0.23038884313425362,64,1024,False,0.1534037016779791,0.14267970878473785,0.010723992893241245,0.16213537181484783,0.1499024646261977,0.1523521644860795,0.14262487229685575,1.0321474658436071e-32,0.14267970878473785,0.00015970670900556988,0.13792340453207955,0.13808311124108535,0.0011565984251812732,0.002844311600814239,0.0039834526900436465,0.004575264225705648,0.14591901193615403,0.1084067862246395,0.19629754274751948,-0.017281440466227545,0.024011066994576842,0.1267301412008237,0.17975228893192252,-0.0013975452748127282,0.00816958775249077,0.14267970878473785,0.1534037016779791,1.0321474658436071e-32,0.14267970878473785,0.16213537181484783,0.2696941234790137,0.3018902573791359,0.2888271823832501,0.3117153397544197,0.2888271823832501,0.3117153397544197,0.2729635505246589,0.30362831970388043
8,3,0.5588734127385133,0.2528631784136163,0.422687791705006,0.15789415652686428,64,1024,False,0.1983349026182953,0.19370186330291944,0.0046330393153771595,0.20395225238831785,0.19438003373338514,0.18069743407041647,0.17460542852766245,2.1484904087606248e-33,0.1937018633029195,0.00011785335525855033,0.18936728963975857,0.18948514299501737,0.0006219662048208675,0.005660092490052432,0.0034087129049496447,0.004832771510850523,0.1909713208284355,0.1340530512609123,0.22734181687992064,-0.013208074501627014,0.027716469255503296,0.15255741200235207,0.2107985320253647,0.002463926990458276,0.01185480436834041,0.19370186330291944,0.1983349026182953,2.1484904087606248e-33,0.1937018633029195,0.20395225238831785,0.2324909848270016,0.24120878628062814,0.2886344178741918,0.29364064755325275,0.2886344178741918,0.2973939006550671,0.2840479884886507,0.3269024742031633
8,4,0.6391408429265086,0.3387466154780649,0.5050653079444596,0.290996597390771,64,1024,False,0.11057156356248234,0.10624670305861457,0.004324860503867181,0.11172889481030496,0.1120344973390055,0.10374021898263268,0.10759403387744944,2.641826373087711e-33,0.10624670305861457,5.7231808880366475e-06,0.1094336488607669,0.10943937204165509,5.229544707053213e-05,0.005624251856708561,0.0031015487320391233,0.004175601539344133,0.10893294860696638,0.06538395654187021,0.14209648142339515,-0.013626948771527524,0.02743831337310406,0.08331941704818746,0.1256502376854769,0.00205485455080634,0.011510067517519929,0.10624670305861457,0.11057156356248234,2.641826373087711e-33,0.10624670305861457,0.11172889481030496,0.17765606999657374,0.18338696440306235,0.2029197240871349,0.22816144491159648,0.19071433698776907,0.22816144491159648,0.233374828346902,0.25077490259806917
8,5,0.7112283778911129,0.44967859158381696,0.6136765186815991,0.6103800733493965,64,1024,False,0.05218970968387384,0.04948987101352902,0.002699838670344582,0.05234420419401629,0.04981140809671888,0.0545385785575602,0.05229237811696272,4.868943492405371e-36,0.04948987101352902,6.776557252713363e-08,0.05009779447164789,0.05009786223722037,1.3526639561236004e-06,0.004376450817619535,0.0030540260011630038,0.0037851453702870295,0.046757382095555876,0.02376133792063225,0.08531581919448814,-0.015333694104418904,0.025936794439367028,0.04105051889200695,0.06882691510691075,0.00044670859642792493,0.010007860604673624,0.04948987101352902,0.05218970968387384,4.868943492405371e-36,0.04948987101352902,0.05234420419401629,0.17137139652388592,0.15763341558027336,0.11784663760914253,0.13094712429216776,0.11784663760914253,0.13094712429216776,0.12322816995106632,0.1317396617688532
8,6,0.877422555376072,0.6129035865190844,0.7533184581928569,0.7380397311648771,64,1024,False,0.021369748831582186,0.020133934049408077,0.0012358147821741106,0.022362367746140994,0.02013559885112833,0.02269066530802858,0.02078585564883259,3.8697337223646e-33,0.02013393404940807,1.5231796064483657e-05,0.019786781568244524,0.019802013364309097,0.0007692044129177923,0.0030412541204820234,0.00345663874245435,0.0033291583491761975,0.01667896010867398,-0.002777811240638667,0.04815914185669583,-0.01726424788636112,0.023301299964976242,0.01426002400694415,0.031719047045044135,-0.0017088223830796778,0.007512280826631468,0.020133934049408077,0.021369748831582186,3.8697337223646e-33,0.02013393404940807,0.022362367746140994,0.17137139652388592,0.1664138446937647,0.04866398147769228,0.05337202802724433,0.048541880774216215,0.05204239051051124,0.055493097098347946,0.062423646276514665
8,7,0.9293205120949248,0.7516638253097331,0.8561969102006214,0.8287189651931637,64,1024,False,0.01719618651967577,0.01614590356206042,0.001050282957615369,0.01873837632242535,0.015505637190348361,0.02070907429629813,0.017743725263967346,5.71349801177374e-35,0.01614590356206042,2.4061017034220258e-06,0.01654606629060787,0.016548472392311334,0.00014539720926385545,0.0019649312566571106,0.00152763926751917,0.0015034027768606028,0.01397799792282919,-0.0036222300392306887,0.045040378631826944,-0.017742506186181842,0.021299509446740608,0.013480837682436686,0.028698546426312532,-0.002605235786177218,0.005958743771770969,0.01614590356206042,0.01719618651967577,5.71349801177374e-35,0.01614590356206042,0.01873837632242535,0.13140718612121607,0.14149070302879255,0.019426683209636485,0.019656118838706865,0.019426683209636485,0.019656118838706865,0.021760089750407805,0.02478180317839026
8,9,0.9737327334108663,0.8227096038045396,0.8993353339589116,0.9115729448738458,64,1024,False,0.008670106544334385,0.008422964621863965,0.0002471419224704121,0.005524813088042985,0.007585757464546942,0.003983137873021019,0.006454030915172078,1.8046425802095052e-34,0.008422964621863965,4.0221770760064575e-08,0.008042500977685062,0.008042541199455838,5.001127101815282e-06,0.00150990410462102,0.0016319830289101408,0.0025140054952533207,0.005953774435636801,-0.01782032298416216,0.025786598730204197,-0.016799619064809507,0.02133137249945609,-0.0015493288519792259,0.009402482603036333,-0.0018116096616722643,0.00643566380313132,0.008422964621863965,0.008670106544334385,1.8046425802095052e-34,0.008422964621863965,0.005524813088042985,0.13140718612121607,0.1424695662274544,0.008298016262235409,0.011071219436427833,0.008298016262235409,0.011071219436427833,0.008298016262235409,0.011071219436427833
8,10,0.9344659177065979,0.6782491276561281,0.8013934176360131,0.8150510414954931,64,1024,False,0.021944449678694574,0.021878922741656932,6.552693703735859e-05,0.015600312776119373,0.021600519745764102,0.0024653998442243194,0.007861550000445045,7.909165679463752e-35,0.021878922741656932,5.099765651013957e-05,0.02160108226683476,0.021652079923344905,0.002355323677479814,0.0031440445199436263,0.003529105222301537,0.0051307581406608285,0.018071414523462566,-0.021546791842126323,0.02647759153057496,-0.015078167325110053,0.024655314334604737,-0.004581748064083513,0.010202092104009353,0.0004130816669203341,0.0092548191169044,0.021878922741656932,0.021944449678694574,7.909165679463752e-35,0.021878922741656932,0.015600312776119373,0.13140718612121607,0.14187803639073956,0.02395522051007101,0.03231012824402264,0.02395522051007101,0.03231012824402264,0.02519099117970447,0.029113269426014315
8,11,0.6323473340765289,0.5007841993288029,0.6590898289822253,0.6463329909429715,64,1024,False,0.05120350076516857,0.050712759052091674,0.0004907417130769567,0.04263719146239427,0.044870050553449566,0.008012327772321866,0.00897930600135225,4.957095445882134e-35,0.050712759052091674,9.893206446053829e-05,0.05118588268170352,0.05128481474616395,0.0019290713040537658,0.005887161322603705,0.005423755493427074,0.008302389393601967,0.03944629506002249,-0.01894948812431315,0.03497414366895688,-0.011795497790726639,0.02943501270980288,-0.0018655963358469307,0.01860516387387179,0.003952462335291784,0.013509209355106577,0.050712759052091674,0.05120350076516857,4.957095445882134e-35,0.050712759052091674,0.04263719146239427,0.17765606999657374,0.1978874146630308,0.10162233238883957,0.10874581609437199,0.1090465551407423,0.11347384605263217,0.12322816995106632,0.13177719109470387
9,0,0.4781152361918847,0.18923051048040457,0.35916937187128417,0.2484460098872272,64,1024,False,0.09588676153125048,0.0840220635279823,0.011864698003268044,0.09205725610291868,0.09750642189541675,0.09150861186168321,0.09734213846365282,1.557939433775061e-33,0.0840220635279823,9.967938381645603e-06,0.0844953291388144,0.0845052970771962,0.00011795637346307201,-0.0012567098771264942,0.0009748380557988862,0.0013202529057081995,0.09653158383961787,0.053525336268777486,0.12949188745458895,-0.02140278340212136,0.019200310982514186,0.07054370745754568,0.11207297033979557,-0.005747299044742249,0.0034875116252806038,0.0840220635279823,0.09588676153125048,1.557939433775061e-33,0.0840220635279823,0.09205725610291868,0.2696941234790137,0.29805971497427863,0.2888271823832501,0.44999202123898807,0.2888271823832501,0.44999202123898807,0.2729635505246589,0.27946909070993464
9,1,0.5054530995518368,0.1996143238254055,0.36996951998144595,0.27282782319754606,64,1024,False,0.10319350219565154,0.09355445396827766,0.009639048227373744,0.10432709166182436,0.09815948606597256,0.10260521693673932,0.09765488579243972,2.9178337045337786e-33,0.09355445396827768,1.6391868909737349e-06,0.09145739461727538,0.09145903380416638,1.7922635116434636e-05,0.001852122779674865,0.003046660916871344,0.0034040716926644495,0.09511282514910122,0.06459543108880297,0.14061500278467567,-0.018178635153510224,0.02285152265628359,0.08222238771850243,0.12387401259184116,-0.002316110418178141,0.007124268311599735,0.09355445396827766,0.10319350219565154,2.9178337045337786e-33,0.09355445396827768,0.10432709166182436,0.2696941234790137,0.2860499157543826,0.2888271823832501,0.3218254802560775,0.2888271823832501,0.3218254802560775,0.233374828346902,0.2808557907237192
9,2,0.4876592238727957,0.21878535209456956,0.38794139828009,0.17935095377706323,64,1024,False,0.0915374819430659,0.08051735628425705,0.011020125658809308,0.09337296363168764,0.09387605208593187,0.0939305380990749,0.09497223307384807,7.015247671090013e-33,0.08051735628425706,8.150960650177975e-06,0.08025797097803097,0.08026612193868116,0.00010154920224506243,0.0021749204132724296,0.003492839343606165,0.0039772190817853655,0.0903832127423257,0.0588025650735158,0.12905851112463398,-0.017786645552896167,0.023083506702812524,0.0761542963955435,0.11219394820363959,-0.001998334781092126,0.0073531104062567465,0.08051735628425705,0.0915374819430659,7.015247671090013e-33,0.08051735628425706,0.09337296363168764,0.2696941234790137,0.3018902573791359,0.2888271823832501,0.3117153397544197,0.2888271823832501,0.3117153397544197,0.2840479884886507,0.30362831970388043
9,3,0.5152473737385979,0.2400263077311829,0.41037718331983125,0.08526744498815748,64,1024,False,0.14459338747467446,0.13968947424814634,0.004903913226527762,0.14380354251089525,0.1461950812266344,0.14290697140256528,0.14428516718875514,5.275170265925249e-34,0.13968947424814634,8.872963946673353e-06,0.13710139733922197,0.13711027030316894,6.471407230876327e-05,0.004512525818827267,0.0028601879369206254,0.004149119593867923,0.14333489328971377,0.10153407193684746,0.1842798708682831,-0.014185858469508084,0.026187703010491694,0.11954998950386653,0.16765741420385893,0.0013101501317578368,0.01043310896056937,0.13968947424814634,0.14459338747467446,5.275170265925249e-34,0.13968947424814634,0.14380354251089525,0.2696941234790137,0.2821473325907623,0.2886344178741918,0.2957732606380522,0.2886344178741918,0.2973939006550671,0.2948969311667504,0.3452613940520355
9,4,0.5967838217830262,0.314927718892033,0.4815177431382476,0.2390314172170978,64,1024,False,0.1115831844624809,0.10706763008951628,0.004515554372965182,0.11332956895490554,0.11498668556117474,0.10997992351426827,0.11219769440602478,3.5649792654282685e-33,0.10706763008951627,5.5411416837036174e-06,0.10955827200124457,0.10956381314292778,5.057456038404859e-05,0.0046446590340233984,0.0023189135601716774,0.003180022047088968,0.11266777200100306,0.07162733828930987,0.14833250873922668,-0.014589622852239355,0.02611747334546075,0.08935007220134139,0.13166299101430923,0.0009735282073961571,0.010242516626021825,0.10706763008951628,0.1115831844624809,3.5649792654282685e-33,0.10706763008951627,0.11332956895490554,0.2324909848270016,0.24681434509664196,0.2029197240871349,0.22816144491159648,0.2079971342455866,0.22816144491159648,0.2729635505246589,0.27963570518204667
9,5,0.6706150825961605,0.4115459438952182,0.5727612141543271,0.573818997154303,64,1024,False,0.062251233727938525,0.059437257339063895,0.0028139763888745477,0.061299857041987774,0.06010655159287443,0.06351078715575842,0.06252891654675345,5.7308452907672695e-34,0.059437257339063895,4.245750718156181e-06,0.05946486008241123,0.05946910583312951,7.13942249286507e-05,0.003760471495369195,0.002429100169381249,0.0029327299215066802,0.05767745142349318,0.031762430567319117,0.09525914374419772,-0.016035281166653842,0.024995123669485163,0.048941448105324525,0.07858328252768843,-0.0003353180509293452,0.009093354856304359,0.059437257339063895,0.062251233727938525,5.7308452907672695e-34,0.059437257339063895,0.061299857041987774,0.17765606999657374,0.18663021353489373,0.16398448727462106,0.16085981766482008,0.16398448727462103,0.16085981766482008,0.12322816995106632,0.1317396617688532
9,6,0.8396461979626697,0.5384061463881256,0.6859825992714375,0.685770477082174,64,1024,False,0.03144579204315178,0.030072829573772858,0.0013729624693790195,0.033179433025221146,0.02993620724313025,0.03245499128236014,0.030004270459777597,4.6841189503895495e-33,0.030072829573772858,1.1433010725232084e-05,0.029306118005746413,0.029317551016471644,0.00038997154703708406,0.003337751043573496,0.0032821392774144927,0.0032974558855697325,0.026654067965715757,0.004873384614599387,0.06003659795012089,-0.016929764913172222,0.023802059536805014,0.022017266826878767,0.043622749086352997,-0.001357569737592712,0.007936153575428762,0.030072829573772858,0.03144579204315178,4.6841189503895495e-33,0.030072829573772858,0.033179433025221146,0.17137139652388592,0.1664138446937647,0.10162233238883957,0.10950086434529605,0.1090465551407423,0.11652934025825776,0.055493097098347946,0.062423646276514665
9,7,0.8975662358233192,0.6402763722263637,0.7724455958526837,0.7597407449657293,64,1024,False,0.025848798830298482,0.02461270018527366,0.0012360986450247217,0.028574002051778503,0.023654908284035513,0.029518447746808115,0.025251911618446275,1.6824958232921458e-34,0.02461270018527366,1.220901476648121e-06,0.02489282975687556,0.024894050658352186,4.9043905847379526e-05,0.002654514793640744,0.001645934625206868,0.0016703636149174078,0.022008973658828646,0.003208995366344499,0.055827900127271735,-0.017102653567179493,0.022140813674787624,0.02047500471235253,0.03963852347806096,-0.001922020033816807,0.006716308547765948,0.02461270018527366,0.025848798830298482,1.6824958232921458e-34,0.02461270018527366,0.028574002051778503,0.17137139652388592,0.16762176674141385,0.04866398147769228,0.0515339785385371,0.048541880774216215,0.05076053396559818,0.03554425494998409,0.03290824343720106
9,8,0.9737327334108663,0.8227096038045396,0.8993353339589116,0.9115729448738458,64,1024,False,0.010411246898813365,0.010204973671025337,0.00020627322778801386,0.011071219436427833,0.009593675164952267,0.00935431983289906,0.008126861870664413,4.5206955692824875e-34,0.010204973671025339,1.5128361212066968e-07,0.010222587624746331,0.010222738908358444,1.4798735786646695e-05,0.0005291574269703917,0.00034179285746563316,0.00016170381196052466,0.009251882307486633,-0.013061646766736568,0.03177028643253469,-0.018050241138550027,0.019025085585399948,0.0034325439046369866,0.015253386889526155,-0.003581985081837047,0.0043620691139949486,0.010204973671025337,0.010411246898813365,4.5206955692824875e-34,0.010204973671025339,0.011071219436427833,0.13140718612121607,0.14693377695477833,0.008298016262235409,0.005524813088042985,0.008298016262235409,0.005524813088042985,0.008298016262235409,0.005524813088042985
9,10,0.9629547844694317,0.8032007245715662,0.8883565810917978,0.9093444235470675,64,1024,False,0.019730170014434553,0.019870947910688636,-0.00014077789625413278,0.01685535353679606,0.020234593542375747,0.0032263460621133806,0.005509351728009543,5.4822199860012455e-34,0.019870947910688636,3.782832688416033e-05,0.02046133454524625,0.020499162872130508,0.0018453595944441987,0.0007592212779472428,0.0008276497997760325,0.0016497117911155967,0.019406943742599714,-0.02012771415543255,0.026580406279659314,-0.01693615893945147,0.020344082684868686,-0.0032422078802483156,0.010163381739403121,-0.002283655383507721,0.005719603046600241,0.019870947910688636,0.019730170014434553,5.4822199860012455e-34,0.019870947910688636,0.01685535353679606,0.13140718612121607,0.14187803639073956,0.015386275176971075,0.013917196817146092,0.015386275176971075,0.013917196817146092,0.015386275176971075,0.013917196817146092
9,11,0.6717859536662939,0.5729201009859423,0.7249028219924754,0.7176410896284543,64,1024,False,0.06636622224902126,0.06603021739095467,0.0003360048580667629,0.05828158920015462,0.05785431710228429,0.015367434191609426,0.01441716580657753,4.2223583079115895e-34,0.06603021739095469,0.00019970948675990743,0.06520859415664125,0.0654083036434011,0.0030532742119211906,0.002684627677982519,0.0016128845891019263,0.003774725559909071,0.05624143251318236,-0.013299770732863262,0.04403463911608212,-0.014816159298564445,0.02463586432446982,0.0038977311633061618,0.027573707287956495,0.0004549049845081754,0.009184422488033306,0.06603021739095467,0.06636622224902126,4.2223583079115895e-34,0.06603021739095469,0.05828158920015462,0.17765606999657374,0.1978874146630308,0.10162233238883957,0.10874581609437199,0.048541880774216215,0.04745969094911195,0.055493097098347946,0.05518326464259164
10,0,0.5165589554527207,0.18651304952520392,0.3592555949004399,0.2308731240803762,64,1024,False,0.09021972620717296,0.07799831583488263,0.012221410372290038,0.09008100474855564,0.092296342239838,0.08740666018995275,0.08944902355742894,2.1721413634582402e-33,0.0779983158348826,1.4830870897791712e-07,0.08021806210587817,0.08021821041458704,1.8488159759663295e-06,-0.0017508319662204697,0.0014717631357884062,0.0016861619101545774,0.09082457910404959,0.05022699437025908,0.12458632600964642,-0.022071036996676206,0.018671503517169733,0.06748520792461932,0.10753518109413562,-0.006348040835291613,0.0029573602878372185,0.07799831583488263,0.09021972620717296,2.1721413634582402e-33,0.0779983158348826,0.09008100474855564,0.2696941234790137,0.29805971497427863,0.2888271823832501,0.44999202123898807,0.2888271823832501,0.44999202123898807,0.2729635505246589,0.27946909070993464
10,1,0.5401352786176524,0.1957048410723608,0.366503311543229,0.2799139161808704,64,1024,False,0.11408957779706977,0.104234437963931,0.009855139833138214,0.11477430839962649,0.11053058814269283,0.109240397021596,0.10564367675832934,2.6394492405557966e-33,0.10423443796393105,2.154148007484238e-08,0.10649204918842979,0.10649207072990942,2.0228247912914542e-07,0.0014818288268833607,0.0036093161871186097,0.003922717865217494,0.10692127195557422,0.0698262089481589,0.1486545850950331,-0.018504013806279817,0.022433034723256157,0.08729655085335253,0.13169210823980393,-0.0026771714474307373,0.006711647038173396,0.104234437963931,0.11408957779706977,2.6394492405557966e-33,0.10423443796393105,0.11477430839962649,0.2324909848270016,0.2860499157543826,0.2888271823832501,0.3218254802560775,0.2888271823832501,0.3218254802560775,0.233374828346902,0.2723599156126759
10,2,0.5201343816494595,0.21242329720963415,0.38069325452975966,0.2092273162754441,64,1024,False,0.07518945847762899,0.06414759101872669,0.011041867458902132,0.07721607140371575,0.07654307719990766,0.07795326531001212,0.07778542851096307,9.406074725816335e-33,0.06414759101872668,6.4746185890217995e-06,0.06563877248006231,0.06564524709865142,9.863042451941369e-05,0.0014906106856927368,0.003520378499583021,0.003912113677491296,0.07302269870032464,0.04563724168882011,0.11026928893120413,-0.018610315313513596,0.022369873490174896,0.06243973477103282,0.09304274585883832,-0.0027927771661779843,0.006610549513425212,0.06414759101872669,0.07518945847762899,9.406074725816335e-33,0.06414759101872668,0.07721607140371575,0.2696941234790137,0.3018902573791359,0.2888271823832501,0.3117153397544197,0.2888271823832501,0.3117153397544197,0.2729635505246589,0.30362831970388043
10,3,0.5494556999650002,0.23422099199185442,0.4057014932749214,0.09637754989230535,64,1024,False,0.11958548410539617,0.11466518324861837,0.004920300856777962,0.12154489400766005,0.11919642275173097,0.12267499801085982,0.1199552306803943,1.6070720412287343e-33,0.11466518324861837,1.0038518669603529e-05,0.11357088123888573,0.11358091975755553,8.838208645458478e-05,0.004028281572896894,0.0028075792842786646,0.003853174402399906,0.1163888434674523,0.08382090469037641,0.16152909133134324,-0.014917267039986104,0.0254021666685152,0.10164768734830432,0.14491861655551475,0.0005387930141296238,0.009629384170693811,0.11466518324861837,0.11958548410539617,1.6070720412287343e-33,0.11466518324861837,0.12154489400766005,0.2324909848270016,0.24120878628062814,0.2886344178741918,0.2957732606380522,0.2886344178741918,0.2973939006550671,0.2840479884886507,0.3269024742031633
10,4,0.6267198499796469,0.3010809131652368,0.46753357646396365,0.27582687024420366,64,1024,False,0.10288336311498951,0.09833948579691539,0.004543877318073909,0.10604177942711689,0.10357851014522111,0.10606005559940582,0.10298459753495516,8.875716639592222e-34,0.09833948579691539,8.834394264366649e-08,0.10153972802049108,0.10153981636443363,8.700423716209393e-07,0.004016429970308545,0.0017661477913956656,0.002439966184237167,0.10181236235382544,0.06855736447444745,0.1435627467243642,-0.015287503786716415,0.02513133659765058,0.0861321928241523,0.12680195420398377,0.0001803065970307216,0.00930962022539461,0.09833948579691539,0.10288336311498951,8.875716639592222e-34,0.09833948579691539,0.10604177942711689,0.17765606999657374,0.18338696440306235,0.2029197240871349,0.22816144491159648,0.2079971342455866,0.22816144491159648,0.233374828346902,0.25077490259806917
10,5,0.6912688332297795,0.38176140984392354,0.5424312650183358,0.5530542016978224,64,1024,False,0.07760910026429185,0.07439414645728883,0.003214953807002083,0.07863283803148033,0.0741919230646775,0.07811335350843622,0.07367232600709407,3.616468451127143e-37,0.07439414645728883,1.2761425746794527e-05,0.07544539173187076,0.0754581531576175,0.0001691192430874683,0.0030783077913988824,0.002290368203532604,0.0028840956149491373,0.0719015548611449,0.044541655924097416,0.11168505109277502,-0.016672780541908457,0.02386701037535004,0.061862028822361026,0.09504464729252504,-0.0010881213383981958,0.008103202882921323,0.07439414645728883,0.07760910026429185,3.616468451127143e-37,0.07439414645728883,0.07863283803148033,0.17765606999657374,0.18663021353489373,0.16398448727462106,0.16706279530928472,0.16398448727462103,0.16706279530928472,0.12322816995106632,0.1317396617688532
10,6,0.8235207519359834,0.4778917067516712,0.6311140144829579,0.6449416802539867,64,1024,False,0.05302511220276699,0.05121960904562915,0.0018055031571381015,0.0556585756225428,0.04951063997422632,0.05659748960290836,0.050964447741113875,2.3281353815330384e-33,0.05121960904562916,7.208486880930064e-06,0.05157484963566695,0.0515820581225477,0.00013974795002952913,0.002794820046975132,0.0027014600429055733,0.0033463109796827233,0.04680917993132075,0.02560371752314022,0.0875912616826765,-0.016779721876391988,0.023372224406462905,0.04298848470352823,0.0711985130328685,-0.0013633526250487193,0.007661936317163054,0.05121960904562915,0.05302511220276699,2.3281353815330384e-33,0.05121960904562916,0.0556585756225428,0.17137139652388592,0.1664138446937647,0.10162233238883957,0.10950086434529605,0.1090465551407423,0.11652934025825776,0.12322816995106632,0.12928740621295465
10,7,0.8674110423604022,0.5507891322878216,0.698392299163706,0.7207061544554979,64,1024,False,0.05151515899273284,0.04981319768328633,0.0017019613094464182,0.05719367357163467,0.049169865846748505,0.05782641202532519,0.050091771743662805,1.0099769221361104e-35,0.04981319768328633,2.2166248666660882e-05,0.05161289330079923,0.05163505954946598,0.0004292867842134624,0.0025524943046411554,0.001404770877394916,0.0020224306352338156,0.04776509496935359,0.027280232046254054,0.08837259200439632,-0.01645236142070757,0.022141769887737292,0.04488131083053304,0.07222767838538857,-0.0014931839177734219,0.0069069176315679215,0.04981319768328633,0.05151515899273284,1.0099769221361104e-35,0.04981319768328633,0.05719367357163467,0.17137139652388592,0.16762176674141385,0.10162233238883957,0.10104335524599019,0.1090465551407423,0.10952818124816474,0.055493097098347946,0.05089243206105889
10,8,0.9344659177065979,0.6782491276561281,0.8013934176360131,0.8150510414954931,64,1024,False,0.029515961728921635,0.028720731098052274,0.0007952306308692642,0.03231012824402264,0.02820310309666728,0.032522710569525944,0.028876361578135612,1.4271796239071048e-36,0.028720731098052274,6.065855570863785e-05,0.029345242273848646,0.0294059008295573,0.0020628021586628965,0.0011674992336643518,0.001130180755061978,0.0016799486065644247,0.0270729223416053,0.005885882104430307,0.05915953903462158,-0.01709908956940546,0.020612419637231583,0.022949007550778333,0.04266183173604077,-0.002445553953293711,0.005669152007612865,0.028720731098052274,0.029515961728921635,1.4271796239071048e-36,0.028720731098052274,0.03231012824402264,0.13140718612121607,0.14693377695477833,0.02395522051007101,0.017131310609068764,0.02395522051007101,0.017131310609068764,0.02519099117970447,0.023767163766840838
10,9,0.9629547844694317,0.8032007245715662,0.8883565810917978,0.9093444235470675,64,1024,False,0.012144291795875421,0.011540104673206979,0.0006041871226684452,0.013917196817146092,0.011164953716388098,0.015960147422163232,0.013652186067176312,1.9550889283242916e-34,0.01154010467320698,3.6572341014443004e-05,0.01206919420756585,0.012105766548580308,0.0030210677587147084,0.000990745291244882,3.17112740275341e-05,0.00041531167913298636,0.011133242442360565,-0.006294127032851312,0.03821442187717777,-0.01706276131891596,0.019568710861124057,0.010084106383146718,0.021677032636944205,-0.0027063871602877043,0.005137542342708912,0.011540104673206979,0.012144291795875421,1.9550889283242916e-34,0.01154010467320698,0.013917196817146092,0.13140718612121607,0.1424695662274544,0.015386275176971075,0.01658624391656341,0.015386275176971075,0.01658624391656341,0.015386275176971075,0.01658624391656341
10,11,0.70681171378881,0.6840680854536497,0.8112739845366279,0.8108786911334547,64,1024,False,0.019227393087943724,0.018818157329377323,0.00040923575856651053,0.015093996739680137,0.013784719223352594,0.006790546422754255,0.005311847943319111,3.522502329140489e-35,0.018818157329377323,4.610537071805128e-05,0.01926725768262897,0.01931336305334703,0.0023872264292189734,0.0014397588478580945,0.000672621342273472,0.002070746777936501,0.013112097881079122,-0.017619349449139565,0.03120044229464808,-0.016353948708711142,0.021846234677658106,-0.0007850546389818192,0.014666140312328935,-0.0014040711030247621,0.00687159520748537,0.018818157329377323,0.019227393087943724,3.522502329140489e-35,0.018818157329377323,0.015093996739680137,0.17137139652388592,0.17537850933886553,0.019426683209636485,0.02087091203295527,0.019426683209636485,0.02087091203295527,0.02519099117970447,0.02721039006770934
11,0,0.47128231644483104,0.17515983259978868,0.3467095471340631,0.13482163463443,64,1024,False,0.06264361150291087,0.04993390793194166,0.012709703570969321,0.06536260473021838,0.0607601619435292,0.06549017582894212,0.0611652711185677,7.755337444843055e-33,0.04993390793194167,1.347671007964954e-05,0.04848924887375959,0.048502725583839223,0.0002778546961521661,0.0006310051514421245,0.002902567719729749,0.003372630536391935,0.05785759422379945,0.03188753488643513,0.09909281677144911,-0.01993171609418095,0.021612862884484683,0.049261304884566925,0.08245186848944286,-0.003992610872955993,0.005725598937715404,0.04993390793194166,0.06264361150291087,7.755337444843055e-33,0.04993390793194167,0.06536260473021838,0.2696941234790137,0.37740425478187944,0.2888271823832501,0.44999202123898807,0.2888271823832501,0.44999202123898807,0.2840479884886507,0.3318670799330879
11,1,0.4858752215157386,0.19664501149982333,0.3683922661377323,0.2571280595557009,64,1024,False,0.11918183843119821,0.10928334738689896,0.009898491044299336,0.12743162111697068,0.10611436907759011,0.12020111359804224,0.1016940365438826,1.580754669959399e-33,0.10928334738689896,7.135160024905081e-05,0.10619965614311888,0.10627100774336805,0.0006714117214485865,0.0016104826037755563,0.004063281615265208,0.004457642279653568,0.10205108746232491,0.07865581715753,0.16174641003855447,-0.01842480281766044,0.02263912208085606,0.09672759634122485,0.1451426131898188,-0.0025813241736614145,0.00687046780512901,0.10928334738689896,0.11918183843119821,1.580754669959399e-33,0.10928334738689896,0.12743162111697068,0.2696941234790137,0.2860499157543826,0.2888271823832501,0.3218254802560775,0.2888271823832501,0.3218254802560775,0.2729635505246589,0.2808557907237192
11,2,0.4777107359369909,0.20459197624071393,0.3758256530288497,0.21279810884419867,64,1024,False,0.09608430070696442,0.08511851110765571,0.01096578959930833,0.10212940906335967,0.09316907259331382,0.10217582030298823,0.09372595130156035,1.3853794779254843e-32,0.0851185111076557,6.0645979607352965e-05,0.0820774635910526,0.0821381095706598,0.0007383415557571593,0.0027663167676266636,0.004820355763435685,0.005440185331231235,0.08834871682987813,0.06469164295213099,0.13965999765384546,-0.017270238442444488,0.023870152616003216,0.08260419690486742,0.1231486107208184,-0.0014103112771408632,0.008081464147835504,0.08511851110765571,0.09608430070696442,1.3853794779254843e-32,0.0851185111076557,0.10212940906335967,0.2696941234790137,0.3018902573791359,0.2888271823832501,0.3117153397544197,0.2888271823832501,0.3117153397544197,0.2729635505246589,0.30362831970388043
11,3,0.4977560036971205,0.22130727057712934,0.39438860116821384,0.14640843981209803,64,1024,False,0.11902177052835543,0.11428640570899169,0.004735364819363258,0.1216141039886621,0.1187502896708124,0.122008267923005,0.11651781079338118,1.1870726858858845e-33,0.11428640570899169,1.5072395428894179e-05,0.11330551583147058,0.11332058822689972,0.00013300668188127475,0.005257627542069031,0.0038043422650031024,0.005278724611730515,0.1149459474058093,0.08273073645483499,0.161285799391175,-0.01358476902003039,0.02731545040390563,0.1008646919799503,0.1449031947122421,0.0020313062123022974,0.011404431461414788,0.11428640570899169,0.11902177052835543,1.1870726858858845e-33,0.11428640570899169,0.1216141039886621,0.2696941234790137,0.2821473325907623,0.2888271823832501,0.2957732606380522,0.2888271823832501,0.2973939006550671,0.2840479884886507,0.3269024742031633
11,4,0.5449741651059419,0.26792016388630735,0.43729533175335955,0.21620194469937262,64,1024,False,0.12465065079189516,0.11995088464377313,0.004699766148122423,0.12247863638485071,0.12941112696378937,0.12099070666090588,0.1258075760078968,2.1277215146031907e-34,0.11995088464377313,8.443536616323686e-06,0.1221246712625228,0.12213311479913906,6.91338842066706e-05,0.0042845076890946025,0.002008955636242276,0.003443181920575743,0.12740217132754708,0.08175772836421114,0.16022368495760062,-0.014613237564770863,0.02617467529228553,0.09926435997476801,0.14325814240146428,0.0009040628574439324,0.010206406994257122,0.11995088464377313,0.12465065079189516,2.1277215146031907e-34,0.11995088464377313,0.12247863638485071,0.2324909848270016,0.24681434509664196,0.2886344178741918,0.2844095367126658,0.2886344178741918,0.2844095367126658,0.2729635505246589,0.27963570518204667
11,5,0.5768196833570426,0.3262714070852021,0.4924253276363415,0.4624662250239499,64,1024,False,0.09926640108397772,0.09584857355124185,0.0034178275327350076,0.09635846211432175,0.09890116343975687,0.0954932617422282,0.09824700614844377,2.5098911628248895e-35,0.09584857355124185,1.2109747522843008e-05,0.09661721253546436,0.09662932228298712,0.00012532166465349504,0.0031668686904433364,0.0031828920397454757,0.004980233395854887,0.09571827140001139,0.05925702216939981,0.1317295013150566,-0.015436832013941706,0.0251901486894186,0.07685272079106653,0.11512865156691987,7.574963819934055e-05,0.00931027968908893,0.09584857355124185,0.09926640108397772,2.5098911628248895e-35,0.09584857355124185,0.09635846211432175,0.2324909848270016,0.2404987802806886,0.2029197240871349,0.21144680501200028,0.2079971342455866,0.21924511338711533,0.18382493443740183,0.17813777257198352
11,6,0.6055271047491816,0.385804974591526,0.547016844902668,0.5128396196314178,64,1024,False,0.06877835504979717,0.06670890775330826,0.002069447296489189,0.06961303904182332,0.06821116191184959,0.0659287399668838,0.06544542300048438,3.6409905895354906e-33,0.06670890775330826,1.0118619278958677e-05,0.0674627459652331,0.06747286458451206,0.00014996575795718235,0.0038664658401133486,0.0028695694950584415,0.005486253728838334,0.06534159241679115,0.032921674976851216,0.09893580495691637,-0.014059400014098802,0.026342278236770583,0.05046556996967411,0.0825269499400747,0.0013879566904506646,0.010518724673602264,0.06670890775330826,0.06877835504979717,3.6409905895354906e-33,0.06670890775330826,0.06961303904182332,0.17765606999657374,0.1673732858827916,0.16398448727462106,0.17256370984123903,0.16398448727462103,0.17256370984123903,0.12322816995106632,0.12928740621295465
11,7,0.6119357302213011,0.42611742974759953,0.5884227623192739,0.5354693304910514,64,1024,False,0.08567646816138637,0.08357759498893465,0.002098873172452068,0.09008190118877105,0.08683980304138726,0.08093413216890923,0.07798186098943706,6.501188379572996e-35,0.08357759498893465,3.204032202679542e-05,0.08621955988848239,0.08625160021050922,0.00037147510247458,0.0042074388403959976,0.003130886665663773,0.005871441541885971,0.08370891637572349,0.046031902083768145,0.1158363622540503,-0.013095220301278439,0.026356877908847977,0.06384262118808692,0.09952942611562321,0.002125777355104219,0.010843228599696886,0.08357759498893465,0.08567646816138637,6.501188379572996e-35,0.08357759498893465,0.09008190118877105,0.17765606999657374,0.16762176674141385,0.11784663760914253,0.12339958489321683,0.11784663760914253,0.12339958489321683,0.12322816995106632,0.1248065637016518
11,8,0.6323473340765289,0.5007841993288029,0.6590898289822253,0.6463329909429715,64,1024,False,0.06680828514329892,0.06572074181966403,0.0010875433236345058,0.06939800218366914,0.0705402619846954,0.059091849243311526,0.060896833793367335,4.6367490984657246e-35,0.06572074181966403,7.188577451474388e-05,0.06714248866558044,0.06721437444009525,0.001069500015637459,0.003642688848356998,0.0030379456549348522,0.005496991159671369,0.06750231632976054,0.02734495974599216,0.09083873874063089,-0.013585892535529408,0.025921800576431182,0.04475487072340911,0.07435583874030272,0.0015963386395014822,0.010333148522477131,0.06572074181966403,0.06680828514329892,4.6367490984657246e-35,0.06572074181966403,0.06939800218366914,0.17765606999657374,0.17985325776102934,0.10162233238883957,0.10003775648548822,0.1090465551407423,0.10523618433800586,0.12322816995106632,0.11819593588884221
11,9,0.6717859536662939,0.5729201009859423,0.7249028219924754,0.7176410896284543,64,1024,False,0.03522386232135974,0.034290323365157166,0.0009335389562025957,0.03782536672046931,0.038322694762386214,0.03540162614356455,0.03664372570142741,6.916062578543174e-34,0.034290323365157166,3.931501477298615e-05,0.03539261115740555,0.03543192617217854,0.0011095929298886565,0.003138363238332281,0.0025580893496027052,0.004629529010312764,0.03576460541278351,0.008314301908227788,0.06248895037890131,-0.01478079765322705,0.024821953267317332,0.025246271907235496,0.04577187883842271,0.0005138252381584607,0.009299812183598988,0.034290323365157166,0.03522386232135974,6.916062578543174e-34,0.034290323365157166,0.03782536672046931,0.17765606999657374,0.1828158573390689,0.10162233238883957,0.10916970662955652,0.048541880774216215,0.05828158920015462,0.055493097098347946,0.057599304860485444
11,10,0.70681171378881,0.6840680854536497,0.8112739845366279,0.8108786911334547,64,1024,False,0.015434164262675396,0.01518570099985102,0.00024846326282429833,0.019092556598050193,0.01881311449530798,0.01740037204331855,0.017230625690823582,1.5661667657562405e-35,0.01518570099985102,5.086825929237434e-06,0.015552704034247659,0.015557790860176925,0.00032696325429197766,0.0025672992522563585,0.0030179697826282575,0.004632608186217862,0.015795144712679725,-0.006274031444618085,0.04107477553125519,-0.014865405064998078,0.023732673218402178,0.010420910140965134,0.024394652420596685,0.00014608155470341444,0.008553767118428368,0.01518570099985102,0.015434164262675396,1.5661667657562405e-35,0.01518570099985102,0.019092556598050193,0.17137139652388592,0.17887818665284544,0.019426683209636485,0.019538058746831916,0.019426683209636485,0.019538058746831916,0.02519099117970447,0.029113269426014315
