source,target,cka,cca_shared,procrustes_shared,probe_cosine,metric_rank,metric_examples,full_dim_cca_saturation_possible,train_raw,train_geometry,residual_correction,cal_raw,test_raw,cal_clipped,test_clipped,train_mean_term,train_variance_term,test_mean_term,test_variance_term,test_geometry,mean_fraction,aligned_cal_raw,aligned_test_raw,aligned_test_clipped,alignment_raw_reduction,bernstein_lo,bernstein_hi,bernstein_aligned_lo,bernstein_aligned_hi,betting_lo,betting_hi,betting_aligned_lo,betting_aligned_hi,prediction__training_geometry,prediction__direct_training,prediction__mean_only,prediction__variance_only,prediction__direct_calibration,prediction__cka_common,prediction__cka_held_target,prediction__cca_shared_common,prediction__cca_shared_held_target,prediction__procrustes_shared_common,prediction__procrustes_shared_held_target,prediction__probe_cosine_common,prediction__probe_cosine_held_target
0,1,0.966307371092636,0.4142076124673625,0.5755755905323103,0.5213168761074564,64,1024,False,0.27455845037460247,0.27452912176812516,2.9328606476074955e-05,0.24591399252773624,0.2813999788092579,0.11770394072926393,0.1365924897603156,1.6190223851755256e-32,0.2745291217681251,0.00013587193571109007,0.2756888194130047,0.27582469134871684,0.0004926025115688837,0.010172924028568005,0.008323503775502063,0.009446937533285632,0.2730764750337558,0.0713560527218004,0.16405182873672747,-0.012869634102759687,0.03436001043238547,0.08905406166741159,0.14672819387487834,0.00377985696104588,0.017570128286024556,0.27452912176812516,0.27455845037460247,1.6190223851755256e-32,0.2745291217681251,0.24591399252773624,0.16742909246026993,0.1347470514958568,0.13623958963438698,0.1297881541700723,0.1354286671629266,0.12554045753591547,0.22506954811502963,0.20391559828156844
0,2,0.9589660133372904,0.341959042103236,0.5050693778317084,0.3047269064069918,64,1024,False,0.9782651712112679,0.9781480491782163,0.00011712203304904956,0.9246112076593466,0.9513700300114544,0.22068017730911088,0.24720305751380028,1.8733943075285995e-32,0.9781480491782162,0.0002944379245756886,0.9426011803026264,0.9428956182272015,0.00031226990441347077,0.01607832330371633,0.017052033854968784,0.018427481996126354,0.9343179961564856,0.16532959010840886,0.2760307645098129,-0.008126546162982109,0.04185732650089306,0.18318476764397928,0.2581639228737913,0.008488711384416092,0.024969323305413127,0.9781480491782163,0.9782651712112679,1.8733943075285995e-32,0.9781480491782162,0.9246112076593466,0.28975386000772607,0.2356977909649652,0.3582563545626087,0.3362386576080214,0.3582563545626087,0.33623865760802135,0.4874599118576975,0.4304713837022237
0,3,0.9282360632175386,0.27199607688097227,0.44086202544392383,0.17836379346669398,64,1024,False,1.1558045065540938,1.1557548233804236,4.96831736652565e-05,1.0940258793656497,1.124468044613414,0.3135975277495347,0.3382647150244193,5.715352040333537e-34,1.1557548233804236,1.2380457224793767e-06,1.1049594630087431,1.1049607010544638,1.1204432169378602e-06,0.022049599859058053,0.02211582033572253,0.024257184111765723,1.1023522242776915,0.25552192116124595,0.37167313433782345,-0.0005913521136186942,0.04905384957333649,0.27325093879335327,0.3534839649219066,0.016062020695244428,0.03216311782307457,1.1557548233804236,1.1558045065540938,5.715352040333537e-34,1.1557548233804236,1.0940258793656497,0.28975386000772607,0.2548803098647712,0.48035371491012047,0.44858173612293356,0.48035371491012047,0.44858173612293356,0.9920417007251314,1.2170459879548974
0,4,0.872013197841299,0.24029569527224767,0.4113587451192397,0.1735313159969517,64,1024,False,1.5364370460826484,1.536405458773647,3.1587309012242655e-05,1.5923972217020994,1.5344311934907122,0.28581737813296676,0.28630758340740353,1.9418654311346413e-33,1.536405458773647,0.00015120911836433222,1.525369778369531,1.525520987487898,9.911965787722848e-05,0.01939497411045528,0.01842071482872727,0.020552013156838092,1.516010478661985,0.22777355202816724,0.3438612042377663,-0.002735586169115997,0.04575749375810847,0.24567939772532554,0.3258342377084773,0.01381512857915368,0.028857211778813507,1.536405458773647,1.5364370460826484,1.9418654311346413e-33,1.536405458773647,1.5923972217020994,0.34430431295058594,0.26381672563105707,0.5350753032743311,0.46057416111937843,0.5166276592310292,0.442025007650113,0.9920417007251314,0.9713397862086841
0,5,0.8446249177177283,0.22878176385957216,0.4009960390106294,0.2404588026465991,64,1024,False,4.027967760625116,4.027933365688131,3.439493699368713e-05,4.331737728956737,4.1345608241182275,0.2915646918115541,0.2843577199031819,5.374609324434089e-33,4.027933365688131,0.00068616532192606,4.137300203572909,4.137986368894824,0.000165821068692723,0.025139619429545523,0.0283251773179987,0.032232322011346196,4.106235646800228,0.23304461098159487,0.3500847726415133,0.002596928930213724,0.053936437659209205,0.2510399387101643,0.3321278505391092,0.019179429873474874,0.03698247160355095,4.027933365688131,4.027967760625116,5.374609324434089e-33,4.027933365688131,4.331737728956737,0.34430431295058594,0.2632429497388972,0.7445172346782355,0.48224885430981024,0.7445172346782355,0.46959117045697346,0.9920417007251314,0.47218551671143877
0,6,0.6812622142768097,0.20806850811985228,0.37907079018324297,0.15372919090536935,64,1024,False,3.8236068523699154,3.823588279440706,1.8572929227340616e-05,4.012665073301241,3.970336235163548,0.27096924494399016,0.2608312021792021,6.020118042484287e-34,3.823588279440706,3.671969971156283e-05,3.960595344362832,3.96063206406254,9.271171650794122e-06,0.03251075589397884,0.034231496551451135,0.038747799650107606,3.9361047386120966,0.21344408089491457,0.32849440899306576,0.010125572059479712,0.062160323169059034,0.23173031837359304,0.31089632790826727,0.026631365486537106,0.04515572918171529,3.823588279440706,3.8236068523699154,6.020118042484287e-34,3.823588279440706,4.012665073301241,0.38553617023812387,0.3090882218455631,0.8602789080880454,0.6295615794719064,0.8602789080880454,0.6295615794719064,0.9920417007251314,0.907161899126978
0,7,0.590308351071524,0.19995420703188915,0.3690950170779488,0.21782969012483072,64,1024,False,3.8405413865695652,3.84052817720312,1.3209366462391806e-05,3.991971264777471,3.843866370681161,0.27773906308243296,0.2655998350395877,1.003585693656751e-32,3.84052817720312,2.4256589805304033e-06,3.8431169678343413,3.8431193934933146,6.311693008125699e-07,0.03812697204355726,0.03710058380538917,0.04157213369759829,3.806765786875772,0.22054198650384552,0.3349361396610204,0.016674607202653416,0.06813883718649684,0.23881311799777905,0.31734143185894936,0.033273917717451695,0.05120770823850762,3.84052817720312,3.8405413865695652,1.003585693656751e-32,3.84052817720312,3.991971264777471,0.5518114551951953,0.32757192925891093,0.8602789080880454,0.6672487937200535,0.8602789080880454,0.6672487937200535,0.9920417007251314,0.8214536661225686
0,8,0.5246571998994634,0.19226460567782994,0.36096688541812433,0.20378871431587,64,1024,False,3.9920227863971793,3.9920145392297384,8.247167442813254e-06,4.0757439885832945,4.021026920004968,0.28058811630838615,0.2718189263450207,3.181793766398722e-34,3.9920145392297384,2.192076982693535e-05,4.01898797063478,4.019009891404593,5.454271181023224e-06,0.04919373045984041,0.045848121166356434,0.051501827841004495,3.975178798838612,0.22407622162775706,0.3371000109890152,0.028505472625006176,0.08006358202393361,0.24244977656780975,0.3196587121638004,0.044962411375308875,0.06304115926468512,3.9920145392297384,3.9920227863971793,3.181793766398722e-34,3.9920145392297384,4.0757439885832945,0.6627898182233776,0.4663476668201859,1.1326190125778277,0.8129192202287252,1.1326190125778277,0.8129192202287252,0.9920417007251314,0.8953005109565716
0,9,0.4818255834737263,0.18911984679433308,0.3584330267744405,0.2005467071679233,64,1024,False,1.935894670808476,1.9358872047528366,7.466055637074693e-06,2.004944411451412,2.026923755052043,0.24290075601934696,0.23789867007240337,6.93951214516627e-33,1.9358872047528366,4.192892825702653e-05,2.03504188029726,2.035083809225516,2.0603047435664706e-05,0.053434679938164066,0.05068608951898443,0.05533329759475171,1.9762376655330587,0.1884810344262643,0.29732047761242963,0.03152811176611445,0.08375755084297279,0.2069100496955798,0.2801192347542383,0.04798782230500365,0.06670349808700848,1.9358872047528366,1.935894670808476,6.93951214516627e-33,1.9358872047528366,2.004944411451412,0.6627898182233776,0.571634047258447,1.1326190125778277,1.00800109845303,1.1326190125778277,1.00800109845303,0.9920417007251314,0.9701735735226643
0,10,0.5177530055520747,0.18622992085404996,0.3578402968582486,0.2028066571938313,64,1024,False,1.3501969495009993,1.3501929064623701,4.043038627442754e-06,1.3758610401692437,1.4132302473551093,0.20932579199128037,0.20334811336267644,9.341133625295867e-33,1.3501929064623701,4.2671964967057965e-06,1.4090516730677387,1.4090559402642295,3.0284081524155823e-06,0.05350229647223154,0.0521140820259074,0.05669868934178309,1.3611161653292019,0.15715538042535881,0.26149620355720193,0.03195659257871738,0.08376806277173104,0.17553149608284002,0.24441492299956735,0.048339214408770204,0.06665194946253905,1.3501929064623701,1.3501969495009993,9.341133625295867e-33,1.3501929064623701,1.3758610401692437,0.6627898182233776,0.6318992817195895,1.1326190125778277,1.0978701514933398,1.1326190125778277,1.0978701514933398,0.9920417007251314,0.9972460682369303
0,11,0.47385601563329033,0.17540652499457043,0.3467846094293205,0.08575543912944068,64,1024,False,0.9116441330896541,0.9116269179537785,1.7215135872826333e-05,0.8892157523536078,0.9214506984058173,0.15826894472259279,0.16989135624112336,2.0247464139427204e-32,0.9116269179537785,2.0917285568158723e-05,0.9101244162077199,0.9101453334932866,2.2982357650370804e-05,0.05294166355429868,0.05207440142021665,0.05766037786922891,0.8693762969856006,0.10964498290655693,0.20689290653862863,0.03244903254520161,0.08439088544716028,0.1278740004709107,0.18996433514985256,0.04872647595766466,0.06720861960639013,0.9116269179537785,0.9116441330896541,2.0247464139427204e-32,0.9116269179537785,0.8892157523536078,0.6627898182233776,0.6810216556403479,1.1326190125778277,1.1673909068955735,1.1326190125778277,1.1673909068955735,0.9920417007251314,1.013170049976838
1,0,0.966307371092636,0.4142076124673625,0.5755755905323103,0.5213168761074564,64,1024,False,0.23925295880815323,0.23884524968115872,0.00040770912699449144,0.22695801787914358,0.24186755610657967,0.17026488206443663,0.1878025489967363,4.7787233811977493e-32,0.23884524968115875,7.826676500741832e-05,0.23421767447970457,0.23429594124471123,0.0003340508785240642,0.006526753617830567,0.008545068264589319,0.009604634846061076,0.23332248784199036,0.11975545774146754,0.22077430638740572,-0.015793575924453077,0.030250061661260343,0.13739593587524723,0.2030557367252186,0.0006466535196523182,0.013465314266795758,0.23884524968115872,0.23925295880815323,4.7787233811977493e-32,0.23884524968115875,0.22695801787914358,0.16742909246026993,0.16201737196764507,0.13623958963438698,0.1309032115023425,0.1354286671629266,0.1269753806724859,0.22506954811502963,0.22489786904556475
1,2,0.9838555287116615,0.5810918828942706,0.7214466455711469,0.6901759312780109,64,1024,False,0.6180350370447861,0.6179595446344422,7.549241034328382e-05,0.630620284368697,0.5966774350909096,0.2323397434979263,0.2241129973224696,8.292332116802292e-32,0.6179595446344421,0.0003963032845056658,0.5995923155088143,0.5999886187933202,0.0006605180033292957,0.009809129388183487,0.012364502607748507,0.013567378386562379,0.5843129324831612,0.17753259715277836,0.28714688984307424,-0.013340266143578331,0.03436117068108781,0.19596178130450426,0.26988320080999983,0.003246597378165461,0.017528020427562296,0.6179595446344422,0.6180350370447861,8.292332116802292e-32,0.6179595446344421,0.630620284368697,0.16742909246026993,0.13340354263302362,0.11281749872935155,0.07829731302006186,0.12713587269748364,0.09016464694193912,0.22506954811502963,0.19782822165102434
1,3,0.954444040898897,0.33862837563974457,0.5088760939934134,0.35144668408817514,64,1024,False,0.7392713748807586,0.7392289580417919,4.241683896597012e-05,0.7489679991653871,0.7071367328708764,0.2286266742368616,0.21867678202867114,6.316031614641768e-35,0.7392289580417919,0.0008058067760865756,0.7152519601867574,0.7160577669628428,0.0011253376658483896,0.02086013866554166,0.020390609279463984,0.02248271737921982,0.6867461235914124,0.1741150892043028,0.2831382592694204,-0.0018505369922222521,0.04783589197629974,0.1928045248205308,0.2661531370395096,0.014794072485528886,0.03089661375270225,0.7392289580417919,0.7392713748807586,6.316031614641768e-35,0.7392289580417919,0.7489679991653871,0.28975386000772607,0.2548803098647712,0.3582563545626087,0.3505418391180922,0.3582563545626087,0.25277793716489355,0.3829878553015586,0.36547801761034415
1,4,0.8897148111335961,0.2721030864683319,0.44133842178331684,0.33576127653821547,64,1024,False,0.43354767999453286,0.4335213640270314,2.631596750150093e-05,0.43678065493290885,0.4074147655885394,0.14737707080477377,0.14328448677987624,8.830707902347962e-32,0.4335213640270313,0.0003330051407751341,0.41535676652856524,0.4156897716693412,0.0008010905330622899,0.017898081982516762,0.01621965271388492,0.01827010788826351,0.39119511287465447,0.09927503228897658,0.19547910932057097,-0.004450602264305919,0.04418993238466484,0.11761759383080062,0.1786691291781608,0.012016997257887851,0.02721470829419559,0.4335213640270314,0.43354767999453286,8.830707902347962e-32,0.4335213640270313,0.43678065493290885,0.28975386000772607,0.26381672563105707,0.3625249397385591,0.40363803817609656,0.3625249397385591,0.4036380381760966,0.3829878553015586,0.41017364196669875
1,5,0.8558346950343473,0.24835295931053428,0.4179692048223774,0.47576237888084,64,1024,False,0.4450724042608639,0.445047893341262,2.4510919602445433e-05,0.4451832346323107,0.43216665891094347,0.1445685654760303,0.14362707758820972,1.2660998743155558e-32,0.44504789334126205,0.00021857590996021768,0.4339290100784621,0.4341475859884218,0.000503459922419209,0.0257110674485988,0.028651294996385145,0.03247078580616714,0.40351536391455833,0.09690673191401897,0.19223039903804165,0.0024514267179227035,0.05507947654838147,0.11507711490412476,0.17532409473642474,0.01895786353998119,0.03803946195694152,0.445047893341262,0.4450724042608639,1.2660998743155558e-32,0.44504789334126205,0.4451832346323107,0.34430431295058594,0.2632429497388972,0.48035371491012047,0.48224885430981024,0.48035371491012047,0.46959117045697346,0.32659503395702055,0.26395758358589283
1,6,0.7028013481179222,0.22060894564947342,0.38933904476298675,0.4311170228927402,64,1024,False,0.598816587270351,0.5988123436045939,4.243665754841733e-06,0.5871552445755244,0.5959632668769855,0.14156740592453232,0.13951126817426057,5.840220611860016e-32,0.598812343604594,0.00018876417142862714,0.6008740379461007,0.6010628021175292,0.00031405066286520426,0.03192426649972193,0.03242792953049083,0.03691047255004057,0.5635353373464947,0.0936398227578038,0.18949498909126083,0.009311515811656623,0.06175654655978852,0.11191731979488395,0.17266405699047027,0.025813517881033476,0.04473821917781606,0.5988123436045939,0.598816587270351,5.840220611860016e-32,0.598812343604594,0.5871552445755244,0.34430431295058594,0.3090882218455631,0.7445172346782355,0.6295615794719064,0.7445172346782355,0.6295615794719064,0.35173531741339537,0.3226325044258535
1,7,0.6215242144393245,0.21056810227909728,0.37977804167595164,0.3971705945676721,64,1024,False,1.0751294881973577,1.0751196857155763,9.802481780216777e-06,1.1267060972290712,1.0319338555343849,0.20516465144483217,0.18707881287984826,2.119428211496708e-33,1.0751196857155763,0.00033179860387099933,1.0400407699480851,1.040372568551958,0.0003189228684997078,0.037800986986932864,0.036042189717062016,0.04050603834979076,0.9958916658173229,0.15282560214316884,0.25750370074649553,0.016071916808594263,0.06807169541028019,0.17118264955934137,0.2404062999121379,0.03265210775862215,0.05112503642885713,1.0751196857155763,1.0751294881973577,2.119428211496708e-33,1.0751196857155763,1.1267060972290712,0.38553617023812387,0.32757192925891093,0.7445172346782355,0.6672487937200535,0.7445172346782355,0.6672487937200535,0.3829878553015586,0.3157848213040366
1,8,0.551179852905598,0.2035275615528369,0.3734671812137244,0.4212480927919056,64,1024,False,0.7486723990259558,0.7486706464900446,1.7525359116708136e-06,0.7707284206974602,0.7366548037442112,0.17306489153572124,0.16237045844824782,2.425819101482238e-32,0.7486706464900447,0.00030046571796017013,0.7349983426694997,0.7352988083874618,0.0004086307696038606,0.04689043613539504,0.044176363567702076,0.0498276761286099,0.6924784401765092,0.123804793313083,0.2223249897583595,0.026276632718112345,0.07768167205429378,0.14229724193864968,0.20561614148755325,0.04269389402179513,0.060655127781501506,0.7486706464900446,0.7486723990259558,2.425819101482238e-32,0.7486706464900447,0.7707284206974602,0.5518114551951953,0.4663476668201859,0.8602789080880454,0.8129192202287252,0.8602789080880454,0.8129192202287252,0.35173531741339537,0.3103942926843911
1,9,0.5085639538532949,0.19847035644160074,0.3687000883281578,0.4316192531192401,64,1024,False,0.7126791652972823,0.7126789316120183,2.3368526340718464e-07,0.7392777501971269,0.7380922411319013,0.17291050887517292,0.16983551725483814,3.174625883130143e-33,0.7126789316120181,0.00024082523720701113,0.7394292566520503,0.739670081889257,0.00032558466687188163,0.0505283279604782,0.04878058940669921,0.05342781114804974,0.6893116517252021,0.12386915702962065,0.2219518607207252,0.02870225778278018,0.08077070087093519,0.14221842207189184,0.20511273483134573,0.0450577364244964,0.06365047499275533,0.7126789316120183,0.7126791652972823,3.174625883130143e-33,0.7126789316120181,0.7392777501971269,0.6627898182233776,0.571634047258447,0.8602789080880454,0.8695866894642698,0.8602789080880454,0.8695866894642698,0.35173531741339537,0.30107067793062114
1,10,0.5410870971337364,0.19525469583456934,0.3665392410324795,0.47408608163146326,64,1024,False,0.611549531683321,0.6115539384266525,-4.406743331547363e-06,0.6194380138233965,0.642138153486337,0.14362006439869293,0.14170831542550005,1.1029719667056598e-32,0.6115539384266526,8.231286776875084e-06,0.6420287155182265,0.6420369468050031,1.2820581148541063e-05,0.05183526104531058,0.050356458761261734,0.05493964471076652,0.5917816947250752,0.09677791284660728,0.19046221595077859,0.030385693272095407,0.08200489122451077,0.11509070760075701,0.1737764913632418,0.04666698570508743,0.06480846564954845,0.6115539384266525,0.611549531683321,1.1029719667056598e-32,0.6115539384266526,0.6194380138233965,0.5518114551951953,0.5536185239965571,0.8602789080880454,0.8788051307237874,0.8602789080880454,0.8788051307237874,0.32659503395702055,0.24463947930548038
1,11,0.48639069212173364,0.19626848118863474,0.36786455771172,0.36507597071457787,64,1024,False,0.5843082778723202,0.5843042837919953,3.994080322539511e-06,0.5652866881683383,0.6187369527635899,0.13345457358922955,0.13709967478678783,9.892710374517092e-33,0.5843042837919953,5.225066781496201e-06,0.6042625034393816,0.6042677285061602,8.646939982072756e-06,0.047248823842342524,0.04725127002367853,0.0528354943093323,0.5714856827399113,0.08748856718067596,0.17942057999778313,0.02719413061349401,0.07825383233075109,0.10572662274353206,0.1627183492455515,0.04329486513597658,0.0609428572570323,0.5843042837919953,0.5843082778723202,9.892710374517092e-33,0.5843042837919953,0.5652866881683383,0.6627898182233776,0.6810216556403479,0.8602789080880454,0.9291559842567505,0.8602789080880454,0.9291559842567505,0.3829878553015586,0.3692028330288679
2,0,0.9589660133372904,0.341959042103236,0.5050693778317084,0.3047269064069918,64,1024,False,1.461741386055094,1.461258669192394,0.0004827168627006749,1.406410993968875,1.437484730566189,0.2800657827790359,0.29574236351853306,4.577031369255367e-32,1.461258669192394,0.0004503718239346629,1.4284959081034692,1.4289462799273998,0.0003151775754351975,0.009999688424938086,0.00906969404905299,0.010219319067004701,1.4284150365171362,0.22042041882777466,0.33971114673029706,-0.01269682201682368,0.03416139262583658,0.23807688153465278,0.3213000260220724,0.003822615741228219,0.017336172772047576,1.461258669192394,1.461741386055094,4.577031369255367e-32,1.461258669192394,1.406410993968875,0.28975386000772607,0.1918978103913717,0.3582563545626087,0.28837937860219093,0.3582563545626087,0.28837937860219093,0.4874599118576975,0.3682993071782074
2,1,0.9838555287116615,0.5810918828942706,0.7214466455711469,0.6901759312780109,64,1024,False,0.44193578520845894,0.44187872150769975,5.7063700760891086e-05,0.415764602036935,0.4337395066440895,0.21562252725226339,0.22231223832676955,4.098926741729108e-33,0.44187872150769975,0.000315644502028567,0.4255441986105637,0.42585984311259095,0.0007411933929283756,0.007440872884074421,0.004894966042780199,0.00580624364581261,0.4288445406013093,0.1605244788574913,0.2707205756470355,-0.014164064191482903,0.029933518473979376,0.17820369197579566,0.252674262788787,0.0022332230073516257,0.013520186970708892,0.44187872150769975,0.44193578520845894,4.098926741729108e-33,0.44187872150769975,0.415764602036935,0.16742909246026993,0.1347470514958568,0.11281749872935155,0.09262102517551266,0.12713587269748364,0.1078939574081869,0.22506954811502963,0.20391559828156844
2,3,0.9759741397509264,0.4618233517973007,0.6309592350537243,0.5674485822970446,64,1024,False,0.28821763072169687,0.28820422147263897,1.3409249057396104e-05,0.27879835902819095,0.28556946491728996,0.09931143059518507,0.10127868062544694,3.011191776198234e-32,0.28820422147263897,8.044181845495094e-06,0.2924677654577755,0.2924758096396208,2.750375101245766e-05,0.011930457013280805,0.011257943699115938,0.013111315136609205,0.27431152121817404,0.05607264036660824,0.1425502208237619,-0.009375645736522798,0.037103404467348354,0.07352001839171862,0.1251469219714636,0.007272898808878381,0.020370251615531743,0.28820422147263897,0.28821763072169687,3.011191776198234e-32,0.28820422147263897,0.27879835902819095,0.16742909246026993,0.15730461368136803,0.13623958963438698,0.1142283112216888,0.12713587269748364,0.1238182289417598,0.22506954811502963,0.22018511075928765
2,4,0.9067511516040648,0.3479895061098014,0.5194758047957492,0.5196510099428218,64,1024,False,0.4505629419413944,0.4505573784875859,5.563453807956254e-06,0.450008773966962,0.4571195919064886,0.12105253834742698,0.11819788530337168,1.8352212654112436e-32,0.450557378487586,2.813364659297143e-05,0.4573241535988052,0.4573522872453975,6.151417053671803e-05,0.010297645942745105,0.008556354525285123,0.010312944891372017,0.44856323738120346,0.07487429923258646,0.1672307774622675,-0.010557232007710157,0.03462395226940245,0.09236869084998034,0.14966011182696093,0.00578942058928078,0.017896476725582033,0.4505573784875859,0.4505629419413944,1.8352212654112436e-32,0.450557378487586,0.450008773966962,0.28975386000772607,0.26381672563105707,0.2709623807727659,0.19809429674169318,0.2709623807727659,0.19809429674169318,0.22506954811502963,0.22161044167698457
2,5,0.8670611245560549,0.3016508439735479,0.4723654153219169,0.4981968618807614,64,1024,False,0.3788808693413223,0.3788612715856857,1.959775563577931e-05,0.3722433512426189,0.38871752665356385,0.12271837975114994,0.12969006292481025,1.1962993797053228e-32,0.3788612715856856,9.50626349073831e-07,0.3868046015998391,0.3868055522261882,2.4576336704648525e-06,0.020585383576403576,0.021566946784998355,0.0251224128435507,0.3671505798685655,0.07644036154959505,0.16899639795270482,-0.0020583179123563125,0.04892720333464263,0.09435358839255059,0.15189521553838858,0.014600247384805698,0.03205686098226579,0.3788612715856857,0.3788808693413223,1.1962993797053228e-32,0.3788612715856856,0.3722433512426189,0.34430431295058594,0.2632429497388972,0.3582563545626087,0.3724373968300477,0.3582563545626087,0.3724373968300477,0.2930813632158261,0.23423618674660499
2,6,0.6981323620633418,0.25409775866260026,0.42342311321408305,0.3814956610311539,64,1024,False,0.5230777295759441,0.5230706409442168,7.0886317281271965e-06,0.5078501419528969,0.5380336998309715,0.12445869165417373,0.124462508545482,3.6867243404324147e-32,0.523070640944217,0.00012495516313866696,0.5438808695963664,0.5440058247595051,0.00022969453166040517,0.02786447590263667,0.02649371508752013,0.03089234346810137,0.5115399847434514,0.07772749721880994,0.1711898860895375,0.005671637317141716,0.05716981843257452,0.09599460114259273,0.15439865169901168,0.02217860787641257,0.040178897754231,0.5230706409442168,0.5230777295759441,3.6867243404324147e-32,0.523070640944217,0.5078501419528969,0.34430431295058594,0.3090882218455631,0.48035371491012047,0.477298556349812,0.48035371491012047,0.477298556349812,0.3829878553015586,0.3647388783395233
2,7,0.6061940449626414,0.23655439050485144,0.40539631715304214,0.2901922818950296,64,1024,False,1.0500147589825297,1.0499968376251585,1.7921357373154842e-05,1.1044905365307782,1.0425075637331778,0.2097969064045425,0.19244728227959076,1.2571628489194416e-32,1.0499968376251585,0.000423697097987814,1.0584463396006978,1.0588700366986838,0.00040014079471811787,0.034063097370130496,0.030683853033584303,0.035096912723346654,1.0118237106995935,0.15707935355558802,0.2625144592534969,0.012462197849642084,0.06413428843362834,0.17548844971315702,0.24541830734960968,0.02903727311786497,0.04717305886151735,1.0499968376251585,1.0500147589825297,1.2571628489194416e-32,1.0499968376251585,1.1044905365307782,0.38553617023812387,0.32757192925891093,0.5350753032743311,0.4693911199273573,0.5904182354042369,0.4693911199273573,0.5904182354042369,0.42872934363198295
2,8,0.5341156486789864,0.22504759130491134,0.39405801581087696,0.333602760303012,64,1024,False,1.2393379538636795,1.2393306049058355,7.348957844037628e-06,1.2889200909290124,1.2404669294980888,0.2294092815047099,0.21131410827251723,2.684089506208196e-32,1.2393306049058355,0.000670624410031529,1.2519704286427895,1.2526410530528185,0.000535368378991848,0.042294555516620716,0.03891048582813537,0.044544131830211206,1.2015564436699535,0.1763045130930258,0.282514049916394,0.02178553957014922,0.07295643585092806,0.19487310985277873,0.26555102362908656,0.03816740055481205,0.05588616585737327,1.2393306049058355,1.2393379538636795,2.684089506208196e-32,1.2393306049058355,1.2889200909290124,0.6627898182233776,0.4663476668201859,0.7445172346782355,0.7026400918897143,0.7445172346782355,0.7026400918897143,0.3829878553015586,0.34171180511441246
2,9,0.49071612968522543,0.2178408824531644,0.3873042576102208,0.3331557326568514,64,1024,False,1.097782343315565,1.0977760651943926,6.27812117359666e-06,1.1386059788756564,1.1033519496934563,0.22468413732752762,0.21001076220538084,1.1733386996989976e-32,1.0977760651943926,0.00019528026932332025,1.112708856401607,1.112904136670928,0.00017546908389384682,0.04576214574057733,0.043423331126100834,0.048064948810760566,1.0599286185673555,0.1723207645459306,0.27704751010912465,0.024178466912688927,0.07575975816771277,0.19085651583736762,0.2601003087183926,0.04052059269452002,0.05861265726707643,1.0977760651943926,1.097782343315565,1.1733386996989976e-32,1.0977760651943926,1.1386059788756564,0.6627898182233776,0.571634047258447,0.7445172346782355,0.7142027158938186,0.7445172346782355,0.7142027158938186,0.3829878553015586,0.3470060398932682
2,10,0.5206944771763995,0.21135633991619096,0.3807761512139728,0.44462322415176203,64,1024,False,0.6241979543145975,0.6242015793904522,-3.625075853317769e-06,0.6293103993608475,0.6358119016271643,0.16683221312166083,0.1619075044939274,9.965540463925956e-33,0.6242015793904522,1.5470930356228895e-05,0.6394223319716313,0.6394378029019887,2.4194582000026415e-05,0.04618158487966094,0.044468736966544735,0.049037987447918416,0.5913431646606195,0.11818466754174033,0.21547975870158131,0.025053362012288624,0.07602416719407516,0.13678892004827503,0.1989233631757088,0.04132672918785829,0.05882424513401929,0.6242015793904522,0.6241979543145975,9.965540463925956e-33,0.6242015793904522,0.6293103993608475,0.6627898182233776,0.6318992817195895,0.7445172346782355,0.7533792989334193,0.7445172346782355,0.7533792989334193,0.32659503395702055,0.24463947930548038
2,11,0.4793087560442283,0.20304826085489383,0.3745449514740912,0.3788721510563765,64,1024,False,0.33128469408049516,0.3312823311420659,2.3629384301149654e-06,0.32874621398329,0.3521702064082367,0.12546736305309697,0.12286765327503084,6.224456320688855e-33,0.3312823311420659,1.605542923473055e-06,0.35072933717522786,0.3507309427181513,4.577705380170221e-06,0.04271410567168586,0.04133260048050481,0.04688714541606376,0.3108376059277319,0.08085079051825327,0.17008393558794066,0.02312479932356437,0.07324022617090757,0.09928472118917853,0.1537466041118023,0.03927070117788389,0.05597748068976216,0.3312823311420659,0.33128469408049516,6.224456320688855e-33,0.3312823311420659,0.32874621398329,0.6627898182233776,0.6810216556403479,0.8602789080880454,0.9291559842567505,0.8602789080880454,0.9291559842567505,0.3829878553015586,0.3692028330288679
3,0,0.9282360632175386,0.27199607688097227,0.44086202544392383,0.17836379346669398,64,1024,False,1.3764428764486687,1.3758902404137159,0.000552636034950953,1.3193817344528154,1.3556438688510415,0.2780998526533324,0.2936927223639091,6.884468553774366e-34,1.3758902404137159,0.00030463185808396253,1.3455344190086311,1.3458390508667162,0.00022635088340450558,0.008269770519354338,0.007912655235720585,0.008910159541812433,1.347731213615321,0.21851173280382463,0.3376879725028402,-0.014015237326035778,0.03183647862859862,0.236141592336935,0.3192560931056505,0.0024166168877854943,0.015067147149238735,1.3758902404137159,1.3764428764486687,6.884468553774366e-34,1.3758902404137159,1.3193817344528154,0.28975386000772607,0.20745628595954607,0.48035371491012047,0.3871283794053767,0.48035371491012047,0.3871283794053767,0.9920417007251314,1.294135184349015
3,1,0.954444040898897,0.33862837563974457,0.5088760939934134,0.35144668408817514,64,1024,False,0.22870024097684652,0.22854883792030026,0.00015140305654516616,0.21640904994914892,0.22158665673084332,0.14015698142771987,0.14595041359485397,8.214015545163969e-33,0.2285488379203003,9.23354337472234e-06,0.22132838273993338,0.22133761628330814,4.1717009199663425e-05,0.008743967639642993,0.00871290076935704,0.009691441259223698,0.21287375596148628,0.0928781722932968,0.18743579056214293,-0.014086085339372542,0.03256564132581835,0.11051828500785632,0.16996003883105004,0.0024684083909960464,0.015756723056256305,0.22854883792030026,0.22870024097684652,8.214015545163969e-33,0.2285488379203003,0.21640904994914892,0.28975386000772607,0.29383530972775707,0.3582563545626087,0.3677128415368393,0.3582563545626087,0.36771284153683936,0.3829878553015586,0.4391916707327773
3,2,0.9759741397509264,0.4618233517973007,0.6309592350537243,0.5674485822970446,64,1024,False,0.04108480049216174,0.04094521619026342,0.0001395843018984349,0.04449339882430625,0.04311339303168174,0.04372479676477334,0.042450182299332985,5.2994166660010656e-33,0.04094521619026342,3.665686164313584e-05,0.04325896771763689,0.04329562457928002,0.0008466643454008216,0.0051856919487265245,0.0074594872516569296,0.008210117208161704,0.03565390578002481,0.011970867865634782,0.0754787256639119,-0.01709822058767611,0.028121326082979004,0.02915264751209179,0.05870993821736192,-0.0008526606252416968,0.011247704831475858,0.04094521619026342,0.04108480049216174,5.2994166660010656e-33,0.04094521619026342,0.04449339882430625,0.16742909246026993,0.13340354263302362,0.13623958963438698,0.14163642438792112,0.12713587269748364,0.12241638786846826,0.22506954811502963,0.22338670694261822
3,4,0.9406512669162845,0.5469102575742707,0.7003633413480419,0.7392797978934541,64,1024,False,0.08102339139894858,0.08101548812359928,7.903275348480118e-06,0.07700621197372812,0.0834009389242055,0.05633810640223888,0.06247033431535769,2.035951955841651e-32,0.08101548812359931,9.909175606796768e-05,0.07834761177950762,0.07844670353557588,0.0012631729773454302,0.003959044708116635,0.004137782141299986,0.004644585499406206,0.0792631567829055,0.02055127561970757,0.09212493718477019,-0.016482951729473134,0.025588486456425735,0.03745271435036557,0.07469773026241455,-0.0005301260680425912,0.009455942185013555,0.08101548812359928,0.08102339139894858,2.035951955841651e-32,0.08101548812359931,0.07700621197372812,0.28975386000772607,0.26381672563105707,0.11281749872935155,0.11520491784639313,0.12713587269748364,0.13047785007906737,0.08673063352683105,0.08747866595399281
3,5,0.8926434337876622,0.4085602577619564,0.57012019746051,0.2927711651450757,64,1024,False,0.1290207794186006,0.12896352543332454,5.7253985275887206e-05,0.1366078433161965,0.13668125090904523,0.10448124606248813,0.10324529094810588,1.0976343481612878e-32,0.12896352543332454,3.209163337214111e-08,0.13289293667462743,0.13289296876626072,2.414848104461087e-07,0.014985034636198335,0.016939434193174223,0.019562116271892877,0.119741816715871,0.06346755397819787,0.14549493814677839,-0.007874800615592748,0.04201423894297951,0.0814225353024085,0.1289548985150759,0.008754313261306379,0.025166578219796065,0.12896352543332454,0.1290207794186006,1.0976343481612878e-32,0.12896352543332454,0.1366078433161965,0.28975386000772607,0.2632429497388972,0.13623958963438698,0.15844472979973787,0.1354286671629266,0.15844472979973784,0.4874599118576975,0.47218551671143877
3,6,0.7271707642118127,0.3063342419569656,0.474288440927721,0.18425180241267328,64,1024,False,0.3348572628175801,0.3348288461412919,2.8416676285891295e-05,0.3480527728973149,0.3546474659372583,0.18045076867296506,0.17619595156702553,1.130641132421035e-32,0.33482884614129194,4.346638972448704e-08,0.3539390439367008,0.3539390874030894,1.2280754308151512e-07,0.019819518582576773,0.018592060791925186,0.022601102164891983,0.33605540514533316,0.13132573518542667,0.22957580216050344,-0.0014668080330734086,0.04775703685635843,0.14943221143767005,0.21249661886395188,0.014989152987254784,0.030815039586741477,0.3348288461412919,0.3348572628175801,1.130641132421035e-32,0.33482884614129194,0.3480527728973149,0.34430431295058594,0.3090882218455631,0.3582563545626087,0.358936593340295,0.3582563545626087,0.35893659334029493,0.9920417007251314,0.907161899126978
3,7,0.6388809311536977,0.2759970345509497,0.4462465604241206,0.14897955725846457,64,1024,False,0.5956587030546984,0.5956241848432963,3.451821140251019e-05,0.6516829094913763,0.6257017024446297,0.23628694355170163,0.22550360319841123,8.731738383419642e-33,0.5956241848432962,0.0001352774959974846,0.6267763080871607,0.6269115855831601,0.0002157840102311205,0.02452755123939748,0.02118477557909899,0.02539761221210793,0.6045169268655307,0.18320657999253345,0.2893673071108698,0.003980876587155464,0.05323946568301361,0.20146829530858668,0.27211973535304423,0.020530479865556117,0.03632055145862978,0.5956241848432963,0.5956587030546984,8.731738383419642e-33,0.5956241848432962,0.6516829094913763,0.38553617023812387,0.32757192925891093,0.3625249397385591,0.34285847004389003,0.3625249397385591,0.34285847004389003,0.9920417007251314,0.9222581516489101
3,8,0.5589108808807404,0.25247411060088343,0.42313953221131184,0.18887626428048943,64,1024,False,0.5420648894868175,0.5420416501737806,2.3239313038334633e-05,0.5761529161867724,0.56229105538633,0.2505922052002062,0.2398829109446298,1.2295156024267559e-32,0.5420416501737805,8.541469450757608e-05,0.5681903582923703,0.5682757729868783,0.00015030500782856415,0.031385996989688886,0.027109574108983087,0.032578502943261506,0.5351814812773469,0.19786106885449226,0.3033233415459201,0.011807250514532557,0.06097675139231387,0.21615627130086068,0.2861192933196435,0.0281962617955287,0.04396956654818496,0.5420416501737806,0.5420648894868175,1.2295156024267559e-32,0.5420416501737805,0.5761529161867724,0.5518114551951953,0.4663476668201859,0.48035371491012047,0.46970935921271484,0.48035371491012047,0.46970935921271484,0.9920417007251314,0.8953005109565716
3,9,0.5159001686019578,0.23990220695721712,0.41076352701062524,0.13822725166915434,64,1024,False,0.5620677711369039,0.5620440421285118,2.3729008389408325e-05,0.5914465516679268,0.5736980723031845,0.262182174671962,0.2570339384999105,5.217065943867279e-33,0.5620440421285117,7.762185829719018e-06,0.5762474592369081,0.5762552214227368,1.3470048584643944e-05,0.03413959720566538,0.030432258506913286,0.03498760835066912,0.5432658137962711,0.209184854583107,0.3151794947608169,0.013706500087267804,0.06295011970047303,0.22751051670638844,0.29796333003469044,0.03002104071492795,0.04584260260890005,0.5620440421285118,0.5620677711369039,5.217065943867279e-33,0.5620440421285117,0.5914465516679268,0.6627898182233776,0.571634047258447,0.5350753032743311,0.5270222677895317,0.5166276592310292,0.5016638807436495,0.9920417007251314,0.9701735735226643
3,10,0.5475014575239174,0.23370938729664137,0.4055482722699453,0.21540496247183905,64,1024,False,0.4500634112598818,0.45004854274038536,1.4868519497079278e-05,0.4625000709506527,0.462356124544216,0.24134172326407993,0.2449406870906254,9.972930556711671e-33,0.45004854274038547,5.224216365334359e-05,0.4625301951034837,0.46258243726713605,0.00011293589951659652,0.033242004254981104,0.030615393076046733,0.03510411656813153,0.43174073146816927,0.1898244631723151,0.29285898335584476,0.013360729450914884,0.061767917469316876,0.20810237140540266,0.2757373891072348,0.02967628180340398,0.044701872204313986,0.45004854274038536,0.4500634112598818,9.972930556711671e-33,0.45004854274038547,0.4625000709506527,0.5518114551951953,0.5536185239965571,0.5350753032743311,0.5454431936062851,0.5166276592310292,0.5274531768871044,0.9920417007251314,0.9972460682369303
3,11,0.4957237559234518,0.2215872039177339,0.39470750743449934,0.22296144321583936,64,1024,False,0.47004761005856616,0.4700312854902335,1.6324568331696664e-05,0.5032738700488685,0.48447153895192363,0.2606389284344849,0.2528498782093033,2.171057822431995e-32,0.4700312854902334,0.00011232249949960185,0.4820812334842077,0.48219355598370894,0.000232940689699712,0.0302094779092297,0.028198421187893896,0.03363240930479234,0.45627311776402973,0.20881254739333185,0.31246530947563794,0.011628419009691953,0.059525820832962956,0.22701572723599384,0.29524345870595425,0.027903039153898135,0.04241800851013977,0.4700312854902335,0.47004761005856616,2.171057822431995e-32,0.4700312854902334,0.5032738700488685,0.6627898182233776,0.6810216556403479,0.7445172346782355,0.7630744165728023,0.7445172346782355,0.7630744165728023,0.9920417007251314,1.013170049976838
4,0,0.872013197841299,0.24029569527224767,0.4113587451192397,0.1735313159969517,64,1024,False,0.19693191971745447,0.19637142213920106,0.0005604975782539846,0.20926161322245795,0.1950897329097842,0.15206892327593455,0.14039722830021398,5.00410662545265e-33,0.19637142213920103,4.5962509843011266e-05,0.1969683469204608,0.19701430943030346,0.0002332952869053968,0.012113632424564893,0.011916977971562343,0.013016402792460295,0.18317275493822185,0.10412729100048845,0.20001055555138064,-0.011207393632287814,0.03685151392734522,0.12215311653562821,0.182885165377229,0.005357080801331904,0.019976156749180518,0.19637142213920106,0.19693191971745447,5.00410662545265e-33,0.19637142213920103,0.20926161322245795,0.34430431295058594,0.3563043422277088,0.5350753032743311,0.5816201161388843,0.5166276592310292,0.5781008684327433,0.9920417007251314,1.294135184349015
4,1,0.8897148111335961,0.2721030864683319,0.44133842178331684,0.33576127653821547,64,1024,False,0.27143978426807314,0.2712791390483729,0.00016064521970048372,0.2651438767855602,0.26248749725108217,0.14024283952230274,0.13517673426771093,4.7613458522645615e-34,0.2712791390483729,2.6286665700318812e-05,0.26927077619351864,0.2692970628592195,9.761215150742546e-05,0.010011415600221374,0.01020462882008856,0.011308583819283425,0.2522828684309936,0.09389646164232016,0.18658921740228532,-0.013343515325429985,0.03446663795372869,0.1115298508448177,0.1692154301708797,0.0032957613075268455,0.017636748831137083,0.2712791390483729,0.27143978426807314,4.7613458522645615e-34,0.2712791390483729,0.2651438767855602,0.28975386000772607,0.29383530972775707,0.3625249397385591,0.43678065493290885,0.3625249397385591,0.43678065493290885,0.3829878553015586,0.4391916707327773
4,2,0.9067511516040648,0.3479895061098014,0.5194758047957492,0.5196510099428218,64,1024,False,0.08716462960394172,0.08700593678949754,0.00015869281444399192,0.09191598757856989,0.08248676782074629,0.07008433556614663,0.06156408789660827,2.501092252284854e-33,0.08700593678949753,2.590652090178969e-05,0.08975116470217895,0.08977707122308069,0.0002885650038350706,0.006610694805564955,0.01050592194741941,0.011505971155088595,0.07198084587332688,0.03354546116271104,0.10662320996958222,-0.016083761276387304,0.030486088974038504,0.05101902773458278,0.08982302468211856,0.000424169069447089,0.013640132659929805,0.08700593678949754,0.08716462960394172,2.501092252284854e-33,0.08700593678949753,0.09191598757856989,0.28975386000772607,0.30187672802679577,0.2709623807727659,0.3362386576080214,0.2709623807727659,0.33623865760802135,0.22506954811502963,0.22338670694261822
4,3,0.9406512669162845,0.5469102575742707,0.7003633413480419,0.7392797978934541,64,1024,False,0.019075614499954447,0.01904386040013101,3.1754099823405904e-05,0.021920398946910342,0.015593339714679704,0.02083863684752516,0.014377344234213158,1.5115472908871156e-33,0.01904386040013101,3.446949744039284e-05,0.018938167226204776,0.01897263672364515,0.0018168005819367383,0.005102565724494349,0.006323265225783216,0.007666847897218184,0.009270074488896489,-0.005653252582763769,0.04733052627781409,-0.01551831449273119,0.028563336095039436,0.011787238472606987,0.031189989058475476,0.0009907416315400042,0.012244552861375269,0.01904386040013101,0.019075614499954447,1.5115472908871156e-33,0.01904386040013101,0.021920398946910342,0.28975386000772607,0.2548803098647712,0.11281749872935155,0.1142283112216888,0.12713587269748364,0.1238182289417598,0.08673063352683105,0.09171603618682495
4,5,0.9713900887781952,0.6489281338763528,0.7787207509632684,0.5083350958566216,64,1024,False,0.09910681347663285,0.09906128690801917,4.5526568613244574e-05,0.1039197116101288,0.1034604510207825,0.08728742698641385,0.08665305854847696,1.2101345414119547e-35,0.09906128690801917,2.303106141822929e-05,0.10015764699644253,0.10018067805786056,0.00022989524392046361,0.01508960223254097,0.017778628116778963,0.020211489914726443,0.08568182290400353,0.0485968449612678,0.12597800901155992,-0.00830130851101053,0.042098567108590945,0.06618065663496964,0.109176556521561,0.008373003780434374,0.025317762985650916,0.09906128690801917,0.09910681347663285,1.2101345414119547e-35,0.09906128690801917,0.1039197116101288,0.16742909246026993,0.17320267253755553,0.037471316760495574,0.024780758802581914,0.037471316760495574,0.024780758802581914,0.22506954811502963,0.23423618674660499
4,6,0.8147278048193365,0.43067617539057895,0.5909841356409963,0.3086692608169904,64,1024,False,0.19081446250348696,0.19079040198109837,2.4060522389116065e-05,0.19774466779279926,0.2040498978983447,0.12462121687207783,0.13284524837205794,2.48540488951195e-34,0.19079040198109837,1.45398704846279e-05,0.20057310040839854,0.20058764027888332,7.248637286132216e-05,0.023421396417838854,0.02301562746617449,0.026992591462521146,0.1810342704321702,0.08082988004356403,0.16841255370059163,0.0011512989578760478,0.05234241506463161,0.09895217040320858,0.15175775613897713,0.017702548728266265,0.035399854205024894,0.19079040198109837,0.19081446250348696,2.48540488951195e-34,0.19079040198109837,0.19774466779279926,0.34430431295058594,0.3090882218455631,0.13623958963438698,0.12861161057098577,0.12912236398953372,0.13542336411091482,0.3829878553015586,0.3943125797534864
4,7,0.7268976784221708,0.3740441592322497,0.5371305438793541,0.32742045655171725,64,1024,False,0.28254634961286335,0.28251943928413,2.691032873253783e-05,0.3042726059048165,0.29945270010240393,0.17300741657906007,0.17427567094723792,2.619906915006986e-34,0.28251943928413,0.00021550108694405454,0.2970364245169295,0.2972519256038754,0.0007249779341420856,0.029604669713183304,0.026268619718999454,0.03045263207068548,0.27318408038340447,0.12579270460342218,0.22022212855469797,0.008091687697551184,0.05930032457893315,0.14390363348502433,0.2032818456136738,0.024690017991815694,0.04234252123569604,0.28251943928413,0.28254634961286335,2.619906915006986e-34,0.28251943928413,0.3042726059048165,0.34430431295058594,0.32757192925891093,0.1784575002656783,0.1330260693296639,0.1784575002656783,0.1296796726262329,0.3829878553015586,0.38611812297563886
4,8,0.6383494344081855,0.3360130097021456,0.502587872549748,0.3296800063294277,64,1024,False,0.28847908222208557,0.2884605757593814,1.8506462701749317e-05,0.3025766234170281,0.2970613649940733,0.18574886304600666,0.18193135879110348,3.2983638861659995e-34,0.2884605757593814,0.00014846161897504707,0.3004554795976622,0.3006039412166368,0.0004938778193465367,0.036698747363718136,0.03354704467301341,0.03903110313805372,0.2635143203210599,0.13818664972125,0.23331107637076332,0.016320324375156004,0.06707864734200132,0.15641765674081398,0.2164511966111604,0.032794644219393376,0.05005594601971097,0.2884605757593814,0.28847908222208557,3.2983638861659995e-34,0.2884605757593814,0.3025766234170281,0.38553617023812387,0.40310608603315584,0.3582563545626087,0.3619683366389807,0.3582563545626087,0.3619683366389807,0.3829878553015586,0.34171180511441246
4,9,0.5966634691124606,0.31299312585758354,0.47954238602222077,0.2947985832365819,64,1024,False,0.2888196867332221,0.2888014542366353,1.8232496588120093e-05,0.29781565579341923,0.29489619657486216,0.20123333206265154,0.198372591479168,9.069011515125055e-36,0.2888014542366353,8.207986801797816e-05,0.29560974271863155,0.2956918225866484,0.00027758585712638637,0.039747380826875026,0.03660270076696989,0.04117194988815095,0.2582934958078923,0.15296373983001613,0.24950292429528695,0.01855120675120811,0.0693339250043168,0.1711835332971532,0.23256759989453712,0.03492293204180896,0.05220301716326503,0.2888014542366353,0.2888196867332221,9.069011515125055e-36,0.2888014542366353,0.29781565579341923,0.38553617023812387,0.4130214565402815,0.3582563545626087,0.3622857344805546,0.3582563545626087,0.3622857344805546,0.4874599118576975,0.5253887630705532
4,10,0.6256155123273893,0.29876460950058403,0.46487728861682925,0.4395943797370199,64,1024,False,0.23830058517489114,0.23829229150269768,8.293672192077716e-06,0.23769822976521013,0.2440580524789072,0.17512305212405332,0.1780388024020931,3.0814879110195775e-37,0.23829229150269768,3.84134120478631e-06,0.2428325393173808,0.24283638065858587,1.581863967156971e-05,0.0388617612331398,0.036495848662765895,0.040975351453441895,0.2075622038161413,0.12917931162785146,0.2210667926202552,0.018158581050554096,0.0682230207204106,0.1472799291514093,0.20420991032005986,0.034569780094898306,0.05116426963650156,0.23829229150269768,0.23830058517489114,3.0814879110195775e-37,0.23829229150269768,0.23769822976521013,0.38553617023812387,0.3919639067804245,0.3582563545626087,0.36550016853635603,0.3582563545626087,0.36550016853635603,0.32659503395702055,0.24463947930548038
4,11,0.5426743085904733,0.26503941624767957,0.4343403002961182,0.4137115999470936,64,1024,False,0.21634499751970354,0.21633395935619315,1.1038163508339453e-05,0.22213741982641935,0.21998456733569197,0.180938067637164,0.17793813059957622,6.047389210496811e-34,0.21633395935619315,3.121367107690974e-05,0.21904567742763695,0.21907689109871364,0.00014247815422414956,0.036128793973186975,0.03424283054111794,0.039710444396313604,0.18574173679457404,0.13493995938818087,0.22693617588614712,0.016838072599918708,0.06629457345382656,0.15293132061924553,0.20998790025623748,0.03313553595216945,0.04917497478163568,0.21633395935619315,0.21634499751970354,6.047389210496811e-34,0.21633395935619315,0.22213741982641935,0.5518114551951953,0.6090559640927532,0.48035371491012047,0.509044414363865,0.48035371491012047,0.509044414363865,0.35173531741339537,0.3692028330288679
5,0,0.8446249177177283,0.22878176385957216,0.4009960390106294,0.2404588026465991,64,1024,False,0.11644822651013269,0.11590976286689482,0.0005384636432376196,0.119346134365028,0.11892795490568646,0.10976463723657741,0.10986711866902531,2.5662888327622506e-33,0.11590976286689485,1.6806400785601113e-05,0.11712195692624694,0.11713876332703245,0.00014347428902489233,0.008712589104629196,0.0083680971764023,0.009415298319782174,0.11055985772928416,0.06767486927026425,0.15185440520289056,-0.013187101529687193,0.03197079506163063,0.085235693892173,0.13471773131459486,0.003239711921196431,0.015315887576434761,0.11590976286689482,0.11644822651013269,2.5662888327622506e-33,0.11590976286689485,0.119346134365028,0.34430431295058594,0.3563043422277088,0.7445172346782355,0.7926073193177131,0.7445172346782355,0.7926073193177131,0.9920417007251314,1.294135184349015
5,1,0.8558346950343473,0.24835295931053428,0.4179692048223774,0.47576237888084,64,1024,False,0.24065344356383583,0.24051764725958413,0.0001357963042521195,0.26395758358589283,0.22656244985322868,0.18897230868853426,0.1622721139668003,5.237132849934499e-33,0.24051764725958413,9.736379847678898e-05,0.23877614076450682,0.2388735045629838,0.0004075956379294341,0.008674330607220577,0.00821892032427742,0.009198206960725808,0.21834352952895125,0.13848973862808564,0.23945487874898289,-0.01397748872941135,0.03238515314157561,0.15661747581179952,0.2222576088970527,0.0027427696040831506,0.01578600522771012,0.24051764725958413,0.24065344356383583,5.237132849934499e-33,0.24051764725958413,0.26395758358589283,0.34430431295058594,0.3529478612789837,0.48035371491012047,0.5043977295017014,0.48035371491012047,0.5043977295017014,0.32659503395702055,0.3551934055101906
5,2,0.8670611245560549,0.3016508439735479,0.4723654153219169,0.4981968618807614,64,1024,False,0.1990387656183553,0.19888661508072403,0.00015215053763161386,0.21391937518903337,0.1928586181209164,0.15850734504582165,0.14765473041853272,1.3046995505741146e-32,0.19888661508072403,0.0001780762263034236,0.19438587321371825,0.19456394944002126,0.0009152580774390563,0.006199717932928231,0.008270099585165147,0.00931491392836287,0.18458851853575126,0.11067694690763329,0.20633774318401,-0.015920612740946964,0.029461824707251158,0.12887512148881797,0.18939491944911424,0.0005837934440933168,0.012829019498894922,0.19888661508072403,0.1990387656183553,1.3046995505741146e-32,0.19888661508072403,0.21391937518903337,0.34430431295058594,0.3560081929802699,0.3582563545626087,0.3362386576080214,0.3582563545626087,0.33623865760802135,0.2930813632158261,0.3570096637286707
5,3,0.8926434337876622,0.4085602577619564,0.57012019746051,0.2927711651450757,64,1024,False,0.06562132063893596,0.06556020684526145,6.111379367414386e-05,0.06131926569796419,0.07296013064837266,0.062399964517189314,0.07336406183242689,1.2866178417354386e-33,0.06556020684526147,5.3381797768429174e-05,0.06558741891306723,0.06564080071083549,0.0008132411120880387,0.007909989619346238,0.010327457830013131,0.011528792832517948,0.06263267281835953,0.02875676620141595,0.09604316283296269,-0.013729155600054183,0.032275176149617835,0.04640460846712813,0.07961058279761346,0.003083698080445174,0.015839298313949257,0.06556020684526145,0.06562132063893596,1.2866178417354386e-33,0.06556020684526147,0.06131926569796419,0.28975386000772607,0.2548803098647712,0.13623958963438698,0.14366304510347797,0.1354286671629266,0.14366304510347797,0.4874599118576975,0.5726880410896442
5,4,0.9713900887781952,0.6489281338763528,0.7787207509632684,0.5083350958566216,64,1024,False,0.035575167838319356,0.035549811833890665,2.5356004428739106e-05,0.03472138664354777,0.037532358378996315,0.03285698385741247,0.036328035972705994,1.5884428739638334e-32,0.03554981183389065,1.0970781532155674e-05,0.03512337010497171,0.03513434088650382,0.0003122523791635974,0.0073064371306846175,0.007044753809606251,0.007085144884585608,0.030487604569390064,0.0032116704183280977,0.06250229729649684,-0.015149613413646307,0.02987132833056323,0.020678883614891674,0.04618017408938613,0.0014766786334803328,0.013471759455569554,0.035549811833890665,0.035575167838319356,1.5884428739638334e-32,0.03554981183389065,0.03472138664354777,0.16742909246026993,0.17949342935269924,0.037471316760495574,0.03786416392005955,0.037471316760495574,0.03786416392005955,0.22506954811502963,0.22161044167698457
5,6,0.8723436890879817,0.608695702780155,0.7521349524451597,0.8828343665290128,64,1024,False,0.04516610705515991,0.045175311110234685,-9.204055074832622e-06,0.043368647022547106,0.04477082028073244,0.011224438271250246,0.009756758382410552,9.399346248814375e-33,0.045175311110234664,5.220792471167843e-07,0.04605531876252968,0.04605584084177674,1.1335787982036191e-05,0.004602192055722933,0.0047323040812518105,0.007471134990026214,0.04003851619948063,-0.01632570735328178,0.03877458389578227,-0.014080870774217932,0.02802927292289312,0.0009796648300834931,0.022498033264128026,0.0018573781271697953,0.011880421392561402,0.045175311110234685,0.04516610705515991,9.399346248814375e-33,0.045175311110234664,0.043368647022547106,0.28975386000772607,0.3090882218455631,0.037471316760495574,0.040322692915747735,0.037471316760495574,0.038754289017791606,0.02349877988249547,0.015509457071083477
5,7,0.7922873099801778,0.5160872396261247,0.673929561926278,0.7893989168494495,64,1024,False,0.17333741324316793,0.17333931194980923,-1.8987066406233293e-06,0.18291789715030515,0.16892172117510432,0.08260771230561408,0.07137422297542032,4.8139793777225035e-34,0.17333931194980923,1.497427095730205e-05,0.1764681779328732,0.1764831522038306,8.48481612568173e-05,0.008959659898608214,0.0072988440764612935,0.0106379764605481,0.16162287709864304,0.0436209806660416,0.12159444394518655,-0.009405229511889285,0.034094787328479176,0.06171535395696992,0.10525647236499935,0.00686897892592242,0.01773581661109347,0.17333931194980923,0.17333741324316793,4.8139793777225035e-34,0.17333931194980923,0.18291789715030515,0.34430431295058594,0.32757192925891093,0.11281749872935155,0.11357990751538716,0.12713587269748364,0.1296796726262329,0.08673063352683105,0.07577222869916021
5,8,0.7080005668628897,0.4464038705880621,0.6106044988966268,0.7817164720299505,64,1024,False,0.29424756088189263,0.2942539385105166,-6.3776286267050635e-06,0.29934544973518884,0.3009028648715514,0.1018003049715183,0.09762582969962193,8.558185560395562e-34,0.2942539385105166,1.1855012065920604e-05,0.30438559187935155,0.3043974468914174,3.894583278206484e-05,0.016325585332491926,0.013649550162041313,0.018598928787790726,0.28725331470951004,0.060180530834633914,0.1434200791084027,-0.0017058582011010362,0.04338544549363727,0.07844280931749381,0.12708546597423265,0.014707871690916363,0.02672057024028618,0.2942539385105166,0.29424756088189263,8.558185560395562e-34,0.2942539385105166,0.29934544973518884,0.34430431295058594,0.34575459886076004,0.13623958963438698,0.11462740464343714,0.12912236398953372,0.12138025638966166,0.08673063352683105,0.07154644588937366
5,9,0.667793351724321,0.4086390849260929,0.5697911489856528,0.7683642307174592,64,1024,False,0.23898297751213465,0.23898905892169797,-6.081409563456703e-06,0.23875703977744503,0.24313679660486576,0.08318811787505204,0.08036183909490521,1.740277231096106e-33,0.23898905892169792,1.6538040803442813e-06,0.24663608738181558,0.2466377411858954,6.705397448064442e-06,0.019189945606312483,0.016727022666486797,0.020990028678391753,0.22640977393837897,0.04388782397183736,0.12248841177826672,0.0005687604658674052,0.045774326994854536,0.06196014233864844,0.1061285701507586,0.016928897493926343,0.02902548878773814,0.23898905892169797,0.23898297751213465,1.740277231096106e-33,0.23898905892169792,0.23875703977744503,0.38553617023812387,0.4130214565402815,0.13623958963438698,0.13020915139067768,0.1354286671629266,0.12901563685282502,0.08673063352683105,0.07801181831275744
5,10,0.6886753620365003,0.37908651980890656,0.5389567197479259,0.8070903639456363,64,1024,False,0.20158898103677678,0.20159778801759368,-8.806980816696509e-06,0.19872453517810532,0.2045088389063684,0.04733571322273006,0.0489756240431441,5.7330603241955306e-34,0.20159778801759368,7.290791786180666e-05,0.20650534714274735,0.20657825506060956,0.00035293123102630357,0.018329176106345733,0.017160587342429992,0.021367656983469766,0.18734825156393842,0.012386269817746189,0.08228515662771393,5.1966185314826496e-05,0.044822151988358,0.030231717784772627,0.06601271966064814,0.016440313927887473,0.028221607026353013,0.20159778801759368,0.20158898103677678,5.7330603241955306e-34,0.20159778801759368,0.19872453517810532,0.34430431295058594,0.38165526114353376,0.13623958963438698,0.13256400460240353,0.1354286671629266,0.1329067383060403,0.07889051655103163,0.03435618723608677
5,11,0.5723873369133278,0.32349875274989426,0.49066793606883846,0.7197629603350258,64,1024,False,0.19387855272177457,0.19388183519082622,-3.2824690524489015e-06,0.19455138379327755,0.19050859886215588,0.04708665818128723,0.042688215617864,2.617629823836072e-35,0.19388183519082622,0.00012611695756150324,0.197459647565698,0.1975857645232591,0.0006382896959495136,0.019368097016647202,0.01783038609284561,0.022878198911298057,0.17267821276931028,0.011136643733729266,0.0830366726288452,0.0019015624078745803,0.0470378921333621,0.02881886276009027,0.06659065213170834,0.018236318428535014,0.030295323944301344,0.19388183519082622,0.19387855272177457,2.617629823836072e-35,0.19388183519082622,0.19455138379327755,0.5518114551951953,0.6090559640927532,0.3582563545626087,0.36777105516645775,0.3582563545626087,0.36777105516645775,0.12190364580522779,0.10608493777249754
6,0,0.6812622142768097,0.20806850811985228,0.37907079018324297,0.15372919090536935,64,1024,False,0.12589590779514576,0.12532500586285442,0.00057090193229086,0.12160370188460976,0.13049954584046103,0.11944618494356248,0.12841501145209333,4.0622845121885144e-33,0.12532500586285442,7.619990981480218e-06,0.12675343449582485,0.12676105448680616,6.011302929223691e-05,0.006278790470678247,0.006864685022219505,0.007894388759152708,0.12363486081824153,0.07633119759312312,0.16256117229400183,-0.015130659861842536,0.028961065036944785,0.09354562625230756,0.14499548111780314,0.001095359621103853,0.012394793608109467,0.12532500586285442,0.12589590779514576,4.0622845121885144e-33,0.12532500586285442,0.12160370188460976,0.38553617023812387,0.3970114949491462,0.8602789080880454,0.9852224127427816,0.8602789080880454,0.9852224127427816,0.9920417007251314,1.294135184349015
6,1,0.7028013481179222,0.22060894564947342,0.38933904476298675,0.4311170228927402,64,1024,False,0.15924230869900816,0.15908358951473103,0.00015871918427731786,0.16534459246334401,0.15242212819713324,0.15535246464414576,0.14488748525105669,1.0674093428744589e-32,0.15908358951473103,3.3961743881992994e-05,0.152987855124703,0.1530218168685849,0.00022194053486607947,0.006545491302064361,0.006334605798379874,0.00722117674612421,0.14608752239875336,0.10922046516138048,0.20148446412691104,-0.01522965980458985,0.029405156951868485,0.12738474590878468,0.1846396351538715,0.0012211807043058798,0.012896303705929313,0.15908358951473103,0.15924230869900816,1.0674093428744589e-32,0.15908358951473103,0.16534459246334401,0.34430431295058594,0.3529478612789837,0.7445172346782355,0.8228779920003876,0.7445172346782355,0.8228779920003876,0.35173531741339537,0.4391916707327773
6,2,0.6981323620633418,0.25409775866260026,0.42342311321408305,0.3814956610311539,64,1024,False,0.12255293090946534,0.12236733507809038,0.0001855958313749413,0.12357284982161743,0.12431927002339709,0.11926735664409358,0.1212898294095042,2.8662408531813637e-32,0.12236733507809038,0.00010402689015457095,0.11632718445545658,0.11643121134561121,0.0008934622336426647,0.004940452644465976,0.00673242992262808,0.007917309240503859,0.117586840100769,0.07682854069046935,0.1617061725977178,-0.016149298071144638,0.027366597782712956,0.09478065893199528,0.14492835320561426,3.2150761398952454e-05,0.010926523122179788,0.12236733507809038,0.12255293090946534,2.8662408531813637e-32,0.12236733507809038,0.12357284982161743,0.34430431295058594,0.3560081929802699,0.48035371491012047,0.5199960332532876,0.48035371491012047,0.5186486836443842,0.3829878553015586,0.4304713837022237
6,3,0.7271707642118127,0.3063342419569656,0.474288440927721,0.18425180241267328,64,1024,False,0.08326106713804833,0.08318653431609123,7.453282195717101e-05,0.07554792618306078,0.089621448566591,0.07455354375856944,0.0885436003002654,7.106984850154362e-33,0.08318653431609123,5.5037196961608754e-05,0.08244183825448949,0.08249687545145115,0.0006671428058387226,0.006767734190200638,0.00684673446916352,0.008501246531912138,0.08277471409742748,0.038120333412976964,0.11098675410416192,-0.013119402170665807,0.029935764918628854,0.05606084198370809,0.09466903650900349,0.00312045325699728,0.013712035208300222,0.08318653431609123,0.08326106713804833,7.106984850154362e-33,0.08318653431609123,0.07554792618306078,0.34430431295058594,0.35297387381405443,0.3582563545626087,0.3505418391180922,0.3582563545626087,0.3608597459772417,0.9920417007251314,1.2170459879548974
6,4,0.8147278048193365,0.43067617539057895,0.5909841356409963,0.3086692608169904,64,1024,False,0.06053671433982459,0.06049135165947371,4.536268035076161e-05,0.058995755362944435,0.062197600377375595,0.054291214027929045,0.058501139969797784,8.447575765821729e-34,0.06049135165947371,3.595842121235328e-05,0.05918250088127978,0.059218459302492144,0.000607216426024782,0.005934982956265315,0.004326371162531836,0.005374350422444524,0.05787122921484376,0.020343025104496516,0.08823940295136157,-0.01444494010706586,0.028372066308897916,0.03811937212594785,0.07196342584938975,0.0017109115869970992,0.012159984595200513,0.06049135165947371,0.06053671433982459,8.447575765821729e-34,0.06049135165947371,0.058995755362944435,0.34430431295058594,0.3515879070506378,0.13623958963438698,0.14078334459153066,0.12912236398953372,0.13800167334690158,0.3829878553015586,0.49549283217180845
6,5,0.8723436890879817,0.608695702780155,0.7521349524451597,0.8828343665290128,64,1024,False,0.018574457889161584,0.018544125385261883,3.0332503899705857e-05,0.015509457071083477,0.020779700590866423,0.017711225855002028,0.023660148088948767,3.3513900926901865e-33,0.018544125385261886,6.241010039214254e-06,0.018977826431180046,0.0189840674412193,0.0003287498876907387,0.0021133525345042314,0.0018407220579547182,0.0028059786856601448,0.018938978532911706,-0.007514744945568794,0.04293719665557285,-0.01711215816188412,0.02270896767493142,0.009323844329628628,0.026284307037713006,-0.001647216733545065,0.0072253358594025485,0.018544125385261883,0.018574457889161584,3.3513900926901865e-33,0.018544125385261886,0.015509457071083477,0.28975386000772607,0.2632429497388972,0.037471316760495574,0.043368647022547106,0.037471316760495574,0.03533302966500219,0.02349877988249547,0.024386482417096803
6,7,0.9529394647192299,0.7679479234925592,0.8655756662863452,0.8693839116929495,64,1024,False,0.038673242049135005,0.038665446719527104,7.79532960770127e-06,0.044489055876681866,0.03385661433695541,0.038147242891331874,0.028026273623490625,2.7501473336677735e-33,0.038665446719527104,8.697622574559805e-07,0.03773804073932324,0.037738910501580826,2.304683007262617e-05,0.0026393428031032894,0.0012418052858205776,0.0026714147705674185,0.03261480905113483,0.008275564072454424,0.06801892171020932,-0.015356901705764082,0.023770905825154124,0.025684503125376068,0.05162668636330636,-1.0345465852878988e-06,0.00858901421452174,0.038665446719527104,0.038673242049135005,2.7501473336677735e-33,0.038665446719527104,0.044489055876681866,0.28975386000772607,0.3242708027861369,0.020908778436906927,0.008453687470721817,0.020908778436906927,0.008453687470721817,0.02349877988249547,0.0211137344598774
6,8,0.877058890936837,0.60914629706367,0.7501824215523454,0.8191784232956237,64,1024,False,0.04503237821873429,0.04502880130850989,3.576910224822648e-06,0.04816471240552838,0.04366329256234238,0.03559566712241804,0.02879606328262211,1.4738371706409977e-33,0.04502880130850989,1.1270636023089733e-06,0.045510548034629596,0.04551167509823196,2.476427421922683e-05,0.007498380560031339,0.00564642817591793,0.00916836990501081,0.03801686438642445,0.0057560394087401295,0.06543529483609595,-0.009965658383127428,0.03175454538719725,0.02304810646455735,0.04891982329718303,0.006007227537338622,0.015806054099812172,0.04502880130850989,0.04503237821873429,1.4738371706409977e-33,0.04502880130850989,0.04816471240552838,0.28975386000772607,0.32370800101185454,0.037471316760495574,0.035943688811205174,0.037471316760495574,0.035943688811205174,0.031315220986229735,0.022711980395187067
6,9,0.83831956450019,0.533965243680325,0.6821011469096443,0.8129629352873919,64,1024,False,0.052719514168628336,0.05271661964858703,2.894520041243083e-06,0.053968673364011364,0.05228316093066557,0.03762253647626066,0.03333837572430258,5.00574294368165e-33,0.052716619648587044,1.5858914314492702e-06,0.05284379201183618,0.0528453779032674,3.0010031044762676e-05,0.009939139018656217,0.009017000830773206,0.012534104953423806,0.04326616009989236,0.007506662623249921,0.0677384103292714,-0.007868724398557897,0.0343666593803772,0.024707129392481875,0.05112115831434494,0.008114278243738227,0.018205709813628346,0.05271661964858703,0.052719514168628336,5.00574294368165e-33,0.052716619648587044,0.053968673364011364,0.34430431295058594,0.35366997874370126,0.11281749872935155,0.12201903596481545,0.12713587269748364,0.12901563685282502,0.03284357305132077,0.024782971570363216
6,10,0.823351463142001,0.47358171319814746,0.6272575069147688,0.7455586298334599,64,1024,False,0.06405377097945018,0.06405144684360178,2.3241358481297146e-06,0.06204971611908403,0.06392462076596298,0.030963926672912815,0.03097358930339718,1.658097420532919e-33,0.0640514468436018,3.959974959980685e-05,0.0640178596088168,0.06405745935841684,0.0006181910740205409,0.010440110459964009,0.010531142251592029,0.014147543626028153,0.05339347851437094,0.0008768431667295108,0.061051010179096116,-0.007114337027881761,0.0352779996584696,0.01818421448842855,0.04462163223797688,0.008952054762630723,0.019136301598337013,0.06405144684360178,0.06405377097945018,1.658097420532919e-33,0.0640514468436018,0.06204971611908403,0.34430431295058594,0.38165526114353376,0.11281749872935155,0.1210646504997638,0.12713587269748364,0.1329067383060403,0.08673063352683105,0.08862916563511927
6,11,0.5962162369990482,0.38172990884347735,0.5425639584425475,0.661605905795916,64,1024,False,0.07665797197812861,0.07665134662513624,6.625352992253099e-06,0.07665287939325398,0.07076890759788229,0.03655231878342362,0.031912872188172015,3.1030960746236246e-33,0.07665134662513623,4.442549414305435e-05,0.07552267248817507,0.07556709798231816,0.0005878946701572344,0.013306470063975128,0.013192424174980625,0.017695401822269016,0.05757648342290167,0.004777266638399419,0.06832737092844782,-0.0036538736739799675,0.03970257147016659,0.022212559488252737,0.05196156540478114,0.012476816031266935,0.023268990466021933,0.07665134662513624,0.07665797197812861,3.1030960746236246e-33,0.07665134662513623,0.07665287939325398,0.38553617023812387,0.45007756011929106,0.13623958963438698,0.14369795203013316,0.1354286671629266,0.14195931024844577,0.22506954811502963,0.23856197254428196
7,0,0.590308351071524,0.19995420703188915,0.3690950170779488,0.21782969012483072,64,1024,False,0.09874397233427024,0.09818673089131727,0.0005572414429528404,0.09963205843464756,0.10196548120762179,0.09573733353114436,0.0990083066114978,3.012036651705927e-33,0.09818673089131728,7.933941256904388e-05,0.09990208206053929,0.09998142147310811,0.0007935415540214509,0.005213028753040911,0.005507451823882009,0.006541840537939931,0.09645802938373978,0.05584808468636999,0.13562658237591874,-0.015789279598626978,0.02745386207527393,0.07337903208099306,0.1186258589514182,0.0003258467259001918,0.011048072425182909,0.09818673089131727,0.09874397233427024,3.012036651705927e-33,0.09818673089131728,0.09963205843464756,0.5518114551951953,0.5865944857152374,0.8602789080880454,0.9852224127427816,0.8602789080880454,0.9852224127427816,0.9920417007251314,1.294135184349015
7,1,0.6215242144393245,0.21056810227909728,0.37977804167595164,0.3971705945676721,64,1024,False,0.07920354078797731,0.07904385314724545,0.0001596876407316472,0.07953268379861786,0.0806519436769624,0.07920498843477917,0.08099534030834898,4.130083072169027e-33,0.07904385314724548,7.675667248131792e-07,0.07602285035270631,0.07602361791943103,1.0096424582511157e-05,0.005811458514394009,0.006014879925818411,0.006954853579191522,0.074637063751144,0.04348014168572258,0.11492983518383576,-0.015602435136361257,0.028312967220585263,0.06081442713184515,0.09805735897680279,0.0007322913297684863,0.011888938170159236,0.07904385314724545,0.07920354078797731,4.130083072169027e-33,0.07904385314724548,0.07953268379861786,0.38553617023812387,0.3988406696485372,0.7445172346782355,1.0875976756601153,0.7445172346782355,1.0875976756601153,0.3829878553015586,0.4391916707327773
7,2,0.6061940449626414,0.23655439050485144,0.40539631715304214,0.2901922818950296,64,1024,False,0.07949147499292829,0.07929809611573659,0.00019337887719182267,0.07634593427769551,0.08613323913364022,0.07686132825434118,0.08665694123912605,1.3832024067163485e-32,0.07929809611573659,3.0356629496010628e-05,0.07648698687388356,0.07651734350337927,0.00039672874287213035,0.004868692669634156,0.00620275891352622,0.007409450417341617,0.07993048022011401,0.04043587873844559,0.11328677777023677,-0.01592886804768965,0.027014012118657463,0.057955106982262805,0.09655448349803919,0.0001771099487086758,0.010698418118408881,0.07929809611573659,0.07949147499292829,1.3832024067163485e-32,0.07929809611573659,0.07634593427769551,0.38553617023812387,0.3989792239755338,0.5350753032743311,0.6006080702738503,0.5904182354042369,0.9233375435025252,0.5904182354042369,0.9956690825253135
7,3,0.6388809311536977,0.2759970345509497,0.4462465604241206,0.14897955725846457,64,1024,False,0.10756405610990438,0.10748796480575874,7.609130414505598e-05,0.09649231774439102,0.11422396278795006,0.09261328155519845,0.10964825117781707,1.4371294594822952e-33,0.10748796480575874,6.218459113351985e-05,0.10734223027053738,0.10740441486167085,0.0005789761176354726,0.007004737399167744,0.0062323900676576555,0.007883581299680963,0.1079915727202924,0.053508060184063455,0.13171850292633344,-0.012758461129529077,0.029875661062396117,0.07149732222751481,0.11527834388107294,0.0033333210449200124,0.013664841535501182,0.10748796480575874,0.10756405610990438,1.4371294594822952e-33,0.10748796480575874,0.09649231774439102,0.38553617023812387,0.39810329425959046,0.3625249397385591,0.44858173612293356,0.3625249397385591,0.44858173612293356,0.9920417007251314,1.2170459879548974
7,4,0.7268976784221708,0.3740441592322497,0.5371305438793541,0.32742045655171725,64,1024,False,0.05954103924293802,0.05949758344001457,4.345580292345241e-05,0.052642394626540114,0.06600875090984593,0.051061476021434286,0.06489814491814042,3.678490264486546e-33,0.05949758344001457,4.857401158364385e-07,0.0602744736904521,0.06027495943056796,8.058738163000725e-06,0.006949805575350086,0.004766947185413085,0.005923713279121203,0.061241803724432844,0.01777729820974537,0.0843456538331232,-0.013246599377222149,0.029419203287804868,0.03510262585041346,0.0676529092452256,0.002880370469938498,0.013233034100267105,0.05949758344001457,0.05954103924293802,3.678490264486546e-33,0.05949758344001457,0.052642394626540114,0.34430431295058594,0.3515879070506378,0.1784575002656783,0.19809429674169318,0.1784575002656783,0.19809429674169318,0.3829878553015586,0.49549283217180845
7,5,0.7922873099801778,0.5160872396261247,0.673929561926278,0.7893989168494495,64,1024,False,0.023792817014435644,0.023759810671894595,3.300634254081252e-05,0.019570225896413843,0.027747748282247093,0.020699255072258213,0.029465191569343314,4.5708357510606927e-35,0.023759810671894595,3.7231276952884435e-07,0.024715611051633172,0.0247159833644027,1.5063643798412221e-05,0.0038662859145134226,0.003439093140967645,0.004303894420822183,0.02430865514127945,-0.00612934328804024,0.047527853432556666,-0.016086246659198514,0.024838840418633802,0.01084189450921258,0.03097698154306272,-0.0003516778233461082,0.00903098024718929,0.023759810671894595,0.023792817014435644,4.5708357510606927e-35,0.023759810671894595,0.019570225896413843,0.34430431295058594,0.2632429497388972,0.11281749872935155,0.11903398358488074,0.12713587269748364,0.13430691581755497,0.08673063352683105,0.10285197062907493
7,6,0.9529394647192299,0.7679479234925592,0.8655756662863452,0.8693839116929495,64,1024,False,0.010695311235175033,0.010692288333649269,3.0229015257250973e-06,0.008453687470721817,0.011848143740806477,0.004611993083948226,0.008534621577093294,4.009533377946087e-33,0.010692288333649266,2.1239400466857713e-06,0.010181244539229913,0.010183368479276622,0.00020856949751038036,0.0008579103236569032,0.0019353070303836104,0.001907434039792358,0.009912836710422868,-0.018650295366131303,0.027874281534027753,-0.01862782987082624,0.0201330111313715,-0.00203825253265677,0.011189701544935815,-0.003553133450623136,0.004907638060103636,0.010692288333649269,0.010695311235175033,4.009533377946087e-33,0.010692288333649266,0.008453687470721817,0.28975386000772607,0.3090882218455631,0.020908778436906927,0.02268807714636194,0.020908778436906927,0.02268807714636194,0.02349877988249547,0.025883825305113538
7,8,0.9309212018765403,0.7479626260878114,0.8536306331441623,0.8889374542890692,64,1024,False,0.02068191633585357,0.0206827758816292,-8.595457756283264e-07,0.017817900082680783,0.02128975590166657,0.007074874177645924,0.008677868577158904,7.517402960814546e-34,0.0206827758816292,9.601153859369818e-07,0.021168329008095874,0.02116928912348185,4.535416283166458e-05,0.0031651788903196134,0.0022075748729142924,0.0048439097173053145,0.019082181028752275,-0.01721407536534954,0.03136382372064139,-0.013725291324497586,0.02513577123440031,-0.0005646941281156614,0.014584489857952576,0.001495345619332511,0.009984461968997493,0.0206827758816292,0.02068191633585357,7.517402960814546e-34,0.0206827758816292,0.017817900082680783,0.28975386000772607,0.32370800101185454,0.020908778436906927,0.021186433828759916,0.020908778436906927,0.021186433828759916,0.01539071126406464,0.012963522445448494
7,9,0.898367896774464,0.636473487142209,0.7694207991217443,0.867486656536655,64,1024,False,0.024705065936942123,0.024705799826205705,-7.338892637065655e-07,0.02170157196659821,0.026418477667967153,0.008892720322481326,0.011673225720398531,1.5989545996002988e-34,0.024705799826205705,1.0534617764891143e-06,0.026126199104996084,0.026127252566772556,4.032041921732172e-05,0.0052126118794416235,0.005304667494710741,0.008121036693749174,0.021113810173256413,-0.016109073610540335,0.03389451425550299,-0.01207066908035618,0.027968191770709062,0.0007052784058032557,0.01727625438797986,0.0034510383047745563,0.012416395831678528,0.024705799826205705,0.024705065936942123,1.5989545996002988e-34,0.024705799826205705,0.02170157196659821,0.28975386000772607,0.30727783692002436,0.037471316760495574,0.03972413744533805,0.037471316760495574,0.03972413744533805,0.02349877988249547,0.023698469650928495
7,10,0.8691853909368116,0.5488207821485769,0.6971023408761963,0.7983018629424996,64,1024,False,0.052302781860702745,0.05230336738185511,-5.855211523238327e-07,0.04812515655384762,0.05391297685007018,0.015331472642197893,0.019553268121131163,4.195784754523367e-34,0.05230336738185511,2.5823796752184648e-05,0.05427952026463186,0.05430534406138402,0.0004755295670900221,0.005880491332239382,0.007071692335940703,0.010138456939909663,0.04684128451412948,-0.012136314707624196,0.04279925999201998,-0.011238847971721545,0.0294552707230418,0.005095921558677219,0.02646586935588857,0.004489793194807135,0.013764894560154062,0.05230336738185511,0.052302781860702745,4.195784754523367e-34,0.05230336738185511,0.04812515655384762,0.34430431295058594,0.38165526114353376,0.11281749872935155,0.1210646504997638,0.12713587269748364,0.1329067383060403,0.07889051655103163,0.03435618723608677
7,11,0.6019833147036645,0.4236720106888523,0.5871045206110679,0.6973282862683458,64,1024,False,0.07627866651867833,0.07627425902682858,4.407491849774383e-06,0.07649250154358095,0.07440248958508117,0.024093313743578308,0.02100261448040181,5.247850949664116e-35,0.07627425902682858,5.1961368544019365e-05,0.07976858135540513,0.07982054272394895,0.0006509773896642417,0.010058688537580839,0.010336191830041848,0.014384552491254528,0.06406629775503932,-0.0058235141514932295,0.054010141638649846,-0.006782877841641628,0.03557625740890649,0.011726240780262742,0.03792783803510247,0.009179320615658071,0.019346107736055274,0.07627425902682858,0.07627866651867833,5.247850949664116e-35,0.07627425902682858,0.07649250154358095,0.38553617023812387,0.45007756011929106,0.13623958963438698,0.14369795203013316,0.12912236398953372,0.1396483364787243,0.12190364580522779,0.11048576011155516
8,0,0.5246571998994634,0.19226460567782994,0.36096688541812433,0.20378871431587,64,1024,False,0.23591073190576417,0.23534575197354551,0.0005649799322180959,0.22631252503831484,0.24065695224250977,0.17814020082814236,0.19285454056826254,2.6651788942408328e-33,0.2353457519735455,5.184136442166064e-06,0.23681390561562674,0.2368190897520693,2.1890703353321056e-05,0.0044380971185459675,0.004719422377196508,0.005788920988777807,0.23593752986531327,0.1274698199335932,0.22881058172269153,-0.016076569519540316,0.026262338458886873,0.14503106450138148,0.2110064801745466,-0.00012111182149965316,0.010040734057838563,0.23534575197354551,0.23591073190576417,2.6651788942408328e-33,0.2353457519735455,0.22631252503831484,0.6627898182233776,0.7410054676703971,1.1326190125778277,2.0864412981393894,1.1326190125778277,2.0864412981393894,0.9920417007251314,1.294135184349015
8,1,0.551179852905598,0.2035275615528369,0.3734671812137244,0.4212480927919056,64,1024,False,0.10664582354426015,0.10648281863524345,0.00016300490901653003,0.10980750614416283,0.10763692396036766,0.10176802117438039,0.1002499538843378,4.3779161095412415e-33,0.10648281863524345,8.758042909114633e-06,0.10553468860673836,0.10554344664964736,8.298045200463325e-05,0.004615907295406899,0.0043591954139082486,0.00529721291986866,0.1032777285464594,0.061594755020689326,0.14194128732807143,-0.016139628725583558,0.026437258278807396,0.07912117431988008,0.12496238794119563,6.542162736877799e-06,0.01029244159872178,0.10648281863524345,0.10664582354426015,4.3779161095412415e-33,0.10648281863524345,0.10980750614416283,0.5518114551951953,0.616224781614186,0.8602789080880454,1.0875976756601153,0.8602789080880454,1.0875976756601153,0.35173531741339537,0.4391916707327773
8,2,0.5341156486789864,0.22504759130491134,0.39405801581087696,0.333602760303012,64,1024,False,0.13601049596626108,0.13581698696041872,0.00019350900584258317,0.14072916632809568,0.13643190364979052,0.1336569395243017,0.13066265309116973,1.7051327416352866e-32,0.1358169869604187,9.565178616441797e-05,0.13150076825169438,0.131596420037859,0.0007268570538385457,0.004188935511401394,0.0048072741928195115,0.006029756774499846,0.131624629456971,0.08971341799211495,0.1776004610564884,-0.01606986879646817,0.025810148736759096,0.10802203707862645,0.1610430689106579,-0.00014656029816251248,0.009746356212417595,0.13581698696041872,0.13601049596626108,1.7051327416352866e-32,0.1358169869604187,0.14072916632809568,0.6627898182233776,0.7709378844832742,0.7445172346782355,0.9157895021263481,0.7445172346782355,0.9233375435025252,0.3829878553015586,0.4304713837022237
8,3,0.5589108808807404,0.25247411060088343,0.42313953221131184,0.18887626428048943,64,1024,False,0.13562816986879533,0.13555300048891797,7.516937987714329e-05,0.12871961359313167,0.1425265372436758,0.12546108485299898,0.13917964308616715,4.278551807875624e-33,0.135553000488918,4.055626186923456e-05,0.13384884322450236,0.1338893994863716,0.00030290868451734836,0.005956266139383897,0.004526825684918877,0.00615618717758478,0.13799971155875693,0.08370368813621826,0.1672184815697797,-0.013189149343978298,0.028224839813387557,0.10172664948186139,0.15059359507722547,0.002600060688564554,0.012238476279890165,0.13555300048891797,0.13562816986879533,4.278551807875624e-33,0.135553000488918,0.12871961359313167,0.5518114551951953,0.6244335019249654,0.48035371491012047,0.44858173612293356,0.48035371491012047,0.44858173612293356,0.9920417007251314,1.2170459879548974
8,4,0.6383494344081855,0.3360130097021456,0.502587872549748,0.3296800063294277,64,1024,False,0.08352005635471076,0.0834744067147894,4.5649639921130384e-05,0.07641864856297308,0.0913141155025217,0.07657432775826188,0.09114136426276116,1.884504219783555e-33,0.08347440671478938,3.979308713822245e-07,0.0840192712038882,0.08401966913475946,4.736163275577552e-06,0.005923476044675027,0.0036803444009554835,0.004850914710980952,0.08763377110156623,0.0398739702884274,0.11327468522809636,-0.013571481585581817,0.02786333004833217,0.05733283908193698,0.09643674629478483,0.002247970951430034,0.011897844597115181,0.0834744067147894,0.08352005635471076,1.884504219783555e-33,0.08347440671478938,0.07641864856297308,0.38553617023812387,0.4269359961671169,0.3582563545626087,0.40363803817609656,0.3582563545626087,0.4036380381760966,0.3829878553015586,0.49549283217180845
8,5,0.7080005668628897,0.4464038705880621,0.6106044988966268,0.7817164720299505,64,1024,False,0.035727468795282734,0.03568751819895422,3.9950596328390085e-05,0.031670049391133846,0.039926860962271986,0.033900536162773325,0.043052101275256355,8.778822020754507e-34,0.03568751819895422,2.7967557720668403e-06,0.03607933792589986,0.036082134681671735,7.751081793637557e-05,0.004002402392611326,0.0028966767786586284,0.0036680637803982734,0.037030184183613354,0.005253253432623044,0.0625478188929236,-0.015652871164699426,0.02490847129016751,0.022213640579138882,0.04580260723741958,-4.0051825635600835e-05,0.009169000142719597,0.03568751819895422,0.035727468795282734,8.778822020754507e-34,0.03568751819895422,0.031670049391133846,0.34430431295058594,0.2632429497388972,0.13623958963438698,0.152336556056938,0.12912236398953372,0.14861282690921374,0.08673063352683105,0.10285197062907493
8,6,0.877058890936837,0.60914629706367,0.7501824215523454,0.8191784232956237,64,1024,False,0.01828297780739354,0.01827340498960802,9.572817785695027e-06,0.014465729566931092,0.019328419470599344,0.013546821817260923,0.018841857936697994,1.014392116533618e-33,0.01827340498960802,2.212445379831813e-06,0.017458492869002164,0.017460705314382024,0.00012670996617813985,0.0010532966574507779,0.001504255614667383,0.0011827125797820263,0.01782416385593196,-0.011820930651839753,0.038914574286361595,-0.018732516534684145,0.020688418458357446,0.005308035310008563,0.02259916213370161,-0.0033995802004938014,0.005314114387147129,0.01827340498960802,0.01828297780739354,1.014392116533618e-33,0.01827340498960802,0.014465729566931092,0.28975386000772607,0.3090882218455631,0.037471316760495574,0.040322692915747735,0.037471316760495574,0.047454162255970635,0.031315220986229735,0.04816471240552838
8,7,0.9309212018765403,0.7479626260878114,0.8536306331441623,0.8889374542890692,64,1024,False,0.011776497614762578,0.011766550103037482,9.94751172508946e-06,0.012963522445448494,0.010746260458353968,0.014066339433291922,0.011835774389762488,9.623323256061082e-34,0.011766550103037482,4.232416495188488e-08,0.011331311123353668,0.01133135344751865,3.7351376557010557e-06,0.0010176736414306865,0.0003722379972856378,-3.4773792265986926e-05,0.010374022461068331,-0.009564943013708247,0.03769762188029209,-0.018092327435672826,0.019694039173881666,0.007537886354839429,0.02143929233716335,-0.0032668052372173406,0.004872119352512527,0.011766550103037482,0.011776497614762578,9.623323256061082e-34,0.011766550103037482,0.012963522445448494,0.28975386000772607,0.3242708027861369,0.020908778436906927,0.017817900082680783,0.020908778436906927,0.017817900082680783,0.01539071126406464,0.017817900082680783
8,9,0.9746172456975436,0.8225242502219554,0.8993130620836238,0.9468825177887105,64,1024,False,0.00728510727236607,0.00728414510744346,9.621649225521584e-07,0.006095801807750514,0.006891584809481311,0.005007505421962262,0.005911578832812478,1.2589747351896624e-33,0.007284145107443458,1.2577430649387984e-06,0.007111942548705498,0.0071132002917704265,0.00017681817091442462,0.0003262215267965279,0.001434817625742733,0.0024020328557571575,0.005456767183738578,-0.016680005545019475,0.026695016388944,-0.01702873846818389,0.019538140510785285,-0.0004325847185100429,0.010393643715360668,-0.0026704630072345026,0.00516198110562982,0.00728414510744346,0.00728510727236607,1.2589747351896624e-33,0.007284145107443458,0.006095801807750514,0.16742909246026993,0.1994518043028657,0.005831198028031087,0.00556659424831166,0.005831198028031087,0.00556659424831166,0.005831198028031087,0.00556659424831166
8,10,0.9365960709674165,0.6766047987313253,0.8007218457276927,0.872591748071416,64,1024,False,0.020752954113326207,0.02075224662562728,7.074876989693772e-07,0.015903156295019493,0.020558020143534788,0.005123043664615648,0.009207194090091471,3.6653155180673397e-35,0.02075224662562728,3.737731614913282e-05,0.020981935434680268,0.021019312750829418,0.0017782368335357642,0.0009745585516041166,0.003091502305049979,0.004861750838698672,0.01746651783848481,-0.019230769567086192,0.029476856896317488,-0.016311707061791518,0.022019907779042905,-0.0022672637278446928,0.013197652864619158,-0.0012694437828031369,0.007049176900181919,0.02075224662562728,0.020752954113326207,3.6653155180673397e-35,0.02075224662562728,0.015903156295019493,0.28975386000772607,0.30070788815623434,0.020908778436906927,0.022575805387968023,0.020908778436906927,0.022575805387968023,0.02349877988249547,0.024574168497646036
8,11,0.6183201994062864,0.4986671163228394,0.6584750691566184,0.7341925051420904,64,1024,False,0.04962386896805824,0.04961761092418351,6.258043874665873e-06,0.04681853082813039,0.04720678638303484,0.019133279886571545,0.018829298403866206,3.8180867812696967e-34,0.04961761092418351,7.02113497159673e-05,0.04963270433246015,0.049702915682176024,0.0014126203413283016,0.0045358878268328675,0.005265391883176746,0.008181230822055185,0.04194139449985809,-0.00946338137183025,0.04772994114497334,-0.012601567799872858,0.027664276586315067,0.007666872377740219,0.03128518919402268,0.0029329603785299696,0.012008642981527373,0.04961761092418351,0.04962386896805824,3.8180867812696967e-34,0.04961761092418351,0.04681853082813039,0.38553617023812387,0.45007756011929106,0.11281749872935155,0.12192203409123628,0.12713587269748364,0.13249036215544055,0.08673063352683105,0.09300478058194316
9,0,0.4818255834737263,0.18911984679433308,0.3584330267744405,0.2005467071679233,64,1024,False,0.21681956693275625,0.21625333497226276,0.000566231960493543,0.20694073711185104,0.21876430962821694,0.18554138831047842,0.19793481090227613,9.891790186588887e-37,0.21625333497226276,2.7854878611489094e-06,0.21594536391198926,0.2159481493998502,1.2898873497597298e-05,0.004013393747848501,0.004416700022796757,0.005461926309958488,0.21434760960542018,0.13432598113026412,0.23675679549069273,-0.016410672774258984,0.02572885291827197,0.15175565076060593,0.2187573203482316,-0.00047881691716611385,0.009564856489305384,0.21625333497226276,0.21681956693275625,9.891790186588887e-37,0.21625333497226276,0.20694073711185104,0.6627898182233776,0.832942390766574,1.1326190125778277,2.0864412981393894,1.1326190125778277,2.0864412981393894,0.9920417007251314,1.294135184349015
9,1,0.5085639538532949,0.19847035644160074,0.3687000883281578,0.4316192531192401,64,1024,False,0.09162542715096587,0.09146249021692548,0.00016293693404034577,0.09687582971942595,0.09299587476130436,0.09341594918420258,0.0893647814924687,1.3051019383272788e-33,0.09146249021692546,3.263332616158401e-05,0.09227094868498563,0.09230358201114734,0.00035354344274139807,0.004057580344983187,0.00398149427656036,0.004906274335376919,0.089014380484744,0.05505562211160463,0.13177627625680055,-0.016692555519538976,0.025855571655042518,0.0725640880264109,0.11493335081468103,-0.0005441012399387546,0.009725561831146479,0.09146249021692548,0.09162542715096587,1.3051019383272788e-33,0.09146249021692546,0.09687582971942595,0.6627898182233776,0.7093175644279236,0.8602789080880454,1.1597352212325847,0.8602789080880454,1.1597352212325847,0.35173531741339537,0.4391916707327773
9,2,0.49071612968522543,0.2178408824531644,0.3873042576102208,0.3331557326568514,64,1024,False,0.09422811240578545,0.09403384130741346,0.0001942710983717494,0.09560069195525105,0.10188038650279553,0.09534810833724655,0.1026172268890098,7.037738017604699e-33,0.09403384130741346,6.598347037783453e-07,0.09288695816441843,0.09288761799912199,7.103580843084837e-06,0.00417362038246405,0.004408596489944785,0.005619887479111766,0.09747179001285075,0.0571015709900527,0.1335946456844404,-0.01607985156692898,0.02578395251726853,0.07473519329505507,0.11683319317671703,-0.00018763753905659541,0.009698312023829203,0.09403384130741346,0.09422811240578545,7.037738017604699e-33,0.09403384130741346,0.09560069195525105,0.6627898182233776,0.7709378844832742,0.7445172346782355,0.9157895021263481,0.7445172346782355,0.9233375435025252,0.3829878553015586,0.4304713837022237
9,3,0.5159001686019578,0.23990220695721712,0.41076352701062524,0.13822725166915434,64,1024,False,0.14929239393406454,0.1492142973460634,7.80965880008519e-05,0.14072176180302085,0.16032338775861457,0.13714888805113096,0.1568983587240033,1.0520099633361783e-33,0.1492142973460634,3.1296255808799707e-07,0.14885605947138203,0.14885637243394012,2.102446492352112e-06,0.005586067204251806,0.004221880029582317,0.005822748752880359,0.15610150772903225,0.09444414318346246,0.17985363291879947,-0.01358448212685906,0.02775590018117788,0.11217559011129197,0.16288956130301813,0.002145062229828909,0.011746283795218915,0.1492142973460634,0.14929239393406454,1.0520099633361783e-33,0.1492142973460634,0.14072176180302085,0.6627898182233776,0.7107266732498186,0.5350753032743311,0.6727403213919351,0.5166276592310292,0.6727403213919351,0.9920417007251314,1.2170459879548974
9,4,0.5966634691124606,0.31299312585758354,0.47954238602222077,0.2947985832365819,64,1024,False,0.10603492173370334,0.10598738709751843,4.7534636184427075e-05,0.09799450471038337,0.11704655369497692,0.09769615258047222,0.11595978641852818,5.784700117950418e-33,0.10598738709751843,1.3105642612960066e-05,0.10621782642921888,0.10623093207183204,0.0001233693648107897,0.005752648772496785,0.0032910370279228694,0.004479464112665178,0.11375551666705405,0.058524077814571904,0.13686822734637255,-0.013669085233212544,0.027625568262722486,0.0760867657882045,0.11996425447432557,0.0021012034849263728,0.011674883222440258,0.10598738709751843,0.10603492173370334,5.784700117950418e-33,0.10598738709751843,0.09799450471038337,0.38553617023812387,0.4269359961671169,0.3582563545626087,0.40363803817609656,0.3582563545626087,0.4036380381760966,0.4874599118576975,0.5653529932871603
9,5,0.667793351724321,0.4086390849260929,0.5697911489856528,0.7683642307174592,64,1024,False,0.03784550332435084,0.03780391844690733,4.158487744350915e-05,0.031616917168262905,0.04313966359827397,0.03444485387623071,0.04676589798909947,7.174219578094239e-35,0.03780391844690733,3.710556897523997e-07,0.03876954750317751,0.038769918558867245,9.570711096258774e-06,0.003954393948519818,0.0026240759438517208,0.0034523640541874,0.040515587654422244,0.005759108578870686,0.06313059917359073,-0.015713641479923428,0.02491481283526681,0.022714719882060308,0.046380710358789656,-9.155581938102841e-05,0.009145543444901705,0.03780391844690733,0.03784550332435084,7.174219578094239e-35,0.03780391844690733,0.031616917168262905,0.38553617023812387,0.40092396384985696,0.13623958963438698,0.15844472979973787,0.1354286671629266,0.15844472979973784,0.08673063352683105,0.10285197062907493
9,6,0.83831956450019,0.533965243680325,0.6821011469096443,0.8129629352873919,64,1024,False,0.016449241095864677,0.016438804049742423,1.0437046122260045e-05,0.011718472738630177,0.019152219481068496,0.011048931272438852,0.01886906965119366,4.273409409080142e-33,0.016438804049742427,5.320096988133396e-06,0.016373814230903973,0.016379134327892102,0.0003248094118792211,0.0016584430315926845,0.0015068600318483565,0.0014586428994405036,0.01764535944922014,-0.014049795874633944,0.03614765841951165,-0.01816355835281547,0.022002531844540676,0.0028514566001831554,0.019608033035183325,-0.0026273698604200035,0.006402462619007565,0.016438804049742423,0.016449241095864677,4.273409409080142e-33,0.016438804049742427,0.011718472738630177,0.34430431295058594,0.3090882218455631,0.11281749872935155,0.1262114584623475,0.12713587269748364,0.13542336411091482,0.03284357305132077,0.053968673364011364
9,7,0.898367896774464,0.636473487142209,0.7694207991217443,0.867486656536655,64,1024,False,0.016601068674631483,0.016589592591863975,1.1476082767485922e-05,0.01791931779759976,0.016147068944594268,0.01793361795735553,0.016193754376662116,1.4678070625858996e-34,0.016589592591863975,8.79127552971124e-09,0.016840693583530013,0.016840702374805536,5.220254674688267e-07,0.001632343267956273,0.00027965407211591253,0.00013903565521191334,0.015867414872478357,-0.007280218296758772,0.04314745421146983,-0.01761717433642267,0.021118155628348765,0.009950309839041438,0.02686223029741086,-0.0024931677762651816,0.005954047584964428,0.016589592591863975,0.016601068674631483,1.4678070625858996e-34,0.016589592591863975,0.01791931779759976,0.28975386000772607,0.3242708027861369,0.037471316760495574,0.04026445946948069,0.037471316760495574,0.04026445946948069,0.02349877988249547,0.02170157196659821
9,8,0.9746172456975436,0.8225242502219554,0.8993130620836238,0.9468825177887105,64,1024,False,0.004966360931466739,0.004963910699186198,2.450232280513383e-06,0.00556659424831166,0.004325641457603164,0.004509626993353571,0.0031949783731659628,1.5440935810173156e-33,0.004963910699186199,3.3976296808393375e-07,0.004896151753440427,0.0048964915164085064,6.938906499589815e-05,0.0005038866119030567,-0.0001659685615684726,-0.0001531266379605136,0.004491610019171637,-0.016511216616232772,0.025530470602939916,-0.017777064717440113,0.019044680297683792,-0.00044027940020896494,0.009541776300466154,-0.003384286224900279,0.004500395676586777,0.004963910699186198,0.004966360931466739,1.5440935810173156e-33,0.004963910699186199,0.00556659424831166,0.16742909246026993,0.18214386502499344,0.005831198028031087,0.006095801807750514,0.005831198028031087,0.006095801807750514,0.005831198028031087,0.006095801807750514
9,10,0.9655195721566272,0.8013213210022436,0.8874525115095802,0.9158969469457057,64,1024,False,0.010492148198174657,0.010492047544793942,1.0065338069114111e-07,0.007761695861659835,0.010123400026573016,0.0010214283182885151,0.002426675369562366,1.0111533657430283e-33,0.010492047544793942,2.0325254157237244e-05,0.010820249518767379,0.010840574772924588,0.001874924031519213,0.00031641831358902595,0.0014899371929832483,0.002424134101125712,0.008633462833589768,-0.02078193807802238,0.02282479471459941,-0.017249060565107187,0.019953475888331434,-0.004336543170211371,0.0066311327027506195,-0.00259674900007667,0.0053872229764238,0.010492047544793942,0.010492148198174657,1.0111533657430283e-33,0.010492047544793942,0.007761695861659835,0.16742909246026993,0.18194431033287087,0.008148480274245778,0.008535264686831722,0.008148480274245778,0.008535264686831722,0.008148480274245778,0.008535264686831722
9,11,0.6585561386126287,0.5695329153658725,0.7227484590219544,0.7713846121446809,64,1024,False,0.05309146210810587,0.05308572820402696,5.733904078691466e-06,0.051352971564186396,0.05026155838301507,0.02109485718046586,0.019433629762793603,8.645015041977178e-34,0.053085728204026975,0.00011996000408951075,0.053603485144170446,0.05372344514825996,0.0022329171883608456,0.0036530319093488165,0.0033941243295779588,0.005536941635484502,0.04686743405343711,-0.007658642513242178,0.049848356874173896,-0.014040064806826364,0.02543689712587847,0.009345576523628552,0.03316237614490092,0.0012994724020245485,0.010035412335128058,0.05308572820402696,0.05309146210810587,8.645015041977178e-34,0.053085728204026975,0.051352971564186396,0.38553617023812387,0.45007756011929106,0.11281749872935155,0.12192203409123628,0.04709888718119176,0.042844802798197135,0.08673063352683105,0.09300478058194316
10,0,0.5177530055520747,0.18622992085404996,0.3578402968582486,0.2028066571938313,64,1024,False,0.2241009022060911,0.22353244517937765,0.0005684570267145376,0.21628222122536575,0.22856464724361517,0.18063071390085528,0.19295663058778867,1.0927580133777404e-33,0.22353244517937765,1.4220454214320592e-06,0.2257573422414803,0.22575876428690186,6.2989599802419e-06,0.003451078256749438,0.003957553080867614,0.004958359846670943,0.22460709416274754,0.13000491879310044,0.2312565090086101,-0.016648833315080807,0.02482764328383415,0.1474269687096239,0.21330168403801508,-0.000823235313873738,0.008843129195156507,0.22353244517937765,0.2241009022060911,1.0927580133777404e-33,0.22353244517937765,0.21628222122536575,0.6627898182233776,0.7410054676703971,1.1326190125778277,2.0864412981393894,1.1326190125778277,2.0864412981393894,0.9920417007251314,1.294135184349015
10,1,0.5410870971337364,0.19525469583456934,0.3665392410324795,0.47408608163146326,64,1024,False,0.21576573449150502,0.21560318473720153,0.0001625497543049548,0.21764225500912843,0.21865364511102864,0.15798597216728597,0.15925572081462927,4.4750163708862196e-33,0.21560318473720153,5.554162215907969e-05,0.21884345374023012,0.21889899536238935,0.0002537317362609637,0.0033546161781735336,0.00392176665163896,0.004786268110611655,0.21473187845938968,0.11017997035118188,0.20579197398339005,-0.01713068587644676,0.02487105109573561,0.1276604742743075,0.18813224557379726,-0.0010701731371227652,0.008876410189259332,0.21560318473720153,0.21576573449150502,4.4750163708862196e-33,0.21560318473720153,0.21764225500912843,0.5518114551951953,0.6194380138233965,0.8602789080880454,1.1597352212325847,0.8602789080880454,1.1597352212325847,0.32659503395702055,0.3551934055101906
10,2,0.5206944771763995,0.21135633991619096,0.3807761512139728,0.44462322415176203,64,1024,False,0.08459417580283056,0.08440708675883646,0.00018708904399386114,0.08673154254721453,0.09051070009142335,0.08660715326523236,0.09096069230237509,9.424927268855953e-33,0.08440708675883646,2.6031138359996908e-08,0.08741354599777687,0.0874135720289149,2.977928684962818e-07,0.0032915626715357823,0.0039913159880601125,0.005110657860111645,0.08651938410336324,0.04936649681556927,0.12384780971489545,-0.01673662698550947,0.024567612482604757,0.06641351231519366,0.10655546456109732,-0.0009608072723494843,0.008618772801128216,0.08440708675883646,0.08459417580283056,9.424927268855953e-33,0.08440708675883646,0.08673154254721453,0.6627898182233776,0.7709378844832742,0.7445172346782355,0.9157895021263481,0.7445172346782355,0.9233375435025252,0.32659503395702055,0.3570096637286707
10,3,0.5475014575239174,0.23370938729664137,0.4055482722699453,0.21540496247183905,64,1024,False,0.10487423358560556,0.10479932784056818,7.490574503712427e-05,0.1034387360400171,0.11245186331581442,0.10468987524690694,0.11419581382934571,3.055350923151304e-33,0.10479932784056818,4.333758304546711e-06,0.10680734616430466,0.10681167992260966,4.0573824020806836e-05,0.004067298148278494,0.0028566749244142335,0.004198641555739452,0.10959518839140019,0.06654578494187767,0.14283396555193623,-0.01485161314330655,0.02541237915557074,0.08392299510887824,0.12581649742060108,0.0006230821090866812,0.009696609609818552,0.10479932784056818,0.10487423358560556,3.055350923151304e-33,0.10479932784056818,0.1034387360400171,0.5518114551951953,0.6244335019249654,0.5350753032743311,0.6727403213919351,0.5166276592310292,0.6727403213919351,0.9920417007251314,1.2170459879548974
10,4,0.6256155123273893,0.29876460950058403,0.46487728861682925,0.4395943797370199,64,1024,False,0.11442308750741761,0.11438042377451846,4.266373289908042e-05,0.11279901293216393,0.12297835990551478,0.11021467454694607,0.1209871778188956,3.4547596692766127e-34,0.11438042377451846,1.3586437471099478e-05,0.11644746407693124,0.11646105051440227,0.0001166607841084114,0.003998455682813996,0.001892533218127412,0.0027817181062172523,0.12108582668738738,0.06915126775980021,0.15127808133409193,-0.015167587683755486,0.024970537962260904,0.08673765586718218,0.13422865627217107,0.000301062740618363,0.009315341063484084,0.11438042377451846,0.11442308750741761,3.4547596692766127e-34,0.11438042377451846,0.11279901293216393,0.38553617023812387,0.4269359961671169,0.3582563545626087,0.40363803817609656,0.3582563545626087,0.4036380381760966,0.32659503395702055,0.3581640881011594
10,5,0.6886753620365003,0.37908651980890656,0.5389567197479259,0.8070903639456363,64,1024,False,0.03988106614332479,0.03983811648094388,4.2949662380700025e-05,0.03666899716827406,0.04234159556740333,0.039464565565050194,0.04599569267153764,4.530044233850247e-34,0.03983811648094388,3.5166505323725245e-06,0.041735263719464864,0.041738780369997244,8.425379230535377e-05,0.0028629770271722445,0.0014490904919112278,0.00208166578272647,0.0408925050754921,0.01061974960583622,0.06830938152426416,-0.016457085434836927,0.023033739956296054,0.027527369507879484,0.05146323140070308,-0.0011385701800463721,0.007598319949465804,0.03983811648094388,0.03988106614332479,4.530044233850247e-34,0.03983811648094388,0.03666899716827406,0.34430431295058594,0.2632429497388972,0.13623958963438698,0.18521317856982064,0.1354286671629266,0.18521317856982064,0.07889051655103163,0.09296435634528415
10,6,0.823351463142001,0.47358171319814746,0.6272575069147688,0.7455586298334599,64,1024,False,0.029957404415384286,0.029942546610381916,1.4857805002456842e-05,0.02640108845812979,0.030865623088087078,0.025852933862538407,0.0313912038196159,1.6374418218793663e-33,0.02994254661038192,2.1152779208996962e-06,0.02988210641144093,0.029884221689361817,7.078243304735933e-05,0.0012533423569764492,0.0009070952283216796,0.001201637926079844,0.029958527859765396,-0.00212742436816293,0.05383329209323974,-0.017888622635879942,0.02122617967330274,0.014996063182479702,0.037279933283571154,-0.0026660321018425748,0.005929569066211116,0.029942546610381916,0.029957404415384286,1.6374418218793663e-33,0.02994254661038192,0.02640108845812979,0.34430431295058594,0.3090882218455631,0.11281749872935155,0.1262114584623475,0.12713587269748364,0.13542336411091482,0.08673063352683105,0.09137136776288499
10,7,0.8691853909368116,0.5488207821485769,0.6971023408761963,0.7983018629424996,64,1024,False,0.028960351402617244,0.028943991025537182,1.6360377080051323e-05,0.03204337730389949,0.028805396958291426,0.031983746694223984,0.029169453548430847,1.1285761695939623e-34,0.028943991025537182,2.5523503171997337e-05,0.03028029057190153,0.030305814075073555,0.000842198236575019,0.0017425159588270562,0.00020957611502857887,0.0004834963523874632,0.028595820843262846,0.004354257163028688,0.05961323622541928,-0.016996502058679173,0.021265434603697387,0.02166276847856352,0.04327648409525864,-0.002055746612313669,0.0062323053207364865,0.028943991025537182,0.028960351402617244,1.1285761695939623e-34,0.028943991025537182,0.03204337730389949,0.34430431295058594,0.32757192925891093,0.11281749872935155,0.11357990751538716,0.12713587269748364,0.1296796726262329,0.07889051655103163,0.07577222869916021
10,8,0.9365960709674165,0.6766047987313253,0.8007218457276927,0.872591748071416,64,1024,False,0.020000498501172113,0.01999338962810352,7.108873068624444e-06,0.022333724440015093,0.019084335274354037,0.02163129737948671,0.01908587839565195,4.93346262702483e-34,0.01999338962810352,2.6052133781637593e-05,0.02075218611642712,0.020778238250208726,0.001253818224043893,0.0010346599755281514,0.0002369601621676718,0.0008502622484721555,0.018847375112186364,-0.0038258298847487805,0.047088424643722204,-0.017027804083609672,0.02034478198018567,0.01324696974188555,0.030661563723697327,-0.002449649815389421,0.0055727283615851775,0.01999338962810352,0.020000498501172113,4.93346262702483e-34,0.01999338962810352,0.022333724440015093,0.28975386000772607,0.32370800101185454,0.020908778436906927,0.021186433828759916,0.020908778436906927,0.021186433828759916,0.02349877988249547,0.022711980395187067
10,9,0.9655195721566272,0.8013213210022436,0.8874525115095802,0.9158969469457057,64,1024,False,0.006883712134770607,0.006878907696870114,4.804437900478531e-06,0.008535264686831722,0.006749252303581179,0.01000097104644701,0.00870176718020886,5.036226891854444e-34,0.006878907696870113,1.588586331458475e-05,0.007138346624788637,0.007154232488103192,0.0022204846349348343,0.000992448122360667,0.00024148991452576282,0.0006679273073452491,0.006507762389055417,-0.011209176534594585,0.031211118627488606,-0.016848674170301683,0.019372446173534355,0.004897990816971287,0.015105260295968037,-0.002655464479175862,0.00510414109157864,0.006878907696870114,0.006883712134770607,5.036226891854444e-34,0.006878907696870113,0.008535264686831722,0.16742909246026993,0.1994518043028657,0.008148480274245778,0.007761695861659835,0.008148480274245778,0.007761695861659835,0.008148480274245778,0.007761695861659835
10,11,0.6902768126222404,0.6815143839724105,0.8098589442830003,0.8505080714163502,64,1024,False,0.02490259147556301,0.02489713659332268,5.454882240257974e-06,0.022817886335920957,0.02282143744403219,0.014112358074585904,0.013136194580996213,1.1221965801512338e-36,0.02489713659332268,4.737153401335155e-05,0.025069588264569176,0.025116959798582503,0.0018860377367815432,0.0021982403456189945,0.001599747841604978,0.002877567164241663,0.02122168960242721,-0.011932248291014491,0.0401569644401863,-0.015613549467874606,0.02252774355395413,0.004807304474525154,0.023360165301710367,-0.0006817814937676303,0.007569491055619437,0.02489713659332268,0.02490259147556301,1.1221965801512338e-36,0.02489713659332268,0.022817886335920957,0.34430431295058594,0.35467484284138157,0.020908778436906927,0.020636048737047778,0.020908778436906927,0.020636048737047778,0.02349877988249547,0.023574434721003748
11,0,0.47385601563329033,0.17540652499457043,0.3467846094293205,0.08575543912944068,64,1024,False,0.06225986045846205,0.061675332080652935,0.0005845283778094095,0.0656514246895321,0.06150783440209844,0.06635133017082666,0.06259482466945775,9.446201898842269e-34,0.061675332080652914,4.434212939053109e-05,0.06139876915851867,0.06144311128790921,0.0007216778001809414,0.005106591369398888,0.0055907160598351905,0.0067053407798453495,0.055917118342263254,0.03072492338021736,0.10197773696143596,-0.01550091505233461,0.027120100201949802,0.04797371116728755,0.0850030384681304,0.0005744595036958344,0.010898558306507766,0.061675332080652935,0.06225986045846205,9.446201898842269e-34,0.061675332080652914,0.0656514246895321,0.6627898182233776,0.8892157523536078,1.1326190125778277,2.0864412981393894,1.1326190125778277,2.0864412981393894,0.9920417007251314,1.294135184349015
11,1,0.48639069212173364,0.19626848118863474,0.36786455771172,0.36507597071457787,64,1024,False,0.18584129268684535,0.18567240220950854,0.00016889047733666267,0.20509339022731612,0.1719560889647284,0.1616226605932496,0.13862288982292503,5.001652649653407e-33,0.1856724022095086,4.073303183125452e-05,0.185393791217779,0.18543452424961024,0.00021966261135075626,0.0034590503568575864,0.0033271456694474455,0.004167972780513651,0.16862894329528094,0.1135242801868299,0.20972104099966926,-0.017373366570591298,0.025293917356642312,0.1319486637148657,0.1929746449313825,-0.0012264873512322083,0.009110749779210892,0.18567240220950854,0.18584129268684535,5.001652649653407e-33,0.1856724022095086,0.20509339022731612,0.6627898182233776,0.7093175644279236,0.8602789080880454,1.1597352212325847,0.8602789080880454,1.1597352212325847,0.3829878553015586,0.4391916707327773
11,2,0.4793087560442283,0.20304826085489383,0.3745449514740912,0.3788721510563765,64,1024,False,0.15913956499415868,0.15894945901471583,0.0001901059794433402,0.16513654686502,0.15529267783266928,0.1453346878785939,0.13932961539662445,9.832987179945537e-33,0.15894945901471583,0.0001347492008954058,0.15542119492610568,0.1555559441270007,0.0008662426990600396,0.0035643707182231184,0.005067409064542437,0.006212399275078849,0.15022526876812684,0.09914668356361706,0.19152269219357076,-0.0169158130057293,0.02531067464895175,0.11723108204751043,0.1745871096791234,-0.0010212056658929214,0.00907009863294661,0.15894945901471583,0.15913956499415868,9.832987179945537e-33,0.15894945901471583,0.16513654686502,0.6627898182233776,0.7709378844832742,0.8602789080880454,0.9157895021263481,0.8602789080880454,0.9233375435025252,0.3829878553015586,0.4304713837022237
11,3,0.4957237559234518,0.2215872039177339,0.39470750743449934,0.22296144321583936,64,1024,False,0.13336321012187582,0.13328957230799732,7.36378138778473e-05,0.13024706406202968,0.1387534183677081,0.12735134387092403,0.13368455932757894,6.831166516633504e-34,0.13328957230799732,5.458379873099825e-05,0.1339107517070483,0.13396533550577952,0.0004074471841907446,0.004525976148023966,0.003060909410923701,0.004672332376032598,0.1356925089567844,0.08512996167228079,0.16957272606956728,-0.01431684870311671,0.02634715025710197,0.10352675303875003,0.15323195007658796,0.0012865810858784243,0.010549062259087805,0.13328957230799732,0.13336321012187582,6.831166516633504e-34,0.13328957230799732,0.13024706406202968,0.6627898182233776,0.7107266732498186,0.7445172346782355,0.7917687862640975,0.7445172346782355,0.7917687862640975,0.9920417007251314,1.2170459879548974
11,4,0.5426743085904733,0.26503941624767957,0.4343403002961182,0.4137115999470936,64,1024,False,0.12968233144543442,0.12963999953122826,4.233191420616265e-05,0.12255577568369928,0.14021572679703911,0.11510158282440042,0.130411709459005,1.1993767728752884e-33,0.12963999953122826,1.8100103675276927e-05,0.13167775383026614,0.1316958539339413,0.0001374386750577277,0.003307775857665332,0.0015168871096027194,0.0028075160805192886,0.1386988396874364,0.07324004987369526,0.15696311577510558,-0.015681646314458467,0.02479672118596881,0.09113383891235571,0.14019217689929064,-0.00015367165906354785,0.009009509078168776,0.12963999953122826,0.12968233144543442,1.1993767728752884e-33,0.12963999953122826,0.12255577568369928,0.5518114551951953,0.5848311228499258,0.48035371491012047,0.46057416111937843,0.48035371491012047,0.442025007650113,0.35173531741339537,0.384475251946209
11,5,0.5723873369133278,0.32349875274989426,0.49066793606883846,0.7197629603350258,64,1024,False,0.11016197740329521,0.11011766781057747,4.4309592717745665e-05,0.10608493777249754,0.11390987358641039,0.0964224478474124,0.1038583265392547,9.222585168890492e-35,0.11011766781057747,2.386221298743778e-05,0.11310579144461133,0.11312965365759889,0.0002109280123817913,0.002627209545907037,0.0019937149800284045,0.0036778469872171243,0.11191615860638199,0.05739678898463277,0.13544810671019203,-0.01602142007031573,0.02419813758193189,0.0752898462160374,0.11893774865893647,-0.0005784567547379993,0.008469342552416492,0.11011766781057747,0.11016197740329521,9.222585168890492e-35,0.11011766781057747,0.10608493777249754,0.5518114551951953,0.5860981103815567,0.3582563545626087,0.3724373968300477,0.3582563545626087,0.3724373968300477,0.12190364580522779,0.12717654848280455
11,6,0.5962162369990482,0.38172990884347735,0.5425639584425475,0.661605905795916,64,1024,False,0.10360319293928207,0.10358738939175324,1.580354752809272e-05,0.10106718352288407,0.10327238402753176,0.07313451112657879,0.07567608504034502,2.4422180290320054e-33,0.10358738939175324,3.280925183180689e-05,0.10431034572066009,0.10434315497249204,0.00031443607240413984,0.002991672674895929,0.0010642673776296563,0.0034014896654326727,0.1022081166499021,0.03580591736019987,0.11046310489295771,-0.014793908300253546,0.024771295167976992,0.05383172462461516,0.09421711791947018,0.0005370621438487433,0.009309850160207134,0.10358738939175324,0.10360319293928207,2.4422180290320054e-33,0.10358738939175324,0.10106718352288407,0.38553617023812387,0.3090882218455631,0.13623958963438698,0.139246609789598,0.1354286671629266,0.139246609789598,0.22506954811502963,0.23634249035067922
11,7,0.6019833147036645,0.4236720106888523,0.5871045206110679,0.6973282862683458,64,1024,False,0.10814931795681622,0.10813148482921593,1.783312760031083e-05,0.11048576011155516,0.10934720566429192,0.08282428234591414,0.07980927304089623,4.142889302592988e-36,0.10813148482921593,7.999010217507576e-05,0.11030780783511158,0.11038779793728673,0.0007246281171449725,0.0037218577221565657,0.0019564615263453675,0.004349297705201305,0.10739074413794655,0.04522124688343512,0.12042731780839316,-0.01368217944942768,0.02607097410165999,0.06335654528811574,0.10426541401830036,0.0016874834836926311,0.010535424014960881,0.10813148482921593,0.10814931795681622,4.142889302592988e-36,0.10813148482921593,0.11048576011155516,0.38553617023812387,0.32757192925891093,0.13623958963438698,0.1330260693296639,0.12912236398953372,0.1296796726262329,0.12190364580522779,0.12570960770311868
11,8,0.6183201994062864,0.4986671163228394,0.6584750691566184,0.7341925051420904,64,1024,False,0.08080589810010066,0.08079647075442105,9.427345679241606e-06,0.08195756956851888,0.0805622913669817,0.061395869770445574,0.059563937306466794,9.868824755955364e-34,0.08079647075442105,7.308888401622012e-05,0.08193674025645205,0.08200982914046841,0.0008912210253606518,0.0032862123416655844,0.002497248759096237,0.0055580726105057465,0.07806504260788547,0.02751263451694272,0.09527910502394843,-0.013551849286235703,0.025789247392627838,0.04544537223409861,0.079199461855751,0.0016179897647816688,0.010296342028595973,0.08079647075442105,0.08080589810010066,9.868824755955364e-34,0.08079647075442105,0.08195756956851888,0.38553617023812387,0.40310608603315584,0.11281749872935155,0.11462740464343714,0.12713587269748364,0.12138025638966166,0.08673063352683105,0.07208141475309866
11,9,0.6585561386126287,0.5695329153658725,0.7227484590219544,0.7713846121446809,64,1024,False,0.04074103499512274,0.040733955399054785,7.079596067830612e-06,0.042844802798197135,0.0420672288551819,0.03648943371690854,0.03580346791903928,1.5925266479167444e-34,0.040733955399054785,6.182646610591417e-05,0.04133627548361906,0.04139810194972494,0.001493461371272481,0.003285304552751062,0.0023670808570733135,0.004818898539613436,0.03970014799810859,0.007407577916433712,0.06557128951738336,-0.014082707378936955,0.025027667750129653,0.02491607123374706,0.04943527928116964,0.0010715546304709278,0.009667172009358183,0.040733955399054785,0.04074103499512274,1.5925266479167444e-34,0.040733955399054785,0.042844802798197135,0.38553617023812387,0.4130214565402815,0.11281749872935155,0.12201903596481545,0.04709888718119176,0.051352971564186396,0.08673063352683105,0.07801181831275744
11,10,0.6902768126222404,0.6815143839724105,0.8098589442830003,0.8505080714163502,64,1024,False,0.02041328003129988,0.02041138413302835,1.8958982714356251e-06,0.02249129454876689,0.021240595913209436,0.018535541257425722,0.017270162786090764,6.572249309734944e-35,0.020411384133028353,3.000352017394274e-05,0.020377086784897743,0.02040709030507169,0.0014702497869814438,0.0025621720022297972,0.002011444708722964,0.0038716092071831684,0.019229151204486473,-0.006811484763550743,0.04388256727840219,-0.01493550227132532,0.023936957475503548,0.010405860484752338,0.0277223832308664,0.00021715383627451956,0.008724146995518822,0.02041138413302835,0.02041328003129988,6.572249309734944e-35,0.020411384133028353,0.02249129454876689,0.34430431295058594,0.38165526114353376,0.020908778436906927,0.022575805387968023,0.020908778436906927,0.022575805387968023,0.02349877988249547,0.024574168497646036
