source,target,cka,cca_shared,procrustes_shared,probe_cosine,metric_rank,metric_examples,full_dim_cca_saturation_possible,train_raw,train_geometry,residual_correction,cal_raw,test_raw,cal_clipped,test_clipped,train_mean_term,train_variance_term,test_mean_term,test_variance_term,test_geometry,mean_fraction,aligned_cal_raw,aligned_test_raw,aligned_test_clipped,alignment_raw_reduction,bernstein_lo,bernstein_hi,bernstein_aligned_lo,bernstein_aligned_hi,betting_lo,betting_hi,betting_aligned_lo,betting_aligned_hi,prediction__training_geometry,prediction__direct_training,prediction__mean_only,prediction__variance_only,prediction__direct_calibration,prediction__cka_common,prediction__cka_held_target,prediction__cca_shared_common,prediction__cca_shared_held_target,prediction__procrustes_shared_common,prediction__procrustes_shared_held_target,prediction__probe_cosine_common,prediction__probe_cosine_held_target
0,1,0.966307371092636,0.4142076124673625,0.5755755905323103,0.5825869496021956,64,1024,False,0.05352894498693443,0.04963483500233145,0.003894109984603364,0.051649932028801214,0.049465909780170146,0.040790197826192046,0.03873927373951614,1.4337081647717326e-32,0.049634835002331436,1.5695089913006942e-05,0.05105813999350748,0.051073835083420525,0.00030730196562235145,0.016028743120441176,0.012658069540966946,0.012973688183504977,0.0368078402392032,0.008412834063470861,0.07316756158891323,-0.007237781568788234,0.03968525382453457,0.025683719730295707,0.05651828814734472,0.009430629645066801,0.02293701564485673,0.04963483500233145,0.05352894498693443,1.4337081647717326e-32,0.049634835002331436,0.051649932028801214,0.07669169300480083,0.06170674183324802,0.08438439264394396,0.08656669001828682,0.08438439264394396,0.08656669001828682,0.11651743229390502,0.10481776010435172
0,2,0.9589660133372904,0.341959042103236,0.5050693778317084,0.26239548731994244,64,1024,False,0.19727767920037764,0.18825251199514342,0.009025167205234063,0.19267402835291456,0.19399754798268912,0.13185589065464434,0.1399452173906447,8.347879167680883e-33,0.1882525119951434,4.891328426987295e-05,0.18610523879172028,0.18615415207599,0.00026275688038323236,0.023569271065958436,0.022687222105384028,0.023078328620281075,0.1713103258773051,0.08683445356622313,0.17687732774306555,-0.0006619429757817805,0.04832788367953837,0.10413427295861766,0.15919970708637265,0.016055989362939727,0.03156174229661701,0.18825251199514342,0.19727767920037764,8.347879167680883e-33,0.1882525119951434,0.19267402835291456,0.13178832196431672,0.12625325774717147,0.19628531636895674,0.20330389288355466,0.1962853163689567,0.20330389288355466,0.2706868487994164,0.2744017450111546
0,3,0.9282360632175386,0.27199607688097227,0.44086202544392383,0.06398784698927786,64,1024,False,0.3168486778343828,0.31180935786863156,0.0050393199657506,0.3160514123055825,0.3080816090035543,0.24197278609429232,0.24162016865278604,9.634806934342817e-34,0.31180935786863156,5.956751564201993e-05,0.29902576038728834,0.2990853279029308,0.00019916562293337498,0.03235898692397043,0.03136624978523561,0.03290322475506049,0.2767153592183187,0.1902419991214209,0.2937035730671637,0.008285692762602128,0.05970779134299653,0.2079928992970963,0.2760503961108043,0.024909579289669637,0.04275047052942682,0.31180935786863156,0.3168486778343828,9.634806934342817e-34,0.31180935786863156,0.3160514123055825,0.13389018054295138,0.1317906579932828,0.24250185087058146,0.2551080813689751,0.24250185087058146,0.2551080813689751,0.49581114831077955,0.6755708843159767
0,4,0.872013197841299,0.24029569527224767,0.4113587451192397,0.15068849777493562,64,1024,False,0.3823198782632124,0.3788504882207313,0.0034693900424808107,0.3829137535672703,0.37205991047995346,0.21913557907421527,0.22025184425875094,1.7536771861333607e-32,0.37885048822073114,4.446046278405865e-05,0.36839233590311893,0.3684367963659031,0.00012067324225646545,0.02870588775659129,0.026480919383221092,0.028281612553417632,0.34557899109673235,0.16662231987795567,0.27164883827047487,0.005308542972617063,0.05565271983626011,0.18452115975378547,0.2540442676472594,0.021885586727876216,0.038717823088518344,0.3788504882207313,0.3823198782632124,1.7536771861333607e-32,0.37885048822073114,0.3829137535672703,0.13389018054295138,0.12690311465131945,0.2542821493837718,0.24802335802965292,0.24329802768721734,0.2424217642519697,0.2706868487994164,0.26534271047713764
0,5,0.8446249177177283,0.22878176385957216,0.4009960390106294,0.27904743117180647,64,1024,False,0.6652732960245455,0.661261570956596,0.004011725067945324,0.6994052029248339,0.6620981802621856,0.23048250925006095,0.2274978317155737,1.694999679504954e-32,0.6612615709565962,6.888064748564727e-05,0.662681869065915,0.662750749713401,0.00010393145162858574,0.03687576410238047,0.03837319518494168,0.04161928404703181,0.6237249850772439,0.1762080941672229,0.284756924332899,0.013009011152874839,0.06576636212398777,0.19424326012085658,0.26717495858611073,0.029658331950486172,0.04881825170741649,0.661261570956596,0.6652732960245455,1.694999679504954e-32,0.6612615709565962,0.6994052029248339,0.13389018054295138,0.12772567244277305,0.25780447742545176,0.24199093175853412,0.25935342674376666,0.2390415471143296,0.2706868487994164,0.22424164724664827
0,6,0.6812622142768097,0.20806850811985228,0.37907079018324297,0.21749639876800414,64,1024,False,0.6785768359449464,0.6765053961497871,0.002071439795157639,0.6817289348214951,0.6848673668521036,0.20140215053629887,0.20018247223453584,8.247590067892254e-33,0.6765053961497873,0.00021279469588070135,0.6786526069588017,0.6788654016546826,0.0003134563867329673,0.04492830935516932,0.04544820276303509,0.04957642460563538,0.6394191640890685,0.1493341903444303,0.25347011072816744,0.021073327313315415,0.07531397726707284,0.16752985260245623,0.2362217264890205,0.037548925407463685,0.05823310925916303,0.6765053961497871,0.6785768359449464,8.247590067892254e-33,0.6765053961497873,0.6817289348214951,0.167631291150833,0.1332279173804906,0.25780447742545176,0.24629479225351902,0.25935342674376666,0.24719382162340953,0.2706868487994164,0.24824646527634772
0,7,0.590308351071524,0.19995420703188915,0.3690950170779488,0.32814781239837815,64,1024,False,0.5472756086216207,0.5455780072807371,0.0016976013408855223,0.5422866410703034,0.5354285196405325,0.1916203527985035,0.18822107248400682,7.729185386238603e-33,0.5455780072807371,0.00012448129596530195,0.5316568639416507,0.5317813452376151,0.00023408360800937866,0.05108782228344746,0.049361452765874975,0.053417744873582154,0.4860670668746575,0.14123890931793764,0.24200179627906937,0.027959717858176844,0.08184182478072204,0.15937650360137923,0.22482151105214143,0.04447389421693515,0.06478449040878331,0.5455780072807371,0.5472756086216207,7.729185386238603e-33,0.5455780072807371,0.5422866410703034,0.20442603900510403,0.13429224360195874,0.25780447742545176,0.2417773483426044,0.25935342674376666,0.2417773483426044,0.22406389018122788,0.1963772189459709
0,8,0.5246571998994634,0.19226460567782994,0.36096688541812433,0.34349150163166037,64,1024,False,0.5933102667968494,0.5923228300674787,0.0009874367293696347,0.5671438356021419,0.5904436514230209,0.18763323218641054,0.19198307881484375,7.17421957809424e-33,0.5923228300674788,9.216811564867376e-05,0.5886953226463326,0.588787490761981,0.0001565388482173664,0.06279620543431456,0.05838291047362134,0.0636435661494254,0.5320607409493996,0.13788500434685613,0.23738146002596494,0.04070388509197921,0.09426379954887752,0.15616817664704286,0.22043092633248307,0.057126069921650924,0.07715307868784294,0.5923228300674787,0.5933102667968494,7.17421957809424e-33,0.5923228300674788,0.5671438356021419,0.2378569270874255,0.1866361816507911,0.25780447742545176,0.23912232070021958,0.25935342674376666,0.23912232070021958,0.22406389018122788,0.1958533450516862
0,9,0.4818255834737263,0.18911984679433308,0.3584330267744405,0.3427877322572424,64,1024,False,0.3824979033402697,0.38159392521098023,0.0009039781292913034,0.36137796704685704,0.39635324581761877,0.15864308424250873,0.16712155156608294,6.583504765318268e-33,0.3815939252109803,1.8963714749298584e-05,0.3979353483739726,0.39795431208872273,4.7652994761546096e-05,0.0675153487702831,0.06388776956437849,0.06820198975781526,0.3324654762532403,0.11190482595397802,0.20538134253103943,0.044276619270821396,0.09857101810812384,0.12997254051151685,0.18845622679509688,0.06069599807233317,0.0814125408869586,0.38159392521098023,0.3824979033402697,6.583504765318268e-33,0.3815939252109803,0.36137796704685704,0.2378569270874255,0.2067716274763561,0.25780447742545176,0.24344384016612028,0.25935342674376666,0.2459461644122525,0.22406389018122788,0.2048455842259522
0,10,0.5177530055520747,0.18622992085404996,0.3578402968582486,0.33519130009229825,64,1024,False,0.2622098592519077,0.2615936556374088,0.000616203614500078,0.24518620382095957,0.2755643629212146,0.11018797660395387,0.12258681194784496,1.0393505256876381e-32,0.26159365563740883,3.279011082560904e-05,0.2728064899217453,0.27283928003257135,0.00012018104879068213,0.06846140581159842,0.06570712133934614,0.07007089713001825,0.20985724158186847,0.06783024581109093,0.1525457073968168,0.04555286662967044,0.09955754497414966,0.08590091236692388,0.1359992393918219,0.06189331198402215,0.08233655049116351,0.2615936556374088,0.2622098592519077,1.0393505256876381e-32,0.26159365563740883,0.24518620382095957,0.2378569270874255,0.2352768777484956,0.25780447742545176,0.25565421122486215,0.25935342674376666,0.25745879998192345,0.22406389018122788,0.22314552871863086
0,11,0.47385601563329033,0.17540652499457043,0.3467846094293205,0.2031119315577689,64,1024,False,0.23152034599514837,0.23015480844791114,0.0013655375472363689,0.20676861378644848,0.23597785748179842,0.07891926290476495,0.09627137778653781,1.707308040988873e-32,0.23015480844791106,7.944194005694578e-06,0.22891030273567423,0.22891824692968005,3.470319256872042e-05,0.06658433692285205,0.06475886861894048,0.07002208477189531,0.17121898886285794,0.03965707677197271,0.11818144903755719,0.044908514411566174,0.09866251520758484,0.057546849122445565,0.10169827713252744,0.061164027254562825,0.08139753706927877,0.23015480844791114,0.23152034599514837,1.707308040988873e-32,0.23015480844791106,0.20676861378644848,0.2378569270874255,0.23818273899322948,0.25780447742545176,0.26052191690294524,0.25935342674376666,0.2620932461717976,0.2706868487994164,0.2738596772141918
1,0,0.966307371092636,0.4142076124673625,0.5755755905323103,0.5825869496021956,64,1024,False,0.10429704057100166,0.09704612760902152,0.007250912961979798,0.09607469296458682,0.10964171778023882,0.09436630840704563,0.10810619427699131,1.8891295831586755e-32,0.09704612760902152,3.5913123146914554e-05,0.09478274584224124,0.09481865896538834,0.0003787558644973446,0.0029398608351810427,0.005989973043544793,0.006051737214446117,0.10365174473669403,0.05337618880916415,0.13535642800492712,-0.018131831929408246,0.024152161889332245,0.07071273547626333,0.11801293970347615,-0.0020504547865130007,0.008074672914517578,0.09704612760902152,0.10429704057100166,1.8891295831586755e-32,0.09704612760902152,0.09607469296458682,0.07669169300480083,0.07480844779488574,0.08438439264394396,0.08360503928923443,0.08438439264394396,0.08360503928923443,0.11651743229390502,0.11943782362666476
1,2,0.9838555287116615,0.5810918828942706,0.7214466455711469,0.73090744208428,64,1024,False,0.21260157566556748,0.20887027822897763,0.0037312974365906774,0.2213019491346889,0.20386061029338115,0.14374552172598784,0.13877127285683125,4.3283364036032543e-32,0.20887027822897772,0.00013337920725255337,0.20231176171021736,0.2024451409174697,0.0006588412379180181,0.011617564002633049,0.013297309171720452,0.013614013009902493,0.1905633011216607,0.09792591567866421,0.18956512777331147,-0.01070503964583261,0.034398418832533084,0.11611496993282344,0.17270557524898322,0.0057664447303977795,0.01780217042687582,0.20887027822897763,0.21260157566556748,4.3283364036032543e-32,0.20887027822897772,0.2213019491346889,0.07669169300480083,0.06656982862263724,0.0656529146594287,0.05527631236107802,0.07080895692286131,0.061121984131307816,0.11651743229390502,0.11292290475333376
1,3,0.954444040898897,0.33862837563974457,0.5088760939934134,0.3894649357983526,64,1024,False,0.31166747815974394,0.30896384540252136,0.002703632757223094,0.3163509315414292,0.2918156779669697,0.17043070289590842,0.16148504604215788,8.957962394531689e-35,0.30896384540252136,0.00040492119356168234,0.29780633658164873,0.2982112577752101,0.001357833358078351,0.025076372396912586,0.02446389197766872,0.025971420360410287,0.267351785989301,0.12149738114084674,0.2193640246509701,0.0016318555050820228,0.051764249890003916,0.13990559631201904,0.2025333067358588,0.01822447632730473,0.03479423428507289,0.30896384540252136,0.31166747815974394,8.957962394531689e-35,0.30896384540252136,0.3163509315414292,0.13178832196431672,0.1248182505942842,0.19628531636895674,0.19657199779772513,0.1962853163689567,0.15089265074531288,0.20572876892162242,0.19567220868345817
1,4,0.8897148111335961,0.2721030864683319,0.44133842178331684,0.38945676471479057,64,1024,False,0.18165965694548666,0.1796533390281595,0.002006317917327256,0.17939297453987096,0.1648556980902001,0.09933655909875799,0.09277359901188059,2.5788870146039684e-32,0.1796533390281595,0.00011131390634719824,0.16940412729844845,0.1695154412047961,0.0006566593907673399,0.02213298144821007,0.020263594082905376,0.022010197641910943,0.14459210400729472,0.0573433199410881,0.14132979825642789,-0.000852011798687817,0.04849303103373147,0.07528897824522574,0.12459690473042428,0.015645320134353824,0.031523560304776765,0.1796533390281595,0.18165965694548666,2.5788870146039684e-32,0.1796533390281595,0.17939297453987096,0.13389018054295138,0.12690311465131945,0.22309096521407365,0.23765696210547457,0.22309096521407365,0.23765696210547457,0.20572876892162242,0.21813640307853258
1,5,0.8558346950343473,0.24835295931053428,0.4179692048223774,0.4983233235831209,64,1024,False,0.1773390501017155,0.17482539164001737,0.0025136584616978143,0.17257827613377968,0.16824554661283034,0.09890702635078939,0.09908024939501527,4.437958910849617e-33,0.17482539164001742,0.00010118412862931991,0.16754388692194017,0.1676450710505695,0.0006035616078375373,0.0315090059339947,0.03346990946382526,0.03665162963302089,0.1347756371490051,0.05737923771238572,0.14043481498919308,0.007625789600445368,0.06035373511506155,0.07538768590893596,0.12385855368484044,0.024205721347243525,0.0433667534525739,0.17482539164001737,0.1773390501017155,4.437958910849617e-33,0.17482539164001742,0.17257827613377968,0.13389018054295138,0.12772567244277305,0.24250185087058146,0.24199093175853412,0.24250185087058146,0.2390415471143296,0.1624987435508229,0.15241921096786612
1,6,0.7028013481179222,0.22060894564947342,0.38933904476298675,0.44232649226301035,64,1024,False,0.2612454562674266,0.26029225955183877,0.0009531967155869598,0.24890643171335516,0.2574154001200616,0.11081895095302106,0.10870417836826556,2.2349792281088164e-32,0.26029225955183866,3.0045856663339222e-05,0.2588340413835408,0.2588640872402045,0.00011606807643216709,0.03829216969732356,0.03837659959282847,0.042485414639076687,0.21903880052723312,0.06693773180872059,0.15470017009732154,0.014766783292628878,0.06832673937650144,0.0850308809458511,0.13800317658024142,0.031264197183190845,0.05127669913781574,0.26029225955183877,0.2612454562674266,2.2349792281088164e-32,0.26029225955183866,0.24890643171335516,0.13389018054295138,0.1332279173804906,0.25780447742545176,0.24629479225351902,0.25935342674376666,0.24719382162340953,0.19425732166221313,0.18703890063869988
1,7,0.6215242144393245,0.21056810227909728,0.37977804167595164,0.4108106272176559,64,1024,False,0.4927285625729951,0.4913013150908141,0.0014272474821834032,0.5182447025974096,0.46913109251892476,0.17690851121615211,0.1644289369819446,1.051559889557591e-33,0.4913013150908141,9.755329757941432e-05,0.47261801373198836,0.47271556702956796,0.00020636785497125896,0.04421937194011923,0.04259120234726475,0.04664612952019718,0.42653989017166,0.12755048918458617,0.22626653324771806,0.02147155481831887,0.0745889832445001,0.14583381982083665,0.20933735772996442,0.038006008478987496,0.0575774466706207,0.4913013150908141,0.4927285625729951,1.051559889557591e-33,0.4913013150908141,0.5182447025974096,0.167631291150833,0.13429224360195874,0.25780447742545176,0.2417773483426044,0.25935342674376666,0.2417773483426044,0.20572876892162242,0.18132202949357754
1,8,0.551179852905598,0.2035275615528369,0.3734671812137244,0.4370754407242066,64,1024,False,0.34675028367992544,0.34605131781480425,0.000698965865120788,0.35531693778269197,0.34252750876566357,0.1441942705033057,0.13781605388460913,7.767461724538565e-33,0.34605131781480425,7.066434885643934e-05,0.34032952067265976,0.34040018502151664,0.00020759198133800267,0.053756041993183054,0.05079189502939656,0.05605250554681488,0.291735613736267,0.0984002751025709,0.18998826590404047,0.032240415554704846,0.08464692178119963,0.11678327716799686,0.17345026069233427,0.048650805474608205,0.06758245339733548,0.34605131781480425,0.34675028367992544,7.767461724538565e-33,0.34605131781480425,0.35531693778269197,0.20442603900510403,0.17069321565562903,0.25780447742545176,0.23912232070021958,0.25935342674376666,0.23912232070021958,0.19425732166221313,0.17998232070263723
1,9,0.5085639538532949,0.19847035644160074,0.3687000883281578,0.43241688596636185,64,1024,False,0.3737791234215625,0.37313046171407216,0.0006486617074888351,0.3852383386283257,0.38971549685917856,0.15657077359394958,0.1580092227358078,3.196557602964848e-33,0.37313046171407216,6.38931001125539e-05,0.38861633046038613,0.38868022356049853,0.00016438474673926616,0.05766542696961632,0.0555343526390978,0.0598485728325348,0.3341811442200808,0.10987763758918187,0.2032639095987173,0.03504641897306583,0.08810137480454548,0.12813615593040595,0.18651249185495544,0.051394446585618425,0.07094034285546513,0.37313046171407216,0.3737791234215625,3.196557602964848e-33,0.37313046171407216,0.3852383386283257,0.2378569270874255,0.2067716274763561,0.25780447742545176,0.24344384016612028,0.25935342674376666,0.2459461644122525,0.19425732166221313,0.1795664742032814
1,10,0.5410870971337364,0.19525469583456934,0.3665392410324795,0.4891988284052354,64,1024,False,0.32445037977066615,0.32432861848880074,0.00012176128186299718,0.32768886903408945,0.34375904442681415,0.13275539386711788,0.13638239894944243,5.7695810917542974e-33,0.3243286184888008,1.8359871754450254e-06,0.3414800267560432,0.3414818627432193,5.376529109616619e-06,0.05933861647650675,0.057306260736694155,0.06166992515566406,0.28645278369012,0.08794419814644001,0.17756658958779575,0.03708752619259795,0.08977730674103904,0.10613027894578408,0.1609106411706307,0.053358169352577534,0.07253547404980054,0.32432861848880074,0.32445037977066615,5.7695810917542974e-33,0.3243286184888008,0.32768886903408945,0.2378569270874255,0.19304793648429616,0.25780447742545176,0.25565421122486215,0.25935342674376666,0.25745879998192345,0.19425732166221313,0.13921048637823819
1,11,0.48639069212173364,0.19626848118863474,0.36786455771172,0.3877750514157864,64,1024,False,0.3233360150746869,0.32264329252273055,0.0006927225519559915,0.3135668694871478,0.34846840452306843,0.12315075718064782,0.12922901378931548,2.5674606808863296e-33,0.32264329252273055,4.566861508457349e-06,0.33502830796906985,0.33503287483057853,1.3631084742853211e-05,0.05406661298520333,0.05368553290016219,0.05894825764921512,0.29478287162290623,0.07908591109293109,0.16721560326836454,0.03329064997232889,0.08524480979074368,0.09722900736232987,0.15057479962706566,0.049408082843001466,0.0679106969255372,0.32264329252273055,0.3233360150746869,2.5674606808863296e-33,0.32264329252273055,0.3135668694871478,0.2378569270874255,0.23818273899322948,0.25780447742545176,0.26052191690294524,0.25935342674376666,0.2620932461717976,0.20572876892162242,0.20453450578416332
2,0,0.9589660133372904,0.341959042103236,0.5050693778317084,0.26239548731994244,64,1024,False,0.7940383798705395,0.7825507057457187,0.011487674124818926,0.7598996351773374,0.7855914736439888,0.2617691728300084,0.27937944453070707,1.4261850544245243e-32,0.7825507057457187,0.00026259094226849684,0.7628089017883247,0.7630714927305914,0.0003441236434201411,0.00604932342903791,0.006977905966439822,0.007054028859778068,0.7786135676775491,0.20343778355393452,0.32010056210608223,-0.015615666319469666,0.027871590905890226,0.2211197367287241,0.3017857842569356,0.0007066213875077665,0.011576465818507131,0.7825507057457187,0.7940383798705395,1.4261850544245243e-32,0.7825507057457187,0.7598996351773374,0.13178832196431672,0.07480844779488574,0.19628531636895674,0.15871102844839802,0.1962853163689567,0.15871102844839804,0.2706868487994164,0.27665651924850204
2,1,0.9838555287116615,0.5810918828942706,0.7214466455711469,0.73090744208428,64,1024,False,0.27012337698761324,0.26747178418424555,0.0026515928033679368,0.25158296569632865,0.26651055728287,0.18129273221514253,0.19029085616574373,6.434223795406653e-33,0.2674717841842455,0.00017047689951873483,0.2577412342291292,0.25791171112864786,0.0006609893702488755,0.007459623178378707,0.006033985341956083,0.006296308063392168,0.2604765719409139,0.12966579401460668,0.23291967041567838,-0.013383499526534283,0.028579745512677612,0.1471723036156618,0.2149269712390378,0.002648975125339348,0.012573902211443055,0.26747178418424555,0.27012337698761324,6.434223795406653e-33,0.2674717841842455,0.25158296569632865,0.07669169300480083,0.06170674183324802,0.0656529146594287,0.05325757792363537,0.07080895692286131,0.056796124622502143,0.11651743229390502,0.10481776010435172
2,3,0.9759741397509264,0.4618233517973007,0.6309592350537243,0.6051613611259535,64,1024,False,0.1410734212879841,0.14013177436905097,0.0009416469189331397,0.13209116151350017,0.13756058418737338,0.06495214968669691,0.0646476703495775,2.631000262926968e-32,0.14013177436905097,1.5051807813279579e-06,0.1429849685572214,0.14298647373800247,1.0526735445521488e-05,0.01581182559561919,0.015028236056914578,0.01643617312815217,0.1225323481304588,0.026896996525934136,0.10300730284745968,-0.0059920175313710605,0.04069899700859143,0.04447701610479271,0.08620093169156462,0.010584909738099668,0.023896402366517577,0.14013177436905097,0.1410734212879841,2.631000262926968e-32,0.14013177436905097,0.13209116151350017,0.07669169300480083,0.07165537768582818,0.08269562110502443,0.06667626807249238,0.07080895692286131,0.07028040879748221,0.11651743229390502,0.11429261383396284
2,4,0.9067511516040648,0.3479895061098014,0.5194758047957492,0.580956001442606,64,1024,False,0.23954629634249122,0.23895759436935987,0.0005887019731327331,0.2378890429782174,0.2418995484732356,0.08995886937949309,0.08959566050870965,2.5988344616565033e-32,0.23895759436935995,8.956492847900383e-06,0.241911002369442,0.2419199588622905,3.702254617610422e-05,0.01417009585270475,0.012513288795365873,0.01410199388690819,0.22938625967786974,0.047760729253233075,0.1321570095057531,-0.007155189820794855,0.03864182906805673,0.06528243889624719,0.11492811408243142,0.009247520516510122,0.021854212558537256,0.23895759436935987,0.23954629634249122,2.5988344616565033e-32,0.23895759436935995,0.2378890429782174,0.13389018054295138,0.12690311465131945,0.15338297353679625,0.1466448104426866,0.15338297353679625,0.1466448104426866,0.12446755225961836,0.11122404027184614
2,5,0.8670611245560549,0.3016508439735479,0.4723654153219169,0.548975394665519,64,1024,False,0.19893830365087092,0.19700501888624353,0.001933284764628411,0.19442496130454578,0.20396404589322148,0.09522491896106752,0.10447785871903709,1.562893487321592e-32,0.19700501888624358,2.4470605823813454e-07,0.2011765087346686,0.20117675344072708,1.2163734330777563e-06,0.025989432647872464,0.02649374869968417,0.029534642862028282,0.1774702971935373,0.05285334093657406,0.13759649698556098,0.00282439416861786,0.053916656255107276,0.0705020493187476,0.12048974863864714,0.019522114256687928,0.037075291758810636,0.19700501888624353,0.19893830365087092,1.562893487321592e-32,0.19700501888624358,0.19442496130454578,0.13389018054295138,0.12772567244277305,0.19628531636895674,0.20389378126091273,0.1962853163689567,0.20389378126091276,0.12446755225961836,0.11881173792289483
2,6,0.6981323620633418,0.25409775866260026,0.42342311321408305,0.4369370016961674,64,1024,False,0.23700223037241844,0.23611730360059638,0.0008849267718231934,0.22622926389323023,0.23983056455700208,0.09203139690371356,0.09350740976273221,2.565088066800057e-32,0.2361173036005964,2.300370318692777e-05,0.24300460650633723,0.24302761020952354,9.46546903337254e-05,0.03418764016905849,0.032642647303637,0.036711268133257445,0.20718791725336508,0.04980364411632839,0.13425914969109873,0.011061104104405216,0.06378957290272741,0.06785415997728705,0.11760291870450601,0.027562883391510695,0.04677048099983949,0.23611730360059638,0.23700223037241844,2.565088066800057e-32,0.2361173036005964,0.22622926389323023,0.13389018054295138,0.1332279173804906,0.24250185087058146,0.24430991609028718,0.24250185087058146,0.24390516072905924,0.19425732166221313,0.18703890063869988
2,7,0.6061940449626414,0.23655439050485144,0.40539631715304214,0.3539810954938324,64,1024,False,0.47521971292186793,0.4735410553953146,0.0016786575265515158,0.5035231833982367,0.46572942895562724,0.17409193378446522,0.15755373310592935,1.0082252588927798e-32,0.4735410553953146,0.00017955234876878025,0.4746835306882944,0.4748630830370617,0.0003781139346955019,0.04057118513287538,0.03741538320926629,0.041451434653769034,0.42831404574636095,0.12486799083803381,0.22331587673089665,0.01797806676213463,0.07076563774309579,0.14321814755385276,0.2064563754829578,0.034510011289967224,0.05374672369362088,0.4735410553953146,0.47521971292186793,1.0082252588927798e-32,0.4735410553953146,0.5035231833982367,0.167631291150833,0.13429224360195874,0.2542821493837718,0.23269132472810308,0.25935342674376666,0.23269132472810308,0.22406389018122788,0.1963772189459709
2,8,0.5341156486789864,0.22504759130491134,0.39405801581087696,0.3821992364368971,64,1024,False,0.5632617471551139,0.5623556386131503,0.0009061085419650988,0.588742460292601,0.5599145449122384,0.19555912186094795,0.18157431256517065,1.5706525005478445e-32,0.5623556386131504,0.00028624229114531893,0.5669213890632052,0.5672076313543517,0.0005046516924707854,0.04972177663530185,0.04590945065409245,0.051165373883954306,0.5140050942581459,0.14553334487313635,0.24558489884875956,0.02829117612387707,0.08051851664310641,0.16410733638622332,0.22888072975183604,0.04466497052635532,0.06341055195662193,0.5623556386131503,0.5632617471551139,1.5706525005478445e-32,0.5623556386131504,0.588742460292601,0.2378569270874255,0.1866361816507911,0.25780447742545176,0.23912232070021958,0.25935342674376666,0.23912232070021958,0.22406389018122788,0.1958533450516862
2,9,0.49071612968522543,0.2178408824531644,0.3873042576102208,0.36872712690815923,64,1024,False,0.4799755060130091,0.4790828284088381,0.0008926776041723993,0.5006981561591126,0.47775728766715625,0.18677013875009463,0.17381866896831139,1.366496299760218e-32,0.47908282840883815,9.688213011674202e-05,0.4824520344156258,0.4825489165457424,0.00020077162499971803,0.05349840962914954,0.05048257931888298,0.054796097607061396,0.42727470834827325,0.1378545687084815,0.23568570879170775,0.031073934571218945,0.08373981686769437,0.15636051103501813,0.2189710581151303,0.04740344829770038,0.06654824554425431,0.4790828284088381,0.4799755060130091,1.366496299760218e-32,0.47908282840883815,0.5006981561591126,0.2378569270874255,0.2067716274763561,0.25780447742545176,0.24344384016612028,0.25935342674376666,0.2459461644122525,0.22406389018122788,0.2048455842259522
2,10,0.5206944771763995,0.21135633991619096,0.3807761512139728,0.4762844782717474,64,1024,False,0.26919655614253873,0.2691015545626564,9.500157988362734e-05,0.27149714404076425,0.2722108906432834,0.13084736623147547,0.12644207836457405,1.0620632352588765e-32,0.2691015545626564,2.4293275407872804e-06,0.2733457801486134,0.2733482094761537,8.887299995280231e-06,0.05418261671895501,0.05166208416947884,0.0560230146520855,0.22054880647380457,0.08662139877194175,0.1750733336910092,0.03224094894614491,0.08431141449467419,0.10511817587394034,0.15877167089638533,0.04850706278375583,0.06706933993700659,0.2691015545626564,0.26919655614253873,1.0620632352588765e-32,0.2691015545626564,0.27149714404076425,0.2378569270874255,0.2352768777484956,0.25780447742545176,0.25565421122486215,0.25935342674376666,0.25745879998192345,0.19425732166221313,0.13921048637823819
2,11,0.4793087560442283,0.20304826085489383,0.3745449514740912,0.3984093756929223,64,1024,False,0.1543794203458007,0.1537977217437265,0.0005816986020741481,0.15277584763154314,0.16384416478631117,0.09134153159346338,0.0921229306371699,1.0619678910270185e-32,0.15379772174372655,2.2186889514007875e-06,0.16153699941815045,0.16153921810710173,1.373467680108356e-05,0.050096725578391954,0.048347017864347926,0.053600429481252425,0.11549714692196325,0.051624005887026966,0.1310590572998998,0.0297279539572838,0.08086635079282058,0.06981869262381224,0.1148891342090792,0.04587967366387602,0.06357225936517352,0.1537977217437265,0.1543794203458007,1.0619678910270185e-32,0.15379772174372655,0.15277584763154314,0.2378569270874255,0.23818273899322948,0.25780447742545176,0.26052191690294524,0.25935342674376666,0.2620932461717976,0.20572876892162242,0.20453450578416332
3,0,0.9282360632175386,0.27199607688097227,0.44086202544392383,0.06398784698927786,64,1024,False,0.710046026729742,0.6954864742111625,0.01455955251858623,0.6755708843159767,0.7056877979935582,0.25649336497841313,0.272554545253779,1.0188169405808478e-35,0.6954864742111625,0.00016139910355963128,0.6807229389178835,0.680884338021442,0.00023704334869654263,0.0023046519299231814,0.0034821084285246826,0.0034142688424492694,0.7022056895650335,0.1986049338037864,0.31438179615303985,-0.01923275990391654,0.023841219543023873,0.21625062951352447,0.29606445360695943,-0.0029782112760585733,0.007633462962985504,0.6954864742111625,0.710046026729742,1.0188169405808478e-35,0.6954864742111625,0.6755708843159767,0.13389018054295138,0.09820115408618865,0.24250185087058146,0.20160768819186747,0.24250185087058146,0.20160768819186747,0.49581114831077955,0.3160514123055825
3,1,0.954444040898897,0.33862837563974457,0.5088760939934134,0.3894649357983526,64,1024,False,0.15755055518441746,0.14975083164238856,0.007799723542030096,0.14591200516234612,0.15521639392708897,0.12014762931251295,0.12874044363772918,3.196557602964848e-33,0.1497508316423885,1.876916963648125e-05,0.14501720445060498,0.14503597362024198,0.000129410443271308,0.0071842566826465755,0.008474319330823425,0.008657021753481837,0.14674207459626554,0.07567439984574911,0.1646208587792768,-0.014703582739611917,0.029315830108062626,0.09313360619853484,0.14715746361616766,0.0016989741925499402,0.012916812411276624,0.14975083164238856,0.15755055518441746,3.196557602964848e-33,0.1497508316423885,0.14591200516234612,0.13178832196431672,0.13050435076449587,0.19628531636895674,0.1996435371160641,0.1962853163689567,0.19964353711606408,0.20572876892162242,0.22744402222643748
3,2,0.9759741397509264,0.4618233517973007,0.6309592350537243,0.6051613611259535,64,1024,False,0.031083153406191315,0.024068660188629618,0.007014493217561547,0.033300080696548676,0.03302528774348428,0.03328159241587034,0.03279656091744592,5.726005311455668e-33,0.02406866018862962,1.1445261995855195e-05,0.025527821084496548,0.025539266346492413,0.00044814372662772665,0.004429404289647005,0.006125824301936558,0.006020417898619925,0.026899463441547724,0.004958473687297453,0.06160471114444322,-0.016881673227347984,0.02553623501324957,0.02202763110108208,0.04494039159908425,-0.0009113033229368739,0.009270691138226539,0.024068660188629618,0.031083153406191315,5.726005311455668e-33,0.02406866018862962,0.033300080696548676,0.07669169300480083,0.06656982862263724,0.08269562110502443,0.08719067316568256,0.07080895692286131,0.06673696996619917,0.11651743229390502,0.11292290475333376
3,4,0.9406512669162845,0.5469102575742707,0.7003633413480419,0.7750605376741797,64,1024,False,0.05038835036604728,0.04968765489391832,0.0007006954721291652,0.04781570148675372,0.053342487726330795,0.03880155878199172,0.043726254650675686,5.5762157191607935e-33,0.04968765489391832,5.468134203802192e-05,0.048304265948661544,0.048358947290699686,0.001130738882906538,0.00428617544767214,0.004368947570646323,0.004742454899522132,0.048973540155684475,0.0067852697128594,0.07081784785112405,-0.01592651319155638,0.025367006365123148,0.023568805801915005,0.0535328159967321,-0.00012424099259078503,0.009438231958483811,0.04968765489391832,0.05038835036604728,5.5762157191607935e-33,0.04968765489391832,0.04781570148675372,0.13178832196431672,0.12690311465131945,0.0656529146594287,0.0668420622042737,0.07080895692286131,0.07234184061860181,0.060363458425139585,0.0614348514185725
3,5,0.8926434337876622,0.4085602577619564,0.57012019746051,0.29686783498390684,64,1024,False,0.09170068145226201,0.08700777120352736,0.004692910248734965,0.09725659118265076,0.09791080112648225,0.0858356318018135,0.08588183917972324,3.3065505917249635e-33,0.08700777120352737,8.997937159439442e-07,0.08934354275117136,0.08934444254488715,1.0071065309875125e-05,0.016680195913911174,0.01819681522175119,0.020304083660349154,0.07971398590473106,0.04823450812463617,0.12343675547899083,-0.006315389245360868,0.042850957237567995,0.06604317192250164,0.10702112778380979,0.010349474876420572,0.026063091710966546,0.08700777120352736,0.09170068145226201,3.3065505917249635e-33,0.08700777120352737,0.09725659118265076,0.13389018054295138,0.12772567244277305,0.08438439264394396,0.0943377007888395,0.08438439264394396,0.09363074062561365,0.22406389018122788,0.22424164724664827
3,6,0.7271707642118127,0.3063342419569656,0.474288440927721,0.1897345507604307,64,1024,False,0.20727864768607235,0.20465939453149604,0.002619253154576923,0.2149767489664498,0.21899423120162798,0.15310772327725133,0.15134893120448528,3.2755014713852804e-33,0.2046593945314961,2.6610151064334625e-07,0.21519978028292433,0.21520004638443507,1.2365309167637464e-06,0.02185767646724038,0.02051134135424545,0.024208250204179157,0.19848288984738252,0.10738820593837282,0.19882724061612983,6.019204945317824e-05,0.04966800774474643,0.1254564689588733,0.1819804091574042,0.016526233179320116,0.032729130136431195,0.20465939453149604,0.20727864768607235,3.2755014713852804e-33,0.2046593945314961,0.2149767489664498,0.13389018054295138,0.1332279173804906,0.19628531636895674,0.1950392208624572,0.1962853163689567,0.19503922086245717,0.2706868487994164,0.24824646527634772
3,7,0.6388809311536977,0.2759970345509497,0.4462465604241206,0.15569572120459577,64,1024,False,0.3913041189291624,0.38814689353895515,0.0031572253902070074,0.4302345970305621,0.4082168672793539,0.22045429027032803,0.20728001572698634,4.397987197818833e-33,0.3881468935389552,0.00011004321602717323,0.40517190623196553,0.40528194944799345,0.0002715226182095094,0.026727781069194732,0.023499335731814768,0.02735432790101346,0.3847175315475391,0.16905962287786572,0.2718489576627904,0.005585290844269005,0.055189478796598135,0.18732649044977734,0.2547444696392631,0.022123523165646475,0.03825471795425983,0.38814689353895515,0.3913041189291624,4.397987197818833e-33,0.3881468935389552,0.4302345970305621,0.167631291150833,0.13429224360195874,0.22309096521407365,0.18961549082784424,0.22309096521407365,0.1896154908278442,0.2706868487994164,0.2624511001778931
3,8,0.5589108808807404,0.25247411060088343,0.42313953221131184,0.17067720216065516,64,1024,False,0.3656215220285215,0.36330725437362554,0.0023142676548979914,0.3908633737222661,0.37635180860001616,0.2323853792255056,0.22164363904589807,5.449477925092199e-33,0.36330725437362554,6.688777582762897e-05,0.37847223894321125,0.3785391267190386,0.00017669976788760013,0.03400803539705044,0.02957595613838123,0.03469896467015468,0.34677585246163495,0.18157854229374215,0.283192216157269,0.013905640172599116,0.06337499606661677,0.19985608162824064,0.26613718332373537,0.030320333418785594,0.04637489660672145,0.36330725437362554,0.3656215220285215,5.449477925092199e-33,0.36330725437362554,0.3908633737222661,0.20442603900510403,0.17069321565562903,0.24250185087058146,0.22601723722039427,0.24250185087058146,0.22601723722039427,0.2706868487994164,0.26476705449014587
3,9,0.5159001686019578,0.23990220695721712,0.41076352701062524,0.1138133299951924,64,1024,False,0.3671401191393664,0.3647612014586779,0.0023789176806918865,0.38798983795893455,0.37328509971967666,0.24102570883763724,0.23323385061472915,1.8333469824881983e-33,0.3647612014586779,1.519662019654037e-05,0.37167392133196964,0.3716891179521659,4.088529758489211e-05,0.03687307229069268,0.03288785754647683,0.03713548554848698,0.34039724217319983,0.19015664133408514,0.2918947763411893,0.016006432192258384,0.06553786679112011,0.2084414605560596,0.2748229762146366,0.032340444515284617,0.04843188549421029,0.3647612014586779,0.3671401191393664,1.8333469824881983e-33,0.3647612014586779,0.38798983795893455,0.2378569270874255,0.2067716274763561,0.2542821493837718,0.23847969571379196,0.24329802768721734,0.23312112245801225,0.2706868487994164,0.26510099217277266
3,10,0.5475014575239174,0.23370938729664137,0.4055482722699453,0.1911485171944728,64,1024,False,0.2914807985473016,0.2898952887505664,0.0015855097967338644,0.3003538071600413,0.29915535917349384,0.21828100830934674,0.21978255710122907,4.8045587127987545e-33,0.2898952887505664,1.7221390738392762e-05,0.2969384972949719,0.2969557186857096,5.799312710532255e-05,0.03605236841043599,0.033046767145352984,0.03734222973126108,0.26610859202814086,0.1697152030056655,0.266846813613028,0.015753858557442373,0.06448947082385872,0.18788420358032454,0.24984381697140634,0.03208652636385523,0.04742228840768803,0.2898952887505664,0.2914807985473016,4.8045587127987545e-33,0.2898952887505664,0.3003538071600413,0.20442603900510403,0.19304793648429616,0.2542821493837718,0.24770048398716188,0.24329802768721734,0.2389635245112718,0.2706868487994164,0.2692741364965295
3,11,0.4957237559234518,0.2215872039177339,0.39470750743449934,0.19010906434283392,64,1024,False,0.25327616832341515,0.25157022171990057,0.0017059466035132683,0.2711485155168769,0.2587607905227304,0.21714201118718754,0.21076262939257814,8.217369915948885e-33,0.25157022171990057,1.6606237497850847e-05,0.25630301218101104,0.25631961841850914,6.478722776005698e-05,0.03258126329411366,0.030431729131660812,0.03558562017271144,0.22832906139106957,0.16968108080245187,0.2646029415719232,0.01369922045306943,0.061711100012250525,0.18766422447515652,0.24754167724313447,0.029996844896231778,0.04463105325703509,0.25157022171990057,0.25327616832341515,8.217369915948885e-33,0.25157022171990057,0.2711485155168769,0.2378569270874255,0.23818273899322948,0.25780447742545176,0.26052191690294524,0.25935342674376666,0.2620932461717976,0.2706868487994164,0.2738596772141918
4,0,0.872013197841299,0.24029569527224767,0.4113587451192397,0.15068849777493562,64,1024,False,0.16013032394053017,0.14633747833917254,0.013792845601356617,0.16627241137133156,0.1615025779854308,0.12714891145782586,0.12176746490998755,2.172195263082019e-33,0.14633747833917252,9.892895768100911e-06,0.1475564550913156,0.14756634798708343,6.704032391563178e-05,0.005828405148649923,0.007224787199228223,0.007254008432943269,0.15427779078620257,0.08287817283185477,0.17141965008379695,-0.016266328067112548,0.02803675350230607,0.10078965731372591,0.1544236429836019,0.00019965277169831097,0.011637675037491135,0.14633747833917254,0.16013032394053017,2.172195263082019e-33,0.14633747833917252,0.16627241137133156,0.13389018054295138,0.13129890818050874,0.2542821493837718,0.2668549690998347,0.24329802768721734,0.2587031509503945,0.2706868487994164,0.2989783207203614
4,1,0.8897148111335961,0.2721030864683319,0.44133842178331684,0.38945676471479057,64,1024,False,0.20596661869865104,0.19788995298975395,0.008076665708895661,0.19907565778347452,0.20046107776821273,0.12614160376411554,0.12592822947372423,3.577903421278322e-33,0.19788995298975393,3.509022234539165e-05,0.19611173636187126,0.1961468265842163,0.00017889773164556165,0.008319483502605866,0.009806299177560474,0.010090778883221458,0.19065477859065225,0.0816557843359044,0.17062742319232668,-0.013946345421716333,0.030918265070200734,0.09922393459419254,0.15330587084463332,0.0026756307343021035,0.014501844154438004,0.19788995298975395,0.20596661869865104,3.577903421278322e-33,0.19788995298975393,0.19907565778347452,0.13389018054295138,0.13231325309443787,0.22309096521407365,0.23109606769094002,0.22309096521407365,0.23109606769094002,0.20572876892162242,0.22744402222643748
4,2,0.9067511516040648,0.3479895061098014,0.5194758047957492,0.580956001442606,64,1024,False,0.06427419853417103,0.05658842059277515,0.007685777941395678,0.0688769040953751,0.060666688996434175,0.05659022042009099,0.04875740758408876,1.2750289862795205e-33,0.05658842059277515,8.645965452155536e-06,0.05849539926512219,0.058504045230574585,0.0001477840620777638,0.005691123624947711,0.009075823485313246,0.00915656738267171,0.05159086551112093,0.023289582865284902,0.08989085797489708,-0.01590296532957629,0.02749252269056734,0.040710101049626246,0.07325238393241307,0.00036825154529651627,0.011167960445163772,0.05658842059277515,0.06427419853417103,1.2750289862795205e-33,0.05658842059277515,0.0688769040953751,0.13389018054295138,0.1358977962918832,0.15338297353679625,0.20330389288355466,0.15338297353679625,0.20330389288355466,0.12446755225961836,0.13542668154676113
4,3,0.9406512669162845,0.5469102575742707,0.7003633413480419,0.7750605376741797,64,1024,False,0.014768383145233262,0.013151938645755841,0.0016164444994774714,0.016926426087529735,0.012161497534320909,0.016436416747234204,0.011546493192391791,2.1900727823537063e-33,0.013151938645755843,1.997311643441152e-05,0.013254115132388267,0.013274088248822662,0.0015046695531938342,0.0057477512402317275,0.007033998509620023,0.007871174684281277,0.005127499024700886,-0.008464861626555891,0.041337695121024295,-0.01448885345416407,0.028022665892264396,0.008838873902277555,0.02514890852762619,0.0016908815450733528,0.011936146336665843,0.013151938645755841,0.014768383145233262,2.1900727823537063e-33,0.013151938645755843,0.016926426087529735,0.13178832196431672,0.1248182505942842,0.0656529146594287,0.06667626807249238,0.07080895692286131,0.07028040879748221,0.060363458425139585,0.0642429673639565
4,5,0.9713900887781952,0.6489281338763528,0.7787207509632684,0.5109531040153084,64,1024,False,0.07419377699708223,0.0705327769586764,0.0036610000384058416,0.0771334005615851,0.07809633726620575,0.07030586237886927,0.07140773245007791,1.5570266232285025e-35,0.0705327769586764,2.1691301385864653e-05,0.071377337061856,0.07139902836324173,0.0003038038735696851,0.016652769727754386,0.018921709747001157,0.02085621484621008,0.059174627519204596,0.034822097960227144,0.10578962679751139,-0.006760692852933202,0.04278755191162079,0.052288982369645964,0.08910733440279728,0.00994299619924277,0.026058435483719222,0.0705327769586764,0.07419377699708223,1.5570266232285025e-35,0.0705327769586764,0.0771334005615851,0.07669169300480083,0.0766515377723659,0.029102320366013693,0.02134793557545551,0.029102320366013693,0.02134793557545551,0.12446755225961836,0.11881173792289483
4,6,0.8147278048193365,0.43067617539057895,0.5909841356409963,0.3248975144237835,64,1024,False,0.13547794030814012,0.13331389459152435,0.0021640457166169163,0.13798273655983237,0.14594882118445796,0.105376759991644,0.11374768873867305,1.066071557696333e-34,0.13331389459152435,9.386895167761131e-06,0.14048777675293284,0.14049716364810047,6.681199053435867e-05,0.025419058781052637,0.024956879166495003,0.028609899276844746,0.12099194201796296,0.064471654429875,0.146281865553413,0.0026708714113679415,0.05416782003016146,0.08242630329914391,0.12966352342482423,0.019232711791119073,0.03723178824293427,0.13331389459152435,0.13547794030814012,1.066071557696333e-34,0.13331389459152435,0.13798273655983237,0.13389018054295138,0.1332279173804906,0.08438439264394396,0.08063423223813845,0.08438439264394396,0.08033974811429759,0.22406389018122788,0.22780654903433203
4,7,0.7268976784221708,0.3740441592322497,0.5371305438793541,0.333149582905706,64,1024,False,0.20865719512289935,0.20616810741587654,0.002489087707024295,0.2244127167899981,0.22192767690871207,0.15623036454463313,0.1570340593059753,2.7273093942467645e-34,0.20616810741587654,0.0001595881229171294,0.21717407801147987,0.21733366613439617,0.0007343000546378409,0.0316602521645596,0.028688905107363577,0.032503755699673134,0.1932387718013485,0.1110600506207251,0.20140067846854115,0.009555812678124644,0.06108736296648611,0.12910197464225348,0.18455014482606202,0.026140498644963372,0.04411345973494463,0.20616810741587654,0.20865719512289935,2.7273093942467645e-34,0.20616810741587654,0.2244127167899981,0.13389018054295138,0.13429224360195874,0.13653267347813489,0.08140453352392961,0.13653267347813489,0.08124314757629275,0.22406389018122788,0.1963772189459709
4,8,0.6383494344081855,0.3360130097021456,0.502587872549748,0.33241626812772285,64,1024,False,0.21685177353602367,0.21506885479937377,0.001782918736648516,0.22723190880855118,0.22328328789869023,0.16807790058720526,0.16520602069848142,2.8497685797995466e-35,0.21506885479937377,9.989506993881597e-05,0.224670482436549,0.22477037750648712,0.0004444316508563629,0.03926516409191241,0.03607516476605469,0.04119706797910174,0.18720812313263555,0.1228362114103149,0.21331958976409562,0.01834653780667413,0.06942858786361794,0.1409942248428706,0.19656234562717145,0.03484509984991746,0.05241144377941964,0.21506885479937377,0.21685177353602367,2.8497685797995466e-35,0.21506885479937377,0.22723190880855118,0.167631291150833,0.1693033084866488,0.19628531636895674,0.19422221020631708,0.1962853163689567,0.1942222102063171,0.22406389018122788,0.1958533450516862
4,9,0.5966634691124606,0.31299312585758354,0.47954238602222077,0.29409564826785817,64,1024,False,0.2185496248838203,0.21675922149993737,0.0017904033838823758,0.2242981887465468,0.2233248619518058,0.18003487348995284,0.17813362644705966,2.9042715412568415e-34,0.21675922149993737,5.782915722048947e-05,0.22171403962021513,0.22177186877743557,0.0002607596605434447,0.04227347572141757,0.039048022655605946,0.043300152545109084,0.18427683929619984,0.13442198278867093,0.22564776419123475,0.020632376747273414,0.07171713781592312,0.15250602420564974,0.20877065307286102,0.037027187216153834,0.05459098538267426,0.21675922149993737,0.2185496248838203,2.9042715412568415e-34,0.21675922149993737,0.2242981887465468,0.167631291150833,0.17227273627451223,0.19628531636895674,0.19441779154378402,0.1962853163689567,0.19441779154378405,0.22406389018122788,0.2048455842259522
4,10,0.6256155123273893,0.29876460950058403,0.46487728861682925,0.42265941646377975,64,1024,False,0.18298522015528795,0.18203015836409683,0.000955061791192566,0.18000836228292671,0.18726612477245286,0.1548445309845112,0.1589370791070277,4.0679064300915116e-36,0.18203015836409683,1.2931973170557096e-06,0.18538607156391368,0.18538736476123055,6.975649709036436e-06,0.041495232377560747,0.03897361211488185,0.04325262279441842,0.148292512657571,0.11169806120230974,0.19799100076671267,0.020386997153326744,0.07074763892188837,0.12965865095611662,0.18121593182877405,0.03681616960238898,0.05369061000965303,0.18203015836409683,0.18298522015528795,4.0679064300915116e-36,0.18203015836409683,0.18000836228292671,0.167631291150833,0.1670931576233507,0.19628531636895674,0.19737044664135875,0.1962853163689567,0.19737044664135875,0.19425732166221313,0.19166766923213535
4,11,0.5426743085904733,0.26503941624767957,0.4343403002961182,0.38587942034911404,64,1024,False,0.1599225687297655,0.1587304447906468,0.0011921239391189287,0.16159195788330816,0.161530899200475,0.15207215871819013,0.15112336981673982,5.741505313009453e-35,0.1587304447906468,8.580675367231574e-06,0.15997190437658582,0.15998048505195253,5.363576291473963e-05,0.03830459717226627,0.036489895039961896,0.04165532527715535,0.12504100416051311,0.10973427461849534,0.19441004281788493,0.01871177311939213,0.06824716975932169,0.12745633554732194,0.17748813585058087,0.035038789254031144,0.05114617318031378,0.1587304447906468,0.1599225687297655,5.741505313009453e-35,0.1587304447906468,0.16159195788330816,0.20442603900510403,0.21623446477179903,0.24250185087058146,0.2514918389802785,0.24250185087058146,0.24821431446305406,0.20572876892162242,0.20453450578416332
5,0,0.8446249177177283,0.22878176385957216,0.4009960390106294,0.27904743117180647,64,1024,False,0.10289397153543944,0.09077756156555783,0.012116409969881363,0.10152276075274028,0.10661616129113281,0.09670814527532853,0.10140165602517812,3.361238988471432e-33,0.0907775615655578,1.1898700506594086e-07,0.09029481646513361,0.09029493545213871,1.317759456498095e-06,0.002384424146932106,0.0037667761461353637,0.0037552067971794653,0.10284938514499745,0.05668301053935587,0.1367332800113012,-0.018572617314419802,0.023433289859680552,0.07413817929773359,0.11959644376474898,-0.0025063034263439476,0.007443101530952845,0.09077756156555783,0.10289397153543944,3.361238988471432e-33,0.0907775615655578,0.10152276075274028,0.13389018054295138,0.13129890818050874,0.25780447742545176,0.28063010034262187,0.25935342674376666,0.2816461640550547,0.2706868487994164,0.27665651924850204
5,1,0.8558346950343473,0.24835295931053428,0.4179692048223774,0.4983233235831209,64,1024,False,0.13744788156888718,0.13086836056260234,0.0065795210062849375,0.15241921096786612,0.1290675185265575,0.13849075576885184,0.116564743652916,1.5872906061275222e-33,0.13086836056260237,3.898984970641323e-05,0.130476885808322,0.13051587565802897,0.0002987364526333367,0.006859618383133097,0.007671270664889581,0.00785433113624109,0.12139624786166793,0.09406584389867968,0.182915667639024,-0.015039650115277487,0.029058864871335233,0.11196729920629878,0.16592698798922356,0.0014861933232168667,0.012772668153047562,0.13086836056260234,0.13744788156888718,1.5872906061275222e-33,0.13086836056260237,0.15241921096786612,0.13389018054295138,0.13231325309443787,0.24250185087058146,0.25251103308199424,0.24250185087058146,0.24882583092408347,0.1624987435508229,0.17257827613377968
5,2,0.8670611245560549,0.3016508439735479,0.4723654153219169,0.548975394665519,64,1024,False,0.12501089356954231,0.11785171968937472,0.007159173880167368,0.13622168327529055,0.12151485793210935,0.11811652646300998,0.10782181399088873,1.3289053571290196e-32,0.11785171968937475,7.793588027339594e-05,0.11513032502617847,0.11520826090645196,0.0006764782287329131,0.005087097947357371,0.006759467301506393,0.006886238958460338,0.11475539063060296,0.07568367431540288,0.16054937861061708,-0.016242502704209183,0.02660983332387607,0.09370152445626445,0.14380154042009963,-3.247818676754832e-05,0.010433308059873525,0.11785171968937472,0.12501089356954231,1.3289053571290196e-32,0.11785171968937475,0.13622168327529055,0.13389018054295138,0.1358977962918832,0.19628531636895674,0.20330389288355466,0.1962853163689567,0.20330389288355466,0.12446755225961836,0.13542668154676113
5,3,0.8926434337876622,0.4085602577619564,0.57012019746051,0.29686783498390684,64,1024,False,0.05857826577797461,0.05478902797461715,0.0037892378033574973,0.05464657921145298,0.06513199719666256,0.05554142376636517,0.06542215734516735,1.1503841484297395e-33,0.05478902797461715,3.6493667246885305e-05,0.054796994722831574,0.05483348839007858,0.0006655361225110086,0.00830080197855939,0.010624437539466415,0.01134652018249212,0.05450755965719614,0.02313489364871843,0.08794795388401191,-0.013139295625840063,0.03166821429577456,0.04075650995946489,0.07158074551989557,0.003473373522865586,0.01529763374128379,0.05478902797461715,0.05857826577797461,1.1503841484297395e-33,0.05478902797461715,0.05464657921145298,0.13389018054295138,0.1317906579932828,0.08438439264394396,0.08636691353944335,0.08438439264394396,0.08636691353944335,0.22406389018122788,0.23142986022339201
5,4,0.9713900887781952,0.6489281338763528,0.7787207509632684,0.5109531040153084,64,1024,False,0.03272053263864604,0.030887374945855393,0.0018331576927907598,0.03225932134269625,0.03419061317306993,0.030335743348158906,0.03286004393306415,1.2261325331457447e-32,0.03088737494585539,6.919814517060023e-06,0.030547157005108752,0.030554076819625867,0.00022647761730490914,0.006950086196756018,0.006773172240941658,0.006797406677648043,0.02741744093212827,0.0014766055425206315,0.05919488115379718,-0.01523343094669285,0.02909746282580803,0.01896317552018445,0.04294567001488758,0.0012865498283645138,0.012764000333845615,0.030887374945855393,0.03272053263864604,1.2261325331457447e-32,0.03088737494585539,0.03225932134269625,0.07669169300480083,0.08073099951953762,0.029102320366013693,0.02865132022648761,0.029102320366013693,0.02865132022648761,0.12446755225961836,0.13592668171380715
5,6,0.8723436890879817,0.608695702780155,0.7521349524451597,0.9019170671448669,64,1024,False,0.030526461394522347,0.031199929335512706,-0.0006734679409904346,0.029089412386924474,0.029763837823460836,0.006375322951571974,0.005465621121173343,6.367605878630299e-33,0.03119992933551272,2.1530012199228953e-07,0.03183312669804657,0.03183334199816863,6.763352776616283e-06,0.0062287562549530676,0.006271481685678769,0.00892334417564788,0.023492356137782066,-0.019429052986791175,0.032179698889935125,-0.012875998507184632,0.029881169970800175,-0.002301012420502957,0.015802134039404336,0.0031936476880218834,0.013604192950879224,0.031199929335512706,0.030526461394522347,6.367605878630299e-33,0.03119992933551272,0.029089412386924474,0.13389018054295138,0.1332279173804906,0.029102320366013693,0.03208138326670016,0.029102320366013693,0.03127901005411617,0.01899677882270205,0.01521784298262924
5,7,0.7922873099801778,0.5160872396261247,0.673929561926278,0.8305997536017076,64,1024,False,0.11480719392760069,0.11494539511697686,-0.00013820118937647393,0.12247898124045654,0.11071406572176008,0.06444481622057502,0.05396209246706895,3.077050568427709e-34,0.11494539511697686,8.309463422749744e-06,0.11718390282623835,0.11719221228966147,7.090457002562101e-05,0.010766689691091867,0.009383504723628576,0.012544930862326185,0.10133056099813151,0.028319286328440628,0.1005703461127094,-0.008128367548945374,0.035889305117428674,0.046280813359771855,0.08431511642265832,0.008194877140340395,0.01942016201792285,0.11494539511697686,0.11480719392760069,3.077050568427709e-34,0.11494539511697686,0.12247898124045654,0.13389018054295138,0.13429224360195874,0.0656529146594287,0.0640362731579198,0.07080895692286131,0.06992889288755709,0.060363458425139585,0.05225109355536986
5,8,0.7080005668628897,0.4464038705880621,0.6106044988966268,0.8175032121556378,64,1024,False,0.19405078380463942,0.19454886927109674,-0.0004980854664558312,0.19813970022286898,0.19772657145035671,0.08301236915667325,0.07778251335824535,2.284000765577655e-34,0.19454886927109674,7.166959017768537e-06,0.20155057957615813,0.20155774653517544,3.555784454316557e-05,0.018843938926427054,0.01608092777688357,0.020807852046645717,0.18164564367347313,0.04405144438249346,0.12197329393085303,0.00032471316227713,0.045861463486534804,0.062182266905438155,0.10570905337226577,0.01678465302393306,0.029128864414815325,0.19454886927109674,0.19405078380463942,2.284000765577655e-34,0.19454886927109674,0.19813970022286898,0.13389018054295138,0.13835866542969896,0.08438439264394396,0.06512920611784329,0.08438439264394396,0.06808944650787825,0.060363458425139585,0.051072266207779715
5,9,0.667793351724321,0.4086390849260929,0.5697911489856528,0.8009009018679889,64,1024,False,0.1424987545046356,0.1429457210835953,-0.00044696657895930094,0.1425301073555396,0.14454310079822463,0.06016455267303393,0.056464089775237675,4.360347336567046e-34,0.1429457210835953,3.7640655358314715e-07,0.14784205449784102,0.14784243090439453,2.545998136533337e-06,0.021729068680370982,0.019133428194762683,0.023155176358093305,0.12540967260346195,0.02456212344502861,0.09576698190103924,0.0026590003828476858,0.04829726785579464,0.0424311083406792,0.07946297464513918,0.019051007053349167,0.03148514022905147,0.1429457210835953,0.1424987545046356,4.360347336567046e-34,0.1429457210835953,0.1425301073555396,0.167631291150833,0.17227273627451223,0.08438439264394396,0.08076537747985958,0.08438439264394396,0.08050801166317093,0.060363458425139585,0.056588557158988986
5,10,0.6886753620365003,0.37908651980890656,0.5389567197479259,0.83465457065097,64,1024,False,0.12775158168963163,0.12843697599220982,-0.0006853943025782255,0.12446715336206318,0.12989635883374942,0.034558339913217065,0.035815237639704275,5.746359512438172e-34,0.12843697599220982,5.018715027846563e-05,0.13193403689871783,0.1319842240489966,0.0003802511295579888,0.021092492905126384,0.01973699566424067,0.023807029153282224,0.11015936316950875,0.0021927715295246702,0.06692390829690946,0.0023803301307363696,0.04762706045765598,0.01981290841649752,0.05059108341811225,0.018812801616149954,0.030941549499402754,0.12843697599220982,0.12775158168963163,5.746359512438172e-34,0.12843697599220982,0.12446715336206318,0.13389018054295138,0.1422937463407578,0.08438439264394396,0.08182790418535818,0.08438439264394396,0.08171220859606934,0.060363458425139585,0.03342454590404195
5,11,0.5723873369133278,0.32349875274989426,0.49066793606883846,0.7377702474287273,64,1024,False,0.1294592878221274,0.1296499792328738,-0.000190691410746802,0.12917586245994986,0.12693785483412715,0.03493926987372999,0.031868598462071164,4.971552759998003e-36,0.1296499792328738,9.344925131469092e-05,0.13256416677025545,0.1326576160215702,0.0007044393990880706,0.021572007260204078,0.020186775351477098,0.02502534933831594,0.10675107948265004,0.0013965731802435752,0.06848196656721642,0.0038222756251145157,0.04916885111189996,0.018943685085105244,0.05211744526604889,0.02018379304354312,0.03240097228263039,0.1296499792328738,0.1294592878221274,4.971552759998003e-36,0.1296499792328738,0.12917586245994986,0.20442603900510403,0.21623446477179903,0.19628531636895674,0.20075927996289047,0.1962853163689567,0.2007592799628905,0.09460278880232556,0.09162716294598329
6,0,0.6812622142768097,0.20806850811985228,0.37907079018324297,0.21749639876800414,64,1024,False,0.1136884041089368,0.10029005124260773,0.013398352866330022,0.10797964319988265,0.11866100721228139,0.10704343719835699,0.11725675887086938,8.356757303489102e-33,0.1002900512426077,4.434950603065456e-08,0.09924872560330848,0.09924876995281494,4.468519463942908e-07,-0.00031006183224182584,0.0019077731565061021,0.0018627948769786538,0.11675323405577528,0.06566507106055727,0.1484218033361567,-0.020999987297215306,0.020353754250279146,0.08292275731946575,0.13097761906101368,-0.005106346470711287,0.0044977712677791715,0.10029005124260773,0.1136884041089368,8.356757303489102e-33,0.1002900512426077,0.10797964319988265,0.167631291150833,0.17022484106174393,0.25780447742545176,0.2843710723050283,0.25935342674376666,0.2843710723050283,0.2706868487994164,0.27665651924850204
6,1,0.7028013481179222,0.22060894564947342,0.38933904476298675,0.44232649226301035,64,1024,False,0.1138817161135921,0.1058167483861489,0.008064967727442184,0.11798355316359373,0.11003218248307034,0.11697301765906805,0.10921035838842776,9.171567418408809e-33,0.10581674838614888,1.9275280437241437e-05,0.10128995679777124,0.10130923207820812,0.0001902618353908893,0.004579542793305595,0.00555636570006484,0.005646484977098046,0.10447581678300549,0.07601437136332574,0.15793166395481034,-0.0166053591453261,0.02607111249036781,0.09388205837603891,0.14116491620370653,-0.00043038054718635976,0.009929263964295387,0.1058167483861489,0.1138817161135921,9.171567418408809e-33,0.10581674838614888,0.11798355316359373,0.13389018054295138,0.13231325309443787,0.25780447742545176,0.279133664668908,0.25935342674376666,0.2803799492542198,0.19425732166221313,0.22744402222643748
6,2,0.6981323620633418,0.25409775866260026,0.42342311321408305,0.4369370016961674,64,1024,False,0.10883040926519434,0.09951573111676404,0.009314678148430351,0.11024447705412001,0.11062203781287773,0.10707550117299863,0.10824118882731736,2.1705125702655173e-32,0.09951573111676401,5.7543286293855343e-05,0.09440777436679221,0.09446531765308623,0.0006091472269767504,0.003838413045937108,0.005000138311026774,0.005222722889252955,0.10562189950185095,0.06678394990910541,0.14736705243689185,-0.016468690270105713,0.024472587487468004,0.08470073241915088,0.13069404666748596,-0.000723993536666967,0.008672909956658259,0.09951573111676404,0.10883040926519434,2.1705125702655173e-32,0.09951573111676401,0.11024447705412001,0.13389018054295138,0.1358977962918832,0.24250185087058146,0.2571971146279661,0.24250185087058146,0.25163747985166657,0.19425732166221313,0.21177751205965867
6,3,0.7271707642118127,0.3063342419569656,0.474288440927721,0.1897345507604307,64,1024,False,0.07903621055614285,0.074328197634135,0.004708012922007662,0.07220616119372691,0.08506526024426363,0.07116806789319373,0.08407557473148448,6.558380843349768e-33,0.07432819763413501,3.995520947167964e-05,0.07349684728328243,0.07353680249275386,0.0005433362359699652,0.007095522958762116,0.007090981741493145,0.008170751388413855,0.07797427850277049,0.03563976607347048,0.10669636971291697,-0.012823863932334745,0.029328127190004754,0.053549455253232736,0.09041195819736458,0.0031877189539954998,0.013238238374469802,0.074328197634135,0.07903621055614285,6.558380843349768e-33,0.07432819763413501,0.07220616119372691,0.13389018054295138,0.13337278246276152,0.19628531636895674,0.19657199779772513,0.1962853163689567,0.2004689203081389,0.2706868487994164,0.3259788983731616
6,4,0.8147278048193365,0.43067617539057895,0.5909841356409963,0.3248975144237835,64,1024,False,0.05455718602509908,0.05129600498419226,0.0032611810409068653,0.052944154213997764,0.05667629612404443,0.04959580197918257,0.05419292179352494,8.858497956546025e-34,0.05129600498419226,2.2535590247652492e-05,0.05031902208354781,0.05034155767379546,0.0004476538130520156,0.006122860505393864,0.004551077284066727,0.005333622260392075,0.0521252188399777,0.01694417346613438,0.08224743049223077,-0.01434412762584185,0.02811739895668562,0.034680429176660255,0.06601462790422374,0.001761778497893829,0.011991365048743319,0.05129600498419226,0.05455718602509908,8.858497956546025e-34,0.05129600498419226,0.052944154213997764,0.13389018054295138,0.13428149733311062,0.08438439264394396,0.0864804085392737,0.08438439264394396,0.0864804085392737,0.22406389018122788,0.2559169294971047
6,5,0.8723436890879817,0.608695702780155,0.7521349524451597,0.9019170671448669,64,1024,False,0.01782999688313332,0.01575216350171371,0.0020778333814196774,0.01521784298262924,0.02009908612268522,0.017005589913257124,0.022481478190834504,2.5126729760365627e-33,0.01575216350171372,6.253958554765507e-06,0.01619574366244395,0.016201997620998717,0.00038599922682743876,0.0025292800831181943,0.0018678352667988603,0.0023580227555121697,0.01823125085588636,-0.0075645855616787785,0.04157576538819303,-0.01689218327502913,0.022460439898932004,0.009268920803151559,0.02495379189349478,-0.0015514222177444026,0.007128956247470342,0.01575216350171371,0.01782999688313332,2.5126729760365627e-33,0.01575216350171372,0.01521784298262924,0.13389018054295138,0.12772567244277305,0.029102320366013693,0.029089412386924474,0.029102320366013693,0.025474504219176217,0.01899677882270205,0.019536626799855312
6,7,0.9529394647192299,0.7679479234925592,0.8655756662863452,0.8949828619966942,64,1024,False,0.030316226053663294,0.02970385886355732,0.0006123671901059719,0.03546477503075297,0.02624324889907374,0.031225962129946813,0.02255553338786425,2.1128314360041116e-33,0.029703858863557316,3.721474519981455e-07,0.028929316040588154,0.028929688188040127,1.2863859768526493e-05,0.002732236239586499,0.0016901294917701154,0.002972080492592904,0.024553119407303623,0.003006131333971273,0.05944579292592235,-0.015278099773438464,0.02343199463718388,0.02029730119102169,0.04304150761163328,-7.552103488706052e-05,0.008362603395653423,0.02970385886355732,0.030316226053663294,2.1128314360041116e-33,0.029703858863557316,0.03546477503075297,0.13178832196431672,0.13429224360195874,0.017151101701068365,0.007345366543889831,0.017151101701068365,0.007345366543889831,0.01899677882270205,0.01665142608880004
6,8,0.877058890936837,0.60914629706367,0.7501824215523454,0.8519524727918428,64,1024,False,0.033213980939775935,0.03296265130365778,0.00025132963611817756,0.036093249329620075,0.03193588413594371,0.027935493670775965,0.02185689503818778,1.415118198740888e-33,0.03296265130365779,4.121426334724682e-07,0.03331366519338087,0.03331407733601446,1.2371425728393745e-05,0.008120065513681345,0.006320911165295076,0.009667313568397513,0.025614972970648638,-8.236715571685246e-05,0.05595335449726878,-0.00949369727033668,0.032026932369391,0.017069366811483633,0.03940963414788712,0.006436912801291328,0.016125682290294208,0.03296265130365778,0.033213980939775935,1.415118198740888e-33,0.03296265130365779,0.036093249329620075,0.13389018054295138,0.13835866542969896,0.029102320366013693,0.028103616228355638,0.029102320366013693,0.028103616228355638,0.02355058958988996,0.01852016343338586
6,9,0.83831956450019,0.533965243680325,0.6821011469096443,0.8398497346116774,64,1024,False,0.03572193168423053,0.03548571417280741,0.00023621751142298623,0.037015296242319605,0.035336101040452574,0.027300990066580013,0.023503365336269365,3.359428924278059e-33,0.035485714172807395,3.739504819120146e-07,0.03543371676104395,0.03543409071152577,1.0553409849187365e-05,0.010661327778772224,0.009723496045923676,0.013024440953436871,0.025612604994528897,-0.0004804273734166052,0.05508240750657663,-0.007295685794421117,0.03481693816267235,0.016531075350940228,0.038427439489169046,0.008664373868668918,0.01868422721599927,0.03548571417280741,0.03572193168423053,3.359428924278059e-33,0.035485714172807395,0.037015296242319605,0.13389018054295138,0.13878975959926904,0.0656529146594287,0.0696311506110993,0.07080895692286131,0.07306186763489743,0.02355058958988996,0.019969465784103628
6,10,0.823351463142001,0.47358171319814746,0.6272575069147688,0.782418376911558,64,1024,False,0.04641170628042286,0.046249646282597895,0.00016205999782485135,0.04448103626763853,0.0465243618300359,0.023429391422787292,0.02347920016208197,7.005155509291933e-34,0.0462496462825979,2.8658285278304257e-05,0.04621114676812579,0.04623980505340398,0.0006197752184553069,0.01142986004846884,0.011415130529464357,0.0149014168573925,0.035109231300571545,-0.0048194836149305295,0.051678266460505114,-0.006303206755200257,0.03605930283158777,0.012382583801809233,0.03528482002730016,0.009758832064107992,0.01992500292544719,0.046249646282597895,0.04641170628042286,7.005155509291933e-34,0.0462496462825979,0.04448103626763853,0.13389018054295138,0.1422937463407578,0.0656529146594287,0.06948320641593993,0.07080895692286131,0.07537582614557718,0.060363458425139585,0.06173800280212844
6,11,0.5962162369990482,0.38172990884347735,0.5425639584425475,0.697534905111854,64,1024,False,0.05901655817934643,0.058489730280941996,0.0005268278984046637,0.05872760417368084,0.054322549684668216,0.029014122735134255,0.025487878864269134,2.6690013088006792e-33,0.058489730280941996,3.809376815855081e-05,0.05771914526100434,0.05775723902916302,0.0006595496737528667,0.014182035304701884,0.014193273558014304,0.018454389964404874,0.040129276126653915,-0.0011070022172225483,0.05913524768749106,-0.0029257577739641785,0.04032892446540431,0.016235098606557585,0.04281970531155821,0.013204241360654123,0.023928341193823144,0.058489730280941996,0.05901655817934643,2.6690013088006792e-33,0.058489730280941996,0.05872760417368084,0.167631291150833,0.19276152964173812,0.08438439264394396,0.08805193568391033,0.08438439264394396,0.08805193568391033,0.11651743229390502,0.12463208982578997
7,0,0.590308351071524,0.19995420703188915,0.3690950170779488,0.32814781239837815,64,1024,False,0.0823725149631901,0.07007883305597307,0.012293681907217179,0.08075339816289669,0.0864820431360964,0.07930823785171469,0.08521728195321841,5.539315217064853e-33,0.07007883305597308,2.7216656976827132e-05,0.06987505635100301,0.06990227300798012,0.00038935296100772076,-0.0013787004523401663,0.0005750939029255017,0.0005350064733911287,0.08590694923317091,0.0421864349993685,0.11643004070406088,-0.02187128659158946,0.019056637056469997,0.05966554577025818,0.09955968017311534,-0.006060665487893857,0.003326767931866925,0.07007883305597307,0.0823725149631901,5.539315217064853e-33,0.07007883305597308,0.08075339816289669,0.20442603900510403,0.21566900635439562,0.25780447742545176,0.2843710723050283,0.25935342674376666,0.2843710723050283,0.22406389018122788,0.2401993654363615
7,1,0.6215242144393245,0.21056810227909728,0.37977804167595164,0.4108106272176559,64,1024,False,0.07143118619526687,0.06333086141076845,0.008100324784498548,0.07112739643453429,0.07341320814411248,0.07070468734779013,0.07330035730525289,3.4030050151997645e-33,0.06333086141076844,9.038861893830212e-07,0.06055147505861764,0.060552378944806855,1.4927343981099541e-05,0.0038605833909949715,0.005185903210105609,0.005324580081604255,0.06822730493400687,0.03666661378113787,0.1047427609144424,-0.016952245059524397,0.024985642999118186,0.053990931482985616,0.0879510594313615,-0.000944823055760935,0.00897839201206807,0.06333086141076845,0.07143118619526687,3.4030050151997645e-33,0.06333086141076844,0.07112739643453429,0.167631291150833,0.1718271126602373,0.25780447742545176,0.2909014845068973,0.25935342674376666,0.29090148450689723,0.20572876892162242,0.22744402222643748
7,2,0.6061940449626414,0.23655439050485144,0.40539631715304214,0.3539810954938324,64,1024,False,0.07287404464103295,0.06311360825433411,0.009760436386698742,0.07094584554863377,0.07894989251899229,0.07113666213135385,0.07888854951775533,1.346776208737618e-32,0.0631136082543341,1.1040918439896075e-05,0.06032849104407699,0.060339531962516756,0.00018297984887842277,0.003805196193434162,0.004445743810465641,0.004695221095944477,0.07450414870852665,0.03650658142438698,0.10576674283832072,-0.01618936371022532,0.02414008737218227,0.0540300228385604,0.08913679568649968,-0.0005821388913318515,0.00852003813633928,0.06311360825433411,0.07287404464103295,1.346776208737618e-32,0.0631136082543341,0.07094584554863377,0.167631291150833,0.1718350061770156,0.2542821493837718,0.27928597164767693,0.25935342674376666,0.28419479439629713,0.22406389018122788,0.24321561898661231
7,3,0.6388809311536977,0.2759970345509497,0.4462465604241206,0.15569572120459577,64,1024,False,0.09297937025315568,0.08816305998872168,0.0048163102644341125,0.083660631502387,0.09989915904575251,0.0825793810502849,0.09852085783518362,1.3905154494647565e-33,0.08816305998872169,3.572891182110366e-05,0.08799419556913064,0.08802992448095166,0.000405872344339394,0.007330936923708003,0.006502952403086051,0.007582864529163566,0.09339620664266646,0.04560409428802603,0.11955466781254376,-0.012584097717189381,0.029419515249096896,0.06343902333901497,0.10310875222057803,0.003343275951920077,0.01330495208821958,0.08816305998872168,0.09297937025315568,1.3905154494647565e-33,0.08816305998872169,0.083660631502387,0.167631291150833,0.17128218939641765,0.22309096521407365,0.2551080813689751,0.22309096521407365,0.2551080813689751,0.2706868487994164,0.3425710339228575
7,4,0.7268976784221708,0.3740441592322497,0.5371305438793541,0.333149582905706,64,1024,False,0.054936192155701905,0.051794648512839735,0.0031415436428625957,0.04865263016627165,0.06168378361782059,0.048079455810339074,0.061604589375916785,3.63652585593997e-33,0.05179464851283975,2.0519154833279428e-08,0.052608933357157835,0.0526089538763129,3.900316071960166e-07,0.007169946142366004,0.004986107293621128,0.005870324426700598,0.05669767632419946,0.01599834470135284,0.0801605669193253,-0.013279243653028168,0.029334505085960694,0.03327931513194926,0.06349184797727503,0.0028596176780411042,0.013175630148907658,0.051794648512839735,0.054936192155701905,3.63652585593997e-33,0.05179464851283975,0.04865263016627165,0.13389018054295138,0.13428149733311062,0.13653267347813489,0.1466448104426866,0.13653267347813489,0.1466448104426866,0.22406389018122788,0.2559169294971047
7,5,0.7922873099801778,0.5160872396261247,0.673929561926278,0.8305997536017076,64,1024,False,0.021492145286082637,0.019325670892688114,0.0021664743933945243,0.017911966495312615,0.02551265391288816,0.019102744662755876,0.02725846764211957,1.043741095465865e-34,0.019325670892688114,5.590358853211969e-07,0.02018683764136937,0.020187396677254697,2.7692321811413514e-05,0.00429839769328099,0.0033382677152196533,0.0037514742972424384,0.022174386197668507,-0.006672835445562929,0.04487832477107468,-0.015916489010608506,0.024748973579670777,0.01025181329168845,0.028333867820037995,-0.00022792684467276558,0.009027896965562832,0.019325670892688114,0.021492145286082637,1.043741095465865e-34,0.019325670892688114,0.017911966495312615,0.13389018054295138,0.12772567244277305,0.0656529146594287,0.06883564453703643,0.07080895692286131,0.07433542295136455,0.060363458425139585,0.06985131829114609
7,6,0.9529394647192299,0.7679479234925592,0.8655756662863452,0.8949828619966942,64,1024,False,0.009203934011976828,0.0090406805818294,0.00016325343014744916,0.0071409858384228935,0.010262266069095811,0.0038667917822124225,0.007430612131645707,2.833739626601979e-33,0.0090406805818294,2.013593786426131e-06,0.008614791408215973,0.008616805002002405,0.00023368218103556997,0.0010665970127526625,0.0017923742683577618,0.0017577613870932564,0.008469891800738049,-0.018849900001781716,0.02658348356620656,-0.018064501766832226,0.02004180983289825,-0.0023378772093565203,0.009977269561204594,-0.0031942989662638865,0.005046381498686969,0.0090406805818294,0.009203934011976828,2.833739626601979e-33,0.0090406805818294,0.0071409858384228935,0.13178832196431672,0.1332279173804906,0.017151101701068365,0.01962863096119214,0.017151101701068365,0.01962863096119214,0.01899677882270205,0.02010519787472796
7,8,0.9309212018765403,0.7479626260878114,0.8536306331441623,0.9131638659861453,64,1024,False,0.016480946761275195,0.016614806060669816,-0.00013385929939450502,0.014133571799311828,0.016985876201308158,0.0053613044765105835,0.006759724983381574,1.6681258180004245e-34,0.016614806060669816,1.0406168225282215e-06,0.016890659984223688,0.01689170060104626,6.160521353686357e-05,0.003776383424697032,0.002665698784788781,0.005210471215746116,0.014320177416519378,-0.01819895900347522,0.028921567956496384,-0.013163790149389882,0.02551779726488993,-0.0016197900040424429,0.012147926092438865,0.002006465758313425,0.01043093463522382,0.016614806060669816,0.016480946761275195,1.6681258180004245e-34,0.016614806060669816,0.014133571799311828,0.13178832196431672,0.13835866542969896,0.017151101701068365,0.018156945001653876,0.017151101701068365,0.018156945001653876,0.012999322967548797,0.011865074135785766
7,9,0.898367896774464,0.636473487142209,0.7694207991217443,0.8937718427412421,64,1024,False,0.017874653641538025,0.017979077310380627,-0.00010442366884259828,0.015183586365607089,0.01910668873263065,0.005544941129998591,0.008224844297443608,1.0527398426368524e-34,0.017979077310380624,9.09505673529875e-07,0.018782164590247105,0.018783074095920584,4.842155596497416e-05,0.005897060414354241,0.005842148373614974,0.008541091689943322,0.013264540359015677,-0.018299705772583892,0.029389588032581078,-0.0114178639032754,0.028422844192361026,-0.0016313659652951173,0.01268187503592344,0.004047686205012724,0.012927083414979279,0.017979077310380627,0.017874653641538025,1.0527398426368524e-34,0.017979077310380624,0.015183586365607089,0.13389018054295138,0.13878975959926904,0.029102320366013693,0.031090710937500352,0.029102320366013693,0.031090710937500352,0.01899677882270205,0.01954152060228705
7,10,0.8691853909368116,0.5488207821485769,0.6971023408761963,0.8283264232650476,64,1024,False,0.037463919717267355,0.03755975365582427,-9.583393855703396e-05,0.03320070846006169,0.03856568741018047,0.009153161759565126,0.012844906386216924,4.167406176792821e-34,0.03755975365582428,2.487119007023379e-05,0.038791123381809484,0.038815994571879786,0.0006407459178761248,0.006845377110499845,0.007816084184906093,0.010818807007138647,0.030749603225274376,-0.016670197214411625,0.03497652073354188,-0.010355074346492861,0.030240306029811967,0.00040625958354212344,0.018590578074508812,0.0053495508909691125,0.014576073561329395,0.03755975365582427,0.037463919717267355,4.167406176792821e-34,0.03755975365582428,0.03320070846006169,0.13389018054295138,0.1422937463407578,0.0656529146594287,0.06948320641593993,0.07080895692286131,0.07537582614557718,0.060363458425139585,0.057283592278431474
7,11,0.6019833147036645,0.4236720106888523,0.5871045206110679,0.7309360255673035,64,1024,False,0.059501238263074026,0.059178868097335156,0.0003223701657386647,0.05869557855467798,0.05755326254757152,0.01753755674596487,0.015174236880913966,6.933347799794049e-37,0.059178868097335156,5.193549198083798e-05,0.06167775016293593,0.061729685654916946,0.000841337379736052,0.010908851638921305,0.011244970070043112,0.015098646383327823,0.04630829247752841,-0.010880888923827006,0.045956002415756744,-0.006001328797693245,0.03620476552688239,0.006478473580500577,0.029752985668892507,0.009945050973328762,0.020018851464556064,0.059178868097335156,0.059501238263074026,6.933347799794049e-37,0.059178868097335156,0.05869557855467798,0.167631291150833,0.19276152964173812,0.08438439264394396,0.08805193568391033,0.08438439264394396,0.08805193568391033,0.09460278880232556,0.09891255124869108
8,0,0.5246571998994634,0.19226460567782994,0.36096688541812433,0.34349150163166037,64,1024,False,0.18123755220798254,0.168694704009605,0.012542848198377993,0.17252673165586388,0.1863674196047582,0.15153239989510456,0.1661396044599867,4.0560952634721505e-33,0.168694704009605,1.6241808582279844e-07,0.16769779087946934,0.16769795329755532,9.68515611723725e-07,-0.0022262201384198547,-0.00032727156278134433,-0.00034286011048674964,0.18669469116753953,0.10389664907996167,0.19916815071024746,-0.022173823961129917,0.017726186149884627,0.12147701159847202,0.18159154940076405,-0.006640407933446113,0.0022712139616487548,0.168694704009605,0.18123755220798254,4.0560952634721505e-33,0.168694704009605,0.17252673165586388,0.2378569270874255,0.25753360047117646,0.25780447742545176,0.34511915506410173,0.25935342674376666,0.34511915506410173,0.22406389018122788,0.2401993654363615
8,1,0.551179852905598,0.2035275615528369,0.3734671812137244,0.4370754407242066,64,1024,False,0.08285168808138227,0.07454363557261187,0.008308052508770288,0.08544668901327533,0.08399315925689471,0.08299440460343674,0.08193149045735318,2.9877134404616123e-33,0.07454363557261189,5.827185745877951e-06,0.07348515312630399,0.07349098031205,7.929116908136402e-05,0.002535991272623055,0.003483644302540742,0.0036052922871387125,0.08050951495435398,0.04625676086636692,0.11973204834050656,-0.017593106612521177,0.022960928832443793,0.06375656308227917,0.10295032233261736,-0.0018850148044293746,0.007321778226469178,0.07454363557261187,0.08285168808138227,2.9877134404616123e-33,0.07454363557261189,0.08544668901327533,0.20442603900510403,0.2176889592012628,0.25780447742545176,0.2909014845068973,0.25935342674376666,0.29090148450689723,0.19425732166221313,0.22744402222643748
8,2,0.5341156486789864,0.22504759130491134,0.39405801581087696,0.3821992364368971,64,1024,False,0.11204854294933997,0.10213147328097465,0.009917069668365298,0.11625988676272214,0.11331949793911572,0.11367321336650783,0.1110421695612006,1.3174117153697077e-32,0.1021314732809746,4.51636479392185e-05,0.09836627853435297,0.09841144218229239,0.0004589267969019257,0.0030304585436431376,0.003025023419550953,0.0032775682732635574,0.11029447451956477,0.07291253056526686,0.1544338961677488,-0.0166034417977102,0.023007191339200712,0.09107398151536472,0.13794227328617126,-0.0011871026217704639,0.007604025457112584,0.10213147328097465,0.11204854294933997,1.3174117153697077e-32,0.1021314732809746,0.11625988676272214,0.2378569270874255,0.2643359251345967,0.25780447742545176,0.27928597164767693,0.25935342674376666,0.28419479439629713,0.22406389018122788,0.24321561898661231
8,3,0.5589108808807404,0.25247411060088343,0.42313953221131184,0.17067720216065516,64,1024,False,0.1174382915051225,0.11259080996844699,0.004847481536674512,0.1114814306954131,0.12499235977715853,0.11114444141588353,0.12452026144015527,2.1907222861780343e-33,0.112590809968447,2.1733953666947956e-05,0.1111852578967462,0.1112069918504132,0.00019543693526197293,0.006189397915762614,0.004706919623197521,0.005749548336046021,0.120285440153961,0.0717197212137065,0.15056916161806055,-0.013279733624776194,0.027805788716535332,0.0895540376950521,0.1339304539214936,0.002407065861916635,0.011870903726958204,0.11259080996844699,0.1174382915051225,2.1907222861780343e-33,0.112590809968447,0.1114814306954131,0.20442603900510403,0.2335934978826425,0.24250185087058146,0.2551080813689751,0.24250185087058146,0.2551080813689751,0.2706868487994164,0.3425710339228575
8,4,0.6383494344081855,0.3360130097021456,0.502587872549748,0.33241626812772285,64,1024,False,0.07503696692382658,0.0717121498518829,0.0033248170719438535,0.06845345547378756,0.08290945130021415,0.06936803402978295,0.08380332921090596,2.3882819359642743e-33,0.07171214985188293,1.347193868043006e-07,0.07216565066562547,0.07216578538501209,1.866804138353909e-06,0.006089070447504689,0.0038980275227503826,0.004760633523114374,0.07901142377746377,0.03439683905312376,0.10433922900644213,-0.01378219708999466,0.027786237132355153,0.05174863646971062,0.08750238764332607,0.002094301955366973,0.011811139906058088,0.0717121498518829,0.07503696692382658,2.3882819359642743e-33,0.07171214985188293,0.06845345547378756,0.167631291150833,0.18152714379006435,0.19628531636895674,0.22192366463215368,0.1962853163689567,0.22192366463215374,0.22406389018122788,0.2559169294971047
8,5,0.7080005668628897,0.4464038705880621,0.6106044988966268,0.8175032121556378,64,1024,False,0.03125468567657216,0.028484638848212937,0.002770046828359256,0.02773412546543908,0.03550141018401269,0.02970677749350481,0.03822498632940378,3.8998713963581015e-34,0.028484638848212937,2.379287477515437e-06,0.028907074954248595,0.028909454241726123,8.230136264839342e-05,0.004406199041163716,0.0028183675862235003,0.0030728382419669864,0.03268304259778919,0.002467764766681077,0.05694579022032854,-0.01574591967190032,0.024868460023131752,0.01938641391461715,0.04024389336700551,-9.89639011095278e-05,0.009133393403317314,0.028484638848212937,0.03125468567657216,3.8998713963581015e-34,0.028484638848212937,0.02773412546543908,0.13389018054295138,0.13573992527741296,0.08438439264394396,0.0943377007888395,0.08438439264394396,0.09363074062561365,0.060363458425139585,0.06985131829114609
8,6,0.877058890936837,0.60914629706367,0.7501824215523454,0.8519524727918428,64,1024,False,0.014743428704604999,0.014032908109454937,0.0007105205951501216,0.011240850940984108,0.01574507489670343,0.010713006829585148,0.015666712972470482,1.1613932989723971e-33,0.014032908109454931,2.4443111482205515e-06,0.013486851972752859,0.01348929628390112,0.00018120375568722062,0.00136575618017857,0.001497693844659372,0.0010898095688271687,0.01424738105204406,-0.0135694683388046,0.03499548199797489,-0.018270234545063026,0.02063122677848816,0.0034703812343650497,0.018651380683877505,-0.00309478075359948,0.005418024673417676,0.014032908109454937,0.014743428704604999,1.1613932989723971e-33,0.014032908109454931,0.011240850940984108,0.13389018054295138,0.1332279173804906,0.029102320366013693,0.03208138326670016,0.029102320366013693,0.036093249329620075,0.02355058958988996,0.036093249329620075
8,7,0.9309212018765403,0.7479626260878114,0.8536306331441623,0.9131638659861453,64,1024,False,0.010835701243950108,0.010057785430179622,0.0007779158137705078,0.011865074135785766,0.00991028041863028,0.012908511427770273,0.010988102943372815,3.486646274902806e-34,0.010057785430179619,3.89488577429331e-08,0.00970109095976635,0.009701129908624094,4.014878484238048e-06,0.0009226432740701454,0.0005117343250296275,3.3320579109933496e-05,0.009398546093600652,-0.010216951363355759,0.03603397421889631,-0.01804997838559837,0.019155745458438903,0.006737902876920998,0.019720423486432992,-0.003448566516453866,0.004530302721832413,0.010057785430179622,0.010835701243950108,3.486646274902806e-34,0.010057785430179619,0.011865074135785766,0.13178832196431672,0.13429224360195874,0.017151101701068365,0.014133571799311828,0.017151101701068365,0.014133571799311828,0.012999322967548797,0.014133571799311828
8,9,0.9746172456975436,0.8225242502219554,0.8993130620836238,0.9582515570373296,64,1024,False,0.006188066606798345,0.006109267552560898,7.879905423741186e-05,0.00508917593720264,0.005979080060047538,0.004260778223186694,0.00521479761100808,5.009789370643056e-34,0.006109267552560898,7.094617505620495e-07,0.005990893841333315,0.005991603303083866,0.0001184093329738454,0.0005327582024141763,0.0015402811684762255,0.0024577500508216376,0.004438798891571312,-0.01702551661839988,0.02554707306477327,-0.016749957592481615,0.019596882721372652,-0.0009341243276139721,0.009375205758260563,-0.0024788730588625185,0.0053075725882081315,0.006109267552560898,0.006188066606798345,5.009789370643056e-34,0.006109267552560898,0.00508917593720264,0.07669169300480083,0.09069690196416244,0.005005849162813844,0.004922522388425048,0.005005849162813844,0.004922522388425048,0.005005849162813844,0.004922522388425048
8,10,0.9365960709674165,0.6766047987313253,0.8007218457276927,0.8902628282881372,64,1024,False,0.016995841529148507,0.016952540712755215,4.330081639322623e-05,0.01260301496719674,0.016987187514580553,0.003707468156859346,0.007657029246180439,3.343464150020985e-34,0.016952540712755215,2.9851049341046774e-05,0.01714453760648841,0.01717438865582942,0.00173811423156041,0.0015294342340251813,0.0034735442167236233,0.005226624557517099,0.013513643297856929,-0.01993777128383659,0.027352707597555283,-0.01576198288743615,0.022464900028902477,-0.0030443908035522327,0.011016010059393011,-0.0007529919967055321,0.007531261617259588,0.016952540712755215,0.016995841529148507,3.343464150020985e-34,0.016952540712755215,0.01260301496719674,0.13178832196431672,0.14084170944164132,0.01898424894062361,0.021472679443472642,0.01898424894062361,0.021472679443472642,0.01899677882270205,0.020673713992019806
8,11,0.6183201994062864,0.4986671163228394,0.6584750691566184,0.7653431031565701,64,1024,False,0.04144539981267275,0.040954942603463114,0.0004904572092093559,0.038639242275853754,0.03947079210450899,0.015611168621076935,0.015545810180087289,9.072159340623048e-35,0.040954942603463114,5.9089518014020855e-05,0.041022940167453226,0.04108202968546732,0.0014383300549272433,0.005080728817091617,0.005845303994909444,0.008597858182829324,0.03362548810959955,-0.011974725313349574,0.04319706255550344,-0.012083083030472114,0.02805898877212041,0.005104725678393152,0.026773605895868968,0.0034310646587982774,0.012448658686480485,0.040954942603463114,0.04144539981267275,9.072159340623048e-35,0.040954942603463114,0.038639242275853754,0.167631291150833,0.19276152964173812,0.0656529146594287,0.0691077182880734,0.07080895692286131,0.07295360456599514,0.060363458425139585,0.0712462921051682
9,0,0.4818255834737263,0.18911984679433308,0.3584330267744405,0.3427877322572424,64,1024,False,0.16988521526185524,0.15729915427539198,0.012586060986463353,0.16058960552421989,0.1728909850306803,0.1527920131076174,0.1653394387963685,2.3183857303261504e-34,0.15729915427539198,9.059125457254387e-06,0.15527667139234846,0.1552857305178056,5.833842830919765e-05,-0.002657424200245709,-0.0006280137832809463,-0.0006659181481220569,0.17351899881396124,0.10522925119407549,0.20035477502115928,-0.022688949631100748,0.017359237750974865,0.1226491553534288,0.18258978652011137,-0.007102732139173895,0.001873397603048943,0.15729915427539198,0.16988521526185524,2.3183857303261504e-34,0.15729915427539198,0.16058960552421989,0.2378569270874255,0.25753360047117646,0.25780447742545176,0.34511915506410173,0.25935342674376666,0.34511915506410173,0.22406389018122788,0.2401993654363615
9,1,0.5085639538532949,0.19847035644160074,0.3687000883281578,0.43241688596636185,64,1024,False,0.07740950753204355,0.06903357834353938,0.00837592918850334,0.08123854659510021,0.0788109571445415,0.07984456686974341,0.0771699094195834,8.91503774941367e-34,0.0690335783435394,2.5813595615708293e-05,0.06917715212635626,0.06920296572197172,0.00037301285207076837,0.001964093447666542,0.0030866696966553205,0.0031967235613587744,0.07572428744788619,0.04403077646124236,0.11565835727824446,-0.01814458566257464,0.022350690373437995,0.06150641913700383,0.09894395025912672,-0.0024500354993506335,0.006728767846652772,0.06903357834353938,0.07740950753204355,8.91503774941367e-34,0.0690335783435394,0.08123854659510021,0.2378569270874255,0.25110761185031477,0.25780447742545176,0.2909014845068973,0.25935342674376666,0.29090148450689723,0.19425732166221313,0.22744402222643748
9,2,0.49071612968522543,0.2178408824531644,0.3873042576102208,0.36872712690815923,64,1024,False,0.0815224291461596,0.07147696471634572,0.010045464429813819,0.08279963331925488,0.08813358877830986,0.08277815934710454,0.08837983336091466,5.025071699649044e-33,0.07147696471634572,4.850249096126036e-07,0.06971375996520204,0.06971424499011153,6.957328587312406e-06,0.0029543271926589913,0.0026242818818156496,0.002862303477655216,0.0855093068964942,0.04712875250796376,0.11842756618624534,-0.016649736357406665,0.02288953420376546,0.06467345773125999,0.10173976093210513,-0.00128340221272083,0.007478932813683059,0.07147696471634572,0.0815224291461596,5.025071699649044e-33,0.07147696471634572,0.08279963331925488,0.2378569270874255,0.2643359251345967,0.25780447742545176,0.27928597164767693,0.25935342674376666,0.28419479439629713,0.22406389018122788,0.24321561898661231
9,3,0.5159001686019578,0.23990220695721712,0.41076352701062524,0.1138133299951924,64,1024,False,0.13332261477449514,0.1282304637035043,0.0050921510709906566,0.12603137063487935,0.14369318386653854,0.12509526974187002,0.14264068492646292,5.786349521803429e-34,0.1282304637035043,4.9849460519078224e-12,0.12719700241174953,0.12719700241673346,3.919075101766727e-11,0.005744999222528642,0.0043264473645699105,0.00533489704767945,0.13936673650196862,0.08437439713700857,0.16581614234673148,-0.013771691528495975,0.027271986114790415,0.10197001984488452,0.148858340078732,0.0018659450361155905,0.011308332126645837,0.1282304637035043,0.13332261477449514,5.786349521803429e-34,0.1282304637035043,0.12603137063487935,0.2378569270874255,0.24751277496904464,0.2542821493837718,0.26759750702307183,0.24329802768721734,0.26759750702307183,0.2706868487994164,0.38798983795893455
9,4,0.5966634691124606,0.31299312585758354,0.47954238602222077,0.29409564826785817,64,1024,False,0.0965502299186146,0.09306568724003025,0.003484542678584484,0.08914453455331799,0.10669597891952154,0.0898299222200179,0.10696529257116887,3.5033099022641304e-33,0.09306568724003027,1.4605233843401736e-05,0.09278340714718007,0.09279801238102384,0.0001573873563523473,0.0058727250615956215,0.003478747653161577,0.004354264930544302,0.10321723126635997,0.05222824582544674,0.12743159861458905,-0.013923073874491657,0.02748565943901728,0.0697330557522946,0.11057368562615011,0.001900172654131893,0.011531185446074232,0.09306568724003025,0.0965502299186146,3.5033099022641304e-33,0.09306568724003027,0.08914453455331799,0.167631291150833,0.18152714379006435,0.19628531636895674,0.22192366463215368,0.1962853163689567,0.22192366463215374,0.22406389018122788,0.2559169294971047
9,5,0.667793351724321,0.4086390849260929,0.5697911489856528,0.8009009018679889,64,1024,False,0.03499344969979367,0.032096572555419735,0.002896877144373716,0.029553157711673876,0.03987173706088475,0.031872653200807205,0.04290084264832014,6.707950333616469e-35,0.032096572555419735,9.477181192672093e-08,0.03279526220833563,0.03279535698014757,2.889793576087321e-06,0.004354104999437389,0.0025861875078996626,0.0028745002584680225,0.03728554955298509,0.004207782489982822,0.059537523911631585,-0.015799258210735256,0.024836861480397935,0.021146706087165512,0.042821843264391646,-0.0001509584253653884,0.009088478145713452,0.032096572555419735,0.03499344969979367,6.707950333616469e-35,0.032096572555419735,0.029553157711673876,0.167631291150833,0.1736346882568834,0.08438439264394396,0.0943377007888395,0.08438439264394396,0.09622292789077509,0.060363458425139585,0.06985131829114609
9,6,0.83831956450019,0.533965243680325,0.6821011469096443,0.8398497346116774,64,1024,False,0.014049638151486228,0.013262910455412443,0.0007867276960737421,0.009852961846636057,0.016386747686045602,0.00948062013642547,0.016478470690074718,3.34817725635696e-33,0.013262910455412445,4.9633505653626435e-06,0.013298716109128944,0.013303679459694363,0.00037308103975294295,0.0019846155023789847,0.0015328307456808812,0.0013722428107062249,0.014853916940364722,-0.01476377680862384,0.03372501708147478,-0.017718957309752717,0.021933003691910757,0.002073620467854198,0.017176263812871184,-0.002324941146071069,0.006480939970060717,0.013262910455412443,0.014049638151486228,3.34817725635696e-33,0.013262910455412445,0.009852961846636057,0.13389018054295138,0.1332279173804906,0.0656529146594287,0.07263964004191173,0.07080895692286131,0.078532259771549,0.02355058958988996,0.037015296242319605
9,7,0.898367896774464,0.636473487142209,0.7694207991217443,0.8937718427412421,64,1024,False,0.015329803265967059,0.014444091510494013,0.0008857117554730449,0.016600899018063206,0.014873152448432684,0.016720683526003848,0.015115341435807377,1.3034317237312576e-34,0.014444091510494013,6.1268390097338305e-09,0.014688871331978071,0.014688877458817105,4.1710736759235135e-07,0.0015915440458266026,0.0005276990377779767,0.00026763802365638127,0.014345453410654707,-0.007954775478172516,0.041396142530180216,-0.017553977908464656,0.020564087345578484,0.009210418254951946,0.0250849903022754,-0.0026507389993639663,0.005589816842984874,0.014444091510494013,0.015329803265967059,1.3034317237312576e-34,0.014444091510494013,0.016600899018063206,0.13389018054295138,0.13429224360195874,0.029102320366013693,0.03088823770143519,0.029102320366013693,0.03088823770143519,0.01899677882270205,0.01665142608880004
9,8,0.9746172456975436,0.8225242502219554,0.8993130620836238,0.9582515570373296,64,1024,False,0.004207803933701767,0.004042389790054104,0.00016541414364765498,0.004922522388425048,0.003659251309007569,0.0040466683248522855,0.002773585603625331,5.809741064437145e-34,0.004042389790054104,1.7642800747414201e-07,0.004001296779616655,0.004001473207624117,4.409076315642671e-05,0.0006171362853805964,6.658755528362485e-06,-1.6100653292556088e-05,0.0036525925534792066,-0.016569877847273186,0.024663214496977753,-0.017548619759796956,0.01888281327140702,-0.0006976086369832046,0.008844722739013378,-0.0033037957109627314,0.004495705448789522,0.004042389790054104,0.004207803933701767,5.809741064437145e-34,0.004042389790054104,0.004922522388425048,0.07669169300480083,0.083216163060835,0.005005849162813844,0.00508917593720264,0.005005849162813844,0.00508917593720264,0.005005849162813844,0.00508917593720264
9,10,0.9655195721566272,0.8013213210022436,0.8874525115095802,0.9276045858144397,64,1024,False,0.009183043502434944,0.009198551399513973,-1.5507897079080866e-05,0.006652993314463539,0.008885476346183195,0.000628814823306699,0.0019997173943316323,8.869515987765646e-34,0.009198551399513973,1.7571612732997107e-05,0.009465658538407707,0.009483230151140705,0.0018529142974436279,0.0006453309773869415,0.0017164199682527408,0.0026584084063378355,0.007169056377930454,-0.02085245951454114,0.022110089161154537,-0.016854283940149376,0.020158890415319177,-0.004537014399829786,0.006005483599437866,-0.002273520782182459,0.005662975352606736,0.009198551399513973,0.009183043502434944,8.869515987765646e-34,0.009198551399513973,0.006652993314463539,0.07669169300480083,0.08305884752210423,0.007447556896623299,0.00824212047878306,0.007447556896623299,0.00824212047878306,0.007447556896623299,0.00824212047878306
9,11,0.6585561386126287,0.5695329153658725,0.7227484590219544,0.7992592960767264,64,1024,False,0.04620578267976263,0.045769013943227826,0.00043676873653461957,0.044299336241977814,0.043563902137079995,0.017750317805319375,0.01641922284648558,7.952210962693563e-34,0.04576901394322783,0.00010319880669183202,0.046163427416355145,0.04626662622304697,0.0022305237082626355,0.003915312212027626,0.0037588127553322068,0.005764692321227249,0.03980508938174779,-0.010125599843931979,0.04562623545457073,-0.013719467707839949,0.025533090277227447,0.0068286514360806905,0.028934824564203154,0.0015634716692147776,0.010209192718320992,0.045769013943227826,0.04620578267976263,7.952210962693563e-34,0.04576901394322783,0.044299336241977814,0.167631291150833,0.18981231450892355,0.0656529146594287,0.0691077182880734,0.041447282997563575,0.03859522975314933,0.060363458425139585,0.06326824405200575
10,0,0.5177530055520747,0.18622992085404996,0.3578402968582486,0.33519130009229825,64,1024,False,0.1663343629821049,0.15348644426714517,0.012847918714960261,0.15967632027925868,0.17139457314631612,0.1454421311044816,0.15757696410626162,3.3086789583057275e-33,0.15348644426714514,6.384181996458082e-06,0.1535940026796864,0.15360038686168254,4.156358018946301e-05,-0.003221016869415734,-0.0011392320974704063,-0.0012221288966474434,0.17253380524378653,0.09892605671728137,0.1919582054916818,-0.02331131401344963,0.016839346435269402,0.11631942223903025,0.17425532674678834,-0.007670809194678441,0.0013522471708711237,0.15348644426714517,0.1663343629821049,3.3086789583057275e-33,0.15348644426714514,0.15967632027925868,0.2378569270874255,0.25753360047117646,0.25780447742545176,0.34511915506410173,0.25935342674376666,0.34511915506410173,0.22406389018122788,0.2401993654363615
10,1,0.5410870971337364,0.19525469583456934,0.3665392410324795,0.4891988284052354,64,1024,False,0.16140739602356008,0.1531446424106902,0.008262753612869208,0.16381657691034698,0.16376336465332936,0.13055000568293626,0.1306725906957357,2.4371912448810465e-33,0.1531446424106902,4.1100877313160436e-05,0.15585295392209456,0.15589405479940774,0.00026364621387291404,0.0012139626386366907,0.0029802546503180966,0.0030263393018848126,0.16078311000301126,0.08643692372324291,0.1746630876426296,-0.01871066000884974,0.021394978083383625,0.10392365723964758,0.15728262803895632,-0.0030991469539003447,0.005901326192542911,0.1531446424106902,0.16140739602356008,2.4371912448810465e-33,0.1531446424106902,0.16381657691034698,0.2378569270874255,0.25110761185031477,0.25780447742545176,0.2909014845068973,0.25935342674376666,0.29090148450689723,0.19425732166221313,0.22240463152527123
10,2,0.5206944771763995,0.21135633991619096,0.3807761512139728,0.4762844782717474,64,1024,False,0.06544213021750868,0.05587112563274148,0.009571004584767253,0.06802788150095994,0.07051336454367117,0.06797938288684578,0.07072373073715843,9.391499401680577e-33,0.055871125632741464,1.8667631668660809e-06,0.05741592398339675,0.05741779074656344,3.251192953601772e-05,0.001989375123746928,0.0021522751299694557,0.00229824753165064,0.06836108941370171,0.034756661846366825,0.10120210392732473,-0.01748456598787503,0.021684508806923488,0.05169288517936366,0.08405381353804842,-0.0022230648683034815,0.006391443639586214,0.05587112563274148,0.06544213021750868,9.391499401680577e-33,0.055871125632741464,0.06802788150095994,0.2378569270874255,0.2643359251345967,0.25780447742545176,0.27928597164767693,0.25935342674376666,0.28419479439629713,0.19425732166221313,0.21177751205965867
10,3,0.5475014575239174,0.23370938729664137,0.4055482722699453,0.1911485171944728,64,1024,False,0.0973028391631086,0.09246753357481445,0.0048353055882939654,0.09622698543084698,0.10453957475399824,0.0974322589380006,0.10592854961493176,2.2896811033556306e-33,0.09246753357481445,2.1054264846264475e-06,0.09362730342421856,0.0936294088507033,2.2486807408809487e-05,0.0041222130557762495,0.002886035103185918,0.003638596247223822,0.10165353965081232,0.060820664921953885,0.1340438529540473,-0.0150467667166855,0.024723884146392136,0.07810332212829962,0.11703683455561986,0.00027032202342525125,0.009122989744355436,0.09246753357481445,0.0973028391631086,2.2896811033556306e-33,0.09246753357481445,0.09622698543084698,0.20442603900510403,0.2335934978826425,0.2542821493837718,0.26759750702307183,0.24329802768721734,0.26759750702307183,0.2706868487994164,0.3259788983731616
10,4,0.6256155123273893,0.29876460950058403,0.46487728861682925,0.42265941646377975,64,1024,False,0.09956019679714359,0.09642874302650929,0.003131453770634574,0.097959431658204,0.1075039024469568,0.0977556725982388,0.10772273658225703,1.0123304941250381e-33,0.09642874302650929,1.2975305708079289e-05,0.09798607505093403,0.09799905035664193,0.00013240236166431262,0.004021876249902548,0.0019840525697511794,0.0025570711487968288,0.10551984987720563,0.05882166120820995,0.13668968398826764,-0.015420682407085601,0.02463375514855653,0.07630937268550042,0.11968938425707165,4.978397919330746e-05,0.009025829807796981,0.09642874302650929,0.09956019679714359,1.0123304941250381e-33,0.09642874302650929,0.097959431658204,0.167631291150833,0.18152714379006435,0.19628531636895674,0.22192366463215368,0.1962853163689567,0.22192366463215374,0.19425732166221313,0.21549508250211755
10,5,0.6886753620365003,0.37908651980890656,0.5389567197479259,0.83465457065097,64,1024,False,0.035804854915276865,0.03276415171059218,0.0030407032046846473,0.03342454590404195,0.0380772588202366,0.035696489094428435,0.04111053203464202,4.304501573954082e-34,0.03276415171059218,4.799086383212854e-06,0.03437787698250741,0.034382676068890644,0.00013957861725472423,0.003170816268933697,0.0013839405827701203,0.0014419040473236304,0.03669331823746648,0.008138338445783863,0.06325463974307301,-0.01660551661466333,0.02280544086965915,0.02503034219989786,0.046470935056277085,-0.0012875360407633707,0.007416474734782241,0.03276415171059218,0.035804854915276865,4.304501573954082e-34,0.03276415171059218,0.03342454590404195,0.13389018054295138,0.13573992527741296,0.08438439264394396,0.12446715336206318,0.08438439264394396,0.12446715336206318,0.060363458425139585,0.06985131829114609
10,6,0.823351463142001,0.47358171319814746,0.6272575069147688,0.782418376911558,64,1024,False,0.026634477801207646,0.025473909242574005,0.0011605685586335561,0.023638712117458795,0.0272429359107266,0.02337495190762346,0.02799786652755475,1.447670716044575e-33,0.025473909242574,2.0096920567686633e-06,0.02552507819518885,0.025527087887245656,7.872782299514803e-05,0.001543387830584203,0.000947506888885938,0.0010341225365938667,0.026295429021840663,-0.003737194085926987,0.05048709790117391,-0.01755926003607009,0.021062336610225697,0.013341658399440348,0.033945709830732085,-0.00248966840445064,0.005925161349296104,0.025473909242574005,0.026634477801207646,1.447670716044575e-33,0.025473909242574,0.023638712117458795,0.13389018054295138,0.1332279173804906,0.0656529146594287,0.07263964004191173,0.07080895692286131,0.078532259771549,0.060363458425139585,0.06363275954305388
10,7,0.8691853909368116,0.5488207821485769,0.6971023408761963,0.8283264232650476,64,1024,False,0.028276412387006563,0.026956288327777734,0.001320124059228613,0.03145982909952526,0.028011999119869357,0.031369796788299334,0.02835040558577335,2.382211048683144e-34,0.026956288327777734,2.312046693089392e-05,0.02818728909213597,0.0282104095590669,0.00081957218247698,0.0016766392101037113,0.0004615757488362944,0.0005154855687802089,0.027550423371033063,0.0040148804815413885,0.05872471309505728,-0.017012342287637705,0.020624685123108777,0.021296699298545718,0.042378246871521696,-0.0023041907479637302,0.005794137206976302,0.026956288327777734,0.028276412387006563,2.382211048683144e-34,0.026956288327777734,0.03145982909952526,0.13389018054295138,0.13429224360195874,0.0656529146594287,0.0640362731579198,0.07080895692286131,0.06992889288755709,0.060363458425139585,0.05225109355536986
10,8,0.9365960709674165,0.6766047987313253,0.8007218457276927,0.8902628282881372,64,1024,False,0.018327448128929683,0.01775414803089945,0.0005733000980301582,0.020673713992019806,0.017486260538871257,0.02019896935247531,0.017698603677108453,6.553511616317678e-39,0.01775414803089945,2.1954627684582892e-05,0.01843390209059109,0.018455856718275675,0.0011895751045164218,0.0011225568418521046,0.000422724904278033,0.0008794716317695457,0.017063535634593223,-0.004770494106913395,0.045168432811864015,-0.016898880626138212,0.020051539404886302,0.012265615361684468,0.02873512401856715,-0.0024747152347117662,0.0054410368102253415,0.01775414803089945,0.018327448128929683,6.553511616317678e-39,0.01775414803089945,0.020673713992019806,0.13178832196431672,0.13835866542969896,0.01898424894062361,0.018421093923491543,0.01898424894062361,0.018421093923491543,0.01899677882270205,0.01852016343338586
10,9,0.9655195721566272,0.8013213210022436,0.8874525115095802,0.9276045858144397,64,1024,False,0.006660410465904655,0.0062513514515830275,0.0004090590143216408,0.00824212047878306,0.0065362123374954175,0.009646671647909876,0.008363657380906407,4.330213303784847e-34,0.0062513514515830275,1.4421169177903142e-05,0.006456623513428023,0.006471044682605901,0.002228568938283967,0.0009764622700707594,0.00029882781389191506,0.0006038420178240767,0.006237384523603502,-0.011344044078829036,0.030637387374648786,-0.016792009767986813,0.01914916704852034,0.004665913103963248,0.014617255779739935,-0.0027160608442500234,0.004991677385987714,0.0062513514515830275,0.006660410465904655,4.330213303784847e-34,0.0062513514515830275,0.00824212047878306,0.07669169300480083,0.09069690196416244,0.007447556896623299,0.006652993314463539,0.007447556896623299,0.006652993314463539,0.007447556896623299,0.006652993314463539
10,11,0.6902768126222404,0.6815143839724105,0.8098589442830003,0.8675783756149273,64,1024,False,0.024367898956398782,0.023930851262567002,0.0004370476938317559,0.022271644894925474,0.022376851177801877,0.013810792852708628,0.012978976567353097,1.7320583464576553e-36,0.023930851262567002,4.449787988352784e-05,0.0240858113022172,0.024130309182100768,0.0018440658819463118,0.0022469947689897638,0.001742569529955424,0.0028981979106177847,0.020634281647846454,-0.012079001175414605,0.03970058688083186,-0.015507811296564571,0.022341060960375785,0.004650872717320453,0.022898179238836747,-0.0006704773040837608,0.007489330833777785,0.023930851262567002,0.024367898956398782,1.7320583464576553e-36,0.023930851262567002,0.022271644894925474,0.13389018054295138,0.13637059244624083,0.01898424894062361,0.017888450289189655,0.01898424894062361,0.017888450289189655,0.021330133401638945,0.020388621908352413
11,0,0.47385601563329033,0.17540652499457043,0.3467846094293205,0.2031119315577689,64,1024,False,0.047855313385956125,0.034173011368195255,0.013682302017760758,0.049309991445756866,0.0485474100299046,0.049396956728618976,0.04861631497563052,3.199762286529007e-33,0.03417301136819525,1.4770022117805369e-05,0.03373203107585246,0.03374680109797013,0.00043767176850115685,-0.0015152126551153727,0.0005193072344745115,0.0005422151466405229,0.048028102795430086,0.018265767435204895,0.08052814602203306,-0.021402743777608032,0.018453713810270025,0.03549073150497861,0.06377774593420327,-0.005825894659210462,0.0030642046767752618,0.034173011368195255,0.047855313385956125,3.199762286529007e-33,0.03417301136819525,0.049309991445756866,0.2378569270874255,0.25753360047117646,0.25780447742545176,0.34511915506410173,0.25935342674376666,0.34511915506410173,0.2706868487994164,0.27665651924850204
11,1,0.48639069212173364,0.19626848118863474,0.36786455771172,0.3877750514157864,64,1024,False,0.1476696451269911,0.13898249304550056,0.008687152081490141,0.16374990821037633,0.1361053590358167,0.14310700514730756,0.12036287835453967,1.7320583464576552e-34,0.13898249304550056,2.7858972420230608e-05,0.1387248245012429,0.13875268347366349,0.00020078150362777303,0.0013965425684038506,0.0024966352822090514,0.0025146435260404404,0.13360872375360763,0.09774687824148165,0.18846713205313348,-0.018596333525044,0.02160710762841586,0.11601566003082553,0.17176273769291583,-0.002996566123329103,0.006043310699169524,0.13898249304550056,0.1476696451269911,1.7320583464576552e-34,0.13898249304550056,0.16374990821037633,0.2378569270874255,0.25110761185031477,0.25780447742545176,0.2909014845068973,0.25935342674376666,0.29090148450689723,0.20572876892162242,0.22744402222643748
11,2,0.4793087560442283,0.20304826085489383,0.3745449514740912,0.3984093756929223,64,1024,False,0.13313613548924103,0.1232543970616273,0.009881738427613706,0.13896875405375675,0.12987424822120336,0.12800770483860874,0.12150818814592852,1.0514112848030823e-32,0.1232543970616273,7.198856952714168e-05,0.12027693626003584,0.12034892482956297,0.0005981654562273092,0.0023005507134043943,0.0033098444423403464,0.003475803803263983,0.12656440377886302,0.08456591598839416,0.1714494936888233,-0.017379563195013693,0.022214520452666427,0.10258401684404816,0.1546272490231786,-0.00206113242165884,0.0067199443219578825,0.1232543970616273,0.13313613548924103,1.0514112848030823e-32,0.1232543970616273,0.13896875405375675,0.2378569270874255,0.2643359251345967,0.25780447742545176,0.27928597164767693,0.25935342674376666,0.28419479439629713,0.20572876892162242,0.21179786118233748
11,3,0.4957237559234518,0.2215872039177339,0.39470750743449934,0.19010906434283392,64,1024,False,0.12328863042977055,0.11850035532264161,0.004788275107128577,0.12146223837476608,0.1286231332650877,0.12048846809123305,0.12637256585877846,1.3740048372375137e-33,0.11850035532264161,3.649622456974354e-05,0.11913748482884311,0.11917398105341277,0.00030624322731474617,0.004603228496680223,0.003180363248511069,0.004181806035882263,0.12544277001657664,0.07963009954820452,0.16134683663426158,-0.014338051708536711,0.025487206045253924,0.09789463446213631,0.14497027965990128,0.0010160968595300801,0.009896929128444754,0.11850035532264161,0.12328863042977055,1.3740048372375137e-33,0.11850035532264161,0.12146223837476608,0.2378569270874255,0.24751277496904464,0.25780447742545176,0.26759750702307183,0.25935342674376666,0.26759750702307183,0.2706868487994164,0.3259788983731616
11,4,0.5426743085904733,0.26503941624767957,0.4343403002961182,0.38587942034911404,64,1024,False,0.113959000345066,0.11079492925710029,0.0031640710879654397,0.10798822173427214,0.12349019305714921,0.10489884566321797,0.11888835722802238,1.050510091893933e-33,0.11079492925710031,1.6313427798317856e-05,0.11235334201854899,0.11236965544634799,0.00014517645118264925,0.0033474783508393754,0.0016710399204688342,0.0026244601084448294,0.12181915313668037,0.06482927876362742,0.1449684125628085,-0.01573364263108836,0.02424820409377325,0.0826446697828942,0.12824770998122403,-0.0003188296250300482,0.008622800327430014,0.11079492925710029,0.113959000345066,1.050510091893933e-33,0.11079492925710031,0.10798822173427214,0.20442603900510403,0.21446874024112045,0.24250185087058146,0.24802335802965292,0.24250185087058146,0.2424217642519697,0.20572876892162242,0.21813640307853258
11,5,0.5723873369133278,0.32349875274989426,0.49066793606883846,0.7377702474287273,64,1024,False,0.0944726127201403,0.0912468514852801,0.0032257612348602998,0.09162716294598329,0.09769467770808897,0.08635440450183608,0.0920199298318992,1.5141233238340363e-36,0.0912468514852801,2.455253325207378e-05,0.09364820097107539,0.09367275350432755,0.00026210965658161726,0.0030075591621490246,0.0020398099920521666,0.0030980499266498374,0.0956548677160368,0.04917904433399656,0.1235297646696756,-0.0157644604211896,0.02357498715010425,0.06702238335856237,0.10709301263705129,-0.0005456919388961978,0.008129451736749616,0.0912468514852801,0.0944726127201403,1.5141233238340363e-36,0.0912468514852801,0.09162716294598329,0.20442603900510403,0.2146804822832059,0.19628531636895674,0.20389378126091273,0.1962853163689567,0.20389378126091276,0.09460278880232556,0.095594664087773
11,6,0.5962162369990482,0.38172990884347735,0.5425639584425475,0.697534905111854,64,1024,False,0.08914327785176372,0.08787964965290442,0.0012636281988597762,0.08741107214310485,0.08870026804680653,0.06634241970744217,0.06817604217137516,3.0719939805108612e-33,0.08787964965290444,2.5249490878720984e-05,0.08864851859468512,0.08867376808556386,0.0002847458884836948,0.003411286882740709,0.001278385697113972,0.0033175512182422756,0.08742188234969256,0.030365658904956468,0.10231918050992789,-0.014495358305809431,0.024759503181658787,0.0483157851267606,0.08608923671999946,0.0007414699211949483,0.009389688908413518,0.08787964965290442,0.08914327785176372,3.0719939805108612e-33,0.08787964965290444,0.08741107214310485,0.167631291150833,0.1700619709643041,0.08438439264394396,0.08063423223813845,0.08438439264394396,0.08033974811429759,0.11651743229390502,0.12067548374401933
11,7,0.6019833147036645,0.4236720106888523,0.5871045206110679,0.7309360255673035,64,1024,False,0.09604274848347027,0.09458246718655895,0.0014602812969111913,0.09891255124869108,0.09703862671058595,0.0769291834773667,0.07335708373908817,4.016419902911559e-37,0.09458246718655895,6.713826131134308e-05,0.09653155741278197,0.09659869567409338,0.0006950224414815651,0.0038381670926796846,0.0023342811166877967,0.004416409696514126,0.09470434559389816,0.04038595005396685,0.11347241690076655,-0.013707336568369179,0.025595941028990814,0.05845787851285422,0.09732046501449076,0.0015109862797544338,0.010175685019930825,0.09458246718655895,0.09604274848347027,4.016419902911559e-37,0.09458246718655895,0.09891255124869108,0.167631291150833,0.13429224360195874,0.08438439264394396,0.08140453352392961,0.08438439264394396,0.08124314757629275,0.09460278880232556,0.09316620132020371
11,8,0.6183201994062864,0.4986671163228394,0.6584750691566184,0.7653431031565701,64,1024,False,0.06963094431058056,0.06886488656688815,0.0007660577436925089,0.0712462921051682,0.06930524283943107,0.05539137477407525,0.05316597560513565,2.1531006570630552e-34,0.06886488656688815,5.89660736510514e-05,0.06986335843184692,0.0699223245054983,0.0008433082576711911,0.0036128243387203423,0.002825498774901935,0.0056070000610241805,0.06647974406452914,0.022667201496035877,0.08811554805211462,-0.013434774902891078,0.025778379742331436,0.04053104708873434,0.07205514016095549,0.0016977991108433343,0.010326274306862615,0.06886488656688815,0.06963094431058056,2.1531006570630552e-34,0.06886488656688815,0.0712462921051682,0.167631291150833,0.1693033084866488,0.0656529146594287,0.06512920611784329,0.07080895692286131,0.06808944650787825,0.060363458425139585,0.051072266207779715
11,9,0.6585561386126287,0.5695329153658725,0.7227484590219544,0.7992592960767264,64,1024,False,0.03628107824888631,0.035685799231426674,0.0005952790174596768,0.03859522975314933,0.03740194945598301,0.03364311116475508,0.03273171284931854,4.5972429255009416e-34,0.035685799231426674,5.422922934488892e-05,0.036157991354848956,0.036212220584193856,0.001497539462370315,0.0035468388756941293,0.0025746441601740525,0.004802776935458327,0.03482730529580896,0.005328002456525031,0.06195821987298513,-0.013893219056087504,0.02505135832962892,0.02277528782724403,0.04581696338573238,0.001204064639750868,0.009736193038406782,0.035685799231426674,0.03628107824888631,4.5972429255009416e-34,0.035685799231426674,0.03859522975314933,0.167631291150833,0.17227273627451223,0.0656529146594287,0.0696311506110993,0.041447282997563575,0.044299336241977814,0.060363458425139585,0.056588557158988986
11,10,0.6902768126222404,0.6815143839724105,0.8098589442830003,0.8675783756149273,64,1024,False,0.01825738409597373,0.018100649626480357,0.00015673446949341654,0.020388621908352413,0.0190119690527076,0.017274061645424357,0.01591266648356272,7.611694564961802e-35,0.018100649626480357,2.595864950159292e-05,0.01809879096724709,0.018124749616748665,0.0014322211368704993,0.002896076213502481,0.002295377956016057,0.004075226937799971,0.016716591096691543,-0.0076097093063200935,0.04215783259716881,-0.014590625674826063,0.024049725910242955,0.009572962386300787,0.02600208505464252,0.0004861033012275584,0.008908913179766387,0.018100649626480357,0.01825738409597373,7.611694564961802e-35,0.018100649626480357,0.020388621908352413,0.13389018054295138,0.1422937463407578,0.01898424894062361,0.021472679443472642,0.01898424894062361,0.021472679443472642,0.021330133401638945,0.022271644894925474
