source,target,cka,cca_shared,procrustes_shared,probe_cosine,metric_rank,metric_examples,full_dim_cca_saturation_possible,train_raw,train_geometry,residual_correction,cal_raw,test_raw,cal_clipped,test_clipped,train_mean_term,train_variance_term,test_mean_term,test_variance_term,test_geometry,mean_fraction,aligned_cal_raw,aligned_test_raw,aligned_test_clipped,alignment_raw_reduction,bernstein_lo,bernstein_hi,bernstein_aligned_lo,bernstein_aligned_hi,betting_lo,betting_hi,betting_aligned_lo,betting_aligned_hi,prediction__training_geometry,prediction__direct_training,prediction__mean_only,prediction__variance_only,prediction__direct_calibration,prediction__cka_common,prediction__cka_held_target,prediction__cca_shared_common,prediction__cca_shared_held_target,prediction__procrustes_shared_common,prediction__procrustes_shared_held_target,prediction__probe_cosine_common,prediction__probe_cosine_held_target
0,1,0.966307371092636,0.4142076124673625,0.5755755905323103,0.5397225587917682,64,1024,False,0.18154500544538296,0.18117354859704357,0.0003714568483381711,0.16013427738583563,0.18418943981411537,0.09257462769972657,0.10633797919161316,2.2463353541902546e-32,0.18117354859704357,8.968150010705998e-05,0.18186936532311138,0.1819590468232187,0.0004928663986363346,0.011160816989526935,0.00893566995042834,0.009928244557167188,0.17525376986368701,0.04972032614086899,0.13542892925858416,-0.011970612979950163,0.03530828549096259,0.06724537919217255,0.11819738701160531,0.004676010008552112,0.01851276875822805,0.18117354859704357,0.18154500544538296,2.2463353541902546e-32,0.18117354859704357,0.16013427738583563,0.14761508925079203,0.12171813153952948,0.12554969489256212,0.12351530768707546,0.12269275942859326,0.12019665823144378,0.2021023236841195,0.18710281285952246
0,2,0.9589660133372904,0.341959042103236,0.5050693778317084,0.2961295679707288,64,1024,False,0.6683926219106887,0.6671761836689746,0.0012164382417132681,0.6331066937145764,0.6505901481476635,0.20405714899487554,0.22850755989463248,1.5997736312680598e-32,0.6671761836689745,0.00018462522950993425,0.6441953168623583,0.6443799420918714,0.0002865161024574716,0.017521359744678007,0.01814245763695245,0.019354434845783166,0.632447690510711,0.15024860689637434,0.2578656910933767,-0.006761646392836291,0.04319954886926261,0.16807219737529522,0.24008740125282202,0.009871193615254015,0.02632628274295712,0.6671761836689746,0.6683926219106887,1.5997736312680598e-32,0.6671761836689745,0.6331066937145764,0.25100770659755905,0.21822220445686222,0.32234025048506215,0.31594084122546345,0.3223402504850621,0.31594084122546334,0.4506221297892544,0.48265040391752906
0,3,0.9282360632175386,0.27199607688097227,0.44086202544392383,0.15670422979679707,64,1024,False,0.8120052505154296,0.811461991861113,0.0005432586543198942,0.7760686188747375,0.787822405931101,0.30185345113743334,0.3254633967727859,2.8586656057706377e-33,0.811461991861113,1.9707306446578467e-05,0.7724543356182536,0.7724740429247011,2.551193354272939e-05,0.02369708911806805,0.02350842139245178,0.025575916619245905,0.7643139845386492,0.24477047579547145,0.3589364264793952,0.0008381530465169894,0.050787742447772385,0.262398627543007,0.34071813442278653,0.017490588208602276,0.03388695624016691,0.811461991861113,0.8120052505154296,2.8586656057706377e-33,0.811461991861113,0.7760686188747375,0.25100770659755905,0.22721489239155399,0.4232357226610469,0.4175172983438754,0.4232357226610469,0.4175172983438754,0.7571799672009322,0.9248392340264201
0,4,0.872013197841299,0.24029569527224767,0.4113587451192397,0.16923899833998365,64,1024,False,1.1843677356796636,1.1840233604114747,0.00034437526818187694,1.226384220085585,1.1774683847472043,0.2785514120133565,0.2776755650245568,1.2066432926459677e-32,1.1840233604114747,0.0001546269750772976,1.1710800758638225,1.1712347028388999,0.0001320204863316504,0.020820975387925496,0.019565818592852446,0.021667556393666222,1.1579025661543518,0.2211148626528267,0.33598796137388626,-0.0014867420818289213,0.047297688331418536,0.23901047715480672,0.31799834642151836,0.015067384563735686,0.030390929168788716,1.1840233604114747,1.1843677356796636,1.2066432926459677e-32,1.1840233604114747,1.226384220085585,0.2860373340132518,0.22812405523321586,0.4696355137230678,0.41512895929193455,0.4453979373972121,0.3969547759478345,0.7571799672009322,0.7410005102049098
0,5,0.8446249177177283,0.22878176385957216,0.4009960390106294,0.24699378215092554,64,1024,False,2.9181519785089405,2.917774311646535,0.00037766686240737736,3.13508216774898,2.983700940985599,0.2836966910129066,0.2768262499080991,5.806181977998751e-33,2.917774311646536,0.000461788422805596,2.9870554024730738,2.9875171908958653,0.00015457264119277578,0.027004202308218577,0.02991793097018436,0.033761964098240616,2.9537830100154148,0.22565944180321956,0.3417339402225937,0.004250776781315427,0.055878426289923594,0.24374340227223001,0.32390263341221726,0.020837833857513033,0.03891766755259596,2.917774311646535,2.9181519785089405,5.806181977998751e-33,2.917774311646536,3.13508216774898,0.2860373340132518,0.2314354672086293,0.6245500220042285,0.43046949647443145,0.6245500220042285,0.41537981127186113,0.7571799672009322,0.44898473609104494
0,6,0.6812622142768097,0.20806850811985228,0.37907079018324297,0.1644395855138603,64,1024,False,2.8050229330692193,2.8048278385002323,0.0001950945689926984,2.928641630235255,2.9009364304369014,0.26226467475021065,0.25219839897966184,2.969535743274508e-33,2.8048278385002323,9.594788535956921e-05,2.89244567941398,2.892541627299347,3.3170788089626214e-05,0.03447122804594654,0.03593604279044841,0.04041792566791005,2.865000387646453,0.20533573421969745,0.3191936152807239,0.011868496182567696,0.06426973364924252,0.2236173908750061,0.3016380589324399,0.0283651957361144,0.047249697548977565,2.8048278385002323,2.8050229330692193,2.969535743274508e-33,2.8048278385002323,2.928641630235255,0.32858700964244086,0.2661044770188516,0.6765255559005335,0.5338808115337855,0.6765255559005335,0.5347275546504704,0.7571799672009322,0.6949955489620907
0,7,0.590308351071524,0.19995420703188915,0.3690950170779488,0.24261701041168288,64,1024,False,2.6759846950820987,2.6758480226975507,0.00013667238455089835,2.7626632473499333,2.66811114483048,0.2662361984468549,0.2538539127758582,1.6220845881080353e-32,2.675848022697551,3.726365642901041e-05,2.6669431190810866,2.6669803827375174,1.3972227418771336e-05,0.04023944241892593,0.03902546906611804,0.04345690295769478,2.629085675764362,0.20983869789420345,0.3226336989995064,0.018525062570727086,0.07042108696002311,0.22806470746581908,0.3050568424296216,0.03510500105767278,0.053464290758711286,2.6758480226975507,2.6759846950820987,1.6220845881080353e-32,2.675848022697551,2.7626632473499333,0.4500016622620913,0.2748311955954158,0.6765255559005335,0.5547564234510914,0.6765255559005335,0.5547564234510914,0.7571799672009322,0.6657136597173647
0,8,0.5246571998994634,0.19226460567782994,0.36096688541812433,0.2329401682602613,64,1024,False,2.7472148682832147,2.7471342183942205,8.064988900896888e-05,2.7752210298448774,2.7601490955159944,0.26359118930898856,0.25828504861734375,2.7266662192422257e-33,2.7471342183942205,3.4965509249852755e-06,2.758007256051847,2.758010752602764,1.2677800192350747e-06,0.05141549277624611,0.04783410786573759,0.05345002749208261,2.712314987650257,0.2081677410238915,0.31901463759408566,0.030510513201321674,0.08242154177075549,0.2265157560032094,0.30163197320507606,0.046955567406257614,0.06537930329068331,2.7471342183942205,2.7472148682832147,2.7266662192422257e-33,2.7471342183942205,2.7752210298448774,0.53593834864904,0.37871874855933846,0.8123872400035985,0.6245324883889151,0.8123872400035985,0.6245324883889151,0.7571799672009322,0.6721861542423866
0,9,0.4818255834737263,0.18911984679433308,0.3584330267744405,0.22961460612455867,64,1024,False,1.3626090175752519,1.3625360445200625,7.297305518663692e-05,1.3854786792313003,1.4240691847437352,0.22584695134072746,0.2234563173769141,1.0677917212854618e-32,1.3625360445200623,1.6097787483237182e-06,1.4305272614027496,1.430528871181496,1.125303222293009e-06,0.055755107155215845,0.05279619763335859,0.057410894883081716,1.3712729871103766,0.17269263555937894,0.279001267122076,0.033638966080776087,0.08622960659190054,0.19107872137101367,0.26186516528832726,0.05008590759098297,0.0691526990631246,1.3625360445200625,1.3626090175752519,1.0677917212854618e-32,1.3625360445200623,1.3854786792313003,0.53593834864904,0.4598104749136055,0.8123872400035985,0.7305170343996412,0.8123872400035985,0.7305170343996412,0.7571799672009322,0.7417067313692691
0,10,0.5177530055520747,0.18622992085404996,0.3578402968582486,0.22912531955148752,64,1024,False,0.9585954392528377,0.9585536138079999,4.1825444844503485e-05,0.9603808961476188,1.0049483384541342,0.1875693336765201,0.18461545969460422,8.228276350227843e-33,0.9585536138079999,5.121046808358039e-06,1.0013436431889684,1.001348764235775,5.1141490270539255e-06,0.05593711713939208,0.05423778647724106,0.058801894567679966,0.9507105519768931,0.13713690294841013,0.23800176440463006,0.03417782880812299,0.08636358893641462,0.15548065528128063,0.22104015191143844,0.05054697693412891,0.06922483963717241,0.9585536138079999,0.9585954392528377,8.228276350227843e-33,0.9585536138079999,0.9603808961476188,0.53593834864904,0.5150748058745196,0.8123872400035985,0.7912452891258814,0.8123872400035985,0.7912452891258814,0.7571799672009322,0.761314796601418
0,11,0.47385601563329033,0.17540652499457043,0.3467846094293205,0.1027873655543301,64,1024,False,0.710356729463416,0.7101906235705474,0.00016610589286592377,0.68138530215963,0.7182566159715661,0.13877704537400232,0.15272389592125937,2.5175970225245993e-32,0.7101906235705475,2.1301512136841095e-05,0.7079655906288516,0.7079868921409864,3.0087438585796832e-05,0.05512986312167337,0.05404261298812753,0.05959749742996386,0.6642140029834386,0.09205470581283509,0.18549938493516954,0.03445258942683344,0.086708756282739,0.11023931976524182,0.16868114475073526,0.05072257715801243,0.06950933443295071,0.7101906235705474,0.710356729463416,2.5175970225245993e-32,0.7101906235705475,0.68138530215963,0.53593834864904,0.5446011549273011,0.8123872400035985,0.8311018025527368,0.8123872400035985,0.8311018025527368,0.7571799672009322,0.7703190491577774
1,0,0.966307371092636,0.4142076124673625,0.5755755905323103,0.5397225587917682,64,1024,False,0.2168532303388097,0.2139480551017122,0.0029051752370978013,0.20521849698741168,0.22009786832937808,0.16198921239120675,0.1793594204551814,4.051502094958443e-32,0.21394805510171222,7.469061368751472e-05,0.2094761266530865,0.20955081726677463,0.000356431984669512,0.006504464843943719,0.00868801481389479,0.00941712622166727,0.2114098535154833,0.11247339312374399,0.21150503165866952,-0.01541816124595618,0.029378770410287913,0.13009405152115505,0.19383761505014263,0.0009568292953190394,0.012769617889716756,0.2139480551017122,0.2168532303388097,4.051502094958443e-32,0.21394805510171222,0.20521849698741168,0.14761508925079203,0.14237841582019023,0.12554969489256212,0.12086329476933567,0.12269275942859326,0.11756722469277335,0.2021023236841195,0.20181903520200206
1,2,0.9838555287116615,0.5810918828942706,0.7214466455711469,0.6962837762832905,64,1024,False,0.540613278538518,0.5399182042015062,0.0006950743370102687,0.5526243098294702,0.521547135226905,0.22313849725436893,0.21518110762744422,7.752587253996744e-32,0.5399182042015062,0.0003458550665543962,0.5237006619454599,0.5240465170120142,0.0006599701654852659,0.010175291993659647,0.012633646358765308,0.01368581592135346,0.5089134888681397,0.1691986136462532,0.2770783808624847,-0.01287498232939796,0.034466540235195395,0.18761503636051202,0.25986314818874234,0.0037142744622542523,0.01763958013179945,0.5399182042015062,0.540613278538518,7.752587253996744e-32,0.5399182042015062,0.5526243098294702,0.14761508925079203,0.11759257895777453,0.10518314949470037,0.0753537388057157,0.11791989447536831,0.08647299579512255,0.2021023236841195,0.18941099122118232
1,3,0.954444040898897,0.33862837563974457,0.5088760939934134,0.35761423511989404,64,1024,False,0.6606027048230214,0.6602033426782941,0.00039936214472863376,0.6694891700959538,0.6303908043741272,0.22170706123217296,0.21230175314217933,1.1921783689668982e-33,0.6602033426782941,0.0007378296896492939,0.6383769573712125,0.6391147870608611,0.001154455669915571,0.021383735388213854,0.020896844638014802,0.02291312697113323,0.6094939597361124,0.16780690916119614,0.2756072133031498,-0.0014049830313193033,0.04831092063162706,0.18645374110201374,0.25862618755490985,0.015233031786920037,0.031367973642772995,0.6602033426782941,0.6606027048230214,1.1921783689668982e-33,0.6602033426782941,0.6694891700959538,0.25100770659755905,0.22721489239155399,0.32234025048506215,0.3151923084034359,0.3223402504850621,0.2377741256361767,0.3549281481448416,0.3389604479405674
1,4,0.8897148111335961,0.2721030864683319,0.44133842178331684,0.34270563369541773,64,1024,False,0.3841060015283796,0.383850550450237,0.0002554510781414029,0.38631160376578677,0.3592886555839212,0.14029801273182144,0.13554855383927455,6.080994454482613e-32,0.38385055045023697,0.00029039212903868495,0.36687100730121264,0.3671613994302508,0.000790911379816359,0.018401235845898156,0.0166898037042503,0.018707983835564945,0.3425988518796709,0.09296562110948375,0.18763040435415912,-0.004014337682586525,0.044700785063587545,0.11126365158270346,0.17083793141500792,0.012456089614715893,0.02772576970164664,0.383850550450237,0.3841060015283796,6.080994454482613e-32,0.38385055045023697,0.38631160376578677,0.25100770659755905,0.22812405523321586,0.33950441639988727,0.3653399047332637,0.33950441639988727,0.36533990473326367,0.3549281481448416,0.3774946367236862
1,5,0.8558346950343473,0.24835295931053428,0.4179692048223774,0.4790721673776482,64,1024,False,0.3945247443502525,0.3942763730481614,0.00024837130209134505,0.3933990195769492,0.382050313353588,0.1384131469844809,0.1377072036842751,1.1825767607849524e-32,0.3942763730481614,0.0001950132102848952,0.3836454776810374,0.3838404908913216,0.0005080579431108275,0.026394717850510264,0.029215065491867073,0.03296770309273239,0.35283524786172094,0.09146122351571234,0.18536507045324946,0.003064016709966623,0.05571128439573101,0.10961363249953138,0.168501478539838,0.019576255239371676,0.038675178213452455,0.3942763730481614,0.3945247443502525,1.1825767607849524e-32,0.3942763730481614,0.3933990195769492,0.2860373340132518,0.2314354672086293,0.4232357226610469,0.4265509118926134,0.4232357226610469,0.41537981127186113,0.30289671876383867,0.24835308280327173
1,6,0.7028013481179222,0.22060894564947342,0.38933904476298675,0.4330768088177788,64,1024,False,0.5396446867256093,0.5395943229450731,5.036378054134542e-05,0.5276669354266508,0.5367201124355235,0.13773920740925424,0.13536333666058303,4.298649058574058e-32,0.539594322945073,0.0001495324105817107,0.5411797241546668,0.5413292565652497,0.0002762319027988591,0.03264817053549892,0.03310530472566091,0.037552205747474164,0.5036148077098627,0.09026391551482563,0.18521449930368286,0.009935063361666632,0.06251356256885018,0.10852935940056341,0.168407262841356,0.026436733023729175,0.04549139791197376,0.5395943229450731,0.5396446867256093,4.298649058574058e-32,0.539594322945073,0.5276669354266508,0.2860373340132518,0.2661044770188516,0.6245500220042285,0.5338808115337855,0.6245500220042285,0.5347275546504704,0.3264889675070385,0.2869630656599693
1,7,0.6215242144393245,0.21056810227909728,0.37977804167595164,0.3990763077260999,64,1024,False,0.9812310141786151,0.9811259010303767,0.00010511314823459086,1.0287278335883598,0.9411277082994517,0.20242846116925442,0.18478514255846787,9.900821514074764e-34,0.9811259010303767,0.0002803719811494988,0.9487321498414135,0.9490125218225598,0.00029543549184266814,0.03853889316520524,0.036795061866995334,0.04121953666384402,0.9043326464324564,0.15037972378525566,0.2544771985532532,0.016697158960595072,0.06883185051146845,0.16872909937228542,0.23739471442240756,0.033272352105996106,0.051877639249141794,0.9811259010303767,0.9812310141786151,9.900821514074764e-34,0.9811259010303767,1.0287278335883598,0.32858700964244086,0.2748311955954158,0.6245500220042285,0.5547564234510914,0.6245500220042285,0.5547564234510914,0.3549281481448416,0.2933477874647043
1,8,0.551179852905598,0.2035275615528369,0.3734671812137244,0.4236940298876799,64,1024,False,0.6846467553039609,0.684621680994314,2.5074309647000654e-05,0.7045849050130798,0.6739641410064344,0.1701157975381433,0.15990222936794163,1.9174651741328626e-32,0.684621680994314,0.000249824687816624,0.672284034181942,0.6725338588697596,0.0003714678220609918,0.04767748544662939,0.04493265523902666,0.05054647016676405,0.6290314857674077,0.12119804769454104,0.21903354738174555,0.026964308960953094,0.07848862743995055,0.13967809197492898,0.20234076554334024,0.043380359376897104,0.06145745842513861,0.684621680994314,0.6846467553039609,1.9174651741328626e-32,0.684621680994314,0.7045849050130798,0.4500016622620913,0.37871874855933846,0.6765255559005335,0.6245324883889151,0.6765255559005335,0.6245324883889151,0.3264889675070385,0.2887000390102625
1,9,0.5085639538532949,0.19847035644160074,0.3687000883281578,0.4323101085027351,64,1024,False,0.6586419822124837,0.6586306642372569,1.131797523031885e-05,0.6829727761109925,0.6829354393307546,0.17096231441134227,0.16836652855227718,1.704186416697813e-33,0.6586306642372569,0.00020246596334732903,0.6839792883651289,0.684181754328477,0.0002959242366029608,0.05134291048893814,0.04955247967093046,0.054167183326696115,0.6333829596598242,0.12218716951794065,0.2197374593047439,0.029429829061839226,0.0816143502782819,0.14052770264243009,0.20290869705786463,0.04578389355447143,0.06448903369164327,0.6586306642372569,0.6586419822124837,1.704186416697813e-33,0.6586306642372569,0.6829727761109925,0.53593834864904,0.4598104749136055,0.6765255559005335,0.6760296158843446,0.6765255559005335,0.6760296158843446,0.3264889675070385,0.290140847603735
1,10,0.5410870971337364,0.19525469583456934,0.3665392410324795,0.4770197509116216,64,1024,False,0.5662344090559596,0.566270927207425,-3.651815146559169e-05,0.5734858892470279,0.5954970980112158,0.14217298381338844,0.1412474483164524,1.826958461010372e-32,0.5662709272074249,4.365224704978927e-06,0.5950578736455064,0.5950622388702135,7.335744767247796e-06,0.05269073496556156,0.05114947882988948,0.05571174539155722,0.5443476191813262,0.09559137499400368,0.18875459263277322,0.0311528328057814,0.08289582059109518,0.11389768361550523,0.1720824054646073,0.04743205381964799,0.06569350476638647,0.566270927207425,0.5662344090559596,1.826958461010372e-32,0.5662709272074249,0.5734858892470279,0.4500016622620913,0.4406944639484675,0.6765255559005335,0.6844516841046494,0.6765255559005335,0.6844516841046494,0.30289671876383867,0.22840234708260243
1,11,0.48639069212173364,0.19626848118863474,0.36786455771172,0.36872632869370675,64,1024,False,0.5421651228309166,0.5421211099178393,4.401291307834411e-05,0.5246479740914252,0.5758554661090051,0.13176897005911115,0.13577923187899754,6.0591452794703446e-33,0.5421211099178393,4.74554828106033e-06,0.561456784139031,0.5614615296873128,8.452134349620008e-06,0.048020210938952916,0.04798275111193615,0.053535447778984696,0.5278727149970689,0.08607371152913723,0.17746422858908506,0.027886711436796982,0.07905004708986191,0.10430356150027364,0.16077635977853788,0.043987978431687225,0.061735270435747225,0.5421211099178393,0.5421651228309166,6.0591452794703446e-33,0.5421211099178393,0.5246479740914252,0.53593834864904,0.5446011549273011,0.6765255559005335,0.7206105127655608,0.6765255559005335,0.7206105127655608,0.3549281481448416,0.3425479909670751
2,0,0.9589660133372904,0.341959042103236,0.5050693778317084,0.2961295679707288,64,1024,False,1.3631462206790979,1.3595267963551578,0.003619424323940092,1.3110608700755875,1.3413581844910991,0.27848037381737667,0.29458108199553495,1.907996540713966e-32,1.3595267963551578,0.0004321105004634612,1.3282411693600071,1.3286732798604661,0.0003252195306500333,0.009948218290692002,0.009293579156581962,0.010095568334473953,1.332064605334517,0.21901767744102932,0.33794307019372405,-0.012428238363838022,0.03332353367692757,0.23665866145165637,0.3195247473777272,0.004069405957125127,0.016627041324682068,1.3595267963551578,1.3631462206790979,1.907996540713966e-32,1.3595267963551578,1.3110608700755875,0.25100770659755905,0.15659000660586123,0.32234025048506215,0.25642554251236044,0.3223402504850621,0.25642554251236044,0.4506221297892544,0.34835639404913665
2,1,0.9838555287116615,0.5810918828942706,0.7214466455711469,0.6962837762832905,64,1024,False,0.4192152858513203,0.4186990164850204,0.0005162693662996951,0.39406547822837396,0.41164459037075923,0.21282485009133625,0.2195832145179093,3.0989744133488626e-33,0.4186990164850204,0.0002936780372553761,0.40323425023221776,0.4035279282694728,0.0007277762372354565,0.007524376214861695,0.005111876481983991,0.005915015221074384,0.40653271388877527,0.15802976198657848,0.26761993819609403,-0.013964050623019775,0.029792820617632033,0.1756988823544816,0.2495824894940597,0.0023869734068284743,0.013433888576400932,0.4186990164850204,0.4192152858513203,3.0989744133488626e-33,0.4186990164850204,0.39406547822837396,0.14761508925079203,0.12171813153952948,0.10518314949470037,0.08592432757912212,0.11791989447536831,0.09951018889183458,0.2021023236841195,0.18710281285952246
2,3,0.9759741397509264,0.4618233517973007,0.6309592350537243,0.5716504588766229,64,1024,False,0.26350944103795715,0.26338177506655963,0.00012766597139656296,0.2539793856063372,0.2607817376618649,0.09436934123925983,0.0958839646815784,3.647569643262716e-32,0.2633817750665596,4.6992105547903315e-06,0.2675123897549414,0.26751708896549664,1.756602007356778e-05,0.0123837336857384,0.011701147322092067,0.013498680951889388,0.24908059033977284,0.05177434398056878,0.13696433849795087,-0.008965447269587373,0.03750926932719303,0.06924456673732493,0.11964023165637627,0.0076718689379049465,0.02076790403225459,0.26338177506655963,0.26350944103795715,3.647569643262716e-32,0.2633817750665596,0.2539793856063372,0.14761508925079203,0.13794560776392428,0.12554969489256212,0.10652478936107754,0.11791989447536831,0.11509815658995012,0.2021023236841195,0.1973862271457361
2,4,0.9067511516040648,0.3479895061098014,0.5194758047957492,0.5263780262640267,64,1024,False,0.41879806069795333,0.4187407598114333,5.730088651938677e-05,0.4179873751116763,0.424783781104516,0.11703311138213583,0.114957094197672,3.4315835098083426e-32,0.4187407598114334,2.4586817400647587e-05,0.42497696799628737,0.4250015548136878,5.7851123418656567e-05,0.01072443691302795,0.009001566519234509,0.010745914493725063,0.4157822145852815,0.07131659922689529,0.16274962353737638,-0.01016830160571351,0.035063894610577864,0.08882519820326706,0.14523351192474365,0.00618231780390488,0.018330125196371228,0.4187407598114333,0.41879806069795333,3.4315835098083426e-32,0.4187407598114334,0.4179873751116763,0.25100770659755905,0.22812405523321586,0.25365347245786113,0.19173947482398646,0.25365347245786113,0.19173947482398646,0.2021023236841195,0.19728083775417943
2,5,0.8670611245560549,0.3016508439735479,0.4723654153219169,0.5045957215424763,64,1024,False,0.3528637719117947,0.35266716691473304,0.00019660499705980157,0.34648252837466015,0.3620045352999359,0.11945031792033321,0.12696565969608403,1.4450299365428076e-32,0.35266716691473304,1.0425746305365692e-06,0.3600541727826859,0.36005521535731677,2.895596525388263e-06,0.021193046196449225,0.022129018390140122,0.025635133425010646,0.3398755169097958,0.0736012074884693,0.16529942835219713,-0.001506608958404973,0.04949154174114148,0.091491357787163,0.14820407378283562,0.015153521111642476,0.03262239145988133,0.35266716691473304,0.3528637719117947,1.4450299365428076e-32,0.35266716691473304,0.34648252837466015,0.2860373340132518,0.2314354672086293,0.32234025048506215,0.33617486135453106,0.3223402504850621,0.33617486135453106,0.27484729957540155,0.2106642968602266
2,6,0.6981323620633418,0.25409775866260026,0.42342311321408305,0.38859278010684434,64,1024,False,0.4770005843395495,0.47692768997138874,7.289436816032239e-05,0.462364785581736,0.48993722013065005,0.12051977641138988,0.12028282465072275,3.487337332805607e-32,0.47692768997138885,0.00010273164576351866,0.495468431115768,0.49557116276153057,0.00020729948286549765,0.028568330154689837,0.027184099408109157,0.03155335181509858,0.4627531207225409,0.07426009466049628,0.16677945816228346,0.006275212447469078,0.05791768448022788,0.09250904692453332,0.150003003400343,0.02278105192090152,0.04092292208952131,0.47692768997138874,0.4770005843395495,3.487337332805607e-32,0.47692768997138885,0.462364785581736,0.2860373340132518,0.2661044770188516,0.4232357226610469,0.4188880490031927,0.4232357226610469,0.4188880490031927,0.3549281481448416,0.3383162189196794
2,7,0.6061940449626414,0.23655439050485144,0.40539631715304214,0.2985417028627155,64,1024,False,0.9583035795044432,0.9581265867990225,0.00017699270542514704,1.008728564306985,0.9502079665226895,0.20591660479063456,0.18878303265941682,1.130641132421035e-32,0.9581265867990225,0.0003794976521945316,0.9652934913084789,0.965672988960674,0.0003929877469214231,0.03480046759269951,0.031446818324441274,0.035825353019101495,0.9187611481982482,0.15354695244322403,0.2582862571380451,0.013092612344005255,0.06489602639248256,0.17196133547258796,0.24122188501496566,0.02966249012388289,0.04792762853321619,0.9581265867990225,0.9583035795044432,1.130641132421035e-32,0.9581265867990225,1.008728564306985,0.32858700964244086,0.2748311955954158,0.4696355137230678,0.4106301630640015,0.5423482427006348,0.4106301630640015,0.4506221297892544,0.3397676200160462
2,8,0.5341156486789864,0.22504759130491134,0.39405801581087696,0.34012674697920264,64,1024,False,1.1333132114531888,1.1332380073532946,7.520409989492291e-05,1.1791776232237452,1.1335697378915168,0.22587668177904807,0.20821336676928526,2.8703147770725704e-32,1.1332380073532948,0.0006060205289280385,1.1445079495925832,1.145113970121511,0.0005292228937384566,0.04314194748081468,0.03970423861147497,0.045302865723463016,1.0938654992800418,0.17307260808798003,0.2786807554701161,0.022531504006505464,0.07382806278703233,0.19165223824529676,0.26175189694185974,0.038911405943508726,0.05675256747781532,1.1332380073532946,1.1333132114531888,2.8703147770725704e-32,1.1332380073532948,1.1791776232237452,0.53593834864904,0.37871874855933846,0.6245500220042285,0.5818863603719578,0.6245500220042285,0.5818863603719578,0.3549281481448416,0.3168177193537941
2,9,0.49071612968522543,0.2178408824531644,0.3873042576102208,0.3381324849401964,64,1024,False,0.9980484777905468,0.9979825797963822,6.589799417411675e-05,1.0357275555054322,1.0021478273013344,0.22044540647219688,0.20592479482849035,1.1100764376608568e-32,0.9979825797963824,0.00017939192745912877,1.0109111663344845,1.011090558261943,0.00017742419409741314,0.04664383465170647,0.04422227612096194,0.04883243327891814,0.9579255511803725,0.16843373758479024,0.2724570753596035,0.024967215883266638,0.07667706205560336,0.1869718810194172,0.2555413959780708,0.04130722812260501,0.05952423471171642,0.9979825797963822,0.9980484777905468,1.1100764376608568e-32,0.9979825797963824,1.0357275555054322,0.53593834864904,0.4598104749136055,0.6245500220042285,0.5929209809656742,0.6245500220042285,0.5929209809656742,0.3549281481448416,0.32250912874671817
2,10,0.5206944771763995,0.21135633991619096,0.3807761512139728,0.4495646488873252,64,1024,False,0.5658272536390333,0.5658580301812557,-3.077654222215677e-05,0.5704937421899117,0.5759209641839632,0.1627446566353315,0.15774142114354775,1.325068596531009e-32,0.5658580301812559,1.2993400691954703e-05,0.5792003034905683,0.5792132968912618,2.2432842549873316e-05,0.04708473536014074,0.045274844816669525,0.04982514490149106,0.5306461193672937,0.11454043378352646,0.21094887948713653,0.025868011634052866,0.07696410983488071,0.13314051833731355,0.19442200805497123,0.0421399933838984,0.059758913921541534,0.5658580301812557,0.5658272536390333,1.325068596531009e-32,0.5658580301812559,0.5704937421899117,0.53593834864904,0.5150748058745196,0.6245500220042285,0.6287081973745605,0.6245500220042285,0.6287081973745605,0.30289671876383867,0.22840234708260243
2,11,0.4793087560442283,0.20304826085489383,0.3745449514740912,0.38210063601973443,64,1024,False,0.3017646301333738,0.3017365274910252,2.810264234779079e-05,0.2993836553293179,0.32084977293175276,0.12070615523692682,0.11843678477258142,9.967387730331725e-33,0.3017365274910252,1.8208869560316292e-06,0.31929961636630516,0.3193014372532616,5.702720826111876e-06,0.04355135992330926,0.04212510464056828,0.047651200250330844,0.2787246682911845,0.07667102150541658,0.16474128896843707,0.023875896488470987,0.07411229553844878,0.09508510797604686,0.14843406723230146,0.04002157929062378,0.05684514953463804,0.3017365274910252,0.3017646301333738,9.967387730331725e-33,0.3017365274910252,0.2993836553293179,0.53593834864904,0.5446011549273011,0.6765255559005335,0.7206105127655608,0.6765255559005335,0.7206105127655608,0.3549281481448416,0.3425479909670751
3,0,0.9282360632175386,0.27199607688097227,0.44086202544392383,0.15670422979679707,64,1024,False,1.2721502362310433,1.2679241477848302,0.004226088446216069,1.218585464048113,1.2541221766426365,0.2763922546078947,0.2918454556826108,6.272410585354694e-34,1.2679241477848302,0.00028931471860791584,1.239793523768822,1.2400828384874287,0.00023330273561466495,0.008013408604760205,0.007896523103906877,0.008545438167551916,1.2462256535387295,0.217023482981247,0.33576102623454235,-0.013912556648114046,0.030756646564494505,0.234639130452706,0.3173257642411045,0.0024494940735166892,0.014166210632538423,1.2679241477848302,1.2721502362310433,6.272410585354694e-34,1.2679241477848302,1.218585464048113,0.25100770659755905,0.1749279972883356,0.4232357226610469,0.33629149447399276,0.4232357226610469,0.33629149447399276,0.7571799672009322,0.9648094186148406
3,1,0.954444040898897,0.33862837563974457,0.5088760939934134,0.35761423511989404,64,1024,False,0.21825598988936012,0.2168606695816799,0.001395320307679562,0.20601543199280778,0.21182334065834493,0.13801191286769135,0.14425956187595784,5.456993267521965e-33,0.21686066958167996,1.0417503275767505e-05,0.20994151930019656,0.2099519368034724,4.961851476282837e-05,0.008739000665218344,0.008876472998121422,0.009716980894076363,0.20294686766022352,0.0910437800860154,0.18498004564936732,-0.013954652767697811,0.03228624152974597,0.10866188818181399,0.1675027586898068,0.002598274215415586,0.0155297641758807,0.2168606695816799,0.21825598988936012,5.456993267521965e-33,0.21686066958167996,0.20601543199280778,0.25100770659755905,0.25263356797755965,0.32234025048506215,0.3300952383845458,0.3223402504850621,0.33009523838454574,0.3549281481448416,0.40505429576864566
3,2,0.9759741397509264,0.4618233517973007,0.6309592350537243,0.5716504588766229,64,1024,False,0.039608406606521485,0.038317807433693514,0.0012905991728280439,0.04283097160228887,0.041686684608611135,0.04226283569228491,0.04112592696866278,5.525895963139593e-33,0.038317807433693514,3.199794188083363e-05,0.04051888306055152,0.040550881002432364,0.0007890812995879003,0.005306262277227109,0.007509192053923762,0.008110039860994015,0.034177492554687376,0.010985652303259139,0.07354001908131068,-0.016841531694328896,0.027948422898288274,0.028149105150077958,0.05678304412867874,-0.000622053375991527,0.011149958059831988,0.038317807433693514,0.039608406606521485,5.525895963139593e-33,0.038317807433693514,0.04283097160228887,0.14761508925079203,0.11759257895777453,0.12554969489256212,0.13041550214493114,0.11791989447536831,0.11335335880926185,0.2021023236841195,0.1953700098850137
3,4,0.9406512669162845,0.5469102575742707,0.7003633413480419,0.7435907800821805,64,1024,False,0.07667107626033594,0.07659172623929679,7.935002103883803e-05,0.07282080176725846,0.07915516729348218,0.05405564410003596,0.05999644189809219,1.949239605039406e-32,0.07659172623929679,9.272031651284936e-05,0.07410962915609069,0.07420234947260339,0.0012495603868592205,0.004015270511055457,0.004184283755630686,0.0046762944072891366,0.0749708835378515,0.01872200438385721,0.0893892838162147,-0.0163967872850738,0.02557790677370985,0.035613959247712046,0.07198550188331865,-0.00046116230805637315,0.009469777920458,0.07659172623929679,0.07667107626033594,1.949239605039406e-32,0.07659172623929679,0.07282080176725846,0.25100770659755905,0.22812405523321586,0.10518314949470037,0.1073406393431965,0.11791989447536831,0.12092650065590897,0.0835494125820699,0.0843746903370554
3,5,0.8926434337876622,0.4085602577619564,0.57012019746051,0.29308893065050323,64,1024,False,0.12297380837031657,0.12241242053211902,0.0005613878381978149,0.1302405080710169,0.13043440205763854,0.10178257971643566,0.10072774870425534,1.010688566625075e-32,0.122412420532119,6.079101470670533e-09,0.12608212239183456,0.12608212847093545,4.8215409625416445e-08,0.01520660307382969,0.017117190592408144,0.019684389390703706,0.1133172114652304,0.061216421773460164,0.14234873765941114,-0.0076752456252019395,0.04213862139198861,0.07915739455347648,0.1258318839754793,0.00895777790719876,0.025297573789430317,0.12241242053211902,0.12297380837031657,1.010688566625075e-32,0.122412420532119,0.1302405080710169,0.25100770659755905,0.2314354672086293,0.12554969489256212,0.14164792025617895,0.12269275942859326,0.14041932782924546,0.4506221297892544,0.44898473609104494
3,6,0.7271707642118127,0.3063342419569656,0.474288440927721,0.18478348636478686,64,1024,False,0.314517313642543,0.314235123178611,0.0002821904639303658,0.3268820148541713,0.3331041312353288,0.17707379250219887,0.17309788990278013,1.060728805478698e-32,0.314235123178611,4.647170498556035e-08,0.3320636150636758,0.33206366153537986,1.3994817972760624e-07,0.020047305319980717,0.01881088888316447,0.02278992366047194,0.3142932423521643,0.12833846615118805,0.2258091188532097,-0.001291798603299494,0.047975869100113935,0.1464383287820965,0.20875450875610113,0.015165410361078102,0.031034341307531577,0.314235123178611,0.314517313642543,1.060728805478698e-32,0.314235123178611,0.3268820148541713,0.2860373340132518,0.2661044770188516,0.32234025048506215,0.3220374661937882,0.3223402504850621,0.32203746619378815,0.7571799672009322,0.6949955489620907
3,7,0.6388809311536977,0.2759970345509497,0.4462465604241206,0.1500596462414814,64,1024,False,0.5660707833233533,0.565728699045902,0.00034208427745202824,0.61976999406359,0.5941650924004503,0.2345484263059134,0.22334466382895535,8.797566155337479e-33,0.5657286990459018,0.00013150768839045274,0.5947840243165742,0.5949155320049628,0.0002210527063350494,0.024778369289596845,0.02144725515115718,0.025626086665348328,0.5727178372492931,0.18164588076515523,0.2874509718466716,0.004169976893087388,0.05346847643987494,0.19990731748839607,0.27021793965104735,0.02071843000157969,0.036547755044011865,0.565728699045902,0.5660707833233533,8.797566155337479e-33,0.5657286990459018,0.61976999406359,0.32858700964244086,0.2748311955954158,0.33950441639988727,0.3089647510264041,0.33950441639988727,0.308964751026404,0.7571799672009322,0.7317332109807171
3,8,0.5589108808807404,0.25247411060088343,0.42313953221131184,0.1868429460508151,64,1024,False,0.5167040936677174,0.5164710656969779,0.00023302797073696503,0.5495959648220734,0.5354996678462541,0.24855532359181245,0.23799504048058667,1.2811350701310027e-32,0.5164710656969779,8.269801339236527e-05,0.5409801455348638,0.5410628435482583,0.00015284363799597948,0.03168158900868805,0.02738591124081877,0.03282248760631666,0.5081137566054353,0.1960235397447192,0.3010871074389057,0.012049005171020845,0.06125301835220521,0.21432081978855422,0.2839023338165134,0.02844043810182484,0.04424638006457826,0.5164710656969779,0.5167040936677174,1.2811350701310027e-32,0.5164710656969779,0.5495959648220734,0.4500016622620913,0.37871874855933846,0.4232357226610469,0.4091956957542663,0.4232357226610469,0.4091956957542663,0.7571799672009322,0.6721861542423866
3,9,0.5159001686019578,0.23990220695721712,0.41076352701062524,0.13529568300752023,64,1024,False,0.5339390435013631,0.533700900606443,0.0002381428949199047,0.5621318584571277,0.54470990388627,0.259893706280868,0.25441868747931856,7.52637407089083e-33,0.533700900606443,8.49941716382453e-06,0.5467933204773497,0.5468018198945128,1.5543871389206807e-05,0.03444609223570526,0.030706055753760324,0.03523188174383555,0.5140038481325098,0.20711655479870994,0.31267085776302606,0.013968821768774335,0.06324563380037315,0.22544113364710938,0.2954717957836692,0.030285304223070852,0.04613804393738974,0.533700900606443,0.5339390435013631,7.52637407089083e-33,0.533700900606443,0.5621318584571277,0.53593834864904,0.4598104749136055,0.4696355137230678,0.45642175018963066,0.4453979373972121,0.42284086616910765,0.7571799672009322,0.7417067313692691
3,10,0.5475014575239174,0.23370938729664137,0.4055482722699453,0.21267302222126333,64,1024,False,0.4262922934416444,0.4261417760821278,0.00015051735951499045,0.43820381504064115,0.4379033130349838,0.2388336585383564,0.24219866066790205,9.81098124761031e-33,0.4261417760821278,4.690712843482838e-05,0.4378342222843541,0.4378811294127892,0.0001071229730720119,0.033551685528715375,0.030882210955881822,0.03535310438548543,0.40702110207910197,0.18761443162711453,0.2900528854495983,0.01362694067045897,0.06207152951910952,0.2058824631749303,0.2729452032363042,0.029944593392428942,0.045005154206592124,0.4261417760821278,0.4262922934416444,9.81098124761031e-33,0.4261417760821278,0.43820381504064115,0.4500016622620913,0.4406944639484675,0.4696355137230678,0.47412575639198584,0.4453979373972121,0.4468367618685263,0.7571799672009322,0.761314796601418
3,11,0.4957237559234518,0.2215872039177339,0.39470750743449934,0.21923714655970777,64,1024,False,0.4341799717476836,0.4340149885036984,0.0001649832439865151,0.46508033745056493,0.4471121555649605,0.2558328537164349,0.24867479304170373,2.27366561775818e-32,0.43401498850369846,9.305210121930727e-05,0.44481720979233136,0.44491026189355043,0.00020914802194778548,0.030469077152751586,0.028440929709621764,0.0338496323685808,0.4186712258553387,0.20445380014169653,0.3072119072911732,0.011858188461576078,0.0597679115043612,0.22264397846447537,0.29001422611327143,0.028134930893429555,0.042663091626309324,0.4340149885036984,0.4341799717476836,2.27366561775818e-32,0.43401498850369846,0.46508033745056493,0.53593834864904,0.5446011549273011,0.6245500220042285,0.6368169208160487,0.6245500220042285,0.6368169208160487,0.7571799672009322,0.7703190491577774
4,0,0.872013197841299,0.24029569527224767,0.4113587451192397,0.16923899833998365,64,1024,False,0.19218961310189187,0.18793915689984722,0.004250456202044696,0.20385044050719736,0.19089862654434167,0.14924286136928752,0.13825473774836622,1.5731311638265824e-33,0.18793915689984722,3.714624844870621e-05,0.18870295168097406,0.1887400979294228,0.00019681164127930366,0.01181578950578508,0.011866175994241647,0.012617067921125873,0.17903245055010003,0.10183714681364958,0.19664857592492546,-0.011111517954487454,0.03569426625265741,0.11986668239114806,0.17955827725381823,0.005480651365360245,0.01893820889381459,0.18793915689984722,0.19218961310189187,1.5731311638265824e-33,0.18793915689984722,0.20385044050719736,0.2860373340132518,0.2944067629810507,0.4696355137230678,0.5076048098967636,0.4453979373972121,0.4937074367752151,0.7571799672009322,0.9648094186148406
4,1,0.8897148111335961,0.2721030864683319,0.44133842178331684,0.34270563369541773,64,1024,False,0.26334176748954247,0.261863559142704,0.001478208346840417,0.25697930808229696,0.25479960435923543,0.1387147325402135,0.13420891900129103,1.6436249076199076e-33,0.261863559142704,2.721608739602754e-05,0.25985382087157377,0.2598810369589703,0.00010472517623640382,0.009986890657949844,0.010338875714472643,0.01130167752312014,0.2444607286447628,0.09259363537326516,0.18483582970716184,-0.013215853312336856,0.03414955896995169,0.11021965814143186,0.16746870505448896,0.003470584262686316,0.01737535347638186,0.261863559142704,0.26334176748954247,1.6436249076199076e-33,0.261863559142704,0.25697930808229696,0.25100770659755905,0.25263356797755965,0.33950441639988727,0.38631160376578677,0.33950441639988727,0.38631160376578677,0.3549281481448416,0.40505429576864566
4,2,0.9067511516040648,0.3479895061098014,0.5194758047957492,0.5263780262640267,64,1024,False,0.0845489115207343,0.08308778768215169,0.0014611238385830816,0.08931956980404601,0.08000170285415815,0.06871126672303839,0.060209326133347625,2.7673983536127194e-33,0.08308778768215168,2.2911975506141622e-05,0.08572323258848902,0.08574614456399547,0.00026720706362536896,0.006714567180507704,0.010545646838339471,0.011385968461102928,0.06945605601581868,0.03254244457195515,0.10488008887412162,-0.015826015168324385,0.030264251679147345,0.05001238149270648,0.08810073888162151,0.0006758040108252317,0.013486771546013188,0.08308778768215169,0.0845489115207343,2.7673983536127194e-33,0.08308778768215168,0.08931956980404601,0.25100770659755905,0.26179460453787917,0.25365347245786113,0.31594084122546345,0.25365347245786113,0.31594084122546334,0.2021023236841195,0.1953700098850137
4,3,0.9406512669162845,0.5469102575742707,0.7003633413480419,0.7435907800821805,64,1024,False,0.018585091604958456,0.018292525986598553,0.0002925656183599792,0.02136473374025404,0.015204034003976529,0.020355456531153924,0.014065023609535526,2.3209983131435712e-33,0.018292525986598553,3.2423334660022856e-05,0.018219311203914484,0.018251734538574493,0.0017764522375392385,0.005224005821157553,0.006449297439740193,0.007722491401506896,0.008754736564236337,-0.005952361943318111,0.04666327500562596,-0.015341031409868738,0.028522116795794864,0.011474517559690867,0.03051994388079038,0.001129608070186805,0.012232255088747479,0.018292525986598553,0.018585091604958456,2.3209983131435712e-33,0.018292525986598553,0.02136473374025404,0.25100770659755905,0.22721489239155399,0.10518314949470037,0.10652478936107754,0.11791989447536831,0.11509815658995012,0.0835494125820699,0.08833284941605574
4,5,0.9713900887781952,0.6489281338763528,0.7787207509632684,0.5084847583968609,64,1024,False,0.0959016409274684,0.09545680256119848,0.00044483836627052923,0.10046839266285752,0.10020218187209654,0.08528198218061833,0.08487255599793798,1.8827976733216032e-35,0.09545680256119848,2.2839097536483118e-05,0.09651498438325075,0.09653782348078725,0.00023658185686181856,0.015286089367554429,0.017931520829953362,0.020310348207078784,0.08227066104214317,0.04694333083829524,0.12362063352294142,-0.008114899526855054,0.04219656252837087,0.06451360858045518,0.10683178554609185,0.008562286027881783,0.025421280901355203,0.09545680256119848,0.0959016409274684,1.8827976733216032e-35,0.09545680256119848,0.10046839266285752,0.14761508925079203,0.15190115257696787,0.036438411130777504,0.024365451744985816,0.036438411130777504,0.024365451744985816,0.2021023236841195,0.2106642968602266
4,6,0.8147278048193365,0.43067617539057895,0.5909841356409963,0.3102968473296373,64,1024,False,0.1836341440407334,0.1833961536217714,0.00023799041896128745,0.18998204370470884,0.19653195653378092,0.12251912926729028,0.13072334911299094,2.8634221391519563e-34,0.1833961536217714,1.3828103365232359e-05,0.19285564516509798,0.192869473268463,7.16966927471433e-05,0.023634951326136307,0.023223888165492226,0.027168966005650323,0.1733080683682887,0.0790176617424475,0.16602059679213305,0.001316945368836326,0.05254069719601058,0.0971243720559869,0.14937149680918083,0.017869519237137865,0.035599039525550324,0.1833961536217714,0.1836341440407334,2.8634221391519563e-34,0.1833961536217714,0.18998204370470884,0.2860373340132518,0.2661044770188516,0.12554969489256212,0.12235586488927562,0.12269275942859326,0.12580728784586595,0.3549281481448416,0.36455220245972736
4,7,0.7268976784221708,0.3740441592322497,0.5371305438793541,0.32815427136393915,64,1024,False,0.27318687679821607,0.27291995158702137,0.00026692521119474555,0.2941593798439269,0.28966727203895754,0.1711749076841543,0.17242497115423577,5.89676950528163e-35,0.27291995158702137,0.0002085103282118253,0.2870284443020691,0.28723695463028015,0.0007259174867670192,0.0298241200885166,0.026528515351500147,0.03067674001988881,0.2631387566874574,0.12417434012068199,0.21817547524762662,0.008251466756118757,0.05949384548319609,0.14227767231932376,0.2012449599278625,0.024848394619766623,0.042534340063866694,0.27291995158702137,0.27318687679821607,5.89676950528163e-35,0.27291995158702137,0.2941593798439269,0.2860373340132518,0.2748311955954158,0.1731713176970289,0.12237828984024575,0.1731713176970289,0.11952062783636981,0.3549281481448416,0.3397676200160462
4,8,0.6383494344081855,0.3360130097021456,0.502587872549748,0.3302148581528476,64,1024,False,0.27928671354705714,0.27910236394959176,0.00018434959746629545,0.29288724888688694,0.2876036846526937,0.18383055958233546,0.18014103723961958,5.982332152944274e-35,0.27910236394959176,0.000141978653314423,0.29081255524329086,0.29095453389660497,0.00048797539400048407,0.036972285204604355,0.033814176712029166,0.039263464390481485,0.2537895079406645,0.13650974661370324,0.23115137255096768,0.01653902416967567,0.06733207724680182,0.1547357098388602,0.21430525770119857,0.033015837012499105,0.050309972335526254,0.27910236394959176,0.27928671354705714,5.982332152944274e-35,0.27910236394959176,0.29288724888688694,0.32858700964244086,0.34147129276090166,0.32234025048506215,0.32430378392494047,0.3223402504850621,0.3243037839249404,0.3549281481448416,0.3168177193537941
4,9,0.5966634691124606,0.31299312585758354,0.47954238602222077,0.294964980178391,64,1024,False,0.27974432747512457,0.27956227896317287,0.0001820485119508813,0.2882818073958974,0.2856555227339267,0.19900100546303523,0.1961983443042144,3.919995010362572e-34,0.2795622789631728,7.871298833175754e-05,0.28614127448071025,0.2862199874690413,0.0002750087058132914,0.04001374312044622,0.03685934653229056,0.0413977447283711,0.24879617620163613,0.15099803605834328,0.24700397486772718,0.0187731382198962,0.0695882126341382,0.1692064939852571,0.23007720360328676,0.035147362723364495,0.052457822574069723,0.27956227896317287,0.27974432747512457,3.919995010362572e-34,0.2795622789631728,0.2882818073958974,0.32858700964244086,0.3490145786035864,0.32234025048506215,0.3246108133576731,0.3223402504850621,0.3246108133576731,0.4506221297892544,0.47381360441687687
4,10,0.6256155123273893,0.29876460950058403,0.46487728861682925,0.4381130872787775,64,1024,False,0.2310411476219192,0.2309566736147157,8.44740072039682e-05,0.23007228824635592,0.23660966168402622,0.1727928675123192,0.17586273415265927,1.1418838640271922e-36,0.2309566736147157,3.3735588993355164e-06,0.23535409318309228,0.23535746674199148,1.4333766189936732e-05,0.039137076014463756,0.03675404776989302,0.04121442314808393,0.1998556139141332,0.127148850177572,0.21843688484706641,0.01839275324470189,0.06848877254001506,0.1452384317308315,0.20159214454179164,0.034805806615622714,0.05143013661290752,0.2309566736147157,0.2310411476219192,1.1418838640271922e-36,0.2309566736147157,0.23007228824635592,0.32858700964244086,0.3328702583987925,0.32234025048506215,0.32849144796764257,0.3223402504850621,0.3284914479676425,0.30289671876383867,0.22840234708260243
4,11,0.5426743085904733,0.26503941624767957,0.4343403002961182,0.4108985419637572,64,1024,False,0.20878015145310372,0.20866847787392884,0.00011167357917582899,0.21401481156893884,0.21213833861266732,0.17777647268226368,0.17496819556133236,3.854328502978744e-34,0.20866847787392884,2.756922707540693e-05,0.21117425441818613,0.21120182364526177,0.00013053498591807938,0.03635547980016752,0.03447615850060222,0.03991372898678255,0.17766218011206508,0.1321541978422349,0.22339874752229247,0.017034676073684057,0.06649910353237189,0.15012501062301453,0.2064601649180986,0.03333515942358645,0.04938143469917122,0.20866847787392884,0.20878015145310372,3.854328502978744e-34,0.20866847787392884,0.21401481156893884,0.4500016622620913,0.4916285092545632,0.4232357226610469,0.4464824905601701,0.4232357226610469,0.4460486692949869,0.3264889675070385,0.3425479909670751
5,0,0.8446249177177283,0.22878176385957216,0.4009960390106294,0.24699378215092554,64,1024,False,0.11471558185074048,0.11067810187911026,0.004037479971631112,0.11714135848534091,0.11750380242318043,0.10804675436443167,0.10876897362420836,1.1044107455101474e-33,0.11067810187911027,1.1378749111262042e-05,0.11155211316468963,0.11156349191380055,0.00010199348295815108,0.008409208050798202,0.008326083586171668,0.009025492441771988,0.10917771883700876,0.06640237772609005,0.14969113100277331,-0.013101588482486123,0.030815276017241704,0.08396060452651,0.13257295561925275,0.003188484566635452,0.014349460965604521,0.11067810187911026,0.11471558185074048,1.1044107455101474e-33,0.11067810187911027,0.11714135848534091,0.2860373340132518,0.2944067629810507,0.6245500220042285,0.6635814576595275,0.6245500220042285,0.6635814576595275,0.7571799672009322,0.9648094186148406
5,1,0.8558346950343473,0.24835295931053428,0.4179692048223774,0.4790721673776482,64,1024,False,0.22608484898271194,0.22484075610194157,0.0012440928807724815,0.24835308280327173,0.21277814570269254,0.18440134640865333,0.15799113192648323,1.7039954553940212e-33,0.22484075610194157,8.883569558293225e-05,0.22333457825717015,0.22342341395275359,0.0003976113962779119,0.008639219488900573,0.00833773505387118,0.00917785886213827,0.20444041064882137,0.13446106086714574,0.23434163195016092,-0.0138926110981642,0.03209051028977533,0.15256354901066516,0.21715839947137283,0.0028179332584841177,0.015541151777142659,0.22484075610194157,0.22608484898271194,1.7039954553940212e-33,0.22484075610194157,0.24835308280327173,0.2860373340132518,0.2915115921597258,0.4232357226610469,0.44266712708968864,0.4232357226610469,0.44266712708968864,0.30289671876383867,0.3272145478504437
5,2,0.8670611245560549,0.3016508439735479,0.4723654153219169,0.5045957215424763,64,1024,False,0.18876634642459433,0.18737013398602137,0.0013962124385721111,0.203212070776143,0.1829638383475435,0.1541282032697664,0.14318310418663396,1.2236750465367065e-32,0.18737013398602134,0.00016218541836244478,0.18313017457472505,0.1832923599930879,0.0008848454914790825,0.006282203319864329,0.00829935015537758,0.009184648441806663,0.17466448819216593,0.10687980824138657,0.20137659829814622,-0.015704830914778638,0.029241826439087994,0.1250648341010674,0.18446129672520328,0.0007621287149959244,0.01267000787629513,0.18737013398602137,0.18876634642459433,1.2236750465367065e-32,0.18737013398602134,0.203212070776143,0.2860373340132518,0.2942553379272172,0.32234025048506215,0.31594084122546345,0.3223402504850621,0.31594084122546334,0.27484729957540155,0.32941154358496033
5,3,0.8926434337876622,0.4085602577619564,0.57012019746051,0.29308893065050323,64,1024,False,0.06480323452007168,0.06422691008058107,0.0005763244394905555,0.060550216211403586,0.07207034821690822,0.06161227227769774,0.07247555006552596,1.0802546407873405e-33,0.0642269100805811,5.090078878003807e-05,0.06425438094157587,0.06430528173035598,0.0007915491140132868,0.008008505245942349,0.010410300543490207,0.011543751639577101,0.06166004767341801,0.0281236733058821,0.09510087124951339,-0.01359706932441254,0.032231268148769726,0.0457673318014713,0.07867505969625199,0.003194151009665802,0.015807691277586855,0.06422691008058107,0.06480323452007168,1.0802546407873405e-33,0.0642269100805811,0.060550216211403586,0.25100770659755905,0.22721489239155399,0.12554969489256212,0.1280967993250085,0.12269275942859326,0.1280967993250085,0.4506221297892544,0.5063466888718046
5,4,0.9713900887781952,0.6489281338763528,0.7787207509632684,0.5084847583968609,64,1024,False,0.03523791786432215,0.03499299870626219,0.0002449191580599348,0.0344321315559639,0.03714956949995318,0.03257034936156253,0.03593815084943365,1.484104977250007e-32,0.034992998706262206,1.0423543885904567e-05,0.03457747103990538,0.03458789458379133,0.0003013639312636646,0.007292727094045062,0.0070401025054730535,0.007077079273959895,0.03010946699448013,0.0030187454390931956,0.06212195328403186,-0.01513130489653848,0.029810586984211684,0.02048743022896815,0.04580745346174808,0.001483655556512531,0.013417688474874012,0.03499299870626219,0.03523791786432215,1.484104977250007e-32,0.034992998706262206,0.0344321315559639,0.14761508925079203,0.15790444904123094,0.036438411130777504,0.03672502249860802,0.036438411130777504,0.03672502249860802,0.2021023236841195,0.19728083775417943
5,6,0.8723436890879817,0.608695702780155,0.7521349524451597,0.8849960652378891,64,1024,False,0.043348805512578074,0.04343796371437211,-8.915820179397182e-05,0.041600828929415114,0.042914540901438876,0.010603339531761236,0.009192408980464934,8.3597177306537e-33,0.04343796371437207,3.3242543058644793e-07,0.04429158532573552,0.044291917751166275,7.505329357243617e-06,0.004762835283624771,0.004884926487366065,0.007617546743970275,0.03802961441407281,-0.016743141719510128,0.0379498207830326,-0.013959741240741253,0.02821425370029245,0.0005424163755378686,0.02166152531572152,0.00199198501650244,0.01205221487180097,0.04343796371437211,0.043348805512578074,8.3597177306537e-33,0.04343796371437207,0.041600828929415114,0.25100770659755905,0.2661044770188516,0.036438411130777504,0.03930209267791966,0.036438411130777504,0.03781242558180836,0.02302591460012113,0.01549738001122685
5,7,0.7922873099801778,0.5160872396261247,0.673929561926278,0.7943245902867451,64,1024,False,0.16575590172544674,0.1657745751849499,-1.8673459502169037e-05,0.1751122441086801,0.16136956600006183,0.08038797021521607,0.06928620790521083,5.190514945258627e-34,0.1657745751849499,1.4053195253257914e-05,0.16879373818225496,0.1688077913775083,8.324968378876819e-05,0.00913989095980115,0.007509985009828222,0.010834230872492743,0.1538595809902336,0.04173561221675139,0.11904032821368074,-0.009274299675892118,0.03427300847937537,0.059812457708176225,0.10270946683885995,0.007004229504673276,0.017903167390613817,0.1657745751849499,0.16575590172544674,5.190514945258627e-34,0.1657745751849499,0.1751122441086801,0.2860373340132518,0.2748311955954158,0.10518314949470037,0.10541657539175783,0.11791989447536831,0.11952062783636981,0.0835494125820699,0.07282496617393193
5,8,0.7080005668628897,0.4464038705880621,0.6106044988966268,0.7860773497945814,64,1024,False,0.2814578106130042,0.2815202360145779,-6.242540157313664e-05,0.2864411812082365,0.2877510265227458,0.09964528409989454,0.09536493512099008,1.740663208856183e-33,0.2815202360145779,1.1237600570994582e-05,0.2912675843837033,0.29127882198427313,3.858021841217597e-05,0.01658089267799335,0.013893256568989723,0.018823232441591002,0.2738577699537561,0.05831426901025952,0.14097629918952956,-0.0014972482846202333,0.04363738808535654,0.07656037423294038,0.1246472434286261,0.014921417539881077,0.026965660763380583,0.2815202360145779,0.2814578106130042,1.740663208856183e-33,0.2815202360145779,0.2864411812082365,0.2860373340132518,0.2860243066843814,0.12554969489256212,0.10857598810305737,0.12269275942859326,0.11345536646634051,0.0835494125820699,0.06914535950827991
5,9,0.667793351724321,0.4086390849260929,0.5697911489856528,0.7724134934711433,64,1024,False,0.22628644336826972,0.22634563996715937,-5.919659888909242e-05,0.22609570611484897,0.23016986414369955,0.08044755116725948,0.07744971852346055,1.3002600381011757e-33,0.2263456399671593,1.4645425763830963e-06,0.23364602881079805,0.23364749335337404,6.268171574895037e-06,0.019443240289686293,0.016965674697996716,0.021206388062444705,0.21320418944570285,0.041557624957752615,0.11933747737676634,0.000780213442475107,0.0460269594634903,0.05959936436556745,0.10297406748577487,0.017143951961770654,0.029272059437062126,0.22634563996715937,0.22628644336826972,1.3002600381011757e-33,0.2263456399671593,0.22609570611484897,0.32858700964244086,0.3490145786035864,0.12554969489256212,0.11963522364419232,0.12269275942859326,0.11906021441213213,0.0835494125820699,0.07531870011157521
5,10,0.6886753620365003,0.37908651980890656,0.5389567197479259,0.8107075492215517,64,1024,False,0.19221355075182825,0.19229962079559676,-8.607004376781772e-05,0.18928778334073332,0.1950417229900222,0.04576456478307352,0.04735791848981218,3.0076608104769497e-34,0.19229962079559676,7.018548455170676e-05,0.19704122104122426,0.19711140652577633,0.0003560701320576726,0.01860373666478813,0.017416073004794263,0.021612269313299164,0.17762564998522795,0.011104380873170193,0.08042474869297686,0.00028447397114302747,0.04510150023665294,0.02892523714399431,0.06414677462453255,0.016678019077517092,0.028492496523540467,0.19229962079559676,0.19221355075182825,3.0076608104769497e-34,0.19229962079559676,0.18928778334073332,0.2860373340132518,0.31554813333035975,0.12554969489256212,0.12180039557208149,0.12269275942859326,0.12255970468909624,0.07597692474589864,0.034155801650088406
5,11,0.5723873369133278,0.32349875274989426,0.49066793606883846,0.7219674163086168,64,1024,False,0.18590680669875143,0.18593804810691347,-3.1241408161707105e-05,0.1864663490455809,0.18265281030625705,0.045604158258913376,0.04134835703228497,2.9549448980158298e-34,0.18593804810691347,0.0001223073686685252,0.18945438025645167,0.18957668762512053,0.0006451603844370495,0.0195874225226526,0.01806607829597059,0.023093907859883512,0.16458673201028645,0.009920813411957802,0.08128750310586895,0.002094164111104562,0.04725020564794746,0.027584132258198224,0.06484435961465351,0.018431800766848028,0.030504733374982607,0.18593804810691347,0.18590680669875143,2.9549448980158298e-34,0.18593804810691347,0.1864663490455809,0.4500016622620913,0.4916285092545632,0.32234025048506215,0.33139851058102754,0.3223402504850621,0.3313985105810275,0.11865555251498702,0.10451342042289863
6,0,0.6812622142768097,0.20806850811985228,0.37907079018324297,0.1644395855138603,64,1024,False,0.12489133088696402,0.12057783568018451,0.004313495206779895,0.1205109313319425,0.12969015004616072,0.11837764288935923,0.1275049587943933,3.327865072411712e-33,0.1205778356801845,4.612660798550242e-06,0.12143557843855599,0.12144019109935472,3.7982983695870945e-05,0.005951505039882282,0.006787990953481555,0.00746809695729744,0.12290215909267917,0.07557916808183525,0.16117611769688323,-0.01505664867686099,0.027765606618168,0.09280250222218456,0.1436324910246185,0.0010106582485605031,0.011455833329819143,0.12057783568018451,0.12489133088696402,3.327865072411712e-33,0.1205778356801845,0.1205109313319425,0.32858700964244086,0.33763379565594087,0.6765255559005335,0.7710971527647642,0.6765255559005335,0.7710971527647642,0.7571799672009322,0.9648094186148406
6,1,0.7028013481179222,0.22060894564947342,0.38933904476298675,0.4330768088177788,64,1024,False,0.15361683741893273,0.15215438510237503,0.0014624523165571426,0.159493840829014,0.14718659233858933,0.15125765672412397,0.14090334722245204,9.815105482141469e-33,0.15215438510237506,3.218792457385694e-05,0.14625422554450232,0.1462864134690761,0.00022003358897483146,0.006497804031597208,0.0064312505950714265,0.007177858494165378,0.1407553417435179,0.10567045741267825,0.1968448560355697,-0.01516283818672017,0.029101074544551256,0.12380159624444786,0.1800068682860001,0.001247956373845227,0.012654318888962734,0.15215438510237503,0.15361683741893273,9.815105482141469e-33,0.15215438510237506,0.159493840829014,0.2860373340132518,0.2915115921597258,0.6245500220042285,0.6797031318804472,0.6245500220042285,0.6797031318804472,0.3264889675070385,0.40505429576864566
6,2,0.6981323620633418,0.25409775866260026,0.42342311321408305,0.38859278010684434,64,1024,False,0.12123761935405747,0.11952276046382741,0.0017148588902302607,0.12232247983140021,0.12302389374773702,0.1181155911139613,0.12004249894852201,2.4521158345397875e-32,0.11952276046382743,9.694875182889673e-05,0.11358146822729093,0.1136784169791198,0.0008528334085326334,0.005027125260442185,0.00674043477159961,0.00776078015312227,0.11628345897613741,0.07592661341710334,0.16030456881081928,-0.01591630003403719,0.02713090574716709,0.0938764589081984,0.14354032099799952,0.00020062996918568388,0.010789820960781071,0.11952276046382741,0.12123761935405747,2.4521158345397875e-32,0.11952276046382743,0.12232247983140021,0.2860373340132518,0.2942553379272172,0.4232357226610469,0.4566705274198966,0.4232357226610469,0.4521614914108228,0.3549281481448416,0.4050732991136956
6,3,0.7271707642118127,0.3063342419569656,0.474288440927721,0.18478348636478686,64,1024,False,0.0828748535622027,0.08217014208385942,0.0007047114783429114,0.07526252001693791,0.08920661867586163,0.07425153851676683,0.08812759749776305,7.976779173626025e-33,0.0821701420838594,5.2929936217226534e-05,0.08141365513547032,0.08146658507168755,0.0006497134520938882,0.006862694686610133,0.006927713181197228,0.008504007719754127,0.0822789054946644,0.03791779992031358,0.11058527711322008,-0.013007745168188088,0.029887036711470527,0.05585635801253375,0.09427273206529208,0.0031959060579538345,0.013687839251360856,0.08217014208385942,0.0828748535622027,7.976779173626025e-33,0.0821701420838594,0.07526252001693791,0.2860373340132518,0.29283652156152007,0.32234025048506215,0.3151923084034359,0.3223402504850621,0.3235905296657918,0.7571799672009322,0.9248392340264201
6,4,0.8147278048193365,0.43067617539057895,0.5909841356409963,0.3102968473296373,64,1024,False,0.05992595305809473,0.05948803631770853,0.0004379167403865206,0.05838074848261319,0.06164139649865834,0.05382121593350791,0.058073230577819886,8.088457238741564e-34,0.05948803631770853,3.4324650408586654e-05,0.058215346649426465,0.058249671299835,0.0005892677098880708,0.005984150261632078,0.004379996444493997,0.005396331339931449,0.057261400054164344,0.020008028395989176,0.08763440347102663,-0.014394906090507576,0.028357383248727292,0.03778098600014346,0.07136388173239538,0.0017506657459307462,0.012159492682258133,0.05948803631770853,0.05992595305809473,8.088457238741564e-34,0.05948803631770853,0.05838074848261319,0.2860373340132518,0.29101695916596365,0.12554969489256212,0.129500809387265,0.12269275942859326,0.12698022682499194,0.3549281481448416,0.46061547194012536
6,5,0.8723436890879817,0.608695702780155,0.7521349524451597,0.8849960652378891,64,1024,False,0.018513214707382982,0.018221684124175085,0.0002915305832078695,0.01549738001122685,0.02072748002944057,0.017652367246548412,0.02355528528232433,3.165509948471845e-33,0.018221684124175085,6.250953585417213e-06,0.018656939733267736,0.018663190686853178,0.00033493488280225003,0.0021900716200183926,0.0018735036664784864,0.0027846207064897033,0.018853976362962085,-0.007500041622836708,0.04280477611593353,-0.017046100445438243,0.022688380748201814,0.009337821138615254,0.026155339888646267,-0.0016045055308495648,0.007231406394566875,0.018221684124175085,0.018513214707382982,3.165509948471845e-33,0.018221684124175085,0.01549738001122685,0.25100770659755905,0.2314354672086293,0.036438411130777504,0.041600828929415114,0.036438411130777504,0.03414838704572607,0.02302591460012113,0.023862418443331607
6,7,0.9529394647192299,0.7679479234925592,0.8655756662863452,0.8722995641133177,64,1024,False,0.03770029690973117,0.037624338659579426,7.595825015177551e-05,0.04344598954811033,0.03296536073040006,0.03735608783524295,0.02739506715396114,3.071481212362779e-33,0.03762433865957943,8.08027063687423e-07,0.03671370359517124,0.036714511622234935,2.200838382385204e-05,0.002651573135425351,0.0012928506733054918,0.0027081084000376066,0.031672510057094566,0.007666247605450205,0.06704592806503569,-0.015342748910500126,0.023735971284604914,0.02506266801356105,0.050652674508455675,-4.4276530388742685e-06,0.008567272903746925,0.037624338659579426,0.03770029690973117,3.071481212362779e-33,0.03762433865957943,0.04344598954811033,0.25100770659755905,0.2748311955954158,0.02049955406795602,0.008309355409668128,0.02049955406795602,0.008309355409668128,0.02302591460012113,0.020620517886421746
6,8,0.877058890936837,0.60914629706367,0.7501824215523454,0.8229094300318722,64,1024,False,0.04364374929939211,0.04360929648648967,3.4452812902354407e-05,0.04675042815847617,0.04228526092993127,0.034712966653997694,0.027998921212027756,1.445207644238698e-33,0.04360929648648967,1.0335443958617801e-06,0.04407673047919288,0.04407776402358871,2.3448203845110364e-05,0.0075640096770341544,0.005715712040772396,0.009220984571223938,0.03656954888915887,0.005073915335814139,0.06435201797218125,-0.009913131271308884,0.03178299311487096,0.022350112689309753,0.0478328292738297,0.00605472859024303,0.015840128129639197,0.04360929648648967,0.04364374929939211,1.445207644238698e-33,0.04360929648648967,0.04675042815847617,0.25100770659755905,0.27999465262198897,0.036438411130777504,0.03496526584110626,0.036438411130777504,0.03496526584110626,0.030422166103881557,0.022218545937510804
6,9,0.83831956450019,0.533965243680325,0.6821011469096443,0.8159439094028931,64,1024,False,0.05064176735663102,0.05061344517758431,2.832217904688877e-05,0.05190032398457249,0.05021101258716918,0.03639230409012106,0.03215189014408789,5.216731821770956e-33,0.05061344517758431,1.4075615890260062e-06,0.05071962395943558,0.05072103152102458,2.7751044227926482e-05,0.010012007295309077,0.009087351296158059,0.01258335586840909,0.041123661291011124,0.006537814677467561,0.06624679350277456,-0.0078082203152377416,0.03441142600989355,0.02371720854716841,0.04962548200273886,0.008171866305929143,0.01825404765259009,0.05061344517758431,0.05064176735663102,5.216731821770956e-33,0.05061344517758431,0.05190032398457249,0.2860373340132518,0.29359014078837053,0.10518314949470037,0.11347325004986518,0.11791989447536831,0.11906021441213213,0.03170452635632455,0.024117686978613242
6,10,0.823351463142001,0.47358171319814746,0.6272575069147688,0.7495909712788209,64,1024,False,0.06197260120410762,0.06195018934194937,2.2411862158559588e-05,0.05997493079617583,0.061872565733629606,0.030105767221452202,0.03012209374086586,9.813679603857725e-34,0.06195018934194938,3.833123868267781e-05,0.06191876760836292,0.06195709884704554,0.0006186738791192716,0.010538197736530487,0.01061819925518035,0.014222105430160111,0.051254366478449255,0.0002137982114299164,0.05999773623147449,-0.00703260190822606,0.035354099639443304,0.017510831195977516,0.043575268173299264,0.009032817273691762,0.019213661391404457,0.06195018934194937,0.06197260120410762,9.813679603857725e-34,0.06195018934194938,0.05997493079617583,0.2860373340132518,0.31554813333035975,0.10518314949470037,0.11261765348402468,0.11791989447536831,0.12255970468909624,0.0835494125820699,0.0853628342579079
6,11,0.5962162369990482,0.38172990884347735,0.5425639584425475,0.665422828877771,64,1024,False,0.07460084882502205,0.07453607300112183,6.477582389983261e-05,0.07456562511409286,0.06884658699517338,0.0356746948305547,0.03116617636484581,3.0635387789184283e-33,0.07453607300112183,4.375916938822497e-05,0.07345238757798773,0.0734961467473759,0.000595394062475627,0.013394362392252309,0.01329309322737562,0.017771563889459795,0.05555349376779775,0.004081164032877678,0.06726822562823173,-0.0035795027006262532,0.0397638976389086,0.021506862649403047,0.05090936541091651,0.012550749022921082,0.02333413240558002,0.07453607300112183,0.07460084882502205,3.0635387789184283e-33,0.07453607300112183,0.07456562511409286,0.32858700964244086,0.3820302701610402,0.12554969489256212,0.13193468680327392,0.12269275942859326,0.12958175940312547,0.2021023236841195,0.2136965690086674
7,0,0.590308351071524,0.19995420703188915,0.3690950170779488,0.24261701041168288,64,1024,False,0.09700301770684286,0.09283215818148768,0.00417085952535526,0.09768101809835618,0.10048619391821421,0.09395608527202923,0.0975366613526161,1.5843431629406326e-33,0.09283215818148767,6.765644197852555e-05,0.09414841419330681,0.09421607063528525,0.0007180987439014173,0.004885115401682242,0.005433087798303261,0.00611789454132894,0.09505310611991095,0.05456096718742674,0.1333512033566317,-0.01573586146751161,0.026278108298178858,0.07210740916343639,0.11639403663866688,0.00019441379845375195,0.010163537248445209,0.09283215818148768,0.09700301770684286,1.5843431629406326e-33,0.09283215818148767,0.09768101809835618,0.4500016622620913,0.4771032502746863,0.6765255559005335,0.7710971527647642,0.6765255559005335,0.7710971527647642,0.7571799672009322,0.9648094186148406
7,1,0.6215242144393245,0.21056810227909728,0.37977804167595164,0.3990763077260999,64,1024,False,0.07848004139499797,0.07700851495021217,0.0014715264447855857,0.07874418295690475,0.08001192977578864,0.07838544999858986,0.08026772781704643,3.590365873207209e-33,0.07700851495021216,7.611754329004412e-07,0.07400242673488704,0.07400318791031997,1.0285711391553349e-05,0.0057652868029198,0.006106189766690592,0.0069057813283704495,0.07390574000909804,0.04287099709487446,0.11389990290230526,-0.015526612349954318,0.02800321207399583,0.060205618567124475,0.09703906736831414,0.0007565331252408214,0.011652040127955843,0.07700851495021217,0.07848004139499797,3.590365873207209e-33,0.07700851495021216,0.07874418295690475,0.32858700964244086,0.3394497412374642,0.6245500220042285,0.8623579328061522,0.6245500220042285,0.8623579328061522,0.3549281481448416,0.40505429576864566
7,2,0.6061940449626414,0.23655439050485144,0.40539631715304214,0.2985417028627155,64,1024,False,0.07895589242984018,0.07716821993596135,0.0017876724938790446,0.07596792109428444,0.08555426890770795,0.07642825033086069,0.08596001244036817,1.437920875454576e-32,0.07716821993596133,2.705298577598883e-05,0.07434423222787634,0.0743712852136524,0.00036375579228288893,0.004959200557521082,0.006207186414511212,0.007249925705741797,0.07934708249319675,0.04022398849767579,0.11263251216404559,-0.015687552858076832,0.026777950013352224,0.05774701121117687,0.09591600444400683,0.00034383469755994156,0.010572089151537511,0.07716821993596135,0.07895589242984018,1.437920875454576e-32,0.07716821993596133,0.07596792109428444,0.32858700964244086,0.33957044827496946,0.4696355137230678,0.5258737412414654,0.5423482427006348,0.7497740477644079,0.4506221297892544,0.48265040391752906
7,3,0.6388809311536977,0.2759970345509497,0.4462465604241206,0.1500596462414814,64,1024,False,0.1058223881533627,0.10510298188400788,0.0007194062693545228,0.09495675968787534,0.11251878418118028,0.09149239470133379,0.10842619516810913,1.5366497708355674e-33,0.10510298188400789,5.8472078415255475e-05,0.10495836573552984,0.1050168378139446,0.0005567876507465291,0.007099470395906606,0.00631543191515559,0.007888796408817544,0.10620335226602469,0.052626813927430766,0.1303579754752368,-0.012659309593215092,0.029842225820521758,0.07059906153153861,0.11391768593603047,0.0034012247997452505,0.013653820344188716,0.10510298188400788,0.1058223881533627,1.5366497708355674e-33,0.10510298188400789,0.09495675968787534,0.32858700964244086,0.3387448465969872,0.33950441639988727,0.4175172983438754,0.33950441639988727,0.4175172983438754,0.7571799672009322,0.9248392340264201
7,4,0.7268976784221708,0.3740441592322497,0.5371305438793541,0.32815427136393915,64,1024,False,0.05901100952700592,0.05859140286627928,0.0004196066607272065,0.05218325555013088,0.06551716261516624,0.050733755178582425,0.06454491291135489,4.221253787088483e-33,0.05859140286627928,3.6163977616409197e-07,0.05937764436528584,0.05937800600506218,6.090466832673043e-06,0.0070024731373644344,0.004818982765548352,0.00594300770116128,0.06069817984961789,0.017584721464945767,0.08388278889221909,-0.013210366192373304,0.029423087526900246,0.034905309716123156,0.06719322632125113,0.0029126900699338876,0.013245149915746879,0.05859140286627928,0.05901100952700592,4.221253787088483e-33,0.05859140286627928,0.05218325555013088,0.2860373340132518,0.29101695916596365,0.1731713176970289,0.19173947482398646,0.1731713176970289,0.19173947482398646,0.3549281481448416,0.46061547194012536
7,5,0.7922873099801778,0.5160872396261247,0.673929561926278,0.7943245902867451,64,1024,False,0.023527748595134634,0.023211919764135374,0.00031582883099936127,0.019378258034049297,0.027491334840001134,0.020515150500380674,0.029220167512345366,3.9638227561303433e-35,0.023211919764135374,3.9719442376104944e-07,0.02415874593813211,0.02415914313255593,1.644074964007335e-05,0.0039461524477558945,0.003458884899966888,0.00427221683256667,0.024032449940034246,-0.006188693550527268,0.04721899455128861,-0.01602264551728598,0.024836592987378246,0.010777271287224721,0.030669518957438413,-0.0003024749385076575,0.009047721243405249,0.023211919764135374,0.023527748595134634,3.9638227561303433e-35,0.023211919764135374,0.019378258034049297,0.2860373340132518,0.2314354672086293,0.10518314949470037,0.11090347559207708,0.11791989447536831,0.12448933690478957,0.0835494125820699,0.09888143416083164
7,6,0.9529394647192299,0.7679479234925592,0.8655756662863452,0.8722995641133177,64,1024,False,0.010532689036240347,0.010504164598567877,2.8524437672460103e-05,0.008309355409668128,0.011674752257133469,0.004529771164225554,0.008414607395026199,3.993731411641881e-33,0.010504164598567881,2.1112598546248273e-06,0.010002443232948034,0.010004554492802666,0.00021102987205913866,0.000883507677484843,0.001922077659434381,0.001892473575280388,0.009752674597699088,-0.01867201471153027,0.02773155703998138,-0.01856213172688758,0.0201236942765795,-0.0020694815684692003,0.011054736052756198,-0.003510211179673206,0.004923923304886557,0.010504164598567877,0.010532689036240347,3.993731411641881e-33,0.010504164598567881,0.008309355409668128,0.25100770659755905,0.2661044770188516,0.02049955406795602,0.02234717561227904,0.02049955406795602,0.02234717561227904,0.02302591460012113,0.025431311313820516
7,8,0.9309212018765403,0.7479626260878114,0.8536306331441623,0.8917126157384382,64,1024,False,0.020210431374412453,0.020219671958263855,-9.240583851278953e-06,0.017405342396923686,0.02080681602614805,0.006874513691581743,0.008457337375532099,8.586628175296758e-34,0.02021967195826385,9.696925487428783e-07,0.020679734756476224,0.020680704449024933,4.688875812393315e-05,0.0032289659908342453,0.00225318376495883,0.004880607323085293,0.01855363226118922,-0.017332981647133233,0.031082009030296717,-0.013664353848844495,0.02517363724551484,-0.0006888679490657523,0.014303174946689978,0.001549811138829682,0.01003049266000744,0.020219671958263855,0.020210431374412453,8.586628175296758e-34,0.02021967195826385,0.017405342396923686,0.25100770659755905,0.27999465262198897,0.02049955406795602,0.0208611086038846,0.02049955406795602,0.0208611086038846,0.01512143565702281,0.012837528917121937
7,9,0.898367896774464,0.636473487142209,0.7694207991217443,0.8705008451617091,64,1024,False,0.023864537055249702,0.023872299465486323,-7.762410236595282e-06,0.020895987579684947,0.025517829605859382,0.008466083531273481,0.011238503208076558,5.32183447851667e-35,0.023872299465486323,1.0331268157489843e-06,0.025216555467256683,0.02521758859407246,4.0968501484389616e-05,0.005280776037993819,0.005356671117309663,0.008161959201183885,0.02016115848854972,-0.0163989142170691,0.033331081279616065,-0.012002217408448104,0.028011399557865288,0.0004003353096777573,0.01670425495831296,0.003512489602144342,0.012466748143197037,0.023872299465486323,0.023864537055249702,5.32183447851667e-35,0.023872299465486323,0.020895987579684947,0.25100770659755905,0.26705795701667623,0.036438411130777504,0.03865875735236216,0.036438411130777504,0.03865875735236216,0.02302591460012113,0.023262573157947372
7,10,0.8691853909368116,0.5488207821485769,0.6971023408761963,0.801623311888609,64,1024,False,0.05050272609163416,0.05050904855294743,-6.322461313314672e-06,0.046308312342684406,0.05204791464417081,0.014567585214757315,0.018749208738686598,4.306421298124204e-34,0.05050904855294743,2.575067589302667e-05,0.052395006155106526,0.052420756830999664,0.0004912305248862544,0.00597546109394024,0.007143562457796171,0.010204277022471394,0.04490435218637464,-0.012709944844135785,0.04184511527365042,-0.011150034285294793,0.029530463800901123,0.004497003508731723,0.025494449597317725,0.004575244238367304,0.013843667176843155,0.05050904855294743,0.05050272609163416,4.306421298124204e-34,0.05050904855294743,0.046308312342684406,0.2860373340132518,0.31554813333035975,0.10518314949470037,0.11261765348402468,0.11791989447536831,0.12255970468909624,0.07597692474589864,0.034155801650088406
7,11,0.6019833147036645,0.4236720106888523,0.5871045206110679,0.7009024111080508,64,1024,False,0.07428375985118706,0.07424097789094589,4.278196024097745e-05,0.07437389409964273,0.07238841775195863,0.02331908788532448,0.02029049012666349,3.1746258831301443e-35,0.07424097789094589,5.202438051428404e-05,0.07761516307702997,0.07766718745754428,0.0006698373176281485,0.010143228290910375,0.010426393496643899,0.014454853465216144,0.06196202425531473,-0.006432798177568814,0.053070973948217776,-0.0067034246932113975,0.03563613821488104,0.011098003429651726,0.03697977963020094,0.009256519733753521,0.019411379973462317,0.07424097789094589,0.07428375985118706,3.1746258831301443e-35,0.07424097789094589,0.07437389409964273,0.32858700964244086,0.3820302701610402,0.12554969489256212,0.13193468680327392,0.12269275942859326,0.12958175940312547,0.11865555251498702,0.10926854649182585
8,0,0.5246571998994634,0.19226460567782994,0.36096688541812433,0.2329401682602613,64,1024,False,0.2298643046698477,0.22562731430480798,0.004236990365039992,0.22046074944443672,0.23480296967962666,0.17568914786460793,0.190433819136338,2.5829541453122768e-33,0.22562731430480798,3.246932229422602e-06,0.2265133832906087,0.22651663022283783,1.4334189177317366e-05,0.004103258618393346,0.004633705969948466,0.00535251003706221,0.2301692637096782,0.12541288090234537,0.2259654148268705,-0.01596983920341062,0.025018928327801233,0.14297301512851845,0.20818456712004263,-0.0002681839032447897,0.009153310005785897,0.22562731430480798,0.2298643046698477,2.5829541453122768e-33,0.22562731430480798,0.22046074944443672,0.53593834864904,0.6023273609574337,0.8123872400035985,1.4506164768458567,0.8123872400035985,1.4506164768458567,0.7571799672009322,0.9648094186148406
8,1,0.551179852905598,0.2035275615528369,0.3734671812137244,0.4236940298876799,64,1024,False,0.10381802873660675,0.10231525570036397,0.0015027730362435164,0.10693880040883998,0.10484074406856897,0.099794694498128,0.09825884344505151,4.091230062295467e-33,0.10231525570036397,8.324046674535885e-06,0.101346076658023,0.10135440070469749,8.21281228704467e-05,0.004556724127081514,0.004445690648954843,0.005241823068377427,0.10039505341961413,0.06000550575109628,0.13958388324515972,-0.016059595527844743,0.02609768446714278,0.07753567533654859,0.12263467152661178,8.159484423231333e-06,0.010046500668977387,0.10231525570036397,0.10381802873660675,4.091230062295467e-33,0.10231525570036397,0.10693880040883998,0.4500016622620913,0.4916422910735123,0.6765255559005335,0.8623579328061522,0.6765255559005335,0.8623579328061522,0.3264889675070385,0.40505429576864566
8,2,0.5341156486789864,0.22504759130491134,0.39405801581087696,0.34012674697920264,64,1024,False,0.13336323159911753,0.13157170691372813,0.001791524685388581,0.13804501792607898,0.1339051579631683,0.13162988388006558,0.1286026253909532,1.425743134819329e-32,0.13157170691372808,8.781350521025705e-05,0.1273144423625254,0.1274022558677354,0.0006892617765059198,0.0042706676258031885,0.004810910893200992,0.005868069700227222,0.1290942470699673,0.08804443539901652,0.17521533236111464,-0.0158454916238017,0.025572149543269786,0.10633973967196653,0.1586682233173633,-1.2857948604505509e-05,0.009628337938920595,0.13157170691372813,0.13336323159911753,1.425743134819329e-32,0.13157170691372808,0.13804501792607898,0.53593834864904,0.6191542453356753,0.6245500220042285,0.7389842762418007,0.6245500220042285,0.7497740477644079,0.3549281481448416,0.4050732991136956
8,3,0.5589108808807404,0.25247411060088343,0.42313953221131184,0.1868429460508151,64,1024,False,0.13345894613928533,0.13274682625815457,0.0007121198811298318,0.12665923186477643,0.14045030815331414,0.12384465252463012,0.13755843041502144,3.274971990445126e-33,0.13274682625815454,3.777181067117823e-05,0.13109401780540378,0.13113178961607483,0.00028804465173369343,0.00604284909899377,0.004602695343034837,0.006152560526252985,0.1358476128102793,0.08234659247732647,0.16534271257193378,-0.013114362669271587,0.028195214951892367,0.10035130559117533,0.1487196568850777,0.0026479760563233867,0.012231060325575527,0.13274682625815457,0.13345894613928533,3.274971990445126e-33,0.13274682625815454,0.12665923186477643,0.4500016622620913,0.5058896140717183,0.4232357226610469,0.4175172983438754,0.4232357226610469,0.4175172983438754,0.7571799672009322,0.9248392340264201
8,4,0.6383494344081855,0.3360130097021456,0.502587872549748,0.3302148581528476,64,1024,False,0.08253988210539942,0.08209879902233465,0.00044108308306512405,0.07549285413069731,0.09035421233329019,0.07578003195216695,0.09033893904046653,1.3621987422336743e-33,0.08209879902233466,2.6455852831832476e-07,0.08264227809067169,0.08264254264920026,3.2012389725388598e-06,0.005970872443364311,0.003733471494482818,0.00486759989767912,0.08662074083880737,0.03927054806647452,0.11228951583785939,-0.013552009439516587,0.027866742393348187,0.05671830315259285,0.09545289237576071,0.0022664529824396595,0.011907404114026576,0.08209879902233465,0.08253988210539942,1.3621987422336743e-33,0.08209879902233466,0.07549285413069731,0.32858700964244086,0.3620179351217164,0.32234025048506215,0.3653399047332637,0.3223402504850621,0.36533990473326367,0.3549281481448416,0.46061547194012536
8,5,0.7080005668628897,0.4464038705880621,0.6106044988966268,0.7860773497945814,64,1024,False,0.03521741533890256,0.03483311697574034,0.00038429836316223096,0.031216326733984886,0.03942644911453723,0.0334240396258231,0.042515629219006104,9.883362317152248e-34,0.03483311697574034,2.7538282691314686e-06,0.03522951912820884,0.03523227295647812,7.816209509199789e-05,0.004079507585471379,0.0029206628328941426,0.0036334707447940235,0.03650578628164309,0.004937546901398332,0.06191053235024786,-0.015617221076587896,0.02491069562854565,0.021892287048103753,0.04516958176827757,-1.0929572454188019e-05,0.009182011970551684,0.03483311697574034,0.03521741533890256,9.883362317152248e-34,0.03483311697574034,0.031216326733984886,0.2860373340132518,0.2314354672086293,0.12554969489256212,0.14164792025617895,0.12269275942859326,0.14041932782924546,0.0835494125820699,0.09888143416083164
8,6,0.877058890936837,0.60914629706367,0.7501824215523454,0.8229094300318722,64,1024,False,0.017880811751904827,0.017788008843760774,9.280290814408108e-05,0.014093904049286938,0.01892413810654255,0.01322308065570816,0.018487840770708242,8.423391863510061e-34,0.01778800884376077,2.2429395166936564e-06,0.017004651983481636,0.017006894922998287,0.00013188412857543722,0.0010920545495484363,0.0015093497271083515,0.0011785632200569712,0.017414788379434196,-0.012025775923325627,0.038471937234741946,-0.018674061369325798,0.020684624285386546,0.005093415995361283,0.022153081255964935,-0.0033594331398489885,0.005329239436832722,0.017788008843760774,0.017880811751904827,8.423391863510061e-34,0.01778800884376077,0.014093904049286938,0.25100770659755905,0.2661044770188516,0.036438411130777504,0.03930209267791966,0.036438411130777504,0.04659095522547174,0.030422166103881557,0.04675042815847617
8,7,0.9309212018765403,0.7479626260878114,0.8536306331441623,0.8917126157384382,64,1024,False,0.011671061609513077,0.011574135761852431,9.692584766062603e-05,0.012837528917121937,0.010652319085721462,0.013938227594912892,0.01174497310246868,1.1013382452722015e-33,0.011574135761852435,4.282926555137681e-08,0.011147768911999291,0.01114781174126488,3.84194374155418e-06,0.0010119856114417039,0.00039403331318389235,-1.9745326732938324e-05,0.01025828577253757,-0.00963748284343984,0.03751393803326562,-0.01807972887685389,0.01963773453224804,0.007446961259120144,0.021249702411296312,-0.003280146047472954,0.004838658554945141,0.011574135761852431,0.011671061609513077,1.1013382452722015e-33,0.011574135761852435,0.012837528917121937,0.25100770659755905,0.2748311955954158,0.02049955406795602,0.017405342396923686,0.02049955406795602,0.017405342396923686,0.01512143565702281,0.017405342396923686
8,9,0.9746172456975436,0.8225242502219554,0.8993130620836238,0.9482000827156395,64,1024,False,0.00715362343991879,0.007144205530280404,9.417909638374671e-06,0.005973475143396359,0.006780301207957811,0.004914977705573906,0.005825506723987069,1.0562904670205545e-33,0.007144205530280404,1.1859565679327405e-06,0.006977989117944138,0.006979175074512073,0.00016992790054283784,0.000346679813046454,0.0014454076320539878,0.002407608376307315,0.005334893575903823,-0.016726286669185072,0.026556242080332883,-0.016998748560144133,0.019542030383541645,-0.0004962501625414006,0.010268070407619234,-0.002650684065883979,0.00517614210548345,0.007144205530280404,0.00715362343991879,1.0562904670205545e-33,0.007144205530280404,0.005973475143396359,0.14761508925079203,0.17568999993353748,0.005734902598410681,0.005496330053425004,0.005734902598410681,0.005496330053425004,0.005734902598410681,0.005496330053425004
8,10,0.9365960709674165,0.6766047987313253,0.8007218457276927,0.8744705326093952,64,1024,False,0.020329763277614266,0.02032298834395171,6.774933662588222e-06,0.015527434406408473,0.020153936102478925,0.004954735376037385,0.009026583948436452,1.468928167805749e-36,0.02032298834395171,3.653704691926073e-05,0.02054817944620893,0.02058471649312821,0.0017749599287149708,0.0010303491842455065,0.003129965085820987,0.004898555300202166,0.017023971016657938,-0.019321903207994755,0.029231373960069522,-0.016256103747133197,0.02206343144720635,-0.002364901862165425,0.012949078809469938,-0.001217714547237847,0.007096916320733726,0.02032298834395171,0.020329763277614266,1.468928167805749e-36,0.02032298834395171,0.015527434406408473,0.25100770659755905,0.26042691748520513,0.02068534210594934,0.022469002661498084,0.02068534210594934,0.022469002661498084,0.02302591460012113,0.024056972862551262
8,11,0.6183201994062864,0.4986671163228394,0.6584750691566184,0.7374124407003934,64,1024,False,0.04873334715773132,0.04867220934637733,6.113781135385965e-05,0.04592543869862439,0.04636305986723604,0.018742477875260875,0.018465869909503527,1.1408954339812895e-34,0.04867220934637733,6.906169658971596e-05,0.04869419073418002,0.04876325243076979,0.001416265182224346,0.004591884810032135,0.005325146439370504,0.008224252346824631,0.04103791342786554,-0.009746783317224051,0.047231739067745804,-0.012547276260018022,0.027702615093773163,0.007376951682090294,0.030787830517510884,0.002984356651722919,0.012052550504449755,0.04867220934637733,0.04873334715773132,1.1408954339812895e-34,0.04867220934637733,0.04592543869862439,0.32858700964244086,0.3820302701610402,0.10518314949470037,0.11331336306651167,0.11791989447536831,0.12271952486048458,0.0835494125820699,0.08942903893041133
9,0,0.4818255834737263,0.18911984679433308,0.3584330267744405,0.22961460612455867,64,1024,False,0.2116257064178717,0.20737710995577566,0.0042485964620953475,0.2019050358641217,0.21384412789208948,0.18232482333742644,0.19476052865652663,3.515209260425527e-34,0.20737710995577566,4.343927237478288e-06,0.20657981649104287,0.20658416041827946,2.1027397399117916e-05,0.0036783947674383466,0.004331908420374782,0.005026647248386464,0.2095122194717147,0.13157485227385946,0.23307479440099343,-0.016323850840718968,0.024504977453743602,0.14899826451437548,0.2150991227827035,-0.0006492455722764134,0.008691600000020117,0.20737710995577566,0.2116257064178717,3.515209260425527e-34,0.20737710995577566,0.2019050358641217,0.53593834864904,0.6157550924843441,0.8123872400035985,1.4506164768458567,0.8123872400035985,1.4506164768458567,0.7571799672009322,0.9648094186148406
9,1,0.5085639538532949,0.19847035644160074,0.3687000883281578,0.4323101085027351,64,1024,False,0.09014528470308222,0.0886420000582584,0.0015032846448232956,0.09524590306031873,0.09153890919309388,0.09207741065669897,0.08815446059782105,9.680810124978881e-34,0.0886420000582584,3.174594042778786e-05,0.08936163945272455,0.08939338539315236,0.00035512628018470404,0.003997366094402246,0.004066540599490593,0.004849599873274139,0.08747236859360329,0.054003188415134885,0.13015163289826306,-0.016610966452147977,0.02551237623507658,0.07151335415255744,0.1133286584954476,-0.000543146648851689,0.00947640482627321,0.0886420000582584,0.09014528470308222,9.680810124978881e-34,0.0886420000582584,0.09524590306031873,0.53593834864904,0.5713085054143425,0.6765255559005335,0.8623579328061522,0.6765255559005335,0.8623579328061522,0.3264889675070385,0.40505429576864566
9,2,0.49071612968522543,0.2178408824531644,0.3873042576102208,0.3381324849401964,64,1024,False,0.09294913415233902,0.09114903944123531,0.0018000947111031745,0.09432943449009829,0.10049987405329999,0.09410651590853444,0.10116545101591494,6.432739630993066e-33,0.09114903944123533,3.317829550045484e-07,0.08991584490512851,0.08991617668808369,3.689913953475722e-06,0.004249357565554499,0.004412578344172206,0.0054581677114757645,0.09608729570912779,0.05616737316009126,0.13204565865697762,-0.015859029027548148,0.025536824374825302,0.07379371644492494,0.11529633102327352,-5.974958912702277e-05,0.009571729155140929,0.09114903944123531,0.09294913415233902,6.432739630993066e-33,0.09114903944123533,0.09432943449009829,0.53593834864904,0.6191542453356753,0.6245500220042285,0.7389842762418007,0.6245500220042285,0.7497740477644079,0.3549281481448416,0.4050732991136956
9,3,0.5159001686019578,0.23990220695721712,0.41076352701062524,0.13529568300752023,64,1024,False,0.1475584111878456,0.14681755631601603,0.000740854871829133,0.13912861934883838,0.15852476720230316,0.135893971270309,0.155432778868457,8.957962394531689e-35,0.14681755631601603,2.1827006869389224e-07,0.14638095603258913,0.14638117430265749,1.4911075125179513e-06,0.005665371286937995,0.004290710194908,0.005811428482309329,0.15423405700739515,0.09340073837766441,0.1783872041629536,-0.013518727736090506,0.027719279116462946,0.11111805512337014,0.1614240093913395,0.0021846375020686537,0.011731984159268904,0.14681755631601603,0.1475584111878456,8.957962394531689e-35,0.14681755631601603,0.13912861934883838,0.53593834864904,0.5724572516156758,0.4696355137230678,0.5858778032486368,0.4453979373972121,0.5858778032486368,0.7571799672009322,0.9248392340264201
9,4,0.5966634691124606,0.31299312585758354,0.47954238602222077,0.294964980178391,64,1024,False,0.10501854090863563,0.10455894867990251,0.0004595922287330608,0.09704045744428424,0.11594064311261348,0.0968799360306879,0.11503183952030885,3.0758411058218556e-33,0.10455894867990252,1.3335966827917298e-05,0.10473238194869128,0.10474571791551962,0.00012731753711090255,0.005795859485295018,0.0033417501667592766,0.004493235940191889,0.1125988929458542,0.05787412529344623,0.13588574676792955,-0.013653108401196197,0.02762250151484369,0.0754302808563807,0.11898637685226277,0.0021154514979571104,0.011678982453304343,0.10455894867990251,0.10501854090863563,3.0758411058218556e-33,0.10455894867990252,0.09704045744428424,0.32858700964244086,0.3620179351217164,0.32234025048506215,0.3653399047332637,0.3223402504850621,0.36533990473326367,0.4506221297892544,0.5011337972671074
9,5,0.667793351724321,0.4086390849260929,0.5697911489856528,0.7724134934711433,64,1024,False,0.03754918973845985,0.03714901156465142,0.00040017817380830765,0.03140141561179632,0.04280027852298613,0.03417093647570559,0.046363031884242956,8.178835995218471e-35,0.03714901156465142,3.340236801628707e-07,0.03808386829787642,0.038084202321556605,8.770662369205117e-06,0.004031740325986967,0.0026527709182628157,0.0034206272004757613,0.04014750760472331,0.005600037958351768,0.06274183499305941,-0.015675281244820358,0.024913129762501325,0.022553153699846007,0.04599539622722659,-6.099906750023365e-05,0.009156930856988765,0.03714901156465142,0.03754918973845985,8.178835995218471e-35,0.03714901156465142,0.03140141561179632,0.32858700964244086,0.34150812242638195,0.12554969489256212,0.14164792025617895,0.12269275942859326,0.14041932782924546,0.0835494125820699,0.09888143416083164
9,6,0.83831956450019,0.533965243680325,0.6821011469096443,0.8159439094028931,64,1024,False,0.016185262915097323,0.01608390425129279,0.00010135866380442691,0.011508728728076614,0.01885106962892606,0.01087388932241492,0.018616352025799098,4.299455642849593e-33,0.016083904251292785,5.295850823256549e-06,0.016031211188186976,0.016036507039010207,0.00033023717760818666,0.0016995361485200677,0.0015166078843557847,0.001456089828713253,0.017334461744570272,-0.014133405092058285,0.035881183736888124,-0.018106304912509412,0.021998607724324534,0.0027606992298387922,0.019340216829732526,-0.002586504844657611,0.006415757197828498,0.01608390425129279,0.016185262915097323,4.299455642849593e-33,0.016083904251292785,0.011508728728076614,0.2860373340132518,0.2661044770188516,0.10518314949470037,0.11752256451156119,0.11791989447536831,0.12580728784586595,0.03170452635632455,0.05190032398457249
9,7,0.898367896774464,0.636473487142209,0.7694207991217443,0.8705008451617091,64,1024,False,0.01645798634111875,0.016346317949676933,0.0001116683914419677,0.017768236099308596,0.01600555004436985,0.01779647991154485,0.016076805132221293,8.966721095934328e-35,0.016346317949676933,8.959470193563639e-09,0.01659767194705679,0.016597680906526965,5.398025328972535e-07,0.0016345199841969068,0.0003147602565522972,0.0001623669604390311,0.01569078978781755,-0.007357252765337427,0.04295021258842713,-0.017599793788132364,0.021062067402119296,0.009866153581242543,0.026662117765226867,-0.0025012711121235043,0.005919998366152868,0.016346317949676933,0.01645798634111875,8.966721095934328e-35,0.016346317949676933,0.017768236099308596,0.25100770659755905,0.2748311955954158,0.036438411130777504,0.03910557899241592,0.036438411130777504,0.03910557899241592,0.02302591460012113,0.020895987579684947
9,8,0.9746172456975436,0.8225242502219554,0.8993130620836238,0.9482000827156395,64,1024,False,0.004882302356716573,0.004858769721242225,2.3532635474321552e-05,0.005496330053425004,0.004252152496409203,0.004458561125778945,0.0031482060592402366,1.5176683670332537e-33,0.004858769721242225,3.185775755916965e-07,0.00479414082419987,0.004794459401775466,6.644702747377984e-05,0.0005204200892797779,-0.00014439587714856078,-0.0001345834723553815,0.004396548373557764,-0.01651820063171187,0.025435322883269763,-0.017747455958703362,0.019029594414192615,-0.0004680559504777193,0.009463975758990273,-0.0033714271121425554,0.004503008218307514,0.004858769721242225,0.004882302356716573,1.5176683670332537e-33,0.004858769721242225,0.005496330053425004,0.14761508925079203,0.16053497645055265,0.005734902598410681,0.005973475143396359,0.005734902598410681,0.005973475143396359,0.005734902598410681,0.005973475143396359
9,10,0.9655195721566272,0.8013213210022436,0.8874525115095802,0.9171221444391116,64,1024,False,0.010361694814988543,0.010360982081867507,7.127331210115286e-07,0.007650225423410866,0.01000000007996526,0.00098090796063228,0.0023828686193134857,7.893616951548012e-34,0.010360982081867509,2.0046896140699418e-05,0.010682764537488051,0.010702811433628738,0.0018730495501127044,0.0003488913316499524,0.0015124253740787734,0.002447202840186241,0.008487574705886488,-0.020790829580760208,0.022752645502024764,-0.01720970074216927,0.019971901979223123,-0.0043578110344242305,0.006566865398781374,-0.0025652694021118805,0.005413349346781615,0.010360982081867507,0.010361694814988543,7.893616951548012e-34,0.010360982081867509,0.007650225423410866,0.14761508925079203,0.16033916778055393,0.00807891097707195,0.008507596530733031,0.00807891097707195,0.008507596530733031,0.00807891097707195,0.008507596530733031
9,11,0.6585561386126287,0.5695329153658725,0.7227484590219544,0.7742581474915465,64,1024,False,0.05237585171411743,0.05231998609113836,5.586562297882201e-05,0.05061787028541823,0.049563798524758,0.020742740898860114,0.019120295391438245,1.1976151622037952e-33,0.05231998609113836,0.00011821620235381611,0.052824507232748376,0.052942723435102,0.002232907464587222,0.003679709869358256,0.003431925741515616,0.00556023517023307,0.046131872783242385,-0.007921088248771795,0.04940657004649202,-0.014006366134600648,0.025443612913632757,0.009078257149667479,0.03272033206303604,0.001326301193330437,0.010051238321466371,0.05231998609113836,0.05237585171411743,1.1976151622037952e-33,0.05231998609113836,0.05061787028541823,0.32858700964244086,0.3820302701610402,0.10518314949470037,0.11331336306651167,0.04651121875896952,0.0424045672325208,0.0835494125820699,0.08942903893041133
10,0,0.5177530055520747,0.18622992085404996,0.3578402968582486,0.22912531955148752,64,1024,False,0.21766829976277513,0.21339366331224702,0.004274636450528043,0.21007651265386834,0.22235342189280516,0.17719440476961393,0.18955346856231348,3.576183132503747e-34,0.21339366331224702,2.5831974401461065e-06,0.2150950169011069,0.21509760009854775,1.2009420090984768e-05,0.0031166968766244397,0.0038681992096253072,0.004518477819544768,0.21848522268317985,0.12707311938635413,0.22731569015287373,-0.01656055542637374,0.023602985393621025,0.1444880093622487,0.2093863335539936,-0.001027803184115328,0.007994753570528701,0.21339366331224702,0.21766829976277513,3.576183132503747e-34,0.21339366331224702,0.21007651265386834,0.53593834864904,0.6023273609574337,0.8123872400035985,1.4506164768458567,0.8123872400035985,1.4506164768458567,0.7571799672009322,0.9648094186148406
10,1,0.5410870971337364,0.19525469583456934,0.3665392410324795,0.4770197509116216,64,1024,False,0.20957270829599944,0.20807486899559663,0.0014978393004033783,0.2115333802047758,0.21242018900184179,0.15521082742320932,0.15635441934598016,1.996881203538462e-33,0.2080748689955966,5.368088378445864e-05,0.2112474082216297,0.21130108910541415,0.00025404925271198324,0.003290473268186572,0.004002874450900603,0.004725283318340066,0.20841731455094117,0.10779480874060834,0.2026268461058103,-0.01705625183112789,0.02452667134620997,0.12527813677297672,0.18499775030068122,-0.0010824028649949469,0.00863286093226634,0.20807486899559663,0.20957270829599944,1.996881203538462e-33,0.2080748689955966,0.2115333802047758,0.4500016622620913,0.5713085054143425,0.6765255559005335,0.8623579328061522,0.6765255559005335,0.8623579328061522,0.30289671876383867,0.3272145478504437
10,2,0.5206944771763995,0.21135633991619096,0.3807761512139728,0.4495646488873252,64,1024,False,0.0824419798641515,0.08071063852721731,0.0017313413369345735,0.08465806555486277,0.0882827665249471,0.0845516058537879,0.08870124929920417,9.247034983279623e-33,0.0807106385272173,1.3345454529109528e-07,0.08353228844863574,0.08353242190318123,1.5976376866670595e-06,0.003359994619859019,0.003990775357540415,0.004944420802015032,0.08429199116740668,0.04778197737543992,0.12132123433213589,-0.016520929325304242,0.02431089141850518,0.06481708183855517,0.10404646820097696,-0.0008484568970743567,0.008491978980600834,0.08071063852721731,0.0824419798641515,9.247034983279623e-33,0.0807106385272173,0.08465806555486277,0.53593834864904,0.6191542453356753,0.6245500220042285,0.7389842762418007,0.6245500220042285,0.7497740477644079,0.30289671876383867,0.33143656324861026
10,3,0.5475014575239174,0.23370938729664137,0.4055482722699453,0.21267302222126333,64,1024,False,0.10407831020621824,0.10336863191128862,0.000709678294930449,0.10268867094388313,0.1116270221680197,0.10394868638737159,0.11332938345651761,1.8675734967003246e-33,0.10336863191128863,3.930327826744436e-06,0.10528473790493814,0.10528866823276518,3.7329067721281546e-05,0.0041373604231954185,0.002919142345384089,0.004181266534062287,0.1087078798226356,0.06597100221744796,0.14192637055729523,-0.01477698637451209,0.025347822107009945,0.08333872704679379,0.12491093009884935,0.0006579427063115872,0.009668476122897118,0.10336863191128862,0.10407831020621824,1.8675734967003246e-33,0.10336863191128863,0.10268867094388313,0.4500016622620913,0.5058896140717183,0.4696355137230678,0.5858778032486368,0.4453979373972121,0.5858778032486368,0.7571799672009322,0.9248392340264201
10,4,0.6256155123273893,0.29876460950058403,0.46487728861682925,0.4381130872787775,64,1024,False,0.11280029423667427,0.11238782617308021,0.0004124680635952813,0.11117828228755446,0.12129455320582916,0.10891712810629299,0.1196202349726986,6.004238322108383e-34,0.11238782617308021,1.3582496292826893e-05,0.11440115989714228,0.1144147423934351,0.00011871281627433206,0.004033059312034146,0.0019342792560195277,0.002786199343495899,0.11936027394980964,0.06807459657468119,0.14975965963790477,-0.01514695714212555,0.02494524054057471,0.085651962661359,0.1327166059272713,0.0003118731183349155,0.009305665436841082,0.11238782617308021,0.11280029423667427,6.004238322108383e-34,0.11238782617308021,0.11117828228755446,0.32858700964244086,0.3620179351217164,0.32234025048506215,0.3653399047332637,0.3223402504850621,0.36533990473326367,0.30289671876383867,0.3340486730885868
10,5,0.6886753620365003,0.37908651980890656,0.5389567197479259,0.8107075492215517,64,1024,False,0.039448536331960556,0.03903461238468061,0.00041392394727989896,0.03632551097826071,0.041889348117083954,0.039062410328510724,0.04547701197210344,4.109062269049769e-34,0.0390346123846806,3.6497608492697147e-06,0.040901923643282295,0.04090557340413168,8.922404810736791e-05,0.0029320617487363716,0.0014758690021478191,0.0020441100525629015,0.04041347911493613,0.010359661916573226,0.06776515874044822,-0.016420078346315158,0.0230134954774469,0.02726491372595774,0.050925178846227936,-0.0011159005007357337,0.0075979317698511295,0.03903461238468061,0.039448536331960556,4.109062269049769e-34,0.0390346123846806,0.03632551097826071,0.2860373340132518,0.2314354672086293,0.12554969489256212,0.17854347291159703,0.12269275942859326,0.17854347291159703,0.07597692474589864,0.08919406266844461
10,6,0.823351463142001,0.47358171319814746,0.6272575069147688,0.7495909712788209,64,1024,False,0.0296049094724129,0.02946009561785925,0.00014481385455356543,0.02610576002527255,0.030480441524510415,0.025592177383048545,0.03103704814429692,2.4477076997454868e-33,0.02946009561785926,2.1001610726009835e-06,0.02941212370112977,0.029414223862202445,7.139950666179944e-05,0.001291881715169575,0.0009192291458076015,0.00119211314063033,0.029561212378702812,-0.0022969885285073002,0.05348134329460439,-0.017840684748366337,0.021213225887576702,0.014821866854617838,0.0369292899267748,-0.002636458579218015,0.005935964174568653,0.02946009561785925,0.0296049094724129,2.4477076997454868e-33,0.02946009561785926,0.02610576002527255,0.2860373340132518,0.2661044770188516,0.10518314949470037,0.11752256451156119,0.11791989447536831,0.12580728784586595,0.0835494125820699,0.08796815508643892
10,7,0.8691853909368116,0.5488207821485769,0.6971023408761963,0.801623311888609,64,1024,False,0.028893638889206093,0.028733679724390795,0.00015995916481545728,0.031986092321916106,0.028728587792029695,0.031924790282225834,0.029091270242955724,3.314269178611721e-35,0.028733679724390795,2.5261027643901763e-05,0.030060089288536037,0.030085350316179822,0.0008396454546290076,0.0017436206983212534,0.0002463813587042727,0.0004981978630785004,0.028482206433325424,0.004324736653953616,0.05952484391049805,-0.016984789157869315,0.02120185240677319,0.021630484217894264,0.04318709010112798,-0.0020711627512355335,0.006192713735799771,0.028733679724390795,0.028893638889206093,3.314269178611721e-35,0.028733679724390795,0.031986092321916106,0.2860373340132518,0.2748311955954158,0.10518314949470037,0.10541657539175783,0.11791989447536831,0.11952062783636981,0.07597692474589864,0.07282496617393193
10,8,0.9365960709674165,0.6766047987313253,0.8007218457276927,0.8744705326093952,64,1024,False,0.01983063273901132,0.019761114895980612,6.951784303077785e-05,0.02216759067539018,0.018922856336015564,0.02148933156009301,0.018947427317114487,2.6281497346748007e-34,0.01976111489598062,2.561110124510293e-05,0.02051240374762967,0.020538014848874728,0.0012470095787522598,0.0010502952322735376,0.0002615186740343893,0.0008593342807415609,0.018661337661981175,-0.003918629435313289,0.046897292555499306,-0.01700603562871041,0.020318376565248732,0.013150662933185231,0.030469928118691314,-0.002445121317578014,0.005564513572608121,0.019761114895980612,0.01983063273901132,2.6281497346748007e-34,0.01976111489598062,0.02216759067539018,0.25100770659755905,0.27999465262198897,0.02068534210594934,0.0208611086038846,0.02068534210594934,0.0208611086038846,0.02302591460012113,0.022218545937510804
10,9,0.9655195721566272,0.8013213210022436,0.8874525115095802,0.9171221444391116,64,1024,False,0.006862026330010413,0.006814759703061706,4.7266626948680916e-05,0.008507596530733031,0.006729067235387015,0.009968296690613008,0.008670662637014612,4.337676800581746e-34,0.0068147597030617044,1.5746432244501088e-05,0.007068265873665921,0.007084012305910406,0.002222812661034392,0.0009944479266938814,0.0002506440493533253,0.0006646170258242401,0.006478423186033689,-0.011219678616108274,0.03115627199733429,-0.016836818207750716,0.01935238129653729,0.004877977044088766,0.01505875434668269,-0.002656801800185349,0.005096637614769861,0.006814759703061706,0.006862026330010413,4.337676800581746e-34,0.0068147597030617044,0.008507596530733031,0.14761508925079203,0.17568999993353748,0.00807891097707195,0.007650225423410866,0.00807891097707195,0.007650225423410866,0.00807891097707195,0.007650225423410866
10,11,0.6902768126222404,0.6815143839724105,0.8098589442830003,0.8522825044364626,64,1024,False,0.02485684645073951,0.02480345486458633,5.3391586153198235e-05,0.02277041464760599,0.022784220539924127,0.014087016008813732,0.013125486314947504,1.9353477418152896e-35,0.02480345486458633,4.7089483329310774e-05,0.024974055085472797,0.025021144568802077,0.0018819875805371781,0.0022053710715106735,0.0016163707664975148,0.00288114904478293,0.021167849773426613,-0.011942881679840072,0.04011691369746753,-0.015599990591915209,0.022508340140275102,0.0047957862334442325,0.02331950840743957,-0.0006787776874261908,0.007561919970612507,0.02480345486458633,0.02485684645073951,1.9353477418152896e-35,0.02480345486458633,0.02277041464760599,0.2860373340132518,0.2945298152831114,0.02068534210594934,0.02028131000685935,0.02068534210594934,0.02028131000685935,0.02302591460012113,0.023054303483733926
11,0,0.47385601563329033,0.17540652499457043,0.3467846094293205,0.1027873655543301,64,1024,False,0.06092590318830798,0.05650125830197502,0.004424644886332967,0.06418971468293493,0.060485394129495176,0.06466720177577061,0.06123064626694015,1.5323007642304816e-33,0.05650125830197502,3.705184785174225e-05,0.056127254863484057,0.056164306711335724,0.0006597045351627927,0.004777281817756002,0.0055038018934691095,0.006267133709087278,0.05498159223602607,0.02974706224031365,0.09958734131122757,-0.015331620173407183,0.025822830794933145,0.04702104839088861,0.08267278753191931,0.00047140473179752007,0.009971371480787639,0.05650125830197502,0.06092590318830798,1.5323007642304816e-33,0.05650125830197502,0.06418971468293493,0.53593834864904,0.68138530215963,0.8123872400035985,1.4506164768458567,0.8123872400035985,1.4506164768458567,0.7571799672009322,0.9648094186148406
11,1,0.48639069212173364,0.19626848118863474,0.36786455771172,0.36872632869370675,64,1024,False,0.1817446337377341,0.1801863850907868,0.0015582486469467916,0.20066472923379175,0.1681271979541917,0.16000753568043455,0.13699783454184464,3.5005724068404005e-35,0.1801863850907868,3.944138198715472e-05,0.17991437953547051,0.17995382091745762,0.00021917501826896994,0.0034031078360300584,0.0034195789867015785,0.00411834784989568,0.16470761896749012,0.11218219480141746,0.20783287655945165,-0.01726900518077294,0.024935014805447995,0.13059131116460776,0.1910911337545258,-0.0012091922108083963,0.008853107581671793,0.1801863850907868,0.1817446337377341,3.5005724068404005e-35,0.1801863850907868,0.20066472923379175,0.53593834864904,0.5713085054143425,0.6765255559005335,0.8623579328061522,0.6765255559005335,0.8623579328061522,0.3549281481448416,0.40505429576864566
11,2,0.4793087560442283,0.20304826085489383,0.3745449514740912,0.38210063601973443,64,1024,False,0.15640002458732907,0.15463810404972794,0.0017619205376004914,0.1624029428924142,0.15263337839372793,0.14368880603565673,0.13765984385397695,1.0563501566718462e-32,0.15463810404972794,0.00012538078500328386,0.15116877646666857,0.15129415725167195,0.0008287219234429377,0.0036368346323013257,0.005075176800677652,0.0060539259552927485,0.14755820159305028,0.09779869639782425,0.18957891567348922,-0.016686430562087264,0.02504776795663322,0.11588001118798275,0.17265915482857963,-0.0008826154371490702,0.008929237854317762,0.15463810404972794,0.15640002458732907,1.0563501566718462e-32,0.15463810404972794,0.1624029428924142,0.53593834864904,0.6191542453356753,0.6765255559005335,0.7389842762418007,0.6765255559005335,0.7497740477644079,0.3549281481448416,0.4050732991136956
11,3,0.4957237559234518,0.2215872039177339,0.39470750743449934,0.21923714655970777,64,1024,False,0.1323004940882815,0.13160238884711525,0.0006981052411672938,0.12933221268325398,0.1376961396671868,0.12668737640417163,0.13298075143697877,1.7897589935992805e-34,0.13160238884711525,5.201864770177204e-05,0.1322470812923282,0.1322990999400293,0.00039318973239690897,0.0045983826853144925,0.0031325439876565575,0.0046620967257651235,0.13456359567953025,0.08460948600289739,0.16876526680544587,-0.014226584262568365,0.0262676205048476,0.10299285467772279,0.15242115506407572,0.0013305360625963658,0.010512035943975206,0.13160238884711525,0.1323004940882815,1.7897589935992805e-34,0.13160238884711525,0.12933221268325398,0.53593834864904,0.5724572516156758,0.6245500220042285,0.6626436996443034,0.6245500220042285,0.6626436996443034,0.7571799672009322,0.9248392340264201
11,4,0.5426743085904733,0.26503941624767957,0.4343403002961182,0.4108985419637572,64,1024,False,0.127999367791841,0.1275893549539849,0.0004100128378558585,0.12099376763847346,0.13843306252067236,0.11407672175261872,0.1292869675223695,1.6150560961591052e-33,0.1275893549539849,1.7994870182526904e-05,0.1295784561678248,0.12959645103800752,0.0001388531093127654,0.0033440721447921674,0.0015650062912427765,0.002816379450169337,0.13686805622942957,0.07239597377337342,0.15575746973186402,-0.01564013139963529,0.024749794864797788,0.09028188121010317,0.13899175549158826,-0.00013315390970092267,0.00898929541290272,0.1275893549539849,0.127999367791841,1.6150560961591052e-33,0.1275893549539849,0.12099376763847346,0.4500016622620913,0.4753099618485236,0.4232357226610469,0.41512895929193455,0.4232357226610469,0.3969547759478345,0.3264889675070385,0.35979118875839117
11,5,0.5723873369133278,0.32349875274989426,0.49066793606883846,0.7219674163086168,64,1024,False,0.10846050468455468,0.10803226349099283,0.00042824119356247025,0.10451342042289863,0.11215508137313757,0.09537842275272196,0.10263664279903173,1.0929866426613606e-34,0.10803226349099283,2.3953684536985272e-05,0.11095596562766734,0.11097991931220423,0.00021583800641987973,0.002703212860427611,0.0020311638097414778,0.0036460446408094972,0.1101239175633961,0.05654539807859792,0.134211447426846,-0.015949083917171793,0.02414357879772775,0.07443452119332505,0.1177102743240539,-0.000537215601070784,0.008453769522020593,0.10803226349099283,0.10846050468455468,1.0929866426613606e-34,0.10803226349099283,0.10451342042289863,0.4500016622620913,0.4765776808651061,0.32234025048506215,0.33617486135453106,0.3223402504850621,0.33617486135453106,0.11865555251498702,0.12336959654568318
11,6,0.5962162369990482,0.38172990884347735,0.5425639584425475,0.665422828877771,64,1024,False,0.10205497405404079,0.10190061384441164,0.0001543602096284322,0.09960187032108019,0.10171357961021878,0.07242873786950041,0.07491607172544139,2.3067570455690217e-33,0.10190061384441167,3.1945802881727756e-05,0.102631616966045,0.10266356276892664,0.0003111698252049835,0.0030427678272020894,0.0010932122585081124,0.0034001764733810743,0.10062036735171066,0.035239208735873995,0.10961826700312682,-0.014749805341896799,0.024774228627409023,0.05325747519964352,0.09337406922713853,0.0005691185433533974,0.009325021470431238,0.10190061384441164,0.10205497405404079,2.3067570455690217e-33,0.10190061384441167,0.09960187032108019,0.32858700964244086,0.26931425572570544,0.12554969489256212,0.12375772664615553,0.12269275942859326,0.12580728784586595,0.2021023236841195,0.2114205467171231
11,7,0.6019833147036645,0.4236720106888523,0.5871045206110679,0.7009024111080508,64,1024,False,0.10687635373548698,0.1067017551279828,0.0001745986075034215,0.10926854649182585,0.10805622408809526,0.08221948612100609,0.0791554956743931,4.2204574150564796e-34,0.1067017551279828,7.858392291835921e-05,0.108857946143208,0.10893653006612616,0.0007213734719717761,0.003740970147690136,0.0020054260588433207,0.004367600188847615,0.10605079802925194,0.04472476503386984,0.11971420720814234,-0.013672265356949227,0.026025154879533167,0.06285348915844224,0.10355305026314454,0.0016794195107650012,0.010503737874387298,0.1067017551279828,0.10687635373548698,4.2204574150564796e-34,0.1067017551279828,0.10926854649182585,0.32858700964244086,0.2748311955954158,0.12554969489256212,0.12237828984024575,0.12269275942859326,0.11952062783636981,0.11865555251498702,0.12178455452270742
11,8,0.6183201994062864,0.4986671163228394,0.6584750691566184,0.7374124407003934,64,1024,False,0.07962836507371508,0.0795361233379724,9.224173574257267e-05,0.08083254179185821,0.07937701673959316,0.060786480651900544,0.058899506608064804,1.8749142000825786e-34,0.0795361233379724,7.156255878827892e-05,0.08066341333349698,0.08073497589228532,0.0008863885570952047,0.003325789309303451,0.002535289215482493,0.0055688706838710345,0.07684172752411067,0.027018648808737368,0.09455431249506371,-0.013530554046678477,0.025791527602677475,0.044945323366846424,0.07847784472687636,0.0016338070563506335,0.01030467572127236,0.0795361233379724,0.07962836507371508,1.8749142000825786e-34,0.0795361233379724,0.08083254179185821,0.32858700964244086,0.34147129276090166,0.10518314949470037,0.1068065233415565,0.11791989447536831,0.11345536646634051,0.0835494125820699,0.06914535950827991
11,9,0.6585561386126287,0.5695329153658725,0.7227484590219544,0.7742581474915465,64,1024,False,0.04027592953103906,0.04020639957029474,6.95299607441422e-05,0.0424045672325208,0.04158143209871374,0.03619824587275625,0.03548923643828036,1.710815606661334e-34,0.04020639957029473,6.106293542782016e-05,0.04079474258547563,0.04085580552090352,0.0014945962917455595,0.0033155594818710726,0.0023907844630049317,0.004820566515304968,0.03919064763570881,0.007194160550314695,0.0652023311951978,-0.0140567955631245,0.025032486282612565,0.024696551736269612,0.04906575237691868,0.0010904567898251116,0.009677921822003555,0.04020639957029474,0.04027592953103906,1.710815606661334e-34,0.04020639957029473,0.0424045672325208,0.32858700964244086,0.3490145786035864,0.10518314949470037,0.11347325004986518,0.04651121875896952,0.05061787028541823,0.0835494125820699,0.07531870011157521
11,10,0.6902768126222404,0.6815143839724105,0.8098589442830003,0.8522825044364626,64,1024,False,0.02019078237147557,0.020172221905086107,1.8560466389488148e-05,0.022275928694392714,0.02101092715147019,0.018406695247888023,0.017133128520511264,4.536498025093888e-35,0.020172221905086107,2.958958309345795e-05,0.020141615550481554,0.020171205133575,0.0014669219264547583,0.002596940728512729,0.002040336586285007,0.003892882058506486,0.018970590565185182,-0.006893411352283007,0.04370680184805906,-0.014898221503680588,0.023947967014353408,0.01032031382783316,0.027546750752662774,0.0002459433162584901,0.008743229853280354,0.020172221905086107,0.02019078237147557,4.536498025093888e-35,0.020172221905086107,0.022275928694392714,0.2860373340132518,0.31554813333035975,0.02068534210594934,0.022469002661498084,0.02068534210594934,0.022469002661498084,0.02302591460012113,0.024056972862551262
