source,target,cka,cca_shared,procrustes_shared,probe_cosine,metric_rank,metric_examples,full_dim_cca_saturation_possible,train_raw,train_geometry,residual_correction,cal_raw,test_raw,cal_clipped,test_clipped,train_mean_term,train_variance_term,test_mean_term,test_variance_term,test_geometry,mean_fraction,aligned_cal_raw,aligned_test_raw,aligned_test_clipped,alignment_raw_reduction,bernstein_lo,bernstein_hi,bernstein_aligned_lo,bernstein_aligned_hi,betting_lo,betting_hi,betting_aligned_lo,betting_aligned_hi,prediction__training_geometry,prediction__direct_training,prediction__mean_only,prediction__variance_only,prediction__direct_calibration,prediction__cka_common,prediction__cka_held_target,prediction__cca_shared_common,prediction__cca_shared_held_target,prediction__procrustes_shared_common,prediction__procrustes_shared_held_target,prediction__probe_cosine_common,prediction__probe_cosine_held_target
0,1,0.9696505491251831,0.4094541426810736,0.575660611589052,0.6897654258771327,32,1024,False,0.03437030982492082,0.030381328263445202,0.003988981561475478,0.03719513908614225,0.0349226725387657,0.03623926955258894,0.03392339898419334,1.9231566052673185e-33,0.0303813282634452,2.387532535696556e-05,0.031726851438076534,0.031750726763433476,0.0007519615388603381,0.011717698028562346,0.010347429499077677,0.010355603234605036,0.024575243039688024,0.0059368836016823676,0.0665416555034955,-0.00987157863403901,0.03333261932588473,0.023680749924096745,0.050517518968263175,0.006520152135635726,0.017199444337165914,0.030381328263445202,0.03437030982492082,1.9231566052673185e-33,0.0303813282634452,0.03719513908614225,0.06605694897891905,0.04857985799320143,0.11034827831009746,0.11847640489053693,0.11835079328658352,0.12994445817236086,0.11839055813640735,0.1008646352508574
0,2,0.960783217014766,0.32044551744798844,0.4833469108124241,0.35508264155389896,32,1024,False,0.14198821396493796,0.1351341257324544,0.0068540882324845094,0.1405530429786222,0.15221783121937218,0.12640310205418104,0.1364923341484425,1.5330251706802305e-33,0.1351341257324544,0.00022789278643759153,0.13728451892524135,0.13751241171167922,0.0016572524879820438,0.016037005834053805,0.01688803268396802,0.016895457036973194,0.13532979853540417,0.08100654537157836,0.1717996587367837,-0.007223249180112513,0.03945019625040112,0.09866113690804923,0.15449355352757266,0.009536241086607333,0.02285695910541108,0.1351341257324544,0.14198821396493796,1.5330251706802305e-33,0.1351341257324544,0.1405530429786222,0.14432431493813946,0.14566554645815566,0.26851554798312166,0.282112998847953,0.2555804254287969,0.282112998847953,0.25085320640524245,0.2974465234202288
0,3,0.9352850885978073,0.2561248294854159,0.42190059645976397,0.06404360245286404,32,1024,False,0.20581689066700667,0.1982187997430267,0.0075980909239791805,0.20272527448924726,0.2179357934063129,0.17405955905062998,0.18386077019586541,6.316031614641768e-35,0.1982187997430267,4.942988730504986e-06,0.19922436728443513,0.1992293102731661,2.481054983188761e-05,0.027745782426362685,0.027984194605603585,0.028192013758416304,0.1899515988007093,0.1251159942155802,0.22300312388567975,0.0020759624309226316,0.053775858197996226,0.14314440606540302,0.2058384411939187,0.018798600962327328,0.03692692320328206,0.1982187997430267,0.20581689066700667,6.316031614641768e-35,0.1982187997430267,0.20272527448924726,0.14432431493813946,0.13828220182874024,0.26851554798312166,0.2588876439387248,0.2707457415269708,0.25962459332968874,0.45227888567122243,0.6285232753352452
0,4,0.8822694601568305,0.23310267786145283,0.395201534976268,0.2601557377320172,32,1024,False,0.2433247181224161,0.24015761310403952,0.0031671050183758394,0.23369659829270523,0.24197852825080216,0.15969945021265627,0.16988217145849238,1.41790386381245e-33,0.24015761310403952,5.115082969540799e-06,0.2319428548905059,0.23194796997347555,2.2052717124990296e-05,0.02388346754170439,0.022441016082580603,0.022888533600212077,0.21953751216822154,0.1103748920071764,0.20902400841813615,-0.0012704014822548793,0.049911337302644784,0.12836682704801206,0.19179009469371522,0.01516252647707006,0.03281278174108593,0.24015761310403952,0.2433247181224161,1.41790386381245e-33,0.24015761310403952,0.23369659829270523,0.14432431493813946,0.1421049981739138,0.26851554798312166,0.273429138458294,0.2707457415269708,0.27342913845829403,0.2938849572170372,0.30248329420622755
0,5,0.849672149190597,0.2216681994001172,0.38561786056336556,0.3617898030659735,32,1024,False,0.24860075018734457,0.24417084651146137,0.004429903675882566,0.23595613287373388,0.23751374437720088,0.14836070759463396,0.15443600944276648,3.1554436208840474e-34,0.24417084651146137,1.0588411326314419e-05,0.23223492507858046,0.2322455134899056,4.559145693367565e-05,0.030583826902154786,0.030986243075934363,0.03209651514360626,0.20652750130126651,0.10045974644977251,0.1962616687394954,0.0050004644173380144,0.05790758611616704,0.11824335039273137,0.17891715444420697,0.02135188099782681,0.04067929011944216,0.24417084651146137,0.24860075018734457,3.1554436208840474e-34,0.24417084651146137,0.23595613287373388,0.14432431493813946,0.14475986046561368,0.26851554798312166,0.27206345749030375,0.2707457415269708,0.2739928474812105,0.25085320640524245,0.25581889758241194
0,6,0.6955207502681736,0.2058940194199875,0.37208351430803177,0.3340846552043193,32,1024,False,0.3595721637132485,0.3569041934812915,0.002667970231957635,0.35995988085087804,0.34979629233348436,0.15900152591007477,0.15687446046213593,1.078734761072895e-35,0.3569041934812915,0.0002853905997498992,0.34014238888123177,0.3404277794809823,0.0008383293519260002,0.04903248412532307,0.04785366856027447,0.05052995491819052,0.3019426237732099,0.11072175471962299,0.20728129710052656,0.02309832438713417,0.07861185394555578,0.12855889182537794,0.18994949640182313,0.03938416042365134,0.06129383795632748,0.3569041934812915,0.3595721637132485,1.078734761072895e-35,0.3569041934812915,0.35995988085087804,0.17884350085880213,0.15114424600409124,0.26851554798312166,0.26452616543381047,0.2707457415269708,0.2660534293674202,0.2938849572170372,0.28444568241220286
0,7,0.5897547559914625,0.1967424997761636,0.3562309126122949,0.4210131998306044,32,1024,False,0.2553132249199925,0.2528108938341434,0.0025023310858491273,0.25002993065960394,0.24902486496707088,0.1406017638151833,0.1425573525688766,6.3328000446909e-34,0.2528108938341434,0.00021898003456770248,0.24306751679307653,0.24328649682764486,0.0009000911987435037,0.048151779930493376,0.04758207587636172,0.05041208717857617,0.20144278909070917,0.09419224507385934,0.18701128255650726,0.02266185957099858,0.07852810203438326,0.1119551215087995,0.16975391458254308,0.0390191562983091,0.061266473661817145,0.2528108938341434,0.2553132249199925,6.3328000446909e-34,0.2528108938341434,0.25002993065960394,0.1946308694817036,0.16044955897180255,0.26851554798312166,0.2607505099071913,0.2707457415269708,0.2617079329587458,0.21618148591047562,0.20893436967728285
0,8,0.5299868148390832,0.18818124096584204,0.347472390202692,0.39721504493062687,32,1024,False,0.24250323787572642,0.24016185772755497,0.0023413801481718013,0.2396293685435938,0.24467752056626974,0.15665927661669538,0.1524723188138955,6.520428419717425e-36,0.24016185772755497,0.0001247009764581757,0.2391744257856189,0.2392991267620768,0.0005211091997931094,0.06601335333543466,0.06250575433634964,0.06661870085387774,0.1821717662299201,0.110217961767543,0.20310059146584775,0.041746361017387115,0.09755329556341615,0.12794636123726377,0.1857971237259335,0.05809548664547037,0.08029872544284444,0.24016185772755497,0.24250323787572642,6.520428419717425e-36,0.24016185772755497,0.2396293685435938,0.2575651610133113,0.24051486084264623,0.26851554798312166,0.2590723686314461,0.2707457415269708,0.25971902478008485,0.21618148591047562,0.209814457443307
0,9,0.48508370887118124,0.1832250046186361,0.3423380351148176,0.42195859404955766,32,1024,False,0.24136489105881445,0.23929475534083391,0.002070135717979958,0.24503458018158744,0.24841157581093345,0.156573366816984,0.15343707600855244,2.486769303881441e-35,0.23929475534083391,1.2754588121694865e-05,0.24568795911735347,0.24570071370547492,5.1911074776054494e-05,0.06992611607139965,0.0660770939835073,0.06947129481438999,0.18233448182742615,0.11016011420328588,0.20298661943068214,0.044642112506951145,0.1008912009866353,0.1279666446207557,0.18577183827437693,0.06109396063402528,0.08369290295377141,0.23929475534083391,0.24136489105881445,2.486769303881441e-35,0.23929475534083391,0.24503458018158744,0.2575651610133113,0.23715564024591393,0.26851554798312166,0.25963298430901727,0.2707457415269708,0.2603834581757248,0.21618148591047562,0.20364316636179483
0,10,0.5235370964767811,0.1788241220114784,0.3408408337752501,0.3941976502550007,32,1024,False,0.1723517446511488,0.17093111371151387,0.0014206309396355534,0.1732562485184341,0.18063969857125392,0.11696433464228922,0.11869905758744374,1.3214500823142966e-34,0.17093111371151387,8.029136900119014e-06,0.17723107641111854,0.17723910554801936,4.5301158992498304e-05,0.07246407575097097,0.07022833890759493,0.07412434785483187,0.11041135966365899,0.07474917612830281,0.15917949315627564,0.04771562415894856,0.10405423247225187,0.09240844649320934,0.14214376533345785,0.0641254938163911,0.08683842933533015,0.17093111371151387,0.1723517446511488,1.3214500823142966e-34,0.17093111371151387,0.1732562485184341,0.2575651610133113,0.252136988248382,0.26851554798312166,0.268180175484797,0.2707457415269708,0.26870642928820704,0.21618148591047562,0.21457946565859473
0,11,0.4820134636922538,0.16796280248046913,0.33192457106652234,0.29787474518329604,32,1024,False,0.13250572824588938,0.13095603788795124,0.0015496903579386443,0.1250060626148218,0.13998729815273447,0.08465131075318368,0.0922499564666775,4.418497581354578e-34,0.13095603788795124,6.440258331550931e-06,0.13530515296940585,0.13531159322773778,4.759576158941221e-05,0.07224561871840654,0.06975022639581464,0.07489445288192413,0.07023707175691983,0.0464278701633921,0.12287475134297525,0.048653964180013096,0.10425023778750193,0.06410747367772274,0.10621079550037393,0.06507677239278564,0.0870768780587241,0.13095603788795124,0.13250572824588938,4.418497581354578e-34,0.13095603788795124,0.1250060626148218,0.2575651610133113,0.2696386834607425,0.26851554798312166,0.2749422795041464,0.2707457415269708,0.27514604398205506,0.2938849572170372,0.3180105135887823
1,0,0.9696505491251831,0.4094541426810736,0.575660611589052,0.6897654258771327,32,1024,False,0.12432731035429706,0.12101381510261629,0.003313495251680344,0.11264730848670464,0.12284565816409242,0.1065851572803572,0.1172787598956955,2.4541445321060074e-32,0.12101381510261625,8.666646559805134e-05,0.11651374816791309,0.11660041463351092,0.0007432775078069356,0.0036646423810998007,0.006227280686725239,0.006230340159064154,0.11661837747736718,0.06239729205337148,0.15077302250734292,-0.016440683567939846,0.023769968897972026,0.0796240376366768,0.13303060644102516,-0.0009544965723762289,0.008092850097455084,0.12101381510261629,0.12432731035429706,2.4541445321060074e-32,0.12101381510261625,0.11264730848670464,0.06605694897891905,0.06182146175093855,0.11034827831009746,0.11009283051269667,0.11835079328658352,0.11916557682942337,0.11839055813640735,0.11953920806634791
1,2,0.9841036361287215,0.5779984611976325,0.7260585038572869,0.6899697104794139,32,1024,False,0.09607125336394942,0.09326368781219611,0.0028075655517532786,0.10199025232197566,0.09368679952150165,0.0835374650499785,0.07950314230225017,5.9859106377770535e-33,0.09326368781219614,8.713322274891961e-06,0.09118932370352066,0.09119803702579565,9.554287086713687e-05,0.007465459876337807,0.009484688097133908,0.009492076049027754,0.08420211142436775,0.04439095177237924,0.12268397832757776,-0.014188471589802226,0.029272258029180518,0.062356057489523664,0.10606813669437543,0.0021001617424190044,0.01295448535529431,0.09326368781219611,0.09607125336394942,5.9859106377770535e-33,0.09326368781219614,0.10199025232197566,0.06605694897891905,0.06584677361533503,0.08285067859204287,0.08111071734386716,0.08285067859204286,0.08111071734386716,0.11839055813640735,0.12167061929929368
1,3,0.9594588444571931,0.3295178598036675,0.49852803036130033,0.34827907462075497,32,1024,False,0.3393743958728586,0.3342506468256496,0.005123749047209822,0.35373627469459823,0.32419691317793553,0.17441487958923513,0.16798885184731424,1.987530976292546e-32,0.33425064682564953,0.00013456107102637762,0.33209370261046695,0.33222826368149316,0.0004050259587648484,0.022294815851514174,0.02213368183342814,0.022341338392339826,0.3020632313445074,0.12393276777171497,0.2248969914067553,-0.0028232641112014983,0.047773151590423335,0.14236768754199147,0.20794037664018106,0.013799447900964878,0.030880239472026005,0.3342506468256496,0.3393743958728586,1.987530976292546e-32,0.33425064682564953,0.35373627469459823,0.14432431493813946,0.13828220182874024,0.26851554798312166,0.25135961086239217,0.2555804254287969,0.24467421995481903,0.2938849572170372,0.2853347690059571
1,4,0.9006063830494789,0.27578964704575604,0.44087102275371814,0.531269768101585,32,1024,False,0.18311952340452486,0.18176352186432995,0.001356001540195533,0.1763677107041581,0.17056111506798005,0.09869557235878598,0.10085195324702877,9.748764979524186e-33,0.18176352186432995,5.447305408408719e-06,0.17738844305768484,0.1773938903630937,3.070740146269444e-05,0.021222729790673807,0.019669115126095777,0.02011663264372726,0.15089199994188426,0.05549733444842726,0.14189381026914472,-0.003898302139393982,0.04721776245772276,0.07358636520802975,0.12523146387684392,0.012490676694142167,0.03007135215011658,0.18176352186432995,0.18311952340452486,9.748764979524186e-33,0.18176352186432995,0.1763677107041581,0.14432431493813946,0.1421049981739138,0.26851554798312166,0.273429138458294,0.2707457415269708,0.27342913845829403,0.15544446852531557,0.1562234807550713
1,5,0.8620501756402498,0.24992648213939306,0.41423339018988026,0.5115020806671227,32,1024,False,0.13405802265446157,0.13101787337044782,0.003040149284012507,0.12369741674278269,0.12637473920657055,0.08011192245813878,0.08355445391644396,8.539250031174561e-34,0.13101787337044776,5.929413001087743e-06,0.1252700951855188,0.1252760245985201,4.733078831396592e-05,0.02716397547221096,0.027169357471096233,0.02827961125077327,0.09920538173547432,0.03989974020339554,0.12032410471288202,0.0018023682505495069,0.05426465314184857,0.057380329199077096,0.10328217395726824,0.018168128670367878,0.03707467724598246,0.13101787337044782,0.13405802265446157,8.539250031174561e-34,0.13101787337044776,0.12369741674278269,0.14432431493813946,0.14475986046561368,0.26851554798312166,0.27206345749030375,0.2707457415269708,0.2739928474812105,0.16446626373847983,0.20165586809830724
1,6,0.7170435247369399,0.2252710300940526,0.3893290306745366,0.46412766235991576,32,1024,False,0.30181905556587163,0.3000686838162706,0.0017503717496000087,0.31217890437539836,0.29624335274235347,0.13313045925901432,0.12432600376856917,1.2159346720324715e-33,0.3000686838162706,4.182924369768597e-05,0.29673603824934985,0.2967778674930472,0.00014094461979603627,0.043548153073272484,0.041753271568449414,0.04442955792636546,0.25449008117390404,0.08734408474686169,0.17891683377116696,0.018127858520263017,0.07261365770832573,0.10515362313162768,0.16178434787434526,0.03444932938873535,0.05534989879379282,0.3000686838162706,0.30181905556587163,1.2159346720324715e-33,0.3000686838162706,0.31217890437539836,0.17884350085880213,0.15114424600409124,0.26851554798312166,0.26452616543381047,0.2707457415269708,0.2660534293674202,0.2012979438347203,0.18568389923432355
1,7,0.6210699793533784,0.2157596133147918,0.3783778778003924,0.4405171207600169,32,1024,False,0.38119099700251424,0.37895751894848323,0.002233478054032474,0.40296129376830164,0.3639477330007784,0.16112235531004057,0.15404626794892934,1.8853801447593245e-34,0.37895751894848323,6.752840421157874e-05,0.369678136168205,0.36974566457241653,0.00018263474242401282,0.04265320669222892,0.04154436804092943,0.044374379343143984,0.32240336495984895,0.11251610280597316,0.209728607814108,0.017721238228988336,0.07247157689986475,0.13034639220131794,0.19236316253227415,0.034125157340895385,0.055262237598071806,0.37895751894848323,0.38119099700251424,1.8853801447593245e-34,0.37895751894848323,0.40296129376830164,0.1946308694817036,0.16044955897180255,0.26851554798312166,0.2607505099071913,0.2707457415269708,0.2617079329587458,0.21618148591047562,0.1877786837591612
1,8,0.556534847740973,0.20897098585603233,0.3722113406811052,0.44603955850553967,32,1024,False,0.3118185269960595,0.30992099000193185,0.0018975369941284024,0.3230452422616603,0.3003059957617837,0.16445931187863075,0.15606749742317755,5.24334427359425e-36,0.30992099000193185,5.2223181431566566e-05,0.30427770035356794,0.30432992353499916,0.00017160054727763467,0.05917597545122094,0.05578134764135989,0.059894294158887994,0.2445246481204238,0.11689129652934005,0.21202732722792145,0.035447345504115386,0.09017755530826041,0.13467687895172276,0.19469693399150856,0.05178787763725268,0.07293967239093035,0.30992099000193185,0.3118185269960595,5.24334427359425e-36,0.30992099000193185,0.3230452422616603,0.2575651610133113,0.20229674196826158,0.26851554798312166,0.2590723686314461,0.2707457415269708,0.25971902478008485,0.2012979438347203,0.17887423982476913
1,9,0.5113934512930712,0.20217570379946193,0.36587642676434373,0.3826182926769569,32,1024,False,0.37947594056957373,0.37729034997986555,0.0021855905897089477,0.39880697159458867,0.3791061030052279,0.19428324490997556,0.18478697859506799,6.152499619110553e-34,0.37729034997986555,3.6288353186198908e-06,0.3803426634025791,0.38034629223789784,9.54087207546679e-06,0.06367683449249384,0.059745206524624186,0.06313940735550673,0.31936089648060373,0.14427598191220495,0.24429050790774617,0.03881246717784208,0.09422228315793273,0.16221472505276324,0.2269174938555807,0.05523064442240866,0.07700544492399786,0.37729034997986555,0.37947594056957373,6.152499619110553e-34,0.37729034997986555,0.39880697159458867,0.2575651610133113,0.23715564024591393,0.26851554798312166,0.25963298430901727,0.2707457415269708,0.2603834581757248,0.21796374596100815,0.20364316636179483
1,10,0.5465140537380497,0.1962564293129275,0.35805285562646927,0.4163052892965322,32,1024,False,0.29796273672303203,0.2967486930471667,0.0012140436758661445,0.30472663411055595,0.29592293535447256,0.17080989942635597,0.16585909734167267,7.237047692724472e-35,0.2967486930471667,2.7222942757930324e-05,0.29649172024945764,0.2965189431922152,9.180844388846801e-05,0.06617730925729044,0.06390498127247651,0.0678009902197135,0.23201795408199605,0.12264839793515823,0.21897140091755368,0.041815239039096445,0.09738108460474279,0.14055855990591226,0.20171420012047747,0.05822180433460744,0.08016691507509677,0.2967486930471667,0.29796273672303203,7.237047692724472e-35,0.2967486930471667,0.30472663411055595,0.2575651610133113,0.252136988248382,0.26851554798312166,0.268180175484797,0.2707457415269708,0.26870642928820704,0.21618148591047562,0.21457946565859473
1,11,0.49049034655053536,0.19289359013712642,0.35606527182162406,0.382303496186029,32,1024,False,0.3045539369924616,0.303429959234071,0.001123977758392266,0.31586767306636176,0.31064101043642167,0.15994782298600319,0.15632596255045542,6.207699339223282e-34,0.303429959234071,0.0003168128308756235,0.30872882572251126,0.30904563855338757,0.0010251328326734957,0.06337203907114713,0.06126259739626552,0.06640672463400708,0.24937841304015615,0.11360792819967735,0.20628771777232902,0.040411841994467707,0.09474520067852851,0.13166431766876485,0.1893221880091005,0.056798756420903374,0.07757675681932596,0.303429959234071,0.3045539369924616,6.207699339223282e-34,0.303429959234071,0.31586767306636176,0.2575651610133113,0.2696386834607425,0.26851554798312166,0.2749422795041464,0.2707457415269708,0.27514604398205506,0.21796374596100815,0.22025141539175652
2,0,0.960783217014766,0.32044551744798844,0.4833469108124241,0.35508264155389896,32,1024,False,0.34632167098957145,0.3384634143324622,0.00785825665711143,0.3259390530457615,0.3435841435115834,0.20750972604984114,0.22593288075156923,1.4586038137536506e-33,0.3384634143324623,0.00010537993996748636,0.3301385432374394,0.33024392317740703,0.0003190972871009537,0.009612339038622807,0.012072214166142674,0.012075273638481588,0.3315119293454407,0.1525236243607788,0.26249582773890345,-0.012710697002140468,0.03193537564721866,0.17033796337636886,0.24455355051031802,0.0036636544537032023,0.01533769270463381,0.3384634143324622,0.34632167098957145,1.4586038137536506e-33,0.3384634143324623,0.3259390530457615,0.14432431493813946,0.1225730700147645,0.26851554798312166,0.2707162345162192,0.2555804254287969,0.2477628001380231,0.25085320640524245,0.21334015039405912
2,1,0.9841036361287215,0.5779984611976325,0.7260585038572869,0.6899697104794139,32,1024,False,0.2843044029288324,0.28018743759323717,0.004116965335595038,0.26968966872887223,0.2868291307194847,0.18605312138069577,0.1974593464374493,1.3983684480722952e-32,0.2801874375932371,9.68540712233308e-05,0.27239143244341013,0.27248828651463314,0.0003554430631209153,0.010846189597211965,0.009493107576055532,0.00950091657486185,0.27733602314342914,0.13311825011076195,0.2389879926506296,-0.01103644386647456,0.03274389381927434,0.15082058882398997,0.22109757237194572,0.00540121798258042,0.01644471104373224,0.28018743759323717,0.2843044029288324,1.3983684480722952e-32,0.2801874375932371,0.26968966872887223,0.06605694897891905,0.04857985799320143,0.08285067859204287,0.05997492164326527,0.08285067859204286,0.0658653158523311,0.11839055813640735,0.1008646352508574
2,3,0.9806482205171312,0.4440955937223721,0.6165270898820524,0.5236655389598859,32,1024,False,0.12047629469393485,0.11656706109377551,0.00390923360015931,0.12445103753660379,0.10768270075103849,0.07308375992258205,0.06696896271217918,4.434261638937712e-35,0.11656706109377551,4.190237351760406e-05,0.11581152020755273,0.11585342258107001,0.0003616843817305639,0.01819414757524373,0.01769875726328411,0.017903229026266714,0.08998394348775438,0.033985092782649454,0.11218242706251465,-0.006159676193796194,0.04290571973687493,0.052000211930135265,0.09574061447347049,0.010570780883426778,0.026184938491496723,0.11656706109377551,0.12047629469393485,4.434261638937712e-35,0.11656706109377551,0.12445103753660379,0.06605694897891905,0.060748395473675006,0.11034827831009746,0.10878130506270788,0.08539525855197035,0.0828001614973234,0.15544446852531557,0.16164315472305796
2,4,0.9171318355347108,0.34257176573196735,0.5135022893675049,0.6215864267101553,32,1024,False,0.13460756770386242,0.13356779667791618,0.0010397710259460538,0.1352105347989925,0.13259441306259456,0.07688777095111421,0.08098145687598544,4.1090622690497703e-32,0.13356779667791616,1.8059368430396845e-05,0.13225100455102007,0.13226906391945079,0.00013653508912253768,0.01963455485551079,0.017873646493751456,0.018320848846735474,0.11472076656884311,0.036166458173640226,0.11760908372858819,-0.005234297463772984,0.04536616263289987,0.05384036069881404,0.10067473125673132,0.011252390773734078,0.028353730056551285,0.13356779667791618,0.13460756770386242,4.1090622690497703e-32,0.13356779667791616,0.1352105347989925,0.14432431493813946,0.1421049981739138,0.1947452971267301,0.24925210149026802,0.1947452971267301,0.24925210149026802,0.14697973017003363,0.15090279529371403
2,5,0.8725004513310812,0.29532592260677665,0.4623360984822405,0.6186439402647586,32,1024,False,0.22733516834993614,0.22484744311390842,0.002487725236029169,0.21527897636601012,0.2255780183904712,0.11991904754599443,0.13373463516498899,2.6272498888466513e-32,0.22484744311390836,4.509704089217918e-05,0.22528994736550606,0.22533504440639815,0.00020013327714283707,0.02634128976256252,0.026041556726247563,0.027149537206524077,0.19953646166422365,0.07451736754350825,0.1653207275484806,0.0011150978780796877,0.05330737506099843,0.091912642121315,0.1476930095377611,0.01756967853725655,0.03622189872112358,0.22484744311390842,0.22733516834993614,2.6272498888466513e-32,0.22484744311390836,0.21527897636601012,0.14432431493813946,0.14475986046561368,0.26851554798312166,0.27206345749030375,0.2555804254287969,0.260058364213551,0.14697973017003363,0.12421331477137482
2,6,0.7126854290186418,0.2506617706906329,0.4138266636645801,0.43463707306426874,32,1024,False,0.2111776424581694,0.2090641224857078,0.0021135199724624156,0.214431694083956,0.20780319047034035,0.10523151063182051,0.10013946909941192,3.1493657476264063e-32,0.2090641224857078,4.273569037222253e-05,0.2099715813267699,0.21001431701714268,0.000203489414337091,0.04509577684547049,0.04324432997611324,0.04592039125770798,0.1645588604942271,0.06291403924478015,0.14754898201886088,0.01927282795596932,0.07456393581701541,0.0805767658748664,0.13053160896379268,0.035704097885172814,0.057359856356924865,0.2090641224857078,0.2111776424581694,3.1493657476264063e-32,0.2090641224857078,0.214431694083956,0.17884350085880213,0.15114424600409124,0.26851554798312166,0.26452616543381047,0.2707457415269708,0.2660534293674202,0.21618148591047562,0.21624182355966595
2,7,0.6054994568201186,0.23818848942524246,0.3990566605438981,0.3960073465856512,32,1024,False,0.26944084160388027,0.26673658205489076,0.002704259548987604,0.2801483011673081,0.25968387100496637,0.13339739081217852,0.11922909400314204,1.2635116379609712e-32,0.26673658205489076,1.564219307489447e-06,0.2699327514222625,0.2699343156415709,5.794814578397203e-06,0.0449647493760401,0.043985041957191676,0.04681505325940623,0.2156988290477747,0.0880285706619672,0.17876621096238984,0.019447500897662,0.07536839959881336,0.10599097414524294,0.1618240609750501,0.03595191759086447,0.058193923272483516,0.26673658205489076,0.26944084160388027,1.2635116379609712e-32,0.26673658205489076,0.2801483011673081,0.1946308694817036,0.16044955897180255,0.26851554798312166,0.2607505099071913,0.2707457415269708,0.2617079329587458,0.21618148591047562,0.20893436967728285
2,8,0.5385030986691794,0.22840402624762593,0.38942977892187824,0.41212823649201097,32,1024,False,0.366084108553384,0.3637911824107665,0.0022929261426173023,0.37101040035807886,0.3562406279927151,0.17007062374860857,0.15851432189131942,1.117986174164557e-32,0.36379118241076663,1.7179251074266783e-07,0.3667703618081424,0.36677053360065504,4.683923461793633e-07,0.06158957223833738,0.05724724279877904,0.061360189316307025,0.2989933851939361,0.12231236063999726,0.21782888685721988,0.03742010056873987,0.09303199381786878,0.14054021545598516,0.20096345753700007,0.053859761741477996,0.07584443606901914,0.3637911824107665,0.366084108553384,1.117986174164557e-32,0.36379118241076663,0.37101040035807886,0.2575651610133113,0.24051486084264623,0.26851554798312166,0.2590723686314461,0.2707457415269708,0.25971902478008485,0.21618148591047562,0.209814457443307
2,9,0.4921760856902033,0.21875950409994618,0.37748090877624946,0.3923468429838356,32,1024,False,0.3302035418269586,0.3279184811641394,0.0022850606628198127,0.33091397338996315,0.3151093077130506,0.16040029720929333,0.14508753496278642,1.2973125820747527e-32,0.32791848116413946,1.6291132856378798e-06,0.32324654877383724,0.3232481778871225,5.039822022467091e-06,0.06638849845555882,0.061148709021837305,0.06454290985271989,0.25396059869121335,0.11384986436192317,0.20695073005666348,0.04115271110268105,0.09730536715922351,0.132113482854038,0.1902284137395327,0.057646193861728534,0.08011495471873786,0.3279184811641394,0.3302035418269586,1.2973125820747527e-32,0.32791848116413946,0.33091397338996315,0.2575651610133113,0.23715564024591393,0.26851554798312166,0.25963298430901727,0.2707457415269708,0.2603834581757248,0.21618148591047562,0.20364316636179483
2,10,0.5242130625324564,0.2110930587847346,0.3722404973163566,0.4092527292265696,32,1024,False,0.22253826774524207,0.22115568533567542,0.0013825824095671103,0.21381612190322175,0.21373388013774933,0.12304132883309352,0.11581961020401006,2.3285395411417512e-32,0.22115568533567542,1.3275012821358247e-06,0.21800333947199388,0.21800466697327697,6.089325061552695e-06,0.06891482807443582,0.06569433336819604,0.06959034231543303,0.14803954676955328,0.08030548639619618,0.16577717126999086,0.044192584612937694,0.1004787766651924,0.0983076560733025,0.14909845755755669,0.06070751076185843,0.08332528410392115,0.22115568533567542,0.22253826774524207,2.3285395411417512e-32,0.22115568533567542,0.21381612190322175,0.2575651610133113,0.252136988248382,0.26851554798312166,0.268180175484797,0.2707457415269708,0.26870642928820704,0.21618148591047562,0.21457946565859473
2,11,0.4841963710527151,0.19938950778097836,0.3653042059750021,0.38927060065950125,32,1024,False,0.1274204597439601,0.1262168084890403,0.0012036512549202813,0.125763726231199,0.12487629714949366,0.0970428234000433,0.09376966958431637,2.2433550498236885e-32,0.1262168084890403,0.00010046709551427749,0.12724404260232375,0.12734450969783784,0.000788939356338684,0.06517040286024017,0.06229403615507079,0.06743824670117844,0.06258226099442288,0.05842632979615883,0.13565931700392778,0.04206689398413157,0.09668687626705041,0.0763481961839716,0.11920770647702739,0.05853129836032167,0.07957019472087268,0.1262168084890403,0.1274204597439601,2.2433550498236885e-32,0.1262168084890403,0.125763726231199,0.2575651610133113,0.2696386834607425,0.26851554798312166,0.2749422795041464,0.2707457415269708,0.27514604398205506,0.21618148591047562,0.22025141539175652
3,0,0.9352850885978073,0.2561248294854159,0.42190059645976397,0.06404360245286404,32,1024,False,0.6116359812037571,0.6003320299993976,0.011303951204360289,0.5892558087614641,0.6194949502220315,0.24170584864730346,0.2624951534909911,4.94641741405505e-32,0.6003320299993975,0.00017495273811266127,0.5959326796374883,0.596107632375601,0.0002934918605478036,0.00845564614008921,0.010501442655533544,0.010504502127872462,0.608993507566498,0.18377256225976854,0.2996391350348384,-0.01343431625542349,0.030345609103434493,0.20142159317765618,0.28130654140841216,0.002872916629712563,0.013920410754508339,0.6003320299993976,0.6116359812037571,4.94641741405505e-32,0.6003320299993975,0.5892558087614641,0.14432431493813946,0.1225730700147645,0.26851554798312166,0.2707162345162192,0.2707457415269708,0.27493217144282667,0.45227888567122243,0.4417421992796654
3,1,0.9594588444571931,0.3295178598036675,0.49852803036130033,0.34827907462075497,32,1024,False,0.8756065912549594,0.8678254413022247,0.007781149952735638,0.8442485633025767,0.8719642047134788,0.25489933052294506,0.2688906326466346,1.2958377049233413e-32,0.8678254413022244,0.0001727882562540118,0.8513496144376796,0.8515224026939359,0.00020291686479106925,0.01079318799281949,0.011220191794971409,0.011228365435347531,0.8607440129185074,0.19621608680917776,0.3135825742367124,-0.011780343162525554,0.033389665752628105,0.2138079730575555,0.2951414138733526,0.004947613524564076,0.017003262109938078,0.8678254413022247,0.8756065912549594,1.2958377049233413e-32,0.8678254413022244,0.8442485633025767,0.14432431493813946,0.11769096492265686,0.26851554798312166,0.20205265121059218,0.2555804254287969,0.1930646956666783,0.2938849572170372,0.24807065882428014
3,2,0.9806482205171312,0.4440955937223721,0.6165270898820524,0.5236655389598859,32,1024,False,0.030875652614434423,0.02581792256007951,0.005057730054354873,0.03222539927170273,0.03149600104033541,0.0321838243965278,0.031398600089325,1.1443073264088601e-32,0.025817922560079504,9.641855070908344e-06,0.025103926944965587,0.02511356880003647,0.00038393010358983077,0.006892707877700201,0.007417807757848855,0.007414961347350368,0.024078193282486556,0.003158831149793963,0.061208817643261644,-0.015328464195223435,0.029222351698359322,0.020366788798128255,0.044647942086157855,0.0011000147569575347,0.012709097863989882,0.02581792256007951,0.030875652614434423,1.1443073264088601e-32,0.025817922560079504,0.03222539927170273,0.06605694897891905,0.06584677361533503,0.11034827831009746,0.11902859820325243,0.08539525855197035,0.11902859820325243,0.15544446852531557,0.18058161446539506
3,4,0.9466089493403681,0.5336031884702569,0.6949932141985382,0.6822630061574906,32,1024,False,0.14070094418914833,0.1400617345578167,0.0006392096313311373,0.13149490727219101,0.13975653236849353,0.09187973283572683,0.09918421669715603,1.2971592799771093e-31,0.14006173455781676,0.000138563362541227,0.13527549456334628,0.13541405792588732,0.0010232568513459902,0.0053400388024227655,0.00500755002912845,0.005341496241990966,0.13474898233936508,0.05004398265176252,0.13371548301969113,-0.016021918467729702,0.02737793641525235,0.06736616363195935,0.11631793597189244,0.00019925787637475878,0.011014378615072928,0.1400617345578167,0.14070094418914833,1.2971592799771093e-31,0.14006173455781676,0.13149490727219101,0.14432431493813946,0.1421049981739138,0.08285067859204287,0.07842847598475668,0.08285067859204286,0.07842847598475668,0.11839055813640735,0.1157696883092506
3,5,0.8960974620637855,0.38774917458097385,0.5563191836562155,0.44057571793973654,32,1024,False,0.2392581425033948,0.2354227417241948,0.003835400779198455,0.23085593291995868,0.2358782724717623,0.13573578419252266,0.13872577826055038,3.878524022927824e-32,0.23542274172419472,3.307318773310769e-05,0.23472574968909918,0.2347588228768311,0.00014088155379131338,0.018405157016470844,0.01963118217845258,0.020703332078149124,0.2162470902933097,0.08967073270093726,0.18180083568410807,-0.005672506321281898,0.044159052157379586,0.10717167060647625,0.16427795678464463,0.010971347517624963,0.027311473873851355,0.2354227417241948,0.2392581425033948,3.878524022927824e-32,0.23542274172419472,0.23085593291995868,0.14432431493813946,0.14475986046561368,0.1947452971267301,0.19287186822596616,0.1947452971267301,0.19287186822596616,0.21618148591047562,0.20519416202212243
3,6,0.7378867200026544,0.2892543356468134,0.451551204498974,0.21930167321838007,32,1024,False,0.43012903596656565,0.42676743338021894,0.003361602586345849,0.4497973434133782,0.4260195004088337,0.18564828705147476,0.1785789453321722,1.102950774254034e-31,0.4267674333802191,1.116818750798808e-05,0.4312991659209685,0.4313103341084749,2.5893623743268045e-05,0.035686474368111364,0.03516624272114693,0.037841785484174884,0.39085325768768675,0.13518717691227802,0.2361093971906715,0.010875614630919496,0.06414253479477913,0.15288379879348213,0.21846698869921966,0.027385534340282902,0.04708320432837354,0.42676743338021894,0.43012903596656565,1.102950774254034e-31,0.4267674333802191,0.4497973434133782,0.17884350085880213,0.15114424600409124,0.26851554798312166,0.2639888463849483,0.2707457415269708,0.2660534293674202,0.45227888567122243,0.45246977353721046
3,7,0.634842782829757,0.265330834227655,0.4269723618206944,0.13743253276622022,32,1024,False,0.600489368486814,0.5961789986669216,0.004310369819896435,0.6378851031968163,0.5998404966560924,0.21131574934273184,0.20389853009735748,7.855774086580476e-33,0.5961789986669216,1.685651928948948e-05,0.6071264382005281,0.6071432947198165,2.7763658820062237e-05,0.03712591132879548,0.03663671361045384,0.039466622947525704,0.5632037830456386,0.15842333266007255,0.2642081660253911,0.012825323865760463,0.06631281472194936,0.17625964630860835,0.2465276110015111,0.029428826019284315,0.04929529938817723,0.5961789986669216,0.600489368486814,7.855774086580476e-33,0.5961789986669216,0.6378851031968163,0.1946308694817036,0.16044955897180255,0.26851554798312166,0.2607505099071913,0.2707457415269708,0.2617079329587458,0.45227888567122243,0.43683444337355254
3,8,0.5598267967575344,0.24891121282603987,0.4114472876199624,0.17993168479589533,32,1024,False,0.7122842915177612,0.708593634565423,0.003690656952343141,0.744740659276389,0.7049382310160592,0.23844239875135084,0.2311741131258104,3.757406739763404e-32,0.7085936345654228,9.960921243720798e-05,0.7177887354419483,0.717888344654385,0.00013875307097395922,0.049732969618579974,0.04713224442594904,0.0512451909434771,0.6578059865901102,0.1847172999839195,0.2921674975187822,0.02704508267572378,0.07969380647137018,0.20263774702470982,0.27451227433630265,0.04349175752577139,0.06261899432138307,0.708593634565423,0.7122842915177612,3.757406739763404e-32,0.7085936345654228,0.744740659276389,0.2575651610133113,0.20229674196826158,0.26851554798312166,0.2590723686314461,0.2707457415269708,0.25971902478008485,0.45227888567122243,0.42496160380915565
3,9,0.5125268035589993,0.23694245671440764,0.4012607214945366,0.10669800945057711,32,1024,False,0.6408846695075346,0.6369447656123657,0.003939903895168974,0.6677907419090263,0.6234027208084519,0.23960784008113964,0.23069023558365517,2.151743304436695e-32,0.6369447656123656,0.00011342960666443111,0.6305425794555471,0.6306560090622125,0.00017985970962696652,0.054210867028260244,0.05055781853390542,0.0539519544275691,0.5728449022745465,0.18648272338577565,0.29273295677650363,0.03036371466984447,0.08373910073746303,0.20437427800061414,0.2750980438213446,0.046908597578294575,0.06669279265770456,0.6369447656123657,0.6408846695075346,2.151743304436695e-32,0.6369447656123656,0.6677907419090263,0.2575651610133113,0.23715564024591393,0.26851554798312166,0.25963298430901727,0.2707457415269708,0.2603834581757248,0.45227888567122243,0.4357010505760068
3,10,0.5445809615200337,0.23019656587706877,0.3941039967676909,0.1603390672204758,32,1024,False,0.4905162500337301,0.4879835910814678,0.002532658952263411,0.501306822468913,0.48504718567462524,0.23115323390562711,0.218412972910707,2.6067453323189486e-32,0.48798359108146794,0.00014443274186285153,0.4851757902857124,0.48532022302757455,0.0002976029743039273,0.053290037532294575,0.05121545290219051,0.05511075543588273,0.4338317327724347,0.17912165524582724,0.283184812565427,0.030258039846828094,0.08316374034701933,0.19716698790580267,0.26578053147386527,0.04680121917044744,0.06617384113633307,0.4879835910814678,0.4905162500337301,2.6067453323189486e-32,0.48798359108146794,0.501306822468913,0.2575651610133113,0.252136988248382,0.26851554798312166,0.268180175484797,0.2707457415269708,0.26870642928820704,0.45227888567122243,0.448507505917554
3,11,0.4933908494336649,0.2139336491752325,0.3797749759316837,0.12177251278321659,32,1024,False,0.2849094093966064,0.28263664351074874,0.002272765885856929,0.27872917162094785,0.2709492391993592,0.19030368040367163,0.1838045758056888,3.86578010168737e-32,0.28263664351074874,3.0700271749768894e-06,0.27433567789259666,0.2743387479197713,1.1190643677774238e-05,0.04923880407836342,0.04726310694318994,0.05240368608060497,0.22368613225616926,0.14290014911373966,0.2377072116936036,0.02786467088048268,0.0790259018069459,0.16087913593219128,0.22061576076521305,0.044342549896100536,0.062031563924392685,0.28263664351074874,0.2849094093966064,3.86578010168737e-32,0.28263664351074874,0.27872917162094785,0.2575651610133113,0.2696386834607425,0.26851554798312166,0.2749422795041464,0.2707457415269708,0.27514604398205506,0.45227888567122243,0.46562886367508977
4,0,0.8822694601568305,0.23310267786145283,0.395201534976268,0.2601557377320172,32,1024,False,0.23598934173500247,0.2263752703194794,0.009614071415523189,0.23118759815747789,0.2514896180114715,0.1400804844114201,0.15087779064272552,2.9978812399483753e-32,0.22637527031947938,1.841667363465594e-05,0.23635286144458154,0.23637127811821687,7.791417714230564e-05,0.007656409054904293,0.010073808606619617,0.01007685579360363,0.2414158094048519,0.09251370273938049,0.18764726608345972,-0.014248677770353048,0.02956146115226399,0.11048519110045163,0.17050481281330576,0.0021430712658911943,0.013217133113357704,0.2263752703194794,0.23598934173500247,2.9978812399483753e-32,0.22637527031947938,0.23118759815747789,0.14432431493813946,0.1225730700147645,0.26851554798312166,0.2707162345162192,0.2707457415269708,0.27493217144282667,0.2938849572170372,0.383329475951116
4,1,0.9006063830494789,0.27578964704575604,0.44087102275371814,0.531269768101585,32,1024,False,0.1900945052685326,0.18308542324029467,0.007009082028238819,0.18808229663779905,0.20562482572412424,0.14929501284359958,0.1611996749354256,1.3371303812041484e-32,0.1830854232402947,2.1840159198407577e-05,0.18702613983081084,0.1870479799900091,0.00011676233659178857,0.010832945646618799,0.012047968668220142,0.012056142403747496,0.1935768570559041,0.1012657643371547,0.19732426135004447,-0.011510146334473881,0.03319921103142516,0.11889923929993529,0.17976011893188115,0.005242717088549398,0.016942268528509885,0.18308542324029467,0.1900945052685326,1.3371303812041484e-32,0.1830854232402947,0.18808229663779905,0.14432431493813946,0.12667141257186473,0.26851554798312166,0.28699058560063706,0.2707457415269708,0.29717323006563356,0.15544446852531557,0.14562008519370115
4,2,0.9171318355347108,0.34257176573196735,0.5135022893675049,0.6215864267101553,32,1024,False,0.16439231425304543,0.1589710817256761,0.005421232527370014,0.1738365590059877,0.16141109047567148,0.12404510409127363,0.11972108089702763,1.9317120675627727e-32,0.15897108172567614,4.968534710958363e-05,0.152333669407103,0.15238335475421205,0.00032605494996303244,0.006701557966815887,0.00858744407777838,0.008592868621301972,0.1528236463978931,0.07972334917135446,0.1683668590111928,-0.014927383726699904,0.028480746689025227,0.09776903165766271,0.15149272630515043,0.0014054726343601942,0.012220594202517532,0.1589710817256761,0.16439231425304543,1.9317120675627727e-32,0.15897108172567614,0.1738365590059877,0.14432431493813946,0.14566554645815566,0.1947452971267301,0.19706849025125703,0.1947452971267301,0.19706849025125703,0.14697973017003363,0.1352105347989925
4,3,0.9466089493403681,0.5336031884702569,0.6949932141985382,0.6822630061574906,32,1024,False,0.05273533675821891,0.04898245126519479,0.0037528854930237187,0.0573260729225583,0.048585987275111514,0.047630406327469614,0.04142669055998443,7.614519952338465e-33,0.048982451265194814,1.431956816866176e-05,0.04806012322829642,0.04807444279646513,0.00029786238457899845,0.006928124439086428,0.009306591617237674,0.0094334597671652,0.03927939565787384,0.014261369771255188,0.08099944288368405,-0.014922802258355215,0.029015878277257105,0.03210615963325836,0.06482168786169495,0.0015663686208426952,0.012742557744786609,0.04898245126519479,0.05273533675821891,7.614519952338465e-33,0.048982451265194814,0.0573260729225583,0.14432431493813946,0.13828220182874024,0.08285067859204287,0.08517109728926874,0.08285067859204286,0.0828001614973234,0.11839055813640735,0.13149490727219101
4,5,0.973888102112188,0.6708841920894,0.7991235553333809,0.7073806615548612,32,1024,False,0.04281132319789218,0.039892983406935666,0.0029183397909565865,0.041045714728861996,0.04312998055394213,0.03851029840536519,0.04063090123008142,5.262606226541601e-33,0.039892983406935666,2.1216614016195623e-05,0.041791516968497526,0.04181273358251385,0.0005074199220753279,0.01507740461870982,0.0177853529027694,0.018728019145658196,0.025344627651172725,0.006634554046512073,0.07038604276421831,-0.009144498595010337,0.04069413987093086,0.02385835062887054,0.05366671946103452,0.007644922683539335,0.023964331041497644,0.039892983406935666,0.04281132319789218,5.262606226541601e-33,0.039892983406935666,0.041045714728861996,0.06605694897891905,0.06833069754710605,0.04190303388437458,0.04276035303988717,0.04190303388437458,0.04276035303988717,0.09073396309155345,0.10077414786489501
4,6,0.8245232386479179,0.4515017746589888,0.6155325817988738,0.5389593708998665,32,1024,False,0.2660129493341417,0.2638665844623305,0.0021463648718107195,0.2801351895741796,0.27482367167152766,0.1442734130266837,0.14032600529137826,6.979467616187857e-34,0.2638665844623305,1.5574208623186758e-06,0.2727352723504263,0.2727368297712884,5.710343057168691e-06,0.03493384810233751,0.03588142716641675,0.038546145742865356,0.23894224450511092,0.09722943091458656,0.19131739513878082,0.009684064807084877,0.0638253998035476,0.11548006348311901,0.17454738679953152,0.026340632190112956,0.04683903769910103,0.2638665844623305,0.2660129493341417,6.979467616187857e-34,0.2638665844623305,0.2801351895741796,0.14432431493813946,0.15114424600409124,0.11034827831009746,0.08692849379635359,0.11835079328658352,0.08692849379635359,0.15544446852531557,0.1378278380286498
4,7,0.7232860295253537,0.39896372378457085,0.5631203946885164,0.47776839229770734,32,1024,False,0.3458168750966125,0.3430146515579419,0.0028022235386727643,0.3762988789010224,0.3508192830180192,0.16915036918958207,0.1596417732181507,1.0781898561087881e-32,0.3430146515579419,4.307921493208739e-07,0.35500417991523414,0.35500461070738426,1.2134832515624936e-06,0.03743761054069447,0.037842127179601566,0.04066603191931901,0.3129771558384176,0.1197453455595717,0.21855539281959244,0.012663651232463762,0.06709745312505047,0.13789053016807884,0.20147666862612823,0.029415006829367485,0.05015867391193751,0.3430146515579419,0.3458168750966125,1.0781898561087881e-32,0.3430146515579419,0.3762988789010224,0.17884350085880213,0.16044955897180255,0.1947452971267301,0.12435954319887327,0.1947452971267301,0.12435954319887327,0.2012979438347203,0.1754884842782082
4,8,0.6362365455299254,0.36605756440749576,0.5332242960343014,0.5042227720430562,32,1024,False,0.3035816847794894,0.30122354041087446,0.0023581443686149146,0.32466764397454834,0.305370915401546,0.17571631411129407,0.1666498238745668,5.111354409719451e-33,0.30122354041087446,1.118886474399742e-05,0.30819062042046474,0.3082018092852082,3.6303695847688255e-05,0.05043644565742924,0.04964994674826039,0.05376242278487494,0.2557209686532856,0.1273466608868017,0.22408596733578645,0.027197534477749002,0.0809483067470433,0.1454952792628319,0.20709719097067136,0.043827870838867966,0.06396972262155032,0.30122354041087446,0.3035816847794894,5.111354409719451e-33,0.30122354041087446,0.32466764397454834,0.1946308694817036,0.17989587253863376,0.1947452971267301,0.18030948081030582,0.1947452971267301,0.18030948081030582,0.2012979438347203,0.15274957910738485
4,9,0.589532179323602,0.34130031498903757,0.5056877862605754,0.40444452378509566,32,1024,False,0.25510135101697656,0.2524069892670217,0.002694361749953733,0.27324904513831894,0.25344603052048864,0.17241176419637122,0.1581061254275775,1.0440246758106432e-32,0.2524069892670217,1.1812338554839695e-05,0.2529345660499309,0.2529463783884859,4.669898272549212e-05,0.05544433747166976,0.05358638567171778,0.05697986979963772,0.19985964484877086,0.12486840383980286,0.21995512455293958,0.03103648726877649,0.08553321903888393,0.1429766598594142,0.2029768434658763,0.047740407098899595,0.06857658617082052,0.2524069892670217,0.25510135101697656,1.0440246758106432e-32,0.2524069892670217,0.27324904513831894,0.1946308694817036,0.19088714683138855,0.19767497337377535,0.1881412611705939,0.19767497337377535,0.1881412611705939,0.21618148591047562,0.20364316636179483
4,10,0.6186945144755306,0.3258390520124819,0.49121952658003487,0.47300549231364564,32,1024,False,0.16263503225511572,0.16110029543804727,0.0015347368170675049,0.17060038030894145,0.16477449978891762,0.1287976044074596,0.12191224453141389,7.625422786198388e-33,0.16110029543804724,8.13438033415185e-06,0.16177743278631865,0.16178556716665257,5.0278776262982485e-05,0.05431845984879188,0.053760852513765466,0.057654195087206185,0.11101364727515214,0.08609890480956003,0.17149630400535917,0.030759176501655584,0.08471886517268354,0.10414786548062693,0.1548141557868803,0.04745416455989471,0.06781693262018962,0.16110029543804727,0.16263503225511572,7.625422786198388e-33,0.16110029543804724,0.17060038030894145,0.1946308694817036,0.19577517848993034,0.26851554798312166,0.268180175484797,0.2555804254287969,0.26502265266433644,0.2012979438347203,0.20470878422647354
4,11,0.5407147862764148,0.2847014537807888,0.45378277206277806,0.42497678581871984,32,1024,False,0.08939953416547866,0.08799124647642723,0.001408287689051612,0.09232702055772093,0.08880076447259944,0.08590444531726507,0.08294295845687252,5.908853410330141e-33,0.08799124647642723,1.5825464004042794e-05,0.08648240871106905,0.08649823417507281,0.000182957076002407,0.05112474830495057,0.05051046858540421,0.05564879086873228,0.03829029588719523,0.04974370723544615,0.122065183399084,0.029118369145465568,0.08154315813366694,0.0672541969033773,0.10540357066929573,0.045732326128927525,0.06461874340311624,0.08799124647642723,0.08939953416547866,5.908853410330141e-33,0.08799124647642723,0.09232702055772093,0.2575651610133113,0.2696386834607425,0.26851554798312166,0.2749422795041464,0.2555804254287969,0.27371969263669427,0.21618148591047562,0.22025141539175652
5,0,0.849672149190597,0.2216681994001172,0.38561786056336556,0.3617898030659735,32,1024,False,0.31110503464295497,0.30306696409682576,0.008038070546128984,0.30096459672285214,0.32307166807672383,0.1609030762285345,0.1726365214009546,2.2103583852558372e-32,0.30306696409682576,6.007606643128437e-12,0.31021754606795254,0.3102175460739596,1.936578610449117e-11,0.005284849842860839,0.007615568062529101,0.007618627534868018,0.3154561000141947,0.11105760921761226,0.21074854323945674,-0.01558698588394007,0.026156686137494327,0.1287654880870832,0.19312314300623257,0.0002908561364165507,0.010096991703903768,0.30306696409682576,0.31110503464295497,2.2103583852558372e-32,0.30306696409682576,0.30096459672285214,0.14432431493813946,0.1225730700147645,0.26851554798312166,0.2707162345162192,0.2707457415269708,0.27493217144282667,0.25085320640524245,0.21334015039405912
5,1,0.8620501756402498,0.24992648213939306,0.41423339018988026,0.5115020806671227,32,1024,False,0.2102846182098587,0.20390024820845962,0.006384370001399448,0.20523511073417697,0.21719395446258488,0.1604143258180215,0.17052447973133772,2.3759206725952832e-33,0.20390024820845962,4.027970260406504e-05,0.20321293979322586,0.20325321949582917,0.00019817497948607695,0.008443043038373631,0.00869510993118289,0.008701954679087487,0.208498844531402,0.11100587289137598,0.20982277874466704,-0.01291043963547835,0.029815789657974347,0.12865579940989846,0.1921587394172093,0.0034015916025964543,0.013778549466223922,0.20390024820845962,0.2102846182098587,2.3759206725952832e-33,0.20390024820845962,0.20523511073417697,0.14432431493813946,0.12667141257186473,0.26851554798312166,0.29193395122956883,0.2707457415269708,0.29717323006563356,0.16446626373847983,0.14562008519370115
5,2,0.8725004513310812,0.29532592260677665,0.4623360984822405,0.6186439402647586,32,1024,False,0.0561314919554578,0.05163805138379062,0.004493440571667206,0.06359285050914427,0.0596090267283275,0.061278068785688436,0.05791524242042995,9.195062367431124e-33,0.05163805138379063,1.288254301655728e-07,0.04978801450102239,0.049788143326452323,2.587472067815153e-06,0.004744224369462161,0.005618415022440607,0.005621623182155414,0.05399061170588689,0.02673494218434143,0.09582119538703544,-0.016091037784343655,0.025729287921490075,0.04455231164320139,0.07948696775565622,-2.550805947976187e-05,0.009829541173530743,0.05163805138379062,0.0561314919554578,9.195062367431124e-33,0.05163805138379063,0.06359285050914427,0.14432431493813946,0.14566554645815566,0.26851554798312166,0.282112998847953,0.2555804254287969,0.282112998847953,0.14697973017003363,0.18058161446539506
5,3,0.8960974620637855,0.38774917458097385,0.5563191836562155,0.44057571793973654,32,1024,False,0.1927023277225622,0.18791040219658559,0.004791925525976438,0.20519416202212243,0.19046192790220978,0.13662993414017752,0.1330070736089644,5.350219347618369e-33,0.1879104021965856,6.113069398874064e-05,0.19113250107269908,0.1911936317666874,0.0003197318520699377,0.011089471792036093,0.010827958120800896,0.011002588188721284,0.1796339697814089,0.09078046222955344,0.1824794060508016,-0.011726381255201293,0.03421063290306076,0.10899145056464477,0.16564720302267233,0.005018809832108673,0.017724247241858393,0.18791040219658559,0.1927023277225622,5.350219347618369e-33,0.1879104021965856,0.20519416202212243,0.14432431493813946,0.13828220182874024,0.1947452971267301,0.19358431213835317,0.1947452971267301,0.19358431213835317,0.21618148591047562,0.21656035914800503
5,4,0.973888102112188,0.6708841920894,0.7991235553333809,0.7073806615548612,32,1024,False,0.038419523160096745,0.03763633999311186,0.0007831831669849656,0.04276035303988717,0.041039125386034894,0.0393025977487805,0.03759998335852697,5.522113987758774e-33,0.03763633999311187,5.814851970857112e-07,0.039754089060088864,0.039754670545286086,1.4626839792907324e-05,0.009921546957446929,0.007679446160285385,0.007836704085265718,0.033359679225749506,0.007705939331464767,0.07089925616609623,-0.013094604487438299,0.03308038782865052,0.025194274610839784,0.054436256978078745,0.0035738346487050876,0.016483667452121153,0.03763633999311186,0.038419523160096745,5.522113987758774e-33,0.03763633999311187,0.04276035303988717,0.06605694897891905,0.06817482133701286,0.04190303388437458,0.041045714728861996,0.04190303388437458,0.041045714728861996,0.09073396309155345,0.09513324692186569
5,6,0.8819871761114586,0.6530861314805788,0.790869586627712,0.897124256368517,32,1024,False,0.091514505651,0.09179060936160457,-0.00027610371060461615,0.09268238954946623,0.0908596367508717,0.046904273501143456,0.04335126659125575,5.292515453144865e-33,0.09179060936160452,4.3031650295769756e-05,0.09254237749260287,0.09258540914289906,0.00046477788124642223,0.011927618986281096,0.011344193989625542,0.013835870447183877,0.07951544276124617,0.012485942409816868,0.08132260459247004,-0.008551339123949574,0.03577697486696804,0.030223036665120162,0.06495352340425598,0.007699346802837681,0.019177593167114537,0.09179060936160457,0.091514505651,5.292515453144865e-33,0.09179060936160452,0.09268238954946623,0.14432431493813946,0.15114424600409124,0.048711337475846814,0.03458486859856998,0.048711337475846814,0.03458486859856998,0.048218494178417025,0.030068748250687522
5,7,0.7894717669436397,0.5667191428513892,0.722025317795454,0.8630964578285898,32,1024,False,0.09503775035846863,0.09492396280478471,0.00011378755368436203,0.10091426791612383,0.09044980755105682,0.056993005774998946,0.048881738668396346,3.061652170043739e-34,0.09492396280478471,7.6620997020605e-06,0.09678903910596559,0.09679670120566794,7.915662007717103e-05,0.013835848785826822,0.013125102914318811,0.015827167707548394,0.077324704636738,0.021279607211034175,0.09270640433896371,-0.00677164387413947,0.03902887411981683,0.03912191977724433,0.07636443949013483,0.009770032229425851,0.02232995467056753,0.09492396280478471,0.09503775035846863,3.061652170043739e-34,0.09492396280478471,0.10091426791612383,0.14432431493813946,0.158604221811125,0.08285067859204287,0.07899169515456476,0.08285067859204286,0.07899169515456476,0.048218494178417025,0.04236340820756071
5,8,0.7056303625806483,0.5057867351397076,0.6716093245518076,0.8539709887397346,32,1024,False,0.08836165836944004,0.08843534065772349,-7.368228828316305e-05,0.09209943974097788,0.08556783330479396,0.048187190054136506,0.041449424121796204,6.518066159644526e-34,0.08843534065772349,5.144849804494526e-06,0.09033271799939249,0.09033786284919706,5.6951201215407696e-05,0.02513673376505588,0.02302580479256236,0.027059219543639646,0.0625420285122316,0.014514222898421122,0.08186015720985189,0.005171265654127705,0.05222184884808824,0.032189999939873815,0.06550676187180215,0.021640751947415993,0.035306989862874616,0.08843534065772349,0.08836165836944004,6.518066159644526e-34,0.08843534065772349,0.09209943974097788,0.17884350085880213,0.17989587253863376,0.08285067859204287,0.08378977302420283,0.08285067859204286,0.08378977302420283,0.057936521339018,0.044174757159972024
5,9,0.6609827705541269,0.4648404027362447,0.6281332648111113,0.7853374755467639,32,1024,False,0.13190847154306473,0.1316323520700623,0.0002761194730022309,0.13416210779784904,0.13145606717863076,0.06759796445470534,0.05728459716858319,8.085826204445315e-34,0.1316323520700623,1.301717122804876e-05,0.13366100080702253,0.13367401797825096,9.737996526869328e-05,0.03172850209771852,0.02872687725964596,0.03205812330657291,0.1027291899189848,0.03175003217301087,0.10344589673639981,0.010233526987352859,0.058842274871581904,0.049648013067780994,0.0871147579382523,0.02679355376312742,0.04194980371539714,0.1316323520700623,0.13190847154306473,8.085826204445315e-34,0.1316323520700623,0.13416210779784904,0.17884350085880213,0.18896522822973022,0.08892377862587889,0.08104940998734539,0.08539525855197035,0.08073044627167571,0.09073396309155345,0.08895960150958004
5,10,0.6838714123179159,0.4338653325777361,0.594278100178698,0.8302716231528221,32,1024,False,0.14619271562696998,0.14653420059421143,-0.00034148496724146165,0.14240870474141568,0.149319895193853,0.06054575125018256,0.05568749228530703,1.0151114513678467e-34,0.14653420059421143,1.8319647145322477e-05,0.14965970665215086,0.14967802629929663,0.00012239369798136204,0.031788738097430914,0.030247001790295946,0.03407471948118471,0.11907289340355705,0.02508990239118771,0.09600160010917741,0.011006323427055993,0.059332142541961945,0.04291972384089604,0.07965298130875453,0.02751716959028272,0.042439363183802925,0.14653420059421143,0.14619271562696998,1.0151114513678467e-34,0.14653420059421143,0.14240870474141568,0.17884350085880213,0.18987266064502037,0.11034827831009746,0.10678600870661767,0.11835079328658352,0.11491394879303606,0.09073396309155345,0.07926994589903089
5,11,0.569478180375927,0.3719274320736323,0.5381374045624845,0.7972364439490118,32,1024,False,0.08914487344124196,0.08938548299762118,-0.0002406095563798106,0.09026075056857205,0.08680021085283035,0.03651371002967251,0.02887563996537579,1.380592181023188e-34,0.08938548299762118,9.510591848822252e-06,0.08973703462785532,0.08974654521970404,0.00010597167640871129,0.031203176747166012,0.029546643882869223,0.03458332518996723,0.05725356696996113,0.004622871818338169,0.06840454824100686,0.011614835286989717,0.05913759401455869,0.022259975143242627,0.05219793917785864,0.02815563097828999,0.04232189966569422,0.08938548299762118,0.08914487344124196,1.380592181023188e-34,0.08938548299762118,0.09026075056857205,0.1946308694817036,0.22534212024251812,0.1947452971267301,0.2047765606769345,0.1947452971267301,0.2047765606769345,0.09073396309155345,0.09936354044546601
6,0,0.6955207502681736,0.2058940194199875,0.37208351430803177,0.3340846552043193,32,1024,False,0.1634919063878079,0.15457489674823405,0.008917009639574005,0.15726391853778351,0.17016986928034555,0.11994434445191361,0.13231746763544408,4.984041046672152e-32,0.15457489674823408,1.5807247599720382e-05,0.15732178564556895,0.15733759289316876,0.0001004670740733488,0.0018206795844799245,0.003426043814291799,0.0034286686521245386,0.16674382546605376,0.07464861526773182,0.16524007363609539,-0.018180780591310276,0.021822140328102705,0.09247953051090008,0.14813501945172902,-0.002788209094433114,0.006160618446301669,0.15457489674823405,0.1634919063878079,4.984041046672152e-32,0.15457489674823408,0.15726391853778351,0.17884350085880213,0.17997926834938205,0.26851554798312166,0.2707162345162192,0.2707457415269708,0.27493217144282667,0.2938849572170372,0.383329475951116
6,1,0.7170435247369399,0.2252710300940526,0.3893290306745366,0.46412766235991576,32,1024,False,0.04208441448677462,0.03449509640429404,0.007589318082480446,0.04604599434820132,0.04309698484689189,0.04584296611816274,0.04303226135676651,1.4114729831104384e-32,0.03449509640429401,6.40815137479656e-06,0.0324378765311615,0.032444284682536344,0.00019751248756135623,0.0030649022181155955,0.004644533658537191,0.0046417831243705954,0.0384524511883547,0.014614599392460133,0.07707133284386536,-0.017510704088103197,0.02364112823407361,0.03215824734797934,0.06063500411983114,-0.0016859454990481026,0.007810445822542533,0.03449509640429404,0.04208441448677462,1.4114729831104384e-32,0.03449509640429401,0.04604599434820132,0.17884350085880213,0.18583284330672847,0.26851554798312166,0.29193395122956883,0.2707457415269708,0.29717323006563356,0.2012979438347203,0.23168629855472792
6,2,0.7126854290186418,0.2506617706906329,0.4138266636645801,0.43463707306426874,32,1024,False,0.32529397229000295,0.31827447175868867,0.007019500531313653,0.3283811052136968,0.32997506543015287,0.17252874528779893,0.17138414564203497,4.421998844956277e-32,0.3182744717586888,3.356965378510628e-05,0.3145671084618672,0.31460067811565123,0.00010670559893950912,0.0008829337718284034,0.0028080296974224523,0.002808761918735041,0.3271670357327304,0.12223721728468476,0.2228202732909131,-0.01917681605198525,0.02107161709423431,0.14067260071169585,0.20590648952202173,-0.003578702606318984,0.005485786532517523,0.31827447175868867,0.32529397229000295,4.421998844956277e-32,0.3182744717586888,0.3283811052136968,0.17884350085880213,0.17097310062959714,0.26851554798312166,0.282112998847953,0.2707457415269708,0.282112998847953,0.21618148591047562,0.20749432854682448
6,3,0.7378867200026544,0.2892543356468134,0.451551204498974,0.21930167321838007,32,1024,False,0.49877222477378874,0.49205387088527286,0.006718353888516231,0.5116007413744015,0.4975105965064882,0.235270308435932,0.2306334183594329,2.746901631340045e-32,0.4920538708852727,0.0001717411476657227,0.49690110392936987,0.4970728450770352,0.00034550498858795364,0.00803223973750981,0.006807587501274322,0.00700120379397503,0.4907030090052139,0.1799008419092863,0.2906397749625777,-0.013340012101260155,0.02973491888918831,0.19830484180420171,0.27328596087318147,0.0028743099464918487,0.013482952475897036,0.49205387088527286,0.49877222477378874,2.746901631340045e-32,0.4920538708852727,0.5116007413744015,0.17884350085880213,0.16132996188429688,0.26851554798312166,0.25135961086239217,0.2707457415269708,0.25962459332968874,0.45227888567122243,0.4497973434133782
6,4,0.8245232386479179,0.4515017746589888,0.6155325817988738,0.5389593708998665,32,1024,False,0.12597535397661405,0.12378686880736929,0.0021884851692450416,0.1314051774274502,0.1279261274467792,0.11341644739999558,0.11019677107003048,3.290344313877571e-37,0.12378686880736929,3.1267851826866345e-05,0.12645856078481213,0.12648982863663913,0.00024719657037948804,0.008375661001573739,0.006250241653058923,0.006538019515746053,0.12167588579372027,0.07019116166348016,0.156641733136511,-0.013532917219057868,0.030841222703163508,0.08826762192620663,0.13988555460673524,0.002743766803178005,0.01423662238084944,0.12378686880736929,0.12597535397661405,3.290344313877571e-37,0.12378686880736929,0.1314051774274502,0.14432431493813946,0.1421049981739138,0.11034827831009746,0.10800862285261381,0.11835079328658352,0.11648588126645969,0.15544446852531557,0.1562234807550713
6,5,0.8819871761114586,0.6530861314805788,0.790869586627712,0.897124256368517,32,1024,False,0.020129892050286067,0.018380375195593584,0.001749516854692657,0.01994853802696078,0.02359753458557082,0.020434826406922468,0.024179715615268896,3.269018278948607e-33,0.018380375195593584,1.44698392041753e-05,0.017511202959975866,0.01752567279918002,0.0008256367313243635,0.0016197242157133878,0.002025452354782266,0.001666195632374986,0.021572082230788554,-0.005756709470582485,0.04662636228442742,-0.018441627011087744,0.02111665946946137,0.01114752002467867,0.029963672001031227,-0.003109755227342248,0.0056565476770629175,0.018380375195593584,0.020129892050286067,3.269018278948607e-33,0.018380375195593584,0.01994853802696078,0.14432431493813946,0.14475986046561368,0.048711337475846814,0.05282030882568768,0.048711337475846814,0.05282030882568768,0.048218494178417025,0.05482228013772993
6,7,0.9553642960915236,0.8112290996521606,0.8939759824246952,0.9492094936143544,32,1024,False,0.0065494714394369385,0.006088456862331352,0.000461014577105615,0.007573551412927316,0.004608735195120704,0.008170987188780215,0.005088483564100208,8.646144718922733e-33,0.006088456862331353,1.6580166692075824e-07,0.005627858826772191,0.005628024628439117,2.946001090381544e-05,0.0016712077653830688,0.0008118446074661132,0.001723430031283561,0.0037968905876545915,-0.0137268534307281,0.03006882780828853,-0.016333117784964546,0.021221990783352192,0.0025295108716818504,0.013610086418339051,-0.001578645889821928,0.006497661226603668,0.006088456862331352,0.0065494714394369385,8.646144718922733e-33,0.006088456862331353,0.007573551412927316,0.14432431493813946,0.158604221811125,0.007380857394270486,0.007342318590539121,0.007380857394270486,0.007342318590539121,0.007076214884831583,0.006033078406417331
6,8,0.8803612808037337,0.6784072351283512,0.8046890244617784,0.937597200693326,32,1024,False,0.009942416515548946,0.00967476323065434,0.0002676532848945827,0.009322099761337464,0.01071634897693224,0.00860899270334871,0.009889368726657426,2.6375483049022435e-33,0.009674763230654337,5.659233758438683e-07,0.009503136284448835,0.009503702207824673,5.954767557614833e-05,0.007592718786603717,0.00586811769345451,0.009044587907990639,0.004848231283477731,-0.0146261548611416,0.03184414026783902,-0.009992966924627568,0.030603568798651677,0.001856241826317273,0.01499479726771824,0.005637557274894789,0.014863348609651439,0.00967476323065434,0.009942416515548946,2.6375483049022435e-33,0.009674763230654337,0.009322099761337464,0.14432431493813946,0.15413501706912353,0.021635675101436228,0.02409839016945598,0.021635675101436228,0.02409839016945598,0.013845230997551193,0.016783513683348843
6,9,0.8384042586278521,0.6022528246007235,0.7403445077196942,0.8557007163176596,32,1024,False,0.03825994410390817,0.037652621873381704,0.0006073222305267827,0.03959482433684986,0.040925341973097024,0.03125592550418369,0.030230457706722145,9.044862086959389e-33,0.037652621873381684,7.964737925281292e-06,0.038456395145841316,0.03846435988376653,0.00020706799617488823,0.012040793383486102,0.010387072369945263,0.013257642417717834,0.03053826960315176,0.0020552033884732868,0.0604566476198941,-0.006672549394513167,0.035688339038628246,0.019494587526423857,0.0442306964614545,0.009348543317173608,0.019511673468514346,0.037652621873381704,0.03825994410390817,9.044862086959389e-33,0.037652621873381684,0.03959482433684986,0.14432431493813946,0.14961361496173506,0.048711337475846814,0.051460345704479306,0.048711337475846814,0.051460345704479306,0.048218494178417025,0.04917667971636893
6,10,0.8233433602208992,0.5451037675162634,0.6902115765835729,0.8874343444630025,32,1024,False,0.05936709367186406,0.059364862176280654,2.2314955840876614e-06,0.05648480254076138,0.06151923834511358,0.0365674594619052,0.037557754531366845,3.5986862115552856e-33,0.05936486217628065,1.9001798921184166e-05,0.059560217810839824,0.05957921960976086,0.0003189333302054715,0.013499900665840859,0.01220825868708993,0.01566524740369245,0.049310979658023654,0.005298191939661967,0.06783672698414843,-0.004758238453987283,0.03793366449247153,0.02283677380910376,0.05152446836291347,0.011248958784563001,0.021625801069603767,0.059364862176280654,0.05936709367186406,3.5986862115552856e-33,0.05936486217628065,0.05648480254076138,0.14432431493813946,0.1519601832328766,0.08285067859204287,0.08524757641488664,0.08285067859204286,0.08524757641488663,0.048218494178417025,0.04792044251442508
6,11,0.5879132151419267,0.44514786006198953,0.6047837549520613,0.8054661133103245,32,1024,False,0.049093709177198616,0.04890030637355893,0.0001934028036396625,0.049668475854488456,0.04907782870821268,0.032259876211815676,0.028783931242285704,2.8665857144770498e-33,0.04890030637355893,7.75999102259456e-06,0.04857995277940333,0.04858771277042581,0.00015971097588520124,0.01605120498907722,0.014938842417406742,0.019455392593190884,0.03413898629080594,0.0024582656742388673,0.062061486749392485,-0.001793790347792281,0.04167124311036971,0.019936676537327003,0.04584358826832613,0.01434124862862518,0.025209973427990917,0.04890030637355893,0.049093709177198616,2.8665857144770498e-33,0.04890030637355893,0.049668475854488456,0.1946308694817036,0.22534212024251812,0.11034827831009746,0.1170904785829429,0.11835079328658352,0.12816255291973994,0.09073396309155345,0.09936354044546601
7,0,0.5897547559914625,0.1967424997761636,0.3562309126122949,0.4210131998306044,32,1024,False,0.20755118067668468,0.199621820060249,0.007929360616436537,0.20140923263387442,0.21212008197677445,0.12723347625676423,0.13742469366925397,9.66922588239267e-33,0.199621820060249,3.906496654077623e-05,0.20160233295849936,0.20164139792503974,0.00019373485277710011,0.0015780992804176742,0.0027028381579707658,0.002705140837314607,0.2094172438188037,0.08092621345642831,0.17354073905710016,-0.01817242272663526,0.021328379561714697,0.09885622481669998,0.15645620348368539,-0.0029470674926415086,0.005790827512100805,0.199621820060249,0.20755118067668468,9.66922588239267e-33,0.199621820060249,0.20140923263387442,0.1946308694817036,0.19430809028398116,0.26851554798312166,0.2707162345162192,0.2707457415269708,0.27493217144282667,0.21618148591047562,0.21334015039405912
7,1,0.6210699793533784,0.2157596133147918,0.3783778778003924,0.4405171207600169,32,1024,False,0.10051550353365703,0.0928821932193374,0.007633310314319093,0.10183008452218503,0.1022751174181315,0.08834857015565062,0.0900854525737738,9.131808868374234e-34,0.0928821932193374,7.829238852383612e-07,0.09211138230136062,0.0921121652252456,8.499679530101652e-06,0.0023798973649353243,0.003920760786410274,0.003917848280450965,0.09835435663172122,0.0484787764725438,0.12821836383875745,-0.017734465031142323,0.022493842197316344,0.06624276449292665,0.11143354039813858,-0.0021607250164379366,0.006894288511830382,0.0928821932193374,0.10051550353365703,9.131808868374234e-34,0.0928821932193374,0.10183008452218503,0.1946308694817036,0.19904995447977586,0.26851554798312166,0.29193395122956883,0.2707457415269708,0.29717323006563356,0.21618148591047562,0.23168629855472792
7,2,0.6054994568201186,0.23818848942524246,0.3990566605438981,0.3960073465856512,32,1024,False,0.12558536663253425,0.11837805993388996,0.007207306698643669,0.1342863528948003,0.1304433779857155,0.11485165709621523,0.11146383221528876,5.540003822616857e-33,0.11837805993388997,4.834801230009865e-06,0.11700170107716079,0.11700653587839047,4.132077916600202e-05,0.0005024625548772913,0.00208885929044493,0.0020890673249756883,0.1283545186952706,0.0716746373543392,0.15802867683809124,-0.01919175786988658,0.02032866273533947,0.08993559917144012,0.14150264060299378,-0.003825992993370164,0.004927522692014463,0.11837805993388996,0.12558536663253425,5.540003822616857e-33,0.11837805993388997,0.1342863528948003,0.1946308694817036,0.19750441789060375,0.26851554798312166,0.282112998847953,0.2707457415269708,0.282112998847953,0.21618148591047562,0.2274622772782476
7,3,0.634842782829757,0.265330834227655,0.4269723618206944,0.13743253276622022,32,1024,False,0.3496649892928403,0.34245946837154995,0.0072055209212907615,0.3678462414659855,0.3509770136490667,0.21446759566538423,0.21144000382894892,3.6320638614448124e-33,0.34245946837154995,0.00012706595950750664,0.34628901660206246,0.3464160825615695,0.00036680156004282173,0.008102053188696124,0.00698051778260423,0.007170679538213274,0.34399649586646247,0.16092974324437126,0.2680054480863972,-0.01327150201799891,0.02980473902241034,0.17936987292341655,0.2508345710011781,0.002891025425924454,0.013502913621778134,0.34245946837154995,0.3496649892928403,3.6320638614448124e-33,0.34245946837154995,0.3678462414659855,0.1946308694817036,0.18638251843483303,0.26851554798312166,0.2588876439387248,0.2707457415269708,0.25962459332968874,0.45227888567122243,0.5406654391407666
7,4,0.7232860295253537,0.39896372378457085,0.5631203946885164,0.47776839229770734,32,1024,False,0.11635577948907691,0.11397225402212018,0.0023835254669564913,0.12435954319887327,0.12083402817505856,0.10723918143991097,0.10465388874345809,5.4563098405815875e-33,0.1139722540221202,4.272661688581402e-05,0.11661307939853807,0.1166558060154238,0.00036626224056233314,0.00890856082214887,0.006646052422834476,0.006961196017350724,0.11418797575222409,0.06483899617586648,0.14963936670395545,-0.01305999344580263,0.03147631593410228,0.08272898443829035,0.132788743430865,0.0031831598535063677,0.014797662624914665,0.11397225402212018,0.11635577948907691,5.4563098405815875e-33,0.1139722540221202,0.12435954319887327,0.17884350085880213,0.18171107757774574,0.1947452971267301,0.2152463633902577,0.1947452971267301,0.2152463633902577,0.2012979438347203,0.22208060484192807
7,5,0.7894717669436397,0.5667191428513892,0.722025317795454,0.8630964578285898,32,1024,False,0.02442654187613679,0.02269077708639709,0.0017357647897396685,0.023658162655369998,0.028962681739139236,0.02390461572018819,0.029256248739624856,3.8425311656063464e-34,0.02269077708639709,2.7961459059176325e-05,0.022070803490071046,0.02209876494913023,0.001265295102397876,0.002096380726000341,0.002850095542709554,0.00244959845633367,0.02611258619642968,-0.0034848813066697924,0.05129411274704618,-0.018600814329884228,0.022082151249675958,0.013451078571961261,0.03458962000149768,-0.003022415861778427,0.006239943686523475,0.02269077708639709,0.02442654187613679,3.8425311656063464e-34,0.02269077708639709,0.023658162655369998,0.14432431493813946,0.14475986046561368,0.08285067859204287,0.09467763775120862,0.08285067859204286,0.09467763775120862,0.048218494178417025,0.05482228013772993
7,6,0.9553642960915236,0.8112290996521606,0.8939759824246952,0.9492094936143544,32,1024,False,0.00677347115197822,0.006722631468558288,5.083968341989624e-05,0.006033078406417331,0.00867168297121544,0.003911244396996036,0.0066386825245206005,5.800543539896677e-33,0.006722631468558289,2.2437999107531227e-06,0.006523972740403803,0.006526216540314538,0.00034381327939280733,0.0011309194326241698,0.0022945960931132366,0.0023913940342551927,0.006377086878102203,-0.018321854371933927,0.026144343165925996,-0.01769100203822742,0.020150424214344917,-0.0017504833595012315,0.009817929458222352,-0.0029338275126065128,0.005226183675404172,0.006722631468558288,0.00677347115197822,5.800543539896677e-33,0.006722631468558289,0.006033078406417331,0.14432431493813946,0.15114424600409124,0.007380857394270486,0.007650413191841117,0.007380857394270486,0.007650413191841117,0.007076214884831583,0.007573551412927316
7,8,0.9347652304222571,0.805728044265473,0.8915391069191902,0.9792792699009568,32,1024,False,0.0098659129168268,0.009997930989536975,-0.00013201807271012383,0.008400742692808414,0.012783192088771392,0.005875897873827037,0.010258517856976715,1.8208897305701614e-33,0.009997930989536974,5.736529785458851e-06,0.010099258168347993,0.010104994698133456,0.0005676925081928518,0.00424045471046473,0.003193355297710096,0.005962466453650024,0.009589836791061295,-0.017088747135100387,0.02884054288275446,-0.01268011953190688,0.02587022538459113,-0.0005414983897935599,0.012157692901382688,0.0023484432458644733,0.010733820578025188,0.009997930989536975,0.0098659129168268,1.8208897305701614e-33,0.009997930989536974,0.008400742692808414,0.14432431493813946,0.15413501706912353,0.009756488777270991,0.011112234861733569,0.009756488777270991,0.011112234861733569,0.007076214884831583,0.006811309323236215
7,9,0.9004721350148565,0.6968585587689192,0.8145825284231235,0.9266854725965116,32,1024,False,0.02750037443245915,0.027401561103942783,9.881332851659559e-05,0.02690320454841402,0.03095879149313997,0.019669853310796077,0.02235440081934503,1.4189021375002906e-36,0.027401561103942783,1.356367131882341e-05,0.02817001286256764,0.028183576533886406,0.00048126153550863876,0.008209808717755717,0.007322174017704836,0.009973799365460653,0.023636617475435134,-0.007182540996514365,0.04652224761810652,-0.009908446303563592,0.030856996328046477,0.010054784834210295,0.030218661995604634,0.005762168970250059,0.01505987522250507,0.027401561103942783,0.02750037443245915,1.4189021375002906e-36,0.027401561103942783,0.02690320454841402,0.14432431493813946,0.14961361496173506,0.021635675101436228,0.020582169212040667,0.021635675101436228,0.020582169212040667,0.027968627652603772,0.02832376868733369
7,10,0.8705387611336265,0.6135755505110599,0.7503132225367806,0.9282120283685081,32,1024,False,0.04494308209598119,0.04523595308054512,-0.0002928709845637412,0.039866153608524135,0.04692454191884567,0.02274727529142695,0.027067581314049044,1.454896061572965e-33,0.04523595308054512,2.60257643889551e-05,0.04514539950850742,0.04517142527289636,0.0005761554839530602,0.010039457109974045,0.009318100810269469,0.012592104923322696,0.03760644110857621,-0.005943803731031649,0.05143835431388555,-0.007737213706056886,0.03369541972913977,0.011398233109503053,0.035127946342981886,0.008016104300622828,0.017665063343883958,0.04523595308054512,0.04494308209598119,1.454896061572965e-33,0.04523595308054512,0.039866153608524135,0.14432431493813946,0.1519601832328766,0.048711337475846814,0.04997493517117863,0.048711337475846814,0.04997493517117863,0.027968627652603772,0.024002785667296984
7,11,0.5847670229880139,0.48539127934328424,0.6445692061904302,0.8329310387863919,32,1024,False,0.057554689824223154,0.057560783540449266,-6.093716226274098e-06,0.05460646666638652,0.05771827364334105,0.0310209988207455,0.029869153734687993,5.164200589942086e-34,0.057560783540449266,5.7662231119924236e-05,0.0567675718561046,0.05682523408722438,0.0010147293195733272,0.013851071280493843,0.013181630073849761,0.017566140716077788,0.04453664356949129,0.0007681138762042003,0.0612738837652868,-0.003901062658537579,0.0391267458855348,0.017898915488331113,0.04462013651209418,0.012132141135225538,0.022717128274962306,0.057560783540449266,0.057554689824223154,5.164200589942086e-34,0.057560783540449266,0.05460646666638652,0.1946308694817036,0.22534212024251812,0.08892377862587889,0.10036288261237632,0.08539525855197035,0.0915530169290871,0.09073396309155345,0.09936354044546601
8,0,0.5299868148390832,0.18818124096584204,0.347472390202692,0.39721504493062687,32,1024,False,0.2752096517563066,0.2668626216247464,0.008347030131559628,0.261909213787281,0.27976732056044323,0.1497408930104363,0.16511165006333642,2.4228479889172573e-32,0.26686262162474644,9.346400731204657e-06,0.26774742110657757,0.2677567675073084,3.4906309999987385e-05,0.0009311610976050598,0.0014452654671155785,0.0014456061604132546,0.27832205509332764,0.1005796575937244,0.19890212842714822,-0.01867329121271168,0.020535049948765465,0.11834164625906851,0.18138714451197302,-0.003491049021249637,0.005131629419338424,0.2668626216247464,0.2752096517563066,2.4228479889172573e-32,0.26686262162474644,0.261909213787281,0.2575651610133113,0.2668573340466746,0.26851554798312166,0.2707162345162192,0.2707457415269708,0.27493217144282667,0.21618148591047562,0.21334015039405912
8,1,0.556534847740973,0.20897098585603233,0.3722113406811052,0.44603955850553967,32,1024,False,0.0758217568349281,0.06804989588566702,0.0077718609492612115,0.07796799706987963,0.07716861397284268,0.07153433948809652,0.07104238768282305,4.836033394108676e-33,0.06804989588566702,2.4511899057941112e-08,0.06645335082713986,0.06645337533903888,3.688586009797652e-07,0.0010866510056867576,0.002536130971376326,0.0025325727232368075,0.07463248300146635,0.03459786869987819,0.10847081027631486,-0.018926411677028424,0.021102923168654218,0.052295376037363894,0.09184150064538699,-0.0033861617994261906,0.005578583411988802,0.06804989588566702,0.0758217568349281,4.836033394108676e-33,0.06804989588566702,0.07796799706987963,0.2575651610133113,0.28179391518041047,0.26851554798312166,0.29193395122956883,0.2707457415269708,0.29717323006563356,0.2012979438347203,0.23168629855472792
8,2,0.5385030986691794,0.22840402624762593,0.38942977892187824,0.41212823649201097,32,1024,False,0.1943846789343546,0.18714855552560614,0.00723612340874702,0.2030692586280998,0.19649981890351664,0.14607667943517472,0.14141428200346942,1.6834560149252197e-32,0.18714855552560614,2.8890757169738345e-05,0.18419186251332562,0.1842207532704951,0.00015682683224792514,4.576454406768551e-05,0.0006002809239402209,0.0005958658640258095,0.19589953797957643,0.09890048700852219,0.19325287186182724,-0.019626457763719806,0.01975164486622447,0.11731407111801673,0.17655087792809354,-0.004273492406355217,0.004423419195518363,0.18714855552560614,0.1943846789343546,1.6834560149252197e-32,0.18714855552560614,0.2030692586280998,0.2575651610133113,0.26972504980245837,0.26851554798312166,0.282112998847953,0.2707457415269708,0.282112998847953,0.21618148591047562,0.2274622772782476
8,3,0.5598267967575344,0.24891121282603987,0.4114472876199624,0.17993168479589533,32,1024,False,0.3420972930930411,0.33511889778954257,0.0069783953034998625,0.3582426539053043,0.34315134870903374,0.21502240273535048,0.2131132714185875,4.339282798788636e-33,0.33511889778954246,0.00012013361325654034,0.33740536768823903,0.33752550130149606,0.00035592455323614345,0.006071884717194277,0.0040179577826405825,0.004178400016311343,0.33913339092639316,0.16146901089411383,0.26857579457658715,-0.014438716999719069,0.02687530691961232,0.17988688159675803,0.2513817316648783,0.0013946085964562371,0.010979018421494402,0.33511889778954257,0.3420972930930411,4.339282798788636e-33,0.33511889778954246,0.3582426539053043,0.2575651610133113,0.2458996327677346,0.26851554798312166,0.2588876439387248,0.2707457415269708,0.25962459332968874,0.45227888567122243,0.5406654391407666
8,4,0.6362365455299254,0.36605756440749576,0.5332242960343014,0.5042227720430562,32,1024,False,0.10659506356799552,0.10422522196952524,0.002369841598469666,0.11314687333761046,0.11277611694028401,0.10202547430989274,0.10154921440943789,7.900116697620047e-34,0.10422522196952524,2.840334965368335e-05,0.10670491830361332,0.10673332165326718,0.00026611511019917653,0.007278379962190834,0.004442716805784522,0.004683011656759456,0.10833340013449949,0.06038470009466758,0.1436662485251179,-0.013867858459536177,0.028939487750791366,0.07827334675675957,0.1268721993692452,0.0022060419287299737,0.01263909356930526,0.10422522196952524,0.10659506356799552,7.900116697620047e-34,0.10422522196952524,0.11314687333761046,0.1946308694817036,0.20536649331997733,0.1947452971267301,0.24925210149026802,0.1947452971267301,0.24925210149026802,0.2012979438347203,0.22208060484192807
8,5,0.7056303625806483,0.5057867351397076,0.6716093245518076,0.8539709887397346,32,1024,False,0.023843788310431175,0.021791532649506215,0.0020522556609249274,0.023773602937058116,0.029347329397746046,0.024224702331001775,0.02970411523011862,5.7458050719809176e-34,0.02179153264950622,2.1578180833022492e-05,0.021609461452950778,0.021631039633783808,0.0009975563448795701,0.0024735114195497047,0.0023324592030925418,0.001595331022855038,0.027014870194653505,-0.003108237767706086,0.05155764242970964,-0.018452866692476887,0.022071298344970146,0.013881151389796287,0.03491067321738228,-0.002846132942067925,0.006342393564409576,0.021791532649506215,0.023843788310431175,5.7458050719809176e-34,0.02179153264950622,0.023773602937058116,0.17884350085880213,0.1995185939320531,0.08285067859204287,0.09467763775120862,0.08285067859204286,0.09467763775120862,0.057936521339018,0.08210100326606497
8,6,0.8803612808037337,0.6784072351283512,0.8046890244617784,0.937597200693326,32,1024,False,0.009247610586616451,0.008926668675023577,0.0003209419115928798,0.00949612065803147,0.009543108500364779,0.0078039932224100534,0.007545813966921239,1.1093356479670478e-33,0.008926668675023577,1.6736029593851228e-06,0.009189246313513795,0.009190919916473196,0.00018209308476134883,0.001126255829257377,0.0016359768095193078,0.0008699665112809783,0.00790713169084547,-0.015580015416851091,0.0311880018616712,-0.018253209052157653,0.01966072722557241,0.0013076451068627648,0.014732726682268549,-0.0034396122573525645,0.004743932506244164,0.008926668675023577,0.009247610586616451,1.1093356479670478e-33,0.008926668675023577,0.00949612065803147,0.14432431493813946,0.15114424600409124,0.021635675101436228,0.02406358599011718,0.021635675101436228,0.02406358599011718,0.013845230997551193,0.015294934444057768
8,7,0.9347652304222571,0.805728044265473,0.8915391069191902,0.9792792699009568,32,1024,False,0.009137765716924191,0.00879237351773059,0.00034539219919356944,0.011112234861733569,0.006827469794016199,0.009979752699713695,0.005865107185483104,2.4358212025162745e-33,0.008792373517730595,1.528658691853468e-06,0.00885752260145389,0.008859051260145762,0.00017255331829159278,0.0005325068706113849,0.000193502699774654,-0.0007120359160894576,0.006633967094241545,-0.013245974464754753,0.03320547986418214,-0.018232188852237634,0.017898213748214934,0.0036725394675158896,0.016817925417853985,-0.004055040051753167,0.0036889532348141074,0.00879237351773059,0.009137765716924191,2.4358212025162745e-33,0.008792373517730595,0.011112234861733569,0.14432431493813946,0.158604221811125,0.009756488777270991,0.008400742692808414,0.009756488777270991,0.008400742692808414,0.007076214884831583,0.0059128082093037595
8,9,0.9742447526951643,0.8535786282670728,0.9176862880484868,0.9482844531171287,32,1024,False,0.01583766130302315,0.015628228063648136,0.00020943323937504062,0.017303031811105665,0.01675594221096759,0.013655012032938648,0.012211985653491601,1.8972775850154842e-33,0.015628228063648136,5.563215331142875e-08,0.016191351151553957,0.01619140678370732,3.4359060984996604e-06,0.0017641708008191185,0.0016266583078732516,0.0025699349639287375,0.01512928390309434,-0.01073357567350418,0.03804359973938148,-0.01588863164943732,0.021032764655588208,0.006396133110683877,0.02180017184582539,-0.001381320289510768,0.006529687620059121,0.015628228063648136,0.01583766130302315,1.8972775850154842e-33,0.015628228063648136,0.017303031811105665,0.06605694897891905,0.07695262412009475,0.007380857394270486,0.003760684000098523,0.007380857394270486,0.003760684000098523,0.010670416305587703,0.006773495895680613
8,10,0.93766931865025,0.7288925109188082,0.8368862792061019,0.9454891111438387,32,1024,False,0.024919182850818587,0.02510744616172542,-0.0001882633109069044,0.023551388580909393,0.025790975031540115,0.014945865555775012,0.016049986015185088,1.5484690745089422e-36,0.02510744616172542,1.7375346534636115e-06,0.025497614206200017,0.025499351740853594,6.814034612024405e-05,0.002619447809839456,0.002287237965279512,0.004242274803064778,0.023503737066260605,-0.010780045425192897,0.04067177653674292,-0.014349929561645063,0.023068011976230006,0.006447228115575854,0.024452468591334764,0.0003136066588922404,0.008354222423804458,0.02510744616172542,0.024919182850818587,1.5484690745089422e-36,0.02510744616172542,0.023551388580909393,0.14432431493813946,0.1519601832328766,0.01828135178541792,0.013011314989926448,0.01828135178541792,0.013011314989926448,0.013845230997551193,0.010634073604094157
8,11,0.593827771665643,0.5580974978278987,0.7087970146405199,0.8602452155886116,32,1024,False,0.04550362515121853,0.045466131257189235,3.749389402915576e-05,0.0440549943155832,0.04649028081501793,0.027106855199777152,0.026786865678739957,2.495625371742382e-34,0.045466131257189235,5.508539713268281e-05,0.04556673073387938,0.04562181613101228,0.0012074354290169849,0.005236296061039637,0.004618099303561841,0.007938836808786317,0.04187218151145609,-0.0020609921436053544,0.05627470254315966,-0.011547379032142053,0.02769560663413732,0.014788689964916557,0.039358032583550084,0.003683753173390869,0.012325615112786181,0.045466131257189235,0.04550362515121853,2.495625371742382e-34,0.045466131257189235,0.0440549943155832,0.1946308694817036,0.22534212024251812,0.08285067859204287,0.08637755898081192,0.08285067859204286,0.08637755898081191,0.048218494178417025,0.04868110527428745
9,0,0.48508370887118124,0.1832250046186361,0.3423380351148176,0.42195859404955766,32,1024,False,0.3398548574027628,0.33171555330246905,0.008139304100295215,0.32014930538308556,0.3422226306644468,0.18468870641283897,0.202445901001515,6.149500817791812e-33,0.33171555330246905,2.435111934315157e-06,0.32963139977247286,0.3296338348844071,7.387323983804875e-06,0.000561544608841246,0.0009445338403712719,0.0009440053960615346,0.3412780968240755,0.13176387146868573,0.2376135413569922,-0.019061368216195345,0.02018338459020644,0.149441561603453,0.2196955378531129,-0.003844506965833716,0.004792111343704164,0.33171555330246905,0.3398548574027628,6.149500817791812e-33,0.33171555330246905,0.32014930538308556,0.2575651610133113,0.2668573340466746,0.26851554798312166,0.2707162345162192,0.2707457415269708,0.27493217144282667,0.21618148591047562,0.21334015039405912
9,1,0.5113934512930712,0.20217570379946193,0.36587642676434373,0.3826182926769569,32,1024,False,0.10484802833307265,0.09651337090869191,0.008334657424380908,0.1057368193531036,0.10871024730105597,0.0929905750982198,0.09489020172474653,3.338813550811316e-34,0.09651337090869191,1.579798587423428e-05,0.09645093802333679,0.09646673600921077,0.0001637661491182398,0.0010356571088202008,0.002550484500634856,0.002546806481232583,0.10615976280042111,0.05255945631943479,0.1334216938770048,-0.01889475316038108,0.020967964109307655,0.07027093843498733,0.1165415158830001,-0.0034113302172045223,0.005482442065840587,0.09651337090869191,0.10484802833307265,3.338813550811316e-34,0.09651337090869191,0.1057368193531036,0.2575651610133113,0.28179391518041047,0.26851554798312166,0.29193395122956883,0.2707457415269708,0.29717323006563356,0.21796374596100815,0.24807065882428014
9,2,0.4921760856902033,0.21875950409994618,0.37748090877624946,0.3923468429838356,32,1024,False,0.1052414760758225,0.09781721662820651,0.007424259447615568,0.11301525019190155,0.11166967566168269,0.1021861881490659,0.10129516275422003,5.0855904102837404e-33,0.09781721662820655,1.361889806221946e-07,0.09714705341174959,0.09714718960073053,1.4018828664207748e-06,0.00027330322740676743,0.0004987521068096061,0.000494750782128682,0.11117092355487308,0.060643883507263935,0.14372849279086786,-0.019244183193736556,0.019829316836818597,0.07868162867816864,0.1271531881793635,-0.003996610896138009,0.004581654480716679,0.09781721662820651,0.1052414760758225,5.0855904102837404e-33,0.09781721662820655,0.11301525019190155,0.2575651610133113,0.26972504980245837,0.26851554798312166,0.282112998847953,0.2707457415269708,0.282112998847953,0.21618148591047562,0.2274622772782476
9,3,0.5125268035589993,0.23694245671440764,0.4012607214945366,0.10669800945057711,32,1024,False,0.2865080873865556,0.2790599435630644,0.007448143823489362,0.3027374806785878,0.2913784946798959,0.19863921720748495,0.19691604440892713,2.6690013088006792e-33,0.2790599435630644,8.119485521891234e-05,0.2825649387844802,0.28264613363969915,0.0002872668172507706,0.005819899316369544,0.003873245514517491,0.00403604500998929,0.2875052491653784,0.14661605737183844,0.25066237704313143,-0.014523651279001838,0.0264511983926797,0.1650912835248164,0.23365225353336427,0.0012016626060358249,0.01061355737328995,0.2790599435630644,0.2865080873865556,2.6690013088006792e-33,0.2790599435630644,0.3027374806785878,0.2575651610133113,0.2458996327677346,0.26851554798312166,0.2588876439387248,0.2707457415269708,0.25962459332968874,0.45227888567122243,0.6285232753352452
9,4,0.589532179323602,0.34130031498903757,0.5056877862605754,0.40444452378509566,32,1024,False,0.11483728784365176,0.11198579189620464,0.0028514959474468457,0.12210090160923177,0.12298971865347617,0.10583912709956397,0.10607652925944103,4.8908760682089396e-33,0.11198579189620464,3.2538518602654445e-05,0.11406901885911697,0.11410155737771978,0.00028517155550243287,0.006690632232161996,0.004512164217921798,0.00473852532056122,0.11847755443555438,0.06355668467608754,0.1481215695230404,-0.014210871779931404,0.028147704433006217,0.08143073435348924,0.13128791152848862,0.001761623818310909,0.011918164098460693,0.11198579189620464,0.11483728784365176,4.8908760682089396e-33,0.11198579189620464,0.12210090160923177,0.1946308694817036,0.20536649331997733,0.19767497337377535,0.27324904513831894,0.19767497337377535,0.27324904513831894,0.21618148591047562,0.22208060484192807
9,5,0.6609827705541269,0.4648404027362447,0.6281332648111113,0.7853374755467639,32,1024,False,0.034822586953095896,0.03232042297639847,0.0025021639766975336,0.031685024943703545,0.04102692922461447,0.031624896691374395,0.04058010899012257,2.107190767033185e-34,0.03232042297639847,1.947505236401964e-05,0.031700333259787154,0.031719808312151085,0.0006139713132049169,0.0026394957286745638,0.0031299118470943543,0.0025723808162674525,0.03789701737752012,0.001941468670424027,0.061308324712324766,-0.018501435831600705,0.022691213521021807,0.019003639768925495,0.044568627352418844,-0.0027877927350346,0.006718176889989991,0.03232042297639847,0.034822586953095896,2.107190767033185e-34,0.03232042297639847,0.031685024943703545,0.17884350085880213,0.1995185939320531,0.08892377862587889,0.1189683034963694,0.08539525855197035,0.09694618153538519,0.09073396309155345,0.10077414786489501
9,6,0.8384042586278521,0.6022528246007235,0.7403445077196942,0.8557007163176596,32,1024,False,0.013800479837867153,0.013076493039003143,0.0007239867988639707,0.01212499069001218,0.015581972717881738,0.010905584750559092,0.01399512309382947,4.8716459586407874e-33,0.013076493039003146,3.3428457673841854e-06,0.01372921994640705,0.013732562792174411,0.0002434247574887571,0.0019634229748571336,0.003592672376706901,0.003170942156114785,0.011989300341174836,-0.01378088613446493,0.03559205563558311,-0.017861954018835606,0.02162475575236368,0.003146835893858224,0.01907022839441197,-0.0025965205932152458,0.006142420977994334,0.013076493039003143,0.013800479837867153,4.8716459586407874e-33,0.013076493039003146,0.01212499069001218,0.14432431493813946,0.15114424600409124,0.048711337475846814,0.05298695630806707,0.048711337475846814,0.05298695630806707,0.048218494178417025,0.05481967081436607
9,7,0.9004721350148565,0.6968585587689192,0.8145825284231235,0.9266854725965116,32,1024,False,0.013720731042173388,0.0130878444572242,0.000632886584949112,0.013834918915732637,0.012529664089629152,0.012872952325179677,0.011525321095978012,1.8013998491636976e-35,0.0130878444572242,5.415074762489439e-07,0.013478220462445468,0.013478761969921742,4.017486750321238e-05,0.0010109078107539019,0.001956085918702453,0.0014626277504848062,0.0105735781709267,-0.011814758862657973,0.037560663513017324,-0.018281669598427176,0.019799860816777544,0.00527978855825495,0.021249054254440125,-0.003442716071731411,0.004788368976733182,0.0130878444572242,0.013720731042173388,1.8013998491636976e-35,0.0130878444572242,0.013834918915732637,0.14432431493813946,0.158604221811125,0.021635675101436228,0.023195826338576947,0.021635675101436228,0.023195826338576947,0.027968627652603772,0.03338467907846908
9,8,0.9742447526951643,0.8535786282670728,0.9176862880484868,0.9482844531171287,32,1024,False,0.004329936658668422,0.004054240297441119,0.0002756963612272975,0.004037800800069741,0.003894294177335576,0.004314550801001735,0.004507281856387693,2.318825915323817e-33,0.004054240297441118,1.6860876097822816e-06,0.003954339114709288,0.003956025202319063,0.00042620749958667596,0.001117970840400331,0.0012331472243559487,0.0014424979760697665,0.002661146952979627,-0.016311568401084914,0.024940670003088382,-0.017449872483940063,0.020000166468557682,-0.0005489386749104597,0.008999303201562725,-0.0028396842171787284,0.0052053046456421725,0.004054240297441119,0.004329936658668422,2.318825915323817e-33,0.004054240297441118,0.004037800800069741,0.06605694897891905,0.07169505335881445,0.007380857394270486,0.008049468713110635,0.007380857394270486,0.008049468713110635,0.010670416305587703,0.016783513683348843
9,10,0.9674690610988371,0.8348459528788832,0.9082218983810774,0.9575533678079423,32,1024,False,0.0050210485864477334,0.005232066582665823,-0.00021101799621810492,0.0034835672001273053,0.004822040727836079,0.0007402672090198154,0.0015668601308568189,8.124677360611306e-34,0.005232066582665823,9.607846661091424e-07,0.005095586046281736,0.005096546830947848,0.00018851679342470735,0.0010763272449756443,0.000822806939646193,0.002026971645769172,0.003999233788189886,-0.020019434153295174,0.021499968571334804,-0.015849485111742095,0.020100234145573184,-0.004111464171728585,0.005566630788962357,-0.0017669704466243275,0.005943895484961104,0.005232066582665823,0.0050210485864477334,8.124677360611306e-34,0.005232066582665823,0.0034835672001273053,0.06605694897891905,0.07174543823153648,0.007380857394270486,0.008160315433099122,0.007380857394270486,0.008160315433099122,0.007076214884831583,0.0077947444217724374
9,11,0.6362429113133855,0.6211266418664214,0.7635348684398667,0.8530570061694346,32,1024,False,0.1162895620948859,0.11621267750113307,7.688459375249267e-05,0.11286976881416823,0.1174330546458288,0.06897524512012077,0.06917722771673941,1.644750356881743e-33,0.11621267750113307,0.00023096205501160695,0.1157907582451144,0.11602172030012592,0.00199067945565841,0.003331072949813843,0.00316997260388991,0.005753974390194639,0.1142630820419389,0.031609686867918624,0.1063408033723229,-0.013507553675262065,0.024610458423115412,0.048930935976386536,0.08933168659132207,0.0013617117801913992,0.009607003725250252,0.11621267750113307,0.1162895620948859,1.644750356881743e-33,0.11621267750113307,0.11286976881416823,0.17884350085880213,0.18947199791450178,0.048711337475846814,0.0400696665290395,0.048711337475846814,0.0400696665290395,0.07710178502860852,0.05240228130702828
10,0,0.5235370964767811,0.1788241220114784,0.3408408337752501,0.3941976502550007,32,1024,False,0.12652399388491276,0.11775782665067461,0.008766167234237933,0.12345617259652378,0.1319204647232734,0.10153851723335837,0.11037294112818391,7.898472895013291e-33,0.11775782665067461,3.162615955693022e-05,0.12022365749564214,0.12025528365519893,0.00026299185030081583,0.00047596088582596476,0.0005234004089554855,0.0005182394876950223,0.1313970643143179,0.05897523132170582,0.14410180314501092,-0.019299303336730793,0.020246907476805708,0.07689242079504766,0.1273021036249702,-0.003965632189647295,0.004790543927811086,0.11775782665067461,0.12652399388491276,7.898472895013291e-33,0.11775782665067461,0.12345617259652378,0.2575651610133113,0.2668573340466746,0.26851554798312166,0.2707162345162192,0.2707457415269708,0.27493217144282667,0.21618148591047562,0.21334015039405912
10,1,0.5465140537380497,0.1962564293129275,0.35805285562646927,0.4163052892965322,32,1024,False,0.05960042086934527,0.05119735172990631,0.008403069139438626,0.06824968278730645,0.05901455216972314,0.06673426804484671,0.05756122893319864,1.8333469824881983e-33,0.051197351729906304,7.424310942360046e-06,0.05183425685717923,0.051841681168121566,0.00014321123032802794,0.0008669915699704904,0.0021780970178070205,0.0021674868487648077,0.05683645515191612,0.032132651732277195,0.10133588435741622,-0.019125968527093935,0.020856121594589657,0.049772176615078934,0.08477119555755053,-0.0035722178799915127,0.005371831692173146,0.05119735172990631,0.05960042086934527,1.8333469824881983e-33,0.051197351729906304,0.06824968278730645,0.2575651610133113,0.28179391518041047,0.26851554798312166,0.29193395122956883,0.2707457415269708,0.29717323006563356,0.21618148591047562,0.23168629855472792
10,2,0.5242130625324564,0.2110930587847346,0.3722404973163566,0.4092527292265696,32,1024,False,0.1863440521142776,0.17871653465975837,0.007627517454518705,0.19804490377516762,0.18385973358461533,0.1518464888930521,0.14296001083498253,7.990832620232553e-33,0.1787165346597584,4.409221556869562e-05,0.17464143352451347,0.1746855257400823,0.0002524090956127711,0.00022851287318536575,0.0005162407517803484,0.000503998916562661,0.18334349283283496,0.10458342342577404,0.19910955436033018,-0.01956479199342695,0.020028927964589376,0.12284812200232409,0.18222041062108474,-0.004160065655014478,0.0046225277401390485,0.17871653465975837,0.1863440521142776,7.990832620232553e-33,0.1787165346597584,0.19804490377516762,0.2575651610133113,0.26972504980245837,0.26851554798312166,0.282112998847953,0.2707457415269708,0.282112998847953,0.21618148591047562,0.2274622772782476
10,3,0.5445809615200337,0.23019656587706877,0.3941039967676909,0.1603390672204758,32,1024,False,0.41623101111386085,0.4090202486355758,0.007210762478284549,0.4331027342375737,0.41548375060763265,0.23600368765911003,0.23148010216559692,2.7771409912247265e-33,0.4090202486355758,0.0001660660382321446,0.4112430050388209,0.4114090710770524,0.00040365186357556575,0.004501342388108129,0.0024005384475989607,0.002505727990809768,0.4130832121600337,0.18063575478788008,0.29137162053034,-0.015537244788132957,0.02474731870683659,0.19909818857559003,0.2740828867026721,2.275139559060335e-05,0.009105080142035149,0.4090202486355758,0.41623101111386085,2.7771409912247265e-33,0.4090202486355758,0.4331027342375737,0.2575651610133113,0.2458996327677346,0.26851554798312166,0.2588876439387248,0.2707457415269708,0.25962459332968874,0.45227888567122243,0.5406654391407666
10,4,0.6186945144755306,0.3258390520124819,0.49121952658003487,0.47300549231364564,32,1024,False,0.1390662713346671,0.1363137693538872,0.0027525019807805857,0.14466798057106747,0.14523672803977059,0.12512582332078692,0.12359973604523408,5.3583685135928325e-34,0.1363137693538872,4.666492659506625e-05,0.1392111992219098,0.1392578641485047,0.00033509724481557994,0.005516485727956058,0.0032592501305812598,0.0033203250958355524,0.14197747790918933,0.08070737483762985,0.169544271803944,-0.015181824440553111,0.026531695915100774,0.09876564433216117,0.15270402072928846,0.0006912879689480178,0.010487766405276489,0.1363137693538872,0.1390662713346671,5.3583685135928325e-34,0.1363137693538872,0.14466798057106747,0.1946308694817036,0.20536649331997733,0.26851554798312166,0.273429138458294,0.2555804254287969,0.27342913845829403,0.2012979438347203,0.22208060484192807
10,5,0.6838714123179159,0.4338653325777361,0.594278100178698,0.8302716231528221,32,1024,False,0.048807304737837495,0.04607201489576561,0.0027352898420716864,0.047961855935129714,0.05292635418332847,0.046698724577623814,0.05089944276062841,2.40224457196466e-34,0.04607201489576561,4.6644342102475474e-05,0.045011558742859704,0.04505820308496218,0.0010352020033848766,0.00235288891624672,0.0023304193600576784,0.001600650746420958,0.050595934823270794,0.014309277583153764,0.07908817157209386,-0.018598144044483407,0.021709151920324486,0.0317081707471516,0.06251369343226543,-0.0030699789349455386,0.006011182944348548,0.04607201489576561,0.048807304737837495,2.40224457196466e-34,0.04607201489576561,0.047961855935129714,0.17884350085880213,0.1995185939320531,0.11034827831009746,0.1189683034963694,0.11835079328658352,0.1284063557653626,0.09073396309155345,0.10077414786489501
10,6,0.8233433602208992,0.5451037675162634,0.6902115765835729,0.8874343444630025,32,1024,False,0.028761361832569336,0.027774332070662495,0.0009870297619068169,0.02851099863153462,0.02768823185672496,0.026113193201661812,0.02528171501782665,2.4499968814766072e-33,0.027774332070662495,8.063430451792351e-07,0.02806176868373208,0.02806257502677741,2.8733751069166666e-05,0.0020025441300779087,0.0032433483524942877,0.0029186681307737886,0.02444488350423067,-0.0024701350351808635,0.05469652143850449,-0.0177623203726157,0.02172839273121109,0.014931235098629259,0.038404672224714886,-0.0024722309681237675,0.006270909601880703,0.027774332070662495,0.028761361832569336,2.4499968814766072e-33,0.027774332070662495,0.02851099863153462,0.14432431493813946,0.15114424600409124,0.08285067859204287,0.08692849379635359,0.08285067859204286,0.08692849379635359,0.048218494178417025,0.05481967081436607
10,7,0.8705387611336265,0.6135755505110599,0.7503132225367806,0.9282120283685081,32,1024,False,0.029858151113115683,0.02877653592717244,0.001081615185943383,0.0312702335377443,0.026522066758035583,0.02873401692076794,0.02429707367088648,3.976063164386059e-34,0.02877653592717244,4.90621481161135e-06,0.02900777675679783,0.029012682971609593,0.00016910586368080243,0.0010682110934014694,0.0017338550158492113,0.001435918696573176,0.024788211742186372,4.422763688059772e-05,0.05742380620465528,-0.018278353967219243,0.02014117194018648,0.017471732760895975,0.041144749673549086,-0.0033133155084215105,0.005029964740970172,0.02877653592717244,0.029858151113115683,3.976063164386059e-34,0.02877653592717244,0.0312702335377443,0.14432431493813946,0.158604221811125,0.048711337475846814,0.05120292375271861,0.048711337475846814,0.05120292375271861,0.027968627652603772,0.03338467907846908
10,8,0.93766931865025,0.7288925109188082,0.8368862792061019,0.9454891111438387,32,1024,False,0.012890047609132661,0.012149624930618023,0.0007404226785146144,0.013011314989926448,0.010875584161593501,0.013498534088846048,0.012071787598155055,2.676175556331507e-34,0.012149624930618025,3.344711206556167e-08,0.012056715845051094,0.012056749292163191,2.7741401313952906e-06,0.0014297360652370532,0.0015531956560582625,0.001854693818092784,0.00932238850553524,-0.009733311339760013,0.03673037951745211,-0.017300227458323228,0.02067663497551226,0.0068508343465509824,0.019994955844595097,-0.0024962100651464425,0.005704321316443384,0.012149624930618023,0.012890047609132661,2.676175556331507e-34,0.012149624930618025,0.013011314989926448,0.14432431493813946,0.15413501706912353,0.01828135178541792,0.023551388580909393,0.01828135178541792,0.023551388580909393,0.013845230997551193,0.016783513683348843
10,9,0.9674690610988371,0.8348459528788832,0.9082218983810774,0.9575533678079423,32,1024,False,0.004982880105340476,0.004350772239929364,0.000632107865411075,0.005854114734975558,0.0044388640284115525,0.006570052466919008,0.005342073499545738,6.401961824028122e-34,0.004350772239929363,2.83568824779386e-07,0.004122545977719204,0.004122829546543965,6.878014760932636e-05,0.0011513750164441065,0.0014406203025212462,0.0012810636155215422,0.0029982437258903065,-0.013955822257665118,0.02709592719150313,-0.017172927833202983,0.019623319150770174,0.0018477474586688913,0.011291389018879272,-0.002709596468775999,0.005173515040951315,0.004350772239929364,0.004982880105340476,6.401961824028122e-34,0.004350772239929363,0.005854114734975558,0.06605694897891905,0.07695262412009475,0.007380857394270486,0.003760684000098523,0.007380857394270486,0.003760684000098523,0.007076214884831583,0.006773495895680613
10,11,0.6678968486235216,0.7132871248403735,0.830997905601707,0.9155489799058835,32,1024,False,0.05554010307144244,0.05537089909658699,0.00016920397485579267,0.0535042859008419,0.05601858712459306,0.03833718068442355,0.03841489424528263,1.6189046659175578e-34,0.05537089909658699,9.206568084038581e-05,0.055009285479882986,0.0551013511607234,0.0016708425274698313,0.001986798984171471,0.001663589136387089,0.0031810631241118285,0.05435499798820597,0.006753941399776052,0.06992041996907106,-0.015259201925926703,0.021823692519234224,0.023706333289737813,0.05292694384115748,-0.0007351934764301404,0.007214768076664768,0.05537089909658699,0.05554010307144244,1.6189046659175578e-34,0.05537089909658699,0.0535042859008419,0.17884350085880213,0.18947199791450178,0.021635675101436228,0.0161246383255159,0.021635675101436228,0.0161246383255159,0.035128853362550894,0.02572558628693499
11,0,0.4820134636922538,0.16796280248046913,0.33192457106652234,0.29787474518329604,32,1024,False,0.04543027281432043,0.03579461627527935,0.009635656539041153,0.04598076128545651,0.04691451151031945,0.0459658133134299,0.046860059133525644,2.740997099066509e-33,0.03579461627527935,6.015457572802187e-05,0.03538150676271236,0.03544166133844028,0.0016972843105065671,0.0008867961589145838,0.0018771628515855637,0.0018766572049990166,0.04503734865873389,0.014004782516326357,0.07792684411053344,-0.01910835791481103,0.02085720230094275,0.031274693144951016,0.06113658256799681,-0.003638232868979685,0.005298053350998089,0.03579461627527935,0.04543027281432043,2.740997099066509e-33,0.03579461627527935,0.04598076128545651,0.2575651610133113,0.2668573340466746,0.26851554798312166,0.2707162345162192,0.2707457415269708,0.27493217144282667,0.2938849572170372,0.383329475951116
11,1,0.49049034655053536,0.19289359013712642,0.35606527182162406,0.382303496186029,32,1024,False,0.04700534224678794,0.038269520318103954,0.00873582192868398,0.05144351982997854,0.04443829885914423,0.05129687700577749,0.04444569856572726,1.3874121985453657e-33,0.038269520318103954,1.682820626249698e-05,0.03634581811240211,0.03636264631866462,0.0004627882722017185,0.0012536577445984285,0.002071707935821747,0.002049149082781562,0.042366590923322484,0.019448426295306305,0.08314532771624866,-0.019141992383087496,0.02163389849138448,0.03705287486081943,0.06668332315166481,-0.0034159152710344642,0.005887932260520756,0.038269520318103954,0.04700534224678794,1.3874121985453657e-33,0.038269520318103954,0.05144351982997854,0.2575651610133113,0.28179391518041047,0.26851554798312166,0.29193395122956883,0.2707457415269708,0.29717323006563356,0.21796374596100815,0.24807065882428014
11,2,0.4841963710527151,0.19938950778097836,0.3653042059750021,0.38927060065950125,32,1024,False,0.14580415235325786,0.13795190528035883,0.007852247072898302,0.15133456778366383,0.14499259304194415,0.1292374867153584,0.1263641073878999,2.544307873318635e-33,0.13795190528035886,4.5475855863919646e-05,0.13457074391488685,0.13461621977075103,0.00033781854773046074,0.000358610990073625,0.0006984462735223627,0.0006868791976932292,0.14429414676842178,0.08427314717429404,0.17420182625642275,-0.019955413346856382,0.02064366141379584,0.10247463931591483,0.15742259297257988,-0.0043182792069274,0.004908102688204963,0.13795190528035883,0.14580415235325786,2.544307873318635e-33,0.13795190528035886,0.15133456778366383,0.2575651610133113,0.26972504980245837,0.26851554798312166,0.282112998847953,0.2707457415269708,0.282112998847953,0.21618148591047562,0.2274622772782476
11,3,0.4933908494336649,0.2139336491752325,0.3797749759316837,0.12177251278321659,32,1024,False,0.2733720589760611,0.2659248667684933,0.0074471922075671415,0.28614362259908016,0.2744707765103534,0.1855718203893319,0.18547649700099028,3.0414499673979268e-34,0.2659248667684933,0.00010405918197078721,0.27014734250080624,0.2702514016827777,0.0003850458547960922,0.003921843306128065,0.002788242579477216,0.0028995282110047312,0.27168253393087616,0.13459093001839784,0.23655271076026596,-0.016202170995975835,0.024254209026631408,0.15298293538216967,0.21952814083488192,-0.0005937687383266166,0.008567179938836489,0.2659248667684933,0.2733720589760611,3.0414499673979268e-34,0.2659248667684933,0.28614362259908016,0.2575651610133113,0.2458996327677346,0.26851554798312166,0.2588876439387248,0.2707457415269708,0.25962459332968874,0.45227888567122243,0.5406654391407666
11,4,0.5407147862764148,0.2847014537807888,0.45378277206277806,0.42497678581871984,32,1024,False,0.19801094772588707,0.19501175131342882,0.0029991964124570936,0.20486011195352655,0.20157327582317272,0.144541709241317,0.14277399557269563,3.4375846540170002e-34,0.19501175131342882,7.252227166306747e-05,0.19755339547437534,0.1976259177460381,0.00036696741242342115,0.0039234790917229085,0.0028406470036909342,0.002949226757664632,0.19873262881948178,0.09762099052192585,0.19146242796070817,-0.016075799515945666,0.024410608160320136,0.11578185854159528,0.17453084536100505,-0.0004902693690382876,0.008681570703629404,0.19501175131342882,0.19801094772588707,3.4375846540170002e-34,0.19501175131342882,0.20486011195352655,0.2575651610133113,0.25916228371209266,0.26851554798312166,0.273429138458294,0.2555804254287969,0.27342913845829403,0.21618148591047562,0.22208060484192807
11,5,0.569478180375927,0.3719274320736323,0.5381374045624845,0.7972364439490118,32,1024,False,0.17268192919674327,0.1696573756708679,0.0030245535258758933,0.173622092539613,0.16846081991046327,0.11684648321879203,0.11674600999556518,1.9646411362694196e-36,0.1696573756708679,0.0001611822104452134,0.16337120596987223,0.16353238818031682,0.0009856286711075726,0.0016359865624399929,0.0017172830903513974,0.00163205804253922,0.16674353682011187,0.07327737902901985,0.1604155874085642,-0.017913073326907156,0.020850288677500696,0.09111332894099178,0.1434391819711891,-0.002862067543901503,0.005595450653345324,0.1696573756708679,0.17268192919674327,1.9646411362694196e-36,0.1696573756708679,0.173622092539613,0.1946308694817036,0.1995185939320531,0.1947452971267301,0.19287186822596616,0.1947452971267301,0.19287186822596616,0.09073396309155345,0.10077414786489501
11,6,0.5879132151419267,0.44514786006198953,0.6047837549520613,0.8054661133103245,32,1024,False,0.14575877913575888,0.14435010779189827,0.0014086713438605143,0.14538449518715763,0.13935058905264072,0.09510893198599037,0.08922162400845177,1.4288990460132053e-33,0.14435010779189827,2.9886704540777537e-05,0.1419961405557651,0.1420260272603058,0.00021043118023713413,0.002922071917254754,0.003195560703628621,0.00428334854964681,0.1361550283490121,0.0543349688342636,0.13588289513771712,-0.015900868969743708,0.023513673119370873,0.07234784725733334,0.11932338029146194,-0.0006652191004832275,0.008043208028539084,0.14435010779189827,0.14575877913575888,1.4288990460132053e-33,0.14435010779189827,0.14538449518715763,0.1946308694817036,0.196975934924301,0.11034827831009746,0.08692849379635359,0.11835079328658352,0.08692849379635359,0.09073396309155345,0.08576573290104396
11,7,0.5847670229880139,0.48539127934328424,0.6445692061904302,0.8329310387863919,32,1024,False,0.1337112404597834,0.13211814264496183,0.0015930978148214834,0.13524151509557641,0.12493285404831501,0.09171938918727193,0.08290991890197627,9.437056727497457e-37,0.13211814264496183,5.1188328292374505e-05,0.1308490670551897,0.13090025538348224,0.0003910483454934019,0.002441297675332056,0.0023976070275016238,0.003665978594719558,0.12253524702081339,0.05140276748069977,0.1320360108938441,-0.016054954842699077,0.023331146591020976,0.06942731443268713,0.11553354022180429,-0.0008009729572222568,0.007895572583947796,0.13211814264496183,0.1337112404597834,9.437056727497457e-37,0.13211814264496183,0.13524151509557641,0.1946308694817036,0.16044955897180255,0.08892377862587889,0.07899169515456476,0.08539525855197035,0.07899169515456476,0.09073396309155345,0.06960334557453453
11,8,0.593827771665643,0.5580974978278987,0.7087970146405199,0.8602452155886116,32,1024,False,0.06448226275675331,0.0632850990627931,0.0011971636939605765,0.06421097312150817,0.058428008857062716,0.051764757572052074,0.04685884765625986,1.6951201335834424e-34,0.0632850990627931,1.0537574075323155e-05,0.0623124377186044,0.062322975292679855,0.00016908008685138698,0.00387546562487696,0.003149875269638085,0.0051556030915372265,0.05527813358742463,0.018867800237046484,0.08466171490705766,-0.01416633486798886,0.025417044198713313,0.0365761518405634,0.06844314734917134,0.001109545977669768,0.009891296038404107,0.0632850990627931,0.06448226275675331,1.6951201335834424e-34,0.0632850990627931,0.06421097312150817,0.1946308694817036,0.19893966516651643,0.08285067859204287,0.08378977302420283,0.08285067859204286,0.08378977302420283,0.048218494178417025,0.044174757159972024
11,9,0.6362429113133855,0.6211266418664214,0.7635348684398667,0.8530570061694346,32,1024,False,0.04009777675665855,0.03894942790541662,0.0011483488512417871,0.04133380124304883,0.036501156425880456,0.03516427275309391,0.03003362517708624,3.964080830742892e-34,0.03894942790541662,1.7047321601993918e-05,0.03771321456424458,0.03773026188584672,0.0004518209190694397,0.004019073421186045,0.003536706257462619,0.004935895541205678,0.032964450168417835,0.005593456894526196,0.06473508861166162,-0.014379184179222246,0.02512335318254757,0.023074478114722297,0.04853958809690084,0.0009565306900185533,0.00970696868171217,0.03894942790541662,0.04009777675665855,3.964080830742892e-34,0.03894942790541662,0.04133380124304883,0.17884350085880213,0.18896522822973022,0.048711337475846814,0.051460345704479306,0.048711337475846814,0.051460345704479306,0.07710178502860852,0.08895960150958004
11,10,0.6678968486235216,0.7132871248403735,0.830997905601707,0.9155489799058835,32,1024,False,0.015018452402818244,0.014666417851145997,0.0003520345516723167,0.01675342082425988,0.014177661907611093,0.013849062709571263,0.011192118887301204,3.217374305658249e-36,0.014666417851145997,7.5748747280884285e-06,0.01424363980062897,0.014251214675357069,0.0005315248489791371,0.0024315424099982464,0.002468639215719064,0.003848161970528813,0.01170902269189203,-0.01055901197542476,0.038257137394567285,-0.015271125392113775,0.022993250038298434,0.006504277189378627,0.02202755588950822,-0.00032204712624661624,0.00797288714966271,0.014666417851145997,0.015018452402818244,3.217374305658249e-36,0.014666417851145997,0.01675342082425988,0.17884350085880213,0.18987266064502037,0.021635675101436228,0.0226121259568715,0.021635675101436228,0.0226121259568715,0.035128853362550894,0.04792044251442508
