source,target,cka,cca_shared,procrustes_shared,probe_cosine,metric_rank,metric_examples,full_dim_cca_saturation_possible,train_raw,train_geometry,residual_correction,cal_raw,test_raw,cal_clipped,test_clipped,train_mean_term,train_variance_term,test_mean_term,test_variance_term,test_geometry,mean_fraction,aligned_cal_raw,aligned_test_raw,aligned_test_clipped,alignment_raw_reduction,bernstein_lo,bernstein_hi,bernstein_aligned_lo,bernstein_aligned_hi,betting_lo,betting_hi,betting_aligned_lo,betting_aligned_hi,prediction__training_geometry,prediction__direct_training,prediction__mean_only,prediction__variance_only,prediction__direct_calibration,prediction__cka_common,prediction__cka_held_target,prediction__cca_shared_common,prediction__cca_shared_held_target,prediction__procrustes_shared_common,prediction__procrustes_shared_held_target,prediction__probe_cosine_common,prediction__probe_cosine_held_target
0,1,0.966307371092636,0.4142076124673625,0.5755755905323103,0.6353743167489236,64,1024,False,0.016803453836706318,0.008831693696416875,0.007971760140289514,0.020069670131123832,0.01452328631564561,0.01997185471178295,0.014431318431049505,1.0104560507078307e-34,0.008831693696416874,1.0044964885771124e-06,0.009453723774221363,0.009454728270709934,0.00010624276656252195,0.017377822143658305,0.014873971487301723,0.014876208030486683,-0.0003506851716561128,-0.003961296194273364,0.04390500561783926,-0.004703969929406141,0.03947058316801984,0.013111044871038757,0.02760745964042144,0.011758913526136894,0.02311050140269799,0.008831693696416875,0.016803453836706318,1.0104560507078307e-34,0.008831693696416874,0.020069670131123832,0.01828693316802445,0.015347793491632959,0.03148200734020169,0.032750044807877,0.032319452655046634,0.03313610482330815,0.029767664341849256,0.029172263584502162
0,2,0.9589660133372904,0.341959042103236,0.5050693778317084,0.2672040343681588,64,1024,False,0.0359698437428944,0.020319720000843217,0.01565012374205123,0.037032674533265406,0.03652786578171438,0.036257581874489825,0.03599582522910496,1.7571093987267863e-34,0.020319720000843217,6.554967352881742e-06,0.020837380804783888,0.020843935772136682,0.0003144783895200902,0.02299768003977927,0.02153057750447725,0.02153475183810539,0.01499728827723713,0.00941046994147126,0.06310469380750838,0.00012961627501869785,0.04587626212210512,0.026259800579282455,0.04634192245430313,0.016821329452795908,0.02938091886608163,0.020319720000843217,0.0359698437428944,1.7571093987267863e-34,0.020319720000843217,0.037032674533265406,0.02919739279301839,0.02848509445299593,0.06521362578344414,0.06923947596204111,0.06610816912372919,0.07192326804182195,0.08032454613673749,0.08915137300413856
0,3,0.9282360632175386,0.27199607688097227,0.44086202544392383,-0.04505550076216873,64,1024,False,0.10355156502480109,0.08410725102447945,0.019444314000321754,0.10717848088100188,0.10605944591861989,0.10755848912292694,0.10646840626459621,3.127566640907906e-34,0.08410725102447945,1.1922190984843814e-05,0.08431929324698131,0.08433121543796669,0.0001413734039397745,0.04588101621795572,0.045438689638050034,0.04587853125199146,0.06062075628056986,0.07193368788375941,0.14318329036209448,0.01972200781031004,0.07283661033227408,0.08901711037469795,0.12603768787084846,0.036358772158564534,0.055866377108031884,0.08410725102447945,0.10355156502480109,3.127566640907906e-34,0.08410725102447945,0.10717848088100188,0.03785715978519176,0.032469229764145964,0.0729763719397687,0.07180490333742795,0.0729763719397687,0.07180490333742795,0.11932395317331185,0.14543067324872166
0,4,0.872013197841299,0.24029569527224767,0.4113587451192397,0.12695769836336443,64,1024,False,0.08868479743557166,0.07397033636885568,0.014714461066716035,0.08602078519058808,0.08965551380456191,0.08662634103118362,0.09011965691261871,3.081487911019578e-35,0.07397033636885568,3.736831144930082e-12,0.07360064051036481,0.07360064051410167,5.0771720447380014e-11,0.041378363718473046,0.039326122740977736,0.0400593198886314,0.050329391063584174,0.05163904582737784,0.1216136362349894,0.015765817768371528,0.06829024431535002,0.06879014290461782,0.10459565325436415,0.032460774382343516,0.05139745501946891,0.07397033636885568,0.08868479743557166,3.081487911019578e-35,0.07397033636885568,0.08602078519058808,0.03785715978519176,0.036206465338144915,0.0729763719397687,0.07348906643531584,0.0729763719397687,0.07348906643531584,0.09449099209989283,0.09731439440299443
0,5,0.8446249177177283,0.22878176385957216,0.4009960390106294,0.31384569191017914,64,1024,False,0.0836790514734585,0.06308063231662876,0.020598419156830024,0.0833634875223948,0.08342504208699972,0.08344588544509876,0.08362646762881142,8.896771320354183e-35,0.06308063231662876,1.5178151324513642e-05,0.06328390932677452,0.06329908747809908,0.0002397846782509329,0.051783838827008544,0.05114464561185018,0.05215043582604764,0.03228039647514954,0.04915787884709209,0.11773389204310543,0.026211382578993782,0.0786891117054127,0.06641394720645621,0.10088597964204382,0.043061732038040645,0.06192915672727395,0.06308063231662876,0.0836790514734585,8.896771320354183e-35,0.06308063231662876,0.0833634875223948,0.03785715978519176,0.03642038293419185,0.0729763719397687,0.07325976252598028,0.0729763719397687,0.0732597625259803,0.07676152621852819,0.07456087245057265
0,6,0.6812622142768097,0.20806850811985228,0.37907079018324297,0.3241850546230793,64,1024,False,0.07704005040095614,0.061802656775521055,0.015237393625435865,0.07154464566022738,0.07790725604479162,0.07206025329832906,0.07909088875731445,7.355588680801506e-35,0.061802656775521055,1.0710281263138386e-05,0.061166444539953235,0.061177154821216176,0.00017506994717943422,0.06486561906875084,0.06438794325251383,0.06643579986176079,0.01351931279227779,0.038989118229860266,0.10513138836679786,0.03841870957520988,0.09435490673718133,0.05615924922312843,0.08828309935779544,0.05492094537476078,0.07725836929603247,0.061802656775521055,0.07704005040095614,7.355588680801506e-35,0.061802656775521055,0.07154464566022738,0.041861012808244474,0.03957630834076458,0.0729763719397687,0.07392456747845075,0.0729763719397687,0.07392456747845075,0.06739740527414215,0.06601499181211373
0,7,0.590308351071524,0.19995420703188915,0.3690950170779488,0.4037882425085996,64,1024,False,0.07863518744104167,0.061854241405817564,0.016780946035223968,0.0735877050514383,0.08102099263727491,0.07517207642121247,0.0826857919290881,5.505625973109545e-35,0.061854241405817564,8.926042967483353e-08,0.06135525287111027,0.06135534213154003,1.4548110494350702e-06,0.07048771038149201,0.06905837420235605,0.07091390522310274,0.011962618434918859,0.04322012072244184,0.1071240321199831,0.044521122560759144,0.0999160548008625,0.06008996124728583,0.09002227670134744,0.06098576392105315,0.08279832903645001,0.061854241405817564,0.07863518744104167,5.505625973109545e-35,0.061854241405817564,0.0735877050514383,0.06152006151733704,0.05343050766302679,0.0729763719397687,0.07159713873239164,0.0729763719397687,0.07159713873239164,0.05779539374735344,0.0562940465385073
0,8,0.5246571998994634,0.19226460567782994,0.36096688541812433,0.44096802017564535,64,1024,False,0.0860818188838451,0.07272013500309608,0.013361683880748534,0.08080187672339277,0.08777281072450661,0.08321787870699149,0.09034852829430084,1.5715802338415888e-34,0.07272013500309608,8.286941342030818e-08,0.07450344482847923,0.07450352769789263,1.1122884510427308e-06,0.08406914295671085,0.07937148677472593,0.08229032201052304,0.008401323949780687,0.0511661597414234,0.11526959767255958,0.058863187768304015,0.11434655865233193,0.06818281285086414,0.09828375336655881,0.07536152094689896,0.09723216751444852,0.07272013500309608,0.0860818188838451,1.5715802338415888e-34,0.07272013500309608,0.08080187672339277,0.0762386575368347,0.07049872079251095,0.0729763719397687,0.07081142812940533,0.0729763719397687,0.07081142812940533,0.05779539374735344,0.05434111577132402
0,9,0.4818255834737263,0.18911984679433308,0.3584330267744405,0.45219150197778857,64,1024,False,0.08795245324472743,0.0751421777975934,0.012810275447133533,0.08337949662378114,0.09070248386129286,0.0852703671051736,0.09263220879189123,1.782340311453501e-34,0.0751421777975934,1.0348378335252397e-05,0.07720960460508416,0.07721995298341944,0.0001340117150482387,0.08951791018739268,0.0855636401977376,0.08799081468374406,0.0051388436635552565,0.05298906491331372,0.11755166929703349,0.06349986216926926,0.11983268363628044,0.06991324097907636,0.10043283910636092,0.07998014100303408,0.102646868021111,0.0751421777975934,0.08795245324472743,1.782340311453501e-34,0.0751421777975934,0.08337949662378114,0.0762386575368347,0.07212360934756454,0.0729763719397687,0.07053886143858355,0.0729763719397687,0.07053886143858355,0.05779539374735344,0.05508894308184921
0,10,0.5177530055520747,0.18622992085404996,0.3578402968582486,0.452263009710107,64,1024,False,0.06934380093622536,0.05925583925688657,0.010087961679339352,0.06507828953003224,0.07174763161342738,0.06730156397102058,0.07425589539311826,7.611694564961802e-35,0.05925583925688657,6.39480036165053e-06,0.05990635970515418,0.05991275450551581,0.00010673520879534588,0.09302223921727368,0.0893691429148809,0.09231842937671147,-0.01762151130145352,0.037878111491906286,0.09672501645013487,0.0673172413193045,0.12384042225969191,0.05481166823301464,0.07987060453160666,0.08371179466485046,0.10658321897062706,0.05925583925688657,0.06934380093622536,7.611694564961802e-35,0.05925583925688657,0.06507828953003224,0.0762386575368347,0.07177583490669585,0.0729763719397687,0.07117485338066093,0.0729763719397687,0.07117485338066094,0.05635427162392846,0.053446265655227206
0,11,0.47385601563329033,0.17540652499457043,0.3467846094293205,0.41069882849985156,64,1024,False,0.057211532634116526,0.047234433757584515,0.009977098876532082,0.0513622509069432,0.0597355245462362,0.05453505622071662,0.0627216744107195,3.647134070666648e-35,0.047234433757584515,2.5036775563161027e-06,0.04770077331893551,0.047703276996491704,5.2484393399225665e-05,0.08885284121675774,0.08642583274251524,0.09004604951635421,-0.026690308196279038,0.026378978880463,0.08269113356097024,0.06464257027791162,0.12039707238431052,0.04312350397231057,0.06577693313010968,0.08098821980820503,0.10312522846652428,0.047234433757584515,0.057211532634116526,3.647134070666648e-35,0.047234433757584515,0.0513622509069432,0.0762386575368347,0.07494257385633382,0.0729763719397687,0.07199641094486224,0.0729763719397687,0.07199641094486225,0.05779539374735344,0.05806984874380247
1,0,0.966307371092636,0.4142076124673625,0.5755755905323103,0.6353743167489236,64,1024,False,0.01349497585968372,0.009120162418869364,0.0043748134408144205,0.010945826823079381,0.017477311104893794,0.010945826823079381,0.017477311104893794,6.440351676505261e-34,0.009120162418869366,1.3701368762984435e-06,0.009080050610749851,0.009081420747626159,0.0001508725247265513,-0.004986851857624008,-0.0026988802559188107,-0.0026988802559188107,0.020176191360812605,-0.013207832830321661,0.035099486476480424,-0.025356649895986662,0.015382946180738648,0.00335740592709044,0.018153941055061296,-0.00958541918953415,-0.00029058698419248685,0.009120162418869364,0.01349497585968372,6.440351676505261e-34,0.009120162418869366,0.010945826823079381,0.01828693316802445,0.01895430647211037,0.03148200734020169,0.03381494880636326,0.032319452655046634,0.03381494880636326,0.029767664341849256,0.030997032246111056
1,2,0.9838555287116615,0.5810918828942706,0.7214466455711469,0.767034522165235,64,1024,False,0.020698565965296824,0.015474519143466462,0.005224046821830356,0.02369842720730379,0.01964429456615323,0.02363816806717983,0.019628715637617537,2.1347894287331407e-33,0.015474519143466457,6.870300056358712e-06,0.015110887266288833,0.01511775756634523,0.00045445232377936795,0.008469974677905745,0.008766614416574873,0.008764746062198058,0.010877680149578359,-0.0027390246487445542,0.050015360783104215,-0.01164508372174247,0.028590060790410973,0.014622196045820601,0.03370694213663228,0.003907926031388342,0.012967705675691832,0.015474519143466462,0.020698565965296824,2.1347894287331407e-33,0.015474519143466457,0.02369842720730379,0.01828693316802445,0.018113881830845467,0.019331442004809334,0.018846221426754392,0.019331442004809334,0.018846221426754392,0.029767664341849256,0.03130270952627872
1,3,0.954444040898897,0.33862837563974457,0.5088760939934134,0.4013488190316125,64,1024,False,0.0678942480222489,0.05605775389172181,0.011836494130527148,0.07056085548344912,0.0632841264014854,0.06971999971777361,0.06253355380199772,5.2858003292571865e-34,0.05605775389172181,6.0120069627414904e-05,0.05524778628255902,0.05530790635218642,0.001087006787864756,0.03399138540584966,0.033420562963136904,0.03386033153813737,0.029863563438348492,0.035803558179976436,0.10363644125557078,0.008809174895014843,0.05997018162335718,0.053253887279424816,0.0869545031018788,0.02539058717957232,0.0430087081331294,0.05605775389172181,0.0678942480222489,5.2858003292571865e-34,0.05605775389172181,0.07056085548344912,0.02919739279301839,0.027277533233838015,0.06521362578344414,0.06444973582630058,0.06252999576258902,0.05449913604172894,0.05779539374735344,0.057240373671871014
1,4,0.8897148111335961,0.2721030864683319,0.44133842178331684,0.4797511024224947,64,1024,False,0.051091333082403066,0.04227486204324924,0.008816471039154143,0.04984275350808423,0.0483251730876898,0.0495065116533797,0.04785256403234886,9.8775460087202e-34,0.04227486204324924,4.105143634277927e-06,0.04150603902285336,0.041510144166487725,9.889495005878881e-05,0.030894243936767457,0.029545350446873595,0.030278193524155304,0.018779822640816204,0.01788368368293526,0.08112933962382414,0.005955553195156962,0.0571322015838434,0.034937218864797615,0.06424905706808204,0.02255612035514787,0.04020689919707365,0.04227486204324924,0.051091333082403066,9.8775460087202e-34,0.04227486204324924,0.04984275350808423,0.03785715978519176,0.036206465338144915,0.0729763719397687,0.07348906643531584,0.0729763719397687,0.07348906643531584,0.05635427162392846,0.058524777662543215
1,5,0.8558346950343473,0.24835295931053428,0.4179692048223774,0.4892540778626017,64,1024,False,0.04906157938069447,0.03282865548651314,0.016232923894181295,0.048897425827231056,0.04796283703445412,0.04916525629362647,0.04858500456205262,8.809719286867881e-35,0.03282865548651314,3.092901660674502e-05,0.03235081939920572,0.03238174841581243,0.0009551373264218797,0.042569879323702035,0.042618561709774926,0.04362408033280031,0.005344275324679196,0.019983581442286798,0.07834693114496613,0.017439514361376487,0.069033060916417,0.03709236466238508,0.06169169033091748,0.034248972398927435,0.05227581302460749,0.03282865548651314,0.04906157938069447,8.809719286867881e-35,0.03282865548651314,0.048897425827231056,0.03785715978519176,0.03642038293419185,0.0729763719397687,0.07325976252598028,0.0729763719397687,0.0732597625259803,0.043370332663008576,0.041527968274934414
1,6,0.7028013481179222,0.22060894564947342,0.38933904476298675,0.40843379976539507,64,1024,False,0.059891876782483915,0.046782152013459914,0.013109724769023603,0.05357433017346171,0.05681608093747793,0.05469999701511048,0.05850377164755694,1.3363708233230316e-33,0.04678215201345993,3.2852404730737936e-06,0.044927661257987146,0.044930946498460266,7.311754434521818e-05,0.0549484000351299,0.05402993795863434,0.056077794567881284,0.002786142978843588,0.02376110111419607,0.08563889291602489,0.028948038271252523,0.08399113997389679,0.04074527329794364,0.06874288660037564,0.04545779447653331,0.06691803105786676,0.046782152013459914,0.059891876782483915,1.3363708233230316e-33,0.04678215201345993,0.05357433017346171,0.041861012808244474,0.03957630834076458,0.0729763719397687,0.07392456747845075,0.0729763719397687,0.07392456747845075,0.05779539374735344,0.0579753167034826
1,7,0.6215242144393245,0.21056810227909728,0.37977804167595164,0.3808610065188799,64,1024,False,0.0819599275440167,0.06564225460450558,0.01631767293951106,0.08507783336755483,0.07768377272671116,0.08514961325968096,0.07865847416134507,1.7064787869129523e-35,0.06564225460450558,3.061479425887005e-05,0.06203409891923117,0.062064713713490316,0.0004932721417228684,0.060355508034898475,0.05902388028273062,0.06087941130347723,0.018659892443980544,0.050967230392495316,0.1193319961268666,0.03489149933972877,0.08928127332870583,0.06826245492266025,0.1025417241762625,0.05134788866416784,0.07218546391959535,0.06564225460450558,0.0819599275440167,1.7064787869129523e-35,0.06564225460450558,0.08507783336755483,0.06152006151733704,0.05343050766302679,0.0729763719397687,0.07159713873239164,0.0729763719397687,0.07159713873239164,0.062270174535536266,0.058401271662117865
1,8,0.551179852905598,0.2035275615528369,0.3734671812137244,0.41670425253523696,64,1024,False,0.07966181806676706,0.0667866385996645,0.012875179467102213,0.07849236816585603,0.07898838115356065,0.080434062973415,0.08139792649833356,5.167354781708506e-34,0.06678663859966448,1.2208590375984967e-05,0.06633640466129515,0.06634861325167093,0.00018400671510157755,0.07205793525523801,0.06868902273180416,0.07160785796760134,0.010299358421756485,0.048211490547900304,0.1126566353989297,0.04748921397501332,0.10169811704267703,0.06543347948172595,0.09585714508284582,0.06395455586607568,0.08460335394920548,0.0667866385996645,0.07966181806676706,5.167354781708506e-34,0.06678663859966448,0.07849236816585603,0.0762386575368347,0.06001098649426297,0.0729763719397687,0.07081142812940533,0.0729763719397687,0.07081142812940533,0.05779539374735344,0.05434111577132402
1,9,0.5085639538532949,0.19847035644160074,0.3687000883281578,0.3896177767920223,64,1024,False,0.0981714265849452,0.08520833439723396,0.012963092187711652,0.09695675228215582,0.10018695356972031,0.09827203376083923,0.10123553672838678,3.3017252758956028e-34,0.08520833439723396,1.6825755208429425e-05,0.0862737285711357,0.0862905543263441,0.00019498953668550722,0.07700042808901109,0.07380118114277447,0.07622835562878102,0.02638577242694584,0.06312903535113464,0.13341503217054385,0.05170779789441496,0.10658978371437186,0.08036922788596712,0.11642850674979854,0.06811502957862103,0.08939331197325373,0.08520833439723396,0.0981714265849452,3.3017252758956028e-34,0.08520833439723396,0.09695675228215582,0.0762386575368347,0.07212360934756454,0.0729763719397687,0.07053886143858355,0.0729763719397687,0.07053886143858355,0.062270174535536266,0.05688314051026722
1,10,0.5410870971337364,0.19525469583456934,0.3665392410324795,0.4470308439679513,64,1024,False,0.08918562954548562,0.07980422206242758,0.009381407483058211,0.08726973515186469,0.09225215884487514,0.08893724267309391,0.09390537870205455,4.294909372869954e-34,0.07980422206242758,2.5718813382801198e-08,0.08059968559758582,0.08059971131639912,3.1909312034432003e-07,0.08038247394443371,0.07694859967181737,0.07989788613364797,0.01530355917305777,0.05497607335485563,0.1228984119913322,0.05542690924652221,0.11045122378679412,0.0721708393029985,0.10596964382420992,0.07175965885835467,0.0931796585500706,0.07980422206242758,0.08918562954548562,4.294909372869954e-34,0.07980422206242758,0.08726973515186469,0.0762386575368347,0.07177583490669585,0.0729763719397687,0.07117485338066093,0.0729763719397687,0.07117485338066094,0.05779539374735344,0.05602041112016813
1,11,0.48639069212173364,0.19626848118863474,0.36786455771172,0.3932474834837747,64,1024,False,0.08609612431676834,0.07654006226696125,0.009556062049807294,0.0833733303927644,0.09089907956632595,0.08450984367397904,0.0912903439487781,1.2274647010281994e-34,0.07654006226696125,7.495494671584881e-06,0.07620900162379418,0.07621649711846581,9.834478039491092e-05,0.07350950849149417,0.0719059945968465,0.07552621137068558,0.01899308496947945,0.050487658248875376,0.1185320290990827,0.050202856784011124,0.1041501204276836,0.06776324869861128,0.10174924379680306,0.06647851103480207,0.08686225657584146,0.07654006226696125,0.08609612431676834,1.2274647010281994e-34,0.07654006226696125,0.0833733303927644,0.0762386575368347,0.07494257385633382,0.0729763719397687,0.07199641094486224,0.0729763719397687,0.07199641094486225,0.062270174535536266,0.05806984874380247
2,0,0.9589660133372904,0.341959042103236,0.5050693778317084,0.2672040343681588,64,1024,False,0.12945359165733092,0.11869701310769182,0.01075657854963851,0.11857274708983861,0.13355353145490995,0.1161350594814201,0.13144855266991867,2.2011274436909105e-33,0.1186970131076918,3.672429263385226e-05,0.11541089718325503,0.11544762147588883,0.00031810350152187505,-0.0035818244023581567,-0.0017733708697107767,-0.0017733708697107767,0.13532690232462072,0.07134576204465592,0.16092435691818427,-0.02440659842840498,0.017242949623688664,0.0887666497801547,0.14332902805472258,-0.008408841240452603,0.001348243109532632,0.11869701310769182,0.12945359165733092,2.2011274436909105e-33,0.1186970131076918,0.11857274708983861,0.02919739279301839,0.021072360584216545,0.06521362578344414,0.04429572403683295,0.06610816912372919,0.054030888686147825,0.08032454613673749,0.07665089955016716
2,1,0.9838555287116615,0.5810918828942706,0.7214466455711469,0.767034522165235,64,1024,False,0.06472475913507619,0.06096547905560082,0.0037592800794752144,0.05619171134383337,0.06637852302906981,0.05576766766860817,0.0659841502506158,1.1053333301511735e-33,0.060965479055600826,3.438949807566039e-05,0.059009283119209714,0.05904367261728523,0.0005824417173126991,0.0039174782669649695,0.004508008194703071,0.004509759664774728,0.06187051483436674,0.019834641846518418,0.09170069349069793,-0.015452134534550976,0.023292493628210464,0.03667263972602086,0.0741369590832619,-0.0002838241562130861,0.008167637635779101,0.06096547905560082,0.06472475913507619,1.1053333301511735e-33,0.060965479055600826,0.05619171134383337,0.01828693316802445,0.013288569816634285,0.019331442004809334,0.015235856522695553,0.019331442004809334,0.015235856522695553,0.029767664341849256,0.02895889675334789
2,3,0.9759741397509264,0.4618233517973007,0.6309592350537243,0.7089079176511667,64,1024,False,0.023789438706043692,0.017665308674561123,0.006124130031482663,0.021730139722528415,0.020595544111393846,0.02095005356353021,0.01947022173271003,6.194019149877039e-33,0.017665308674561127,1.014801063960444e-05,0.017931207941714725,0.017941355952354403,0.0005656211641167924,0.0271430255740642,0.02631496849928496,0.02675473530891628,-0.005719424387891116,-0.005057878079738804,0.046957985206799224,0.0032936242959861403,0.05178681438964842,0.011993437838100363,0.030437710127444007,0.019896976657037158,0.034942999001941644,0.017665308674561123,0.023789438706043692,6.194019149877039e-33,0.017665308674561127,0.021730139722528415,0.01828693316802445,0.017973914390342273,0.020317439753248994,0.02044320454107284,0.020317439753248994,0.02044320454107284,0.029767664341849256,0.03015480603983117
2,4,0.9067511516040648,0.3479895061098014,0.5194758047957492,0.7584204342333908,64,1024,False,0.029948918600286485,0.026006169368394443,0.0039427492318919325,0.030477334449714694,0.028604510538850762,0.027911239242761298,0.02557830427364574,4.726798629255702e-33,0.02600616936839445,1.8212332050558496e-07,0.025589764233877127,0.025589946357197735,7.1169871934631375e-06,0.02495592128225326,0.023603452939511126,0.024328892818206438,0.005001057599339637,-0.0008521203032449409,0.05667459878876754,0.0012352870622554628,0.04997014319534662,0.016069785138824955,0.039828972112445626,0.017823420486820396,0.03313311164674815,0.026006169368394443,0.029948918600286485,4.726798629255702e-33,0.02600616936839445,0.030477334449714694,0.03785715978519176,0.036206465338144915,0.04611148641272484,0.05765880615732531,0.04611148641272484,0.05765880615732531,0.029767664341849256,0.029836766840827186
2,5,0.8670611245560549,0.3016508439735479,0.4723654153219169,0.6412663322077757,64,1024,False,0.03491097795018783,0.02223906349302837,0.012671914457159367,0.03568146683272788,0.03580856454591237,0.035854227383030984,0.03606820254831479,2.180773809453416e-33,0.02223906349302837,7.869839449415411e-06,0.023067428294068843,0.02307529813351824,0.00034105039093661817,0.03829620657882474,0.03748793209020469,0.038485828628182506,-0.0016793675442923206,0.008123364476291042,0.06358509028977093,0.013741605193500872,0.0641825486762672,0.02503164827794535,0.04676995440968312,0.030601470309193246,0.047509610310953576,0.02223906349302837,0.03491097795018783,2.180773809453416e-33,0.02223906349302837,0.03568146683272788,0.03785715978519176,0.03642038293419185,0.06745418382216486,0.07325976252598028,0.06745418382216486,0.0732597625259803,0.029767664341849256,0.029325956045224602
2,6,0.6981323620633418,0.25409775866260026,0.42342311321408305,0.5082223671129482,64,1024,False,0.04313522426622387,0.032050959533083616,0.01108426473314022,0.03976299428074148,0.040891611445601536,0.04075266187553625,0.04229507496021108,3.674282990275952e-33,0.032050959533083616,3.941666500123571e-06,0.03180330956942338,0.031807251235923456,0.00012392351891356805,0.05174909922574248,0.04976028694267781,0.05180730114751268,-0.008868675497076275,0.012172204159115713,0.06933311959195679,0.025973611440117422,0.0805669651862571,0.029082251581712626,0.052482125560345594,0.04250571969896555,0.06353319608024321,0.032050959533083616,0.04313522426622387,3.674282990275952e-33,0.032050959533083616,0.03976299428074148,0.041861012808244474,0.03957630834076458,0.0729763719397687,0.07392456747845075,0.0729763719397687,0.07392456747845075,0.043370332663008576,0.04457277879043094
2,7,0.6061940449626414,0.23655439050485144,0.40539631715304214,0.4285331655086091,64,1024,False,0.06975998178163727,0.05459689218245494,0.015163089599182467,0.07527362137956839,0.06646051684115702,0.07503684359027339,0.06660793080983758,1.6530154210404164e-33,0.05459689218245495,6.0487285806380324e-05,0.0537280622057094,0.05378854949151583,0.001124538333496446,0.057600003543862036,0.05516108376780797,0.05701661478855457,0.011299433073349047,0.042404693942625374,0.10766899323792141,0.03225858916596701,0.0864031745203947,0.05984081530914409,0.09112749603809789,0.04873381322977366,0.06932698530727066,0.05459689218245494,0.06975998178163727,1.6530154210404164e-33,0.05459689218245495,0.07527362137956839,0.06152006151733704,0.05343050766302679,0.0729763719397687,0.07159713873239164,0.0729763719397687,0.07159713873239164,0.05779539374735344,0.0562940465385073
2,8,0.5341156486789864,0.22504759130491134,0.39405801581087696,0.4212492329600897,64,1024,False,0.08394397554008579,0.07139256610737711,0.01255140943270853,0.0890801180624297,0.0818702606650929,0.08893765543248056,0.08175633434959866,3.2243410897418004e-33,0.07139256610737713,5.070212714992127e-05,0.07224621035469138,0.07229691248184118,0.0007013041831164799,0.06941758116800746,0.06524328717018656,0.06816212240598377,0.01662697349490634,0.05514758665852569,0.12272772420643542,0.0449487919172753,0.09895783092595387,0.07291799051745329,0.10643996232101927,0.06139420399267692,0.08184361368330428,0.07139256610737711,0.08394397554008579,3.2243410897418004e-33,0.07139256610737713,0.0890801180624297,0.0762386575368347,0.07049872079251095,0.0729763719397687,0.07081142812940533,0.0729763719397687,0.07081142812940533,0.05779539374735344,0.05434111577132402
2,9,0.49071612968522543,0.2178408824531644,0.3873042576102208,0.38332016957162196,64,1024,False,0.08024169157418613,0.06738781304133966,0.012853878532846601,0.08439602570333916,0.0785062943161479,0.08543355095881837,0.07974906354563494,3.7015325825232935e-33,0.06738781304133966,3.635120681176551e-05,0.06673280806422506,0.06676915927103688,0.0005444310997567695,0.07429794494272168,0.07013595958798723,0.07256313407399387,0.008370334728160678,0.05294535797807984,0.1179217439395569,0.049156054936355276,0.10373656037985252,0.0704421880072914,0.10140513782243943,0.06553947173961205,0.08651567010383587,0.06738781304133966,0.08024169157418613,3.7015325825232935e-33,0.06738781304133966,0.08439602570333916,0.0762386575368347,0.07212360934756454,0.0729763719397687,0.07053886143858355,0.0729763719397687,0.07053886143858355,0.062270174535536266,0.05688314051026722
2,10,0.5206944771763995,0.21135633991619096,0.3807761512139728,0.44776659836946003,64,1024,False,0.06704035024750893,0.05788801632180264,0.009152333925706312,0.06737067014091913,0.06720773671200504,0.06961994722520791,0.06965874220093675,2.7363369554696425e-33,0.05788801632180265,2.448184030760007e-06,0.05708595542579278,0.05708840360982329,4.288408636353503e-05,0.07706637325692574,0.07294973468386544,0.07589902114569604,-0.005741997971860396,0.03986054056593397,0.09937935388448185,0.052358447207196505,0.10688748445110391,0.05697920695092762,0.08268210537789855,0.06868427203880856,0.08961658024054486,0.05788801632180264,0.06704035024750893,2.7363369554696425e-33,0.05788801632180265,0.06737067014091913,0.0762386575368347,0.07177583490669585,0.0729763719397687,0.07117485338066093,0.0729763719397687,0.07117485338066094,0.05779539374735344,0.05602041112016813
2,11,0.4793087560442283,0.20304826085489383,0.3745449514740912,0.37824574948922024,64,1024,False,0.06076655824091251,0.051178085882156374,0.009588472358755743,0.05979034272225592,0.06080670639036281,0.06330567838091049,0.0641434226860768,1.2272523993506631e-33,0.051178085882156374,2.286835858671314e-07,0.05048387087028548,0.05048409955387131,4.529814097666621e-06,0.07102724766873476,0.06852669591879466,0.07214691269263371,-0.007719989528431857,0.03461198935874504,0.09199936740307593,0.048014908718147696,0.10137354684802824,0.05158962583664106,0.07528051261760993,0.06429485753324116,0.0841013911049231,0.051178085882156374,0.06076655824091251,1.2272523993506631e-33,0.051178085882156374,0.05979034272225592,0.0762386575368347,0.07494257385633382,0.0729763719397687,0.07199641094486224,0.0729763719397687,0.07199641094486225,0.062270174535536266,0.060681027832188345
3,0,0.9282360632175386,0.27199607688097227,0.44086202544392383,-0.04505550076216873,64,1024,False,0.13076849534168064,0.11423689805070364,0.016531597290976814,0.12057091562690986,0.1367008001990994,0.11650989927063644,0.13199713236925936,1.8488290839274733e-33,0.11423689805070367,2.5609909784758832e-05,0.11252898758399177,0.11255459749377666,0.00022753321814486386,-0.013628604831374055,-0.012515407233197145,-0.012553935375164036,0.14921620743229652,0.07226470413721509,0.1607550944040578,-0.03639936252660492,0.009102135073264005,0.08963609448983334,0.14315267866913928,-0.0197383393679047,-0.007345098732912447,0.11423689805070364,0.13076849534168064,1.8488290839274733e-33,0.11423689805070367,0.12057091562690986,0.03785715978519176,0.03177214887437645,0.0729763719397687,0.0751637142123748,0.0729763719397687,0.0751637142123748,0.11932395317331185,0.11890829902211249
3,1,0.954444040898897,0.33862837563974457,0.5088760939934134,0.4013488190316125,64,1024,False,0.06274052812865118,0.052527002933809075,0.010213525194842676,0.05449913604172894,0.06506407686210262,0.054065747889830144,0.06445067361898105,1.1613932989723971e-33,0.05252700293380907,2.188237560927915e-05,0.05171121911887672,0.051733101494485914,0.00042298596019052774,-0.005232237946329363,-0.001953484161190133,-0.001974075887287289,0.06701756102329276,0.019499357533457794,0.0886321382462025,-0.02668843026394961,0.016195706332700302,0.03629427161649801,0.07113961236609612,-0.010395003570010886,7.963492680573836e-05,0.052527002933809075,0.06274052812865118,1.1613932989723971e-33,0.05252700293380907,0.05449913604172894,0.02919739279301839,0.026897234315862883,0.06521362578344414,0.06674426717511775,0.06252999576258902,0.06674426717511775,0.05779539374735344,0.06026552183250662
3,2,0.9759741397509264,0.4618233517973007,0.6309592350537243,0.7089079176511667,64,1024,False,0.013318191121229556,0.008171872859313941,0.005146318261915583,0.014605952500534952,0.01320212625439589,0.014604837207789177,0.013190920265257538,4.681269970371066e-33,0.008171872859313938,6.234670436932521e-07,0.008389338959453636,0.008389962426497328,7.43110650560493e-05,-0.008276752303474424,-0.007292035302074301,-0.007440902833670926,0.02049416155647019,-0.00900414433310653,0.03821381874868489,-0.030082625341850893,0.013334577290165104,0.007973771396791562,0.021787591074826196,-0.013754694293311331,-0.0029214697860879824,0.008171872859313941,0.013318191121229556,4.681269970371066e-33,0.008171872859313938,0.014605952500534952,0.01828693316802445,0.018113881830845467,0.020317439753248994,0.021730139722528415,0.020317439753248994,0.021133366503636713,0.029767664341849256,0.03130270952627872
3,4,0.9406512669162845,0.5469102575742707,0.7003633413480419,0.8707588914952005,64,1024,False,0.013923059811840695,0.01259933412746852,0.0013237256843720861,0.014284024455185888,0.016168079361562497,0.013843574978449767,0.01571347796123305,9.775314557759505e-34,0.01259933412746852,9.005033237202467e-06,0.012487558238684924,0.012496563271922171,0.000720600779690795,0.0028174416613001257,0.0024962632494577954,0.0026270947543366985,0.013671816112104702,-0.010994999467179065,0.0386821494240786,-0.017361208913922507,0.023193319669819207,0.005600498006970156,0.02172070498636458,-0.0017113141802838072,0.007492440789064858,0.01259933412746852,0.013923059811840695,9.775314557759505e-34,0.01259933412746852,0.014284024455185888,0.02919739279301839,0.030553153551003163,0.019331442004809334,0.019892266176989717,0.019331442004809334,0.019892266176989717,0.018991385073014757,0.01951442514166241
3,5,0.8926434337876622,0.4085602577619564,0.57012019746051,0.36290039859054113,64,1024,False,0.0513229092494379,0.03314764748594216,0.018175261763495872,0.05472358344038281,0.05508983969144845,0.05425726999218441,0.055243272069237535,8.887434893466279e-34,0.03314764748594216,1.02554995977854e-05,0.03398271321587407,0.03399296871547189,0.00030169473233203115,0.01686404037995287,0.01695911691372469,0.017480397882027543,0.03813072277772376,0.024735110664114244,0.08377942932025458,-0.0059214478980814216,0.040288337264644314,0.04204468309762888,0.06734734845667845,0.01072406842286,0.023658981481275987,0.03314764748594216,0.0513229092494379,8.887434893466279e-34,0.03314764748594216,0.05472358344038281,0.03785715978519176,0.03642038293419185,0.033715194846454875,0.0332256467528495,0.032319452655046634,0.03322564675284951,0.062270174535536266,0.06295622827145932
3,6,0.7271707642118127,0.3063342419569656,0.474288440927721,0.21359877074034797,64,1024,False,0.09129554315787414,0.07512954279469468,0.016166000363179694,0.09349071513850937,0.0948216780893779,0.09398232329773515,0.09512075037750935,5.103408825239719e-34,0.07512954279469469,4.525899140192998e-06,0.0773106750936537,0.07731520099279407,5.8538283313973675e-05,0.028082018465278018,0.026107169530024038,0.028015181222096723,0.06871450855935386,0.05872350706587642,0.12924113952959387,0.004324293303369434,0.054727585369658396,0.07627794480504235,0.11261427581484895,0.02082938456442207,0.03779768627282465,0.07512954279469468,0.09129554315787414,5.103408825239719e-34,0.07512954279469469,0.09349071513850937,0.041861012808244474,0.03957630834076458,0.06745418382216486,0.06407256877400254,0.06745418382216486,0.06435303659425955,0.08179602948271356,0.07951563106808553
3,7,0.6388809311536977,0.2759970345509497,0.4462465604241206,0.14551234744386893,64,1024,False,0.1405519913969043,0.1200856745325463,0.020466316864356918,0.15293936395934252,0.14415392837120133,0.14683446811777584,0.13775130098838867,1.630336338740987e-33,0.1200856745325463,6.478035640505026e-05,0.12270200629454309,0.12276678665094776,0.0005276700496302365,0.033250897166471435,0.03025973278290178,0.032055454563870656,0.11389419558829955,0.10524211557620568,0.18842682065934602,0.009916739193024746,0.059986653833012896,0.12315773709269706,0.17172039389697602,0.026432463033415843,0.04303862788947299,0.1200856745325463,0.1405519913969043,1.630336338740987e-33,0.1200856745325463,0.15293936395934252,0.06152006151733704,0.05343050766302679,0.0729763719397687,0.06804994345524906,0.0729763719397687,0.06804994345524906,0.09449099209989283,0.07896481285515213
3,8,0.5589108808807404,0.25247411060088343,0.42313953221131184,0.10976677478419493,64,1024,False,0.15447795755434782,0.13642216792233877,0.01805578963200882,0.16476797818774563,0.15609506254584524,0.16169821002787824,0.15277173576651049,1.5236212399477766e-33,0.13642216792233877,3.612285933856116e-05,0.14026239234271626,0.1402985152020545,0.0002574714300186135,0.042837161032902395,0.038309873271599834,0.04120456024417384,0.1177851892742454,0.12044454778142415,0.2029518722743323,0.020277557306447924,0.07045615177069797,0.138310516551428,0.18624375082436018,0.03679496414406458,0.05348734029394109,0.13642216792233877,0.15447795755434782,1.5236212399477766e-33,0.13642216792233877,0.16476797818774563,0.0762386575368347,0.06001098649426297,0.0729763719397687,0.07081142812940533,0.0729763719397687,0.07081142812940533,0.11524892384333008,0.09099878037712802
3,9,0.5159001686019578,0.23990220695721712,0.41076352701062524,0.055468772547275044,64,1024,False,0.15608245274699195,0.1375654323887462,0.018517020358246504,0.16367380121616784,0.1575308591498679,0.16238663681802504,0.15641541445737972,6.666339012226364e-35,0.1375654323887462,3.153862615410564e-05,0.13789995682852133,0.13793149545467534,0.00022865427544406866,0.04639046843250565,0.04175013707440544,0.044167741436326804,0.11578072207546244,0.12232431098907325,0.20244896264697682,0.023413385000837346,0.07366399444641647,0.139969468160416,0.18559693352290196,0.0398294586702832,0.05658236800809391,0.1375654323887462,0.15608245274699195,6.666339012226364e-35,0.1375654323887462,0.16367380121616784,0.0762386575368347,0.07212360934756454,0.0729763719397687,0.07053886143858355,0.0729763719397687,0.07053886143858355,0.11932395317331185,0.11105230828987832
3,10,0.5475014575239174,0.23370938729664137,0.4055482722699453,0.10938140295880133,64,1024,False,0.14604918409811757,0.13186759142829008,0.014181592669827481,0.14895235985926125,0.14813078108548466,0.15074936157153657,0.1498212755111996,1.0491611224126354e-33,0.13186759142829008,3.051191850788142e-06,0.13210081570272753,0.1321038668945782,2.3096915499249242e-05,0.04680116698446363,0.042731099602864406,0.04566857016539078,0.10539968148262026,0.1135274913935935,0.18797123174947963,0.024507000930072763,0.0742040272430241,0.13075607405335177,0.17093245148134883,0.0409082713740645,0.05715402209898457,0.13186759142829008,0.14604918409811757,1.0491611224126354e-33,0.13186759142829008,0.14895235985926125,0.0762386575368347,0.07177583490669585,0.0729763719397687,0.07117485338066093,0.0729763719397687,0.07117485338066094,0.11524892384333008,0.10584231076875959
3,11,0.4957237559234518,0.2215872039177339,0.39470750743449934,0.0885514147056684,64,1024,False,0.12607317306983562,0.11250374127736781,0.013569431792467907,0.1291883113535237,0.12650534697100219,0.13262310569201782,0.1297702325492901,1.1787993188292292e-33,0.11250374127736783,1.0973955654955653e-06,0.1131396492403551,0.11314074663592068,9.69938415756536e-06,0.041892792563184185,0.03939448167265402,0.042991515916944376,0.08711086529834816,0.09797637632817145,0.16726983505586418,0.021321256899009634,0.06978535689422335,0.11483622460946208,0.15009727965662023,0.03775358687562402,0.05278913593792822,0.11250374127736781,0.12607317306983562,1.1787993188292292e-33,0.11250374127736783,0.1291883113535237,0.0762386575368347,0.07494257385633382,0.0729763719397687,0.07199641094486224,0.0729763719397687,0.07199641094486225,0.11524892384333008,0.11246104634129135
4,0,0.872013197841299,0.24029569527224767,0.4113587451192397,0.12695769836336443,64,1024,False,0.08163713438326806,0.06829785455051977,0.013339279832748335,0.07952227259424635,0.08581207120199415,0.07355173455242313,0.07966393042151455,6.452096639282783e-34,0.06829785455051977,1.0418306686110282e-06,0.06849029962964001,0.06849134146030879,1.5211129558833014e-05,-0.010598078335036171,-0.009214967671100215,-0.009228338313795709,0.09502703887309435,0.036320683735504705,0.11078278536934155,-0.03347732506033054,0.01225817728381876,0.05376684051589109,0.0938506161182886,-0.01674244288005866,-0.004170733540377114,0.06829785455051977,0.08163713438326806,6.452096639282783e-34,0.06829785455051977,0.07952227259424635,0.03785715978519176,0.03347873708804875,0.0729763719397687,0.0751637142123748,0.0729763719397687,0.0751637142123748,0.09449099209989283,0.09948056526844166
4,1,0.8897148111335961,0.2721030864683319,0.44133842178331684,0.4797511024224947,64,1024,False,0.0703576483766728,0.061185220373387805,0.009172428003284803,0.06445623796441058,0.07200902577680016,0.06202591970066225,0.0694263441900973,2.8042395959142328e-36,0.061185220373387805,2.9814653425811705e-05,0.060999157946104096,0.06102897259953,0.0004885327764151369,-0.0036657471284511516,-4.1256931158649237e-05,-4.160166002478984e-05,0.07205028270795881,0.026267764957005835,0.09778407444431866,-0.025437450238594693,0.018105369009382553,0.04337593955278862,0.08058165598049527,-0.008942742191720754,0.001953570928890258,0.061185220373387805,0.0703576483766728,2.8042395959142328e-36,0.061185220373387805,0.06445623796441058,0.03785715978519176,0.03608866254072256,0.0729763719397687,0.07731283782996703,0.0729763719397687,0.07731283782996703,0.05635427162392846,0.04984275350808423
4,2,0.9067511516040648,0.3479895061098014,0.5194758047957492,0.7584204342333908,64,1024,False,0.01621652130627934,0.011263520574883112,0.004953000731396014,0.018255818127405433,0.015469868352746701,0.017995976473456847,0.015315542782105188,4.6724328488459535e-34,0.011263520574883109,2.491076679274949e-07,0.011906506950581203,0.01190675605824914,2.0921539561979197e-05,-0.007174520399112384,-0.004521541506806406,-0.0046048300861019,0.019991409859553107,-0.006802135030775511,0.0427940879776892,-0.029350018638550766,0.014930820825806525,0.010308499629900325,0.026375312176242005,-0.012793176523700822,-0.001370233905618079,0.011263520574883112,0.01621652130627934,4.6724328488459535e-34,0.011263520574883109,0.018255818127405433,0.03785715978519176,0.03837712589431079,0.04611148641272484,0.05539670917449798,0.04611148641272484,0.05539670917449798,0.029767664341849256,0.03130270952627872
4,3,0.9406512669162845,0.5469102575742707,0.7003633413480419,0.8707588914952005,64,1024,False,0.007462885299790612,0.004167185938559719,0.003295699361230891,0.00703252569439144,0.006832922686569333,0.007090651117344028,0.006878684230775346,1.7150888974705785e-33,0.004167185938559716,2.747303595420599e-06,0.004284184361865423,0.004286931665460837,0.0006408554672226782,0.00585585607697176,0.007338676168890705,0.007496442590087007,-0.0005057534823213724,-0.014241226700769216,0.02842252893545727,-0.014082121441972618,0.026240594932542365,0.0020436526319826953,0.01238453132827999,0.0015227069525280967,0.010625673363392707,0.004167185938559719,0.007462885299790612,1.7150888974705785e-33,0.004167185938559716,0.00703252569439144,0.02919739279301839,0.027277533233838015,0.019331442004809334,0.02044320454107284,0.019331442004809334,0.02044320454107284,0.018991385073014757,0.021419455979076667
4,5,0.9713900887781952,0.6489281338763528,0.7787207509632684,0.5722308011049567,64,1024,False,0.03478942558906122,0.02060832797735878,0.0141810976117025,0.035376085712288716,0.037693453276838096,0.03553156297743501,0.03817851647146534,1.5000588191797434e-35,0.02060832797735878,1.5606957324395056e-05,0.021145371445319534,0.021160978402643926,0.0007375347693018329,0.017291017694832822,0.018105994930601364,0.018524156651791964,0.019587458346236732,0.009086711082802273,0.061976414872067745,-0.005446233785913468,0.04044354585150453,0.026190919743385166,0.04548822846118128,0.011227420669456478,0.023913317447295412,0.02060832797735878,0.03478942558906122,1.5000588191797434e-35,0.02060832797735878,0.035376085712288716,0.01828693316802445,0.01673337384581861,0.013584827518767564,0.010879693384598968,0.013584827518767564,0.010879693384598968,0.029767664341849256,0.029325956045224602
4,6,0.8147278048193365,0.43067617539057895,0.5909841356409963,0.39677840618272275,64,1024,False,0.06012876887252459,0.047020419996811766,0.013108348875713119,0.05805815228640358,0.06536315123954473,0.05899200540056438,0.06662699091136894,5.6645933006803486e-36,0.047020419996811766,6.208126024913864e-06,0.04973735114819657,0.04974355927422154,0.0001248026099356964,0.03185713790534155,0.031150286216378494,0.0330131201228294,0.03421286502316623,0.02821504229518829,0.08976896850594047,0.007298601261538695,0.059268317945215254,0.04540075236582197,0.07302408732357435,0.023906855632958468,0.042355666708317585,0.047020419996811766,0.06012876887252459,5.6645933006803486e-36,0.047020419996811766,0.05805815228640358,0.03785715978519176,0.03957630834076458,0.03148200734020169,0.02852910234617925,0.032319452655046634,0.02957616403330132,0.05779539374735344,0.0579753167034826
4,7,0.7268976784221708,0.3740441592322497,0.5371305438793541,0.33948017525651836,64,1024,False,0.09192475875507722,0.07502299271039958,0.016901766044677868,0.0970617941872452,0.09727015140520598,0.09710151544930748,0.0966998612656331,3.078920539407601e-35,0.07502299271039958,6.545386895076194e-05,0.07830130863306009,0.07836676250201083,0.0008352248690774032,0.038329662265711203,0.03627689207275357,0.03804913817472371,0.06099325933245241,0.061847603014092964,0.13235542788452198,0.01406036800598004,0.06599379884737504,0.07929862689343281,0.11556872725486755,0.030627574640675448,0.04901618240546668,0.07502299271039958,0.09192475875507722,3.078920539407601e-35,0.07502299271039958,0.0970617941872452,0.041861012808244474,0.03906632322149041,0.04611148641272484,0.03218614672693149,0.04611148641272484,0.030729240940260215,0.06739740527414215,0.058401271662117865
4,8,0.6383494344081855,0.3360130097021456,0.502587872549748,0.30451598952941583,64,1024,False,0.10774548138194358,0.09307244019992218,0.014673041182020759,0.11265023259481323,0.11029834669896604,0.1135829983718219,0.11088717873480745,9.258159234885485e-37,0.09307244019992218,3.6680197721996946e-05,0.09728213971976568,0.09731881991748785,0.00037690754730787323,0.04835679012394013,0.04548402727361106,0.048371602096000346,0.06481431942535498,0.07741236007589403,0.14975363666774977,0.024976076488882556,0.07679074220548542,0.09503713279991644,0.13312739680986851,0.04155829613591777,0.05979458191723097,0.09307244019992218,0.10774548138194358,9.258159234885485e-37,0.09307244019992218,0.11265023259481323,0.06152006151733704,0.06001098649426297,0.06521362578344414,0.05843696766753428,0.06610816912372919,0.05843696766753428,0.08032454613673749,0.07142261578923172
4,9,0.5966634691124606,0.31299312585758354,0.47954238602222077,0.2547685172450817,64,1024,False,0.11610482465877597,0.10099440401344202,0.015110420645334218,0.11882697540653298,0.11869136444893906,0.12022682647736038,0.12015753745818145,9.71773105798165e-35,0.10099440401344202,3.3165783285058e-05,0.10256622697685172,0.10259939276013672,0.0003232551615836075,0.05169872598717303,0.0484387931480868,0.05085513757242256,0.07025257130085226,0.08449557512533429,0.15595807782938648,0.027944506629830473,0.07974962118846307,0.10183512003277428,0.13907189792371355,0.04442096807906637,0.06264770397683606,0.10099440401344202,0.11610482465877597,9.71773105798165e-35,0.10099440401344202,0.11882697540653298,0.06152006151733704,0.05879116085594677,0.06745418382216486,0.06212362567646226,0.06745418382216486,0.06212362567646226,0.08179602948271356,0.0767192710937584
4,10,0.6256155123273893,0.29876460950058403,0.46487728861682925,0.315743560225793,64,1024,False,0.11018169966352928,0.09901597860048528,0.011165721063043954,0.1076972913258431,0.11213412086571753,0.11000948605027984,0.11466963191306646,3.5447596595311245e-36,0.09901597860048528,3.4600858891659563e-06,0.09978463134264148,0.09978809142853093,3.467433678340365e-05,0.05206244695114971,0.04917392022302326,0.05210387004678531,0.06296020064269427,0.07593636350292272,0.14408260859763694,0.029016652626095353,0.08021811686242836,0.09304036231333157,0.12711208007385721,0.045521488413214684,0.06318585905682994,0.09901597860048528,0.11018169966352928,3.5447596595311245e-36,0.09901597860048528,0.1076972913258431,0.06152006151733704,0.059321145812170094,0.0729763719397687,0.0662138558222146,0.0729763719397687,0.0662138558222146,0.07676152621852819,0.06567230178381632
4,11,0.5426743085904733,0.26503941624767957,0.4343403002961182,0.2720369503309753,64,1024,False,0.0972193345035559,0.08613376275127772,0.01108557175227856,0.0950654790432119,0.09727968921870585,0.09868217541319935,0.1008527756346715,1.6183161338253854e-36,0.08613376275127772,2.4465277998258087e-08,0.0859612368336597,0.08596126129893773,2.846081784814437e-07,0.047259486742928854,0.045817798619779526,0.04941678327373675,0.05146189059892632,0.06641941592812597,0.13094493489827272,0.02601121501894725,0.07584115092150205,0.08318713457265403,0.11381740753859049,0.042459090473130345,0.05880529721616767,0.08613376275127772,0.0972193345035559,1.6183161338253854e-36,0.08613376275127772,0.0950654790432119,0.0762386575368347,0.07494257385633382,0.0729763719397687,0.07199641094486224,0.0729763719397687,0.07199641094486225,0.08032454613673749,0.07709212538470302
5,0,0.8446249177177283,0.22878176385957216,0.4009960390106294,0.31384569191017914,64,1024,False,0.06291699696718507,0.05438958541268649,0.008527411554498932,0.05721343820336184,0.06694083178480095,0.05721343820336184,0.06694083178480095,5.5943490718109275e-34,0.05438958541268649,6.8212138486559765e-06,0.05276397880629914,0.05277080002014762,0.00012926114150347678,-0.013689782540340515,-0.011852631311443084,-0.011868960655900424,0.07879346309624403,0.021655523074616177,0.09277135333210751,-0.036052869748033935,0.008659494827514215,0.038757872476708144,0.07553263489535311,-0.019441093478235416,-0.007686148412176408,0.05438958541268649,0.06291699696718507,5.5943490718109275e-34,0.05438958541268649,0.05721343820336184,0.03785715978519176,0.03347873708804875,0.0729763719397687,0.0751637142123748,0.0729763719397687,0.0751637142123748,0.07676152621852819,0.07665089955016716
5,1,0.8558346950343473,0.24835295931053428,0.4179692048223774,0.4892540778626017,64,1024,False,0.028996685131151778,0.022218869122224955,0.006777816008926685,0.02975092332409433,0.02849754933112785,0.0297222461238268,0.02849659233183125,7.31458825369015e-34,0.022218869122224948,3.657783515593581e-07,0.021878750594222823,0.02187911637257437,1.6718150099419183e-05,-0.005375075828047049,-0.0022851632373501922,-0.0022946350254114904,0.030782712568478043,0.0020271578897506116,0.057417334357902985,-0.02723549331663761,0.01648275794972761,0.01926272051059641,0.04093799407564802,-0.010763011719973292,0.00026134997460758314,0.022218869122224955,0.028996685131151778,7.31458825369015e-34,0.022218869122224948,0.02975092332409433,0.03785715978519176,0.0381217258122493,0.0729763719397687,0.07731283782996703,0.0729763719397687,0.07731283782996703,0.043370332663008576,0.048897425827231056
5,2,0.8670611245560549,0.3016508439735479,0.4723654153219169,0.6412663322077757,64,1024,False,0.038330302008273115,0.034156550425995504,0.0041737515822777935,0.04185951816940708,0.03769055663666229,0.04146562925542997,0.03759397629639872,3.351122297481225e-33,0.03415655042599549,9.18135864379653e-06,0.03309494168668206,0.03310412304532582,0.00027734788899937054,-0.007773584094224262,-0.006326181302554257,-0.006356871200221505,0.04401673793921655,0.010334201012023304,0.07259705749883665,-0.029958203298175508,0.014369751382348854,0.02795356991555309,0.05620256268593948,-0.013407004116743337,-0.001943791430676356,0.034156550425995504,0.038330302008273115,3.351122297481225e-33,0.03415655042599549,0.04185951816940708,0.03785715978519176,0.03837712589431079,0.06745418382216486,0.07257311695271643,0.06745418382216486,0.07257311695271643,0.029767664341849256,0.03130270952627872
5,3,0.8926434337876622,0.4085602577619564,0.57012019746051,0.36290039859054113,64,1024,False,0.03965351062911701,0.028904059316731595,0.010749451312385491,0.03679961294305029,0.04256813256113128,0.03647269010730008,0.04233825134411858,8.482824777640553e-35,0.028904059316731595,1.3382344305344384e-05,0.028757968673710617,0.02877135101801601,0.00046512742126585035,0.00756463295317324,0.00966173319515317,0.009865366630077043,0.03290639936597811,0.007569959124638693,0.06537542108996147,-0.013637059258088372,0.029294388785026597,0.025182873840094544,0.049245559152041096,0.0025280109548475593,0.013054778894002084,0.028904059316731595,0.03965351062911701,8.482824777640553e-35,0.028904059316731595,0.03679961294305029,0.03785715978519176,0.032469229764145964,0.033715194846454875,0.03309831122713579,0.032319452655046634,0.03202077530251305,0.062270174535536266,0.06458568013485318
5,4,0.9713900887781952,0.6489281338763528,0.7787207509632684,0.5722308011049567,64,1024,False,0.021737600894094045,0.016969697401883952,0.00476790349220997,0.02199842038500775,0.021468837143514146,0.019924752071063652,0.020099984953000912,3.102580717169728e-33,0.016969697401883962,1.1117120988010936e-06,0.016791075224818024,0.01679218693691685,6.620412832333624e-05,0.003870365726040124,0.003954412632193438,0.004074926324016798,0.01751442451132071,-0.006071981271177147,0.04592148541330445,-0.01707559307817044,0.02491727283598379,0.011384833618649282,0.029838269554602448,-0.0010390553070465103,0.008913172743632458,0.016969697401883952,0.021737600894094045,3.102580717169728e-33,0.016969697401883962,0.02199842038500775,0.01828693316802445,0.017949525239207786,0.013584827518767564,0.012382885680733252,0.013584827518767564,0.012382885680733252,0.029767664341849256,0.035376085712288716
5,6,0.8723436890879817,0.608695702780155,0.7521349524451597,0.929402616833819,64,1024,False,0.0074905035205195215,0.007930427359054299,-0.0004399238385347751,0.00631815487516286,0.006027320851044018,0.003098585424112066,0.0028598681888098976,1.4052165274637234e-33,0.007930427359054302,2.6070219783167222e-06,0.008016599725570943,0.008019206747549277,0.00032509723971307333,0.014612974871799871,0.014182350159784075,0.015858602979456043,-0.008155029308740055,-0.019068131198005583,0.025265302046229714,-0.0066546681517707755,0.03847451250876546,-0.0025672401607153006,0.00889198618096998,0.009748586366185918,0.021827923475939315,0.007930427359054299,0.0074905035205195215,1.4052165274637234e-33,0.007930427359054302,0.00631815487516286,0.03785715978519176,0.03957630834076458,0.013584827518767564,0.01638476384562794,0.013584827518767564,0.01638476384562794,0.009036395307005361,0.011754635738847864
5,7,0.7922873099801778,0.5160872396261247,0.673929561926278,0.8778501768550111,64,1024,False,0.03279732849583617,0.03031652005060372,0.0024808084452324964,0.03596621981698309,0.030173987841459447,0.031215053283882563,0.02508813390394865,2.39150189522903e-34,0.03031652005060372,2.7697569545488575e-06,0.0309502984147452,0.030953068171699745,8.948246872280126e-05,0.019892858580075005,0.01898566750661994,0.020651271190045204,0.011188320334839505,0.0028329563507739283,0.0595971502169912,-0.001507130370578192,0.04446387146239135,0.02024700008041691,0.04330340011802036,0.014922385991667397,0.02767429426603485,0.03031652005060372,0.03279732849583617,2.39150189522903e-34,0.03031652005060372,0.03596621981698309,0.03785715978519176,0.03906632322149041,0.020317439753248994,0.018005149817250467,0.020317439753248994,0.01800514981725047,0.018991385073014757,0.017105292323684945
5,8,0.7080005668628897,0.4464038705880621,0.6106044988966268,0.8487935165438306,64,1024,False,0.046515931137495824,0.0453048448855546,0.0012110862519412026,0.0482366199403702,0.04485447973352534,0.040068302212030615,0.03482617011940687,3.0835456601690477e-34,0.0453048448855546,1.935829970363474e-06,0.046838631637247226,0.04684056746721771,4.132806400602005e-05,0.031107482386120964,0.028352527273689244,0.03115946236829975,0.016501952459836097,0.010009361194949745,0.07012724322911149,0.00986369740433847,0.057275386767948494,0.02756416011834517,0.05383427230844973,0.02638835508696502,0.04032984282821417,0.0453048448855546,0.046515931137495824,3.0835456601690477e-34,0.0453048448855546,0.0482366199403702,0.041861012808244474,0.04152545453813259,0.03148200734020169,0.018846290481643286,0.032319452655046634,0.018846290481643286,0.029767664341849256,0.018334461234574145
5,9,0.667793351724321,0.4086390849260929,0.5697911489856528,0.8148552205926327,64,1024,False,0.026130528149287482,0.024182500234842953,0.0019480279144445149,0.026799829140747425,0.025047794812122905,0.02351219878592546,0.02053417035285094,4.488786320604935e-36,0.024182500234842953,1.5642422328186195e-06,0.024699927269097092,0.024701491511329762,6.332582111898599e-05,0.034811374341902755,0.03176514393163919,0.03414206769201235,-0.006717349119516287,-0.002362976936431116,0.04938737450828204,0.013110878374344506,0.06078554830729464,0.01470701544167241,0.032913182127231266,0.029570881924882997,0.04378963974158978,0.024182500234842953,0.026130528149287482,4.488786320604935e-36,0.024182500234842953,0.026799829140747425,0.041861012808244474,0.04375345897113118,0.03148200734020169,0.03200224936236327,0.032319452655046634,0.03268742755599992,0.029767664341849256,0.02989670065494064
5,10,0.6886753620365003,0.37908651980890656,0.5389567197479259,0.8240589859412876,64,1024,False,0.02471534183493993,0.024221824231917894,0.0004935176030217347,0.02213356412080406,0.02486237144212231,0.01704693191719017,0.018548356523510483,3.6306263901327656e-34,0.024221824231917898,6.777586386790926e-06,0.024479997218386677,0.024486774804773407,0.0002767855889894375,0.03576425343813423,0.033574243072654816,0.0364568986155694,-0.008711871630532508,-0.008492906693618824,0.04258677052799916,0.014548912559844009,0.06205570346678441,0.008576673397328705,0.02616047549963696,0.03103801547695184,0.04511404412187403,0.024221824231917894,0.02471534183493993,3.6306263901327656e-34,0.024221824231917898,0.02213356412080406,0.041861012808244474,0.044607028297991964,0.033715194846454875,0.036031520991585034,0.032319452655046634,0.03299851189066281,0.029767664341849256,0.03009958174276426
5,11,0.5723873369133278,0.32349875274989426,0.49066793606883846,0.7444620282314761,64,1024,False,0.02833893437923284,0.026343232573577947,0.0019957018056549697,0.026507101613258685,0.0264060265374037,0.017012108206851735,0.016741208007726514,4.9538390193345e-35,0.026343232573577947,1.979174800197219e-05,0.026579552882449186,0.026599344630451265,0.0007440690091031171,0.03372699631828936,0.03268901766839766,0.036214107701853515,-0.006282991130993957,-0.00924768344447937,0.04327189985818284,0.013946713952661477,0.060786034250367035,0.007740589891909622,0.026758558647998143,0.030425915960222483,0.0438667061025626,0.026343232573577947,0.02833893437923284,4.9538390193345e-35,0.026343232573577947,0.026507101613258685,0.06152006151733704,0.0706106355360007,0.06521362578344414,0.06922515442979106,0.06610816912372919,0.07044245600564597,0.029767664341849256,0.030799550501541866
6,0,0.6812622142768097,0.20806850811985228,0.37907079018324297,0.3241850546230793,64,1024,False,0.06892951044561514,0.05997090629461454,0.008958604151000431,0.06233218236256198,0.07229186583584818,0.06233218236256198,0.07229186583584818,6.728045641800563e-33,0.05997090629461454,8.547336667695282e-06,0.05802385511549531,0.05803240245216296,0.0001472855905757303,-0.018223952931893207,-0.015800373664735932,-0.015834430202761773,0.08809223950058412,0.025761256388460406,0.09890310833666355,-0.04125106383023646,0.004777273848900324,0.04286233933089534,0.08159055290889228,-0.02451623897650279,-0.011736207248759456,0.05997090629461454,0.06892951044561514,6.728045641800563e-33,0.05997090629461454,0.06233218236256198,0.041861012808244474,0.04078358283170145,0.0729763719397687,0.0751637142123748,0.0729763719397687,0.0751637142123748,0.06739740527414215,0.07154464566022738
6,1,0.7028013481179222,0.22060894564947342,0.38933904476298675,0.40843379976539507,64,1024,False,0.0394529784856765,0.02994424526082296,0.00950873322485361,0.03922074002620273,0.03994385024861248,0.03922297335291692,0.03994608679179744,5.322171949591177e-33,0.02994424526082297,9.54819911892367e-07,0.028462567679555188,0.028463522499467053,3.354538820380524e-05,-0.009236512681133228,-0.006019234630360058,-0.006101670399636757,0.045963084878972535,0.010111038499425691,0.06833490820640814,-0.031652012783262046,0.013165557215403018,0.027357022438081913,0.05177195773285348,-0.015092440633452497,-0.003282441175542772,0.02994424526082296,0.0394529784856765,5.322171949591177e-33,0.02994424526082297,0.03922074002620273,0.041861012808244474,0.04199997453361509,0.0729763719397687,0.07731283782996703,0.0729763719397687,0.07731283782996703,0.05779539374735344,0.06026552183250662
6,2,0.6981323620633418,0.25409775866260026,0.42342311321408305,0.5082223671129482,64,1024,False,0.05377386175105002,0.045106773611323925,0.008667088139726055,0.05506998721996743,0.055456634507275414,0.05497664805947087,0.05537737780166123,1.2023786417724461e-32,0.04510677361132394,8.797509116237596e-06,0.04271065140838733,0.04271944891750348,0.00020593685871806702,-0.009960828210424823,-0.009536448943370503,-0.009562403637163305,0.06499308345064592,0.022006685930118376,0.08794661018882335,-0.03216736517977051,0.012209177131433586,0.039571591063577216,0.07141471247450681,-0.015649320506781805,-0.004156334878643975,0.045106773611323925,0.05377386175105002,1.2023786417724461e-32,0.04510677361132394,0.05506998721996743,0.041861012808244474,0.04116580362868011,0.0729763719397687,0.07571440106610633,0.0729763719397687,0.07571440106610633,0.043370332663008576,0.03947044781068896
6,3,0.7271707642118127,0.3063342419569656,0.474288440927721,0.21359877074034797,64,1024,False,0.057469916304563315,0.04299895237080151,0.014470963933761715,0.05357097813786196,0.06206754221301149,0.053402312501287706,0.06214381791887623,2.5166165155404953e-33,0.042998952370801514,1.4093518104309032e-05,0.04224644316167172,0.04226053667977612,0.0003334912240017415,0.005131586511349612,0.005199359852787424,0.005461735830608891,0.05686818236022406,0.022176582644321218,0.08462804235825419,-0.016095702464767075,0.026777543611886653,0.03984077517816331,0.06836308812489733,-1.5161953342612833e-05,0.010459018711117096,0.04299895237080151,0.057469916304563315,2.5166165155404953e-33,0.042998952370801514,0.05357097813786196,0.041861012808244474,0.041244698843527765,0.06745418382216486,0.07023082495902544,0.06745418382216486,0.07023082495902544,0.08179602948271356,0.09349071513850937
6,4,0.8147278048193365,0.43067617539057895,0.5909841356409963,0.39677840618272275,64,1024,False,0.03333845298216736,0.02423444121189813,0.00910401177026923,0.03130721050969146,0.03651604987465449,0.03119330974923845,0.036771392125314356,2.7529618315155444e-34,0.024234441211898133,8.611976223962615e-07,0.024072449473235405,0.024073310670857842,3.577395872844327e-05,0.0036503369602425965,0.0023742921450381187,0.002630944419894696,0.03414175772961637,0.0035905949850500614,0.058796024513426845,-0.01811131054193751,0.025698744301577026,0.020994977036025375,0.04249837792303879,-0.0017164593009511009,0.009361200165585615,0.02423444121189813,0.03333845298216736,2.7529618315155444e-34,0.024234441211898133,0.03130721050969146,0.03785715978519176,0.036206465338144915,0.03148200734020169,0.03150142921025837,0.032319452655046634,0.03238693546473697,0.05779539374735344,0.061039381270527215
6,5,0.8723436890879817,0.608695702780155,0.7521349524451597,0.929402616833819,64,1024,False,0.012952982452590954,0.008889211430748339,0.004063771021842599,0.011754635738847864,0.015152651630460635,0.012284265704848045,0.01589942205047227,1.5645195660230543e-33,0.008889211430748336,3.76868189961624e-06,0.009201379290969156,0.009205147972868772,0.00040941024638865587,-0.0009503980305993211,-0.002316835450297903,-0.0028081510169822082,0.017469487080758538,-0.01057281432146548,0.03514134573116157,-0.022138595754407582,0.019284884731334162,0.006109811467467807,0.01862436500232434,-0.0062069474151940085,0.003425191986025311,0.008889211430748339,0.012952982452590954,1.5645195660230543e-33,0.008889211430748336,0.011754635738847864,0.03785715978519176,0.03642038293419185,0.013584827518767564,0.010879693384598968,0.013584827518767564,0.010879693384598968,0.009036395307005361,0.008434252965767828
6,7,0.9529394647192299,0.7679479234925592,0.8655756662863452,0.9522105743174707,64,1024,False,0.012462635208703015,0.009702123739868309,0.0027605114688345977,0.015329263202233226,0.010570705716614972,0.015207323005677193,0.010520135299685283,9.840507286377011e-34,0.009702123739868312,1.3757208810972942e-07,0.009385595995515672,0.009385733567603763,1.4657574404687948e-05,0.0029062436713312807,0.002878804176093217,0.003378445642849047,0.007691901540521755,-0.008116919317349779,0.038531565328704165,-0.015496782073435208,0.022233661829605754,0.008754117057833355,0.02211067567986902,-0.0006868716736789793,0.007439295244694222,0.009702123739868309,0.012462635208703015,9.840507286377011e-34,0.009702123739868312,0.015329263202233226,0.02919739279301839,0.03258098950274115,0.0077087047943048045,0.003662240427942151,0.0077087047943048045,0.003662240427942151,0.008786935980868658,0.0036736588065497755
6,8,0.877058890936837,0.60914629706367,0.7501824215523454,0.927122769116223,64,1024,False,0.010128825468680696,0.008795298524320216,0.0013335269443605444,0.011907106341824094,0.008991009551173058,0.011320744617508005,0.00796193457587036,4.3073813207034274e-34,0.008795298524320217,2.2950019257778287e-07,0.008831893482877355,0.008832122983069915,2.5984714322672624e-05,0.011288420631929547,0.010038387893530893,0.012101159607619757,-0.0010473783423578346,-0.011215791120711317,0.033857280355727326,-0.007610921647276057,0.03374444677589416,0.005404717390774749,0.017410698921594303,0.008289199104183353,0.01788768782716943,0.008795298524320216,0.010128825468680696,4.3073813207034274e-34,0.008795298524320217,0.011907106341824094,0.03785715978519176,0.03869425828336491,0.013584827518767564,0.01382450197261663,0.013584827518767564,0.01382450197261663,0.010319471532953395,0.010001944571179255
6,9,0.83831956450019,0.533965243680325,0.6821011469096443,0.906090152815873,64,1024,False,0.01028011761078967,0.008533143534282887,0.001746974076506856,0.011227157723600374,0.010000563688573562,0.011003624340795187,0.009257681318614482,1.7988483611239567e-33,0.008533143534282887,6.896723246214968e-07,0.008223648004019736,0.008224337676344354,8.385749123667428e-05,0.014857511814159167,0.014003623915375069,0.016001690491578596,-0.004003060226801507,-0.011125328848276963,0.03313257752986734,-0.004519840329747032,0.037804079600212266,0.005280635930830613,0.016697478284186218,0.01149282216647407,0.02163766782177845,0.008533143534282887,0.01028011761078967,1.7988483611239567e-33,0.008533143534282887,0.011227157723600374,0.03785715978519176,0.03986988052071148,0.019331442004809334,0.01990363709758902,0.019331442004809334,0.019956198220978764,0.010319471532953395,0.010137934294824
6,10,0.823351463142001,0.47358171319814746,0.6272575069147688,0.8781374477462874,64,1024,False,0.012870135792423935,0.01190267703221222,0.0009674587602117174,0.011423724423214715,0.013367701888529438,0.008973556010286612,0.010171961753010958,3.1427196570926424e-34,0.01190267703221222,5.620798694595694e-06,0.011673803317584342,0.011679424116278923,0.0004812564933540992,0.017420925889071567,0.01704466467154867,0.019591464419838653,-0.00367696278301923,-0.014011822735983049,0.03195893475655627,-0.0018316418884310424,0.04117466525545181,0.002729848747549113,0.015527386276517063,0.014363931128173135,0.024931375992309768,0.01190267703221222,0.012870135792423935,3.1427196570926424e-34,0.01190267703221222,0.011423724423214715,0.03785715978519176,0.04126340395180454,0.020317439753248994,0.021587970514682465,0.020317439753248994,0.021587970514682465,0.018991385073014757,0.020576117184758252
6,11,0.5962162369990482,0.38172990884347735,0.5425639584425475,0.8111970918412507,64,1024,False,0.020834096729760315,0.018724162841701034,0.002109933888059254,0.01984867873450451,0.019314009939053155,0.013427559745188083,0.012496826498689243,7.846897742957065e-34,0.01872416284170103,1.5162109362166277e-05,0.018497308401287813,0.018512470510650015,0.0008190213917393514,0.019324123922595342,0.019826297722288985,0.022902444597966094,-0.0005122877832358305,-0.0114455326272499,0.038300652117626066,0.0008130654668949445,0.04456918476227527,0.00542236593173584,0.021735702488513198,0.017091464658733457,0.028139852816821076,0.018724162841701034,0.020834096729760315,7.846897742957065e-34,0.01872416284170103,0.01984867873450451,0.06152006151733704,0.0706106355360007,0.033715194846454875,0.036488498068844945,0.032319452655046634,0.03411782327058812,0.029767664341849256,0.030799550501541866
7,0,0.590308351071524,0.19995420703188915,0.3690950170779488,0.4037882425085996,64,1024,False,0.048758888621432815,0.04210954086673491,0.006649347754697627,0.04363791445265008,0.051880855191669004,0.04363791445265008,0.051880855191669004,2.6623138808555618e-33,0.04210954086673491,7.97162449472164e-08,0.040652622431166435,0.040652702147411526,1.960908887634476e-06,-0.019107342650978264,-0.016848373581858853,-0.01687633083723865,0.06872922877352786,0.010512537158123059,0.0767632917471771,-0.04208158334147596,0.003838963614517771,0.02757269435824128,0.059673061841749586,-0.02536943730956409,-0.01267487780569354,0.04210954086673491,0.048758888621432815,2.6623138808555618e-33,0.04210954086673491,0.04363791445265008,0.06152006151733704,0.06237159232994119,0.0729763719397687,0.0751637142123748,0.0729763719397687,0.0751637142123748,0.05779539374735344,0.06060064105675116
7,1,0.6215242144393245,0.21056810227909728,0.37977804167595164,0.3808610065188799,64,1024,False,0.04235749697757844,0.03290560869300723,0.009451888284571065,0.04082604246801242,0.04484616111116207,0.04072027793980348,0.044808792055162486,2.43462273141998e-33,0.03290560869300723,1.379379404419293e-06,0.03166180615398439,0.03166318553338871,4.3564138641854045e-05,-0.00971407755430545,-0.006418566648026734,-0.006473623615361375,0.051264727759188805,0.01061687143072976,0.0708236844488772,-0.03197307604559959,0.012538201410115303,0.027822529838886112,0.05415238381101517,-0.015471041107957717,-0.0038891033400432207,0.03290560869300723,0.04235749697757844,2.43462273141998e-33,0.03290560869300723,0.04082604246801242,0.06152006151733704,0.06250549099587632,0.0729763719397687,0.07731283782996703,0.0729763719397687,0.07731283782996703,0.062270174535536266,0.06769261575602256
7,2,0.6061940449626414,0.23655439050485144,0.40539631715304214,0.4285331655086091,64,1024,False,0.04078752469282026,0.031078448318432376,0.009709076374387853,0.040853153285940136,0.04476620563577774,0.04085841244472279,0.04477037996940587,6.762238602033215e-33,0.031078448318432383,1.0510338899757567e-07,0.02929712891329824,0.02929723401668718,3.5874850485104038e-06,-0.009679022372003188,-0.009858866884006048,-0.009876739637260889,0.05462507251978379,0.011043738787108251,0.07067308610233733,-0.03164561620865041,0.012261257464702094,0.02835886388493236,0.05412817417527549,-0.01518732701515546,-0.0040286647927132435,0.031078448318432376,0.04078752469282026,6.762238602033215e-33,0.031078448318432383,0.040853153285940136,0.06152006151733704,0.06250420000454643,0.0729763719397687,0.07571440106610633,0.0729763719397687,0.07571440106610633,0.05779539374735344,0.06006912767715668
7,3,0.6388809311536977,0.2759970345509497,0.4462465604241206,0.14551234744386893,64,1024,False,0.06431028021418915,0.04870457948843636,0.015605700725753022,0.05948154665539436,0.07115092678222278,0.05982012007597891,0.07152435770869588,4.377751965474474e-34,0.04870457948843636,4.5440507064593374e-06,0.04830977870922587,0.04831432275993239,9.405183487799543e-05,0.005511540098051339,0.00495125774379273,0.0052269202340768485,0.06619966903843004,0.02870289081039707,0.09093734934156075,-0.015975783285802538,0.027422276060207442,0.04607193817355437,0.07437668068450876,0.0001634066429687664,0.010965194196614902,0.04870457948843636,0.06431028021418915,4.377751965474474e-34,0.04870457948843636,0.05948154665539436,0.06152006151733704,0.061617133653620024,0.0729763719397687,0.07180490333742795,0.0729763719397687,0.07180490333742795,0.09449099209989283,0.10616080724805899
7,4,0.7268976784221708,0.3740441592322497,0.5371305438793541,0.33948017525651836,64,1024,False,0.04314185332665427,0.033471971669045836,0.009669881657608634,0.038650998886534026,0.049852629005428147,0.038997666063274095,0.050460846820850835,1.1403645192932865e-33,0.033471971669045836,4.879470963641081e-06,0.033853976537826,0.033858856008789816,0.00014411210356234016,0.004918321665202281,0.0030227177638888687,0.00334907476417504,0.04682991124153928,0.010201577147444976,0.06779375497910321,-0.017178237152299294,0.02744087215657696,0.027294222396449186,0.051097334529913496,-0.0006629539566347376,0.010984583997924346,0.033471971669045836,0.04314185332665427,1.1403645192932865e-33,0.033471971669045836,0.038650998886534026,0.041861012808244474,0.04202996090938713,0.04611148641272484,0.05765880615732531,0.04611148641272484,0.05765880615732531,0.06739740527414215,0.07697954073667819
7,5,0.7922873099801778,0.5160872396261247,0.673929561926278,0.8778501768550111,64,1024,False,0.016007784241242926,0.01237935676655784,0.0036284274746850834,0.014008123665061021,0.019899259879146803,0.014483198520693075,0.02062078554035356,4.259511261974602e-34,0.01237935676655784,1.2847617815394382e-07,0.012768993190465329,0.012769121666643462,1.0061473412815835e-05,0.0007006066249893214,-0.0013073843601954461,-0.0017859736024473205,0.021206644239342248,-0.009517031826322637,0.03848342886770879,-0.021206833866954062,0.02165471075833077,0.0072905126071418636,0.021823213770403527,-0.004965536048985086,0.005493251541338395,0.01237935676655784,0.016007784241242926,4.259511261974602e-34,0.01237935676655784,0.014008123665061021,0.03785715978519176,0.04177719420435938,0.020317439753248994,0.021218770622990137,0.020317439753248994,0.021218770622990133,0.018991385073014757,0.01954508078500962
7,6,0.9529394647192299,0.7679479234925592,0.8655756662863452,0.9522105743174707,64,1024,False,0.003979479726813731,0.004542647353123396,-0.0005631676263096607,0.002568086746037504,0.004755012933995482,0.0013158600473640806,0.003539701261215101,9.658513647387223e-34,0.004542647353123397,1.478921779571284e-06,0.004365803533267912,0.004367282455047491,0.0003386366223833356,0.0013128770918045146,0.0010724750031803753,0.0011922985052679825,0.003682537930815107,-0.019661951140162157,0.022293671234890317,-0.01700854156548837,0.019727698416633684,-0.0036982464444008656,0.006237523244635668,-0.0026019516444648616,0.005267935724987183,0.004542647353123396,0.003979479726813731,9.658513647387223e-34,0.004542647353123397,0.002568086746037504,0.02919739279301839,0.03161823879728937,0.0077087047943048045,0.00942224414372724,0.0077087047943048045,0.00942224414372724,0.008786935980868658,0.01003070582783489
7,8,0.9309212018765403,0.7479626260878114,0.8536306331441623,0.964103370180784,64,1024,False,0.005035302783102106,0.006005596184357268,-0.0009702934012551841,0.0037079139423726475,0.005137766715819922,0.0014155730398955496,0.002319411873486876,9.518119118856714e-35,0.0060055961843572675,1.2263936739237767e-06,0.0059797126655854104,0.005980939059259325,0.00020505035442973605,0.007067311393031799,0.005781956939640643,0.007574869455896556,-0.0006441902238207209,-0.019743166418878407,0.022574312498669504,-0.010732215012295938,0.027987153211960096,-0.0037119107946637087,0.006433089460188057,0.004458758732653223,0.012895796986413188,0.006005596184357268,0.005035302783102106,9.518119118856714e-35,0.0060055961843572675,0.0037079139423726475,0.02919739279301839,0.03333892733595582,0.0077087047943048045,0.009229555286575843,0.0077087047943048045,0.009229555286575843,0.006468734614474245,0.008113274159583002
7,9,0.898367896774464,0.636473487142209,0.7694207991217443,0.9487072281357425,64,1024,False,0.006036106653696925,0.006605829829291059,-0.0005697231755941422,0.0041055397811914345,0.006607186557636936,0.0020050401612976363,0.004143352425400101,2.1469959406218345e-34,0.006605829829291058,8.867733349242534e-07,0.0065552386734231425,0.006556125446758059,0.00013525875032832912,0.010216890034800747,0.009708030480349645,0.01152393342460296,-0.003100843922712709,-0.019511815755600764,0.023521896078196033,-0.008145218986862886,0.031884424376538205,-0.003370110716787167,0.007217276441224385,0.007364225908531807,0.016322327050147578,0.006605829829291059,0.006036106653696925,2.1469959406218345e-34,0.006605829829291058,0.0041055397811914345,0.03785715978519176,0.03986988052071148,0.013584827518767564,0.01493901148127844,0.013584827518767564,0.01493901148127844,0.008786935980868658,0.009758303353952101
7,10,0.8691853909368116,0.5488207821485769,0.6971023408761963,0.9058519413467695,64,1024,False,0.009784874370339222,0.010515368581417566,-0.0007304942110783692,0.006182074480245022,0.010369141089920144,0.0006755919744297465,0.00403054664411473,2.4263234709708206e-34,0.010515368581417564,1.585997277397118e-05,0.010555913033027314,0.010571773005801312,0.0015002188152609729,0.013011172143487446,0.013143013181567046,0.015534600352033572,-0.002773872091646902,-0.021407254617157298,0.022758438566016788,-0.005388151101715434,0.03576554271210847,-0.004955653421347961,0.00641327857010765,0.010456814663484693,0.019952549795561936,0.010515368581417566,0.009784874370339222,2.4263234709708206e-34,0.010515368581417564,0.006182074480245022,0.03785715978519176,0.04126340395180454,0.019331442004809334,0.020792482840872033,0.019331442004809334,0.020792482840872036,0.016726560010447342,0.020576117184758252
7,11,0.6019833147036645,0.4236720106888523,0.5871045206110679,0.8377756779699567,64,1024,False,0.023576594085055084,0.022932142946180605,0.000644451138874479,0.021277603324239783,0.022572971384533746,0.007411932488929891,0.0070324921736153985,9.527147450451569e-37,0.022932142946180605,3.850409975569885e-05,0.02359618651590939,0.02363469061566506,0.0016291349178981151,0.016228817238709798,0.016788512658127277,0.019727710367472052,0.005784458726406469,-0.01740748147283907,0.032231346450698854,-0.0018535177380158314,0.040848367373292824,-0.0005816582779516466,0.015621317506884225,0.014227661187760532,0.024600657874543685,0.022932142946180605,0.023576594085055084,9.527147450451569e-37,0.022932142946180605,0.021277603324239783,0.06152006151733704,0.0706106355360007,0.03148200734020169,0.032615830008641905,0.032319452655046634,0.03411782327058812,0.029767664341849256,0.030799550501541866
8,0,0.5246571998994634,0.19226460567782994,0.36096688541812433,0.44096802017564535,64,1024,False,0.06237237311562082,0.055763332820055786,0.0066090402955650196,0.05645218676346482,0.06590659011590917,0.05645202339254729,0.06590545023319572,4.223357913700975e-33,0.0557633328200558,6.414045622031926e-07,0.05419808468184253,0.05419872608640487,1.1834310665912155e-05,-0.02056817983165562,-0.018512014796213443,-0.01854582783901553,0.08441860491212261,0.020732657545422223,0.09217138923967236,-0.04376186612511545,0.00259839313962687,0.03790342323190998,0.07500971613626461,-0.02702410026540747,-0.013954239453596529,0.055763332820055786,0.06237237311562082,4.223357913700975e-33,0.0557633328200558,0.05645218676346482,0.0762386575368347,0.07944004694494798,0.0729763719397687,0.0751637142123748,0.0729763719397687,0.0751637142123748,0.05779539374735344,0.06060064105675116
8,1,0.551179852905598,0.2035275615528369,0.3734671812137244,0.41670425253523696,64,1024,False,0.03700852269419402,0.02761165139561944,0.009396871298574676,0.037375819240195,0.03843306047864131,0.037293872979111325,0.03843529675891187,2.8089227941631127e-33,0.02761165139561944,1.1769675946386263e-06,0.0266971309857667,0.026698307953361308,4.4083977033100574e-05,-0.011847543372947546,-0.008531021793286842,-0.008609418972967096,0.04696408227192815,0.008298930986826498,0.06628881497139616,-0.034272758766035354,0.01056184757749836,0.025478771902271546,0.049661373253911734,-0.017719886593113188,-0.005898894865822513,0.02761165139561944,0.03700852269419402,2.8089227941631127e-33,0.02761165139561944,0.037375819240195,0.0762386575368347,0.08026845169357544,0.0729763719397687,0.07731283782996703,0.0729763719397687,0.07731283782996703,0.05779539374735344,0.06026552183250662
8,2,0.5341156486789864,0.22504759130491134,0.39405801581087696,0.4212492329600897,64,1024,False,0.051850636958142945,0.04112909931084976,0.010721537647293286,0.054012881213312325,0.05415453379434467,0.05401727019018037,0.054158360757440266,6.91948803754226e-33,0.04112909931084976,3.7202304443742186e-06,0.03887224771057925,0.038875967941023534,9.569486346984243e-05,-0.011306837101761072,-0.011984581232542072,-0.01201815508920379,0.06613911502688674,0.021846586043313944,0.08618795433704679,-0.03360466097140736,0.010945903034637624,0.039446556591428816,0.06973269733862253,-0.017035399003361817,-0.005423880043963436,0.04112909931084976,0.051850636958142945,6.91948803754226e-33,0.04112909931084976,0.054012881213312325,0.0762386575368347,0.07993442793139689,0.0729763719397687,0.07571440106610633,0.0729763719397687,0.07571440106610633,0.05779539374735344,0.06006912767715668
8,3,0.5589108808807404,0.25247411060088343,0.42313953221131184,0.10976677478419493,64,1024,False,0.07986437408972577,0.06329319728254303,0.016571176807183008,0.07702993348606887,0.08732661163327089,0.07742822633940522,0.0877513722738152,1.6329523507836702e-33,0.06329319728254303,4.59185787337714e-06,0.06184675420283156,0.06185134606070479,7.424022540868233e-05,0.0033683708338329227,0.0020622000826768035,0.0022748776346894766,0.08526441155059408,0.04453664752423404,0.1103198051545764,-0.018122202992538985,0.02515303406697246,0.06178582235588692,0.09351833279652055,-0.002025840469286777,0.008677426230860874,0.06329319728254303,0.07986437408972577,1.6329523507836702e-33,0.06329319728254303,0.07702993348606887,0.0762386575368347,0.07525522825412542,0.0729763719397687,0.07180490333742795,0.0729763719397687,0.07180490333742795,0.11524892384333008,0.14543067324872166
8,4,0.6383494344081855,0.3360130097021456,0.502587872549748,0.30451598952941583,64,1024,False,0.054460021397623196,0.04359358176758774,0.010866439630035083,0.05006697407204579,0.0614819719624495,0.05067305677024054,0.062192670100717364,7.013728625945211e-34,0.04359358176758774,5.610715085493432e-06,0.043216829745874076,0.04322244046095965,0.0001298102334263441,0.003258091721865,0.001422233286442085,0.0016306453656480902,0.06005973867600741,0.020349248392755495,0.08099686514772558,-0.018741495546008062,0.025598753183100974,0.03741348239418585,0.0641617993460386,-0.002295705082360655,0.009144583164015785,0.04359358176758774,0.054460021397623196,7.013728625945211e-34,0.04359358176758774,0.05006697407204579,0.06152006151733704,0.06227931801257401,0.06521362578344414,0.06737743317078677,0.06610816912372919,0.06900116943553687,0.08032454613673749,0.08988711456343335
8,5,0.7080005668628897,0.4464038705880621,0.6106044988966268,0.8487935165438306,64,1024,False,0.019848687750223727,0.013713395661841224,0.006135292088382585,0.018334461234574145,0.02370273319960254,0.018926004382622492,0.024570216784681343,4.026957735598382e-34,0.013713395661841224,8.557342950494902e-07,0.013978313032463649,0.013979168766758726,6.121496272971206e-05,0.00024861449422350563,-0.0024792336356080414,-0.0033364218064266295,0.026181966835210582,-0.005100681727903147,0.042952690493148135,-0.022417305878957305,0.021480217047072692,0.011796193663030863,0.0263706849218579,-0.006010514400259126,0.005121623988088686,0.013713395661841224,0.019848687750223727,4.026957735598382e-34,0.013713395661841224,0.018334461234574145,0.041861012808244474,0.04550237400933649,0.03148200734020169,0.0332256467528495,0.032319452655046634,0.03322564675284951,0.029767664341849256,0.029325956045224602
8,6,0.877058890936837,0.60914629706367,0.7501824215523454,0.927122769116223,64,1024,False,0.005897901714895377,0.004292618750618791,0.0016052829642765848,0.004051882201210034,0.006424625315172117,0.004000069037638074,0.006652148209308666,6.180068664287808e-34,0.004292618750618791,1.5174554769072154e-06,0.004241238893163725,0.004242756348640622,0.00035765793559967396,0.0010796983988305545,7.819347467140312e-05,-0.00047702798054029646,0.006346431840500715,-0.01696027183011293,0.02496040990538908,-0.018526379572980464,0.019917341471967262,-0.000859402833157219,0.009062970137165394,-0.0035031757870456204,0.004847216448979452,0.004292618750618791,0.005897901714895377,6.180068664287808e-34,0.004292618750618791,0.004051882201210034,0.03785715978519176,0.03957630834076458,0.013584827518767564,0.01638476384562794,0.013584827518767564,0.01638476384562794,0.010319471532953395,0.013207842042817048
8,7,0.9309212018765403,0.7479626260878114,0.8536306331441623,0.964103370180784,64,1024,False,0.008037721740629517,0.005386231418638174,0.0026514903219913366,0.009229555286575843,0.007407608604590655,0.009583047502689769,0.007817573207496781,1.841179517555097e-34,0.005386231418638174,4.374588997830858e-08,0.005241127442695398,0.005241171188585371,8.346586746409234e-06,-0.0005786193185430554,-0.0006976726098038518,-0.001361921443270718,0.008105281214394506,-0.01198685620999692,0.031152951215376458,-0.019578341312498637,0.017079974433256984,0.004397149743454065,0.015047590859467164,-0.005217624835495371,0.002629729366162792,0.005386231418638174,0.008037721740629517,1.841179517555097e-34,0.005386231418638174,0.009229555286575843,0.02919739279301839,0.03258098950274115,0.0077087047943048045,0.0037079139423726475,0.0077087047943048045,0.0037079139423726475,0.006468734614474245,0.0036736588065497755
8,9,0.9746172456975436,0.8225242502219554,0.8993130620836238,0.9825671619552888,64,1024,False,0.004065790352154373,0.003682757242920537,0.0003830331092338119,0.0033881624767260364,0.004369348383601016,0.0032498546947274305,0.004179893821955811,5.727523543095686e-34,0.0036827572429205383,6.224818072614379e-08,0.0037045545691127466,0.0037046168172934564,1.6802866206179317e-05,0.0016658745521698226,0.002159504430188029,0.002807509837189516,0.002209843953412987,-0.017096178321984665,0.023595887711439528,-0.01577298412432901,0.02032500606312198,-0.001427179973688908,0.007848734698200133,-0.0016084148519439623,0.006129912340838928,0.003682757242920537,0.004065790352154373,5.727523543095686e-34,0.0036827572429205383,0.0033881624767260364,0.01828693316802445,0.02095893767988507,0.0032041648264021392,0.0024865714865752375,0.0032041648264021392,0.0024865714865752375,0.0032041648264021392,0.0024865714865752375
8,10,0.9365960709674165,0.6766047987313253,0.8007218457276927,0.9454964511858663,64,1024,False,0.006899547396993808,0.0069645297279749725,-6.498233098114258e-05,0.004280404826852241,0.007496085493012353,0.0012942029946271848,0.004249882252676503,6.135361330265017e-35,0.0069645297279749725,9.76828977542791e-06,0.007062845350426869,0.007072613640202291,0.0013811428521844887,0.004576725463547144,0.00572174876268139,0.007252430390076476,0.0017743367303309629,-0.020071673710074543,0.02266007969932891,-0.013065514325546038,0.0251291663281516,-0.0038282231907942332,0.006595200531592127,0.0019426848521106876,0.01021461626078235,0.0069645297279749725,0.006899547396993808,6.135361330265017e-35,0.0069645297279749725,0.004280404826852241,0.02919739279301839,0.03146257351721531,0.011812258786746436,0.01394870677900439,0.011812258786746436,0.01394870677900439,0.008786935980868658,0.010137620418223848
8,11,0.6183201994062864,0.4986671163228394,0.6584750691566184,0.8782295571796197,64,1024,False,0.0171733365434478,0.016019505315769067,0.0011538312276788154,0.01481653006139958,0.01666573295903643,0.00603936301370838,0.006974992757738093,3.885577037314751e-35,0.016019505315769067,2.2256951627454407e-05,0.01613672944591981,0.016158986397547294,0.0013773730034720927,0.0078741227512405,0.008670649146963225,0.010774593282505402,0.007995083812073204,-0.017764928791563328,0.02984365481898009,-0.00991153623739929,0.030583113304077394,-0.0009152164129773155,0.013350653222005349,0.005734987564210314,0.01490692134393612,0.016019505315769067,0.0171733365434478,3.885577037314751e-35,0.016019505315769067,0.01481653006139958,0.06152006151733704,0.0706106355360007,0.020317439753248994,0.02110328399494177,0.020317439753248994,0.02110328399494177,0.018991385073014757,0.019445201429360896
9,0,0.4818255834737263,0.18911984679433308,0.3584330267744405,0.45219150197778857,64,1024,False,0.06894969149908707,0.06259164014581625,0.006358051353270725,0.06206311071937162,0.07182941683592411,0.062062857722123256,0.07182767392586642,1.5539250681974236e-33,0.06259164014581625,7.892908127628658e-06,0.06071326557114501,0.060721158479272654,0.00012998612551707038,-0.021139418188622153,-0.018962970824348432,-0.019003216577299167,0.09079238766027255,0.025201769061289,0.09892394638295751,-0.04454348112577641,0.0022166848707668753,0.04230147469206713,0.0815867916753632,-0.02776126904063858,-0.014351122161315288,0.06259164014581625,0.06894969149908707,1.5539250681974236e-33,0.06259164014581625,0.06206311071937162,0.0762386575368347,0.08136553120128108,0.0729763719397687,0.0751637142123748,0.0729763719397687,0.0751637142123748,0.05779539374735344,0.06060064105675116
9,1,0.5085639538532949,0.19847035644160074,0.3687000883281578,0.3896177767920223,64,1024,False,0.03751486894133545,0.027568750266877728,0.009946118674457508,0.0380524974049783,0.038689754584859744,0.037988925536942955,0.0386919911280447,4.0220856444142235e-34,0.027568750266877728,7.758145477781728e-06,0.026940993637477283,0.026948751782955027,0.00028788515105507496,-0.012583443657685215,-0.009119421061781785,-0.009195943213560072,0.04780917564664153,0.009061627440849145,0.06691622363303676,-0.03499825300719725,0.009809324183142109,0.02622414920188021,0.05028754904924426,-0.018453639924700838,-0.006651866817264818,0.027568750266877728,0.03751486894133545,4.0220856444142235e-34,0.027568750266877728,0.0380524974049783,0.0762386575368347,0.08026845169357544,0.0729763719397687,0.07731283782996703,0.0729763719397687,0.07731283782996703,0.062270174535536266,0.06769261575602256
9,2,0.49071612968522543,0.2178408824531644,0.3873042576102208,0.38332016957162196,64,1024,False,0.04154191514753485,0.02997975747277573,0.011562157674759118,0.04231593539148031,0.04520809755068286,0.04232119455026297,0.045212271884311,2.7257000871852348e-33,0.02997975747277573,1.471677428096372e-06,0.028129994127327335,0.028131465804755465,5.231428174807703e-05,-0.01173075147577774,-0.012544284560026504,-0.01259300214084093,0.05775238211070936,0.012976165748040315,0.07166622335248563,-0.034047852455936486,0.010521091018931809,0.030212968005798757,0.05507323896017624,-0.017491372011136264,-0.005865645900485106,0.02997975747277573,0.04154191514753485,2.7257000871852348e-33,0.02997975747277573,0.04231593539148031,0.0762386575368347,0.07993442793139689,0.0729763719397687,0.07571440106610633,0.0729763719397687,0.07571440106610633,0.062270174535536266,0.06379451915462138
9,3,0.5159001686019578,0.23990220695721712,0.41076352701062524,0.055468772547275044,64,1024,False,0.08856362763596193,0.07091258872815089,0.017651038907811164,0.08587261496916779,0.09631696235551244,0.08626363414596479,0.09671524354463935,4.707997860295304e-34,0.07091258872815089,1.7300583631026136e-07,0.06900322695722864,0.06900339996306512,2.507207418806389e-06,0.002471942498905908,0.0011592505337521158,0.0013338682437924608,0.09515771182176033,0.05268918124849282,0.11983808704343676,-0.01912491864235203,0.02421517306492684,0.06989345176407369,0.10294364517903887,-0.003049125269171782,0.00769115816365229,0.07091258872815089,0.08856362763596193,4.707997860295304e-34,0.07091258872815089,0.08587261496916779,0.0762386575368347,0.07525522825412542,0.0729763719397687,0.07180490333742795,0.0729763719397687,0.07180490333742795,0.11932395317331185,0.14543067324872166
9,4,0.5966634691124606,0.31299312585758354,0.47954238602222077,0.2547685172450817,64,1024,False,0.06549086023415317,0.05371304181900722,0.011777818415145774,0.06129544924794991,0.07273806105796242,0.06194464139974487,0.07347012119446483,3.653562337988722e-33,0.05371304181900722,9.913794111387038e-06,0.05257251535004147,0.052582429144152766,0.00018853815376632262,0.002706209802637078,0.0007004508168735691,0.0008941792698015209,0.07203761024108885,0.03013127861836532,0.09375800418112443,-0.019250590676503622,0.024959424272312944,0.047281385559472255,0.07689214388665278,-0.0028403757241903804,0.008506297803251073,0.05371304181900722,0.06549086023415317,3.653562337988722e-33,0.05371304181900722,0.06129544924794991,0.06152006151733704,0.06227931801257401,0.06745418382216486,0.06868593073700785,0.06745418382216486,0.06900116943553687,0.08179602948271356,0.08988711456343335
9,5,0.667793351724321,0.4086390849260929,0.5697911489856528,0.8148552205926327,64,1024,False,0.02371134713218521,0.016813433794896204,0.0068979133372890754,0.021546500659731523,0.027156400776705718,0.022157133841711467,0.028088522926960978,1.2131563254946983e-34,0.0168134337948962,5.427087041139248e-07,0.016952428258589107,0.016952970967293184,3.201260151751307e-05,2.5003398381527166e-05,-0.0027311277617616996,-0.003638394569466343,0.029887528538467417,-0.0025296092757450157,0.046843876959167946,-0.02272725526695103,0.021275134247861798,0.014444500062381849,0.03027776721137343,-0.006312865334621165,0.0048928032629191875,0.016813433794896204,0.02371134713218521,1.2131563254946983e-34,0.0168134337948962,0.021546500659731523,0.041861012808244474,0.04550237400933649,0.03148200734020169,0.0332256467528495,0.032319452655046634,0.03322564675284951,0.029767664341849256,0.029325956045224602
9,6,0.83831956450019,0.533965243680325,0.6821011469096443,0.906090152815873,64,1024,False,0.006907841250095774,0.004921099026247636,0.001986742223848101,0.005033578825242152,0.007762817505099967,0.005149643153647531,0.008188282207496506,2.976093513335925e-33,0.004921099026247635,1.8685519295991394e-06,0.005041892149301344,0.005043760701230932,0.0003704679980442209,0.0015687883537937593,-2.2018002543645136e-05,-0.000499918718492904,0.007784835507643612,-0.016162270294734365,0.026461556602029427,-0.018338056184390328,0.02096672399437076,1.4856777852401137e-05,0.01035001513082534,-0.003044594188395422,0.005620638308755588,0.004921099026247636,0.006907841250095774,2.976093513335925e-33,0.004921099026247635,0.005033578825242152,0.03785715978519176,0.03957630834076458,0.019331442004809334,0.02092009346920569,0.019331442004809334,0.02092009346920569,0.010319471532953395,0.013207842042817048
9,7,0.898367896774464,0.636473487142209,0.7694207991217443,0.9487072281357425,64,1024,False,0.011506207414558392,0.00856845847969041,0.0029377489348679634,0.013166795114607761,0.010805084487122946,0.013139881030880112,0.010961357124553605,3.800931934776446e-34,0.00856845847969041,1.1480417401094811e-07,0.008665737619112466,0.00866585242328648,1.3247880116496284e-05,-0.00011204152629506902,-0.000658767798845055,-0.0013569788651475229,0.011463852285968001,-0.009885364264456934,0.036165126326217156,-0.019523039754043993,0.01808652325325616,0.006902953864482697,0.019715925365744624,-0.004833254162804224,0.0032547525261179544,0.00856845847969041,0.011506207414558392,3.800931934776446e-34,0.00856845847969041,0.013166795114607761,0.03785715978519176,0.03906632322149041,0.013584827518767564,0.013644546433647537,0.013584827518767564,0.013644546433647537,0.008786935980868658,0.0041055397811914345
9,8,0.9746172456975436,0.8225242502219554,0.8993130620836238,0.9825671619552888,64,1024,False,0.002250737280372275,0.001943607889923887,0.0003071293904483774,0.003020167176078242,0.0018912592464314902,0.0026180083723538797,0.0016457091775677916,7.836534527918534e-34,0.0019436078899238867,1.5652373859969644e-11,0.0019536011112067228,0.001953601126859093,8.012062260188592e-09,0.00023459248616673168,2.6839237959285436e-05,-0.0001667629388735396,0.0018644200084722048,-0.016800692387504947,0.022036709132212704,-0.01775408117498577,0.017936458529186915,-0.0016157046120497398,0.006872131038107909,-0.003789037888054736,0.003875916088873055,0.001943607889923887,0.002250737280372275,7.836534527918534e-34,0.0019436078899238867,0.003020167176078242,0.01828693316802445,0.019674820985474108,0.0032041648264021392,0.0033881624767260364,0.0032041648264021392,0.0033881624767260364,0.0032041648264021392,0.0033881624767260364
9,10,0.9655195721566272,0.8013213210022436,0.8874525115095802,0.9662668762889812,64,1024,False,0.003489591120744863,0.003942025276160812,-0.0004524341554159671,0.0019529757970722325,0.0034976856719464234,-0.0007088329657013432,0.0003725569284777717,7.707572118920206e-34,0.003942025276160812,6.831950925507301e-06,0.00401116758482562,0.0040179995357511235,0.0017003364148547963,0.002581548729476771,0.003166891934718267,0.004097807001356461,0.00033079373722815636,-0.02059177780100894,0.01917411186960625,-0.014867165595045202,0.02181936290787903,-0.00507930209278129,0.0037738020910182968,-0.00041296498966403306,0.007446868941769935,0.003942025276160812,0.003489591120744863,7.707572118920206e-34,0.003942025276160812,0.0019529757970722325,0.01828693316802445,0.019771838383565565,0.004209317268894475,0.006465658740716717,0.004209317268894475,0.006465658740716717,0.004209317268894475,0.006465658740716717
9,11,0.6585561386126287,0.5695329153658725,0.7227484590219544,0.9007232701684047,64,1024,False,0.02162590855876341,0.020854625384858428,0.0007712831739050163,0.01953570923386084,0.019986479478302746,0.0072241443998329585,0.006859129521202784,4.457478403428977e-34,0.02085462538485843,4.6132811925257446e-05,0.020928176402066973,0.0209743092139923,0.0021994913612926764,0.005439820537631923,0.005527668969421331,0.007080606690098101,0.014458810508881415,-0.017253318877428668,0.03170160767709459,-0.012423503096206746,0.02694791652555706,-0.000518690882017836,0.014991934258432593,0.002927067704149522,0.01161628367844969,0.020854625384858428,0.02162590855876341,4.457478403428977e-34,0.02085462538485843,0.01953570923386084,0.041861012808244474,0.04445264586141195,0.019331442004809334,0.019308745646025836,0.019331442004809334,0.019308745646025836,0.018991385073014757,0.019445201429360896
10,0,0.5177530055520747,0.18622992085404996,0.3578402968582486,0.452263009710107,64,1024,False,0.04977446813594897,0.04285559998152418,0.006918868154424927,0.046039805493186814,0.05352889424509283,0.04603966266376359,0.053517081074302135,5.6615169539323195e-33,0.04285559998152416,5.33854900583537e-06,0.042245995604736936,0.04225133415374275,0.00012635219958758307,-0.021970356789368466,-0.01997633244380061,-0.020064722143088805,0.07350522668889344,0.012703542067828276,0.0793757832596989,-0.045891557272188285,0.0018784080505935934,0.029655953621841036,0.06214246559829917,-0.02901780542015331,-0.014661398250609636,0.04285559998152418,0.04977446813594897,5.6615169539323195e-33,0.04285559998152416,0.046039805493186814,0.0762386575368347,0.07944004694494798,0.0729763719397687,0.0751637142123748,0.0729763719397687,0.0751637142123748,0.05635427162392846,0.06060064105675116
10,1,0.5410870971337364,0.19525469583456934,0.3665392410324795,0.4470308439679513,64,1024,False,0.0485219893649358,0.0392140094769716,0.009307979887963943,0.050683317978223834,0.04944492488224633,0.050209694554858214,0.04867316650452812,3.366940521844045e-33,0.03921400947697161,1.0741402717108362e-05,0.0402528301317183,0.04026357153443543,0.00026677719605479544,-0.013846078065212155,-0.009713417757802868,-0.009838630385710746,0.0591583426400492,0.01825184552577984,0.08216754358393659,-0.03650434489149073,0.008755903526381094,0.0355564044584753,0.06550899664580356,-0.01988223691296298,-0.007735436920484062,0.0392140094769716,0.0485219893649358,3.366940521844045e-33,0.03921400947697161,0.050683317978223834,0.0762386575368347,0.08026845169357544,0.0729763719397687,0.07731283782996703,0.0729763719397687,0.07731283782996703,0.05779539374735344,0.06026552183250662
10,2,0.5206944771763995,0.21135633991619096,0.3807761512139728,0.44776659836946003,64,1024,False,0.028351734263481747,0.01763907645790225,0.010712657805579376,0.03077173421693987,0.03073863941350661,0.03077699337572252,0.03074258205734783,7.716989434865771e-33,0.017639076457902254,9.5369251293643e-07,0.01696524186378894,0.01696619555630189,5.621133563924957e-05,-0.013432365971790252,-0.013649611146997552,-0.013765273318106673,0.04438825056050416,0.004729984519250146,0.0568240022321949,-0.0362158887079984,0.009191253259603507,0.021754528548626695,0.04023642222455237,-0.019567218609154224,-0.007291756170161534,0.01763907645790225,0.028351734263481747,7.716989434865771e-33,0.017639076457902254,0.03077173421693987,0.0762386575368347,0.07993442793139689,0.0729763719397687,0.07571440106610633,0.0729763719397687,0.07571440106610633,0.05779539374735344,0.06006912767715668
10,3,0.5475014575239174,0.23370938729664137,0.4055482722699453,0.10938140295880133,64,1024,False,0.07545871098872878,0.05875264021803226,0.01670607077069657,0.07572902063246426,0.08110281204851,0.07612731348580057,0.0815426536624515,3.126848782619969e-33,0.05875264021803226,2.4591309581977082e-06,0.0578978142493905,0.05790027338034872,4.247183673976113e-05,-5.484535302142671e-05,-0.001082023782872468,-0.0011320443542745522,0.08218483583138246,0.0442796000311283,0.10797502694047284,-0.021366426843312882,0.02091113255150055,0.06133013694488909,0.09104294712597039,-0.005468037721584551,0.004614638797647785,0.05875264021803226,0.07545871098872878,3.126848782619969e-33,0.05875264021803226,0.07572902063246426,0.0762386575368347,0.07525522825412542,0.0729763719397687,0.07180490333742795,0.0729763719397687,0.07180490333742795,0.11524892384333008,0.14543067324872166
10,4,0.6256155123273893,0.29876460950058403,0.46487728861682925,0.315743560225793,64,1024,False,0.05978112096376151,0.0487813530275848,0.010999767936177032,0.05877188782251302,0.06562418817324764,0.059421075200034895,0.0663559040893565,8.451609786584411e-34,0.04878135302758481,5.151183839182618e-06,0.048800063151171275,0.048805214335010276,0.00010554576820057999,5.034406886810983e-05,-0.0015250625047971997,-0.0016307305479077486,0.06714925067804484,0.027993761693402786,0.090848388706667,-0.021539220269071523,0.021354713713369177,0.04509607772342861,0.07395128635835135,-0.005353703621949535,0.005119900532008614,0.0487813530275848,0.05978112096376151,8.451609786584411e-34,0.04878135302758481,0.05877188782251302,0.06152006151733704,0.06227931801257401,0.0729763719397687,0.07348906643531584,0.0729763719397687,0.07348906643531584,0.07676152621852819,0.08275807235053324
10,5,0.6886753620365003,0.37908651980890656,0.5389567197479259,0.8240589859412876,64,1024,False,0.023397875773502812,0.015534290222163101,0.007863585551339704,0.023798936111863525,0.025209408094525054,0.02438424961812042,0.026141052647559088,1.8021577025968139e-34,0.015534290222163101,8.324379448969492e-06,0.016184482002570503,0.01619280638201952,0.0005140788602408583,-0.0019010175338453387,-0.004387515696173501,-0.005669290027551916,0.029596923790698552,0.00018542980544342808,0.04858306943079741,-0.02461860251255029,0.01863082677461325,0.017194692205521278,0.03210595995915355,-0.008304946721182205,0.002403858059551567,0.015534290222163101,0.023397875773502812,1.8021577025968139e-34,0.015534290222163101,0.023798936111863525,0.041861012808244474,0.04550237400933649,0.033715194846454875,0.0332256467528495,0.032319452655046634,0.03322564675284951,0.029767664341849256,0.029325956045224602
10,6,0.823351463142001,0.47358171319814746,0.6272575069147688,0.8781374477462874,64,1024,False,0.01562817874933092,0.012013121804518922,0.0036150569448121063,0.015033657197189859,0.015416249185519757,0.015107242748465958,0.016080985723207358,1.0852016392779989e-33,0.012013121804518922,2.5501888400863117e-06,0.01226700407407796,0.012269554262918026,0.0002078469018058533,0.000613936767896518,-0.0009082306861924119,-0.0015998207075797696,0.01632447987171217,-0.00891429129972694,0.039128776796658854,-0.01928994875299908,0.019620985008042255,0.008020447523449548,0.022650083192274906,-0.004133551396080293,0.004384458399727009,0.012013121804518922,0.01562817874933092,1.0852016392779989e-33,0.012013121804518922,0.015033657197189859,0.03785715978519176,0.03957630834076458,0.020317439753248994,0.021072265832686014,0.020317439753248994,0.021072265832686014,0.018991385073014757,0.01943113261477308
10,7,0.8691853909368116,0.5488207821485769,0.6971023408761963,0.9058519413467695,64,1024,False,0.023506640062478174,0.018462244577873214,0.0050443954846050645,0.027271045540649665,0.02271288250197722,0.02695433465178451,0.02267778418976305,2.86460466013781e-35,0.018462244577873214,1.4966605678705456e-05,0.01909930976085988,0.01911427636653856,0.0007830066590910021,-0.0005572064900008527,-0.0011657945029328466,-0.0020195227336767055,0.023878677004910066,0.0009460666782577856,0.05296260262531124,-0.020131433404201357,0.017569372069369933,0.018117600309778936,0.03658530060056364,-0.005445184382551815,0.002670145455340389,0.018462244577873214,0.023506640062478174,2.86460466013781e-35,0.018462244577873214,0.027271045540649665,0.03785715978519176,0.03906632322149041,0.019331442004809334,0.018005149817250467,0.019331442004809334,0.01800514981725047,0.016726560010447342,0.009728414811137913
10,8,0.9365960709674165,0.6766047987313253,0.8007218457276927,0.9454964511858663,64,1024,False,0.011288262320127944,0.009079956650040475,0.00220830567008745,0.013271526214289783,0.010669912141140875,0.013273928491842953,0.011105067277208747,6.591495234665314e-36,0.009079956650040475,8.754965023966442e-06,0.009381214176674669,0.009389969141698635,0.0009323742061182833,0.00014102236111760596,-4.073684556769203e-05,-0.00035181480359643466,0.010710648986708567,-0.009399196778751603,0.03594705376243751,-0.018325129212821534,0.0181328423333368,0.0073017239847104065,0.019538192900654394,-0.004084201747900806,0.003722717381606344,0.009079956650040475,0.011288262320127944,6.591495234665314e-36,0.009079956650040475,0.013271526214289783,0.02919739279301839,0.03333892733595582,0.011812258786746436,0.011325836310898655,0.011812258786746436,0.011325836310898655,0.008786935980868658,0.008113274159583002
10,9,0.9655195721566272,0.8013213210022436,0.8874525115095802,0.9662668762889812,64,1024,False,0.005331862758482176,0.0035322288480980567,0.0017996339103841159,0.006465658740716717,0.005193888202871399,0.007288049608742006,0.006201125398140237,6.0795686143162325e-34,0.0035322288480980563,7.1323224230292235e-06,0.0035960194268552844,0.003603151749278316,0.001979467677001884,2.2551929318410103e-05,-0.0003404751925043682,-0.000545968889946954,0.005534363395375767,-0.012650773376946329,0.02722687259443034,-0.01795876355891052,0.01768733428844903,0.0028071417327737436,0.011707465841027442,-0.004018141182314139,0.003640641829406377,0.0035322288480980567,0.005331862758482176,6.0795686143162325e-34,0.0035322288480980563,0.006465658740716717,0.01828693316802445,0.02095893767988507,0.004209317268894475,0.0024865714865752375,0.004209317268894475,0.0024865714865752375,0.004209317268894475,0.0024865714865752375
10,11,0.6902768126222404,0.6815143839724105,0.8098589442830003,0.9287834440870182,64,1024,False,0.01952511111476225,0.018314464505893174,0.0012106466088691074,0.017536921425613625,0.018053558065270852,0.0111312133230112,0.010928370498159293,4.124079386802806e-36,0.018314464505893174,3.0280792387861118e-05,0.018406843415859128,0.018437124208247,0.0016423815366127651,0.002092983452894434,0.0019665252956145387,0.0027643619482960896,0.016087032769656312,-0.013742655953064955,0.03600508259908736,-0.01571832953093369,0.021755309574517538,0.0029116487567080185,0.019175270390405785,-0.0009951280735549517,0.007052584558550734,0.018314464505893174,0.01952511111476225,4.124079386802806e-36,0.018314464505893174,0.017536921425613625,0.041861012808244474,0.04445264586141195,0.011812258786746436,0.00990403790712404,0.011812258786746436,0.00990403790712404,0.010319471532953395,0.00892181405515964
11,0,0.47385601563329033,0.17540652499457043,0.3467846094293205,0.41069882849985156,64,1024,False,0.019668864270150997,0.01203464640463193,0.007634217865519089,0.01740106533925404,0.021721053924011968,0.01740106533925404,0.021721053924011968,3.956835995873425e-33,0.012034646404631923,3.441955357487301e-07,0.011656498795569192,0.011656842991104926,2.9527337376970586e-05,-0.020066889042517584,-0.018177951469434853,-0.018213332709654615,0.03989900539344682,-0.00797845885196492,0.04278058953047299,-0.04361143284294056,0.003433028395519573,0.008682618361490313,0.025807072546740528,-0.02677264581870986,-0.013099650168442167,0.01203464640463193,0.019668864270150997,3.956835995873425e-33,0.012034646404631923,0.01740106533925404,0.0762386575368347,0.08136553120128108,0.0729763719397687,0.0751637142123748,0.0729763719397687,0.0751637142123748,0.05779539374735344,0.06060064105675116
11,1,0.48639069212173364,0.19626848118863474,0.36786455771172,0.3932474834837747,64,1024,False,0.05095866437806362,0.04067593327544643,0.010282731102617087,0.057949170821719805,0.04633056917001995,0.057862623244057394,0.046241525244075404,1.3302898921166232e-33,0.04067593327544644,2.6221030553477884e-06,0.040426496543278956,0.04042911864633432,6.485679488304978e-05,-0.013447800121793379,-0.009776999250841639,-0.009957746131914778,0.05610756842086159,0.025359388067932004,0.09036585842018278,-0.0358026475360576,0.008805596724559375,0.04301896763354307,0.07392290914867772,-0.019289791234768927,-0.007644861259905156,0.04067593327544643,0.05095866437806362,1.3302898921166232e-33,0.04067593327544644,0.057949170821719805,0.0762386575368347,0.08026845169357544,0.0729763719397687,0.07731283782996703,0.0729763719397687,0.07731283782996703,0.062270174535536266,0.06769261575602256
11,2,0.4793087560442283,0.20304826085489383,0.3745449514740912,0.37824574948922024,64,1024,False,0.062428405994098324,0.050321183259479964,0.01210722273461837,0.06698096748874117,0.06070308490368867,0.06636694961204785,0.060611563302895376,5.0981339706123125e-33,0.05032118325947996,1.0043767271806473e-05,0.04855469211587317,0.048564735883145034,0.0002068119405811961,-0.013039980407548694,-0.012239229566320084,-0.012365965983974993,0.07294231447000875,0.03197655988784752,0.10075733933624818,-0.035510498856294204,0.009259852009060404,0.049698018410708755,0.08423865616350668,-0.01899759728985373,-0.007220046536531299,0.050321183259479964,0.062428405994098324,5.0981339706123125e-33,0.05032118325947996,0.06698096748874117,0.0762386575368347,0.07993442793139689,0.0729763719397687,0.07571440106610633,0.0729763719397687,0.07571440106610633,0.062270174535536266,0.06379451915462138
11,3,0.4957237559234518,0.2215872039177339,0.39470750743449934,0.0885514147056684,64,1024,False,0.09403004067887864,0.07695143692470058,0.017078603754178266,0.09582593954091673,0.09822355031708443,0.09616520101490708,0.09850608328406871,4.277670373937742e-34,0.07695143692470058,1.4780672972268751e-05,0.07634048228038731,0.07635526295335944,0.0001935776579185815,0.00045974472862301955,-0.00046030968982342955,-0.00037307522884668374,0.09868386000690786,0.06028123613900395,0.13204916589081023,-0.020296248294963716,0.02111618728582465,0.07803529092052486,0.11549980294512352,-0.004567370291624684,0.005048550076026004,0.07695143692470058,0.09403004067887864,4.277670373937742e-34,0.07695143692470058,0.09582593954091673,0.0762386575368347,0.07525522825412542,0.0729763719397687,0.07180490333742795,0.0729763719397687,0.07180490333742795,0.11524892384333008,0.14543067324872166
11,4,0.5426743085904733,0.26503941624767957,0.4343403002961182,0.2720369503309753,64,1024,False,0.07005722791317152,0.058347475875944126,0.011709752037227347,0.06855916948725002,0.07583271558108069,0.06902909838173026,0.07627820307688005,4.857721794094129e-34,0.058347475875944126,3.988221932593874e-06,0.058283339113766354,0.05828732733569885,6.842348268302284e-05,-0.0005588915636804189,-0.0015867367856633857,-0.0014451806722962886,0.07741945236674408,0.03604460362335635,0.10201359314010416,-0.021535949163256577,0.020496820789652394,0.05351997575053247,0.08540645906759892,-0.005560190249525476,0.004407039443321992,0.058347475875944126,0.07005722791317152,4.857721794094129e-34,0.058347475875944126,0.06855916948725002,0.0762386575368347,0.07647136929591303,0.0729763719397687,0.07348906643531584,0.0729763719397687,0.07348906643531584,0.08032454613673749,0.08988711456343335
11,5,0.5723873369133278,0.32349875274989426,0.49066793606883846,0.7444620282314761,64,1024,False,0.05039413027161641,0.040936155165909226,0.009457975105707195,0.05181928483915341,0.051857896407853446,0.05162883633464109,0.05164779687734849,1.4111982037305255e-34,0.040936155165909226,2.2390592652474667e-05,0.04160881967755469,0.041631210270207136,0.0005378318935997453,-0.0015986496893818224,-0.003059652939137929,-0.003670158246600605,0.054917549346991376,0.020996484998995438,0.08226118767028674,-0.02264049775462101,0.018480653895668688,0.03855442628264427,0.06593509838421596,-0.006872758145618718,0.0025995175310526974,0.040936155165909226,0.05039413027161641,1.4111982037305255e-34,0.040936155165909226,0.05181928483915341,0.06152006151733704,0.06198200326391722,0.06521362578344414,0.06712710306119997,0.06610816912372919,0.06896594598064434,0.029767664341849256,0.029325956045224602
11,6,0.5962162369990482,0.38172990884347735,0.5425639584425475,0.8111970918412507,64,1024,False,0.043684611898060645,0.03897547570240013,0.00470913619566065,0.044986793728124044,0.042778386121774585,0.0409555314652795,0.03871972252444258,7.071426758678297e-34,0.03897547570240013,9.22300187180183e-06,0.03946088902255677,0.03947011202442851,0.00023367052685570303,0.003247958636997263,0.00048577729621646684,0.0010826340874452434,0.04229260882555812,0.010522161760067272,0.07138890117049172,-0.016084171281877387,0.02363643006946513,0.02815476468822453,0.05524368445185246,-0.0007440093468176201,0.00809139694320038,0.03897547570240013,0.043684611898060645,7.071426758678297e-34,0.03897547570240013,0.044986793728124044,0.06152006151733704,0.06230735998349005,0.033715194846454875,0.03146087507012104,0.032319452655046634,0.02957616403330132,0.029767664341849256,0.02891337695765452
11,7,0.6019833147036645,0.4236720106888523,0.5871045206110679,0.8377756779699567,64,1024,False,0.05356703429564331,0.04733053451847032,0.006236499777172902,0.05824419935205552,0.05342473015775794,0.05204894311347619,0.046567872247244804,6.402839697001782e-36,0.04733053451847032,2.993350259030085e-05,0.048058144691306155,0.04808807819389651,0.0006224724238220879,0.0026007246912139346,0.001527683655923155,0.002054467892389904,0.051897046501834784,0.02035943836973203,0.08373844785722034,-0.016347380234591178,0.02282181701130891,0.03811753728223266,0.0676073264767183,-0.0012366801602183841,0.007375084169325419,0.04733053451847032,0.05356703429564331,6.402839697001782e-36,0.04733053451847032,0.05824419935205552,0.06152006151733704,0.05343050766302679,0.03148200734020169,0.028508430449995698,0.032319452655046634,0.029747077749926052,0.029767664341849256,0.02601821636176152
11,8,0.6183201994062864,0.4986671163228394,0.6584750691566184,0.8782295571796197,64,1024,False,0.032534820789816496,0.029235840348057218,0.003298980441759284,0.03495517063908033,0.031870087161769436,0.031658213511101645,0.029035531932930805,1.04752533381437e-34,0.029235840348057218,1.7684476484808412e-05,0.029552771096883465,0.029570455573368303,0.000598045452527129,0.0038347858274743116,0.0033526941310203762,0.004534142592999076,0.02851739303074906,0.004139319959546854,0.059177107062656435,-0.014837658221341258,0.024881820349904476,0.021606352107482962,0.04309368368558353,0.0004398421078803949,0.009273054893128574,0.029235840348057218,0.032534820789816496,1.04752533381437e-34,0.029235840348057218,0.03495517063908033,0.06152006151733704,0.06001098649426297,0.020317439753248994,0.018846290481643286,0.020317439753248994,0.018846290481643286,0.018991385073014757,0.01673355729188916
11,9,0.6585561386126287,0.5695329153658725,0.7227484590219544,0.9007232701684047,64,1024,False,0.020456620408842236,0.017637438534331727,0.0028191818745105534,0.02285816554378081,0.020778035904667518,0.022113265136944178,0.020357216296192488,1.1587526564256476e-34,0.017637438534331727,2.3409863094811023e-05,0.017743470503993858,0.017766880367088702,0.001317612468319163,0.0038981888619559714,0.002895957283247821,0.003914646899060465,0.017882078621419696,-0.002861089916690651,0.04708762019057901,-0.014591843164290713,0.024488314477393427,0.014298552181571722,0.03090133117075311,0.000518849898071494,0.009097618967643939,0.017637438534331727,0.020456620408842236,1.1587526564256476e-34,0.017637438534331727,0.02285816554378081,0.041861012808244474,0.04375345897113118,0.019331442004809334,0.01990363709758902,0.019331442004809334,0.01953570923386084,0.018991385073014757,0.018561742798485197
11,10,0.6902768126222404,0.6815143839724105,0.8098589442830003,0.9287834440870182,64,1024,False,0.010247181023910005,0.009277350529768712,0.0009698304941413373,0.012160182680230096,0.01067969726022591,0.011717606062835041,0.010290383473269852,7.823007598459968e-35,0.009277350529768712,1.0542797383059392e-05,0.009341284276686141,0.009351827074069195,0.001127351617984097,0.004340408276221462,0.0037096716172179576,0.004904194215100245,0.006970025643007953,-0.010914599473063814,0.0343498115987339,-0.013647351228588667,0.024600414017132772,0.00586152306641452,0.018126154500350822,0.0012913156315335073,0.009579322519130073,0.009277350529768712,0.010247181023910005,7.823007598459968e-35,0.009277350529768712,0.012160182680230096,0.041861012808244474,0.044607028297991964,0.011812258786746436,0.01394870677900439,0.011812258786746436,0.01394870677900439,0.010319471532953395,0.010137620418223848
