source,target,cka,cca_shared,procrustes_shared,probe_cosine,metric_rank,metric_examples,full_dim_cca_saturation_possible,train_raw,train_geometry,residual_correction,cal_raw,test_raw,cal_clipped,test_clipped,train_mean_term,train_variance_term,test_mean_term,test_variance_term,test_geometry,mean_fraction,aligned_cal_raw,aligned_test_raw,aligned_test_clipped,alignment_raw_reduction,bernstein_lo,bernstein_hi,bernstein_aligned_lo,bernstein_aligned_hi,betting_lo,betting_hi,betting_aligned_lo,betting_aligned_hi,prediction__training_geometry,prediction__direct_training,prediction__mean_only,prediction__variance_only,prediction__direct_calibration,prediction__cka_common,prediction__cka_held_target,prediction__cca_shared_common,prediction__cca_shared_held_target,prediction__procrustes_shared_common,prediction__procrustes_shared_held_target,prediction__probe_cosine_common,prediction__probe_cosine_held_target
0,1,0.96583136120262,0.4135857405576681,0.5757919177153884,0.3579349481184481,64,1024,False,0.13623933539376779,0.13059443680029817,0.0056448985934695484,0.13076258783323524,0.13208588106533228,0.08434689337065901,0.08191087350738346,7.650083832303975e-33,0.1305944368002981,6.593332478691422e-07,0.13077043117147188,0.13077109050471994,5.041888427514067e-06,0.016375062100228252,0.01543143419045105,0.017318947068532715,0.11665444687488123,0.04584303164831234,0.12285075509300568,-0.006102906320892883,0.041875974577407465,0.06380248194182059,0.10646973847906338,0.010765100298158359,0.025275757820054423,0.13059443680029817,0.13623933539376779,7.650083832303975e-33,0.1305944368002981,0.13076258783323524,0.1625507399821655,0.16283352076077495,0.18879490858851877,0.19414992937863076,0.168642714714557,0.17285161770137047,0.1795430117620771,0.19183199159934158
0,2,0.9584304740932098,0.33899352831601637,0.5022587603908506,0.18742220931544254,64,1024,False,0.27164923133966407,0.26332761085942263,0.008321620480245292,0.2709460762489192,0.270132892653796,0.16397710400179236,0.16409938591073267,1.3154479050582168e-32,0.2633276108594227,1.5429905817214954e-06,0.266716308123529,0.26671785111411106,5.785104278833406e-06,0.019561959184255583,0.018369028758189045,0.0204200186117258,0.25176386389560695,0.11845903875506286,0.20949516924852185,-0.0026828772477095163,0.045222151586206835,0.1362197822672897,0.19235835097788367,0.014139985309157055,0.028558451369463,0.26332761085942263,0.27164923133966407,1.3154479050582168e-32,0.2633276108594227,0.2709460762489192,0.1625507399821655,0.15532438423104858,0.20221391928762092,0.20451543296225275,0.20221391928762092,0.2045154329622528,0.30126324976439267,0.3239659639857209
0,3,0.9213552738437812,0.27172140053191135,0.44145971028585673,0.1235995975870268,64,1024,False,0.5775430163230099,0.5732128142451652,0.00433020207784843,0.5864565692914175,0.5631158190998157,0.31362338369280346,0.30197407547842464,7.340123896682315e-33,0.5732128142451652,2.3826738279653475e-05,0.559531710519966,0.5595555372582458,4.25815431948035e-05,0.022671783443731452,0.022452344549063072,0.026005469599900237,0.5406634745507526,0.25851221663296925,0.36873455075263767,0.0005728725737813647,0.050177900074990775,0.2761528617920703,0.3506964802800212,0.017268667099415325,0.03339671591675142,0.5732128142451652,0.5775430163230099,7.340123896682315e-33,0.5732128142451652,0.5864565692914175,0.16628968730225746,0.16270670412373997,0.282037496886206,0.2831279611682326,0.2849490092940676,0.28649786740851096,0.35158627259335135,0.3584839043185045
0,4,0.8652351956977398,0.24223169689362528,0.41444187151448497,0.09546410976223095,64,1024,False,0.5237903181149012,0.519386583795075,0.004403734319825435,0.5169016512291679,0.49990631284884673,0.294304043145802,0.2925621360134219,2.3635413641320565e-32,0.5193865837950752,3.565838326677988e-05,0.4893698423853229,0.4894055007685906,7.286060988440036e-05,0.023109255527808244,0.022845477084293363,0.026072354710531723,0.4770608357645534,0.2399044669039999,0.3487036193876041,0.0015854448076672023,0.050934778087723634,0.25778280111262575,0.3309546376040089,0.01809031143784523,0.03402597195963608,0.519386583795075,0.5237903181149012,2.3635413641320565e-32,0.5193865837950752,0.5169016512291679,0.16628968730225746,0.16087417849629937,0.282037496886206,0.27875679873473375,0.2849490092940676,0.2820811251798842,0.35158627259335135,0.34288546319146623
0,5,0.8386981707344859,0.23120346210491421,0.4040416852169194,0.18461291797666685,64,1024,False,0.5491341185126095,0.5465169371772193,0.0026171813353859275,0.5582638498258099,0.5210194157802198,0.24078075075377847,0.23339783206059642,1.5141802462984844e-32,0.5465169371772192,2.6997441168532617e-06,0.5333280883700079,0.5333307881141265,5.062044376623441e-06,0.027127838789256845,0.026661614376937228,0.031212963418197456,0.4943578014032826,0.18852407284118688,0.29303742866637006,0.006524914950589808,0.05640755181191248,0.20661445020959945,0.2756774064109777,0.023161808618169744,0.03956407220539404,0.5465169371772193,0.5491341185126095,1.5141802462984844e-32,0.5465169371772192,0.5582638498258099,0.16628968730225746,0.16639717379388624,0.282037496886206,0.27262498355971443,0.2849490092940676,0.27635809768319947,0.30126324976439267,0.2917447090213772
0,6,0.6699046417541504,0.20963791356470357,0.3811290682531492,0.09408257193513193,64,1024,False,0.5680321169535293,0.5655151974734453,0.0025169194800842283,0.541259768545409,0.5623986692308491,0.18164016442277,0.1814125056760344,7.593140776455e-33,0.5655151974734454,0.0003278371027883146,0.5589458282129184,0.5592736653157058,0.0005861836934575723,0.028455403509227314,0.027935583454619082,0.032779144709727655,0.53446308577623,0.13222627080747942,0.2310540580380606,0.00805247668225369,0.05806752225518268,0.1500798611814389,0.21363533190015005,0.02475821287225699,0.041258844641561154,0.5655151974734453,0.5680321169535293,7.593140776455e-33,0.5655151974734454,0.541259768545409,0.1737530749610811,0.16667445899573435,0.30767683671374413,0.27696736800314214,0.2849490092940676,0.27359259527578983,0.35158627259335135,0.34160345701692724
0,7,0.5857162239436342,0.2008706503507643,0.3726070333504299,0.13606460504456397,64,1024,False,0.6838643090477775,0.6818860347995028,0.0019782742482774476,0.6877795199619985,0.6899955982316002,0.21869720894874548,0.21794281895398657,4.519066732756342e-33,0.6818860347995026,0.00016783565611522709,0.6860072500013851,0.6861750856574984,0.0002445959633675793,0.03349561562615158,0.029520541584402538,0.03460596049711778,0.6604750566471976,0.16688774225959765,0.27050667563789327,0.013456207809966769,0.0633711279858987,0.18469427178933984,0.25285276453359984,0.030048602995520923,0.04646773283457151,0.6818860347995028,0.6838643090477775,4.519066732756342e-33,0.6818860347995026,0.6877795199619985,0.23941716018188547,0.16896362796893538,0.3185416673799289,0.28126846268254485,0.3185416673799289,0.2753899714788464,0.35158627259335135,0.2862586175478335
0,8,0.5223581096173258,0.1930445349663126,0.3630149571129296,0.20272772798250738,64,1024,False,0.7588305679826074,0.7575068046137093,0.0013237633688996321,0.7768881042243253,0.760771085090673,0.23884598810669255,0.2372203186206312,1.0220210802704145e-32,0.7575068046137093,1.2988081940198436e-05,0.757582004258134,0.7575949923400732,1.7143832881049825e-05,0.0418631227164776,0.0385555159792077,0.0432521129175428,0.7222155691114653,0.1865502550154473,0.2911417211979378,0.020378503026033973,0.07188712855228503,0.20459031354403123,0.2737199580151355,0.036653368537372444,0.05474639533349546,0.7575068046137093,0.7588305679826074,1.0220210802704145e-32,0.7575068046137093,0.7768881042243253,0.27031888001880416,0.20381557960360727,0.3636365457418135,0.3003281072615338,0.3636365457418135,0.3003281072615338,0.30126324976439267,0.18535387467079711
0,9,0.47687741382007326,0.189700331977419,0.359868027424879,0.1982088966036571,64,1024,False,0.610176414377516,0.6088688822194546,0.0013075321580630274,0.611997216539788,0.6133428442814746,0.21405969379568202,0.21036567820861915,2.940331420940384e-32,0.6088688822194546,1.131477651625653e-06,0.6169996219290395,0.6170007534066893,1.8338351215591662e-06,0.046969296473458266,0.04367928164586213,0.04768336745350512,0.5696635626356125,0.1638129850839194,0.26430640250744464,0.024792033127562917,0.07651774940862627,0.18196539634664077,0.24716596827056492,0.04115271976479562,0.05940699160419172,0.6088688822194546,0.610176414377516,2.940331420940384e-32,0.6088688822194546,0.611997216539788,0.32456317266416274,0.26707636388903777,0.3636365457418135,0.3211495016354551,0.3636365457418135,0.3211495016354551,0.30126324976439267,0.2847049777515323
0,10,0.5139770804837634,0.18677255003068705,0.3592714474450245,0.1586269186925306,64,1024,False,0.4736071677255183,0.47265598490468963,0.0009511828208289159,0.482406281150198,0.47820498841150144,0.17905789852805176,0.17700947763332306,1.1464361546778301e-32,0.4726559849046897,9.954351035403902e-06,0.47358190016320284,0.47359185451423946,2.1018839197760326e-05,0.048825704224668545,0.0458577571855512,0.0503870513547182,0.43234723122595026,0.13171001918829867,0.22640577786780486,0.02766428941748099,0.07866802259822656,0.15008985093299998,0.20976899289235007,0.044044432339433115,0.061589828655996826,0.47265598490468963,0.4736071677255183,1.1464361546778301e-32,0.4726559849046897,0.482406281150198,0.27031888001880416,0.25439806363935397,0.3636365457418135,0.3466694406834729,0.3636365457418135,0.3466694406834729,0.30126324976439267,0.2930710723303855
0,11,0.46764309829341716,0.1754766696975516,0.34707141353202975,0.09554009951738739,64,1024,False,0.5886127997143256,0.5872430827416577,0.0013697169726639047,0.577509457382289,0.5867443104986817,0.19172066475159713,0.19073386025999287,1.786789671848222e-32,0.5872430827416577,0.0001350199978549839,0.5828689342815896,0.583003954279444,0.00023159362276000352,0.046421458756754595,0.04430801546389666,0.0504186952230135,0.5424362950347851,0.14265724183670142,0.24078408766649284,0.0268273058271256,0.07758036942809592,0.16080653445533244,0.2237451242544921,0.04293034307920607,0.06030927594110835,0.5872430827416577,0.5886127997143256,1.786789671848222e-32,0.5872430827416577,0.577509457382289,0.3456738206087223,0.25639477211273454,0.3636365457418135,0.33308327265031695,0.3636365457418135,0.33308327265031695,0.35158627259335135,0.32476609136319423
1,0,0.96583136120262,0.4135857405576681,0.5757919177153884,0.3579349481184481,64,1024,False,0.7207312002300132,0.7108281900196736,0.009903010210340861,0.7033640824781658,0.7187724865501097,0.2572866998026239,0.2721295136659259,2.5099692785434343e-32,0.7108281900196735,0.0002412682709462169,0.6969561498705712,0.6971974181415194,0.0003460544526819282,0.0015023307904325136,0.0024193070342661315,0.002604709501023194,0.7163531795158435,0.20100820768152372,0.3135651919237241,-0.019339022538788882,0.022411736933251127,0.21866801168653183,0.29539208499045344,-0.0033438416066928767,0.006477223927504383,0.7108281900196736,0.7207312002300132,2.5099692785434343e-32,0.7108281900196735,0.7033640824781658,0.1625507399821655,0.10279514454667496,0.18879490858851877,0.11228994967682684,0.168642714714557,0.10677705017687762,0.1795430117620771,0.13769996315998403
1,2,0.9835084406741234,0.5832048833929153,0.7238160700967851,0.6257866335192688,64,1024,False,0.19789930388000335,0.19371899370263426,0.004180310177369454,0.20195846006316304,0.19519739771337322,0.14431009964557737,0.13530488807817537,5.755234197621908e-34,0.19371899370263426,2.7394156141190054e-05,0.18744631436698175,0.1874737085231229,0.0001461226555819227,0.007736578745834873,0.006218185601245094,0.007085694204934868,0.18897921211212812,0.10014435225203384,0.1884758470391209,-0.0129089447064618,0.030106318242759344,0.1185603583289776,0.1720295375198475,0.003384568146429956,0.013950629756436683,0.19371899370263426,0.19789930388000335,5.755234197621908e-34,0.19371899370263426,0.20195846006316304,0.14144361887096643,0.14615214399401197,0.10242032182570592,0.10050511246600406,0.10746224377627438,0.10565717107395113,0.10749868219366891,0.10254707123079844
1,3,0.9486653850055733,0.3410676268024494,0.5108138389474541,0.47099470304845237,64,1024,False,0.1896572402984428,0.18766849196632832,0.001988748332114103,0.18115098583536357,0.19009983185051688,0.12684192833943894,0.13073132607186236,7.323883594072572e-39,0.18766849196632832,6.497972195770437e-05,0.1866933497856388,0.1867583295075966,0.0003479347996366676,0.01229885209655188,0.010891665972729808,0.013968911468989082,0.17920816587778707,0.08494864590356135,0.16873521077531653,-0.008708377149711479,0.03794591292323929,0.10306487042544177,0.15223600338504184,0.007908562292868737,0.021229545382084325,0.18766849196632832,0.1896572402984428,7.323883594072572e-39,0.18766849196632832,0.18115098583536357,0.1625507399821655,0.16270670412373997,0.19009707214986962,0.19188628941277086,0.19009707214986962,0.19188628941277086,0.10749868219366891,0.10926278271670754
1,4,0.8840184333337926,0.27653291564039867,0.44712674073659187,0.2985238689165549,64,1024,False,0.33198390621972357,0.32888984907097285,0.003094057148750196,0.2946280166860801,0.33600454272912594,0.1755347280436965,0.1925967620314992,3.816108551627709e-33,0.32888984907097285,1.364283754201953e-05,0.3218215578370327,0.3218352006745751,4.239075624239915e-05,0.013457965442659002,0.013148557905358826,0.01599390701096947,0.3228559848237671,0.12780267995878267,0.22326677612861032,-0.006940991909379468,0.03933580055324254,0.1455422330982401,0.20588579059403855,0.009537199584883638,0.022538332123076543,0.32888984907097285,0.33198390621972357,3.816108551627709e-33,0.32888984907097285,0.2946280166860801,0.16628968730225746,0.16087417849629937,0.24647296927949114,0.21014304924934904,0.24647296927949114,0.21014304924934904,0.20952638722125463,0.20799721649448394
1,5,0.8509945975947778,0.2517532892679003,0.42232990514332286,0.3421642395510552,64,1024,False,0.2801145850001426,0.27825631407236945,0.0018582709277735307,0.2693615170883675,0.27417083531482417,0.15477720147565013,0.15947269081941726,1.3621736569961484e-34,0.27825631407236945,3.919757489683714e-06,0.2750374751829471,0.2750413949404367,1.4251518359745745e-05,0.015729320659158014,0.015544419992283011,0.019591751860229826,0.25862641532254116,0.10881702533681609,0.20073737761448418,-0.0038962642374864923,0.04332357169207573,0.1267794629529817,0.18375529219338205,0.012527630482509267,0.02644012153177755,0.27825631407236945,0.2801145850001426,1.3621736569961484e-34,0.27825631407236945,0.2693615170883675,0.16628968730225746,0.16639717379388624,0.282037496886206,0.27262498355971443,0.2849490092940676,0.27635809768319947,0.1795430117620771,0.17867092771984333
1,6,0.6930359751250078,0.2224624532014567,0.39088195454644065,0.30167555206751284,64,1024,False,0.2903413521943083,0.2888492128709078,0.0014921393233998902,0.27990332035172055,0.2972277913694207,0.1295215291734824,0.14270950297826293,1.176748545826002e-36,0.2888492128709078,1.1990875057176303e-05,0.29850181475100174,0.2985138056260589,4.0168577905562555e-05,0.01798468014190559,0.01609812555651734,0.02069052840226605,0.28112966581290333,0.08485431228428905,0.17418874606267573,-0.0010677584500716278,0.045759590074737844,0.10289116678177379,0.15737811654253164,0.015400274241983425,0.028914037968206685,0.2888492128709078,0.2903413521943083,1.176748545826002e-36,0.2888492128709078,0.27990332035172055,0.16628968730225746,0.16667445899573435,0.282037496886206,0.27696736800314214,0.2849490092940676,0.27359259527578983,0.20952638722125463,0.18113506092290851
1,7,0.618233157013171,0.21232861039423986,0.38063788998273773,0.19323455253653785,64,1024,False,0.45993103524558143,0.4581165708227142,0.0018144644228651047,0.4850022148509258,0.45239803609982854,0.18942813342479167,0.1723540831577756,1.8065073618781584e-34,0.4581165708227142,1.1960302885360758e-06,0.46477435506164055,0.46477555109192836,2.5733502670830286e-06,0.02205236822664208,0.017407008295780246,0.022321815255783365,0.4349910278040483,0.14018665788200319,0.23866960896758016,0.0032543388931467188,0.05035570977093498,0.15853450803115265,0.22181629764963873,0.01971430011326447,0.03347443118400406,0.4581165708227142,0.45993103524558143,1.8065073618781584e-34,0.4581165708227142,0.4850022148509258,0.1737530749610811,0.16896362796893538,0.30767683671374413,0.27362642411773686,0.2920861852492853,0.2753899714788464,0.30126324976439267,0.2862586175478335
1,8,0.5502715971739797,0.20549706451551908,0.3745760670264757,0.22530648817928403,64,1024,False,0.5026899209261505,0.5012986293475783,0.001391291578571118,0.5339262642195982,0.5131025492004225,0.18372923451545198,0.17509362306226747,3.883445139862422e-34,0.5012986293475783,2.2498580990055697e-05,0.5103734198480662,0.5103959184290534,4.408064441287861e-05,0.028171730301362653,0.024762508825317175,0.0292957982972849,0.48834004037510537,0.13523776312950248,0.23222070590140148,0.007804000282014646,0.05685399691598069,0.15371079700707924,0.21555634218384512,0.0240174623177154,0.03975331272522453,0.5012986293475783,0.5026899209261505,3.883445139862422e-34,0.5012986293475783,0.5339262642195982,0.23941716018188547,0.20381557960360727,0.30767683671374413,0.27871355974324263,0.31791328094441546,0.27871355974324263,0.21073996096790992,0.18535387467079711
1,9,0.5058181639693814,0.20069132131608336,0.3709085586359705,0.199073429803869,64,1024,False,0.383917926394624,0.3824468645040543,0.0014710618905676748,0.4099643509338532,0.38871738141854334,0.1759390215737111,0.16597216455542002,3.0543716733714695e-34,0.3824468645040543,1.2394190273144963e-05,0.3940259066546801,0.3940383008449535,3.1454278039895e-05,0.03204098245954589,0.028385125593956468,0.03228450174377747,0.3603322558245869,0.12849733022200086,0.22338071292542136,0.01100371696435664,0.060309759261930364,0.1468588819989236,0.2067183553299401,0.027364662324544042,0.04331013569026254,0.3824468645040543,0.383917926394624,3.0543716733714695e-34,0.3824468645040543,0.4099643509338532,0.27031888001880416,0.2564755726370583,0.3185416673799289,0.3066522454543687,0.3185416673799289,0.30824394999937876,0.30126324976439267,0.2847049777515323
1,10,0.5391580279232309,0.19619810733910245,0.36721991860784753,0.17019753770128807,64,1024,False,0.3231899828371356,0.32217303202862413,0.0010169508085123313,0.3331168316627733,0.325669096348919,0.17239275755438685,0.16696791178319476,1.767549169480607e-34,0.32217303202862413,7.301373578012752e-08,0.3251154603098897,0.3251155333236253,2.2457781402726292e-07,0.03311663623790587,0.031279208960408776,0.035668560802830374,0.29438988738851024,0.12556796568956058,0.21921754941921312,0.013100557326113316,0.06172464332576598,0.1438082124805078,0.20247853692853823,0.02946107817842858,0.044714622643368784,0.32217303202862413,0.3231899828371356,1.767549169480607e-34,0.32217303202862413,0.3331168316627733,0.23941716018188547,0.23326648163851438,0.3185416673799289,0.31645950105380827,0.3185416673799289,0.31678256325172094,0.30126324976439267,0.2930710723303855
1,11,0.48433033195141934,0.1970381451476993,0.3683891252114567,0.13065312442078444,64,1024,False,0.5834464618354012,0.5821463432252594,0.0013001186101397632,0.5815964415710484,0.5762218487620149,0.2255057128969973,0.22409414274611372,4.979267521773898e-33,0.5821463432252595,0.00011409190022128543,0.5716698516419754,0.5717839435421963,0.00019953673325362575,0.02884002974269889,0.027484234705405383,0.03340707266478489,0.5487376140566095,0.174473023679416,0.27653840211457864,0.010510715604393515,0.058517442970556624,0.19257837080658646,0.2592752217897214,0.02671196271694498,0.04135489517648239,0.5821463432252594,0.5834464618354012,4.979267521773898e-33,0.5821463432252595,0.5815964415710484,0.32456317266416274,0.25639477211273454,0.3185416673799289,0.2886529307219261,0.3185416673799289,0.2891737177063571,0.35158627259335135,0.32476609136319423
2,0,0.9584304740932098,0.33899352831601637,0.5022587603908506,0.18742220931544254,64,1024,False,0.807445653365396,0.7955686290645937,0.011877024300801724,0.7675035281773642,0.7948298059409789,0.26921631162509096,0.28202028758334485,2.69391376901109e-35,0.7955686290645937,9.829367294721933e-05,0.7723683616432484,0.7724666553161962,0.00012724649312789363,0.0005433725856978616,0.0006872953208953275,0.0012199292295288554,0.7941425106200836,0.21205940288788455,0.3263732203622974,-0.020581081661874747,0.02223071073582354,0.22973813940188847,0.3081655466812663,-0.004287883071810938,0.006165197934024036,0.7955686290645937,0.807445653365396,2.69391376901109e-35,0.7955686290645937,0.7675035281773642,0.1625507399821655,0.10279514454667496,0.20221391928762092,0.16863546182887088,0.20221391928762092,0.16863546182887088,0.30126324976439267,0.3073754279852022
2,1,0.9835084406741234,0.5832048833929153,0.7238160700967851,0.6257866335192688,64,1024,False,0.6451780442007433,0.6417257191444163,0.0034523250563321525,0.6107649230842149,0.6221458220677887,0.23384612174690855,0.24284128688786605,2.8497685797995466e-35,0.6417257191444163,0.00016904612308406774,0.617005059442733,0.6171741055658159,0.000273903460238483,0.004990394169846819,0.0027689596625253567,0.0035932299831522505,0.6193768624052634,0.17943007220896046,0.28826217128485665,-0.015040340273122569,0.026088191932204612,0.19726680487656267,0.2704281100377557,0.0009186880706693046,0.010403126056189649,0.6417257191444163,0.6451780442007433,2.8497685797995466e-35,0.6417257191444163,0.6107649230842149,0.14144361887096643,0.0743977182690738,0.10242032182570592,0.07507290379151146,0.10746224377627438,0.07848549702162617,0.10749868219366891,0.07529330702939498
2,3,0.9703533343985177,0.4655057333293809,0.6335206304084099,0.6595764940669329,64,1024,False,0.12572046670854614,0.1252518446558389,0.00046862205270736454,0.11511372158640384,0.12741919801885762,0.04119896911024065,0.04727787717911148,6.997436093185338e-33,0.12525184465583897,4.676873978919673e-05,0.13082499390590202,0.13087176264569123,0.00035736310754684044,0.009043115181848966,0.006437744555932882,0.008929931118527547,0.12098145346292474,0.006808400295217107,0.0755895379252642,-0.01166740421896383,0.03358393152384587,0.02441407577134669,0.05916855669056531,0.004844027542276308,0.016999927633150946,0.1252518446558389,0.12572046670854614,6.997436093185338e-33,0.12525184465583897,0.11511372158640384,0.14144361887096643,0.1452050327687611,0.10242032182570592,0.10635763771639048,0.10746224377627438,0.11061784456204403,0.07313306305251395,0.052677626940496866
2,4,0.9011102758109778,0.35185863638705583,0.5231415849668131,0.39436757205818473,64,1024,False,0.25443099493349597,0.25210716744934775,0.0023238274841503354,0.22758816827793657,0.2692079678610414,0.11176976092680521,0.1378530933028624,1.6295165399111315e-34,0.25210716744934775,3.573866025884857e-05,0.25876456536695425,0.25880030402721316,0.00013809357911376567,0.009839979089600555,0.009275251693599875,0.01191158959030138,0.2599327161674415,0.0685355364025243,0.15500398545108612,-0.010600203298835898,0.03507804514768521,0.08626580455893418,0.13797996604989748,0.005909856517973822,0.018458344296959694,0.25210716744934775,0.25443099493349597,1.6295165399111315e-34,0.25210716744934775,0.22758816827793657,0.16628968730225746,0.16087417849629937,0.19009707214986962,0.20041347117917213,0.19009707214986962,0.19208242033262077,0.16072865510952083,0.13844215072004895
2,5,0.8620061669106359,0.3074011937878723,0.4784460611196508,0.31613053743044495,64,1024,False,0.2542882760029258,0.25233641881126634,0.001951857191659352,0.23596132167315056,0.26778312424895245,0.12914349169756928,0.14652449583716978,1.2849590810727813e-33,0.25233641881126634,4.721594227453198e-07,0.2588123172948245,0.2588127894542472,1.8243280161732037e-06,0.014232605742378925,0.012632515000062601,0.01645156802984809,0.2551506092488898,0.084479369954275,0.17380761344086354,-0.005810197135401665,0.04155763447720838,0.10262389163835905,0.15715371348051121,0.010750808913144283,0.024804800246783998,0.25233641881126634,0.2542882760029258,1.2849590810727813e-33,0.25233641881126634,0.23596132167315056,0.16628968730225746,0.16639717379388624,0.20221391928762092,0.2058788050554475,0.20221391928762092,0.2058788050554475,0.1795430117620771,0.17867092771984333
2,6,0.6880080822327526,0.25884626635201324,0.4289703502348647,0.2660299935735054,64,1024,False,0.37223321116866037,0.37059793456823037,0.00163527660043093,0.3630199455151271,0.4046204954276961,0.14811404622715554,0.16305025721040076,6.884899298706038e-33,0.3705979345682304,8.871249929792138e-05,0.39808648915496453,0.39817520165426207,0.0002227976502036181,0.016582806351245136,0.013437611027831782,0.017770453438928267,0.3911828843998643,0.10106813161070993,0.19515996084360115,-0.002809782427746637,0.044318496134513635,0.1192902520779171,0.17835080916120205,0.013722139992751181,0.027507714868988842,0.37059793456823037,0.37223321116866037,6.884899298706038e-33,0.3705979345682304,0.3630199455151271,0.16628968730225746,0.16667445899573435,0.282037496886206,0.27696736800314214,0.2849490092940676,0.27359259527578983,0.20952638722125463,0.18482704021562846
2,7,0.6029586531241123,0.24081598212550098,0.4101600973082911,0.18987640059476202,64,1024,False,0.3982758543606176,0.3964769694279546,0.0017988849326605644,0.4191331133026509,0.4276224377984612,0.16995179009939082,0.1707319192821418,4.562395411227664e-33,0.3964769694279546,1.9773403693897255e-05,0.4270796352093501,0.427099408613046,4.629695872937171e-05,0.020557900781444878,0.015693429976129988,0.02042753319876576,0.4119290078223312,0.12194344776397936,0.21796013243480228,0.0015958250738491303,0.048808915140062664,0.1402111617862829,0.20113143689377466,0.018135372243705206,0.03195975369453663,0.3964769694279546,0.3982758543606176,4.562395411227664e-33,0.3964769694279546,0.4191331133026509,0.20751252917242663,0.16896362796893538,0.282037496886206,0.27362642411773686,0.2849490092940676,0.2753899714788464,0.30126324976439267,0.2862586175478335
2,8,0.5333374938122847,0.22731999503119116,0.39610978667935715,0.17296312367899702,64,1024,False,0.3961901353184085,0.39457784322067224,0.0016122920977336855,0.4114277362653517,0.42290287242836294,0.17366502967222625,0.17633768853880505,6.213512223779875e-35,0.39457784322067224,5.958627046713468e-05,0.4249386085779747,0.4249981948484415,0.00014020358483730438,0.026947446255099965,0.022777564909846258,0.027204186468077946,0.40012530751851666,0.12618217415338334,0.22114788519106915,0.006621013421024162,0.05544777592208501,0.1444408214010764,0.20432518156303558,0.022854500952234957,0.03834821647615172,0.39457784322067224,0.3961901353184085,6.213512223779875e-35,0.39457784322067224,0.4114277362653517,0.2700862174224647,0.20381557960360727,0.282037496886206,0.27871355974324263,0.2849490092940676,0.27871355974324263,0.30126324976439267,0.2884621323095857
2,9,0.48754049286665074,0.21983603631534226,0.38876920197723575,0.14147808386440006,64,1024,False,0.37436490907267195,0.3726478507934023,0.0017170582792725975,0.37211434468269317,0.3901407694498711,0.18287731974242669,0.18753590076766952,1.0546392375464503e-34,0.3726478507934023,5.531282362117238e-05,0.39903187100567045,0.3990871838292909,0.00013859834608177338,0.030540051655198488,0.026676681796682408,0.03046242916092827,0.36346408765318866,0.13499107754167983,0.23076356194317355,0.009539358254000978,0.05864673836808607,0.15311658487917157,0.21377155988739105,0.02586645656992914,0.0415947987276013,0.3726478507934023,0.37436490907267195,1.0546392375464503e-34,0.3726478507934023,0.37211434468269317,0.27031888001880416,0.2564755726370583,0.282037496886206,0.2814512480962001,0.2849490092940676,0.2845959445839195,0.30126324976439267,0.2847049777515323
2,10,0.519147405239464,0.21273335546337002,0.3808824295664114,0.10183657521255213,64,1024,False,0.30818470238519374,0.30691967899098765,0.001265023394205847,0.2806575830070344,0.3121703437168907,0.16992446346089402,0.18283346846968276,1.5639706920383203e-33,0.3069196789909877,0.00023702558555694774,0.3173287192014375,0.31756574478699484,0.0007463827237283767,0.03151063657935228,0.02929752160599094,0.03359715357554014,0.28287282211089976,0.12342717286909062,0.21642175405269742,0.01147186882528008,0.06000314182930706,0.1414014423135086,0.1994138530208147,0.027870182486367412,0.042998411518055946,0.30691967899098765,0.30818470238519374,1.5639706920383203e-33,0.3069196789909877,0.2806575830070344,0.27031888001880416,0.25439806363935397,0.282037496886206,0.28431934615563204,0.2849490092940676,0.287272836106056,0.35158627259335135,0.3628634576465857
2,11,0.4754839300318139,0.2052487008803888,0.37633588769028153,0.05232247846037844,64,1024,False,0.39193055488879086,0.39033078183309383,0.0015997730556972488,0.3870105610713709,0.3923796255991972,0.21898479719478925,0.22490208267708334,2.0014315554196218e-33,0.39033078183309383,1.8510647452283204e-05,0.39535990883005434,0.3953784194775078,4.6817546280712556e-05,0.028085376449588296,0.026162961427795926,0.03203568447699494,0.36621666417140125,0.16946594942217172,0.26850364496740675,0.009852569955936263,0.05758184066743087,0.18738985436357325,0.2511822838932858,0.02611905452067731,0.04046645641938085,0.39033078183309383,0.39193055488879086,2.0014315554196218e-33,0.39033078183309383,0.3870105610713709,0.32456317266416274,0.25639477211273454,0.30767683671374413,0.2886529307219261,0.2920861852492853,0.2852971753423664,0.35158627259335135,0.32476609136319423
3,0,0.9213552738437812,0.27172140053191135,0.44145971028585673,0.1235995975870268,64,1024,False,1.023657820647766,1.0105607078926846,0.01309711275508107,0.9814121756459805,1.0071555652557822,0.2778912315096308,0.2937794944735348,6.540037040054767e-33,1.0105607078926846,0.0003047858276126418,0.983938908937665,0.9842436947652777,0.00030966500393515557,-0.0012595671834730985,-0.00020253530860746263,2.6318782292573173e-05,1.0073581005643897,0.22003875005689677,0.3357437129623648,-0.022448537285731953,0.01987226238281278,0.23774730717559578,0.31750943639781326,-0.00633575701067457,0.0038173939756234176,1.0105607078926846,1.023657820647766,6.540037040054767e-33,1.0105607078926846,0.9814121756459805,0.16628968730225746,0.14193531424475384,0.282037496886206,0.25010488882771525,0.2849490092940676,0.25010488882771525,0.35158627259335135,0.3397675470382775
3,1,0.9486653850055733,0.3410676268024494,0.5108138389474541,0.47099470304845237,64,1024,False,0.20888104538391736,0.20254140402545245,0.006339641358465734,0.1903799612305633,0.20384922645856016,0.1440151690808768,0.15303853635795112,1.6651398241158144e-32,0.20254140402545248,3.0037077614553317e-07,0.20140874779646137,0.2014090481672376,1.49134698206867e-06,0.0041790681573684405,0.0034415257628390137,0.0045066844545260205,0.20040770069572114,0.09845570838965514,0.18957462977209846,-0.01610530198716844,0.025953260945630316,0.11607255043054465,0.17223166528128786,0.00014434960030484945,0.010128246743988711,0.20254140402545245,0.20888104538391736,1.6651398241158144e-32,0.20254140402545248,0.1903799612305633,0.1625507399821655,0.16283352076077495,0.19009707214986962,0.19414992937863076,0.19009707214986962,0.1900404943337309,0.10749868219366891,0.09957045969648956
3,2,0.9703533343985177,0.4655057333293809,0.6335206304084099,0.6595764940669329,64,1024,False,0.04679680051050353,0.04125361151733636,0.005543188993167209,0.052677626940496866,0.03828040129525962,0.05247324819236197,0.03834421681378053,9.930013952351173e-33,0.04125361151733637,3.556062589263046e-05,0.0410495760016047,0.041085136627497326,0.000865535052616341,0.0029966094815756755,0.003226184727889282,0.0035899187008105677,0.03505421656737034,0.02176466373228901,0.08318183265243492,-0.01705648439351816,0.023939353438265656,0.03939292566064978,0.06690084966976428,-0.0011276858640485443,0.008288168392027728,0.04125361151733636,0.04679680051050353,9.930013952351173e-33,0.04125361151733637,0.052677626940496866,0.14144361887096643,0.14615214399401197,0.10242032182570592,0.10050511246600406,0.10746224377627438,0.10565717107395113,0.07313306305251395,0.07995154175651965
3,4,0.937844703963027,0.5508041722171014,0.7035366839051936,0.5466883548524604,64,1024,False,0.08664462801542092,0.08432520608108644,0.0023194219343345792,0.08130659189266799,0.09261946891136569,0.06849673684370407,0.08138035321474889,1.2002998277642095e-32,0.08432520608108644,2.1636615979375592e-06,0.08411057680311135,0.08411274046470922,2.5723351610988783e-05,0.005488915623618801,0.005219671795551536,0.005980765655382132,0.08739979711581415,0.03322957241123645,0.10376390127617169,-0.015579758129261169,0.027712488937775913,0.05081657578557497,0.08720897233433789,0.000658397788356524,0.011401327123166993,0.08432520608108644,0.08664462801542092,1.2002998277642095e-32,0.08432520608108644,0.08130659189266799,0.1625507399821655,0.16087417849629937,0.10242032182570592,0.10485340688658969,0.10746224377627438,0.11079606448009778,0.10749868219366891,0.11012071549077262
3,5,0.8882415342124564,0.41568800941077017,0.575006389094008,0.42336697113772154,64,1024,False,0.11427478580396079,0.1122580589822445,0.00201672682171609,0.1127410804930315,0.11960793115282055,0.0940588197909815,0.10131613782417463,5.2733503477246895e-33,0.11225805898224447,5.354916340106054e-06,0.11313342097126534,0.11313877588760496,4.733051332839034e-05,0.011278382331799309,0.009252305154051557,0.01157949087847411,0.110355625998769,0.05658381004939228,0.13153382953257073,-0.009594104260120419,0.03706204086006864,0.07451388912159018,0.11521912450552918,0.006954729382414371,0.020341621289844625,0.1122580589822445,0.11427478580396079,5.2733503477246895e-33,0.11225805898224447,0.1127410804930315,0.16628968730225746,0.16639717379388624,0.10242032182570592,0.10645610789888248,0.168642714714557,0.18457548820394776,0.10749868219366891,0.11212531930317203
3,6,0.719781565751225,0.311267068680427,0.47759959261414986,0.3306380133950696,64,1024,False,0.17079268374080936,0.1690064139425268,0.0017862697982830044,0.16569647883493333,0.1864036288752865,0.11258441006838917,0.12437067986359054,2.432163559822858e-32,0.16900641394252683,2.1234319854217463e-05,0.17962348505500075,0.1796447193748551,0.00011820174802861271,0.01207849938219362,0.01037824858420608,0.013909670859800913,0.17602538029108042,0.07122253227241555,0.15394628786436276,-0.007879991689816665,0.03864386787627781,0.08950833159178728,0.13766684685106156,0.00870197183394339,0.021923219865129795,0.1690064139425268,0.17079268374080936,2.432163559822858e-32,0.16900641394252683,0.16569647883493333,0.16628968730225746,0.16667445899573435,0.20221391928762092,0.20502295316859684,0.20221391928762092,0.20502295316859692,0.1795430117620771,0.18113506092290851
3,7,0.6378988561741685,0.2796655109368926,0.4488019991748281,0.22840166325202682,64,1024,False,0.18774890247817344,0.1858204006683743,0.001928501809799045,0.18850988020587117,0.20153512594724093,0.132042616497553,0.13728873968058,1.8617622727233288e-32,0.18582040066837435,1.05325251232937e-06,0.19910660601332458,0.19910765926583698,5.289864368919774e-06,0.014083939357383673,0.011324227986690406,0.015558354727915743,0.19021089796055052,0.08962103598350757,0.17446419701159843,-0.004968807979502238,0.04149916699481965,0.10793985163763864,0.1581383746888605,0.011526356531248894,0.024684143427293748,0.1858204006683743,0.18774890247817344,1.8617622727233288e-32,0.18582040066837435,0.18850988020587117,0.1737530749610811,0.16896362796893538,0.20221391928762092,0.2032680761400632,0.20221391928762092,0.2032680761400632,0.20952638722125463,0.211412917187609
3,8,0.5611769056422438,0.2549645298839089,0.4247870164097193,0.1769283935363962,64,1024,False,0.21821747924142273,0.21638324243672227,0.0018342368047012008,0.2222110087976926,0.23673145829486703,0.14621472522651374,0.15425457110656485,6.755773292658543e-33,0.2163832424367222,2.6642460120828025e-05,0.23334742945885895,0.23337407191898013,0.00011416203994622598,0.018250358008035893,0.01654889930762151,0.020607133576585588,0.2201825589872455,0.10279816897114598,0.18963128148188152,-0.0017755042751420487,0.04585783776130181,0.12101099073333899,0.17314195841026958,0.01455762791010784,0.02884835311124334,0.21638324243672227,0.21821747924142273,6.755773292658543e-33,0.2163832424367222,0.2222110087976926,0.23941716018188547,0.20381557960360727,0.282037496886206,0.27871355974324263,0.2849490092940676,0.27871355974324263,0.30126324976439267,0.2884621323095857
3,9,0.5168960001495547,0.24159812813781106,0.41217483227779056,0.14380420146721348,64,1024,False,0.21043476502509018,0.20853663341308282,0.001898131612006324,0.2083756152098842,0.22294043452940404,0.14948024693764148,0.158619357003982,4.65693078995763e-33,0.20853663341308282,5.8252960321415336e-05,0.22688167987507651,0.2269399328353976,0.00025668889381256203,0.021295348175169464,0.019469127926773924,0.02299932045001207,0.20347130660263013,0.10653752117069401,0.19242297270458894,0.0006511720895492415,0.0486631823264595,0.12456089433544548,0.17579068266786635,0.01700281840749085,0.0316429485756089,0.20853663341308282,0.21043476502509018,4.65693078995763e-33,0.20853663341308282,0.2083756152098842,0.27031888001880416,0.2564755726370583,0.282037496886206,0.2814512480962001,0.2849490092940676,0.2845959445839195,0.30126324976439267,0.2847049777515323
3,10,0.5506435387815342,0.23564062614047593,0.40715934786386454,0.10406087550716074,64,1024,False,0.22922812437766996,0.22785776179645223,0.001370362581218283,0.2195256312214499,0.23521683706503624,0.17101009876061365,0.18096485498966827,1.1326095184210852e-32,0.22785776179645223,0.00020049933422122774,0.23783639370037016,0.23803689303459138,0.0008423036096009339,0.02205026458623585,0.021691834157980008,0.025712984779864632,0.21352500290705623,0.12641187466924178,0.21560832285198553,0.002233671054906905,0.04990065115735991,0.14427593661093852,0.19867050786706386,0.01871090108761564,0.03301406973332632,0.22785776179645223,0.22922812437766996,1.1326095184210852e-32,0.22785776179645223,0.2195256312214499,0.23941716018188547,0.23326648163851438,0.282037496886206,0.28431934615563204,0.2849490092940676,0.287272836106056,0.35158627259335135,0.3628634576465857
3,11,0.4982490273418903,0.22240755589267708,0.395446319096461,0.07493819485735406,64,1024,False,0.28902706262539757,0.2874346511728178,0.0015924114525813632,0.28935153003121034,0.2812177704921592,0.2171150039950176,0.21536993043229524,1.510937373482833e-32,0.2874346511728178,3.1287682310394864e-05,0.282744956427307,0.2827762441096181,0.00011064466327046273,0.01939048025048243,0.01929325852884426,0.02497811342022972,0.2619245119633149,0.16940671867513044,0.26482328931490473,0.0013185379673634964,0.04817571473610655,0.18708016868913546,0.24740862159524113,0.017650509435043205,0.03118485013692407,0.2874346511728178,0.28902706262539757,1.510937373482833e-32,0.2874346511728178,0.28935153003121034,0.27031888001880416,0.25639477211273454,0.282037496886206,0.2848653291267265,0.2849490092940676,0.2852971753423664,0.35158627259335135,0.32476609136319423
4,0,0.8652351956977398,0.24223169689362528,0.41444187151448497,0.09546410976223095,64,1024,False,0.2908766915259439,0.2775157060944705,0.013360985431473769,0.2693463381429078,0.2922778563119788,0.19426448073144695,0.21174078160272483,2.995799127785109e-32,0.27751570609447046,1.2219180381670532e-05,0.2722409463752699,0.27225316555565127,4.48816834020349e-05,0.0013728527541980889,0.001994497946877392,0.002792402922809482,0.2902833583651014,0.14379261529238996,0.24473634617050394,-0.01981198289464333,0.02331389085070227,0.1613484437839361,0.2269303732100525,-0.00347582992981188,0.007155326275096741,0.2775157060944705,0.2908766915259439,2.995799127785109e-32,0.27751570609447046,0.2693463381429078,0.16628968730225746,0.1453158031377233,0.282037496886206,0.2600326496774409,0.2849490092940676,0.2600326496774409,0.35158627259335135,0.3764653924451579
4,1,0.8840184333337926,0.27653291564039867,0.44712674073659187,0.2985238689165549,64,1024,False,0.21750130807142148,0.2098732226115146,0.007628085459906134,0.19831792187290223,0.20259704848395063,0.14532417117763113,0.1527626184918331,2.0581903350816339e-32,0.20987322261151453,9.822485113866346e-06,0.20666127850399252,0.20667110098910557,4.752713401562673e-05,0.004914384299123228,0.005245603775862512,0.006883981173490939,0.19735144470808813,0.09968840849783284,0.19095993385742943,-0.015453221758975653,0.027820938320250645,0.11730717568570981,0.1736350625360501,0.001052255480317399,0.011762096095480956,0.2098732226115146,0.21750130807142148,2.0581903350816339e-32,0.20987322261151453,0.19831792187290223,0.16628968730225746,0.1675906263991474,0.24647296927949114,0.29366710071697294,0.24647296927949114,0.2946280166860801,0.20952638722125463,0.21729932818791808
4,2,0.9011102758109778,0.35185863638705583,0.5231415849668131,0.39436757205818473,64,1024,False,0.19178709837040192,0.18417578432110748,0.007611314049294119,0.20471631393193537,0.17499333849570006,0.14548487562720677,0.1283580367452475,3.0687792578362497e-32,0.18417578432110748,0.00034417821942236596,0.17754161571145186,0.1778857939308745,0.0019348269011077513,0.0050839758962243665,0.0058017621515274505,0.006671485430431211,0.16919157634417262,0.10080971223335304,0.1901600390210605,-0.01593658896280074,0.027550767072311678,0.11902829962491523,0.1735215712833451,0.000477542525914032,0.011322143065626733,0.18417578432110748,0.19178709837040192,3.0687792578362497e-32,0.18417578432110748,0.20471631393193537,0.16628968730225746,0.1668107305499565,0.19009707214986962,0.18817118366734098,0.19009707214986962,0.1871732237934565,0.16072865510952083,0.146066102168716
4,3,0.937844703963027,0.5508041722171014,0.7035366839051936,0.5466883548524604,64,1024,False,0.03217604297785777,0.029698030710589823,0.002478012267267968,0.03038754867921207,0.029076958579459983,0.015596563973191875,0.015812611160538743,6.325225923949191e-33,0.029698030710589834,1.0562059240852822e-05,0.03055391893217347,0.030564480991414393,0.00034556645158868296,0.005122179424540142,0.004145734126727003,0.005580533303482896,0.02493122445273298,-0.011189559069390707,0.04238268701577445,-0.014967710874218706,0.026553160769227792,0.005846296015079133,0.02586265826539602,0.0010294488893123344,0.010718038436607458,0.029698030710589823,0.03217604297785777,6.325225923949191e-33,0.029698030710589834,0.03038754867921207,0.1625507399821655,0.16270670412373997,0.10242032182570592,0.10635763771639048,0.10746224377627438,0.11061784456204403,0.10749868219366891,0.10926278271670754
4,5,0.9671024528534188,0.6575469341064096,0.7854381365970555,0.6258166702059337,64,1024,False,0.0832127890117472,0.0820841210917548,0.0011286679199925466,0.09180494121995622,0.08623765712769842,0.07132059596345902,0.06896316507109536,1.585448133147392e-33,0.0820841210917548,1.5761961312222774e-05,0.08643993474898948,0.08645569671030184,0.00018231258218921528,0.009186225664622735,0.008210185783632976,0.01017066742966522,0.07802747134406544,0.03612452721069226,0.10651666471622578,-0.011372363708439831,0.033771339075227225,0.052941104127967265,0.0892353236413328,0.005162680463399738,0.01731433387612924,0.0820841210917548,0.0832127890117472,1.585448133147392e-33,0.0820841210917548,0.09180494121995622,0.14144361887096643,0.14853485853539647,0.05162270611349237,0.032935962463198874,0.04597294575656944,0.032935962463198874,0.07313306305251395,0.06690910366336653
4,6,0.8067499377271222,0.43898910253379575,0.5976697058607423,0.4230322840735964,64,1024,False,0.10147916356422568,0.10004209463990556,0.001437068924320656,0.10652015493619818,0.10553129081700997,0.07735202303605873,0.07755055612535793,6.412720167000143e-33,0.10004209463990554,3.46754139278444e-05,0.10290320670789901,0.10293788212182674,0.0003368576583575533,0.010406944979136464,0.010461480939690059,0.01383616983255302,0.09506980987731992,0.040824859606416804,0.11387918646570067,-0.00932404960316239,0.03625551484771163,0.05869279181206366,0.09759155514620943,0.00729365625011269,0.019714659923920408,0.10004209463990556,0.10147916356422568,6.412720167000143e-33,0.10004209463990554,0.10652015493619818,0.16628968730225746,0.16667445899573435,0.10242032182570592,0.10706266877015429,0.10746224377627438,0.11370912184593696,0.10749868219366891,0.11507657147724101
4,7,0.7253252196559872,0.3812670844840177,0.543986201311782,0.3471934009327447,64,1024,False,0.15852476727772255,0.1570267780827879,0.0014979891949346606,0.16339821105790708,0.16497792848441778,0.10740554765709782,0.11147226569557422,1.4727431268767893e-32,0.15702677808278795,8.816456906153596e-06,0.16020909250764076,0.16021790896454688,5.5027911443436126e-05,0.012116327674626372,0.011787266752207254,0.015922450320041463,0.15319066173221052,0.06742878238264408,0.14738231293155157,-0.006735378050538043,0.03900209355728099,0.08549280280567473,0.13102251852251356,0.009824157423281576,0.022355109540512785,0.1570267780827879,0.15852476727772255,1.4727431268767893e-32,0.15702677808278795,0.16339821105790708,0.16628968730225746,0.16896362796893538,0.18879490858851877,0.19134949927303546,0.168642714714557,0.16922543734307363,0.1795430117620771,0.18078491950855172
4,8,0.6422294684547968,0.3418188045498386,0.5084594812309482,0.2490981498679967,64,1024,False,0.20208819844722806,0.2004988806253383,0.0015893178218899942,0.20008888005282427,0.2120753529373376,0.12667302652405954,0.13746076580900501,6.774036244344518e-33,0.20049888062533822,4.408167638586828e-06,0.20759369804515926,0.2075981062127977,2.123414186672903e-05,0.016813624835553882,0.01694025030407331,0.020896273663626178,0.19513510263326428,0.08420935665273398,0.1691366963953851,-0.0030805224872571257,0.04405340831655114,0.1025256236171117,0.1528169615776278,0.013333619725017343,0.027144733074237593,0.2004988806253383,0.20208819844722806,6.774036244344518e-33,0.20049888062533822,0.20008888005282427,0.1737530749610811,0.17948021849021734,0.19009707214986962,0.1885271401195803,0.19009707214986962,0.1880987105692787,0.20952638722125463,0.18535387467079711
4,9,0.5993286789881047,0.31796006712371794,0.484544889134956,0.20554762215134897,64,1024,False,0.1512948737647373,0.1496023910226851,0.001692482742051205,0.15370524871810476,0.16136941026801077,0.12053434614450306,0.13007496771928442,4.048733262514596e-33,0.14960239102268508,2.414190778190305e-05,0.1583491022808509,0.15837324418863302,0.00015243678252336893,0.020037832549897057,0.020321187875046807,0.023823512390321475,0.14104822239296397,0.08108641032943123,0.1599822819595749,-0.000419476725136092,0.047115134511864526,0.09885979808314005,0.1433634694039938,0.015973219597071875,0.030126561330689583,0.1496023910226851,0.1512948737647373,4.048733262514596e-33,0.14960239102268508,0.15370524871810476,0.20751252917242663,0.22544828932386726,0.20221391928762092,0.20594535548527598,0.20221391928762092,0.20594535548527598,0.21073996096790992,0.2221469034178709
4,10,0.6281937165205381,0.3033741776755474,0.4694450779520578,0.21800112742973318,64,1024,False,0.17847253762423554,0.17741943283595465,0.0010531047882811537,0.17745480354246626,0.18246752801414312,0.13628443580631489,0.14417352486442006,7.368289889195638e-33,0.17741943283595468,9.414114509223641e-05,0.18315082325452295,0.1832449643996145,0.0005137447863884355,0.021633133032391533,0.022244683535285466,0.026129585204055672,0.16022284447885765,0.09480127455323437,0.1777675970593954,0.0018701269688012993,0.04932985706685067,0.11254929855203955,0.1609363044553902,0.018396048471913673,0.032495189261680935,0.17741943283595465,0.17847253762423554,7.368289889195638e-33,0.17741943283595468,0.17745480354246626,0.1737530749610811,0.17489364212744785,0.20221391928762092,0.2041184666526328,0.20221391928762092,0.2041184666526328,0.21073996096790992,0.21739699245299865
4,11,0.5460407678014101,0.26893602208130024,0.43861602192308924,0.14761980485769785,64,1024,False,0.1953317568411394,0.1939462725336519,0.0013854843074870876,0.19554416100662872,0.18754145381168655,0.16037997982757354,0.1567684640010297,6.819037459227406e-33,0.19394627253365196,2.8593727351902956e-05,0.19427493345050165,0.19430352717785368,0.00014716010443665281,0.0194092605864671,0.02012484795597264,0.025832660114172016,0.1674166058557139,0.11673571850781078,0.2040242411473363,0.0012470148576718965,0.048200218447579934,0.13483426765014883,0.18736814159638016,0.01751265260099899,0.031147211157076526,0.1939462725336519,0.1953317568411394,6.819037459227406e-33,0.19394627253365196,0.19554416100662872,0.23941716018188547,0.25446124000322834,0.282037496886206,0.2848653291267265,0.2849490092940676,0.2852971753423664,0.30126324976439267,0.30517877157023576
5,0,0.8386981707344859,0.23120346210491421,0.4040416852169194,0.18461291797666685,64,1024,False,0.26266127964087777,0.24988787299496462,0.01277340664591298,0.2517794987632286,0.26177605605279847,0.198578107951346,0.20907930347729772,1.1643365179529427e-32,0.2498878729949646,8.90465344738047e-05,0.24466628925293743,0.24475533578741068,0.00036381856267741857,0.0007564080549915449,0.0007061620857029581,0.0013906990786220026,0.2610698939670955,0.14811633182092473,0.24903988408176728,-0.02027751483886525,0.022393353846383683,0.16563775554823224,0.23119985758239636,-0.0040510243125027046,0.0063097148085944355,0.24988787299496462,0.26266127964087777,1.1643365179529427e-32,0.2498878729949646,0.2517794987632286,0.16628968730225746,0.1453158031377233,0.282037496886206,0.26249221334932193,0.2849490092940676,0.28002446287590643,0.30126324976439267,0.3073754279852022
5,1,0.8509945975947778,0.2517532892679003,0.42232990514332286,0.3421642395510552,64,1024,False,0.08690438256940797,0.07928516067310482,0.007619221896302662,0.0808556776437454,0.07737851027153385,0.07957833450557651,0.07730505684597856,1.2358971328123202e-32,0.07928516067310482,0.0001038120173966744,0.0800498181143407,0.08015363013173721,0.001295163016647571,0.004687719617010565,0.004883317540500378,0.006201503574481915,0.07249519273103347,0.0446919340996773,0.11446473491147573,-0.01560638332329755,0.027213102377075284,0.06173216680326732,0.09739721138612367,0.0008560828791814856,0.011283012456260622,0.07928516067310482,0.08690438256940797,1.2358971328123202e-32,0.07928516067310482,0.0808556776437454,0.16628968730225746,0.1675906263991474,0.282037496886206,0.29366710071697294,0.2849490092940676,0.2959653764976706,0.1795430117620771,0.19183199159934158
5,2,0.8620061669106359,0.3074011937878723,0.4784460611196508,0.31613053743044495,64,1024,False,0.10135291764687765,0.09285490640483182,0.008498011242045831,0.10586359823074029,0.09320823616495938,0.09797792347795321,0.087710898042647,2.9782102087812254e-32,0.0928549064048319,0.00011356601607958247,0.09269477424555869,0.09280834026163837,0.0012236617502201376,0.004686535298179324,0.004991953316884839,0.005856973620060109,0.08821628284807453,0.06028625276129476,0.13566959419461166,-0.015957711444430867,0.027111161397081016,0.07796333203441463,0.11900793272798182,0.0003516323267831467,0.01091773847292643,0.09285490640483182,0.10135291764687765,2.9782102087812254e-32,0.0928549064048319,0.10586359823074029,0.16628968730225746,0.1668107305499565,0.20221391928762092,0.20451543296225275,0.20221391928762092,0.2045154329622528,0.1795430117620771,0.21449155266193196
5,3,0.8882415342124564,0.41568800941077017,0.575006389094008,0.42336697113772154,64,1024,False,0.06609486933819626,0.06268292701497367,0.0034119423232225154,0.06332679794438797,0.06191794739448018,0.05466849544959177,0.05336860037982209,9.501878907193664e-33,0.06268292701497365,0.00010735284286993155,0.06222458783661988,0.0623319406794899,0.0017222766000811462,0.005094572881901926,0.0038330521928238094,0.005502484405767154,0.05808489520165637,0.021694598214496298,0.08764239268468724,-0.0146434536677649,0.027293886865336736,0.03955314784980146,0.0715116009087069,0.0013724243035539985,0.011298709257971495,0.06268292701497367,0.06609486933819626,9.501878907193664e-33,0.06268292701497365,0.06332679794438797,0.16628968730225746,0.16270670412373997,0.10242032182570592,0.10635763771639048,0.168642714714557,0.18034448324457575,0.10749868219366891,0.10926278271670754
5,4,0.9671024528534188,0.6575469341064096,0.7854381365970555,0.6258166702059337,64,1024,False,0.032172621737052806,0.029823966441910613,0.002348655295142338,0.032935962463198874,0.030633611234353906,0.031609191977247396,0.029519506458751506,7.002854611486985e-33,0.029823966441910602,1.0040002310265242e-05,0.03052432604165152,0.030534366043961696,0.0003288099152217603,0.0031144161075626117,0.002994524564042864,0.0035835992760663415,0.027639086670311043,0.0037907996465193113,0.059427584307975484,-0.01637019307620349,0.023849894533409233,0.021153563757252414,0.043123455659952015,-0.0007689617850701325,0.008287552409456111,0.029823966441910613,0.032172621737052806,7.002854611486985e-33,0.029823966441910602,0.032935962463198874,0.14144361887096643,0.15694471264350465,0.05162270611349237,0.05662193831821331,0.04597294575656944,0.04858034241524356,0.07313306305251395,0.09180494121995622
5,6,0.8686627317169909,0.615244446524625,0.7573214748946517,0.7352802334782222,64,1024,False,0.047718995687765976,0.04715882337177728,0.0005601723159886408,0.047517624057785396,0.045262059736112074,0.03105723009602235,0.029167101913727796,5.531068791628197e-34,0.04715882337177728,6.7464138609406235e-06,0.04708334954462648,0.047090095958487316,0.0001432660886248349,0.0036289137309719775,0.003417511532290618,0.005111938736146371,0.041844548203821455,0.001058378507182895,0.061056081684861804,-0.015535992102625896,0.026097431457435042,0.018370689278526697,0.04457435150834499,0.0004300262517062947,0.010192378802457824,0.04715882337177728,0.047718995687765976,5.531068791628197e-34,0.04715882337177728,0.047517624057785396,0.16628968730225746,0.16667445899573435,0.055699676559180636,0.06675688332152245,0.04597294575656944,0.045664010096326244,0.034673425042723575,0.03075703237501936
5,7,0.7952021112698388,0.5238233663099643,0.681602717971692,0.6057324041573002,64,1024,False,0.07072056110571143,0.06990466950629436,0.0008158915994167283,0.07053770622172531,0.0661343465707658,0.04590847687197798,0.04216982022473461,1.3487441688931578e-33,0.06990466950629436,2.4623392402625623e-05,0.06820539738549547,0.06823002077789803,0.00036088795110849443,0.0050285012019250066,0.0045765890958362225,0.007307481454358116,0.061557757474929586,0.0137972505034172,0.07801970324053875,-0.013276634053538964,0.029397137623950156,0.0314489627344301,0.06182368007284822,0.002899877494201064,0.013254933452117257,0.06990466950629436,0.07072056110571143,1.3487441688931578e-33,0.06990466950629436,0.07053770622172531,0.16628968730225746,0.16896362796893538,0.10242032182570592,0.10573425293984258,0.10746224377627438,0.11212767442889923,0.10749868219366891,0.11113139919208763
5,8,0.7149994282917974,0.4529570295929448,0.6166961689225023,0.4449622609017483,64,1024,False,0.1784222662906102,0.17732636160427365,0.0010959046863357178,0.17539100277353145,0.18089966494715315,0.08478065717088448,0.08518263378697333,4.88937974903748e-36,0.17732636160427365,1.1405610973238519e-05,0.1784057208857993,0.17841712649677213,6.392665994116247e-05,0.011527899373240244,0.011861965643699518,0.01474832206870127,0.16903769930345364,0.046586906868426,0.12297440747334296,-0.008343219685583205,0.03716317527810479,0.06464935599069577,0.10674223046225961,0.008085521309112664,0.02045508464652812,0.17732636160427365,0.1784222662906102,4.88937974903748e-36,0.17732636160427365,0.17539100277353145,0.16628968730225746,0.1704688809994523,0.10242032182570592,0.10096695184172319,0.10746224377627438,0.10620298124525557,0.10749868219366891,0.10632028377628598
5,9,0.6738028944191142,0.41507426247304446,0.5760437541518246,0.40913125490720026,64,1024,False,0.11298108025371821,0.11181383651335894,0.00116724374035845,0.10957636551787461,0.1122164904106315,0.06052781934019762,0.05915003926342952,1.810862263968796e-34,0.11181383651335894,5.980156165248344e-09,0.1148440561578902,0.11484406213804627,5.207196657725328e-08,0.014752112414623594,0.01476965203450334,0.017400975394651866,0.09744683837612816,0.025842789479820993,0.09521284920057424,-0.005670138043012727,0.04059461782862729,0.04354532367869979,0.07889503576734569,0.010770245819003321,0.023749144573230296,0.11181383651335894,0.11298108025371821,1.810862263968796e-34,0.11181383651335894,0.10957636551787461,0.16628968730225746,0.17396756046546838,0.10242032182570592,0.10407543485041469,0.10746224377627438,0.10746769073440374,0.10749868219366891,0.10959545651669143
5,10,0.6928079334734298,0.38473848113653963,0.5453035465170698,0.35148587331669173,64,1024,False,0.13288698388943623,0.13208728885529045,0.000799695034145277,0.12299486130173125,0.13114825906454658,0.06139704906435697,0.06603791751110666,9.27636055681324e-34,0.13208728885529045,5.744963181343604e-05,0.13211870806419698,0.13217615769601063,0.00043464443826218136,0.015811764716872356,0.016376270163629032,0.01950635352467594,0.11477198890091755,0.026117658370061442,0.0966764397586525,-0.00397779674990896,0.0425188255366019,0.04381064230983611,0.08034777393913828,0.012505106125900056,0.025697906203276943,0.13208728885529045,0.13288698388943623,9.27636055681324e-34,0.13208728885529045,0.12299486130173125,0.16628968730225746,0.17489364212744785,0.18879490858851877,0.19445744925427974,0.168642714714557,0.17371469842709317,0.1795430117620771,0.18389286948979602
5,11,0.5777369780074643,0.3282232138159802,0.4945985015065739,0.32401336951234005,64,1024,False,0.11843839745411809,0.11744609568111898,0.000992301772998974,0.10276120150102729,0.1126371658020051,0.057931629137237074,0.06315123104331907,1.8112301165881737e-37,0.11744609568111898,0.0001959405195578443,0.1183576408562783,0.11855358137583619,0.001652759176769849,0.013366478238954904,0.014575644728764563,0.019497638885956188,0.09806152107324054,0.022530419638910747,0.09333283863556341,-0.004876381260782728,0.041058487038525986,0.04006286141520832,0.07685228641639696,0.011388635459297802,0.024146176590875257,0.11744609568111898,0.11843839745411809,1.8112301165881737e-37,0.11744609568111898,0.10276120150102729,0.23941716018188547,0.25446124000322834,0.20221391928762092,0.20986412834812812,0.20221391928762092,0.20986412834812812,0.1795430117620771,0.18544930485908095
6,0,0.6699046417541504,0.20963791356470357,0.3811290682531492,0.09408257193513193,64,1024,False,0.11600312554490855,0.1024508562435908,0.013552269301316821,0.11598362227857208,0.1141894601223946,0.11567275642501551,0.11449071775975146,2.0068818644048846e-32,0.10245085624359081,9.660087547778188e-05,0.10236715769914302,0.10246375857462092,0.0009427809092854104,0.0008589479990183114,0.0004674304177598345,0.001193871663319308,0.11372202970463477,0.07609632823719056,0.15524918461284046,-0.02029916441656904,0.02243738492433121,0.09350942422315711,0.13823334841436008,-0.004095862961548846,0.006318190928141121,0.1024508562435908,0.11600312554490855,2.0068818644048846e-32,0.10245085624359081,0.11598362227857208,0.1737530749610811,0.17760437180658173,0.30767683671374413,0.3370178547357689,0.2849490092940676,0.29668552721456193,0.35158627259335135,0.3764653924451579
6,1,0.6930359751250078,0.2224624532014567,0.39088195454644065,0.30167555206751284,64,1024,False,0.16160738267076794,0.15353511504074804,0.00807226763001989,0.1585513248362994,0.15148840322776197,0.15376916287719383,0.1467598071721322,7.463898187448205e-33,0.153535115040748,0.0002948696625504793,0.14828518657404302,0.14858005623659357,0.0019845844053318932,0.004999943266888998,0.005977781072960626,0.007414957019744242,0.14551062215480134,0.1099481582542027,0.19759016750018496,-0.015394597681458868,0.027564683488028072,0.12809302088135155,0.18091304373228922,0.0010329621654818766,0.01155573442520108,0.15353511504074804,0.16160738267076794,7.463898187448205e-33,0.153535115040748,0.1585513248362994,0.16628968730225746,0.1675906263991474,0.282037496886206,0.29366710071697294,0.2849490092940676,0.2959653764976706,0.20952638722125463,0.21729932818791808
6,2,0.6880080822327526,0.25884626635201324,0.4289703502348647,0.2660299935735054,64,1024,False,0.1603214983803923,0.1513099247000706,0.00901157368032129,0.16380011710224504,0.15245175277669523,0.14889655329635484,0.14025317370593432,2.3850499844754227e-32,0.1513099247000706,0.0003723330792147416,0.14663525300398284,0.1470075860831973,0.0025327473849140266,0.0050445112725474184,0.0064109371735493826,0.007338516566453592,0.14604081560314586,0.10506524147577331,0.19272786511693638,-0.01537072356840561,0.0273738435733328,0.12335711687046569,0.17618796657188796,0.0008376120094908401,0.011207442395971157,0.1513099247000706,0.1603214983803923,2.3850499844754227e-32,0.1513099247000706,0.16380011710224504,0.16628968730225746,0.1668107305499565,0.282037496886206,0.31377925491487213,0.2849490092940676,0.31377925491487213,0.20952638722125463,0.21449155266193196
6,3,0.719781565751225,0.311267068680427,0.47759959261414986,0.3306380133950696,64,1024,False,0.1329527158144623,0.12894996328588526,0.004002752528576919,0.1288653515290047,0.13242543213594027,0.10297297480528451,0.10889085412243923,7.286717618583213e-33,0.12894996328588523,0.00022720803354273018,0.12858652636035467,0.12881373439389715,0.0017638494420785513,0.005576916561343192,0.005063674938749217,0.007137291084464036,0.12736175719719106,0.0636967047160875,0.14224924489448154,-0.013831927274417599,0.028226568696457503,0.08229467277851654,0.12635665691050235,0.002126724568370264,0.012123762557166629,0.12894996328588526,0.1329527158144623,7.286717618583213e-33,0.12894996328588523,0.1288653515290047,0.16628968730225746,0.16270670412373997,0.20221391928762092,0.21586193137323384,0.20221391928762092,0.21586193137323384,0.1795430117620771,0.1834412933184673
6,4,0.8067499377271222,0.43898910253379575,0.5976697058607423,0.4230322840735964,64,1024,False,0.059887384504856325,0.05641574345253871,0.003471641052317249,0.0602738401757658,0.05866575285739892,0.05093550584171936,0.05323861760731197,5.662909315685225e-33,0.05641574345253869,8.938948995273892e-07,0.05632862033262891,0.056329514227528764,1.5869032633882264e-05,0.0052610124823931625,0.005088701971517588,0.0063872575152799675,0.05357705088588133,0.019015334880558885,0.08285567680287984,-0.014353160480080854,0.026965428296969268,0.03664575187576702,0.0666371448605787,0.0014016826025908813,0.010993467571097426,0.05641574345253871,0.059887384504856325,5.662909315685225e-33,0.05641574345253869,0.0602738401757658,0.16628968730225746,0.16087417849629937,0.10242032182570592,0.10485340688658969,0.10746224377627438,0.11079606448009778,0.10749868219366891,0.11012071549077262
6,5,0.8686627317169909,0.615244446524625,0.7573214748946517,0.7352802334782222,64,1024,False,0.02147875025165788,0.02013206839838476,0.0013466818532731205,0.02182922602766175,0.020764415730913283,0.020978411530196788,0.020295921781234415,2.1840153902910626e-35,0.02013206839838476,6.600651945796617e-06,0.019976030205905625,0.01998263085785145,0.00033031946557743325,0.0029114212784770855,0.0032786549334153574,0.004145176670226018,0.017485760797497925,-0.004841944958276171,0.04679876801866975,-0.01624134760935045,0.023712466240544433,0.012341340545390267,0.030426952973357402,-0.0007664608201594092,0.008174003945896402,0.02013206839838476,0.02147875025165788,2.1840153902910626e-35,0.02013206839838476,0.02182922602766175,0.16628968730225746,0.16639717379388624,0.055699676559180636,0.06698982673635359,0.04597294575656944,0.047517624057785396,0.034673425042723575,0.04308918160953327
6,7,0.9521312555477247,0.7741315143423639,0.8697964086861198,0.7816050115193071,64,1024,False,0.05282512703517521,0.05231862046660495,0.0005065065685703966,0.05425248705808879,0.04989705588193164,0.039094559118267945,0.032579283690683185,9.175195308694467e-34,0.052318620466604945,5.185841530924934e-07,0.05430843063288399,0.054308949217037196,9.54877898705153e-06,0.002327604381086345,0.001739487946552614,0.0029044844103967215,0.04815756793537903,0.008727446976213086,0.06946167126032281,-0.016659445399876648,0.024035656725980722,0.026220098305202555,0.05313739812118001,-0.00087999741663225,0.008382726497075055,0.05231862046660495,0.05282512703517521,9.175195308694467e-34,0.052318620466604945,0.05425248705808879,0.1625507399821655,0.16896362796893538,0.03118102122751835,0.02609136758133243,0.03118102122751835,0.02609136758133243,0.03151256155643282,0.025603818658401476
6,8,0.87789883301159,0.6168226467064931,0.7564045395007449,0.5846664720847711,64,1024,False,0.11818120709553265,0.11732859528808613,0.0008526118074459049,0.11168454061538315,0.11937716810019812,0.05804605102902053,0.05881296522948954,8.239133651893996e-36,0.11732859528808613,8.856884720444484e-06,0.12061096391198536,0.12061982079670598,7.342810378877928e-05,0.00868337086204509,0.01027121071068231,0.012323981756526697,0.10910595738951581,0.023939770905948926,0.09215233115209213,-0.011277894615697703,0.03285918125905983,0.0417291815392673,0.07590878371411236,0.005046887512435205,0.016387028445024043,0.11732859528808613,0.11818120709553265,8.239133651893996e-36,0.11732859528808613,0.11168454061538315,0.16628968730225746,0.1704688809994523,0.055699676559180636,0.04537214143932984,0.06651478455075913,0.04537214143932984,0.10749868219366891,0.10632028377628598
6,9,0.8406097709914969,0.5423208764150722,0.689446924882672,0.5185419433442207,64,1024,False,0.11397002161100082,0.11297057682437014,0.0009994447866297292,0.10522828895582786,0.11219292393383928,0.05872229130067126,0.06204997899902341,1.690654752661467e-33,0.11297057682437014,2.079370437694414e-06,0.1171751739011093,0.11717725327154668,1.774551271376603e-05,0.013065299700343013,0.01324137406133189,0.015109484126788543,0.0989515498725074,0.024633190516745486,0.09281139208459704,-0.007643810261902006,0.03786755442182374,0.04221562237216858,0.07641666496056132,0.008729791159566958,0.021104594437929336,0.11297057682437014,0.11397002161100082,1.690654752661467e-33,0.11297057682437014,0.10522828895582786,0.16628968730225746,0.17396756046546838,0.10242032182570592,0.10407543485041469,0.10746224377627438,0.10746769073440374,0.10749868219366891,0.10959545651669143
6,10,0.8228771499130038,0.48173603824560507,0.6347591827369055,0.4560365125711903,64,1024,False,0.12946041244847611,0.1288023258901528,0.0006580865583238841,0.11953416736740924,0.12859910250674628,0.05452292522728573,0.06096750068863401,2.6934335918775108e-33,0.12880232589015286,1.2480257692976482e-05,0.13099193840038914,0.13100441865808202,9.526592935425802e-05,0.014000638380272067,0.014193308451075125,0.016922076278974713,0.11440579405567115,0.0201832929663662,0.08886255748820526,-0.005947600278113332,0.039878420373854834,0.0379668309178669,0.07264283052063547,0.01050151398521848,0.0231596637313487,0.1288023258901528,0.12946041244847611,2.6934335918775108e-33,0.12880232589015286,0.11953416736740924,0.16628968730225746,0.17489364212744785,0.10242032182570592,0.10299608362169467,0.10746224377627438,0.10860104607613094,0.10749868219366891,0.1083960581733701
6,11,0.6092183254174012,0.38838603870727484,0.549824226249197,0.3754101679360439,64,1024,False,0.1575024357012396,0.1565418566243256,0.0009605790769151749,0.14053454280912725,0.1432194457180297,0.060301601106667345,0.06631692478957713,3.35574033510032e-36,0.1565418566243256,0.0002108001547558475,0.15172952990265834,0.15194033005741409,0.0013873877638425024,0.012606128928201746,0.013530496109235833,0.018090363305804144,0.12968894960879385,0.02354943993259774,0.09705376228073695,-0.005842807910773393,0.03989648700873178,0.04095872907782905,0.08025665683089755,0.010455113275384065,0.023065832356223837,0.1565418566243256,0.1575024357012396,3.35574033510032e-36,0.1565418566243256,0.14053454280912725,0.1737530749610811,0.20234604333569417,0.18879490858851877,0.19310824298448004,0.168642714714557,0.1717658449262714,0.16072865510952083,0.1674600258763187
7,0,0.5857162239436342,0.2008706503507643,0.3726070333504299,0.13606460504456397,64,1024,False,0.20335934709135628,0.1900568601663691,0.01330248692498723,0.19774700854208555,0.20899419959417626,0.163974785665574,0.17444385296911313,7.91657261343687e-33,0.19005686016636905,2.560672790987769e-05,0.19741731071415272,0.1974429174420632,0.00012969180278341266,0.0007875227760548229,-0.0007868451542933559,-2.236722585863827e-05,0.20978104474846962,0.11752400901859567,0.21042556231255233,-0.020224541748662388,0.022054406116729347,0.1351926454808563,0.19309565678122453,-0.004106304004380945,0.006025787988619413,0.1900568601663691,0.20335934709135628,7.91657261343687e-33,0.19005686016636905,0.19774700854208555,0.23941716018188547,0.24262255646187006,0.3185416673799289,0.3370178547357689,0.3185416673799289,0.33579804721390655,0.35158627259335135,0.3397675470382775
7,1,0.618233157013171,0.21232861039423986,0.38063788998273773,0.19323455253653785,64,1024,False,0.17311409843665004,0.16437842771739938,0.0087356707192512,0.16680093024857529,0.1760331382419675,0.15633538387530838,0.16441653544417148,3.108509911845546e-33,0.1643784277173994,1.234491941595601e-05,0.17007563567693199,0.17008798059634808,7.257961069720094e-05,0.004094810155206329,0.005091791253527401,0.00649732743893714,0.1709413469884401,0.11209775163929869,0.20057301611131806,-0.016177858713387366,0.026378099134953405,0.12958689747028984,0.18321623924566666,0.0001683275040704757,0.010442812214023434,0.16437842771739938,0.17311409843665004,3.108509911845546e-33,0.1643784277173994,0.16680093024857529,0.1737530749610811,0.17421655127524818,0.30767683671374413,0.3654522442986909,0.2920861852492853,0.33384793691618864,0.30126324976439267,0.32194720579828107
7,2,0.6029586531241123,0.24081598212550098,0.4101600973082911,0.18987640059476202,64,1024,False,0.08492471587753748,0.07541088482469784,0.009513831052839792,0.084179084940118,0.08303026776857662,0.08572560087221454,0.0849511620840395,2.448712406574322e-32,0.07541088482469781,7.601730362823906e-05,0.07553853608608771,0.07561455338971587,0.0010053263587559318,0.0043422558835087164,0.004992995282262224,0.006048807122174626,0.0780372724863144,0.05206740708145449,0.11938379466297458,-0.015888603314892676,0.026385170567617605,0.0691912984548253,0.10239203326636925,0.00019407792569836602,0.01029145521169994,0.07541088482469784,0.08492471587753748,2.448712406574322e-32,0.07541088482469781,0.084179084940118,0.20751252917242663,0.24104183966446974,0.282037496886206,0.31377925491487213,0.2849490092940676,0.31377925491487213,0.30126324976439267,0.3239659639857209
7,3,0.6378988561741685,0.2796655109368926,0.4488019991748281,0.22840166325202682,64,1024,False,0.11471331148425207,0.11024116229465644,0.004472149189596181,0.1117863420188818,0.10971390073622614,0.10656358590699662,0.1071865647576829,4.827672953619313e-33,0.11024116229465644,0.00014672268023811167,0.10964934230003882,0.10979606498027673,0.001336320024442299,0.005566667171534319,0.004477021823719238,0.006636245075577051,0.1052368789125069,0.06872753218172528,0.14439963963226796,-0.013864795509131183,0.028231513376873255,0.08687157583335647,0.12813306041061878,0.0020265679340809584,0.01204828387562884,0.11024116229465644,0.11471331148425207,4.827672953619313e-33,0.11024116229465644,0.1117863420188818,0.1737530749610811,0.1778841904905611,0.20221391928762092,0.21586193137323384,0.20221391928762092,0.21586193137323384,0.20952638722125463,0.2165278197334083
7,4,0.7253252196559872,0.3812670844840177,0.543986201311782,0.3471934009327447,64,1024,False,0.08439184148582596,0.08054682568290711,0.003845015802918908,0.0821472267879431,0.0839438843313294,0.07573206284641215,0.08062934598527012,1.2457963442155254e-33,0.08054682568290712,6.6601318044643805e-06,0.08229262709404694,0.08229928722585125,8.09257531743525e-05,0.005124705600103663,0.004409968343310366,0.00573861096530042,0.07953391598801904,0.040809140088968715,0.11065498560385559,-0.014413028624692278,0.027019312214515034,0.05827130716352258,0.09400126989203272,0.001326168428931851,0.010971119576424826,0.08054682568290711,0.08439184148582596,1.2457963442155254e-33,0.08054682568290712,0.0821472267879431,0.16628968730225746,0.16087417849629937,0.18879490858851877,0.20041347117917213,0.168642714714557,0.17825332448418074,0.1795430117620771,0.18703499522162587
7,5,0.7952021112698388,0.5238233663099643,0.681602717971692,0.6057324041573002,64,1024,False,0.054404415774198196,0.052502385705737786,0.0019020300684602694,0.0551304164183016,0.05419375363449348,0.05143648955300954,0.050835889959860554,4.463340292203043e-34,0.052502385705737786,1.0748144674591418e-07,0.0533642628182848,0.05336437029973173,2.0141050319196686e-06,0.0036607115284637815,0.003923489655859956,0.0045109122905395045,0.050270263978633524,0.01950340316432818,0.08336957594169091,-0.01620076151545395,0.024722211399707747,0.03688647053058958,0.06680118943040725,-0.0004907423208351247,0.008902138368284795,0.052502385705737786,0.054404415774198196,4.463340292203043e-34,0.052502385705737786,0.0551304164183016,0.16628968730225746,0.16639717379388624,0.10242032182570592,0.10645610789888248,0.10746224377627438,0.11343489367600106,0.10749868219366891,0.11212531930317203
7,6,0.9521312555477247,0.7741315143423639,0.8697964086861198,0.7816050115193071,64,1024,False,0.027618648462356225,0.026828995519808163,0.0007896529425478914,0.027873459478969406,0.02505841105377752,0.026025719790018706,0.023068638809823534,1.0832976100994724e-33,0.02682899551980816,2.6396214293478124e-05,0.02605925617117532,0.026085652385468738,0.0010119054683172266,0.0014247291958273687,0.0012752292217449409,0.0013942325887767485,0.02378318183203258,-0.0005815744967847467,0.05263301407682216,-0.017799274185118733,0.020886799479762682,0.016300192728522234,0.0358845537120942,-0.0026697116045397706,0.0057691192560014315,0.026828995519808163,0.027618648462356225,1.0832976100994724e-33,0.02682899551980816,0.027873459478969406,0.1625507399821655,0.16667445899573435,0.03118102122751835,0.03184253357722814,0.03118102122751835,0.03184253357722814,0.03151256155643282,0.03075703237501936
7,8,0.9300057933626602,0.7551337711441886,0.8585819405298434,0.7441160020493736,64,1024,False,0.033900404726199755,0.03339482815848652,0.0005055765677131756,0.027554014350125278,0.035198773522177006,0.008404955538939789,0.01494742461827066,4.412724927334602e-35,0.03339482815848652,4.919179927646191e-06,0.034047754957786974,0.0340526741377145,0.0001444579626185079,0.005648599500787234,0.0066454645580235885,0.007819450441615538,0.028553308964153416,-0.017383880278290083,0.03419379135616966,-0.013898747981176312,0.027974354150197972,-0.0005408478391473182,0.01748648488865001,0.0020786437453352846,0.01196575353242224,0.03339482815848652,0.033900404726199755,4.412724927334602e-35,0.03339482815848652,0.027554014350125278,0.1625507399821655,0.1704688809994523,0.03118102122751835,0.03190642260299696,0.03118102122751835,0.03190642260299696,0.03151256155643282,0.03215840882981592
7,9,0.8984978347723741,0.644124015435348,0.7755352785319283,0.6631899757989208,64,1024,False,0.0496350082461386,0.04894546831758837,0.0006895399285502813,0.04266167577173613,0.0483728224948607,0.016970865425091564,0.023245608825491752,6.302569150338286e-34,0.04894546831758837,1.0735447401951775e-05,0.04878793458839982,0.048798670035801794,0.00021999467186453178,0.010792849728688509,0.010298439579765733,0.01150939621701441,0.03807438291509496,-0.010730863353009858,0.044672594203192986,-0.009851710192639605,0.03430454068137481,0.006206213809491601,0.0279899906454375,0.0064441493304912,0.017783063245587982,0.04894546831758837,0.0496350082461386,6.302569150338286e-34,0.04894546831758837,0.04266167577173613,0.16628968730225746,0.17396756046546838,0.05162270611349237,0.05460971622741112,0.04597294575656944,0.046635199753536104,0.0408749603854072,0.03908824499907827
7,10,0.8673645850021671,0.5548376208414213,0.7018945337909315,0.5627572915354051,64,1024,False,0.08058372216735804,0.08010587663766457,0.00047784552969374917,0.0703366695882948,0.08002202044722014,0.02251128649024378,0.03113277642869221,2.474477644489983e-34,0.08010587663766457,7.717966051563508e-05,0.08274656489266576,0.08282374455318121,0.0009318542759930148,0.011906907139689558,0.010788978701033337,0.012732153119537957,0.0692330417461868,-0.007212013933854414,0.05223458691434198,-0.008149776165739647,0.03660464063927959,0.010133832329302095,0.03583471511956304,0.008243875017797109,0.02003268100816058,0.08010587663766457,0.08058372216735804,2.474477644489983e-34,0.08010587663766457,0.0703366695882948,0.16628968730225746,0.17489364212744785,0.10242032182570592,0.10299608362169467,0.10746224377627438,0.10860104607613094,0.10749868219366891,0.1083960581733701
7,11,0.6173010444149943,0.42866851486483304,0.5908258061752469,0.4120721105499914,64,1024,False,0.09983850902141655,0.09891905771184192,0.0009194513095745389,0.08667219014870502,0.0934528043862819,0.02586983935032215,0.03111624761378013,8.095379030961691e-35,0.09891905771184192,0.000192699222318114,0.10166153619868482,0.10185423542100276,0.0018919117258267557,0.01035300542517007,0.01038276680025259,0.014254273335340883,0.08307003758602931,-0.005865703641454407,0.05760538234209871,-0.008100950439434986,0.03657618810286387,0.011402764335798565,0.041112289574812166,0.008144312145304866,0.019899402861483395,0.09891905771184192,0.09983850902141655,8.095379030961691e-35,0.09891905771184192,0.08667219014870502,0.1737530749610811,0.20234604333569417,0.10242032182570592,0.10558035575334322,0.10746224377627438,0.10965284227320299,0.10749868219366891,0.11098890179718082
8,0,0.5223581096173258,0.1930445349663126,0.3630149571129296,0.20272772798250738,64,1024,False,0.16469300569310516,0.1517480518791906,0.012944953813915158,0.15461962631437318,0.1650879433865463,0.14942682898042534,0.1610555206031638,4.583980672314789e-33,0.15174805187919063,2.892604739565911e-08,0.15056577238229954,0.15056580130834693,1.9211565404829773e-07,0.0005081690078410664,-0.0012549972840189146,-0.0004405960117636324,0.16634294067056524,0.10475862225778368,0.194095035703067,-0.020408982656600072,0.02163483765418065,0.12196128217328805,0.1763526635695598,-0.004314860387239605,0.005678407942468766,0.1517480518791906,0.16469300569310516,4.583980672314789e-33,0.15174805187919063,0.15461962631437318,0.27031888001880416,0.2964179759388939,0.3636365457418135,0.61220026482415,0.3636365457418135,0.61220026482415,0.30126324976439267,0.3073754279852022
8,1,0.5502715971739797,0.20549706451551908,0.3745760670264757,0.22530648817928403,64,1024,False,0.1044060512675236,0.09576627507027072,0.008639776197252508,0.10190029766923271,0.1027962204942732,0.10284023019380815,0.10392045718212779,2.592779001742953e-33,0.09576627507027072,6.780999991562148e-05,0.09574694299466883,0.0958147529945846,0.0007077198218050415,0.0034436599417294444,0.003978972146458234,0.005286556724599486,0.09881724834781497,0.06616622721654922,0.1395142331710671,-0.016646389180985082,0.025412141208130738,0.08355954442959046,0.12254902037238935,-0.0003964586212532595,0.009589790890458971,0.09576627507027072,0.1044060512675236,2.592779001742953e-33,0.09576627507027072,0.10190029766923271,0.23941716018188547,0.28485071824869174,0.30767683671374413,0.3654522442986909,0.31791328094441546,0.40380162734470465,0.21073996096790992,0.23250789362764532
8,2,0.5333374938122847,0.22731999503119116,0.39610978667935715,0.17296312367899702,64,1024,False,0.12339130468698305,0.11371929506374244,0.00967200962324021,0.1287446985795777,0.11815643379809285,0.12834148544198865,0.11768869632533269,1.5098003472421098e-32,0.11371929506374247,0.0002026302997292147,0.10923670392254993,0.10943933422227917,0.0018515308153982184,0.0037609659387461895,0.0039656059534382785,0.005053955209513583,0.11419082784465456,0.08853198575065424,0.16815098513332305,-0.016260321333757405,0.025628227307888482,0.1065975183446426,0.1516684839152731,-0.0002099007906508632,0.009681519739388023,0.11371929506374244,0.12339130468698305,1.5098003472421098e-32,0.11371929506374247,0.1287446985795777,0.2700862174224647,0.3007559580511218,0.282037496886206,0.31377925491487213,0.2849490092940676,0.31377925491487213,0.30126324976439267,0.3239659639857209
8,3,0.5611769056422438,0.2549645298839089,0.4247870164097193,0.1769283935363962,64,1024,False,0.22882062877546636,0.22409847447431588,0.004722154301150666,0.23066211221974467,0.22298200420144937,0.20049857958870493,0.1940574287107551,6.653398046953377e-34,0.22409847447431594,0.0001753384160341891,0.21826105608515983,0.2184363945011936,0.000802697812489443,0.005072142004678735,0.0034904136123317647,0.005598835572176642,0.2194915905891176,0.1530291293812289,0.24796802979618096,-0.01395653964386185,0.027349498092600108,0.1714671164372703,0.23130114394734846,0.001778134268533904,0.011365764628862962,0.22409847447431588,0.22882062877546636,6.653398046953377e-34,0.22409847447431594,0.23066211221974467,0.23941716018188547,0.24698578043300068,0.282037496886206,0.2831279611682326,0.2849490092940676,0.28649786740851096,0.30126324976439267,0.3073055459413492
8,4,0.6422294684547968,0.3418188045498386,0.5084594812309482,0.2490981498679967,64,1024,False,0.1351897893237867,0.130900379699689,0.004289409624097747,0.13665812357059479,0.13899015938140513,0.12916939333344737,0.13326491937508336,9.440160366946463e-34,0.13090037969968904,2.0652912983934766e-07,0.13220962728825364,0.13220983381738374,1.56213137764486e-06,0.0043446666571319145,0.003534393763000766,0.004879295255676388,0.13545576561840436,0.08883424537573074,0.169504541291164,-0.01490760631592931,0.025996520050817613,0.10660536861541914,0.1527559434325667,0.0006924864792381413,0.010066715854918584,0.130900379699689,0.1351897893237867,9.440160366946463e-34,0.13090037969968904,0.13665812357059479,0.1737530749610811,0.17992647099124848,0.19009707214986962,0.20041347117917213,0.19009707214986962,0.20008888005282427,0.20952638722125463,0.20799721649448394
8,5,0.7149994282917974,0.4529570295929448,0.6166961689225023,0.4449622609017483,64,1024,False,0.06468176026297275,0.062139950463160405,0.0025418097998127836,0.06339707485443839,0.06504911464288968,0.06619301636735332,0.06755319642368145,1.2818682096030879e-36,0.062139950463160405,1.1300330182608382e-06,0.06549897958857034,0.06550010962158866,1.725238361873493e-05,0.003634969605427502,0.0036894175694316923,0.004429144158352199,0.06135969707345799,0.03451852160140599,0.09786751113330065,-0.015998223276984438,0.02492015273923724,0.0516615589367575,0.08111714137339732,-0.000275052705546841,0.009115531887800898,0.062139950463160405,0.06468176026297275,1.2818682096030879e-36,0.062139950463160405,0.06339707485443839,0.16628968730225746,0.16639717379388624,0.10242032182570592,0.10645610789888248,0.10746224377627438,0.11343489367600106,0.10749868219366891,0.11212531930317203
8,6,0.87789883301159,0.6168226467064931,0.7564045395007449,0.5846664720847711,64,1024,False,0.04005535622460476,0.03856911459533168,0.0014862416292729633,0.04176731553589224,0.03760233615641789,0.03902768592434287,0.034606180789951015,1.4233138010262337e-34,0.03856911459533168,6.821470155733956e-05,0.038992324475158734,0.03906053917671605,0.0017463840232395532,0.0022000000726976154,0.003008541845906918,0.003071301137235188,0.034593794310510975,0.010203674322717075,0.06785169752596867,-0.017793031495585095,0.02273467029352117,0.027146396358148195,0.051159437774913386,-0.002189650767832063,0.007007288324530236,0.03856911459533168,0.04005535622460476,1.4233138010262337e-34,0.03856911459533168,0.04176731553589224,0.16628968730225746,0.16667445899573435,0.055699676559180636,0.06675688332152245,0.06651478455075913,0.07476394088904809,0.10749868219366891,0.11507657147724101
8,7,0.9300057933626602,0.7551337711441886,0.8585819405298434,0.7441160020493736,64,1024,False,0.026925163141077846,0.026079412554333756,0.0008457505867440196,0.028468169981691594,0.02226925944806471,0.029148212258755787,0.0230371618575377,4.850587454105416e-34,0.026079412554333752,7.416520927774095e-06,0.0265779782495666,0.02658539477049436,0.0002789697498118507,0.002186022168437755,0.0009872942398729597,0.0011808301150420845,0.02128196520819175,0.002583539879071353,0.05571288463844022,-0.01749512026050923,0.022181573328445104,0.019848269570502453,0.039451335673220456,-0.0021112574031576514,0.006711317182634957,0.026079412554333756,0.026925163141077846,4.850587454105416e-34,0.026079412554333752,0.028468169981691594,0.1625507399821655,0.16896362796893538,0.03118102122751835,0.02609136758133243,0.03118102122751835,0.02609136758133243,0.03151256155643282,0.030856126478825907
8,9,0.9728704555024729,0.8249368751921458,0.9006697202020927,0.8868271745771167,64,1024,False,0.013430545991818983,0.013171844901655988,0.00025870109016288726,0.010401660237976824,0.012813676205587361,0.007396627442120781,0.010458988324353229,6.9635892332633036e-34,0.013171844901655988,1.4302417885965478e-06,0.012847973625257756,0.012849403867046355,0.00011130802669099326,0.0026514399368264383,0.0027082266879988205,0.0031377577531693382,0.01010544951758854,-0.015441566051987175,0.030234820936228736,-0.01667152464448942,0.022985251949977775,0.0008986844113678671,0.013393903558608145,-0.001285587830352597,0.007527442881837487,0.013171844901655988,0.013430545991818983,6.9635892332633036e-34,0.013171844901655988,0.010401660237976824,0.14144361887096643,0.16016389867567923,0.013146657805148908,0.01589165537232099,0.013146657805148908,0.01589165537232099,0.013146657805148908,0.01589165537232099
8,10,0.9329985011353279,0.6815614272972645,0.803626491259787,0.7449544518996489,64,1024,False,0.0386552004295978,0.0384622441139529,0.00019295631564488798,0.03341833996391068,0.039694967072691434,0.01514037621702777,0.02247343094120205,7.279599242413817e-36,0.0384622441139529,1.3173307524984387e-05,0.038451694808716894,0.03846486811624201,0.0003424763471221128,0.004316644573609386,0.004089968912596027,0.005218769208638262,0.03560499816009541,-0.011489454770945191,0.04177020720500073,-0.015000292380439192,0.026457508565662133,0.005406176846008748,0.025153130780381616,0.0008254856948042288,0.010491225591977127,0.0384622441139529,0.0386552004295978,7.279599242413817e-36,0.0384622441139529,0.03341833996391068,0.1625507399821655,0.17489364212744785,0.03250718254317622,0.03195215371671348,0.03250718254317622,0.03195215371671348,0.03151256155643282,0.03195215371671348
8,11,0.6390968810061033,0.5031651418576999,0.6611627729728061,0.5224103373451238,64,1024,False,0.0903522183940374,0.08959962853011817,0.000752589863919505,0.0800591304714143,0.08537481824373343,0.02130778142123457,0.02745863729326927,2.7334244358124105e-34,0.08959962853011817,2.1994529649655108e-05,0.08805579275215937,0.08807778728180915,0.0002497171003999288,0.004234521382807564,0.004596025171930755,0.007253387861588921,0.08077879307180268,-0.008206355295755832,0.05082191813822497,-0.014313786673862884,0.027956380960905948,0.008994843090476934,0.03441150703292806,0.0016042195857153274,0.01174087512481492,0.08959962853011817,0.0903522183940374,2.7334244358124105e-34,0.08959962853011817,0.0800591304714143,0.1737530749610811,0.18482212917836385,0.10242032182570592,0.10558035575334322,0.10746224377627438,0.10965284227320299,0.10749868219366891,0.11098890179718082
9,0,0.47687741382007326,0.189700331977419,0.359868027424879,0.1982088966036571,64,1024,False,0.1283305389503139,0.11535007936556795,0.012980459584745044,0.11900451380622129,0.1284480041832222,0.11739734469636028,0.1281262199142143,2.3272426488061505e-33,0.11535007936556796,1.4015117174542706e-06,0.11414305116150335,0.11414445267322136,1.2278404115411468e-05,-0.00046522411775043807,-0.0011558276527293505,-0.0003803675614364604,0.12960383183595153,0.07680467529247656,0.157990014100244,-0.0211820511705592,0.020590648879353336,0.09383402827370446,0.14038631139555946,-0.005141593457665294,0.004699231947597582,0.11535007936556795,0.1283305389503139,2.3272426488061505e-33,0.11535007936556796,0.11900451380622129,0.32456317266416274,0.3761796041458094,0.3636365457418135,0.61220026482415,0.3636365457418135,0.61220026482415,0.30126324976439267,0.3073754279852022
9,1,0.5058181639693814,0.20069132131608336,0.3709085586359705,0.199073429803869,64,1024,False,0.11982929043829868,0.1110506248565685,0.008778665581730067,0.11409325605651326,0.11657345628640495,0.11231914194762409,0.11625271397113154,8.876750292211908e-34,0.1110506248565685,3.598636321512672e-05,0.10907018638727047,0.10910617275048552,0.00032982884751556446,0.0022799787233573165,0.003308566692229636,0.0045712150028415065,0.11326488959417531,0.0737477568226168,0.15089052707263137,-0.017603862579284982,0.02407503848735618,0.09149062984943157,0.1341628609370673,-0.0014680513195344247,0.008306847652420402,0.1110506248565685,0.11982929043829868,8.876750292211908e-34,0.1110506248565685,0.11409325605651326,0.27031888001880416,0.28485071824869174,0.3185416673799289,0.39379203989278977,0.3185416673799289,0.40380162734470465,0.30126324976439267,0.32194720579828107
9,2,0.48754049286665074,0.21983603631534226,0.38876920197723575,0.14147808386440006,64,1024,False,0.12737662530105814,0.11753315386383813,0.00984347143721923,0.12816961728010548,0.1280809915103588,0.12548603081175616,0.12581010710433432,6.777082466338336e-33,0.11753315386383813,7.006810213817534e-05,0.11503308526789531,0.1151031533700333,0.0006087418119025862,0.002890432806430716,0.0032799288535306113,0.004274056173207563,0.12480106265682818,0.08559868676094505,0.16537337486256726,-0.01702332285305329,0.02459420764542942,0.10355316771892831,0.14880464866291732,-0.001040797316818498,0.00870339621178573,0.11753315386383813,0.12737662530105814,6.777082466338336e-33,0.11753315386383813,0.12816961728010548,0.27031888001880416,0.3573166848080069,0.282037496886206,0.32470562818775506,0.2849490092940676,0.3254699368007555,0.30126324976439267,0.37211434468269317
9,3,0.5168960001495547,0.24159812813781106,0.41217483227779056,0.14380420146721348,64,1024,False,0.215371930756148,0.21052298280235315,0.00484894795379607,0.21476468670817167,0.2173853609235537,0.18435954256706474,0.1847688308529843,3.6779291554968604e-35,0.21052298280235315,2.6739821117054375e-05,0.20851443531605246,0.2085411751371699,0.00012822322066357404,0.003840708845198649,0.0025764298489029196,0.00460932760847233,0.2148089310746508,0.13799246835987747,0.23072661677425202,-0.015106971055902774,0.025985973906392464,0.15623675670212833,0.21395995722559746,0.0005401501402957365,0.010013010054535698,0.21052298280235315,0.215371930756148,3.6779291554968604e-35,0.21052298280235315,0.21476468670817167,0.27031888001880416,0.28133382412705804,0.282037496886206,0.2831279611682326,0.2849490092940676,0.28649786740851096,0.30126324976439267,0.3073055459413492
9,4,0.5993286789881047,0.31796006712371794,0.484544889134956,0.20554762215134897,64,1024,False,0.16719846064256916,0.1627455512408573,0.0044529094017116124,0.17303266972883288,0.17405648012318792,0.1522667097418016,0.15592025967841427,2.5538836879488206e-33,0.1627455512408573,3.2204466101272858e-06,0.1664036991794702,0.16640691962608106,1.9352840719386425e-05,0.0033233101119038875,0.002562549756748176,0.0037893232272368385,0.17149393036643973,0.1086505478855562,0.195882871598047,-0.015964433400728558,0.02483713764872696,0.12662416549574118,0.17907147574442206,-0.0004009422700619325,0.008916888109524734,0.1627455512408573,0.16719846064256916,2.5538836879488206e-33,0.1627455512408573,0.17303266972883288,0.20751252917242663,0.21900581565362454,0.20221391928762092,0.21014304924934904,0.20221391928762092,0.21014304924934904,0.21073996096790992,0.24174665353735048
9,5,0.6738028944191142,0.41507426247304446,0.5760437541518246,0.40913125490720026,64,1024,False,0.07753935481207594,0.07487630461706073,0.002663050195015379,0.07843359216182265,0.07859415240514742,0.07917868184446623,0.07974169000477027,6.7666351443341905e-34,0.07487630461706071,2.788686448641983e-07,0.07835761926757831,0.07835789813622328,3.558909203758784e-06,0.0025485996616494816,0.002106440414488505,0.002899244852436514,0.07648771199065892,0.04508935478352029,0.11326800890541218,-0.016884207842746107,0.02378975233379258,0.06249388189462479,0.09660260562668554,-0.001222273516759742,0.008045950831728987,0.07487630461706073,0.07753935481207594,6.7666351443341905e-34,0.07487630461706071,0.07843359216182265,0.16628968730225746,0.16639717379388624,0.10242032182570592,0.10957636551787461,0.10746224377627438,0.11343489367600106,0.10749868219366891,0.11212531930317203
9,6,0.8406097709914969,0.5423208764150722,0.689446924882672,0.5185419433442207,64,1024,False,0.03455282436255379,0.032873782981771855,0.001679041380781849,0.034788845908065864,0.031082189358317122,0.03377960952872509,0.03043533087178685,2.224411000502607e-33,0.032873782981771855,1.9090297649595043e-05,0.03256875108951139,0.03258784138716099,0.0005858104384022278,0.0019005177084838892,0.0018476968096773326,0.0022661879853657016,0.02923449254863979,0.006013622639928939,0.061545596417521234,-0.01763479356782922,0.022650835491691595,0.023076411700458266,0.044969520553422626,-0.0020800448619411327,0.0070040782520663925,0.032873782981771855,0.03455282436255379,2.224411000502607e-33,0.032873782981771855,0.034788845908065864,0.16628968730225746,0.16667445899573435,0.10242032182570592,0.10706266877015429,0.10746224377627438,0.11370912184593696,0.10749868219366891,0.11507657147724101
9,7,0.8984978347723741,0.644124015435348,0.7755352785319283,0.6631899757989208,64,1024,False,0.037376886331707895,0.03630948259015267,0.0010674037415553594,0.03908824499907827,0.0313898183796941,0.03870747763458221,0.030701706071438455,4.61908960482899e-34,0.03630948259015267,1.034433404620907e-07,0.0368768254222708,0.03687692886561118,2.805096401575746e-06,0.00252064328941231,0.0003641178206079505,0.000690710949500991,0.031025700559086152,0.010356906159413617,0.0670580491097508,-0.017097402213086702,0.022758087537539374,0.02782699822273571,0.05084356507722987,-0.0016383725887862965,0.007252585957758129,0.03630948259015267,0.037376886331707895,4.61908960482899e-34,0.03630948259015267,0.03908824499907827,0.16628968730225746,0.16896362796893538,0.05162270611349237,0.05574304081308768,0.04597294575656944,0.04734988590806768,0.0408749603854072,0.04266167577173613
9,8,0.9728704555024729,0.8249368751921458,0.9006697202020927,0.8868271745771167,64,1024,False,0.016391492404215478,0.016099740306036045,0.0002917520981796509,0.01589165537232099,0.015151393879004452,0.014174883524786396,0.012838202288634155,8.45295467416419e-34,0.016099740306036045,1.0956104434200638e-06,0.01645619024700643,0.016457285857449877,6.657297277996197e-05,0.0004797784114912995,1.9537202946143543e-05,2.4101715920212102e-05,0.015131856676058307,-0.009836734430728388,0.03818650148030118,-0.018133891241614034,0.01969149188977124,0.007050811320368666,0.02173229133040877,-0.0032794198414194398,0.004873369121924043,0.016099740306036045,0.016391492404215478,8.45295467416419e-34,0.016099740306036045,0.01589165537232099,0.14144361887096643,0.1593796136564872,0.013146657805148908,0.010401660237976824,0.013146657805148908,0.010401660237976824,0.013146657805148908,0.010401660237976824
9,10,0.9617226802271953,0.8054480458772528,0.8897373456061641,0.8283682600941323,64,1024,False,0.029850070013443603,0.029812436831078266,3.763318236525709e-05,0.027614172695147994,0.028772006613390213,0.00969401032655183,0.010062839539652844,7.076040514446895e-34,0.029812436831078273,4.39707349600322e-06,0.030262748348996647,0.030267145422492637,0.00014527546072235777,0.0010695023158020412,0.0008212823814612012,0.0015355763398590624,0.02795072423192901,-0.015396684048567325,0.034784704701670985,-0.017083216155011217,0.02110675640275745,0.0016796192358015105,0.018493862087780144,-0.002141811120964121,0.006130761335953139,0.029812436831078266,0.029850070013443603,7.076040514446895e-34,0.029812436831078273,0.027614172695147994,0.1625507399821655,0.17489364212744785,0.020923990691964323,0.014233808688780651,0.020923990691964323,0.014233808688780651,0.020923990691964323,0.014233808688780651
9,11,0.6786986548601971,0.5749909397398781,0.7266339591474907,0.5920631786898632,64,1024,False,0.0695576952535982,0.06893913406483046,0.000618561188768639,0.06152879666606547,0.05994615807656062,0.013477729303432164,0.012309806102571309,1.2188399373535798e-33,0.06893913406483045,3.405221201064333e-05,0.06630159530816271,0.06633564752017321,0.0005133320210718947,0.0014919853346992335,0.0009750337737518313,0.003255353061745396,0.058971124302808785,-0.014303794001376787,0.04125925260824111,-0.016491146690165333,0.02377770092464375,0.0029587550161522813,0.024979154208267573,-0.0010148877336177975,0.008069216964941006,0.06893913406483046,0.0695576952535982,1.2188399373535798e-33,0.06893913406483045,0.06152879666606547,0.16628968730225746,0.17147889171120512,0.10242032182570592,0.10558035575334322,0.06651478455075913,0.06817678051232368,0.10749868219366891,0.11098890179718082
10,0,0.5139770804837634,0.18677255003068705,0.3592714474450245,0.1586269186925306,64,1024,False,0.07480423380432882,0.061428988176268434,0.013375245628060663,0.07282898268215778,0.07590442630638584,0.0736158554711092,0.07695182318554245,6.410312520515673e-33,0.06142898817626841,9.273662828735003e-06,0.06346986229522766,0.06347913595805621,0.00014608993472851566,-0.000921535761456825,-0.0001954934990953785,0.0004320009457758535,0.07609991980548123,0.0406943638093501,0.1065373471328683,-0.021758145736875886,0.020195156151461516,0.0575868924279348,0.08940838518174132,-0.005660753246047534,0.004278172978956718,0.061428988176268434,0.07480423380432882,6.410312520515673e-33,0.06142898817626841,0.07282898268215778,0.27031888001880416,0.2964179759388939,0.3636365457418135,0.61220026482415,0.3636365457418135,0.61220026482415,0.30126324976439267,0.3073754279852022
10,1,0.5391580279232309,0.19619810733910245,0.36721991860784753,0.17019753770128807,64,1024,False,0.10788057723151134,0.09882583865775939,0.009054738573752429,0.10579666214088021,0.1054060127030176,0.10490368730864587,0.10491451193711011,3.2617488764352864e-33,0.09882583865775939,6.915967352152946e-06,0.10073007167714194,0.10073698764449406,6.865370420405806e-05,0.002459964641552555,0.004137492279623301,0.005418892603552547,0.10126852042339429,0.06797086763399313,0.1418365069832986,-0.017547128389725542,0.02433764751041261,0.08517154169385321,0.12469403386785416,-0.0013667775492649525,0.008514501358149573,0.09882583865775939,0.10788057723151134,3.2617488764352864e-33,0.09882583865775939,0.10579666214088021,0.23941716018188547,0.28485071824869174,0.3185416673799289,0.39379203989278977,0.3185416673799289,0.40380162734470465,0.30126324976439267,0.32194720579828107
10,2,0.519147405239464,0.21273335546337002,0.3808824295664114,0.10183657521255213,64,1024,False,0.08437648526429418,0.07424214692113434,0.010134338343159736,0.08653659795234873,0.08216044249807189,0.08830622066904599,0.08444943325539506,1.0573488332000337e-32,0.07424214692113436,6.996335150549688e-05,0.0738505922945454,0.07392055564605103,0.0009464667966038814,0.0029030837405377373,0.0038655035281892304,0.004784018937906656,0.07829493896988265,0.05567802534795356,0.12093441599013842,-0.017150772656404054,0.02446727660522165,0.0728037749795476,0.10399286398751428,-0.0011469368400867097,0.00858772417268483,0.07424214692113434,0.08437648526429418,1.0573488332000337e-32,0.07424214692113436,0.08653659795234873,0.27031888001880416,0.3007559580511218,0.282037496886206,0.32470562818775506,0.2849490092940676,0.3254699368007555,0.35158627259335135,0.3781557210598258
10,3,0.5506435387815342,0.23564062614047593,0.40715934786386454,0.10406087550716074,64,1024,False,0.15514238577472306,0.15008717294348298,0.005055212831239938,0.15734876513064364,0.15107601332823561,0.15202045277281018,0.1468270842302177,3.2748820923151663e-34,0.15008717294348298,3.921550226674595e-05,0.14616721954466727,0.14620643504693395,0.00026822008384348695,0.004128915842274084,0.0025816685295666753,0.004428637933337806,0.14849434479866894,0.11003053641581662,0.19401036912980374,-0.015081824235720197,0.026043776619567718,0.1281220147429849,0.1774118784305756,0.0005601597804343328,0.010047493007732555,0.15008717294348298,0.15514238577472306,3.2748820923151663e-34,0.15008717294348298,0.15734876513064364,0.23941716018188547,0.24698578043300068,0.282037496886206,0.2831279611682326,0.2849490092940676,0.28649786740851096,0.35158627259335135,0.3584839043185045
10,4,0.6281937165205381,0.3033741776755474,0.4694450779520578,0.21800112742973318,64,1024,False,0.11997942415996854,0.11545104447849386,0.004528379681474788,0.1244204819292246,0.11961493271582864,0.12026885469327613,0.1161171198034804,6.879614354345645e-34,0.11545104447849386,7.20306968051515e-07,0.11619798777859065,0.11619870808555842,6.198924066532176e-06,0.0035515287180562685,0.0024884325429562807,0.0035766621831876573,0.11712650017287236,0.08157018856149942,0.15896752082505283,-0.016127935044141783,0.024895560510129817,0.09916359669296071,0.1421028419135837,-0.0005552356378757395,0.008867497490427922,0.11545104447849386,0.11997942415996854,6.879614354345645e-34,0.11545104447849386,0.1244204819292246,0.1737530749610811,0.17992647099124848,0.20221391928762092,0.21014304924934904,0.20221391928762092,0.21014304924934904,0.21073996096790992,0.24174665353735048
10,5,0.6928079334734298,0.38473848113653963,0.5453035465170698,0.35148587331669173,64,1024,False,0.09384332746227525,0.09082995848514523,0.0030133689771296456,0.09708216102095626,0.0873993289087876,0.09436592026779321,0.084887901065454,1.8250374293478102e-35,0.09082995848514523,2.9114092116189777e-05,0.08972128133991651,0.08975039543203273,0.0003243895692720112,0.002691759524675653,0.0019808895484747188,0.0028872241128040836,0.08541843936031288,0.05860292551677496,0.13012891501881146,-0.017048804173242487,0.023885260526702545,0.07643775777250994,0.1138044433464529,-0.0013538208222598769,0.008041384644457139,0.09082995848514523,0.09384332746227525,1.8250374293478102e-35,0.09082995848514523,0.09708216102095626,0.16628968730225746,0.16639717379388624,0.18879490858851877,0.19645073389126244,0.168642714714557,0.18457548820394776,0.1795430117620771,0.17867092771984333
10,6,0.8228771499130038,0.48173603824560507,0.6347591827369055,0.4560365125711903,64,1024,False,0.05008017816313957,0.048035511278768546,0.0020446668843711745,0.04989329102164464,0.04248026546181328,0.05123472300117024,0.044367129146291505,1.3604919403185152e-33,0.048035511278768546,2.015582808988243e-06,0.04869893999793787,0.048700955580746795,4.138692526569384e-05,0.0020224439593565877,0.0011152150557285584,0.0020334763127091648,0.04136505040608472,0.02114200144837141,0.08132744455396906,-0.017406561454311437,0.023067380153100378,0.038388052766094916,0.06474626870476641,-0.0018388991957181133,0.007332187204156071,0.048035511278768546,0.05008017816313957,1.3604919403185152e-33,0.048035511278768546,0.04989329102164464,0.16628968730225746,0.16667445899573435,0.10242032182570592,0.10706266877015429,0.10746224377627438,0.11370912184593696,0.10749868219366891,0.11507657147724101
10,7,0.8673645850021671,0.5548376208414213,0.7018945337909315,0.5627572915354051,64,1024,False,0.06202161424240727,0.06047074415595319,0.001550870086454383,0.0663695485777844,0.05308244508139102,0.06718110432901116,0.054430240606800614,1.8848054552886274e-35,0.06047074415595319,2.699281076756754e-08,0.0625250715171412,0.06252509850995192,4.317116071919692e-07,0.002442628393055173,-0.00023202679970438597,0.0007765317995653576,0.05331447188109541,0.034994062346419275,0.09936814631160304,-0.017099598861188774,0.023229116111232767,0.052720258849149104,0.08314346170664066,-0.0015300143859349191,0.007569284622150008,0.06047074415595319,0.06202161424240727,1.8848054552886274e-35,0.06047074415595319,0.0663695485777844,0.16628968730225746,0.16896362796893538,0.10242032182570592,0.10573425293984258,0.10746224377627438,0.11212767442889923,0.10749868219366891,0.11113139919208763
10,8,0.9329985011353279,0.6815614272972645,0.803626491259787,0.7449544518996489,64,1024,False,0.03091580667410821,0.02999860815893566,0.0009171985151723325,0.03159602512244176,0.02709633602160418,0.032782218571078964,0.02822530725868706,7.512330489325463e-36,0.02999860815893566,9.63417972177552e-06,0.03062719270052672,0.03063682688024852,0.00031446401937880355,0.0011861808189624864,0.0006014556227510797,0.0011332341182729066,0.0264948803988531,0.006065015468141366,0.05949942167401656,-0.01796097280400615,0.021485027564249578,0.023132336980779655,0.04307534857071005,-0.0026410974678583443,0.006082414089178201,0.02999860815893566,0.03091580667410821,7.512330489325463e-36,0.02999860815893566,0.03159602512244176,0.1625507399821655,0.1704688809994523,0.03250718254317622,0.03341833996391068,0.03250718254317622,0.03341833996391068,0.03151256155643282,0.03215840882981592
10,9,0.9617226802271953,0.8054480458772528,0.8897373456061641,0.8283682600941323,64,1024,False,0.014980291570078307,0.014265568634022409,0.0007147229360560454,0.014233808688780651,0.012922457479747948,0.015908606592640557,0.014984090372541928,8.333303902392984e-35,0.014265568634022409,3.2906247384818318e-06,0.01440775081606197,0.014411041440800437,0.00022834052292469568,0.00029468382383024215,-6.940513555685725e-05,0.00026851864305657693,0.012991862615304805,-0.007026824565982654,0.03884403775126377,-0.018631378762250517,0.01939503408121044,0.009459775377763435,0.022163844165334012,-0.003770229530346114,0.004448131112440024,0.014265568634022409,0.014980291570078307,8.333303902392984e-35,0.014265568634022409,0.014233808688780651,0.1625507399821655,0.17243853540172446,0.020923990691964323,0.027614172695147994,0.020923990691964323,0.027614172695147994,0.020923990691964323,0.027614172695147994
10,11,0.7155036826190795,0.6856231759786502,0.812367342291411,0.7488671746215857,64,1024,False,0.027000963177916306,0.026468234843939408,0.0005327283339769515,0.02196876630896404,0.02289037589311467,0.009937098580331953,0.009937046132575116,5.002797763462445e-35,0.026468234843939405,3.3091035676180094e-05,0.02735401999658554,0.027387111032261675,0.0012082704027160539,0.00012570986116520894,0.0002912987649480455,0.0018453320178685425,0.022599077128166625,-0.015352330953741658,0.03522652811440556,-0.01807759711704174,0.02097945735187252,0.0015646664833184332,0.018730737836449407,-0.002883202221710235,0.005690343103196938,0.026468234843939408,0.027000963177916306,5.002797763462445e-35,0.026468234843939405,0.02196876630896404,0.16628968730225746,0.17147889171120512,0.03118102122751835,0.032875960877499784,0.03118102122751835,0.032875960877499784,0.03151256155643282,0.032875960877499784
11,0,0.46764309829341716,0.1754766696975516,0.34707141353202975,0.09554009951738739,64,1024,False,0.10866256257871064,0.09498683102129263,0.013675731557417588,0.11383818383515559,0.10403990021801288,0.1072822503287819,0.10057851196024513,5.085658759397545e-34,0.09498683102129263,2.4532860253679233e-05,0.09439228695424005,0.0944168198144935,0.0002598356977271681,0.0014775467587375744,0.0011524954965531152,0.002260959510259843,0.10288740472145975,0.06787193442015836,0.14669256623740545,-0.019514494229602906,0.023533438402824722,0.08567513516754843,0.13005045376485214,-0.0032152236453839578,0.007391987164737657,0.09498683102129263,0.10866256257871064,5.085658759397545e-34,0.09498683102129263,0.11383818383515559,0.3456738206087223,0.577509457382289,0.3636365457418135,0.61220026482415,0.3636365457418135,0.61220026482415,0.35158627259335135,0.3764653924451579
11,1,0.48433033195141934,0.1970381451476993,0.3683891252114567,0.13065312442078444,64,1024,False,0.11685525349104069,0.10766569098300349,0.009189562508037048,0.11823926817027894,0.10706252187039449,0.11741325356176788,0.10766385738763902,1.2266852678175466e-33,0.10766569098300349,3.011597038086842e-06,0.10459718967049621,0.10460020126753426,2.879150328194999e-05,0.0031114359054434356,0.003913944956110487,0.005259631839567895,0.103148576914284,0.07863391838454582,0.15619258873898995,-0.016906774712723036,0.025103825763482444,0.09656559486757033,0.13965024380740942,-0.0007698467816226184,0.00919202119257534,0.10766569098300349,0.11685525349104069,1.2266852678175466e-33,0.10766569098300349,0.11823926817027894,0.32456317266416274,0.36006962986173463,0.3185416673799289,0.39379203989278977,0.3185416673799289,0.40380162734470465,0.35158627259335135,0.3638676938787762
11,2,0.4754839300318139,0.2052487008803888,0.37633588769028153,0.05232247846037844,64,1024,False,0.1269166640772169,0.11657531836872591,0.010341345708491127,0.12953103482626924,0.12310734721904162,0.13046348922993342,0.12446508560059381,9.001798699988102e-33,0.11657531836872588,2.915238908077756e-05,0.11300212947678515,0.11303128186586608,0.0002579143454762605,0.00429043564612667,0.004237060590550324,0.0055293594403314685,0.1188702866284913,0.09090092437412958,0.17002605408573726,-0.015533132541680802,0.02639794093019089,0.10879034333629534,0.15338518677162938,0.0005355600369512103,0.010458653923706152,0.11657531836872591,0.1269166640772169,9.001798699988102e-33,0.11657531836872588,0.12953103482626924,0.32456317266416274,0.36187198652696495,0.30767683671374413,0.3261493222345335,0.2920861852492853,0.3254699368007555,0.35158627259335135,0.3870105610713709
11,3,0.4982490273418903,0.22240755589267708,0.395446319096461,0.07493819485735406,64,1024,False,0.18930427274829173,0.18417184794473554,0.005132424803555866,0.19369374403038941,0.1817921240914549,0.1698816784333962,0.15688866765431364,2.713155949077679e-35,0.18417184794473554,2.178375296350208e-05,0.18152095051751052,0.18154273427047388,0.00011999242520522613,0.005779257633734134,0.0028508210542070806,0.00534236470040197,0.1789413030372478,0.1251293173470781,0.21463403951971427,-0.013397573537338774,0.028642448793403254,0.14351988875569077,0.19813762339617824,0.002436034628772177,0.012421808583894745,0.18417184794473554,0.18930427274829173,2.713155949077679e-35,0.18417184794473554,0.19369374403038941,0.27031888001880416,0.28133382412705804,0.282037496886206,0.2831279611682326,0.2849490092940676,0.28649786740851096,0.35158627259335135,0.3584839043185045
11,4,0.5460407678014101,0.26893602208130024,0.43861602192308924,0.14761980485769785,64,1024,False,0.13671086278666178,0.13199360589135217,0.004717256895309775,0.13903289078446893,0.1352297245899563,0.1283642876620296,0.12666873452343164,1.533538623603404e-34,0.13199360589135217,1.059827920014106e-05,0.1339564585046606,0.13396705678386053,7.911108487842714e-05,0.004773072704014513,0.0033474437247633534,0.005210944205916126,0.13188228086519294,0.08805005223653192,0.16867852308752726,-0.014389054784449906,0.02728406736686545,0.10586826712824404,0.15198918851820054,0.0013265544475871138,0.011097195492766332,0.13199360589135217,0.13671086278666178,1.533538623603404e-34,0.13199360589135217,0.13903289078446893,0.23941716018188547,0.2540568433398226,0.282037496886206,0.27875679873473375,0.2849490092940676,0.2820811251798842,0.30126324976439267,0.3072717815784639
11,5,0.5777369780074643,0.3282232138159802,0.4945985015065739,0.32401336951234005,64,1024,False,0.12496432635950996,0.12193024269819228,0.0030340836613184444,0.12448788768817191,0.11651512167961058,0.11123441482951874,0.10681718765283364,2.2879106173569773e-35,0.12193024269819228,3.144163565950139e-05,0.11814823423443152,0.11817967587009165,0.0002660494321719365,0.0038201516790141673,0.002695356548122276,0.004511674821390578,0.1138197651314883,0.07311382172280276,0.1493550079362347,-0.015233090158894746,0.026483499626802413,0.09094973307219334,0.13289580887067132,0.0005658766240230761,0.010357056453358382,0.12193024269819228,0.12496432635950996,2.2879106173569773e-35,0.12193024269819228,0.12448788768817191,0.23941716018188547,0.24825787345063263,0.20221391928762092,0.2058788050554475,0.20221391928762092,0.2058788050554475,0.1795430117620771,0.17867092771984333
11,6,0.6092183254174012,0.38838603870727484,0.549824226249197,0.3754101679360439,64,1024,False,0.07157515476174188,0.06939488408618232,0.002180270675559354,0.07007559541908419,0.06993983487227293,0.06620550571942337,0.06621418382961504,9.01497045586609e-35,0.06939488408618232,2.7209167273158627e-06,0.07350597231016273,0.07350869322689008,3.701489725735635e-05,0.004298962762265239,0.0018776963274151205,0.004436502845236609,0.0680621385448578,0.0329679391645608,0.09944307227428593,-0.014288160576911964,0.027048528470947644,0.050495487099396996,0.0829427536809817,0.00143551298242528,0.011032478214474395,0.06939488408618232,0.07157515476174188,9.01497045586609e-35,0.06939488408618232,0.07007559541908419,0.1737530749610811,0.19330306217630494,0.18879490858851877,0.19852816201448337,0.168642714714557,0.17959461685849842,0.16072865510952083,0.18113506092290851
11,7,0.6173010444149943,0.42866851486483304,0.5908258061752469,0.4120721105499914,64,1024,False,0.08381891992897988,0.08199170910970367,0.0018272108192757945,0.0875054328241914,0.08003594377778923,0.08214279192897533,0.07490371912605291,1.2740240574337606e-36,0.08199170910970367,9.334356578505417e-07,0.08784651740152263,0.08784745083718032,1.0625643077345585e-05,0.003775073968332182,0.0013395943649527012,0.004093595406013342,0.07869634941283653,0.04705795848032961,0.11722762537762105,-0.014568685845310996,0.026674768316483608,0.0649421517009614,0.10097419918747619,0.0011974041190114804,0.010746170104539488,0.08199170910970367,0.08381891992897988,1.2740240574337606e-36,0.08199170910970367,0.0875054328241914,0.1737530749610811,0.16896362796893538,0.10242032182570592,0.10573425293984258,0.10746224377627438,0.11212767442889923,0.10749868219366891,0.11113139919208763
11,8,0.6390968810061033,0.5031651418576999,0.6611627729728061,0.5224103373451238,64,1024,False,0.0649444296571001,0.06363144076549827,0.0013129888916023529,0.06723726046143085,0.0686649326230529,0.057141769965579216,0.059254588847799446,1.091053008997196e-34,0.06363144076549827,9.822929823776846e-07,0.06754263811682545,0.06754362040980805,1.4543090471280769e-05,0.0028284396543372093,0.0028969616233667193,0.004691568227325731,0.06576797099968618,0.025248800987104192,0.08903473894405424,-0.01577142636773136,0.0251091393181431,0.04254385177773656,0.07239656876481604,-0.00016993626923067495,0.009193075515213422,0.06363144076549827,0.0649444296571001,1.091053008997196e-34,0.06363144076549827,0.06723726046143085,0.1737530749610811,0.17948021849021734,0.10242032182570592,0.10096695184172319,0.10746224377627438,0.10620298124525557,0.10749868219366891,0.10632028377628598
11,9,0.6786986548601971,0.5749909397398781,0.7266339591474907,0.5920631786898632,64,1024,False,0.0509243347948508,0.049802447051781315,0.0011218877430695872,0.05107848538569566,0.054247081993600094,0.04519412819315035,0.0487523064317414,3.782462748092258e-35,0.049802447051781315,5.277589368549964e-06,0.051860944877269805,0.05186622246663835,0.00010175387983855275,0.003308771055834909,0.0025669754299812095,0.003978432442070931,0.051680106563618884,0.0156702215980314,0.0747180347882693,-0.01579370714878585,0.024956245356363316,0.032651349662046414,0.057872718665748835,-0.00018334866763325408,0.00911868655384751,0.049802447051781315,0.0509243347948508,3.782462748092258e-35,0.049802447051781315,0.05107848538569566,0.16628968730225746,0.17396756046546838,0.10242032182570592,0.10407543485041469,0.06651478455075913,0.07166021760578029,0.10749868219366891,0.10959545651669143
11,10,0.7155036826190795,0.6856231759786502,0.812367342291411,0.7488671746215857,64,1024,False,0.02553307667136481,0.025190279949577298,0.00034279672178766477,0.02696923018727099,0.02863108287157641,0.022960692317923553,0.024910311475553115,4.4496685435122696e-36,0.025190279949577298,5.611290220610208e-06,0.02593547653102531,0.025941087821245885,0.0002163089789941088,0.0024155282169680426,0.0032373054206110232,0.004472033647990634,0.025393777450965386,-0.002603324135884693,0.0485247087717318,-0.015738725219036367,0.023437945994263305,0.014045407799130771,0.031606486401869915,-0.0005166395130800083,0.00810362597258063,0.025190279949577298,0.02553307667136481,4.4496685435122696e-36,0.025190279949577298,0.02696923018727099,0.16628968730225746,0.17489364212744785,0.03118102122751835,0.03195215371671348,0.03118102122751835,0.03195215371671348,0.03151256155643282,0.03195215371671348
