n_cal,rep,method,coverage,both_methods_coverage,mean_width,accepted_fraction,false_certification,exact_mean_difference
128,0,bernstein,True,True,0.5237195987453458,0.0,False,0.010827303872690855
128,0,betting,True,True,0.10699521803588152,0.0,False,0.010827303872690855
128,1,bernstein,True,True,0.5238325163649092,0.0,False,0.011075549624045404
128,1,betting,True,True,0.1069862580250629,0.0,False,0.011075549624045404
128,2,bernstein,True,True,0.5237050688812082,0.0,False,0.010580865423754415
128,2,betting,True,True,0.10698403995509576,0.0,False,0.010580865423754415
128,3,bernstein,True,True,0.520638599296334,0.0,False,0.007737650753778472
128,3,betting,True,True,0.10685492713866551,0.0,False,0.007737650753778472
128,4,bernstein,True,True,0.5258967651374815,0.0,False,0.012762570806885793
128,4,betting,True,True,0.10709906832238636,0.0,False,0.012762570806885793
128,5,bernstein,True,True,0.5245775096887039,0.0,False,0.012186516573442517
128,5,betting,True,True,0.10702930746592754,0.0,False,0.012186516573442517
128,6,bernstein,True,True,0.5236267516420107,0.0,False,0.010985302547717768
128,6,betting,True,True,0.10697471463048724,0.0,False,0.010985302547717768
128,7,bernstein,True,True,0.5232292321480789,0.0,False,0.010240762507863382
128,7,betting,True,True,0.10694832346147443,0.0,False,0.010240762507863382
128,8,bernstein,True,True,0.5228883021519525,0.0,False,0.009838824333401733
128,8,betting,True,True,0.10694400080832556,0.0,False,0.009838824333401733
128,9,bernstein,True,True,0.5208496893584089,0.0,False,0.008444408284298602
128,9,betting,True,True,0.10686504849069034,0.0,False,0.008444408284298602
128,10,bernstein,True,True,0.5231896712996771,0.0,False,0.010516325038877172
128,10,betting,True,True,0.10696663158581943,0.0,False,0.010516325038877172
128,11,bernstein,True,True,0.5238030942149846,0.0,False,0.011035396187781977
128,11,betting,True,True,0.10699392469767188,0.0,False,0.011035396187781977
128,12,bernstein,True,True,0.5200391364719454,0.0,False,0.007232872977798404
128,12,betting,True,True,0.10683533485858787,0.0,False,0.007232872977798404
128,13,bernstein,True,True,0.5251576623814054,0.0,False,0.011877490538329226
128,13,betting,True,True,0.10707126047240301,0.0,False,0.011877490538329226
128,14,bernstein,True,True,0.524505022774922,0.0,False,0.010901227565010142
128,14,betting,True,True,0.10702796013774785,0.0,False,0.010901227565010142
128,15,bernstein,True,True,0.5229247857106734,0.0,False,0.010237441623516842
128,15,betting,True,True,0.10694399662646903,0.0,False,0.010237441623516842
128,16,bernstein,True,True,0.5224234080437086,0.0,False,0.009431661112414003
128,16,betting,True,True,0.10693650513843744,0.0,False,0.009431661112414003
128,17,bernstein,True,True,0.5224199914748745,0.0,False,0.009242014164646362
128,17,betting,True,True,0.10693132283202422,0.0,False,0.009242014164646362
128,18,bernstein,True,True,0.5236622140072815,0.0,False,0.010843545372655906
128,18,betting,True,True,0.10698191352501463,0.0,False,0.010843545372655906
128,19,bernstein,True,True,0.5243382286891441,0.0,False,0.011760902896995537
128,19,betting,True,True,0.10701687342832888,0.0,False,0.011760902896995537
128,20,bernstein,True,True,0.5222588046513839,0.0,False,0.009265557002981414
128,20,betting,True,True,0.10691652608944424,0.0,False,0.009265557002981414
128,21,bernstein,True,True,0.5241818806708227,0.0,False,0.01118269220881082
128,21,betting,True,True,0.10700891888111075,0.0,False,0.01118269220881082
128,22,bernstein,True,True,0.5222456626073002,0.0,False,0.009236562890810374
128,22,betting,True,True,0.10691643461243072,0.0,False,0.009236562890810374
128,23,bernstein,True,True,0.5224519189125854,0.0,False,0.00937467283449299
128,23,betting,True,True,0.10692727767367616,0.0,False,0.00937467283449299
128,24,bernstein,True,True,0.5210968439080008,0.0,False,0.007918035529151358
128,24,betting,True,True,0.10686897509560367,0.0,False,0.007918035529151358
128,25,bernstein,True,True,0.5219178357982482,0.0,False,0.009133054027422058
128,25,betting,True,True,0.10690387422113412,0.0,False,0.009133054027422058
128,26,bernstein,True,True,0.5241745155744166,0.0,False,0.011042694775601512
128,26,betting,True,True,0.10699927708239565,0.0,False,0.011042694775601512
128,27,bernstein,True,True,0.5212944982401557,0.0,False,0.008542724168897177
128,27,betting,True,True,0.1068806403582857,0.0,False,0.008542724168897177
128,28,bernstein,True,True,0.5225171930273496,0.0,False,0.009484460023640976
128,28,betting,True,True,0.10692452352490367,0.0,False,0.009484460023640976
128,29,bernstein,True,True,0.5224238213087227,0.0,False,0.009781950624957141
128,29,betting,True,True,0.1069251825414903,0.0,False,0.009781950624957141
128,30,bernstein,True,True,0.5231049945835446,0.0,False,0.010159276053123235
128,30,betting,True,True,0.10696038372912875,0.0,False,0.010159276053123235
128,31,bernstein,True,True,0.5225937198988138,0.0,False,0.009603983052542567
128,31,betting,True,True,0.10693267879683854,0.0,False,0.009603983052542567
128,32,bernstein,True,True,0.5219099633841708,0.0,False,0.009292112181780752
128,32,betting,True,True,0.10689853390216753,0.0,False,0.009292112181780752
128,33,bernstein,True,True,0.5234424214385469,0.0,False,0.010600493798384583
128,33,betting,True,True,0.10698096733813145,0.0,False,0.010600493798384583
128,34,bernstein,True,True,0.5209185526092195,0.0,False,0.007977644906364106
128,34,betting,True,True,0.10686457680367312,0.0,False,0.007977644906364106
128,35,bernstein,True,True,0.5241768518216754,0.0,False,0.011713818645343614
128,35,betting,True,True,0.10701564647599293,0.0,False,0.011713818645343614
128,36,bernstein,True,True,0.5231525599412075,0.0,False,0.010031966833505336
128,36,betting,True,True,0.1069613302461585,0.0,False,0.010031966833505336
128,37,bernstein,True,True,0.5214887534729052,0.0,False,0.00885188130866909
128,37,betting,True,True,0.1068898727004125,0.0,False,0.00885188130866909
128,38,bernstein,True,True,0.5246351511707049,0.0,False,0.011828614533898482
128,38,betting,True,True,0.1070287628737423,0.0,False,0.011828614533898482
128,39,bernstein,True,True,0.5239901876118098,0.0,False,0.011122121852993015
128,39,betting,True,True,0.1070112379495185,0.0,False,0.011122121852993015
128,40,bernstein,True,True,0.5233152605843203,0.0,False,0.010775621508640905
128,40,betting,True,True,0.10697006534352116,0.0,False,0.010775621508640905
128,41,bernstein,True,True,0.5224231750182367,0.0,False,0.009274178006951227
128,41,betting,True,True,0.1069264162992476,0.0,False,0.009274178006951227
128,42,bernstein,True,True,0.522960301782641,0.0,False,0.010086767447896852
128,42,betting,True,True,0.10694828222396613,0.0,False,0.010086767447896852
128,43,bernstein,True,True,0.5198484109564805,0.0,False,0.007178812204440775
128,43,betting,True,True,0.10682678570858117,0.0,False,0.007178812204440775
128,44,bernstein,True,True,0.5230239874591234,0.0,False,0.010229232357636219
128,44,betting,True,True,0.10694987874237993,0.0,False,0.010229232357636219
128,45,bernstein,True,True,0.5225417197142659,0.0,False,0.009546170030237649
128,45,betting,True,True,0.10692723529606163,0.0,False,0.009546170030237649
128,46,bernstein,True,True,0.5228069488757952,0.0,False,0.010441124324889101
128,46,betting,True,True,0.1069379308918359,0.0,False,0.010441124324889101
128,47,bernstein,True,True,0.5219230277744792,0.0,False,0.009501166760726376
128,47,betting,True,True,0.10690306782711567,0.0,False,0.009501166760726376
128,48,bernstein,True,True,0.5213782868987402,0.0,False,0.007869730575858064
128,48,betting,True,True,0.10688006904183556,0.0,False,0.007869730575858064
128,49,bernstein,True,True,0.5209911368964141,0.0,False,0.008396524157386455
128,49,betting,True,True,0.10686611923527378,0.0,False,0.008396524157386455
128,50,bernstein,True,True,0.5224866399487953,0.0,False,0.01003871609740429
128,50,betting,True,True,0.10692889068621303,0.0,False,0.01003871609740429
128,51,bernstein,True,True,0.5219960108809873,0.0,False,0.009041756181187638
128,51,betting,True,True,0.10691157437060617,0.0,False,0.009041756181187638
128,52,bernstein,True,True,0.5230536724684796,0.0,False,0.009952826363341551
128,52,betting,True,True,0.10696073824932695,0.0,False,0.009952826363341551
128,53,bernstein,True,True,0.5222715213302644,0.0,False,0.009408197059155958
128,53,betting,True,True,0.10691470647558166,0.0,False,0.009408197059155958
128,54,bernstein,True,True,0.5221965952365979,0.0,False,0.009070139295165522
128,54,betting,True,True,0.10692234810987433,0.0,False,0.009070139295165522
128,55,bernstein,True,True,0.5232342147762755,0.0,False,0.01031500930189042
128,55,betting,True,True,0.10696772647072061,0.0,False,0.01031500930189042
128,56,bernstein,True,True,0.5220532641301185,0.0,False,0.009209612337758626
128,56,betting,True,True,0.10691534173922268,0.0,False,0.009209612337758626
128,57,bernstein,True,True,0.5232107609014556,0.0,False,0.011239297442958646
128,57,betting,True,True,0.10694871497129499,0.0,False,0.011239297442958646
128,58,bernstein,True,True,0.5227889692768836,0.0,False,0.009655713807166776
128,58,betting,True,True,0.1069477776499479,0.0,False,0.009655713807166776
128,59,bernstein,True,True,0.5237149541185832,0.0,False,0.010796681776853194
128,59,betting,True,True,0.10696969594471739,0.0,False,0.010796681776853194
128,60,bernstein,True,True,0.5218641547677206,0.0,False,0.009250014845063423
128,60,betting,True,True,0.10690361748595023,0.0,False,0.009250014845063423
128,61,bernstein,True,True,0.5221786422963262,0.0,False,0.008803048791417288
128,61,betting,True,True,0.106903885424108,0.0,False,0.008803048791417288
128,62,bernstein,True,True,0.5210320734205683,0.0,False,0.008216660374946144
128,62,betting,True,True,0.10688032428475702,0.0,False,0.008216660374946144
128,63,bernstein,True,True,0.5234466611855627,0.0,False,0.01041859400986307
128,63,betting,True,True,0.10697811884227126,0.0,False,0.01041859400986307
128,64,bernstein,True,True,0.5220062062271746,0.0,False,0.009453531682704037
128,64,betting,True,True,0.10690653430014219,0.0,False,0.009453531682704037
128,65,bernstein,True,True,0.5229529687553294,0.0,False,0.010212651023826833
128,65,betting,True,True,0.10694417702736247,0.0,False,0.010212651023826833
128,66,bernstein,True,True,0.5233571794786475,0.0,False,0.01057357318454756
128,66,betting,True,True,0.10696488604364274,0.0,False,0.01057357318454756
128,67,bernstein,True,True,0.5248696801592152,0.0,False,0.01182727690501717
128,67,betting,True,True,0.10705084301076562,0.0,False,0.01182727690501717
128,68,bernstein,True,True,0.5216839815126572,0.0,False,0.009107299709869697
128,68,betting,True,True,0.10688749436409128,0.0,False,0.009107299709869697
128,69,bernstein,True,True,0.5248814574351117,0.0,False,0.01190636685851915
128,69,betting,True,True,0.10704500887175517,0.0,False,0.01190636685851915
128,70,bernstein,True,True,0.5241682779888058,0.0,False,0.011626770637824566
128,70,betting,True,True,0.10701303725716571,0.0,False,0.011626770637824566
128,71,bernstein,True,True,0.5214867223164197,0.0,False,0.008832975990228975
128,71,betting,True,True,0.10689344148366209,0.0,False,0.008832975990228975
128,72,bernstein,True,True,0.5244217443005197,0.0,False,0.011151155994632848
128,72,betting,True,True,0.10703362892174484,0.0,False,0.011151155994632848
128,73,bernstein,True,True,0.5238744296663869,0.0,False,0.01072796469728235
128,73,betting,True,True,0.10700194754121173,0.0,False,0.01072796469728235
128,74,bernstein,True,True,0.5246023161478484,0.0,False,0.011849606034448831
128,74,betting,True,True,0.10702128319175241,0.0,False,0.011849606034448831
128,75,bernstein,True,True,0.5224382724421113,0.0,False,0.009152843040049014
128,75,betting,True,True,0.10692226064744315,0.0,False,0.009152843040049014
128,76,bernstein,True,True,0.523978796374166,0.0,False,0.011105945195807657
128,76,betting,True,True,0.10699625101169652,0.0,False,0.011105945195807657
128,77,bernstein,True,True,0.5222750078970766,0.0,False,0.00978551931465005
128,77,betting,True,True,0.10691666679791534,0.0,False,0.00978551931465005
128,78,bernstein,True,True,0.5247401949200159,0.0,False,0.011247517153530062
128,78,betting,True,True,0.10704815209166552,0.0,False,0.011247517153530062
128,79,bernstein,True,True,0.5244494628825993,0.0,False,0.010858279347205005
128,79,betting,True,True,0.10701663009269391,0.0,False,0.010858279347205005
128,80,bernstein,True,True,0.5222214074446347,0.0,False,0.009141196149170437
128,80,betting,True,True,0.10691560953211587,0.0,False,0.009141196149170437
128,81,bernstein,True,True,0.5229766655206669,0.0,False,0.010094877350578879
128,81,betting,True,True,0.1069486831891846,0.0,False,0.010094877350578879
128,82,bernstein,True,True,0.5220447438311219,0.0,False,0.00915789100987157
128,82,betting,True,True,0.10691149655285692,0.0,False,0.00915789100987157
128,83,bernstein,True,True,0.5219440686823595,0.0,False,0.009141636075127229
128,83,betting,True,True,0.10690777873263868,0.0,False,0.009141636075127229
128,84,bernstein,True,True,0.5219066715446048,0.0,False,0.009236359059066293
128,84,betting,True,True,0.10689572102251998,0.0,False,0.009236359059066293
128,85,bernstein,True,True,0.5213550801393891,0.0,False,0.008794715268742918
128,85,betting,True,True,0.10688445772429989,0.0,False,0.008794715268742918
128,86,bernstein,True,True,0.5219125378327005,0.0,False,0.00920954495189622
128,86,betting,True,True,0.10690982917618386,0.0,False,0.00920954495189622
128,87,bernstein,True,True,0.5227472872571113,0.0,False,0.00991913176336474
128,87,betting,True,True,0.10694620527185172,0.0,False,0.00991913176336474
128,88,bernstein,True,True,0.5256370642219343,0.0,False,0.012929817076706866
128,88,betting,True,True,0.1070946007172825,0.0,False,0.012929817076706866
128,89,bernstein,True,True,0.5223090704396358,0.0,False,0.009956208940467347
128,89,betting,True,True,0.10691902047889013,0.0,False,0.009956208940467347
128,90,bernstein,True,True,0.5222997237950913,0.0,False,0.008835480093511929
128,90,betting,True,True,0.10692986776160984,0.0,False,0.008835480093511929
128,91,bernstein,True,True,0.5217131656848526,0.0,False,0.008860890765515671
128,91,betting,True,True,0.10689510268879532,0.0,False,0.008860890765515671
128,92,bernstein,True,True,0.5234883144293228,0.0,False,0.011161441427589002
128,92,betting,True,True,0.106966456867849,0.0,False,0.011161441427589002
128,93,bernstein,True,True,0.5250286858100257,0.0,False,0.011487697127353456
128,93,betting,True,True,0.10704769740499609,0.0,False,0.011487697127353456
128,94,bernstein,True,True,0.5226341163989369,0.0,False,0.009796987062433414
128,94,betting,True,True,0.10693124905967122,0.0,False,0.009796987062433414
128,95,bernstein,True,True,0.5230368665948719,0.0,False,0.009926508466614924
128,95,betting,True,True,0.10695444726668946,0.0,False,0.009926508466614924
128,96,bernstein,True,True,0.522014281733481,0.0,False,0.009467710330234741
128,96,betting,True,True,0.10690103373242898,0.0,False,0.009467710330234741
128,97,bernstein,True,True,0.5237556047124259,0.0,False,0.011023097539832199
128,97,betting,True,True,0.10698045492423258,0.0,False,0.011023097539832199
128,98,bernstein,True,True,0.522540432358514,0.0,False,0.010013190149481464
128,98,betting,True,True,0.1069350190782643,0.0,False,0.010013190149481464
128,99,bernstein,True,True,0.5228289892059372,0.0,False,0.00988044268229191
128,99,betting,True,True,0.10694848051440198,0.0,False,0.00988044268229191
128,100,bernstein,True,True,0.5225675567417576,0.0,False,0.00953673545875668
128,100,betting,True,True,0.10693458029585601,0.0,False,0.00953673545875668
128,101,bernstein,True,True,0.5218184139979145,0.0,False,0.009147956375955817
128,101,betting,True,True,0.10690224236383072,0.0,False,0.009147956375955817
128,102,bernstein,True,True,0.5221690363640792,0.0,False,0.009915108923319614
128,102,betting,True,True,0.10691602904276798,0.0,False,0.009915108923319614
128,103,bernstein,True,True,0.5237282044889628,0.0,False,0.010355470800051697
128,103,betting,True,True,0.10698725025638856,0.0,False,0.010355470800051697
128,104,bernstein,True,True,0.5218409757886457,0.0,False,0.008814170311043978
128,104,betting,True,True,0.10689595755713521,0.0,False,0.008814170311043978
128,105,bernstein,True,True,0.5221673839362024,0.0,False,0.009576473584911458
128,105,betting,True,True,0.10690988751528507,0.0,False,0.009576473584911458
128,106,bernstein,True,True,0.5236855756557222,0.0,False,0.01078178169635503
128,106,betting,True,True,0.10698428837939,0.0,False,0.01078178169635503
128,107,bernstein,True,True,0.5235058326531499,0.0,False,0.010977407627728501
128,107,betting,True,True,0.10698107220589004,0.0,False,0.010977407627728501
128,108,bernstein,True,True,0.521522951920408,0.0,False,0.008930466678610922
128,108,betting,True,True,0.10688463904960366,0.0,False,0.008930466678610922
128,109,bernstein,True,True,0.5224004305302642,0.0,False,0.010420725159281257
128,109,betting,True,True,0.10692327934331847,0.0,False,0.010420725159281257
128,110,bernstein,True,True,0.5228386933944202,0.0,False,0.009800886638569319
128,110,betting,True,True,0.10694717637379658,0.0,False,0.009800886638569319
128,111,bernstein,True,True,0.5238641221684637,0.0,False,0.01186766887011843
128,111,betting,True,True,0.10698737012600767,0.0,False,0.01186766887011843
128,112,bernstein,True,True,0.5229759106316443,0.0,False,0.010150909261517127
128,112,betting,True,True,0.10694990969692297,0.0,False,0.010150909261517127
128,113,bernstein,True,True,0.5245614998242991,0.0,False,0.011314161601770944
128,113,betting,True,True,0.10703541783197579,0.0,False,0.011314161601770944
128,114,bernstein,True,True,0.5222677031279394,0.0,False,0.008486189670000104
128,114,betting,True,True,0.1069181851112081,0.0,False,0.008486189670000104
128,115,bernstein,True,True,0.5244298870280112,0.0,False,0.011572158062864024
128,115,betting,True,True,0.10702386268418207,0.0,False,0.011572158062864024
128,116,bernstein,True,True,0.5215388204060845,0.0,False,0.008485499824836283
128,116,betting,True,True,0.10689563844625805,0.0,False,0.008485499824836283
128,117,bernstein,True,True,0.5199060712207538,0.0,False,0.006959415976078286
128,117,betting,True,True,0.1068331951610163,0.0,False,0.006959415976078286
128,118,bernstein,True,True,0.5215330638586388,0.0,False,0.008701629439989084
128,118,betting,True,True,0.10688449031636993,0.0,False,0.008701629439989084
128,119,bernstein,True,True,0.5230763621913777,0.0,False,0.009103494324698185
128,119,betting,True,True,0.10696802274425876,0.0,False,0.009103494324698185
128,120,bernstein,True,True,0.5206399053842967,0.0,False,0.007756740144556008
128,120,betting,True,True,0.10686113388550433,0.0,False,0.007756740144556008
128,121,bernstein,True,True,0.5233975013542308,0.0,False,0.010090326867184373
128,121,betting,True,True,0.10697450262356145,0.0,False,0.010090326867184373
128,122,bernstein,True,True,0.5232242458454828,0.0,False,0.010127879915017573
128,122,betting,True,True,0.10697483501513483,0.0,False,0.010127879915017573
128,123,bernstein,True,True,0.5223733617879975,0.0,False,0.009453712670088368
128,123,betting,True,True,0.10692870922004649,0.0,False,0.009453712670088368
128,124,bernstein,True,True,0.5224631263976951,0.0,False,0.009391784754980065
128,124,betting,True,True,0.10692720527473287,0.0,False,0.009391784754980065
128,125,bernstein,True,True,0.5229121594958719,0.0,False,0.010262546296105863
128,125,betting,True,True,0.10694668144886244,0.0,False,0.010262546296105863
128,126,bernstein,True,True,0.5229236563923525,0.0,False,0.00987867647533404
128,126,betting,True,True,0.10694866573983752,0.0,False,0.00987867647533404
128,127,bernstein,True,True,0.5221950236059439,0.0,False,0.009528266491372728
128,127,betting,True,True,0.10691689927392878,0.0,False,0.009528266491372728
128,128,bernstein,True,True,0.5227607003825503,0.0,False,0.00966644389569119
128,128,betting,True,True,0.1069359625623475,0.0,False,0.00966644389569119
128,129,bernstein,True,True,0.5216800431574606,0.0,False,0.009369953515637106
128,129,betting,True,True,0.10689954904566534,0.0,False,0.009369953515637106
128,130,bernstein,True,True,0.5230874093366125,0.0,False,0.010027328930705424
128,130,betting,True,True,0.10695048206984215,0.0,False,0.010027328930705424
128,131,bernstein,True,True,0.5224475070278315,0.0,False,0.009776959694414647
128,131,betting,True,True,0.10693441468993103,0.0,False,0.009776959694414647
128,132,bernstein,True,True,0.5248270694640084,0.0,False,0.012150631263398937
128,132,betting,True,True,0.10703239092930739,0.0,False,0.012150631263398937
128,133,bernstein,True,True,0.5244932556873914,0.0,False,0.011605393812945331
128,133,betting,True,True,0.10702038886429366,0.0,False,0.011605393812945331
128,134,bernstein,True,True,0.523591029311843,0.0,False,0.010771756455022768
128,134,betting,True,True,0.10697374415361993,0.0,False,0.010771756455022768
128,135,bernstein,True,True,0.5242760273403605,0.0,False,0.011630082048507507
128,135,betting,True,True,0.10701538478420847,0.0,False,0.011630082048507507
128,136,bernstein,True,True,0.5209230481004572,0.0,False,0.008306381000678688
128,136,betting,True,True,0.10686550732840261,0.0,False,0.008306381000678688
128,137,bernstein,True,True,0.520910453022137,0.0,False,0.00802597981228085
128,137,betting,True,True,0.10687000598049057,0.0,False,0.00802597981228085
128,138,bernstein,True,True,0.522344686810061,0.0,False,0.009731588815420283
128,138,betting,True,True,0.10691732729796055,0.0,False,0.009731588815420283
128,139,bernstein,True,True,0.5224737826497368,0.0,False,0.009288866737644867
128,139,betting,True,True,0.10693088925272609,0.0,False,0.009288866737644867
128,140,bernstein,True,True,0.5231599729598433,0.0,False,0.010316975105500819
128,140,betting,True,True,0.10696122442317568,0.0,False,0.010316975105500819
128,141,bernstein,True,True,0.5213429179629665,0.0,False,0.008395706591708334
128,141,betting,True,True,0.10687614963851955,0.0,False,0.008395706591708334
128,142,bernstein,True,True,0.5211955888579276,0.0,False,0.008248216589631195
128,142,betting,True,True,0.1068760770282825,0.0,False,0.008248216589631195
128,143,bernstein,True,True,0.5233966784403431,0.0,False,0.010473685566724593
128,143,betting,True,True,0.10697303337445185,0.0,False,0.010473685566724593
128,144,bernstein,True,True,0.5228178878508432,0.0,False,0.009802461438646964
128,144,betting,True,True,0.10694710766369098,0.0,False,0.009802461438646964
128,145,bernstein,True,True,0.5233903649619329,0.0,False,0.01063403196165794
128,145,betting,True,True,0.10696858589508329,0.0,False,0.01063403196165794
128,146,bernstein,True,True,0.5232007002977435,0.0,False,0.01038140530448417
128,146,betting,True,True,0.10695608755373531,0.0,False,0.01038140530448417
128,147,bernstein,True,True,0.5214836111736071,0.0,False,0.008813630270791331
128,147,betting,True,True,0.10688711924714878,0.0,False,0.008813630270791331
128,148,bernstein,True,True,0.5240860437012665,0.0,False,0.01107041502303303
128,148,betting,True,True,0.10700279850501826,0.0,False,0.01107041502303303
128,149,bernstein,True,True,0.5224532816578692,0.0,False,0.009750802282602871
128,149,betting,True,True,0.10692236792307086,0.0,False,0.009750802282602871
128,150,bernstein,True,True,0.5239658829907617,0.0,False,0.011622047210924219
128,150,betting,True,True,0.10699905215133176,0.0,False,0.011622047210924219
128,151,bernstein,True,True,0.5237076785912,0.0,False,0.010857656696405893
128,151,betting,True,True,0.10698382609054546,0.0,False,0.010857656696405893
128,152,bernstein,True,True,0.5215329412951379,0.0,False,0.00876622038522935
128,152,betting,True,True,0.10688465846222239,0.0,False,0.00876622038522935
128,153,bernstein,True,True,0.5243383362022145,0.0,False,0.01209354024224894
128,153,betting,True,True,0.10702537612451124,0.0,False,0.01209354024224894
128,154,bernstein,True,True,0.5240527574063554,0.0,False,0.011698615391661393
128,154,betting,True,True,0.10699415272771151,0.0,False,0.011698615391661393
128,155,bernstein,True,True,0.5242573315778637,0.0,False,0.01095202410528345
128,155,betting,True,True,0.10701131357509452,0.0,False,0.01095202410528345
128,156,bernstein,True,True,0.522243176842053,0.0,False,0.009075862230000783
128,156,betting,True,True,0.10692395715184833,0.0,False,0.009075862230000783
128,157,bernstein,True,True,0.5213698334162911,0.0,False,0.008198584274239567
128,157,betting,True,True,0.10688356196620585,0.0,False,0.008198584274239567
128,158,bernstein,True,True,0.5222785700859149,0.0,False,0.009436214868017165
128,158,betting,True,True,0.1069159596987811,0.0,False,0.009436214868017165
128,159,bernstein,True,True,0.5228402975088919,0.0,False,0.009753929707821908
128,159,betting,True,True,0.106942747712783,0.0,False,0.009753929707821908
128,160,bernstein,True,True,0.5211928254905819,0.0,False,0.008508353755773052
128,160,betting,True,True,0.10687750204215274,0.0,False,0.008508353755773052
128,161,bernstein,True,True,0.5212250808381623,0.0,False,0.008165367682534713
128,161,betting,True,True,0.10687886162537319,0.0,False,0.008165367682534713
128,162,bernstein,True,True,0.5226373769747659,0.0,False,0.010075112919853298
128,162,betting,True,True,0.10693182911400068,0.0,False,0.010075112919853298
128,163,bernstein,True,True,0.5201187377335981,0.0,False,0.007747030434092009
128,163,betting,True,True,0.10684641219184421,0.0,False,0.007747030434092009
128,164,bernstein,True,True,0.5227664881050436,0.0,False,0.008735927534754927
128,164,betting,True,True,0.10693451829432887,0.0,False,0.008735927534754927
128,165,bernstein,True,True,0.5225873556604113,0.0,False,0.009614869501195316
128,165,betting,True,True,0.10693631577076312,0.0,False,0.009614869501195316
128,166,bernstein,True,True,0.5232257597617356,0.0,False,0.010329761892183487
128,166,betting,True,True,0.10696344376090572,0.0,False,0.010329761892183487
128,167,bernstein,True,True,0.5223127719119554,0.0,False,0.00942549118036272
128,167,betting,True,True,0.10692006386532749,0.0,False,0.00942549118036272
128,168,bernstein,True,True,0.5230131061174799,0.0,False,0.010096295250989405
128,168,betting,True,True,0.1069530640713855,0.0,False,0.010096295250989405
128,169,bernstein,True,True,0.5228996928711755,0.0,False,0.010607802859463937
128,169,betting,True,True,0.1069381115656507,0.0,False,0.010607802859463937
128,170,bernstein,True,True,0.5201969371360036,0.0,False,0.007738935418128248
128,170,betting,True,True,0.10684274225168333,0.0,False,0.007738935418128248
128,171,bernstein,True,True,0.5247548278520996,0.0,False,0.011689578935258214
128,171,betting,True,True,0.1070481054573611,0.0,False,0.011689578935258214
128,172,bernstein,True,True,0.5220743866172763,0.0,False,0.009618191694678885
128,172,betting,True,True,0.10691155102264016,0.0,False,0.009618191694678885
128,173,bernstein,True,True,0.5205225727158412,0.0,False,0.007891652990964906
128,173,betting,True,True,0.10685392338302346,0.0,False,0.007891652990964906
128,174,bernstein,True,True,0.5210172576331746,0.0,False,0.00803987217852588
128,174,betting,True,True,0.10687112738276494,0.0,False,0.00803987217852588
128,175,bernstein,True,True,0.5251629417807271,0.0,False,0.011897307885386938
128,175,betting,True,True,0.10705060822372614,0.0,False,0.011897307885386938
128,176,bernstein,True,True,0.5238299216770559,0.0,False,0.010929005080636994
128,176,betting,True,True,0.10699432976551182,0.0,False,0.010929005080636994
128,177,bernstein,True,True,0.5224738445600756,0.0,False,0.009985674239496143
128,177,betting,True,True,0.10693021639199296,0.0,False,0.009985674239496143
128,178,bernstein,True,True,0.5236918794250642,0.0,False,0.010878337789368961
128,178,betting,True,True,0.10698344250864467,0.0,False,0.010878337789368961
128,179,bernstein,True,True,0.5224918502513665,0.0,False,0.00972374822125834
128,179,betting,True,True,0.10693130812069296,0.0,False,0.00972374822125834
128,180,bernstein,True,True,0.5216253004952369,0.0,False,0.008947325573698548
128,180,betting,True,True,0.10688988790036102,0.0,False,0.008947325573698548
128,181,bernstein,True,True,0.5210709582169963,0.0,False,0.008450853217825682
128,181,betting,True,True,0.10686828922269342,0.0,False,0.008450853217825682
128,182,bernstein,True,True,0.5233968506948429,0.0,False,0.010382162128533537
128,182,betting,True,True,0.10697605731900695,0.0,False,0.010382162128533537
128,183,bernstein,True,True,0.5235134163807801,0.0,False,0.01010324841154683
128,183,betting,True,True,0.1069809578783315,0.0,False,0.01010324841154683
128,184,bernstein,True,True,0.5213583490448399,0.0,False,0.00861922020287547
128,184,betting,True,True,0.10687951795676776,0.0,False,0.00861922020287547
128,185,bernstein,True,True,0.5215555691164356,0.0,False,0.00867293749621566
128,185,betting,True,True,0.10689394037035527,0.0,False,0.00867293749621566
128,186,bernstein,True,True,0.5230158076354304,0.0,False,0.010536503611743315
128,186,betting,True,True,0.10695165742246904,0.0,False,0.010536503611743315
128,187,bernstein,True,True,0.5245635084585434,0.0,False,0.01103396292103207
128,187,betting,True,True,0.10701865820072276,0.0,False,0.01103396292103207
128,188,bernstein,True,True,0.5227230100543656,0.0,False,0.009883577526512304
128,188,betting,True,True,0.10693358991335122,0.0,False,0.009883577526512304
128,189,bernstein,True,True,0.5215369926348843,0.0,False,0.009214626563306948
128,189,betting,True,True,0.10688591819151039,0.0,False,0.009214626563306948
128,190,bernstein,True,True,0.5220252929143798,0.0,False,0.008912863650717702
128,190,betting,True,True,0.10689885791682185,0.0,False,0.008912863650717702
128,191,bernstein,True,True,0.5230151856051413,0.0,False,0.010407218837680126
128,191,betting,True,True,0.10695595316647089,0.0,False,0.010407218837680126
128,192,bernstein,True,True,0.521528588329117,0.0,False,0.008400447895468009
128,192,betting,True,True,0.1068961552665133,0.0,False,0.008400447895468009
128,193,bernstein,True,True,0.5239378115121096,0.0,False,0.011258294965980967
128,193,betting,True,True,0.1069989955025813,0.0,False,0.011258294965980967
128,194,bernstein,True,True,0.5237440130862296,0.0,False,0.010122844377834677
128,194,betting,True,True,0.10699357734825765,0.0,False,0.010122844377834677
128,195,bernstein,True,True,0.5242768786699311,0.0,False,0.011434658166189559
128,195,betting,True,True,0.1070170295744538,0.0,False,0.011434658166189559
128,196,bernstein,True,True,0.5235250258619433,0.0,False,0.010446137164144002
128,196,betting,True,True,0.10697176744281012,0.0,False,0.010446137164144002
128,197,bernstein,True,True,0.5212471472539661,0.0,False,0.008233814954263802
128,197,betting,True,True,0.10688103697437346,0.0,False,0.008233814954263802
128,198,bernstein,True,True,0.5230335375752787,0.0,False,0.0100868769807053
128,198,betting,True,True,0.10695603232241413,0.0,False,0.0100868769807053
128,199,bernstein,True,True,0.5241907906401437,0.0,False,0.011110230366337492
128,199,betting,True,True,0.10700352376221434,0.0,False,0.011110230366337492
128,200,bernstein,True,True,0.5214884178194912,0.0,False,0.008776373244340158
128,200,betting,True,True,0.1068886223384834,0.0,False,0.008776373244340158
128,201,bernstein,True,True,0.5244990519290779,0.0,False,0.011428637990200899
128,201,betting,True,True,0.10701971523321852,0.0,False,0.011428637990200899
128,202,bernstein,True,True,0.5243346783196947,0.0,False,0.010981172724909187
128,202,betting,True,True,0.10701479873001529,0.0,False,0.010981172724909187
128,203,bernstein,True,True,0.5235316869479238,0.0,False,0.011280589266792065
128,203,betting,True,True,0.10696617937304831,0.0,False,0.011280589266792065
128,204,bernstein,True,True,0.5214058008689602,0.0,False,0.008501345792097091
128,204,betting,True,True,0.10688856739328911,0.0,False,0.008501345792097091
128,205,bernstein,True,True,0.5238075187408806,0.0,False,0.011200810421652828
128,205,betting,True,True,0.10698837157062369,0.0,False,0.011200810421652828
128,206,bernstein,True,True,0.5234373169280555,0.0,False,0.010941796098600904
128,206,betting,True,True,0.10697386305480916,0.0,False,0.010941796098600904
128,207,bernstein,True,True,0.5216406738843364,0.0,False,0.00846699663341745
128,207,betting,True,True,0.1068944376811487,0.0,False,0.00846699663341745
128,208,bernstein,True,True,0.5219035731896561,0.0,False,0.009146738400223791
128,208,betting,True,True,0.10690424435066226,0.0,False,0.009146738400223791
128,209,bernstein,True,True,0.5242335790480328,0.0,False,0.011566779795835966
128,209,betting,True,True,0.10701215186567425,0.0,False,0.011566779795835966
128,210,bernstein,True,True,0.523250365463818,0.0,False,0.009520768098152319
128,210,betting,True,True,0.106960697341965,0.0,False,0.009520768098152319
128,211,bernstein,True,True,0.5224962354788396,0.0,False,0.009812895850830432
128,211,betting,True,True,0.10692273022592413,0.0,False,0.009812895850830432
128,212,bernstein,True,True,0.5223581783620739,0.0,False,0.00942407247418113
128,212,betting,True,True,0.10692058774191526,0.0,False,0.00942407247418113
128,213,bernstein,True,True,0.5221360209863559,0.0,False,0.009327471925451091
128,213,betting,True,True,0.10691233300341996,0.0,False,0.009327471925451091
128,214,bernstein,True,True,0.5225440802212337,0.0,False,0.009573580995807279
128,214,betting,True,True,0.10692860239341828,0.0,False,0.009573580995807279
128,215,bernstein,True,True,0.5226222526482958,0.0,False,0.009779635124575307
128,215,betting,True,True,0.10693719929142398,0.0,False,0.009779635124575307
128,216,bernstein,True,True,0.5221594318824432,0.0,False,0.009374339876795318
128,216,betting,True,True,0.10691728374942622,0.0,False,0.009374339876795318
128,217,bernstein,True,True,0.5236072058834044,0.0,False,0.01054226713662388
128,217,betting,True,True,0.10698427683746548,0.0,False,0.01054226713662388
128,218,bernstein,True,True,0.5218364384860918,0.0,False,0.008856925358258858
128,218,betting,True,True,0.10689792236506035,0.0,False,0.008856925358258858
128,219,bernstein,True,True,0.522821281024847,0.0,False,0.010129850444262421
128,219,betting,True,True,0.106943212466722,0.0,False,0.010129850444262421
128,220,bernstein,True,True,0.5220440611058614,0.0,False,0.00907179642231969
128,220,betting,True,True,0.10691094227637221,0.0,False,0.00907179642231969
128,221,bernstein,True,True,0.5201460476052902,0.0,False,0.007400880964852956
128,221,betting,True,True,0.10683816604156171,0.0,False,0.007400880964852956
128,222,bernstein,True,True,0.5225357252287777,0.0,False,0.009983561401830446
128,222,betting,True,True,0.10692623645300048,0.0,False,0.009983561401830446
128,223,bernstein,True,True,0.522086253158369,0.0,False,0.009547872000576378
128,223,betting,True,True,0.10691226934235598,0.0,False,0.009547872000576378
128,224,bernstein,True,True,0.5213158363964943,0.0,False,0.00825103295246416
128,224,betting,True,True,0.10688851617655015,0.0,False,0.00825103295246416
128,225,bernstein,True,True,0.5214478542261856,0.0,False,0.008402589138438592
128,225,betting,True,True,0.10688128213681913,0.0,False,0.008402589138438592
128,226,bernstein,True,True,0.5244950327636888,0.0,False,0.012180479338362622
128,226,betting,True,True,0.10701881641576616,0.0,False,0.012180479338362622
128,227,bernstein,True,True,0.5232912687594984,0.0,False,0.01071065150025121
128,227,betting,True,True,0.1069545473011021,0.0,False,0.01071065150025121
128,228,bernstein,True,True,0.5235502960519733,0.0,False,0.010703226581149273
128,228,betting,True,True,0.10697658740235061,0.0,False,0.010703226581149273
128,229,bernstein,True,True,0.5215701233908164,0.0,False,0.009083043106078662
128,229,betting,True,True,0.10689498490130056,0.0,False,0.009083043106078662
128,230,bernstein,True,True,0.5239711787417101,0.0,False,0.011100564228257837
128,230,betting,True,True,0.10699012208260683,0.0,False,0.011100564228257837
128,231,bernstein,True,True,0.5226797122795532,0.0,False,0.009014804229875228
128,231,betting,True,True,0.1069259233199773,0.0,False,0.009014804229875228
128,232,bernstein,True,True,0.5207750922069365,0.0,False,0.007879564621795353
128,232,betting,True,True,0.10686549932124767,0.0,False,0.007879564621795353
128,233,bernstein,True,True,0.5241042797881112,0.0,False,0.011395458397572156
128,233,betting,True,True,0.10701015536807967,0.0,False,0.011395458397572156
128,234,bernstein,True,True,0.5227098407557977,0.0,False,0.009337218795939777
128,234,betting,True,True,0.10694579380357017,0.0,False,0.009337218795939777
128,235,bernstein,True,True,0.5220958493069836,0.0,False,0.009384835018957302
128,235,betting,True,True,0.10691197148851639,0.0,False,0.009384835018957302
128,236,bernstein,True,True,0.5221813061154236,0.0,False,0.009548643709229265
128,236,betting,True,True,0.1069156965675575,0.0,False,0.009548643709229265
128,237,bernstein,True,True,0.5213287131672282,0.0,False,0.007795738350493351
128,237,betting,True,True,0.10687920630720327,0.0,False,0.007795738350493351
128,238,bernstein,True,True,0.5225512778945656,0.0,False,0.009669966244269431
128,238,betting,True,True,0.10692193862687416,0.0,False,0.009669966244269431
128,239,bernstein,True,True,0.5229904880992555,0.0,False,0.010607781898001507
128,239,betting,True,True,0.10695437750011483,0.0,False,0.010607781898001507
128,240,bernstein,True,True,0.5220891382227543,0.0,False,0.009586345338016496
128,240,betting,True,True,0.10690858648245916,0.0,False,0.009586345338016496
128,241,bernstein,True,True,0.5251591923039807,0.0,False,0.01195924168302752
128,241,betting,True,True,0.1070572330153663,0.0,False,0.01195924168302752
128,242,bernstein,True,True,0.5221085795241704,0.0,False,0.009000654274340006
128,242,betting,True,True,0.10691250235540795,0.0,False,0.009000654274340006
128,243,bernstein,True,True,0.5240320974756776,0.0,False,0.011059378523611246
128,243,betting,True,True,0.10700550156470856,0.0,False,0.011059378523611246
128,244,bernstein,True,True,0.522692913394273,0.0,False,0.009147268725486506
128,244,betting,True,True,0.10692979007151737,0.0,False,0.009147268725486506
128,245,bernstein,True,True,0.5228265864944421,0.0,False,0.010244105574125311
128,245,betting,True,True,0.10694651467641958,0.0,False,0.010244105574125311
128,246,bernstein,True,True,0.5222550170473659,0.0,False,0.009922391915840878
128,246,betting,True,True,0.10691498224481621,0.0,False,0.009922391915840878
128,247,bernstein,True,True,0.5215512279093104,0.0,False,0.00852411985289652
128,247,betting,True,True,0.10689089474617508,0.0,False,0.00852411985289652
128,248,bernstein,True,True,0.5246452482625926,0.0,False,0.011212181860181985
128,248,betting,True,True,0.10702228097834454,0.0,False,0.011212181860181985
128,249,bernstein,True,True,0.5231868252349215,0.0,False,0.010763551161591133
128,249,betting,True,True,0.10695342019829701,0.0,False,0.010763551161591133
128,250,bernstein,True,True,0.5237206982229969,0.0,False,0.01091568514286722
128,250,betting,True,True,0.10697871759610289,0.0,False,0.01091568514286722
128,251,bernstein,True,True,0.5231137602471829,0.0,False,0.010040884051393119
128,251,betting,True,True,0.10695031441700853,0.0,False,0.010040884051393119
128,252,bernstein,True,True,0.5229559086873512,0.0,False,0.00994218695723396
128,252,betting,True,True,0.10694413621684362,0.0,False,0.00994218695723396
128,253,bernstein,True,True,0.5222623513986373,0.0,False,0.009619136741263528
128,253,betting,True,True,0.10691188460274126,0.0,False,0.009619136741263528
128,254,bernstein,True,True,0.5249683990009424,0.0,False,0.01167286073844952
128,254,betting,True,True,0.10705065381036549,0.0,False,0.01167286073844952
128,255,bernstein,True,True,0.5221660149709297,0.0,False,0.00976144436933031
128,255,betting,True,True,0.10692039199580905,0.0,False,0.00976144436933031
128,256,bernstein,True,True,0.523357904613128,0.0,False,0.010478430571285429
128,256,betting,True,True,0.10695721654497903,0.0,False,0.010478430571285429
128,257,bernstein,True,True,0.5215359740564423,0.0,False,0.008925541513117096
128,257,betting,True,True,0.10688860717815263,0.0,False,0.008925541513117096
128,258,bernstein,True,True,0.5236775371015805,0.0,False,0.010870619444694873
128,258,betting,True,True,0.10699380639514866,0.0,False,0.010870619444694873
128,259,bernstein,True,True,0.5226236707532348,0.0,False,0.010191810951765475
128,259,betting,True,True,0.10692851754134614,0.0,False,0.010191810951765475
128,260,bernstein,True,True,0.5241527976267314,0.0,False,0.010815640891928012
128,260,betting,True,True,0.10699993345780978,0.0,False,0.010815640891928012
128,261,bernstein,True,True,0.5220741732808771,0.0,False,0.008909709229001828
128,261,betting,True,True,0.10691935918726814,0.0,False,0.008909709229001828
128,262,bernstein,True,True,0.5243435361642763,0.0,False,0.01128345011216526
128,262,betting,True,True,0.10702730047407394,0.0,False,0.01128345011216526
128,263,bernstein,True,True,0.5223256353834429,0.0,False,0.009239627881680961
128,263,betting,True,True,0.10692372282261209,0.0,False,0.009239627881680961
128,264,bernstein,True,True,0.5226749570884737,0.0,False,0.010206191958326321
128,264,betting,True,True,0.10693765736319616,0.0,False,0.010206191958326321
128,265,bernstein,True,True,0.5245775948818121,0.0,False,0.012615819285419367
128,265,betting,True,True,0.10702273150516706,0.0,False,0.012615819285419367
128,266,bernstein,True,True,0.5226476636726655,0.0,False,0.009995046283971935
128,266,betting,True,True,0.10693442037285417,0.0,False,0.009995046283971935
128,267,bernstein,True,True,0.5222434901145765,0.0,False,0.009357078100146125
128,267,betting,True,True,0.10691976331308983,0.0,False,0.009357078100146125
128,268,bernstein,True,True,0.5224061406253173,0.0,False,0.009444896744753555
128,268,betting,True,True,0.10693168746351145,0.0,False,0.009444896744753555
128,269,bernstein,True,True,0.5226428696701718,0.0,False,0.009846345205219542
128,269,betting,True,True,0.10692912743212213,0.0,False,0.009846345205219542
128,270,bernstein,True,True,0.5225485633408291,0.0,False,0.00973825652201497
128,270,betting,True,True,0.10692905445212086,0.0,False,0.00973825652201497
128,271,bernstein,True,True,0.5223366216872198,0.0,False,0.009912374860571525
128,271,betting,True,True,0.10691590356505909,0.0,False,0.009912374860571525
128,272,bernstein,True,True,0.5235778135327808,0.0,False,0.010591726448916058
128,272,betting,True,True,0.10698452709737472,0.0,False,0.010591726448916058
128,273,bernstein,True,True,0.521759679232616,0.0,False,0.0087508611019382
128,273,betting,True,True,0.10690013481813365,0.0,False,0.0087508611019382
128,274,bernstein,True,True,0.520704147880665,0.0,False,0.008039913725986846
128,274,betting,True,True,0.1068600999544651,0.0,False,0.008039913725986846
128,275,bernstein,True,True,0.5235095395575237,0.0,False,0.010186116504167357
128,275,betting,True,True,0.10697093347054765,0.0,False,0.010186116504167357
128,276,bernstein,True,True,0.5237322505521175,0.0,False,0.010542164048421745
128,276,betting,True,True,0.10697038217418597,0.0,False,0.010542164048421745
128,277,bernstein,True,True,0.5215334527090483,0.0,False,0.008496450659281535
128,277,betting,True,True,0.10688961421325083,0.0,False,0.008496450659281535
128,278,bernstein,True,True,0.5230574223187816,0.0,False,0.010496727402945775
128,278,betting,True,True,0.10695699703272099,0.0,False,0.010496727402945775
128,279,bernstein,True,True,0.5223398234073248,0.0,False,0.009260199777913349
128,279,betting,True,True,0.10691959298386788,0.0,False,0.009260199777913349
128,280,bernstein,True,True,0.522293275849975,0.0,False,0.009621690012378701
128,280,betting,True,True,0.10692526054852347,0.0,False,0.009621690012378701
128,281,bernstein,True,True,0.5247103941175499,0.0,False,0.011308739385435874
128,281,betting,True,True,0.10704046906579612,0.0,False,0.011308739385435874
128,282,bernstein,True,True,0.5228037500281502,0.0,False,0.009780608053531793
128,282,betting,True,True,0.10694199119290715,0.0,False,0.009780608053531793
128,283,bernstein,True,True,0.5229797497264224,0.0,False,0.010340037094255367
128,283,betting,True,True,0.10693639784080011,0.0,False,0.010340037094255367
128,284,bernstein,True,True,0.5217984203796091,0.0,False,0.00866640387802314
128,284,betting,True,True,0.10689278193003715,0.0,False,0.00866640387802314
128,285,bernstein,True,True,0.5222601578598809,0.0,False,0.00918454244417946
128,285,betting,True,True,0.10691942483801542,0.0,False,0.00918454244417946
128,286,bernstein,True,True,0.522342336277174,0.0,False,0.009782818940292273
128,286,betting,True,True,0.10691910033474417,0.0,False,0.009782818940292273
128,287,bernstein,True,True,0.5231245424203849,0.0,False,0.01015844363390702
128,287,betting,True,True,0.1069610961238141,0.0,False,0.01015844363390702
128,288,bernstein,True,True,0.5220125209021681,0.0,False,0.008268652887141015
128,288,betting,True,True,0.106905805398128,0.0,False,0.008268652887141015
128,289,bernstein,True,True,0.5228763131170009,0.0,False,0.010434663844820481
128,289,betting,True,True,0.10694439326896832,0.0,False,0.010434663844820481
128,290,bernstein,True,True,0.5260207849656557,0.0,False,0.013351698803160077
128,290,betting,True,True,0.10708697782651144,0.0,False,0.013351698803160077
128,291,bernstein,True,True,0.5222101243926962,0.0,False,0.00947324045955136
128,291,betting,True,True,0.10691179048015331,0.0,False,0.00947324045955136
128,292,bernstein,True,True,0.5224027067672969,0.0,False,0.009304334521590917
128,292,betting,True,True,0.10692192970411263,0.0,False,0.009304334521590917
128,293,bernstein,True,True,0.5242583180815187,0.0,False,0.011307017463630581
128,293,betting,True,True,0.10700706709776564,0.0,False,0.011307017463630581
128,294,bernstein,True,True,0.5246155419370344,0.0,False,0.011321940981088081
128,294,betting,True,True,0.1070398571193073,0.0,False,0.011321940981088081
128,295,bernstein,True,True,0.5222431937123466,0.0,False,0.009327217610362358
128,295,betting,True,True,0.10691720154733053,0.0,False,0.009327217610362358
128,296,bernstein,True,True,0.5213002634944098,0.0,False,0.00856334621709407
128,296,betting,True,True,0.10687883782840801,0.0,False,0.00856334621709407
128,297,bernstein,True,True,0.5236585706456007,0.0,False,0.01116897182287048
128,297,betting,True,True,0.10697592593387517,0.0,False,0.01116897182287048
128,298,bernstein,True,True,0.522783071103978,0.0,False,0.010128320471940344
128,298,betting,True,True,0.10694382832214622,0.0,False,0.010128320471940344
128,299,bernstein,True,True,0.5223248865472239,0.0,False,0.009755965834874123
128,299,betting,True,True,0.10691599005465846,0.0,False,0.009755965834874123
128,300,bernstein,True,True,0.5230559685487277,0.0,False,0.01020306272763035
128,300,betting,True,True,0.10694829353698887,0.0,False,0.01020306272763035
128,301,bernstein,True,True,0.5223437938563708,0.0,False,0.009405940399913907
128,301,betting,True,True,0.10692404007586453,0.0,False,0.009405940399913907
128,302,bernstein,True,True,0.5224162640424391,0.0,False,0.009320284198122641
128,302,betting,True,True,0.10692576523259045,0.0,False,0.009320284198122641
128,303,bernstein,True,True,0.5240983840400224,0.0,False,0.011123518711901393
128,303,betting,True,True,0.10700241700524205,0.0,False,0.011123518711901393
128,304,bernstein,True,True,0.5236768885062737,0.0,False,0.010702016912049599
128,304,betting,True,True,0.10698620426399441,0.0,False,0.010702016912049599
128,305,bernstein,True,True,0.5223288023987526,0.0,False,0.010089063421128197
128,305,betting,True,True,0.1069223028445776,0.0,False,0.010089063421128197
128,306,bernstein,True,True,0.5231367971865108,0.0,False,0.010346237941492335
128,306,betting,True,True,0.10695758542435219,0.0,False,0.010346237941492335
128,307,bernstein,True,True,0.5219154212487218,0.0,False,0.009056347897698633
128,307,betting,True,True,0.10690276854704284,0.0,False,0.009056347897698633
128,308,bernstein,True,True,0.522776878155742,0.0,False,0.010472288352639022
128,308,betting,True,True,0.10694232946549176,0.0,False,0.010472288352639022
128,309,bernstein,True,True,0.5222461488373349,0.0,False,0.009878337165718596
128,309,betting,True,True,0.10691750157133362,0.0,False,0.009878337165718596
128,310,bernstein,True,True,0.5232553477559324,0.0,False,0.010448559259078227
128,310,betting,True,True,0.10697390755856762,0.0,False,0.010448559259078227
128,311,bernstein,True,True,0.5242388381989047,0.0,False,0.011012501283024735
128,311,betting,True,True,0.10701081679693747,0.0,False,0.011012501283024735
128,312,bernstein,True,True,0.5242718536501219,0.0,False,0.010791757059522754
128,312,betting,True,True,0.10701311918193823,0.0,False,0.010791757059522754
128,313,bernstein,True,True,0.5227035070253361,0.0,False,0.009521095256468052
128,313,betting,True,True,0.10693808285170225,0.0,False,0.009521095256468052
128,314,bernstein,True,True,0.5223633382950257,0.0,False,0.00981600721689471
128,314,betting,True,True,0.10692680653250142,0.0,False,0.00981600721689471
128,315,bernstein,True,True,0.5222880429149195,0.0,False,0.009264262195898975
128,315,betting,True,True,0.10691576832821736,0.0,False,0.009264262195898975
128,316,bernstein,True,True,0.5240280446260964,0.0,False,0.011055460902160065
128,316,betting,True,True,0.1069995994815327,0.0,False,0.011055460902160065
128,317,bernstein,True,True,0.524512708468359,0.0,False,0.011761730963338789
128,317,betting,True,True,0.10702189229898063,0.0,False,0.011761730963338789
128,318,bernstein,True,True,0.5217817948186774,0.0,False,0.009032728417057389
128,318,betting,True,True,0.10690010874535794,0.0,False,0.009032728417057389
128,319,bernstein,True,True,0.5217524647882121,0.0,False,0.00954435391847807
128,319,betting,True,True,0.10689459137538504,0.0,False,0.00954435391847807
128,320,bernstein,True,True,0.5235664187923288,0.0,False,0.010718712943017744
128,320,betting,True,True,0.10697126576968008,0.0,False,0.010718712943017744
128,321,bernstein,True,True,0.5239263297319037,0.0,False,0.01092817468698007
128,321,betting,True,True,0.10700063042804686,0.0,False,0.01092817468698007
128,322,bernstein,True,True,0.5227554691658685,0.0,False,0.009673815678477159
128,322,betting,True,True,0.10693480911384534,0.0,False,0.009673815678477159
128,323,bernstein,True,True,0.5233433121977042,0.0,False,0.010414921949021484
128,323,betting,True,True,0.1069694618223731,0.0,False,0.010414921949021484
128,324,bernstein,True,True,0.5234936497504821,0.0,False,0.010539260780759044
128,324,betting,True,True,0.10697044311924397,0.0,False,0.010539260780759044
128,325,bernstein,True,True,0.5225522453630306,0.0,False,0.009137382669694143
128,325,betting,True,True,0.10693954918671811,0.0,False,0.009137382669694143
128,326,bernstein,True,True,0.5224381976379462,0.0,False,0.009746827336892548
128,326,betting,True,True,0.1069315149949398,0.0,False,0.009746827336892548
128,327,bernstein,True,True,0.5218262802128069,0.0,False,0.008852102166833287
128,327,betting,True,True,0.10690763906743084,0.0,False,0.008852102166833287
128,328,bernstein,True,True,0.5243287413836073,0.0,False,0.011353419496019486
128,328,betting,True,True,0.10701386962271497,0.0,False,0.011353419496019486
128,329,bernstein,True,True,0.5213392601171676,0.0,False,0.008503771766804396
128,329,betting,True,True,0.10688061025772178,0.0,False,0.008503771766804396
128,330,bernstein,True,True,0.5223070606776563,0.0,False,0.0096361292881991
128,330,betting,True,True,0.10691888949873829,0.0,False,0.0096361292881991
128,331,bernstein,True,True,0.5228599385265094,0.0,False,0.010505856645532236
128,331,betting,True,True,0.1069402622416965,0.0,False,0.010505856645532236
128,332,bernstein,True,True,0.5228046534400288,0.0,False,0.009171313784029602
128,332,betting,True,True,0.10693201161022448,0.0,False,0.009171313784029602
128,333,bernstein,True,True,0.5234830490878266,0.0,False,0.010163226865291424
128,333,betting,True,True,0.10697531866666399,0.0,False,0.010163226865291424
128,334,bernstein,True,True,0.5223629352664969,0.0,False,0.009641672989298026
128,334,betting,True,True,0.10692770693025522,0.0,False,0.009641672989298026
128,335,bernstein,True,True,0.5229009081697136,0.0,False,0.00991968684396175
128,335,betting,True,True,0.10694892063060257,0.0,False,0.00991968684396175
128,336,bernstein,True,True,0.5230785304883597,0.0,False,0.010530459972732739
128,336,betting,True,True,0.10694539620584698,0.0,False,0.010530459972732739
128,337,bernstein,True,True,0.5208513575195652,0.0,False,0.008246539126256551
128,337,betting,True,True,0.10686020517438011,0.0,False,0.008246539126256551
128,338,bernstein,True,True,0.5237441467944047,0.0,False,0.010852917575183906
128,338,betting,True,True,0.10698900426792535,0.0,False,0.010852917575183906
128,339,bernstein,True,True,0.5224848052265773,0.0,False,0.009931065205829332
128,339,betting,True,True,0.10692848886701534,0.0,False,0.009931065205829332
128,340,bernstein,True,True,0.5229520941462901,0.0,False,0.009695040041587798
128,340,betting,True,True,0.10694607216555607,0.0,False,0.009695040041587798
128,341,bernstein,True,True,0.5243758683484075,0.0,False,0.01130108136967697
128,341,betting,True,True,0.10701218705049542,0.0,False,0.01130108136967697
128,342,bernstein,True,True,0.5212762942561076,0.0,False,0.008535725658949177
128,342,betting,True,True,0.10687791479140296,0.0,False,0.008535725658949177
128,343,bernstein,True,True,0.524302789469793,0.0,False,0.011908026982340784
128,343,betting,True,True,0.10701631602645656,0.0,False,0.011908026982340784
128,344,bernstein,True,True,0.5230386025016893,0.0,False,0.010142544068442644
128,344,betting,True,True,0.10695375547315056,0.0,False,0.010142544068442644
128,345,bernstein,True,True,0.5227742484799727,0.0,False,0.009818663055287828
128,345,betting,True,True,0.10694593029937094,0.0,False,0.009818663055287828
128,346,bernstein,True,True,0.5229547495099249,0.0,False,0.010436486566626466
128,346,betting,True,True,0.10694304446613379,0.0,False,0.010436486566626466
128,347,bernstein,True,True,0.5233426395995782,0.0,False,0.01032591811447688
128,347,betting,True,True,0.1069679165823254,0.0,False,0.01032591811447688
128,348,bernstein,True,True,0.5233865892848419,0.0,False,0.010857721245374746
128,348,betting,True,True,0.1069725634482167,0.0,False,0.010857721245374746
128,349,bernstein,True,True,0.5236209145078035,0.0,False,0.010494183477008628
128,349,betting,True,True,0.10698400583994949,0.0,False,0.010494183477008628
128,350,bernstein,True,True,0.5213869082961619,0.0,False,0.008397886996323078
128,350,betting,True,True,0.10688266148481496,0.0,False,0.008397886996323078
128,351,bernstein,True,True,0.5213388154941276,0.0,False,0.008757354554420182
128,351,betting,True,True,0.10687764665075528,0.0,False,0.008757354554420182
128,352,bernstein,True,True,0.5228849195030765,0.0,False,0.009892820118780203
128,352,betting,True,True,0.10694110684908076,0.0,False,0.009892820118780203
128,353,bernstein,True,True,0.5246001651682813,0.0,False,0.011671892063803983
128,353,betting,True,True,0.10703131649148423,0.0,False,0.011671892063803983
128,354,bernstein,True,True,0.52143676056105,0.0,False,0.008545545723173958
128,354,betting,True,True,0.10688527677833926,0.0,False,0.008545545723173958
128,355,bernstein,True,True,0.5223580057666874,0.0,False,0.009616303535428153
128,355,betting,True,True,0.10692781257715978,0.0,False,0.009616303535428153
128,356,bernstein,True,True,0.5237355079021458,0.0,False,0.011227995213858043
128,356,betting,True,True,0.10698019887135157,0.0,False,0.011227995213858043
128,357,bernstein,True,True,0.5253791266115231,0.0,False,0.012039462266412098
128,357,betting,True,True,0.10706761397705122,0.0,False,0.012039462266412098
128,358,bernstein,True,True,0.5233610179610566,0.0,False,0.010680367862338724
128,358,betting,True,True,0.10696561740634936,0.0,False,0.010680367862338724
128,359,bernstein,True,True,0.52277178033584,0.0,False,0.010253139393517546
128,359,betting,True,True,0.10693842777563989,0.0,False,0.010253139393517546
128,360,bernstein,True,True,0.5211020335573466,0.0,False,0.008318964791050138
128,360,betting,True,True,0.10687550270529766,0.0,False,0.008318964791050138
128,361,bernstein,True,True,0.5236021930106065,0.0,False,0.010703934688656496
128,361,betting,True,True,0.1069801370150889,0.0,False,0.010703934688656496
128,362,bernstein,True,True,0.5242282685566029,0.0,False,0.01003812965914572
128,362,betting,True,True,0.10699918770071237,0.0,False,0.01003812965914572
128,363,bernstein,True,True,0.5236256749222921,0.0,False,0.01085331597304437
128,363,betting,True,True,0.10698025345118367,0.0,False,0.01085331597304437
128,364,bernstein,True,True,0.5199607948267899,0.0,False,0.006996829522826053
128,364,betting,True,True,0.1068363275169032,0.0,False,0.006996829522826053
128,365,bernstein,True,True,0.5249130361129303,0.0,False,0.012051460586114126
128,365,betting,True,True,0.10704121853374082,0.0,False,0.012051460586114126
128,366,bernstein,True,True,0.5229175423503618,0.0,False,0.009976415832808606
128,366,betting,True,True,0.10694838011022512,0.0,False,0.009976415832808606
128,367,bernstein,True,True,0.5227849274597556,0.0,False,0.010144962343539149
128,367,betting,True,True,0.10694007001275174,0.0,False,0.010144962343539149
128,368,bernstein,True,True,0.5236289186175502,0.0,False,0.011094753542889035
128,368,betting,True,True,0.10697534797927799,0.0,False,0.011094753542889035
128,369,bernstein,True,True,0.5216366826653704,0.0,False,0.00896954762386571
128,369,betting,True,True,0.10690081086588188,0.0,False,0.00896954762386571
128,370,bernstein,True,True,0.5220319117549743,0.0,False,0.009609437788355893
128,370,betting,True,True,0.10689635731621816,0.0,False,0.009609437788355893
128,371,bernstein,True,True,0.5234560717307823,0.0,False,0.010658646397779505
128,371,betting,True,True,0.10697292474302245,0.0,False,0.010658646397779505
128,372,bernstein,True,True,0.5223476947651992,0.0,False,0.009591367557446662
128,372,betting,True,True,0.10692187979035228,0.0,False,0.009591367557446662
128,373,bernstein,True,True,0.5235271335856133,0.0,False,0.010434826570181042
128,373,betting,True,True,0.10697416590926878,0.0,False,0.010434826570181042
128,374,bernstein,True,True,0.5225888073312015,0.0,False,0.009757981645550768
128,374,betting,True,True,0.10692686906226312,0.0,False,0.009757981645550768
128,375,bernstein,True,True,0.5203960922853277,0.0,False,0.007572273310408167
128,375,betting,True,True,0.1068492940413126,0.0,False,0.007572273310408167
128,376,bernstein,True,True,0.5235017792592012,0.0,False,0.010689357742875657
128,376,betting,True,True,0.10697050071441483,0.0,False,0.010689357742875657
128,377,bernstein,True,True,0.5225747439699775,0.0,False,0.0092690760651154
128,377,betting,True,True,0.10693971557178883,0.0,False,0.0092690760651154
128,378,bernstein,True,True,0.5230859409485147,0.0,False,0.010010438773366253
128,378,betting,True,True,0.10694707185819419,0.0,False,0.010010438773366253
128,379,bernstein,True,True,0.5226272833448831,0.0,False,0.009713024940305265
128,379,betting,True,True,0.10693501851481413,0.0,False,0.009713024940305265
128,380,bernstein,True,True,0.5230220669704353,0.0,False,0.010439024263210916
128,380,betting,True,True,0.10694467636305494,0.0,False,0.010439024263210916
128,381,bernstein,True,True,0.5224512000254069,0.0,False,0.010206597846655872
128,381,betting,True,True,0.10692907283908426,0.0,False,0.010206597846655872
128,382,bernstein,True,True,0.5230296166734448,0.0,False,0.010514365288062034
128,382,betting,True,True,0.10695243509813734,0.0,False,0.010514365288062034
128,383,bernstein,True,True,0.5218935020765034,0.0,False,0.008988381640645356
128,383,betting,True,True,0.10690276913690466,0.0,False,0.008988381640645356
128,384,bernstein,True,True,0.5241834494986353,0.0,False,0.010858735948590836
128,384,betting,True,True,0.10701720463577646,0.0,False,0.010858735948590836
128,385,bernstein,True,True,0.5220866356964975,0.0,False,0.009013945538996893
128,385,betting,True,True,0.10690736882264906,0.0,False,0.009013945538996893
128,386,bernstein,True,True,0.5225490585261026,0.0,False,0.010406386908863351
128,386,betting,True,True,0.10692470484580552,0.0,False,0.010406386908863351
128,387,bernstein,True,True,0.5219946953646506,0.0,False,0.009134041171376835
128,387,betting,True,True,0.10690602000220673,0.0,False,0.009134041171376835
128,388,bernstein,True,True,0.5216111959372894,0.0,False,0.008434857622996443
128,388,betting,True,True,0.10689615926348772,0.0,False,0.008434857622996443
128,389,bernstein,True,True,0.5221623982523187,0.0,False,0.009623506791285213
128,389,betting,True,True,0.10691211635243236,0.0,False,0.009623506791285213
128,390,bernstein,True,True,0.5247095329840973,0.0,False,0.011692670953356393
128,390,betting,True,True,0.10703893973000955,0.0,False,0.011692670953356393
128,391,bernstein,True,True,0.524015231074662,0.0,False,0.011028843772061082
128,391,betting,True,True,0.1070015427550971,0.0,False,0.011028843772061082
128,392,bernstein,True,True,0.522784325371896,0.0,False,0.009905390921132684
128,392,betting,True,True,0.10694980568754553,0.0,False,0.009905390921132684
128,393,bernstein,True,True,0.5227014726284291,0.0,False,0.010078311000037065
128,393,betting,True,True,0.10693630988094815,0.0,False,0.010078311000037065
128,394,bernstein,True,True,0.5228550643653418,0.0,False,0.010383280479003647
128,394,betting,True,True,0.10693194222221791,0.0,False,0.010383280479003647
128,395,bernstein,True,True,0.5214382603555574,0.0,False,0.008688885772643167
128,395,betting,True,True,0.10689033391077829,0.0,False,0.008688885772643167
128,396,bernstein,True,True,0.5241109922889831,0.0,False,0.010744007446320536
128,396,betting,True,True,0.10700447733997864,0.0,False,0.010744007446320536
128,397,bernstein,True,True,0.5222156954104142,0.0,False,0.009481966387218555
128,397,betting,True,True,0.10692117148948455,0.0,False,0.009481966387218555
128,398,bernstein,True,True,0.523061126101229,0.0,False,0.009812896686996395
128,398,betting,True,True,0.10696284509511311,0.0,False,0.009812896686996395
128,399,bernstein,True,True,0.5235343258969711,0.0,False,0.010760175985596396
128,399,betting,True,True,0.10697923626958072,0.0,False,0.010760175985596396
128,400,bernstein,True,True,0.5215078442323482,0.0,False,0.008885036010556624
128,400,betting,True,True,0.10688362821121711,0.0,False,0.008885036010556624
128,401,bernstein,True,True,0.5218963875844238,0.0,False,0.009583426458267878
128,401,betting,True,True,0.10690212825636991,0.0,False,0.009583426458267878
128,402,bernstein,True,True,0.5230674675307949,0.0,False,0.009507512827264142
128,402,betting,True,True,0.10694920123758489,0.0,False,0.009507512827264142
128,403,bernstein,True,True,0.5214318156445246,0.0,False,0.008621403844859737
128,403,betting,True,True,0.10688289060653922,0.0,False,0.008621403844859737
128,404,bernstein,True,True,0.522705925811543,0.0,False,0.009860165063322485
128,404,betting,True,True,0.10693002581378097,0.0,False,0.009860165063322485
128,405,bernstein,True,True,0.5239381266686995,0.0,False,0.010522273504755448
128,405,betting,True,True,0.10699409132044824,0.0,False,0.010522273504755448
128,406,bernstein,True,True,0.522197924365456,0.0,False,0.010155153137135033
128,406,betting,True,True,0.10691324827537751,0.0,False,0.010155153137135033
128,407,bernstein,True,True,0.5238699244571947,0.0,False,0.010732969277035908
128,407,betting,True,True,0.10698486600824253,0.0,False,0.010732969277035908
128,408,bernstein,True,True,0.5223539961435609,0.0,False,0.009920941299039402
128,408,betting,True,True,0.10691564982760615,0.0,False,0.009920941299039402
128,409,bernstein,True,True,0.5217979244987581,0.0,False,0.009014943000151458
128,409,betting,True,True,0.10689971865296688,0.0,False,0.009014943000151458
128,410,bernstein,True,True,0.5233035721629091,0.0,False,0.010374686188384802
128,410,betting,True,True,0.10695725299756309,0.0,False,0.010374686188384802
128,411,bernstein,True,True,0.5234794171306463,0.0,False,0.010893485936552465
128,411,betting,True,True,0.10697249076754822,0.0,False,0.010893485936552465
128,412,bernstein,True,True,0.5235401435225033,0.0,False,0.010504970233607929
128,412,betting,True,True,0.1069825829038018,0.0,False,0.010504970233607929
128,413,bernstein,True,True,0.5242963936152593,0.0,False,0.011719413752010984
128,413,betting,True,True,0.10701880651136875,0.0,False,0.011719413752010984
128,414,bernstein,True,True,0.5218338308294463,0.0,False,0.008832579772947248
128,414,betting,True,True,0.10689759112679886,0.0,False,0.008832579772947248
128,415,bernstein,True,True,0.5242904050890465,0.0,False,0.01149599800480399
128,415,betting,True,True,0.10702031040385906,0.0,False,0.01149599800480399
128,416,bernstein,True,True,0.5211827278753348,0.0,False,0.008577458112146035
128,416,betting,True,True,0.10688032152032978,0.0,False,0.008577458112146035
128,417,bernstein,True,True,0.5219276713428864,0.0,False,0.008563055181016596
128,417,betting,True,True,0.1069084215456314,0.0,False,0.008563055181016596
128,418,bernstein,True,True,0.5218778074995158,0.0,False,0.009237025112197792
128,418,betting,True,True,0.10690692245127142,0.0,False,0.009237025112197792
128,419,bernstein,True,True,0.5232596076507786,0.0,False,0.01011984705617182
128,419,betting,True,True,0.1069637681013047,0.0,False,0.01011984705617182
128,420,bernstein,True,True,0.5214715190082786,0.0,False,0.008482914660570554
128,420,betting,True,True,0.1068858355360135,0.0,False,0.008482914660570554
128,421,bernstein,True,True,0.5240346918414531,0.0,False,0.011122582731051676
128,421,betting,True,True,0.1069976218199008,0.0,False,0.011122582731051676
128,422,bernstein,True,True,0.5246518063766824,0.0,False,0.012142975542797
128,422,betting,True,True,0.10703802868833012,0.0,False,0.012142975542797
128,423,bernstein,True,True,0.5232427476129551,0.0,False,0.010718101617661752
128,423,betting,True,True,0.10696486316668596,0.0,False,0.010718101617661752
128,424,bernstein,True,True,0.5222913654220751,0.0,False,0.010030417166044695
128,424,betting,True,True,0.10691514333873786,0.0,False,0.010030417166044695
128,425,bernstein,True,True,0.524836609922633,0.0,False,0.011757632407590613
128,425,betting,True,True,0.10703951474410134,0.0,False,0.011757632407590613
128,426,bernstein,True,True,0.5225210274882393,0.0,False,0.009961995934022028
128,426,betting,True,True,0.10693750930346135,0.0,False,0.009961995934022028
128,427,bernstein,True,True,0.522883415466582,0.0,False,0.009738683994023866
128,427,betting,True,True,0.10695225856656176,0.0,False,0.009738683994023866
128,428,bernstein,True,True,0.5220971718290518,0.0,False,0.00939884764401593
128,428,betting,True,True,0.10691114254768763,0.0,False,0.00939884764401593
128,429,bernstein,True,True,0.522689653848473,0.0,False,0.009419163230893562
128,429,betting,True,True,0.10694010386818265,0.0,False,0.009419163230893562
128,430,bernstein,True,True,0.5248945660782648,0.0,False,0.011900161414028405
128,430,betting,True,True,0.1070346432332735,0.0,False,0.011900161414028405
128,431,bernstein,True,True,0.5216209702429221,0.0,False,0.008897364727304957
128,431,betting,True,True,0.10689732488339365,0.0,False,0.008897364727304957
128,432,bernstein,True,True,0.521520532036916,0.0,False,0.008760100007602889
128,432,betting,True,True,0.1068903495597261,0.0,False,0.008760100007602889
128,433,bernstein,True,True,0.5215829672338808,0.0,False,0.008759861089617505
128,433,betting,True,True,0.10689984170960087,0.0,False,0.008759861089617505
128,434,bernstein,True,True,0.5239911294452424,0.0,False,0.010478985599496666
128,434,betting,True,True,0.10698775668362936,0.0,False,0.010478985599496666
128,435,bernstein,True,True,0.5217135943579152,0.0,False,0.009126673937245998
128,435,betting,True,True,0.10689510621476073,0.0,False,0.009126673937245998
128,436,bernstein,True,True,0.5226397737385466,0.0,False,0.010023520884451803
128,436,betting,True,True,0.10693128089460513,0.0,False,0.010023520884451803
128,437,bernstein,True,True,0.5245411069663164,0.0,False,0.011635049572920508
128,437,betting,True,True,0.10703465888662334,0.0,False,0.011635049572920508
128,438,bernstein,True,True,0.5239512017519574,0.0,False,0.010465716247792682
128,438,betting,True,True,0.10699885025569533,0.0,False,0.010465716247792682
128,439,bernstein,True,True,0.5221457672975722,0.0,False,0.00914688415149929
128,439,betting,True,True,0.10690951266686177,0.0,False,0.00914688415149929
128,440,bernstein,True,True,0.5242566084132341,0.0,False,0.011481016010025867
128,440,betting,True,True,0.10701901826738325,0.0,False,0.011481016010025867
128,441,bernstein,True,True,0.523016228961555,0.0,False,0.010291345190465572
128,441,betting,True,True,0.1069609540287274,0.0,False,0.010291345190465572
128,442,bernstein,True,True,0.5242151344907222,0.0,False,0.011494349951480515
128,442,betting,True,True,0.10700854165563212,0.0,False,0.011494349951480515
128,443,bernstein,True,True,0.5218769564758164,0.0,False,0.008377130979458025
128,443,betting,True,True,0.10690356677103408,0.0,False,0.008377130979458025
128,444,bernstein,True,True,0.5223150783296295,0.0,False,0.009593102420103477
128,444,betting,True,True,0.10692385578804542,0.0,False,0.009593102420103477
128,445,bernstein,True,True,0.5229227222388901,0.0,False,0.00983195251086073
128,445,betting,True,True,0.10694318022240634,0.0,False,0.00983195251086073
128,446,bernstein,True,True,0.5209051000699197,0.0,False,0.008359423284117868
128,446,betting,True,True,0.10686253877363927,0.0,False,0.008359423284117868
128,447,bernstein,True,True,0.5224389011081616,0.0,False,0.008879612344453528
128,447,betting,True,True,0.10693066944113538,0.0,False,0.008879612344453528
128,448,bernstein,True,True,0.522368584188898,0.0,False,0.009384535317272662
128,448,betting,True,True,0.10693347785720098,0.0,False,0.009384535317272662
128,449,bernstein,True,True,0.5227315724400021,0.0,False,0.01019353462557815
128,449,betting,True,True,0.10693799952270633,0.0,False,0.01019353462557815
128,450,bernstein,True,True,0.5233820402298635,0.0,False,0.010544992471968589
128,450,betting,True,True,0.1069727378140305,0.0,False,0.010544992471968589
128,451,bernstein,True,True,0.5230378059864738,0.0,False,0.01015484371027841
128,451,betting,True,True,0.10696242806276135,0.0,False,0.01015484371027841
128,452,bernstein,True,True,0.5240079764681022,0.0,False,0.011155238633386532
128,452,betting,True,True,0.10700714227434216,0.0,False,0.011155238633386532
128,453,bernstein,True,True,0.5229873696652738,0.0,False,0.010533551821225536
128,453,betting,True,True,0.10694829209314771,0.0,False,0.010533551821225536
128,454,bernstein,True,True,0.5234357601387345,0.0,False,0.010635521993370155
128,454,betting,True,True,0.10697321102852575,0.0,False,0.010635521993370155
128,455,bernstein,True,True,0.5240931615408707,0.0,False,0.011099816588066953
128,455,betting,True,True,0.10701377732693806,0.0,False,0.011099816588066953
128,456,bernstein,True,True,0.5219884228735459,0.0,False,0.009448701849080952
128,456,betting,True,True,0.10690415970548195,0.0,False,0.009448701849080952
128,457,bernstein,True,True,0.5235432741841748,0.0,False,0.011019654554427591
128,457,betting,True,True,0.10698513899104012,0.0,False,0.011019654554427591
128,458,bernstein,True,True,0.5222123356780491,0.0,False,0.009695591113404293
128,458,betting,True,True,0.10691206666757358,0.0,False,0.009695591113404293
128,459,bernstein,True,True,0.5227416118382724,0.0,False,0.009281359975923142
128,459,betting,True,True,0.10694104628699275,0.0,False,0.009281359975923142
128,460,bernstein,True,True,0.521809090158492,0.0,False,0.009115597865398468
128,460,betting,True,True,0.10689934740094031,0.0,False,0.009115597865398468
128,461,bernstein,True,True,0.5233872071362069,0.0,False,0.010500481727145908
128,461,betting,True,True,0.10696335910251942,0.0,False,0.010500481727145908
128,462,bernstein,True,True,0.5221919018586136,0.0,False,0.009356860043105202
128,462,betting,True,True,0.10692342753070982,0.0,False,0.009356860043105202
128,463,bernstein,True,True,0.5224678693989104,0.0,False,0.010105453063520894
128,463,betting,True,True,0.1069280071699541,0.0,False,0.010105453063520894
128,464,bernstein,True,True,0.5218904548260485,0.0,False,0.00885457191435977
128,464,betting,True,True,0.10691252248994709,0.0,False,0.00885457191435977
128,465,bernstein,True,True,0.5221265424297585,0.0,False,0.009526237922346836
128,465,betting,True,True,0.10690948022445812,0.0,False,0.009526237922346836
128,466,bernstein,True,True,0.5210751458178416,0.0,False,0.00814881832223658
128,466,betting,True,True,0.10687708533114348,0.0,False,0.00814881832223658
128,467,bernstein,True,True,0.5229287138351028,0.0,False,0.010159305885926452
128,467,betting,True,True,0.10694777696764501,0.0,False,0.010159305885926452
128,468,bernstein,True,True,0.5233075670237031,0.0,False,0.010290993072511294
128,468,betting,True,True,0.10697209903322802,0.0,False,0.010290993072511294
128,469,bernstein,True,True,0.5233135061851104,0.0,False,0.010617672247432952
128,469,betting,True,True,0.10695537942454392,0.0,False,0.010617672247432952
128,470,bernstein,True,True,0.522652906545175,0.0,False,0.009909764639597527
128,470,betting,True,True,0.10693568082846472,0.0,False,0.009909764639597527
128,471,bernstein,True,True,0.5235168829777548,0.0,False,0.011201921952547041
128,471,betting,True,True,0.10697988078612974,0.0,False,0.011201921952547041
128,472,bernstein,True,True,0.5238610245740994,0.0,False,0.011213919670767158
128,472,betting,True,True,0.10699058117123073,0.0,False,0.011213919670767158
128,473,bernstein,True,True,0.5226405538097375,0.0,False,0.009840812962149365
128,473,betting,True,True,0.10693684755326105,0.0,False,0.009840812962149365
128,474,bernstein,True,True,0.5220636668203984,0.0,False,0.008891520507375563
128,474,betting,True,True,0.10691189375440446,0.0,False,0.008891520507375563
128,475,bernstein,True,True,0.5233679193385479,0.0,False,0.010028216473751317
128,475,betting,True,True,0.10696381128887866,0.0,False,0.010028216473751317
128,476,bernstein,True,True,0.5238800754257434,0.0,False,0.010880278153965528
128,476,betting,True,True,0.10699264060356661,0.0,False,0.010880278153965528
128,477,bernstein,True,True,0.5204413525307215,0.0,False,0.007747994005447966
128,477,betting,True,True,0.10684900857017043,0.0,False,0.007747994005447966
128,478,bernstein,True,True,0.5220687847790701,0.0,False,0.009263358817675045
128,478,betting,True,True,0.10691070475131725,0.0,False,0.009263358817675045
128,479,bernstein,True,True,0.5222558497690377,0.0,False,0.009308174952341625
128,479,betting,True,True,0.10691916303178006,0.0,False,0.009308174952341625
128,480,bernstein,True,True,0.5234356575914229,0.0,False,0.010636537105579814
128,480,betting,True,True,0.10696034622007566,0.0,False,0.010636537105579814
128,481,bernstein,True,True,0.5241224371521511,0.0,False,0.01109030467574207
128,481,betting,True,True,0.10700529347552223,0.0,False,0.01109030467574207
128,482,bernstein,True,True,0.5194754498041052,0.0,False,0.00677713679251518
128,482,betting,True,True,0.10681976200303311,0.0,False,0.00677713679251518
128,483,bernstein,True,True,0.5220064916956877,0.0,False,0.00929256969191054
128,483,betting,True,True,0.1069157836338126,0.0,False,0.00929256969191054
128,484,bernstein,True,True,0.5244054232933515,0.0,False,0.010722787837395694
128,484,betting,True,True,0.10701085158118073,0.0,False,0.010722787837395694
128,485,bernstein,True,True,0.5239848155172098,0.0,False,0.01085051040247259
128,485,betting,True,True,0.10699885806916432,0.0,False,0.01085051040247259
128,486,bernstein,True,True,0.523335584767526,0.0,False,0.010499761622399992
128,486,betting,True,True,0.10697010219668313,0.0,False,0.010499761622399992
128,487,bernstein,True,True,0.5232313551858077,0.0,False,0.010065012004951314
128,487,betting,True,True,0.10696212666975047,0.0,False,0.010065012004951314
128,488,bernstein,True,True,0.5218001577990492,0.0,False,0.008619663296672402
128,488,betting,True,True,0.10690090849682743,0.0,False,0.008619663296672402
128,489,bernstein,True,True,0.5225986034061219,0.0,False,0.009721548232652841
128,489,betting,True,True,0.10693265250836703,0.0,False,0.009721548232652841
128,490,bernstein,True,True,0.5223507038072502,0.0,False,0.009533185492983919
128,490,betting,True,True,0.10692623680515678,0.0,False,0.009533185492983919
128,491,bernstein,True,True,0.5235436495452108,0.0,False,0.010568880560641928
128,491,betting,True,True,0.10698155090522032,0.0,False,0.010568880560641928
128,492,bernstein,True,True,0.5233972663045221,0.0,False,0.011083179310647201
128,492,betting,True,True,0.10697261739416719,0.0,False,0.011083179310647201
128,493,bernstein,True,True,0.5224315969534453,0.0,False,0.009433803921430438
128,493,betting,True,True,0.10692636572959602,0.0,False,0.009433803921430438
128,494,bernstein,True,True,0.5218265403793297,0.0,False,0.00921573540992824
128,494,betting,True,True,0.10690467421471117,0.0,False,0.00921573540992824
128,495,bernstein,True,True,0.5247969000072283,0.0,False,0.011248460168860783
128,495,betting,True,True,0.1070223215907754,0.0,False,0.011248460168860783
128,496,bernstein,True,True,0.5218501590620037,0.0,False,0.008956751136950405
128,496,betting,True,True,0.10690215088681732,0.0,False,0.008956751136950405
128,497,bernstein,True,True,0.5219875918746659,0.0,False,0.00942472229491844
128,497,betting,True,True,0.10690572194587722,0.0,False,0.00942472229491844
128,498,bernstein,True,True,0.5227671645820426,0.0,False,0.010511325003078744
128,498,betting,True,True,0.10693796548239343,0.0,False,0.010511325003078744
128,499,bernstein,True,True,0.5251151018781945,0.0,False,0.010838947646154253
128,499,betting,True,True,0.10705727462704095,0.0,False,0.010838947646154253
128,500,bernstein,True,True,0.5223369625179499,0.0,False,0.009338818148197864
128,500,betting,True,True,0.10691988540569586,0.0,False,0.009338818148197864
128,501,bernstein,True,True,0.522901835867735,0.0,False,0.010103880427509104
128,501,betting,True,True,0.10694230852539488,0.0,False,0.010103880427509104
128,502,bernstein,True,True,0.5229698444403004,0.0,False,0.01014435152260402
128,502,betting,True,True,0.10693650991895987,0.0,False,0.01014435152260402
128,503,bernstein,True,True,0.5228133412250056,0.0,False,0.01028634442610841
128,503,betting,True,True,0.10694530140975989,0.0,False,0.01028634442610841
128,504,bernstein,True,True,0.5216708607741392,0.0,False,0.008867716935818044
128,504,betting,True,True,0.10690083521749327,0.0,False,0.008867716935818044
128,505,bernstein,True,True,0.5230992392002667,0.0,False,0.010184978478340347
128,505,betting,True,True,0.10695131108110223,0.0,False,0.010184978478340347
128,506,bernstein,True,True,0.5231707809148016,0.0,False,0.010288541638161713
128,506,betting,True,True,0.10696773874336951,0.0,False,0.010288541638161713
128,507,bernstein,True,True,0.5224518035513424,0.0,False,0.009494849258222042
128,507,betting,True,True,0.10692090934429876,0.0,False,0.009494849258222042
128,508,bernstein,True,True,0.5213937518998851,0.0,False,0.008372242837069409
128,508,betting,True,True,0.10688610075376359,0.0,False,0.008372242837069409
128,509,bernstein,True,True,0.5209806910435558,0.0,False,0.008018303853596675
128,509,betting,True,True,0.10687659615075973,0.0,False,0.008018303853596675
128,510,bernstein,True,True,0.5233230258686657,0.0,False,0.010417737982514472
128,510,betting,True,True,0.10696658102937373,0.0,False,0.010417737982514472
128,511,bernstein,True,True,0.5210413331490196,0.0,False,0.008079210199660514
128,511,betting,True,True,0.10687259256446868,0.0,False,0.008079210199660514
128,512,bernstein,True,True,0.5222313490025234,0.0,False,0.009634868597583633
128,512,betting,True,True,0.10691986283687582,0.0,False,0.009634868597583633
128,513,bernstein,True,True,0.5208714220868593,0.0,False,0.007932700723372432
128,513,betting,True,True,0.1068629825038443,0.0,False,0.007932700723372432
128,514,bernstein,True,True,0.5240407392460751,0.0,False,0.011003070873736712
128,514,betting,True,True,0.10700807855242611,0.0,False,0.011003070873736712
128,515,bernstein,True,True,0.5247479299887239,0.0,False,0.011966648083835523
128,515,betting,True,True,0.10703566026961209,0.0,False,0.011966648083835523
128,516,bernstein,True,True,0.523986810051394,0.0,False,0.011025963345503154
128,516,betting,True,True,0.10700569450236808,0.0,False,0.011025963345503154
128,517,bernstein,True,True,0.5229594467051684,0.0,False,0.010769386480980412
128,517,betting,True,True,0.10695198122142746,0.0,False,0.010769386480980412
128,518,bernstein,True,True,0.521474943139123,0.0,False,0.008739216068385708
128,518,betting,True,True,0.10689248166832843,0.0,False,0.008739216068385708
128,519,bernstein,True,True,0.5248704644644956,0.0,False,0.011687522412473193
128,519,betting,True,True,0.10704398149522609,0.0,False,0.011687522412473193
128,520,bernstein,True,True,0.5257803326771353,0.0,False,0.012814644910321905
128,520,betting,True,True,0.10709114965990019,0.0,False,0.012814644910321905
128,521,bernstein,True,True,0.5229893727942452,0.0,False,0.009868220892680711
128,521,betting,True,True,0.10695096160114193,0.0,False,0.009868220892680711
128,522,bernstein,True,True,0.5211677110541936,0.0,False,0.008535369754479384
128,522,betting,True,True,0.10687734633622314,0.0,False,0.008535369754479384
128,523,bernstein,True,True,0.5248968425783636,0.0,False,0.011481487164002675
128,523,betting,True,True,0.10702828212750315,0.0,False,0.011481487164002675
128,524,bernstein,True,True,0.5243009201542848,0.0,False,0.011424561175659091
128,524,betting,True,True,0.10701045119702024,0.0,False,0.011424561175659091
128,525,bernstein,True,True,0.5228757453068451,0.0,False,0.010467258935712393
128,525,betting,True,True,0.10694220421228229,0.0,False,0.010467258935712393
128,526,bernstein,True,True,0.5226180183863945,0.0,False,0.009833916083916082
128,526,betting,True,True,0.1069357047750964,0.0,False,0.009833916083916082
128,527,bernstein,True,True,0.5240186050732782,0.0,False,0.011054199900548605
128,527,betting,True,True,0.10698752897933439,0.0,False,0.011054199900548605
128,528,bernstein,True,True,0.5223819327527459,0.0,False,0.009700308399744938
128,528,betting,True,True,0.10692472576829459,0.0,False,0.009700308399744938
128,529,bernstein,True,True,0.5224746889076719,0.0,False,0.00947271608278861
128,529,betting,True,True,0.10693246295581038,0.0,False,0.00947271608278861
128,530,bernstein,True,True,0.5212442242071114,0.0,False,0.008304252755349127
128,530,betting,True,True,0.10687898625350511,0.0,False,0.008304252755349127
128,531,bernstein,True,True,0.5215820643490948,0.0,False,0.008983662816579207
128,531,betting,True,True,0.10689123848158488,0.0,False,0.008983662816579207
128,532,bernstein,True,True,0.5234328018276712,0.0,False,0.010684371710904977
128,532,betting,True,True,0.10698098303550063,0.0,False,0.010684371710904977
128,533,bernstein,True,True,0.5238765794713947,0.0,False,0.01053717785397057
128,533,betting,True,True,0.10698816312487902,0.0,False,0.01053717785397057
128,534,bernstein,True,True,0.522315691317512,0.0,False,0.009847458941172893
128,534,betting,True,True,0.10691801966375347,0.0,False,0.009847458941172893
128,535,bernstein,True,True,0.521444242370434,0.0,False,0.008393482661040941
128,535,betting,True,True,0.10688531536146917,0.0,False,0.008393482661040941
128,536,bernstein,True,True,0.5224185083099516,0.0,False,0.009380728963456725
128,536,betting,True,True,0.1069290731956426,0.0,False,0.009380728963456725
128,537,bernstein,True,True,0.5232732718765134,0.0,False,0.010413095370694927
128,537,betting,True,True,0.10695608989997707,0.0,False,0.010413095370694927
128,538,bernstein,True,True,0.5215873865860239,0.0,False,0.008986423266109465
128,538,betting,True,True,0.10689318389449909,0.0,False,0.008986423266109465
128,539,bernstein,True,True,0.5234795076614007,0.0,False,0.010620121068709918
128,539,betting,True,True,0.10697350729766186,0.0,False,0.010620121068709918
128,540,bernstein,True,True,0.5221884755564112,0.0,False,0.00930818063957381
128,540,betting,True,True,0.10692173533141613,0.0,False,0.00930818063957381
128,541,bernstein,True,True,0.5221638670651454,0.0,False,0.00915133428235228
128,541,betting,True,True,0.10691635539486022,0.0,False,0.00915133428235228
128,542,bernstein,True,True,0.5235651386559266,0.0,False,0.01096362839190213
128,542,betting,True,True,0.10697743431635909,0.0,False,0.01096362839190213
128,543,bernstein,True,True,0.52232255370037,0.0,False,0.009654626976328493
128,543,betting,True,True,0.10693005759148932,0.0,False,0.009654626976328493
128,544,bernstein,True,True,0.5225878519644579,0.0,False,0.00967936173829807
128,544,betting,True,True,0.1069381922358662,0.0,False,0.00967936173829807
128,545,bernstein,True,True,0.5250448892629901,0.0,False,0.011871974403298602
128,545,betting,True,True,0.10705220131301751,0.0,False,0.011871974403298602
128,546,bernstein,True,True,0.5238728789930647,0.0,False,0.010747663809041146
128,546,betting,True,True,0.10698836418414426,0.0,False,0.010747663809041146
128,547,bernstein,True,True,0.5230149816213374,0.0,False,0.010557606777227358
128,547,betting,True,True,0.10694116186030445,0.0,False,0.010557606777227358
128,548,bernstein,True,True,0.5232790185370522,0.0,False,0.010131860038196263
128,548,betting,True,True,0.10696547749903418,0.0,False,0.010131860038196263
128,549,bernstein,True,True,0.5231371491989533,0.0,False,0.010538548101308165
128,549,betting,True,True,0.10696348922869225,0.0,False,0.010538548101308165
128,550,bernstein,True,True,0.5237745692259126,0.0,False,0.01055024099352586
128,550,betting,True,True,0.10698408714844831,0.0,False,0.01055024099352586
128,551,bernstein,True,True,0.5198183696790173,0.0,False,0.006932274478654612
128,551,betting,True,True,0.10682773557549807,0.0,False,0.006932274478654612
128,552,bernstein,True,True,0.5222823247569734,0.0,False,0.00983834621177079
128,552,betting,True,True,0.10692002614938245,0.0,False,0.00983834621177079
128,553,bernstein,True,True,0.5239241795964505,0.0,False,0.011276353292125806
128,553,betting,True,True,0.10700056091678567,0.0,False,0.011276353292125806
128,554,bernstein,True,True,0.5208612263810773,0.0,False,0.007777187564617892
128,554,betting,True,True,0.10686161696477936,0.0,False,0.007777187564617892
128,555,bernstein,True,True,0.5238751687197092,0.0,False,0.010807382374342846
128,555,betting,True,True,0.10699428945681577,0.0,False,0.010807382374342846
128,556,bernstein,True,True,0.5245862652486618,0.0,False,0.010835841306432413
128,556,betting,True,True,0.10703835845193665,0.0,False,0.010835841306432413
128,557,bernstein,True,True,0.5223649273471722,0.0,False,0.00989516816593849
128,557,betting,True,True,0.1069185456488777,0.0,False,0.00989516816593849
128,558,bernstein,True,True,0.5243774634395622,0.0,False,0.011386839637348427
128,558,betting,True,True,0.10701804997388531,0.0,False,0.011386839637348427
128,559,bernstein,True,True,0.5239450941545445,0.0,False,0.010903227577389114
128,559,betting,True,True,0.10699453592224017,0.0,False,0.010903227577389114
128,560,bernstein,True,True,0.5224376010102951,0.0,False,0.009971094400028845
128,560,betting,True,True,0.10692506483763287,0.0,False,0.009971094400028845
128,561,bernstein,True,True,0.5207532528507129,0.0,False,0.007754289155255811
128,561,betting,True,True,0.10686373977645425,0.0,False,0.007754289155255811
128,562,bernstein,True,True,0.5220077017529301,0.0,False,0.009206027769790097
128,562,betting,True,True,0.10690452875212952,0.0,False,0.009206027769790097
128,563,bernstein,True,True,0.522176766998447,0.0,False,0.008847474515102434
128,563,betting,True,True,0.1069213014703928,0.0,False,0.008847474515102434
128,564,bernstein,True,True,0.521992431470806,0.0,False,0.009160588003395224
128,564,betting,True,True,0.10690437653694973,0.0,False,0.009160588003395224
128,565,bernstein,True,True,0.5239009497256621,0.0,False,0.010962876128958663
128,565,betting,True,True,0.10700094687133976,0.0,False,0.010962876128958663
128,566,bernstein,True,True,0.5217724049961872,0.0,False,0.008532164279985242
128,566,betting,True,True,0.10690673556629915,0.0,False,0.008532164279985242
128,567,bernstein,True,True,0.5238738532841033,0.0,False,0.011291665417281504
128,567,betting,True,True,0.10699358122637947,0.0,False,0.011291665417281504
128,568,bernstein,True,True,0.5263771597220861,0.0,False,0.01406024830779688
128,568,betting,True,True,0.10711816711256683,0.0,False,0.01406024830779688
128,569,bernstein,True,True,0.5229760265597303,0.0,False,0.010181478287897104
128,569,betting,True,True,0.10695132083143111,0.0,False,0.010181478287897104
128,570,bernstein,True,True,0.5214393723920432,0.0,False,0.008406728327625523
128,570,betting,True,True,0.10688070227177382,0.0,False,0.008406728327625523
128,571,bernstein,True,True,0.5228578592112609,0.0,False,0.009951027750566374
128,571,betting,True,True,0.10694493733291899,0.0,False,0.009951027750566374
128,572,bernstein,True,True,0.5221105897825246,0.0,False,0.009378044857084284
128,572,betting,True,True,0.10691665317386656,0.0,False,0.009378044857084284
128,573,bernstein,True,True,0.5226055073630642,0.0,False,0.009593981973843396
128,573,betting,True,True,0.10693908996163382,0.0,False,0.009593981973843396
128,574,bernstein,True,True,0.5232531453759273,0.0,False,0.01088721898891674
128,574,betting,True,True,0.1069614154239753,0.0,False,0.01088721898891674
128,575,bernstein,True,True,0.5236902104900444,0.0,False,0.01114826534729077
128,575,betting,True,True,0.10698643077976155,0.0,False,0.01114826534729077
128,576,bernstein,True,True,0.5242408870579749,0.0,False,0.011349075536868116
128,576,betting,True,True,0.10701557955748286,0.0,False,0.011349075536868116
128,577,bernstein,True,True,0.5225858894223354,0.0,False,0.009348362857269182
128,577,betting,True,True,0.10693445253353273,0.0,False,0.009348362857269182
128,578,bernstein,True,True,0.5230004574298925,0.0,False,0.010606366313669423
128,578,betting,True,True,0.106943278707331,0.0,False,0.010606366313669423
128,579,bernstein,True,True,0.5212408370505062,0.0,False,0.008169891128712909
128,579,betting,True,True,0.10688397258931215,0.0,False,0.008169891128712909
128,580,bernstein,True,True,0.5227231291897451,0.0,False,0.009826465161698085
128,580,betting,True,True,0.10694868045997286,0.0,False,0.009826465161698085
128,581,bernstein,True,True,0.5225705201206408,0.0,False,0.009817854717020909
128,581,betting,True,True,0.10693420759118455,0.0,False,0.009817854717020909
128,582,bernstein,True,True,0.5235094565607167,0.0,False,0.01085797659067517
128,582,betting,True,True,0.10697757542540798,0.0,False,0.01085797659067517
128,583,bernstein,True,True,0.5235220233647324,0.0,False,0.011257347806550825
128,583,betting,True,True,0.10697262243440497,0.0,False,0.011257347806550825
128,584,bernstein,True,True,0.5208081914622129,0.0,False,0.008127381611482503
128,584,betting,True,True,0.10685928260838407,0.0,False,0.008127381611482503
128,585,bernstein,True,True,0.5220875194114869,0.0,False,0.009032627334756784
128,585,betting,True,True,0.10691403665659893,0.0,False,0.009032627334756784
128,586,bernstein,True,True,0.5231089751146918,0.0,False,0.01091181917090896
128,586,betting,True,True,0.10694973962741638,0.0,False,0.01091181917090896
128,587,bernstein,True,True,0.5222295846753469,0.0,False,0.009741478260579743
128,587,betting,True,True,0.10691176950484094,0.0,False,0.009741478260579743
128,588,bernstein,True,True,0.522396961365128,0.0,False,0.009663316370927464
128,588,betting,True,True,0.10692806564991764,0.0,False,0.009663316370927464
128,589,bernstein,True,True,0.5229318914430454,0.0,False,0.00950405877788826
128,589,betting,True,True,0.10695156634603331,0.0,False,0.00950405877788826
128,590,bernstein,True,True,0.5214472435905415,0.0,False,0.00915804914029146
128,590,betting,True,True,0.10687500947511575,0.0,False,0.00915804914029146
128,591,bernstein,True,True,0.5220674144582893,0.0,False,0.009871502853744059
128,591,betting,True,True,0.10691328061653627,0.0,False,0.009871502853744059
128,592,bernstein,True,True,0.5210560119683845,0.0,False,0.008135171759557957
128,592,betting,True,True,0.10687494813388176,0.0,False,0.008135171759557957
128,593,bernstein,True,True,0.5227650707292487,0.0,False,0.009888469481126148
128,593,betting,True,True,0.1069356924848398,0.0,False,0.009888469481126148
128,594,bernstein,True,True,0.5211399664692163,0.0,False,0.008486450178604015
128,594,betting,True,True,0.1068776668645296,0.0,False,0.008486450178604015
128,595,bernstein,True,True,0.5221609550909818,0.0,False,0.009274916104347742
128,595,betting,True,True,0.10691577296787724,0.0,False,0.009274916104347742
128,596,bernstein,True,True,0.5231093538473222,0.0,False,0.010300820463506331
128,596,betting,True,True,0.10695769960664625,0.0,False,0.010300820463506331
128,597,bernstein,True,True,0.52436450896529,0.0,False,0.011744545781236177
128,597,betting,True,True,0.10701736687420649,0.0,False,0.011744545781236177
128,598,bernstein,True,True,0.5230493521254561,0.0,False,0.009747663450589743
128,598,betting,True,True,0.10694698388073443,0.0,False,0.009747663450589743
128,599,bernstein,True,True,0.5217842616015271,0.0,False,0.00885792711026213
128,599,betting,True,True,0.10690089132480352,0.0,False,0.00885792711026213
128,600,bernstein,True,True,0.523493979367817,0.0,False,0.010812871076958011
128,600,betting,True,True,0.10697231255002404,0.0,False,0.010812871076958011
128,601,bernstein,True,True,0.5239556479230856,0.0,False,0.010530496321567887
128,601,betting,True,True,0.10699242554608646,0.0,False,0.010530496321567887
128,602,bernstein,True,True,0.5239715379706277,0.0,False,0.01046890791757129
128,602,betting,True,True,0.1069998212784048,0.0,False,0.01046890791757129
128,603,bernstein,True,True,0.5235439704014822,0.0,False,0.01087187596897524
128,603,betting,True,True,0.10697207674613318,0.0,False,0.01087187596897524
128,604,bernstein,True,True,0.5207678174076111,0.0,False,0.00813142207984157
128,604,betting,True,True,0.10685804532906329,0.0,False,0.00813142207984157
128,605,bernstein,True,True,0.5213769283690477,0.0,False,0.008633760236443237
128,605,betting,True,True,0.10688690665476319,0.0,False,0.008633760236443237
128,606,bernstein,True,True,0.521836819679075,0.0,False,0.008875409635979374
128,606,betting,True,True,0.10690014854342744,0.0,False,0.008875409635979374
128,607,bernstein,True,True,0.521841483920942,0.0,False,0.009348912732106644
128,607,betting,True,True,0.10690440695885628,0.0,False,0.009348912732106644
128,608,bernstein,True,True,0.523968272814186,0.0,False,0.011511330218131843
128,608,betting,True,True,0.10700099754223624,0.0,False,0.011511330218131843
128,609,bernstein,True,True,0.5211411204162439,0.0,False,0.008586080014005397
128,609,betting,True,True,0.10687335627713768,0.0,False,0.008586080014005397
128,610,bernstein,True,True,0.5218190666123084,0.0,False,0.009068380268823416
128,610,betting,True,True,0.10689789911393743,0.0,False,0.009068380268823416
128,611,bernstein,True,True,0.523074572049528,0.0,False,0.010285747006104212
128,611,betting,True,True,0.10695857545029874,0.0,False,0.010285747006104212
128,612,bernstein,True,True,0.5225225223072207,0.0,False,0.00963276633280076
128,612,betting,True,True,0.10692853354685206,0.0,False,0.00963276633280076
128,613,bernstein,True,True,0.5221438033847383,0.0,False,0.009601386594534241
128,613,betting,True,True,0.10691345466100755,0.0,False,0.009601386594534241
128,614,bernstein,True,True,0.5214886973929761,0.0,False,0.008509582480849282
128,614,betting,True,True,0.10688987698351415,0.0,False,0.008509582480849282
128,615,bernstein,True,True,0.5245995428044261,0.0,False,0.011802727708917892
128,615,betting,True,True,0.10703316127572182,0.0,False,0.011802727708917892
128,616,bernstein,True,True,0.5237590503600065,0.0,False,0.010703897757097151
128,616,betting,True,True,0.10699432190362124,0.0,False,0.010703897757097151
128,617,bernstein,True,True,0.5245770216696178,0.0,False,0.010832543795635063
128,617,betting,True,True,0.1070329690555809,0.0,False,0.010832543795635063
128,618,bernstein,True,True,0.5215814168649704,0.0,False,0.008938608512041861
128,618,betting,True,True,0.10688807735452432,0.0,False,0.008938608512041861
128,619,bernstein,True,True,0.5236563597841022,0.0,False,0.011026454122746228
128,619,betting,True,True,0.10698125757659005,0.0,False,0.011026454122746228
128,620,bernstein,True,True,0.5239345921341397,0.0,False,0.010803697435170258
128,620,betting,True,True,0.10699319028441101,0.0,False,0.010803697435170258
128,621,bernstein,True,True,0.5250155268168674,0.0,False,0.012041460062064323
128,621,betting,True,True,0.10704704928764841,0.0,False,0.012041460062064323
128,622,bernstein,True,True,0.5222809040891756,0.0,False,0.009608150531335711
128,622,betting,True,True,0.10690760794121157,0.0,False,0.009608150531335711
128,623,bernstein,True,True,0.5215505569779245,0.0,False,0.008113289887839808
128,623,betting,True,True,0.10688142615115792,0.0,False,0.008113289887839808
128,624,bernstein,True,True,0.5236475794517944,0.0,False,0.010923383713105582
128,624,betting,True,True,0.10698490279977713,0.0,False,0.010923383713105582
128,625,bernstein,True,True,0.5226691214186896,0.0,False,0.009710890930673155
128,625,betting,True,True,0.1069303407428015,0.0,False,0.009710890930673155
128,626,bernstein,True,True,0.5222010826328336,0.0,False,0.00889490617556429
128,626,betting,True,True,0.1069125863402951,0.0,False,0.00889490617556429
128,627,bernstein,True,True,0.5226922217127701,0.0,False,0.009921957328220253
128,627,betting,True,True,0.10693438921582132,0.0,False,0.009921957328220253
128,628,bernstein,True,True,0.5226906297669656,0.0,False,0.01009760136269901
128,628,betting,True,True,0.10694321795155715,0.0,False,0.01009760136269901
128,629,bernstein,True,True,0.5252580211226889,0.0,False,0.012234627455502719
128,629,betting,True,True,0.10705724598792588,0.0,False,0.012234627455502719
128,630,bernstein,True,True,0.5214860301552126,0.0,False,0.008549479348113308
128,630,betting,True,True,0.10689099756702491,0.0,False,0.008549479348113308
128,631,bernstein,True,True,0.5228822905180579,0.0,False,0.010233550995387279
128,631,betting,True,True,0.10694962964018484,0.0,False,0.010233550995387279
128,632,bernstein,True,True,0.5227636008092493,0.0,False,0.009680532929372859
128,632,betting,True,True,0.10694562026972565,0.0,False,0.009680532929372859
128,633,bernstein,True,True,0.5219525472657804,0.0,False,0.0089476885284795
128,633,betting,True,True,0.10690162463757591,0.0,False,0.0089476885284795
128,634,bernstein,True,True,0.5223210474212201,0.0,False,0.009351246978864056
128,634,betting,True,True,0.1069196493729031,0.0,False,0.009351246978864056
128,635,bernstein,True,True,0.5242365477198399,0.0,False,0.011544090234212299
128,635,betting,True,True,0.10700527888304345,0.0,False,0.011544090234212299
128,636,bernstein,True,True,0.5225359504150896,0.0,False,0.009774690365320027
128,636,betting,True,True,0.10693521783970927,0.0,False,0.009774690365320027
128,637,bernstein,True,True,0.5225865274582462,0.0,False,0.009357316410755049
128,637,betting,True,True,0.1069287763938701,0.0,False,0.009357316410755049
128,638,bernstein,True,True,0.5233461222409332,0.0,False,0.01027452625912495
128,638,betting,True,True,0.1069705755652468,0.0,False,0.01027452625912495
128,639,bernstein,True,True,0.5225861754678441,0.0,False,0.009542949142949784
128,639,betting,True,True,0.106930250137375,0.0,False,0.009542949142949784
128,640,bernstein,True,True,0.522327995156074,0.0,False,0.009207815547533686
128,640,betting,True,True,0.10692076932253247,0.0,False,0.009207815547533686
128,641,bernstein,True,True,0.5225424078412781,0.0,False,0.009861505778802376
128,641,betting,True,True,0.106924951975925,0.0,False,0.009861505778802376
128,642,bernstein,True,True,0.5209560937409716,0.0,False,0.007899434198607173
128,642,betting,True,True,0.10687530932304068,0.0,False,0.007899434198607173
128,643,bernstein,True,True,0.5216395371350779,0.0,False,0.008340943063602616
128,643,betting,True,True,0.10689744471779705,0.0,False,0.008340943063602616
128,644,bernstein,True,True,0.5247671429093124,0.0,False,0.010849004042323938
128,644,betting,True,True,0.10702249993155422,0.0,False,0.010849004042323938
128,645,bernstein,True,True,0.5209208181893923,0.0,False,0.008149468976482032
128,645,betting,True,True,0.10686731581852671,0.0,False,0.008149468976482032
128,646,bernstein,True,True,0.5237316361731287,0.0,False,0.010709965259377438
128,646,betting,True,True,0.10698665949210406,0.0,False,0.010709965259377438
128,647,bernstein,True,True,0.5240202097887757,0.0,False,0.010441798520339494
128,647,betting,True,True,0.10699495700879191,0.0,False,0.010441798520339494
128,648,bernstein,True,True,0.5235872603928632,0.0,False,0.010039832540250997
128,648,betting,True,True,0.10697864425954318,0.0,False,0.010039832540250997
128,649,bernstein,True,True,0.5229223394627631,0.0,False,0.010439812921334222
128,649,betting,True,True,0.10695477256231245,0.0,False,0.010439812921334222
128,650,bernstein,True,True,0.5218452778023098,0.0,False,0.00855229251963396
128,650,betting,True,True,0.10690470215831749,0.0,False,0.00855229251963396
128,651,bernstein,True,True,0.524862234867495,0.0,False,0.012155013236822035
128,651,betting,True,True,0.1070382794412581,0.0,False,0.012155013236822035
128,652,bernstein,True,True,0.523493173521032,0.0,False,0.01047641188341104
128,652,betting,True,True,0.10697412615081714,0.0,False,0.01047641188341104
128,653,bernstein,True,True,0.5226792503299224,0.0,False,0.009723538865145914
128,653,betting,True,True,0.10694267624265208,0.0,False,0.009723538865145914
128,654,bernstein,True,True,0.5225365940804306,0.0,False,0.009892859461063323
128,654,betting,True,True,0.10693150561437503,0.0,False,0.009892859461063323
128,655,bernstein,True,True,0.5228198033629534,0.0,False,0.009660145777938306
128,655,betting,True,True,0.10694032808172782,0.0,False,0.009660145777938306
128,656,bernstein,True,True,0.5241450926965696,0.0,False,0.01155651919185745
128,656,betting,True,True,0.10701089023474208,0.0,False,0.01155651919185745
128,657,bernstein,True,True,0.5216916643490483,0.0,False,0.009209612337758626
128,657,betting,True,True,0.10689345297276309,0.0,False,0.009209612337758626
128,658,bernstein,True,True,0.5223755962297646,0.0,False,0.008813363338553065
128,658,betting,True,True,0.10691246638703888,0.0,False,0.008813363338553065
128,659,bernstein,True,True,0.5225403726794933,0.0,False,0.010019920406471877
128,659,betting,True,True,0.10692291770516027,0.0,False,0.010019920406471877
128,660,bernstein,True,True,0.5230599301672316,0.0,False,0.010532942037229596
128,660,betting,True,True,0.10695319176767948,0.0,False,0.010532942037229596
128,661,bernstein,True,True,0.5243346845532486,0.0,False,0.011186237990253445
128,661,betting,True,True,0.10700489456601658,0.0,False,0.011186237990253445
128,662,bernstein,True,True,0.5227276902646258,0.0,False,0.009854751835774828
128,662,betting,True,True,0.10693939322107338,0.0,False,0.009854751835774828
128,663,bernstein,True,True,0.5227282875265455,0.0,False,0.009634881898125907
128,663,betting,True,True,0.10694033720257734,0.0,False,0.009634881898125907
128,664,bernstein,True,True,0.5228601681032858,0.0,False,0.009865822971412395
128,664,betting,True,True,0.10694694101010094,0.0,False,0.009865822971412395
128,665,bernstein,True,True,0.5233380518484952,0.0,False,0.010384552079954722
128,665,betting,True,True,0.10697174080218241,0.0,False,0.010384552079954722
128,666,bernstein,True,True,0.5228986010140432,0.0,False,0.010120888764471841
128,666,betting,True,True,0.10694050746576977,0.0,False,0.010120888764471841
128,667,bernstein,True,True,0.5233380166299637,0.0,False,0.010388996835735013
128,667,betting,True,True,0.1069696178012236,0.0,False,0.010388996835735013
128,668,bernstein,True,True,0.5230858415454294,0.0,False,0.010399921785753967
128,668,betting,True,True,0.10695376956380642,0.0,False,0.010399921785753967
128,669,bernstein,True,True,0.5207028640165199,0.0,False,0.007596290053864575
128,669,betting,True,True,0.10685247885969151,0.0,False,0.007596290053864575
128,670,bernstein,True,True,0.5232538907620297,0.0,False,0.010234437834376985
128,670,betting,True,True,0.10695452424806717,0.0,False,0.010234437834376985
128,671,bernstein,True,True,0.5222870498797828,0.0,False,0.009435666598590447
128,671,betting,True,True,0.1069165300556052,0.0,False,0.009435666598590447
128,672,bernstein,True,True,0.5214632812271556,0.0,False,0.009205380380607345
128,672,betting,True,True,0.10688657019138192,0.0,False,0.009205380380607345
128,673,bernstein,True,True,0.5233422639113701,0.0,False,0.011250684798694491
128,673,betting,True,True,0.10696753348904164,0.0,False,0.011250684798694491
128,674,bernstein,True,True,0.5248172938330358,0.0,False,0.012050063409360382
128,674,betting,True,True,0.10704310216962776,0.0,False,0.012050063409360382
128,675,bernstein,True,True,0.5241829309310526,0.0,False,0.011728749546012994
128,675,betting,True,True,0.10699841031557311,0.0,False,0.011728749546012994
128,676,bernstein,True,True,0.5209121773964651,0.0,False,0.007980349203123037
128,676,betting,True,True,0.10686870705179907,0.0,False,0.007980349203123037
128,677,bernstein,True,True,0.5239396011970203,0.0,False,0.011186091189241902
128,677,betting,True,True,0.10699497159686866,0.0,False,0.011186091189241902
128,678,bernstein,True,True,0.5232454873877227,0.0,False,0.010032295526584079
128,678,betting,True,True,0.10696449649709394,0.0,False,0.010032295526584079
128,679,bernstein,True,True,0.522919655874879,0.0,False,0.010415516298356148
128,679,betting,True,True,0.10695535141931023,0.0,False,0.010415516298356148
128,680,bernstein,True,True,0.5219882040483659,0.0,False,0.009119193248708732
128,680,betting,True,True,0.10691047863172565,0.0,False,0.009119193248708732
128,681,bernstein,True,True,0.5214247673759369,0.0,False,0.008564700264757114
128,681,betting,True,True,0.10687910967109937,0.0,False,0.008564700264757114
128,682,bernstein,True,True,0.5234894494186342,0.0,False,0.010892782242757828
128,682,betting,True,True,0.10697789847603423,0.0,False,0.010892782242757828
128,683,bernstein,True,True,0.5221037850698451,0.0,False,0.00957047266795566
128,683,betting,True,True,0.1069089738456388,0.0,False,0.00957047266795566
128,684,bernstein,True,True,0.5227457246159286,0.0,False,0.010120831970539576
128,684,betting,True,True,0.10694020138907945,0.0,False,0.010120831970539576
128,685,bernstein,True,True,0.5241687924501327,0.0,False,0.01091750612524896
128,685,betting,True,True,0.10701350146966437,0.0,False,0.01091750612524896
128,686,bernstein,True,True,0.5233263199782066,0.0,False,0.010902102779183232
128,686,betting,True,True,0.10696037037800132,0.0,False,0.010902102779183232
128,687,bernstein,True,True,0.5248014082816088,0.0,False,0.011711027867772087
128,687,betting,True,True,0.10704156914060137,0.0,False,0.011711027867772087
128,688,bernstein,True,True,0.5222919977642578,0.0,False,0.00942903353608918
128,688,betting,True,True,0.10692690551044504,0.0,False,0.00942903353608918
128,689,bernstein,True,True,0.5245478922226978,0.0,False,0.012147602075850705
128,689,betting,True,True,0.10703112939962,0.0,False,0.012147602075850705
128,690,bernstein,True,True,0.5228030461965956,0.0,False,0.009684546076993832
128,690,betting,True,True,0.10693775609022849,0.0,False,0.009684546076993832
128,691,bernstein,True,True,0.52170147745484,0.0,False,0.008630611382389707
128,691,betting,True,True,0.10689988618254587,0.0,False,0.008630611382389707
128,692,bernstein,True,True,0.5246231944976609,0.0,False,0.012120994605050842
128,692,betting,True,True,0.10703516613262765,0.0,False,0.012120994605050842
128,693,bernstein,True,True,0.5217380370211756,0.0,False,0.008917044633587761
128,693,betting,True,True,0.10690300277943598,0.0,False,0.008917044633587761
128,694,bernstein,True,True,0.5230114479401939,0.0,False,0.010770500535598262
128,694,betting,True,True,0.10694014385553596,0.0,False,0.010770500535598262
128,695,bernstein,True,True,0.5233693171926732,0.0,False,0.010036742021967174
128,695,betting,True,True,0.10696806003761594,0.0,False,0.010036742021967174
128,696,bernstein,True,True,0.5223781079393739,0.0,False,0.00961652931968893
128,696,betting,True,True,0.10692034139094175,0.0,False,0.00961652931968893
128,697,bernstein,True,True,0.5234835960133997,0.0,False,0.010402704618368962
128,697,betting,True,True,0.1069731466015219,0.0,False,0.010402704618368962
128,698,bernstein,True,True,0.5222483895209247,0.0,False,0.009254579684472542
128,698,betting,True,True,0.1069144084764776,0.0,False,0.009254579684472542
128,699,bernstein,True,True,0.5222969296920742,0.0,False,0.009301792305069684
128,699,betting,True,True,0.10692306765333337,0.0,False,0.009301792305069684
128,700,bernstein,True,True,0.523441377450196,0.0,False,0.010624689175364204
128,700,betting,True,True,0.10697185867771619,0.0,False,0.010624689175364204
128,701,bernstein,True,True,0.5218117978111185,0.0,False,0.008963396885509288
128,701,betting,True,True,0.10690205870549108,0.0,False,0.008963396885509288
128,702,bernstein,True,True,0.5229622469373707,0.0,False,0.010267579019054058
128,702,betting,True,True,0.10695185341508484,0.0,False,0.010267579019054058
128,703,bernstein,True,True,0.52253248147115,0.0,False,0.009711283521537436
128,703,betting,True,True,0.10693269806859462,0.0,False,0.009711283521537436
128,704,bernstein,True,True,0.5248289201576639,0.0,False,0.011852096771502674
128,704,betting,True,True,0.10704017327207116,0.0,False,0.011852096771502674
128,705,bernstein,True,True,0.5238992460458427,0.0,False,0.010700988276065124
128,705,betting,True,True,0.10698509241836296,0.0,False,0.010700988276065124
128,706,bernstein,True,True,0.5232078370233079,0.0,False,0.009664312340662704
128,706,betting,True,True,0.10695659190765583,0.0,False,0.009664312340662704
128,707,bernstein,True,True,0.5238039349839179,0.0,False,0.01131264352969991
128,707,betting,True,True,0.10699057995188932,0.0,False,0.01131264352969991
128,708,bernstein,True,True,0.521349333025409,0.0,False,0.008526763079550574
128,708,betting,True,True,0.10688586130065236,0.0,False,0.008526763079550574
128,709,bernstein,True,True,0.5215102056300129,0.0,False,0.008826893280944494
128,709,betting,True,True,0.10688899033306376,0.0,False,0.008826893280944494
128,710,bernstein,True,True,0.5225555736412155,0.0,False,0.009928715471649096
128,710,betting,True,True,0.10693234253594708,0.0,False,0.009928715471649096
128,711,bernstein,True,True,0.5216304000734338,0.0,False,0.008804050063838085
128,711,betting,True,True,0.10688572280636432,0.0,False,0.008804050063838085
128,712,bernstein,True,True,0.5229974099599751,0.0,False,0.01045040998093977
128,712,betting,True,True,0.1069464456669812,0.0,False,0.01045040998093977
128,713,bernstein,True,True,0.522448120791563,0.0,False,0.010089400046270597
128,713,betting,True,True,0.10693254330028146,0.0,False,0.010089400046270597
128,714,bernstein,True,True,0.523905177969292,0.0,False,0.010769480690564824
128,714,betting,True,True,0.10699063595795455,0.0,False,0.010769480690564824
128,715,bernstein,True,True,0.5208697542614946,0.0,False,0.008156636974235616
128,715,betting,True,True,0.10685711422767785,0.0,False,0.008156636974235616
128,716,bernstein,True,True,0.5251473348564419,0.0,False,0.012702825025252738
128,716,betting,True,True,0.10705148917364571,0.0,False,0.012702825025252738
128,717,bernstein,True,True,0.5252843525653381,0.0,False,0.01206662115657261
128,717,betting,True,True,0.10706699402340747,0.0,False,0.01206662115657261
128,718,bernstein,True,True,0.5240677675850671,0.0,False,0.011493157944957826
128,718,betting,True,True,0.10699637833382447,0.0,False,0.011493157944957826
128,719,bernstein,True,True,0.521224762107309,0.0,False,0.008841977507875725
128,719,betting,True,True,0.1068776090272513,0.0,False,0.008841977507875725
128,720,bernstein,True,True,0.5237974186520351,0.0,False,0.011076195127715998
128,720,betting,True,True,0.10699153552373908,0.0,False,0.011076195127715998
128,721,bernstein,True,True,0.5221871943149867,0.0,False,0.009333576322725577
128,721,betting,True,True,0.10691648350493776,0.0,False,0.009333576322725577
128,722,bernstein,True,True,0.5235609782620212,0.0,False,0.010456334484480521
128,722,betting,True,True,0.10697842317138562,0.0,False,0.010456334484480521
128,723,bernstein,True,True,0.5226888050879864,0.0,False,0.010187030371962696
128,723,betting,True,True,0.10694059885034224,0.0,False,0.010187030371962696
128,724,bernstein,True,True,0.5231920698991721,0.0,False,0.010944908665840379
128,724,betting,True,True,0.10695955809856983,0.0,False,0.010944908665840379
128,725,bernstein,True,True,0.5235563519297395,0.0,False,0.010578759589656074
128,725,betting,True,True,0.10697617382993496,0.0,False,0.010578759589656074
128,726,bernstein,True,True,0.5191879913866393,0.0,False,0.005919257865596144
128,726,betting,True,True,0.10680604157350904,0.0,False,0.005919257865596144
128,727,bernstein,True,True,0.5225015872675789,0.0,False,0.009581146164326395
128,727,betting,True,True,0.10692596365068319,0.0,False,0.009581146164326395
128,728,bernstein,True,True,0.5214158912133611,0.0,False,0.008476493097621985
128,728,betting,True,True,0.10689297455075586,0.0,False,0.008476493097621985
128,729,bernstein,True,True,0.5249225380143059,0.0,False,0.011540525804845827
128,729,betting,True,True,0.10704242684820198,0.0,False,0.011540525804845827
128,730,bernstein,True,True,0.5238929161565287,0.0,False,0.01118958041145113
128,730,betting,True,True,0.106993791120367,0.0,False,0.01118958041145113
128,731,bernstein,True,True,0.5233962795123468,0.0,False,0.010565041116994793
128,731,betting,True,True,0.10697397922678653,0.0,False,0.010565041116994793
128,732,bernstein,True,True,0.5222195134180583,0.0,False,0.009219581583145724
128,732,betting,True,True,0.10692046641524944,0.0,False,0.009219581583145724
128,733,bernstein,True,True,0.5232065908031165,0.0,False,0.010198490758033979
128,733,betting,True,True,0.10696657288135603,0.0,False,0.010198490758033979
128,734,bernstein,True,True,0.5214594129777367,0.0,False,0.008669005514475601
128,734,betting,True,True,0.10688153442162729,0.0,False,0.008669005514475601
128,735,bernstein,True,True,0.5221348770205307,0.0,False,0.00904969378588642
128,735,betting,True,True,0.10691778787004291,0.0,False,0.00904969378588642
128,736,bernstein,True,True,0.5230082027590566,0.0,False,0.010153944148819039
128,736,betting,True,True,0.1069549975417976,0.0,False,0.010153944148819039
128,737,bernstein,True,True,0.5221146377752555,0.0,False,0.009346193808139756
128,737,betting,True,True,0.10690689184008084,0.0,False,0.009346193808139756
128,738,bernstein,True,True,0.5211444356725394,0.0,False,0.008128130345846439
128,738,betting,True,True,0.10687593785169158,0.0,False,0.008128130345846439
128,739,bernstein,True,True,0.5220427379606599,0.0,False,0.009209580890900125
128,739,betting,True,True,0.10691387496841342,0.0,False,0.009209580890900125
128,740,bernstein,True,True,0.5224938536397459,0.0,False,0.009743127838625059
128,740,betting,True,True,0.10692491829657225,0.0,False,0.009743127838625059
128,741,bernstein,True,True,0.5246493236509895,0.0,False,0.010656071125632395
128,741,betting,True,True,0.10702930518571518,0.0,False,0.010656071125632395
128,742,bernstein,True,True,0.5243962965340463,0.0,False,0.011123929011921337
128,742,betting,True,True,0.10700978798977301,0.0,False,0.011123929011921337
128,743,bernstein,True,True,0.5226951715430184,0.0,False,0.009154569495968063
128,743,betting,True,True,0.10692823635770765,0.0,False,0.009154569495968063
128,744,bernstein,True,True,0.52293468431942,0.0,False,0.010789364003474836
128,744,betting,True,True,0.10695177058791161,0.0,False,0.010789364003474836
128,745,bernstein,True,True,0.5235544805585307,0.0,False,0.010849614712774052
128,745,betting,True,True,0.10697306897745873,0.0,False,0.010849614712774052
128,746,bernstein,True,True,0.5244998881985665,0.0,False,0.012177283030891325
128,746,betting,True,True,0.10701700336521758,0.0,False,0.012177283030891325
128,747,bernstein,True,True,0.5218843292790942,0.0,False,0.009766671734463803
128,747,betting,True,True,0.10689208494659386,0.0,False,0.009766671734463803
128,748,bernstein,True,True,0.5232956118284406,0.0,False,0.010952077304114733
128,748,betting,True,True,0.10695886669680477,0.0,False,0.010952077304114733
128,749,bernstein,True,True,0.5222591993694414,0.0,False,0.009343084685307042
128,749,betting,True,True,0.10692631741814684,0.0,False,0.009343084685307042
128,750,bernstein,True,True,0.5214359029504416,0.0,False,0.007700965512389165
128,750,betting,True,True,0.10688304559054806,0.0,False,0.007700965512389165
128,751,bernstein,True,True,0.5228938944192683,0.0,False,0.009866014818975335
128,751,betting,True,True,0.10695750635204604,0.0,False,0.009866014818975335
128,752,bernstein,True,True,0.5236387080244593,0.0,False,0.01033869845531746
128,752,betting,True,True,0.10697728722505417,0.0,False,0.01033869845531746
128,753,bernstein,True,True,0.5227443067012236,0.0,False,0.009591566325375205
128,753,betting,True,True,0.10693521096385672,0.0,False,0.009591566325375205
128,754,bernstein,True,True,0.5216418155256379,0.0,False,0.008772954539264865
128,754,betting,True,True,0.10689601172318364,0.0,False,0.008772954539264865
128,755,bernstein,True,True,0.523514821443569,0.0,False,0.011108156952544667
128,755,betting,True,True,0.10697947626853432,0.0,False,0.011108156952544667
128,756,bernstein,True,True,0.5238702828692507,0.0,False,0.010883305659514403
128,756,betting,True,True,0.10699595857226096,0.0,False,0.010883305659514403
128,757,bernstein,True,True,0.5221937557459267,0.0,False,0.009591929045526564
128,757,betting,True,True,0.10691838338403625,0.0,False,0.009591929045526564
128,758,bernstein,True,True,0.5220163261409242,0.0,False,0.00953071264639716
128,758,betting,True,True,0.10690617104206468,0.0,False,0.00953071264639716
128,759,bernstein,True,True,0.5228281762642757,0.0,False,0.010058078365216177
128,759,betting,True,True,0.10694150309540418,0.0,False,0.010058078365216177
128,760,bernstein,True,True,0.5235330297799232,0.0,False,0.011047769697860402
128,760,betting,True,True,0.10697763876953104,0.0,False,0.011047769697860402
128,761,bernstein,True,True,0.5248490464509711,0.0,False,0.01196717210085111
128,761,betting,True,True,0.10705760768330952,0.0,False,0.01196717210085111
128,762,bernstein,True,True,0.5229234360715681,0.0,False,0.009672939281017916
128,762,betting,True,True,0.10695109246684298,0.0,False,0.009672939281017916
128,763,bernstein,True,True,0.5240137191751606,0.0,False,0.011098643973570351
128,763,betting,True,True,0.10699982637586813,0.0,False,0.011098643973570351
128,764,bernstein,True,True,0.5250668259941301,0.0,False,0.01254421020444602
128,764,betting,True,True,0.10705454031787665,0.0,False,0.01254421020444602
128,765,bernstein,True,True,0.5220063126703279,0.0,False,0.009055575556833655
128,765,betting,True,True,0.10690576941215113,0.0,False,0.009055575556833655
128,766,bernstein,True,True,0.5226245039750504,0.0,False,0.009855678337655688
128,766,betting,True,True,0.10693465546803049,0.0,False,0.009855678337655688
128,767,bernstein,True,True,0.5223327293531659,0.0,False,0.009302997792850841
128,767,betting,True,True,0.10691928042309884,0.0,False,0.009302997792850841
128,768,bernstein,True,True,0.5223628127270482,0.0,False,0.009623273971160222
128,768,betting,True,True,0.10692490720804926,0.0,False,0.009623273971160222
128,769,bernstein,True,True,0.5225032211906242,0.0,False,0.009709599649157187
128,769,betting,True,True,0.10692669628115259,0.0,False,0.009709599649157187
128,770,bernstein,True,True,0.5242755483693072,0.0,False,0.010824478868453394
128,770,betting,True,True,0.10701366899924336,0.0,False,0.010824478868453394
128,771,bernstein,True,True,0.521864860968623,0.0,False,0.009253514613823493
128,771,betting,True,True,0.10690415431308797,0.0,False,0.009253514613823493
128,772,bernstein,True,True,0.5228028841022443,0.0,False,0.01004275032663532
128,772,betting,True,True,0.10693932616610258,0.0,False,0.01004275032663532
128,773,bernstein,True,True,0.5220647091984607,0.0,False,0.009599562689537005
128,773,betting,True,True,0.10691036278549293,0.0,False,0.009599562689537005
128,774,bernstein,True,True,0.52104944167656,0.0,False,0.008547823567677571
128,774,betting,True,True,0.10687089091417867,0.0,False,0.008547823567677571
128,775,bernstein,True,True,0.5238453320768592,0.0,False,0.010705594995069803
128,775,betting,True,True,0.10699556950992695,0.0,False,0.010705594995069803
128,776,bernstein,True,True,0.5247903129999387,0.0,False,0.011772327253662115
128,776,betting,True,True,0.10704306261366581,0.0,False,0.011772327253662115
128,777,bernstein,True,True,0.5216210915403205,0.0,False,0.008498746745546291
128,777,betting,True,True,0.10688777706640396,0.0,False,0.008498746745546291
128,778,bernstein,True,True,0.5215311465437349,0.0,False,0.008929888207588936
128,778,betting,True,True,0.10688593076349207,0.0,False,0.008929888207588936
128,779,bernstein,True,True,0.5222242806836466,0.0,False,0.0098626201429854
128,779,betting,True,True,0.10691545901168864,0.0,False,0.0098626201429854
128,780,bernstein,True,True,0.5231141325335742,0.0,False,0.010378379200631508
128,780,betting,True,True,0.10696569931351407,0.0,False,0.010378379200631508
128,781,bernstein,True,True,0.5238256688159013,0.0,False,0.010771609395700526
128,781,betting,True,True,0.10699804547719383,0.0,False,0.010771609395700526
128,782,bernstein,True,True,0.5233580767459245,0.0,False,0.01031522987812326
128,782,betting,True,True,0.1069635930884032,0.0,False,0.01031522987812326
128,783,bernstein,True,True,0.522114040830949,0.0,False,0.009342008613489728
128,783,betting,True,True,0.10691195593641156,0.0,False,0.009342008613489728
128,784,bernstein,True,True,0.5228684049597531,0.0,False,0.009897791864331519
128,784,betting,True,True,0.10695103772854053,0.0,False,0.009897791864331519
128,785,bernstein,True,True,0.5241701833768262,0.0,False,0.01021009258162707
128,785,betting,True,True,0.10700329217539561,0.0,False,0.01021009258162707
128,786,bernstein,True,True,0.5219679007218014,0.0,False,0.009453383228354623
128,786,betting,True,True,0.10690391721502246,0.0,False,0.009453383228354623
128,787,bernstein,True,True,0.5228357714271114,0.0,False,0.009723890270524945
128,787,betting,True,True,0.10693610476308102,0.0,False,0.009723890270524945
128,788,bernstein,True,True,0.5226342915453728,0.0,False,0.009553141724688045
128,788,betting,True,True,0.10693812906782107,0.0,False,0.009553141724688045
128,789,bernstein,True,True,0.5205619642419631,0.0,False,0.007551123524461479
128,789,betting,True,True,0.10685684842446797,0.0,False,0.007551123524461479
128,790,bernstein,True,True,0.5224688219530957,0.0,False,0.009423821577996847
128,790,betting,True,True,0.10693201000791308,0.0,False,0.009423821577996847
128,791,bernstein,True,True,0.5247165631373142,0.0,False,0.01160352474880506
128,791,betting,True,True,0.10704076772959537,0.0,False,0.01160352474880506
128,792,bernstein,True,True,0.5220846195879663,0.0,False,0.00895443608000162
128,792,betting,True,True,0.10690481571113197,0.0,False,0.00895443608000162
128,793,bernstein,True,True,0.5240856297496712,0.0,False,0.011015447437151969
128,793,betting,True,True,0.10700880204443808,0.0,False,0.011015447437151969
128,794,bernstein,True,True,0.5210824138221509,0.0,False,0.008656782952739667
128,794,betting,True,True,0.10687432389273455,0.0,False,0.008656782952739667
128,795,bernstein,True,True,0.5245379867652937,0.0,False,0.012097530984207938
128,795,betting,True,True,0.10702746318351275,0.0,False,0.012097530984207938
128,796,bernstein,True,True,0.5217632087890713,0.0,False,0.009437044210583488
128,796,betting,True,True,0.10689933173878674,0.0,False,0.009437044210583488
128,797,bernstein,True,True,0.5214069575123081,0.0,False,0.007810598533726897
128,797,betting,True,True,0.1068867219883759,0.0,False,0.007810598533726897
128,798,bernstein,True,True,0.5225042073274206,0.0,False,0.009696626523075621
128,798,betting,True,True,0.10692340406829315,0.0,False,0.009696626523075621
128,799,bernstein,True,True,0.5227999418527524,0.0,False,0.009792158910013333
128,799,betting,True,True,0.10693587199653842,0.0,False,0.009792158910013333
128,800,bernstein,True,True,0.522679367946747,0.0,False,0.00996536910425224
128,800,betting,True,True,0.10692645536659262,0.0,False,0.00996536910425224
128,801,bernstein,True,True,0.5225556547187832,0.0,False,0.009734143078587519
128,801,betting,True,True,0.10692484573475669,0.0,False,0.009734143078587519
128,802,bernstein,True,True,0.5218362372867308,0.0,False,0.008844269750886046
128,802,betting,True,True,0.10690707098201535,0.0,False,0.008844269750886046
128,803,bernstein,True,True,0.5254578334366052,0.0,False,0.012091342938194792
128,803,betting,True,True,0.10707126976933068,0.0,False,0.012091342938194792
128,804,bernstein,True,True,0.5232364261879963,0.0,False,0.010584181306393648
128,804,betting,True,True,0.10696874576966364,0.0,False,0.010584181306393648
128,805,bernstein,True,True,0.5224982445835512,0.0,False,0.009757986273471953
128,805,betting,True,True,0.1069355538452873,0.0,False,0.009757986273471953
128,806,bernstein,True,True,0.5218640835692421,0.0,False,0.009813162882078105
128,806,betting,True,True,0.106898579660483,0.0,False,0.009813162882078105
128,807,bernstein,True,True,0.5210531078443403,0.0,False,0.007875654529980302
128,807,betting,True,True,0.10687105705714217,0.0,False,0.007875654529980302
128,808,bernstein,True,True,0.5218378663154711,0.0,False,0.009074127620163002
128,808,betting,True,True,0.10690261067094986,0.0,False,0.009074127620163002
128,809,bernstein,True,True,0.5218173560163702,0.0,False,0.008451723471901979
128,809,betting,True,True,0.1068979471920829,0.0,False,0.008451723471901979
128,810,bernstein,True,True,0.5230289882381602,0.0,False,0.009977587578616023
128,810,betting,True,True,0.10695471344406549,0.0,False,0.009977587578616023
128,811,bernstein,True,True,0.5236975033797485,0.0,False,0.010554833386325213
128,811,betting,True,True,0.10699481844407277,0.0,False,0.010554833386325213
128,812,bernstein,True,True,0.5228676578400853,0.0,False,0.010020830537849279
128,812,betting,True,True,0.10695220112105752,0.0,False,0.010020830537849279
128,813,bernstein,True,True,0.5236574661038618,0.0,False,0.01088702756469731
128,813,betting,True,True,0.10698290694046586,0.0,False,0.01088702756469731
128,814,bernstein,True,True,0.5233221629007083,0.0,False,0.010877592321119088
128,814,betting,True,True,0.1069624136903804,0.0,False,0.010877592321119088
128,815,bernstein,True,True,0.52370871841727,0.0,False,0.010284023995522671
128,815,betting,True,True,0.10699824549319603,0.0,False,0.010284023995522671
128,816,bernstein,True,True,0.522377920125766,0.0,False,0.009124156730131259
128,816,betting,True,True,0.10691858665308251,0.0,False,0.009124156730131259
128,817,bernstein,True,True,0.5236123112413977,0.0,False,0.0105415644545284
128,817,betting,True,True,0.10698180747753205,0.0,False,0.0105415644545284
128,818,bernstein,True,True,0.5227987175841934,0.0,False,0.009995046283971935
128,818,betting,True,True,0.10694746047152881,0.0,False,0.009995046283971935
128,819,bernstein,True,True,0.5224221932852289,0.0,False,0.009466125506680655
128,819,betting,True,True,0.10692510914330344,0.0,False,0.009466125506680655
128,820,bernstein,True,True,0.5239239390960524,0.0,False,0.011596966905068866
128,820,betting,True,True,0.10697402941346801,0.0,False,0.011596966905068866
128,821,bernstein,True,True,0.5219151888475584,0.0,False,0.008861112059298031
128,821,betting,True,True,0.10689780604341648,0.0,False,0.008861112059298031
128,822,bernstein,True,True,0.5224820409773794,0.0,False,0.009613394542729196
128,822,betting,True,True,0.10692874234475302,0.0,False,0.009613394542729196
128,823,bernstein,True,True,0.5224604587361232,0.0,False,0.009717663860521242
128,823,betting,True,True,0.10692854154960518,0.0,False,0.009717663860521242
128,824,bernstein,True,True,0.5236280913318381,0.0,False,0.010480293868757823
128,824,betting,True,True,0.10697992916801002,0.0,False,0.010480293868757823
128,825,bernstein,True,True,0.5224223539770516,0.0,False,0.009867505820048843
128,825,betting,True,True,0.1069310604799466,0.0,False,0.009867505820048843
128,826,bernstein,True,True,0.522953770527441,0.0,False,0.01055968415183884
128,826,betting,True,True,0.10694471369602987,0.0,False,0.01055968415183884
128,827,bernstein,True,True,0.5229659106799729,0.0,False,0.009946768918438969
128,827,betting,True,True,0.10695371028268708,0.0,False,0.009946768918438969
128,828,bernstein,True,True,0.5233816707218844,0.0,False,0.010422810195335412
128,828,betting,True,True,0.10697204204112498,0.0,False,0.010422810195335412
128,829,bernstein,True,True,0.5214305829233312,0.0,False,0.008671461913665888
128,829,betting,True,True,0.10688448584398424,0.0,False,0.008671461913665888
128,830,bernstein,True,True,0.5223097425422414,0.0,False,0.008906915387951247
128,830,betting,True,True,0.10692567735197389,0.0,False,0.008906915387951247
128,831,bernstein,True,True,0.5227595653423056,0.0,False,0.009623551008852461
128,831,betting,True,True,0.10694544033103748,0.0,False,0.009623551008852461
128,832,bernstein,True,True,0.5246125445869602,0.0,False,0.010922203239876742
128,832,betting,True,True,0.10703603473506529,0.0,False,0.010922203239876742
128,833,bernstein,True,True,0.5208870087904314,0.0,False,0.008063094486579558
128,833,betting,True,True,0.10686148954140662,0.0,False,0.008063094486579558
128,834,bernstein,True,True,0.5241382762270285,0.0,False,0.011489210426482205
128,834,betting,True,True,0.10700555976294712,0.0,False,0.011489210426482205
128,835,bernstein,True,True,0.5234907760905971,0.0,False,0.010810039409984484
128,835,betting,True,True,0.10697884113695177,0.0,False,0.010810039409984484
128,836,bernstein,True,True,0.5243935406917674,0.0,False,0.011812706919594287
128,836,betting,True,True,0.10701871288620168,0.0,False,0.011812706919594287
128,837,bernstein,True,True,0.5225808634026148,0.0,False,0.009699214191593858
128,837,betting,True,True,0.10693658015214169,0.0,False,0.009699214191593858
128,838,bernstein,True,True,0.5242200873788478,0.0,False,0.011730273590501305
128,838,betting,True,True,0.10700976056999933,0.0,False,0.011730273590501305
128,839,bernstein,True,True,0.5234059792865471,0.0,False,0.01031135165378941
128,839,betting,True,True,0.10696393021647965,0.0,False,0.01031135165378941
128,840,bernstein,True,True,0.5220035319034191,0.0,False,0.009581146164326402
128,840,betting,True,True,0.10690063265275973,0.0,False,0.009581146164326402
128,841,bernstein,True,True,0.5259041132368967,0.0,False,0.01162084422762547
128,841,betting,True,True,0.10709900105171999,0.0,False,0.01162084422762547
128,842,bernstein,True,True,0.5225104549408428,0.0,False,0.009428046476881006
128,842,betting,True,True,0.10691817171165896,0.0,False,0.009428046476881006
128,843,bernstein,True,True,0.5226547280156484,0.0,False,0.008841432820407578
128,843,betting,True,True,0.10693929600831331,0.0,False,0.008841432820407578
128,844,bernstein,True,True,0.5231909508759579,0.0,False,0.010232978538826907
128,844,betting,True,True,0.10696073850464016,0.0,False,0.010232978538826907
128,845,bernstein,True,True,0.524207754984825,0.0,False,0.011153930495239899
128,845,betting,True,True,0.10700238063629508,0.0,False,0.011153930495239899
128,846,bernstein,True,True,0.5224106787799407,0.0,False,0.009768340318357965
128,846,betting,True,True,0.10692326900312765,0.0,False,0.009768340318357965
128,847,bernstein,True,True,0.5217054112123648,0.0,False,0.008735036525684442
128,847,betting,True,True,0.10689548494130574,0.0,False,0.008735036525684442
128,848,bernstein,True,True,0.5228003880884782,0.0,False,0.0101670704190663
128,848,betting,True,True,0.10694061081045225,0.0,False,0.0101670704190663
128,849,bernstein,True,True,0.5221035814793873,0.0,False,0.009349214190386205
128,849,betting,True,True,0.10691930823464635,0.0,False,0.009349214190386205
128,850,bernstein,True,True,0.5232068254341069,0.0,False,0.010614812386745501
128,850,betting,True,True,0.10696893791937323,0.0,False,0.010614812386745501
128,851,bernstein,True,True,0.522291309283446,0.0,False,0.009512976811698276
128,851,betting,True,True,0.10691392729444482,0.0,False,0.009512976811698276
128,852,bernstein,True,True,0.5208024145579766,0.0,False,0.00817414601920589
128,852,betting,True,True,0.10686448280433991,0.0,False,0.00817414601920589
128,853,bernstein,True,True,0.5224545073393791,0.0,False,0.009644429137616511
128,853,betting,True,True,0.10692818039566188,0.0,False,0.009644429137616511
128,854,bernstein,True,True,0.5211960727400763,0.0,False,0.008041790569984957
128,854,betting,True,True,0.1068811620427006,0.0,False,0.008041790569984957
128,855,bernstein,True,True,0.5226837338105628,0.0,False,0.009836250520016467
128,855,betting,True,True,0.10693516775867462,0.0,False,0.009836250520016467
128,856,bernstein,True,True,0.5215690566509148,0.0,False,0.008936575708641812
128,856,betting,True,True,0.10689150141031856,0.0,False,0.008936575708641812
128,857,bernstein,True,True,0.522808318036244,0.0,False,0.010125041379413922
128,857,betting,True,True,0.10693865079625531,0.0,False,0.010125041379413922
128,858,bernstein,True,True,0.5218069532156636,0.0,False,0.009369361327671067
128,858,betting,True,True,0.10690068313437229,0.0,False,0.009369361327671067
128,859,bernstein,True,True,0.5217460773335505,0.0,False,0.00921002011965021
128,859,betting,True,True,0.10690133979591332,0.0,False,0.00921002011965021
128,860,bernstein,True,True,0.523063897369868,0.0,False,0.01024023163752951
128,860,betting,True,True,0.10695898815112748,0.0,False,0.01024023163752951
128,861,bernstein,True,True,0.5223897276434017,0.0,False,0.010143758807051189
128,861,betting,True,True,0.10692693187815172,0.0,False,0.010143758807051189
128,862,bernstein,True,True,0.5209676614775473,0.0,False,0.008262112339312448
128,862,betting,True,True,0.10687022450671058,0.0,False,0.008262112339312448
128,863,bernstein,True,True,0.5229078094514181,0.0,False,0.009938002024844315
128,863,betting,True,True,0.10694657696407384,0.0,False,0.009938002024844315
128,864,bernstein,True,True,0.5213579899136169,0.0,False,0.008432470351295452
128,864,betting,True,True,0.10688183710000876,0.0,False,0.008432470351295452
128,865,bernstein,True,True,0.5217701501928519,0.0,False,0.009046707987230732
128,865,betting,True,True,0.10689813354441868,0.0,False,0.009046707987230732
128,866,bernstein,True,True,0.5240205868529696,0.0,False,0.010833131713219275
128,866,betting,True,True,0.10699143771231312,0.0,False,0.010833131713219275
128,867,bernstein,True,True,0.521606412945112,0.0,False,0.008392960148845195
128,867,betting,True,True,0.10690106841542735,0.0,False,0.008392960148845195
128,868,bernstein,True,True,0.5228794007885683,0.0,False,0.010139381884943233
128,868,betting,True,True,0.10694104535377846,0.0,False,0.010139381884943233
128,869,bernstein,True,True,0.521516597931321,0.0,False,0.00859515344638526
128,869,betting,True,True,0.10688708547095316,0.0,False,0.00859515344638526
128,870,bernstein,True,True,0.5248336062873437,0.0,False,0.012303810463379253
128,870,betting,True,True,0.10704503766934059,0.0,False,0.012303810463379253
128,871,bernstein,True,True,0.5217964151764753,0.0,False,0.008930943719893093
128,871,betting,True,True,0.10689512938224655,0.0,False,0.008930943719893093
128,872,bernstein,True,True,0.521998375266449,0.0,False,0.00969503666776872
128,872,betting,True,True,0.10691025105948937,0.0,False,0.00969503666776872
128,873,bernstein,True,True,0.5235494569917187,0.0,False,0.010953960713641745
128,873,betting,True,True,0.10696604697106538,0.0,False,0.010953960713641745
128,874,bernstein,True,True,0.5226900287562528,0.0,False,0.009662192867002758
128,874,betting,True,True,0.10693049879057082,0.0,False,0.009662192867002758
128,875,bernstein,True,True,0.5223067781559548,0.0,False,0.010072623873338949
128,875,betting,True,True,0.1069260939089145,0.0,False,0.010072623873338949
128,876,bernstein,True,True,0.5232253108013165,0.0,False,0.010626226622487498
128,876,betting,True,True,0.10695651743979395,0.0,False,0.010626226622487498
128,877,bernstein,True,True,0.5224423937853451,0.0,False,0.008517760229578931
128,877,betting,True,True,0.1069257369632397,0.0,False,0.008517760229578931
128,878,bernstein,True,True,0.5232266766214118,0.0,False,0.010429492331347243
128,878,betting,True,True,0.10696624030049862,0.0,False,0.010429492331347243
128,879,bernstein,True,True,0.5226068816913494,0.0,False,0.009600651643110518
128,879,betting,True,True,0.10693352204401885,0.0,False,0.009600651643110518
128,880,bernstein,True,True,0.5219252785239317,0.0,False,0.00918907625597918
128,880,betting,True,True,0.10690411454143034,0.0,False,0.00918907625597918
128,881,bernstein,True,True,0.5237423227155822,0.0,False,0.010900098182418801
128,881,betting,True,True,0.1069910598353454,0.0,False,0.010900098182418801
128,882,bernstein,True,True,0.5245509361666716,0.0,False,0.011791086603553073
128,882,betting,True,True,0.10702574968316181,0.0,False,0.011791086603553073
128,883,bernstein,True,True,0.5231922135254095,0.0,False,0.01062074512349006
128,883,betting,True,True,0.10696230610661583,0.0,False,0.01062074512349006
128,884,bernstein,True,True,0.5249771694644865,0.0,False,0.011307299648717187
128,884,betting,True,True,0.10704760453256312,0.0,False,0.011307299648717187
128,885,bernstein,True,True,0.5221321355950252,0.0,False,0.00960015952089558
128,885,betting,True,True,0.1069198003863494,0.0,False,0.00960015952089558
128,886,bernstein,True,True,0.5251611543288228,0.0,False,0.012029698499606719
128,886,betting,True,True,0.10706624064212522,0.0,False,0.012029698499606719
128,887,bernstein,True,True,0.5229656394764203,0.0,False,0.010233388948093405
128,887,betting,True,True,0.10693743693533175,0.0,False,0.010233388948093405
128,888,bernstein,True,True,0.5222157238291566,0.0,False,0.009685874861840138
128,888,betting,True,True,0.10691726427958204,0.0,False,0.009685874861840138
128,889,bernstein,True,True,0.5223778383696307,0.0,False,0.009284851350380836
128,889,betting,True,True,0.10692679974908981,0.0,False,0.009284851350380836
128,890,bernstein,True,True,0.5239389711189342,0.0,False,0.01072105299586525
128,890,betting,True,True,0.10699668336284962,0.0,False,0.01072105299586525
128,891,bernstein,True,True,0.5236031234492202,0.0,False,0.01013114292458398
128,891,betting,True,True,0.1069771401029358,0.0,False,0.01013114292458398
128,892,bernstein,True,True,0.5236225949550855,0.0,False,0.010173645901098843
128,892,betting,True,True,0.10696527360931207,0.0,False,0.010173645901098843
128,893,bernstein,True,True,0.5276648014415586,0.0,False,0.013152738043448714
128,893,betting,True,True,0.10721152992769933,0.0,False,0.013152738043448714
128,894,bernstein,True,True,0.5198455292511835,0.0,False,0.006245966957382782
128,894,betting,True,True,0.10683319519182988,0.0,False,0.006245966957382782
128,895,bernstein,True,True,0.5241375431203302,0.0,False,0.010863929227872753
128,895,betting,True,True,0.1070058547599183,0.0,False,0.010863929227872753
128,896,bernstein,True,True,0.523350798184335,0.0,False,0.010701916103946635
128,896,betting,True,True,0.10696289244253432,0.0,False,0.010701916103946635
128,897,bernstein,True,True,0.5212830857219236,0.0,False,0.00834479848414766
128,897,betting,True,True,0.10688374716963156,0.0,False,0.00834479848414766
128,898,bernstein,True,True,0.5227291019500357,0.0,False,0.00983401631157307
128,898,betting,True,True,0.1069445856167659,0.0,False,0.00983401631157307
128,899,bernstein,True,True,0.523553330720463,0.0,False,0.010543214717151955
128,899,betting,True,True,0.10697871874501286,0.0,False,0.010543214717151955
128,900,bernstein,True,True,0.5230759907495421,0.0,False,0.010410025617290763
128,900,betting,True,True,0.10695421633576185,0.0,False,0.010410025617290763
128,901,bernstein,True,True,0.5217514076349832,0.0,False,0.008436036127043666
128,901,betting,True,True,0.10689510075633735,0.0,False,0.008436036127043666
128,902,bernstein,True,True,0.522548875627678,0.0,False,0.009531195644439721
128,902,betting,True,True,0.1069376854256553,0.0,False,0.009531195644439721
128,903,bernstein,True,True,0.5242192222512017,0.0,False,0.011646731819536415
128,903,betting,True,True,0.10701665116925152,0.0,False,0.011646731819536415
128,904,bernstein,True,True,0.5236191640293459,0.0,False,0.010771693154690908
128,904,betting,True,True,0.10698105153431237,0.0,False,0.010771693154690908
128,905,bernstein,True,True,0.5217304568865994,0.0,False,0.009253948466365857
128,905,betting,True,True,0.10689748186148795,0.0,False,0.009253948466365857
128,906,bernstein,True,True,0.5218714102644417,0.0,False,0.00966996261695837
128,906,betting,True,True,0.10690618231106774,0.0,False,0.00966996261695837
128,907,bernstein,True,True,0.5227083927061227,0.0,False,0.009441441888297812
128,907,betting,True,True,0.10693554081990453,0.0,False,0.009441441888297812
128,908,bernstein,True,True,0.5238049893177275,0.0,False,0.011036146945721017
128,908,betting,True,True,0.10699040299332419,0.0,False,0.011036146945721017
128,909,bernstein,True,True,0.5242013438139534,0.0,False,0.011180727976817961
128,909,betting,True,True,0.1070203149994996,0.0,False,0.011180727976817961
128,910,bernstein,True,True,0.5251725658586641,0.0,False,0.01270149095082461
128,910,betting,True,True,0.10705751746965697,0.0,False,0.01270149095082461
128,911,bernstein,True,True,0.5227084537447024,0.0,False,0.01031099290606881
128,911,betting,True,True,0.1069426296171514,0.0,False,0.01031099290606881
128,912,bernstein,True,True,0.5236533827044543,0.0,False,0.01131466625781125
128,912,betting,True,True,0.1069783032357372,0.0,False,0.01131466625781125
128,913,bernstein,True,True,0.5248856897329164,0.0,False,0.011560354665039562
128,913,betting,True,True,0.10703529856542449,0.0,False,0.011560354665039562
128,914,bernstein,True,True,0.5243128657423132,0.0,False,0.011256479338387176
128,914,betting,True,True,0.10700664320716902,0.0,False,0.011256479338387176
128,915,bernstein,True,True,0.52136502573995,0.0,False,0.00872063605217342
128,915,betting,True,True,0.10688377867882093,0.0,False,0.00872063605217342
128,916,bernstein,True,True,0.5220397813677846,0.0,False,0.009324713126585692
128,916,betting,True,True,0.10690595244101131,0.0,False,0.009324713126585692
128,917,bernstein,True,True,0.5235862812333301,0.0,False,0.01052123887862401
128,917,betting,True,True,0.10698793618212221,0.0,False,0.01052123887862401
128,918,bernstein,True,True,0.5216096060321527,0.0,False,0.008585181586346424
128,918,betting,True,True,0.10689162276779818,0.0,False,0.008585181586346424
128,919,bernstein,True,True,0.5253736173229497,0.0,False,0.012130466982945691
128,919,betting,True,True,0.10706600591231108,0.0,False,0.012130466982945691
128,920,bernstein,True,True,0.5240864020819717,0.0,False,0.011638356648804901
128,920,betting,True,True,0.10700364320044176,0.0,False,0.011638356648804901
128,921,bernstein,True,True,0.520852057174035,0.0,False,0.00833836151147686
128,921,betting,True,True,0.10686191692715519,0.0,False,0.00833836151147686
128,922,bernstein,True,True,0.5242555183069386,0.0,False,0.011090991237443724
128,922,betting,True,True,0.10701934273984093,0.0,False,0.011090991237443724
128,923,bernstein,True,True,0.5203111134263225,0.0,False,0.007656474343518975
128,923,betting,True,True,0.10684164160462395,0.0,False,0.007656474343518975
128,924,bernstein,True,True,0.5237510099619378,0.0,False,0.01090055071468175
128,924,betting,True,True,0.10698933733299776,0.0,False,0.01090055071468175
128,925,bernstein,True,True,0.5223452715842274,0.0,False,0.009507523727800875
128,925,betting,True,True,0.10692414050205123,0.0,False,0.009507523727800875
128,926,bernstein,True,True,0.5227699695626027,0.0,False,0.00991746536377026
128,926,betting,True,True,0.10693905613701649,0.0,False,0.00991746536377026
128,927,bernstein,True,True,0.5224863940439315,0.0,False,0.009666385224218994
128,927,betting,True,True,0.10692941934332345,0.0,False,0.009666385224218994
128,928,bernstein,True,True,0.5214417553762909,0.0,False,0.008796534943876375
128,928,betting,True,True,0.10688433731764235,0.0,False,0.008796534943876375
128,929,bernstein,True,True,0.5201802907940443,0.0,False,0.006729583988688081
128,929,betting,True,True,0.10684809798189232,0.0,False,0.006729583988688081
128,930,bernstein,True,True,0.5239306547194506,0.0,False,0.01111869790274957
128,930,betting,True,True,0.10699605054229333,0.0,False,0.01111869790274957
128,931,bernstein,True,True,0.5229209397514887,0.0,False,0.010060052109546629
128,931,betting,True,True,0.10694549248099061,0.0,False,0.010060052109546629
128,932,bernstein,True,True,0.5264847879023211,0.0,False,0.012715571611643672
128,932,betting,True,True,0.10712598681911922,0.0,False,0.012715571611643672
128,933,bernstein,True,True,0.525573239491024,0.0,False,0.012919317115503974
128,933,betting,True,True,0.10709449091933498,0.0,False,0.012919317115503974
128,934,bernstein,True,True,0.5227032523157213,0.0,False,0.009840078218978015
128,934,betting,True,True,0.10692652332836594,0.0,False,0.009840078218978015
128,935,bernstein,True,True,0.5225571330173118,0.0,False,0.010160083178292536
128,935,betting,True,True,0.10692541354284912,0.0,False,0.010160083178292536
128,936,bernstein,True,True,0.5234936030062958,0.0,False,0.010264418132795338
128,936,betting,True,True,0.1069790659271529,0.0,False,0.010264418132795338
128,937,bernstein,True,True,0.5226811725440178,0.0,False,0.010076069292176646
128,937,betting,True,True,0.10693462635350437,0.0,False,0.010076069292176646
128,938,bernstein,True,True,0.5237291253942058,0.0,False,0.010792956768897171
128,938,betting,True,True,0.10698861641612889,0.0,False,0.010792956768897171
128,939,bernstein,True,True,0.5234376559769367,0.0,False,0.011074663730544398
128,939,betting,True,True,0.10696464451721122,0.0,False,0.011074663730544398
128,940,bernstein,True,True,0.5242831065003445,0.0,False,0.011242053548398374
128,940,betting,True,True,0.10701517015371798,0.0,False,0.011242053548398374
128,941,bernstein,True,True,0.5219446164848607,0.0,False,0.009281486782390488
128,941,betting,True,True,0.10690984675758952,0.0,False,0.009281486782390488
128,942,bernstein,True,True,0.5229166304878343,0.0,False,0.010117339613145749
128,942,betting,True,True,0.10694550444990458,0.0,False,0.010117339613145749
128,943,bernstein,True,True,0.5237538304020224,0.0,False,0.010478732440498363
128,943,betting,True,True,0.1069942199147409,0.0,False,0.010478732440498363
128,944,bernstein,True,True,0.5222612579897816,0.0,False,0.01001636758804697
128,944,betting,True,True,0.10692004445711067,0.0,False,0.01001636758804697
128,945,bernstein,True,True,0.521090504386996,0.0,False,0.008127397032634424
128,945,betting,True,True,0.10687570052912643,0.0,False,0.008127397032634424
128,946,bernstein,True,True,0.5210957211809177,0.0,False,0.008497335631993206
128,946,betting,True,True,0.10687731235313558,0.0,False,0.008497335631993206
128,947,bernstein,True,True,0.5233858612979764,0.0,False,0.01009627082563071
128,947,betting,True,True,0.10697262164645516,0.0,False,0.01009627082563071
128,948,bernstein,True,True,0.5242281304326152,0.0,False,0.011061812190609397
128,948,betting,True,True,0.10701116294021629,0.0,False,0.011061812190609397
128,949,bernstein,True,True,0.5219859890827576,0.0,False,0.009027748560543685
128,949,betting,True,True,0.10690499692198507,0.0,False,0.009027748560543685
128,950,bernstein,True,True,0.5226263592815128,0.0,False,0.009837769014867246
128,950,betting,True,True,0.10693383773897946,0.0,False,0.009837769014867246
128,951,bernstein,True,True,0.5256356487524732,0.0,False,0.01221789380971445
128,951,betting,True,True,0.10708904491384597,0.0,False,0.01221789380971445
128,952,bernstein,True,True,0.5262718137894524,0.0,False,0.013495371990137837
128,952,betting,True,True,0.10714007580667384,0.0,False,0.013495371990137837
128,953,bernstein,True,True,0.5243680839537503,0.0,False,0.011727769306731821
128,953,betting,True,True,0.1070116034437889,0.0,False,0.011727769306731821
128,954,bernstein,True,True,0.5213968285701472,0.0,False,0.008412526561418724
128,954,betting,True,True,0.10688756100527819,0.0,False,0.008412526561418724
128,955,bernstein,True,True,0.5217687524163077,0.0,False,0.008873601806784275
128,955,betting,True,True,0.10689375562473291,0.0,False,0.008873601806784275
128,956,bernstein,True,True,0.5231991219271158,0.0,False,0.010335504011022813
128,956,betting,True,True,0.10695182370189282,0.0,False,0.010335504011022813
128,957,bernstein,True,True,0.5221423113816152,0.0,False,0.00936791972759616
128,957,betting,True,True,0.10691788330881535,0.0,False,0.00936791972759616
128,958,bernstein,True,True,0.5238671968096733,0.0,False,0.010644111364979203
128,958,betting,True,True,0.1069976603678151,0.0,False,0.010644111364979203
128,959,bernstein,True,True,0.5225083287672079,0.0,False,0.009474989246695651
128,959,betting,True,True,0.10693143795633664,0.0,False,0.009474989246695651
128,960,bernstein,True,True,0.5228323222887087,0.0,False,0.009613969991988713
128,960,betting,True,True,0.10694294115666714,0.0,False,0.009613969991988713
128,961,bernstein,True,True,0.5223433830916528,0.0,False,0.006758065354074993
128,961,betting,True,True,0.10691922846242963,0.0,False,0.006758065354074993
128,962,bernstein,True,True,0.5210329741542081,0.0,False,0.00806603129730793
128,962,betting,True,True,0.10687195088718004,0.0,False,0.00806603129730793
128,963,bernstein,True,True,0.5230056741531177,0.0,False,0.00980351911240555
128,963,betting,True,True,0.10695201752874717,0.0,False,0.00980351911240555
128,964,bernstein,True,True,0.5217646624839107,0.0,False,0.008834015659743937
128,964,betting,True,True,0.10689197519706795,0.0,False,0.008834015659743937
128,965,bernstein,True,True,0.5248470059332668,0.0,False,0.011878717905930961
128,965,betting,True,True,0.10705048002560946,0.0,False,0.011878717905930961
128,966,bernstein,True,True,0.5240213183038102,0.0,False,0.010989872528155116
128,966,betting,True,True,0.10701447167361045,0.0,False,0.010989872528155116
128,967,bernstein,True,True,0.5232160450902203,0.0,False,0.00959982624595469
128,967,betting,True,True,0.10697083545663189,0.0,False,0.00959982624595469
128,968,bernstein,True,True,0.525206046013438,0.0,False,0.012253055796788795
128,968,betting,True,True,0.10706617770738369,0.0,False,0.012253055796788795
128,969,bernstein,True,True,0.5245705402213048,0.0,False,0.011562190744106526
128,969,betting,True,True,0.10703619961906963,0.0,False,0.011562190744106526
128,970,bernstein,True,True,0.5235419701033304,0.0,False,0.011105033458772656
128,970,betting,True,True,0.10697521680544009,0.0,False,0.011105033458772656
128,971,bernstein,True,True,0.5230521905997703,0.0,False,0.010223464561465445
128,971,betting,True,True,0.10696047360383087,0.0,False,0.010223464561465445
128,972,bernstein,True,True,0.5220395354136871,0.0,False,0.00943033992031042
128,972,betting,True,True,0.10690604895826261,0.0,False,0.00943033992031042
128,973,bernstein,True,True,0.5222253130394334,0.0,False,0.009549342182934578
128,973,betting,True,True,0.106916713691935,0.0,False,0.009549342182934578
128,974,bernstein,True,True,0.5230379790861877,0.0,False,0.01039255749315192
128,974,betting,True,True,0.10694559291157923,0.0,False,0.01039255749315192
128,975,bernstein,True,True,0.5231671077268003,0.0,False,0.010486919222128858
128,975,betting,True,True,0.10696038953530662,0.0,False,0.010486919222128858
128,976,bernstein,True,True,0.5236995399926039,0.0,False,0.010992240841096446
128,976,betting,True,True,0.10699576361850627,0.0,False,0.010992240841096446
128,977,bernstein,True,True,0.5224362608858617,0.0,False,0.010068599492192071
128,977,betting,True,True,0.10692511998971899,0.0,False,0.010068599492192071
128,978,bernstein,True,True,0.524178552038999,0.0,False,0.01147980793340728
128,978,betting,True,True,0.10700687072658177,0.0,False,0.01147980793340728
128,979,bernstein,True,True,0.5234017364419027,0.0,False,0.01019842055256233
128,979,betting,True,True,0.10696794091192707,0.0,False,0.01019842055256233
128,980,bernstein,True,True,0.5222095577907857,0.0,False,0.009677041316606363
128,980,betting,True,True,0.10691564672863019,0.0,False,0.009677041316606363
128,981,bernstein,True,True,0.522206869458838,0.0,False,0.009216232591047233
128,981,betting,True,True,0.10691870263137393,0.0,False,0.009216232591047233
128,982,bernstein,True,True,0.5237704348224803,0.0,False,0.011146280953338753
128,982,betting,True,True,0.10698696347346404,0.0,False,0.011146280953338753
128,983,bernstein,True,True,0.5243240932161777,0.0,False,0.01142426593890443
128,983,betting,True,True,0.10701315460446503,0.0,False,0.01142426593890443
128,984,bernstein,True,True,0.5226972029541619,0.0,False,0.009808465661570107
128,984,betting,True,True,0.10693778903885676,0.0,False,0.009808465661570107
128,985,bernstein,True,True,0.522419911491826,0.0,False,0.009590807336315843
128,985,betting,True,True,0.10692564842673169,0.0,False,0.009590807336315843
128,986,bernstein,True,True,0.5222459211047503,0.0,False,0.009548215973228892
128,986,betting,True,True,0.10692108977160386,0.0,False,0.009548215973228892
128,987,bernstein,True,True,0.5221212162293847,0.0,False,0.0093746569756242
128,987,betting,True,True,0.10691175638701678,0.0,False,0.0093746569756242
128,988,bernstein,True,True,0.5214743411636514,0.0,False,0.009466216181442173
128,988,betting,True,True,0.10687985395794375,0.0,False,0.009466216181442173
128,989,bernstein,True,True,0.5217917079601213,0.0,False,0.009157692940348273
128,989,betting,True,True,0.10689509041174461,0.0,False,0.009157692940348273
128,990,bernstein,True,True,0.5203297288647255,0.0,False,0.00730072728943074
128,990,betting,True,True,0.10684758552837592,0.0,False,0.00730072728943074
128,991,bernstein,True,True,0.520856185831668,0.0,False,0.008222520511484904
128,991,betting,True,True,0.10686415978012509,0.0,False,0.008222520511484904
128,992,bernstein,True,True,0.5212126726690625,0.0,False,0.008416787492472166
128,992,betting,True,True,0.10687088587834292,0.0,False,0.008416787492472166
128,993,bernstein,True,True,0.5215743938574919,0.0,False,0.008993499640650316
128,993,betting,True,True,0.10688648998777361,0.0,False,0.008993499640650316
128,994,bernstein,True,True,0.5233941535284032,0.0,False,0.010337040133295679
128,994,betting,True,True,0.10697970386278033,0.0,False,0.010337040133295679
128,995,bernstein,True,True,0.5213007532864398,0.0,False,0.00877796800029184
128,995,betting,True,True,0.10688612190955615,0.0,False,0.00877796800029184
128,996,bernstein,True,True,0.5218757545155154,0.0,False,0.009042117290856858
128,996,betting,True,True,0.1069025443070859,0.0,False,0.009042117290856858
128,997,bernstein,True,True,0.5245237549630901,0.0,False,0.01204146720734001
128,997,betting,True,True,0.10702027282437487,0.0,False,0.01204146720734001
128,998,bernstein,True,True,0.5237476244037603,0.0,False,0.011413294915773909
128,998,betting,True,True,0.1069862651914445,0.0,False,0.011413294915773909
128,999,bernstein,True,True,0.5220047374758645,0.0,False,0.009180076577154302
128,999,betting,True,True,0.10690624724429654,0.0,False,0.009180076577154302
512,0,bernstein,True,True,0.13204256057117697,0.0,False,0.009081593904991114
512,0,betting,True,True,0.027385228095772485,0.0,False,0.009081593904991114
512,1,bernstein,True,True,0.13180484778451446,0.0,False,0.008489966311975254
512,1,betting,True,True,0.027379539745088444,0.0,False,0.008489966311975254
512,2,bernstein,True,True,0.13216525390950373,0.0,False,0.009615786786021978
512,2,betting,True,True,0.02740194420490305,0.0,False,0.009615786786021978
512,3,bernstein,True,True,0.13205094291342648,0.0,False,0.00941089823195573
512,3,betting,True,True,0.027397266327243375,0.0,False,0.00941089823195573
512,4,bernstein,True,True,0.13170730061003832,0.0,False,0.008708343888524882
512,4,betting,True,True,0.027364860847228667,0.0,False,0.008708343888524882
512,5,bernstein,True,True,0.13234733271911103,0.0,False,0.009755255580965209
512,5,betting,True,True,0.02741993578911206,0.0,False,0.009755255580965209
512,6,bernstein,True,True,0.13207309904946696,0.0,False,0.00913960664666531
512,6,betting,True,True,0.027392459921320556,0.0,False,0.00913960664666531
512,7,bernstein,True,True,0.13176502477873847,0.0,False,0.008952616279855913
512,7,betting,True,True,0.027371056223819412,0.0,False,0.008952616279855913
512,8,bernstein,True,True,0.13292569056896297,0.0,False,0.011164682143361995
512,8,betting,True,True,0.0274731993884052,0.0,False,0.011164682143361995
512,9,bernstein,True,True,0.13211378721445274,0.0,False,0.009626147340738859
512,9,betting,True,True,0.027398447023842976,0.0,False,0.009626147340738859
512,10,bernstein,True,True,0.13205898976216293,0.0,False,0.009185599486033029
512,10,betting,True,True,0.02739292871185184,0.0,False,0.009185599486033029
512,11,bernstein,True,True,0.13308694448216574,0.0,False,0.011243229815454048
512,11,betting,True,True,0.0274930392431999,0.0,False,0.011243229815454048
512,12,bernstein,True,True,0.13293608303846546,0.0,False,0.010356292337205334
512,12,betting,True,True,0.02747320635669892,0.0,False,0.010356292337205334
512,13,bernstein,True,True,0.13250211865746164,0.0,False,0.010327559942198992
512,13,betting,True,True,0.02744161968421399,0.0,False,0.010327559942198992
512,14,bernstein,True,True,0.13219619135134192,0.0,False,0.009274265880367758
512,14,betting,True,True,0.027409724958561088,0.0,False,0.009274265880367758
512,15,bernstein,True,True,0.1325107249651921,0.0,False,0.010333560418345683
512,15,betting,True,True,0.027440429906382735,0.0,False,0.010333560418345683
512,16,bernstein,True,True,0.1321945710632605,0.0,False,0.009516483802628869
512,16,betting,True,True,0.02740846247805162,0.0,False,0.009516483802628869
512,17,bernstein,True,True,0.13223791622533265,0.0,False,0.009598398722295395
512,17,betting,True,True,0.027415514607018743,0.0,False,0.009598398722295395
512,18,bernstein,True,True,0.13215070973875642,0.0,False,0.009709830953225185
512,18,betting,True,True,0.02739606986724541,0.0,False,0.009709830953225185
512,19,bernstein,True,True,0.1327652288976264,0.0,False,0.010813043407979672
512,19,betting,True,True,0.02746437487414366,0.0,False,0.010813043407979672
512,20,bernstein,True,True,0.13315551227881728,0.0,False,0.011471793596956152
512,20,betting,True,True,0.027507455780178214,0.0,False,0.011471793596956152
512,21,bernstein,True,True,0.1325681070675082,0.0,False,0.010253399663351367
512,21,betting,True,True,0.027438765368970164,0.0,False,0.010253399663351367
512,22,bernstein,True,True,0.13158982910040104,0.0,False,0.00819427684416924
512,22,betting,True,True,0.027358677162228617,0.5,False,0.00819427684416924
512,23,bernstein,True,True,0.13229423855327133,0.0,False,0.00992203917154206
512,23,betting,True,True,0.027417785949437445,0.0,False,0.00992203917154206
512,24,bernstein,True,True,0.13126299119858248,0.0,False,0.00755409198998243
512,24,betting,True,True,0.027333567829118666,0.0,False,0.00755409198998243
512,25,bernstein,True,True,0.13225089717578647,0.0,False,0.009810450759617676
512,25,betting,True,True,0.027413394066752583,0.0,False,0.009810450759617676
512,26,bernstein,True,True,0.13286943348590424,0.0,False,0.011087852585287987
512,26,betting,True,True,0.02747523570167676,0.0,False,0.011087852585287987
512,27,bernstein,True,True,0.1324927104162649,0.0,False,0.010298263202970358
512,27,betting,True,True,0.027438413432719244,0.0,False,0.010298263202970358
512,28,bernstein,True,True,0.1317772454052746,0.0,False,0.008208557664868426
512,28,betting,True,True,0.027370886924654614,0.0,False,0.008208557664868426
512,29,bernstein,True,True,0.13174516129274444,0.0,False,0.008475465113429146
512,29,betting,True,True,0.02737094047442956,0.0,False,0.008475465113429146
512,30,bernstein,True,True,0.1332659589730848,0.0,False,0.01107234737589339
512,30,betting,True,True,0.027511594907046022,0.0,False,0.01107234737589339
512,31,bernstein,True,True,0.13228873178858588,0.0,False,0.009544678854491544
512,31,betting,True,True,0.027413178040842423,0.0,False,0.009544678854491544
512,32,bernstein,True,True,0.13192273957749828,0.0,False,0.009162544578636172
512,32,betting,True,True,0.02738318380175775,0.0,False,0.009162544578636172
512,33,bernstein,True,True,0.13189949972178155,0.0,False,0.00892428421587202
512,33,betting,True,True,0.027383274869389407,0.0,False,0.00892428421587202
512,34,bernstein,True,True,0.1323269352698983,0.0,False,0.009360740909882969
512,34,betting,True,True,0.027419166706058595,0.0,False,0.009360740909882969
512,35,bernstein,True,True,0.1326045757192436,0.0,False,0.010616512030312606
512,35,betting,True,True,0.02744791217231979,0.0,False,0.010616512030312606
512,36,bernstein,True,True,0.13303974023266696,0.0,False,0.011317388003139181
512,36,betting,True,True,0.027487111901609795,0.0,False,0.011317388003139181
512,37,bernstein,True,True,0.13171838061500235,0.0,False,0.008352771992862173
512,37,betting,True,True,0.027366704583801083,0.0,False,0.008352771992862173
512,38,bernstein,True,True,0.13286670064077452,0.0,False,0.01020695282005607
512,38,betting,True,True,0.027469113498773345,0.0,False,0.01020695282005607
512,39,bernstein,True,True,0.13223868127651772,0.0,False,0.009874877120395427
512,39,betting,True,True,0.02741189083895723,0.0,False,0.009874877120395427
512,40,bernstein,True,True,0.13191244836393662,0.0,False,0.008799537878388613
512,40,betting,True,True,0.027377218576948414,0.0,False,0.008799537878388613
512,41,bernstein,True,True,0.13300726042247818,0.0,False,0.011231799093894036
512,41,betting,True,True,0.027482906503319082,0.0,False,0.011231799093894036
512,42,bernstein,True,True,0.1328834637963877,0.0,False,0.011233488239719642
512,42,betting,True,True,0.027472620936387138,0.0,False,0.011233488239719642
512,43,bernstein,True,True,0.1321074692108512,0.0,False,0.009426363991990839
512,43,betting,True,True,0.027397422125614024,0.0,False,0.009426363991990839
512,44,bernstein,True,True,0.1322056828947361,0.0,False,0.009695601317744641
512,44,betting,True,True,0.02741086135829396,0.0,False,0.009695601317744641
512,45,bernstein,True,True,0.13236941238829242,0.0,False,0.009943703348888541
512,45,betting,True,True,0.02742629588243284,0.0,False,0.009943703348888541
512,46,bernstein,True,True,0.13331295863246362,0.0,False,0.01146540938379653
512,46,betting,True,True,0.02751892528794997,0.0,False,0.01146540938379653
512,47,bernstein,True,True,0.1319917638331108,0.0,False,0.00928690408855196
512,47,betting,True,True,0.027393676854808202,0.0,False,0.00928690408855196
512,48,bernstein,True,True,0.13290659733282584,0.0,False,0.010808645508708161
512,48,betting,True,True,0.027472354706187585,0.0,False,0.010808645508708161
512,49,bernstein,True,True,0.13152457388153746,0.0,False,0.00790430722492336
512,49,betting,True,True,0.027349918184263466,0.0,False,0.00790430722492336
512,50,bernstein,True,True,0.1319099910701305,0.0,False,0.008890043997961918
512,50,betting,True,True,0.02738705384595952,0.0,False,0.008890043997961918
512,51,bernstein,True,True,0.1326258922710195,0.0,False,0.010373626822691611
512,51,betting,True,True,0.027449398175267592,0.0,False,0.010373626822691611
512,52,bernstein,True,True,0.1322887365233579,0.0,False,0.009442137728931186
512,52,betting,True,True,0.02741338292540596,0.0,False,0.009442137728931186
512,53,bernstein,True,True,0.1320833103464978,0.0,False,0.009427875446051278
512,53,betting,True,True,0.027397865930652077,0.0,False,0.009427875446051278
512,54,bernstein,True,True,0.13239033140221962,0.0,False,0.010193845533113349
512,54,betting,True,True,0.027425312578270633,0.0,False,0.010193845533113349
512,55,bernstein,True,True,0.1329832490341745,0.0,False,0.010843169270213835
512,55,betting,True,True,0.027479388760730195,0.0,False,0.010843169270213835
512,56,bernstein,True,True,0.13268622180819833,0.0,False,0.010602705050999698
512,56,betting,True,True,0.027456386797239385,0.0,False,0.010602705050999698
512,57,bernstein,True,True,0.1322897006686623,0.0,False,0.009180396394945781
512,57,betting,True,True,0.027412066974357052,0.0,False,0.009180396394945781
512,58,bernstein,True,True,0.13240095591339096,0.0,False,0.008760581217954238
512,58,betting,True,True,0.027414742513028556,0.0,False,0.008760581217954238
512,59,bernstein,True,True,0.132594625757176,0.0,False,0.010309431340652563
512,59,betting,True,True,0.027449992844085447,0.0,False,0.010309431340652563
512,60,bernstein,True,True,0.13199532260247543,0.0,False,0.008955222794882298
512,60,betting,True,True,0.027390222170215583,0.0,False,0.008955222794882298
512,61,bernstein,True,True,0.13247026322369956,0.0,False,0.00994016073260261
512,61,betting,True,True,0.027431427143783327,0.0,False,0.00994016073260261
512,62,bernstein,True,True,0.13222645205366726,0.0,False,0.009744008931710405
512,62,betting,True,True,0.027409408924649936,0.0,False,0.009744008931710405
512,63,bernstein,True,True,0.13183546343660113,0.0,False,0.008960423934339257
512,63,betting,True,True,0.02738091913270191,0.0,False,0.008960423934339257
512,64,bernstein,True,True,0.13201594136287648,0.0,False,0.0092991541646714
512,64,betting,True,True,0.02739619982614372,0.0,False,0.0092991541646714
512,65,bernstein,True,True,0.1315568464822483,0.0,False,0.007952003628504237
512,65,betting,True,True,0.027352042074417104,0.0,False,0.007952003628504237
512,66,bernstein,True,True,0.13224464765448574,0.0,False,0.00973363269092858
512,66,betting,True,True,0.02741282175546067,0.0,False,0.00973363269092858
512,67,bernstein,True,True,0.13178933916369234,0.0,False,0.008658647546510329
512,67,betting,True,True,0.0273723906762825,0.0,False,0.008658647546510329
512,68,bernstein,True,True,0.1321207700628133,0.0,False,0.009037094449771011
512,68,betting,True,True,0.027399529508438603,0.0,False,0.009037094449771011
512,69,bernstein,True,True,0.13335434650062222,0.0,False,0.011909423736370063
512,69,betting,True,True,0.027523085055581875,0.0,False,0.011909423736370063
512,70,bernstein,True,True,0.1321209999778376,0.0,False,0.009583601786989953
512,70,betting,True,True,0.027402413435629658,0.0,False,0.009583601786989953
512,71,bernstein,True,True,0.1324689491396986,0.0,False,0.009824610537106284
512,71,betting,True,True,0.02742789660471312,0.0,False,0.009824610537106284
512,72,bernstein,True,True,0.13197689755568492,0.0,False,0.00890324888523257
512,72,betting,True,True,0.027391793707538525,0.0,False,0.00890324888523257
512,73,bernstein,True,True,0.13171188845072995,0.0,False,0.008634944084726074
512,73,betting,True,True,0.027371411976564564,0.0,False,0.008634944084726074
512,74,bernstein,True,True,0.13289677303752057,0.0,False,0.010958418690315115
512,74,betting,True,True,0.027478262142139998,0.0,False,0.010958418690315115
512,75,bernstein,True,True,0.1325761918050457,0.0,False,0.00983687319632538
512,75,betting,True,True,0.02743808646435353,0.0,False,0.00983687319632538
512,76,bernstein,True,True,0.1327884311080308,0.0,False,0.010640635551799497
512,76,betting,True,True,0.027466753553817447,0.0,False,0.010640635551799497
512,77,bernstein,True,True,0.13237127160532283,0.0,False,0.009857767996744189
512,77,betting,True,True,0.027424412290565692,0.0,False,0.009857767996744189
512,78,bernstein,True,True,0.13454795303846318,0.0,False,0.013008934705321582
512,78,betting,True,True,0.027646565536197265,0.0,False,0.013008934705321582
512,79,bernstein,True,True,0.13318791861884316,0.0,False,0.011545622623170208
512,79,betting,True,True,0.02750542555040736,0.0,False,0.011545622623170208
512,80,bernstein,True,True,0.1320654306491567,0.0,False,0.009175518897696217
512,80,betting,True,True,0.027398902388413138,0.0,False,0.009175518897696217
512,81,bernstein,True,True,0.13239294493244416,0.0,False,0.009708453743105694
512,81,betting,True,True,0.027415791001330958,0.0,False,0.009708453743105694
512,82,bernstein,True,True,0.13225130715908578,0.0,False,0.00932514958830938
512,82,betting,True,True,0.027413653993353382,0.0,False,0.00932514958830938
512,83,bernstein,True,True,0.13186577886605655,0.0,False,0.008820705595846672
512,83,betting,True,True,0.027376630000435442,0.0,False,0.008820705595846672
512,84,bernstein,True,True,0.1323190039315542,0.0,False,0.01004354959581898
512,84,betting,True,True,0.027419002882925203,0.0,False,0.01004354959581898
512,85,bernstein,True,True,0.13239111743731902,0.0,False,0.009865125970016653
512,85,betting,True,True,0.027427383306021458,0.0,False,0.009865125970016653
512,86,bernstein,True,True,0.13163002362959808,0.0,False,0.008538635088013558
512,86,betting,True,True,0.02736181469041188,0.0,False,0.008538635088013558
512,87,bernstein,True,True,0.13185134039237498,0.0,False,0.008976556217107946
512,87,betting,True,True,0.02737795800403542,0.0,False,0.008976556217107946
512,88,bernstein,True,True,0.13273535856915009,0.0,False,0.010572188531609331
512,88,betting,True,True,0.027461119800573308,0.0,False,0.010572188531609331
512,89,bernstein,True,True,0.1335597094651298,0.0,False,0.011749002468873592
512,89,betting,True,True,0.027538359740356122,0.0,False,0.011749002468873592
512,90,bernstein,True,True,0.13275891432252615,0.0,False,0.010599313940269854
512,90,betting,True,True,0.02746504835115049,0.0,False,0.010599313940269854
512,91,bernstein,True,True,0.1328788528756207,0.0,False,0.011045777417259152
512,91,betting,True,True,0.02747318547822941,0.0,False,0.011045777417259152
512,92,bernstein,True,True,0.1329580600658551,0.0,False,0.010557593493622673
512,92,betting,True,True,0.02747816102484657,0.0,False,0.010557593493622673
512,93,bernstein,True,True,0.13335049826814016,0.0,False,0.011877796420367208
512,93,betting,True,True,0.02752360511567531,0.0,False,0.011877796420367208
512,94,bernstein,True,True,0.13171894631227737,0.0,False,0.008514356316506
512,94,betting,True,True,0.02737106365872022,0.0,False,0.008514356316506
512,95,bernstein,True,True,0.13138376323171802,0.0,False,0.00799452995539983
512,95,betting,True,True,0.027343302429835625,0.0,False,0.00799452995539983
512,96,bernstein,True,True,0.1324788952557756,0.0,False,0.00985438382254532
512,96,betting,True,True,0.027431848472442733,0.0,False,0.00985438382254532
512,97,bernstein,True,True,0.13189985464636245,0.0,False,0.008923332471215783
512,97,betting,True,True,0.027383222045937128,0.0,False,0.008923332471215783
512,98,bernstein,True,True,0.13332085402785718,0.0,False,0.01123496081599945
512,98,betting,True,True,0.02751794288178644,0.0,False,0.01123496081599945
512,99,bernstein,True,True,0.1329265272487034,0.0,False,0.01117695401641144
512,99,betting,True,True,0.027480355997759,0.0,False,0.01117695401641144
512,100,bernstein,True,True,0.1329841433956615,0.0,False,0.011094455869740057
512,100,betting,True,True,0.0274820863928108,0.0,False,0.011094455869740057
512,101,bernstein,True,True,0.13282741760622033,0.0,False,0.010291152511954702
512,101,betting,True,True,0.027466300460655457,0.0,False,0.010291152511954702
512,102,bernstein,True,True,0.13348187094850567,0.0,False,0.01206140202201445
512,102,betting,True,True,0.027533983141256657,0.0,False,0.01206140202201445
512,103,bernstein,True,True,0.1313024597440495,0.0,False,0.008153131071443585
512,103,betting,True,True,0.027335778147244083,0.5,False,0.008153131071443585
512,104,bernstein,True,True,0.1322855947576177,0.0,False,0.009970356742475709
512,104,betting,True,True,0.027417127606349734,0.0,False,0.009970356742475709
512,105,bernstein,True,True,0.13191957793395875,0.0,False,0.008544080734226921
512,105,betting,True,True,0.027381963082589222,0.0,False,0.008544080734226921
512,106,bernstein,True,True,0.13219015134733747,0.0,False,0.00939756931388953
512,106,betting,True,True,0.027408202216902322,0.0,False,0.00939756931388953
512,107,bernstein,True,True,0.1317151083146778,0.0,False,0.008634492107994792
512,107,betting,True,True,0.027368102582877363,0.0,False,0.008634492107994792
512,108,bernstein,True,True,0.13215229158090738,0.0,False,0.008829923052564276
512,108,betting,True,True,0.02739870824461821,0.0,False,0.008829923052564276
512,109,bernstein,True,True,0.13302608157103235,0.0,False,0.01067558122556279
512,109,betting,True,True,0.02748020290659048,0.0,False,0.01067558122556279
512,110,bernstein,True,True,0.13235998515900654,0.0,False,0.009945973164601557
512,110,betting,True,True,0.027417541403265133,0.0,False,0.009945973164601557
512,111,bernstein,True,True,0.13194626299122036,0.0,False,0.00915928132082482
512,111,betting,True,True,0.027385807507416815,0.0,False,0.00915928132082482
512,112,bernstein,True,True,0.13203408383514587,0.0,False,0.009061033751185398
512,112,betting,True,True,0.02739763688376118,0.0,False,0.009061033751185398
512,113,bernstein,True,True,0.1322398979137699,0.0,False,0.009506998975254049
512,113,betting,True,True,0.027411181692914233,0.0,False,0.009506998975254049
512,114,bernstein,True,True,0.13352710471531615,0.0,False,0.012792258347710432
512,114,betting,True,True,0.027538868672309036,0.0,False,0.012792258347710432
512,115,bernstein,True,True,0.13185312619690634,0.0,False,0.008378530358641927
512,115,betting,True,True,0.027375081894715603,0.0,False,0.008378530358641927
512,116,bernstein,True,True,0.13304186439625193,0.0,False,0.011253841883607741
512,116,betting,True,True,0.02749220699650312,0.0,False,0.011253841883607741
512,117,bernstein,True,True,0.1321881160025246,0.0,False,0.00970593015785464
512,117,betting,True,True,0.0274072626197448,0.0,False,0.00970593015785464
512,118,bernstein,True,True,0.13292690896310524,0.0,False,0.011073749169136445
512,118,betting,True,True,0.027471731908881303,0.0,False,0.011073749169136445
512,119,bernstein,True,True,0.13302050626170836,0.0,False,0.011470293140238216
512,119,betting,True,True,0.027486311996071988,0.0,False,0.011470293140238216
512,120,bernstein,True,True,0.13151118755682673,0.0,False,0.008134438002986643
512,120,betting,True,True,0.027352834294142703,0.0,False,0.008134438002986643
512,121,bernstein,True,True,0.13220472737703118,0.0,False,0.009568807589299271
512,121,betting,True,True,0.027409373783848556,0.0,False,0.009568807589299271
512,122,bernstein,True,True,0.13218433265811141,0.0,False,0.009476475108852122
512,122,betting,True,True,0.027411685474580727,0.0,False,0.009476475108852122
512,123,bernstein,True,True,0.13292619317526777,0.0,False,0.011114528355545234
512,123,betting,True,True,0.027473534672062705,0.0,False,0.011114528355545234
512,124,bernstein,True,True,0.13232256588222205,0.0,False,0.010064649984059603
512,124,betting,True,True,0.02741712118830042,0.0,False,0.010064649984059603
512,125,bernstein,True,True,0.13182088880475706,0.0,False,0.00868677882615253
512,125,betting,True,True,0.027375052586503412,0.0,False,0.00868677882615253
512,126,bernstein,True,True,0.1323014278967971,0.0,False,0.009534608548507989
512,126,betting,True,True,0.02741441611251505,0.0,False,0.009534608548507989
512,127,bernstein,True,True,0.13197408884378264,0.0,False,0.008839043557005056
512,127,betting,True,True,0.027389502578335057,0.0,False,0.008839043557005056
512,128,bernstein,True,True,0.13319924253773605,0.0,False,0.010742874515121946
512,128,betting,True,True,0.027500091587862596,0.0,False,0.010742874515121946
512,129,bernstein,True,True,0.1329151461993418,0.0,False,0.01110340606530369
512,129,betting,True,True,0.027478452363793537,0.0,False,0.01110340606530369
512,130,bernstein,True,True,0.1323038742973719,0.0,False,0.009868907211823668
512,130,betting,True,True,0.027418778141145572,0.0,False,0.009868907211823668
512,131,bernstein,True,True,0.13205730972833837,0.0,False,0.009042837329623004
512,131,betting,True,True,0.02739560570757027,0.0,False,0.009042837329623004
512,132,bernstein,True,True,0.13202386082834702,0.0,False,0.009423478088907035
512,132,betting,True,True,0.027390761708957156,0.0,False,0.009423478088907035
512,133,bernstein,True,True,0.13240856567845014,0.0,False,0.009753729042441244
512,133,betting,True,True,0.027428570147749243,0.0,False,0.009753729042441244
512,134,bernstein,True,True,0.13293772388761588,0.0,False,0.010416647114646358
512,134,betting,True,True,0.027476231269683904,0.0,False,0.010416647114646358
512,135,bernstein,True,True,0.13251501755439343,0.0,False,0.010286069575964011
512,135,betting,True,True,0.027434366403540578,0.0,False,0.010286069575964011
512,136,bernstein,True,True,0.13214957214278833,0.0,False,0.009144657282776296
512,136,betting,True,True,0.02740040660664822,0.0,False,0.009144657282776296
512,137,bernstein,True,True,0.13200062043319294,0.0,False,0.009389216518083214
512,137,betting,True,True,0.027389042072281877,0.0,False,0.009389216518083214
512,138,bernstein,True,True,0.13287677710897516,0.0,False,0.011040481528321447
512,138,betting,True,True,0.027477837622063794,0.0,False,0.011040481528321447
512,139,bernstein,True,True,0.13207827674684203,0.0,False,0.009512750332851571
512,139,betting,True,True,0.02739769075928067,0.0,False,0.009512750332851571
512,140,bernstein,True,True,0.13288111550441245,0.0,False,0.010926840932036327
512,140,betting,True,True,0.027477253632387066,0.0,False,0.010926840932036327
512,141,bernstein,True,True,0.13148570898101747,0.0,False,0.0078059585715464005
512,141,betting,True,True,0.027348441244939847,0.0,False,0.0078059585715464005
512,142,bernstein,True,True,0.13263474433360367,0.0,False,0.010231387610114284
512,142,betting,True,True,0.02745123942473593,0.0,False,0.010231387610114284
512,143,bernstein,True,True,0.13167680761671105,0.0,False,0.008609107940161564
512,143,betting,True,True,0.02736691830748883,0.0,False,0.008609107940161564
512,144,bernstein,True,True,0.13219458072038742,0.0,False,0.009370933880974753
512,144,betting,True,True,0.02740282176531761,0.0,False,0.009370933880974753
512,145,bernstein,True,True,0.13357811763098715,0.0,False,0.012375958271264958
512,145,betting,True,True,0.02754538474448054,0.0,False,0.012375958271264958
512,146,bernstein,True,True,0.13210981258875468,0.0,False,0.00912363424996946
512,146,betting,True,True,0.027403221128224686,0.0,False,0.00912363424996946
512,147,bernstein,True,True,0.13251103146475987,0.0,False,0.010302016827544567
512,147,betting,True,True,0.027436058734892965,0.0,False,0.010302016827544567
512,148,bernstein,True,True,0.13328246178002268,0.0,False,0.01178697112932717
512,148,betting,True,True,0.02752096488067768,0.0,False,0.01178697112932717
512,149,bernstein,True,True,0.1321290205773903,0.0,False,0.009487431630242993
512,149,betting,True,True,0.02740278805515106,0.0,False,0.009487431630242993
512,150,bernstein,True,True,0.13201535895167618,0.0,False,0.009237491538147867
512,150,betting,True,True,0.027392600290841118,0.0,False,0.009237491538147867
512,151,bernstein,True,True,0.13320707665684917,0.0,False,0.0114408720808925
512,151,betting,True,True,0.027499736750723924,0.0,False,0.0114408720808925
512,152,bernstein,True,True,0.1327490800712829,0.0,False,0.01058304834770794
512,152,betting,True,True,0.02745980627940292,0.0,False,0.01058304834770794
512,153,bernstein,True,True,0.13280491691517055,0.0,False,0.010588495680982595
512,153,betting,True,True,0.027468657504723604,0.0,False,0.010588495680982595
512,154,bernstein,True,True,0.1324675612478058,0.0,False,0.009527403692973824
512,154,betting,True,True,0.027430801784539716,0.0,False,0.009527403692973824
512,155,bernstein,True,True,0.13162383132791725,0.0,False,0.008529852289905791
512,155,betting,True,True,0.027360068910529667,0.0,False,0.008529852289905791
512,156,bernstein,True,True,0.1316046033581742,0.0,False,0.008366072775768995
512,156,betting,True,True,0.027360660550802995,0.0,False,0.008366072775768995
512,157,bernstein,True,True,0.13245381450201255,0.0,False,0.010423305676003485
512,157,betting,True,True,0.027429137260332914,0.0,False,0.010423305676003485
512,158,bernstein,True,True,0.13212649559544543,0.0,False,0.009253910845350493
512,158,betting,True,True,0.02739860765996127,0.0,False,0.009253910845350493
512,159,bernstein,True,True,0.13263058251477783,0.0,False,0.01039420848149688
512,159,betting,True,True,0.02744926961178873,0.0,False,0.01039420848149688
512,160,bernstein,True,True,0.13367213317963172,0.0,False,0.012547304935227118
512,160,betting,True,True,0.027560753543038885,0.0,False,0.012547304935227118
512,161,bernstein,True,True,0.13193531756350965,0.0,False,0.008986469298111586
512,161,betting,True,True,0.027383405321306786,0.0,False,0.008986469298111586
512,162,bernstein,True,True,0.13110120772833495,0.0,False,0.007433289936161636
512,162,betting,True,True,0.027327343412835048,0.0,False,0.007433289936161636
512,163,bernstein,True,True,0.13191741545085156,0.0,False,0.00912710841984173
512,163,betting,True,True,0.027385333504971743,0.0,False,0.00912710841984173
512,164,bernstein,True,True,0.13424378459664965,0.0,False,0.013529265677510631
512,164,betting,True,True,0.027621820535241648,0.0,False,0.013529265677510631
512,165,bernstein,True,True,0.131681276574515,0.0,False,0.008536853843282722
512,165,betting,True,True,0.027364821141600326,0.0,False,0.008536853843282722
512,166,bernstein,True,True,0.1322619283810319,0.0,False,0.00946872805580204
512,166,betting,True,True,0.027414357821835433,0.0,False,0.00946872805580204
512,167,bernstein,True,True,0.13236106520012136,0.0,False,0.010073380228261975
512,167,betting,True,True,0.027424119705865557,0.0,False,0.010073380228261975
512,168,bernstein,True,True,0.13202960341858527,0.0,False,0.00905332586762398
512,168,betting,True,True,0.02738993342401963,0.0,False,0.00905332586762398
512,169,bernstein,True,True,0.13181556770698222,0.0,False,0.008872709750511742
512,169,betting,True,True,0.027375555985199806,0.0,False,0.008872709750511742
512,170,bernstein,True,True,0.13373681241586516,0.0,False,0.012155222975063266
512,170,betting,True,True,0.027565398093502225,0.0,False,0.012155222975063266
512,171,bernstein,True,True,0.13173543915572217,0.0,False,0.008901693752203553
512,171,betting,True,True,0.027374760230704842,0.0,False,0.008901693752203553
512,172,bernstein,True,True,0.13268548012841042,0.0,False,0.010821159104381866
512,172,betting,True,True,0.02745648618016283,0.0,False,0.010821159104381866
512,173,bernstein,True,True,0.13140262424939492,0.0,False,0.007942067519166157
512,173,betting,True,True,0.02734348211321047,0.0,False,0.007942067519166157
512,174,bernstein,True,True,0.13282256094866274,0.0,False,0.010926594746259104
512,174,betting,True,True,0.02746632147998751,0.0,False,0.010926594746259104
512,175,bernstein,True,True,0.13233424406956157,0.0,False,0.00993016628350522
512,175,betting,True,True,0.027423933349127738,0.0,False,0.00993016628350522
512,176,bernstein,True,True,0.13259405227204513,0.0,False,0.010065728211046069
512,176,betting,True,True,0.027442237877075892,0.0,False,0.010065728211046069
512,177,bernstein,True,True,0.13169003354298436,0.0,False,0.008335960232750267
512,177,betting,True,True,0.027368243150485805,0.0,False,0.008335960232750267
512,178,bernstein,True,True,0.13231455297730838,0.0,False,0.009875954398697224
512,178,betting,True,True,0.02741738548604189,0.0,False,0.009875954398697224
512,179,bernstein,True,True,0.13215362065479414,0.0,False,0.009495839395406979
512,179,betting,True,True,0.027405417087175032,0.0,False,0.009495839395406979
512,180,bernstein,True,True,0.132261051345302,0.0,False,0.009705011604343217
512,180,betting,True,True,0.027420205919443053,0.0,False,0.009705011604343217
512,181,bernstein,True,True,0.13291438809636666,0.0,False,0.010688578778710878
512,181,betting,True,True,0.027475363917401352,0.0,False,0.010688578778710878
512,182,bernstein,True,True,0.13188584997655373,0.0,False,0.008851035681054251
512,182,betting,True,True,0.027383330906268433,0.0,False,0.008851035681054251
512,183,bernstein,True,True,0.1321035044325935,0.0,False,0.009286066572986827
512,183,betting,True,True,0.027402839051792416,0.0,False,0.009286066572986827
512,184,bernstein,True,True,0.13227395767288058,0.0,False,0.009884347863619337
512,184,betting,True,True,0.027413862302637426,0.0,False,0.009884347863619337
512,185,bernstein,True,True,0.13256185770066828,0.0,False,0.010275818434440347
512,185,betting,True,True,0.02744112582895475,0.0,False,0.010275818434440347
512,186,bernstein,True,True,0.13202331596607197,0.0,False,0.008774244639075642
512,186,betting,True,True,0.027392684799560918,0.0,False,0.008774244639075642
512,187,bernstein,True,True,0.13266143890715884,0.0,False,0.010518489398006672
512,187,betting,True,True,0.027452719850407425,0.0,False,0.010518489398006672
512,188,bernstein,True,True,0.13260385113703066,0.0,False,0.00988470005161287
512,188,betting,True,True,0.027443601677368812,0.0,False,0.00988470005161287
512,189,bernstein,True,True,0.13273495047589381,0.0,False,0.01103652715134145
512,189,betting,True,True,0.02745600184633079,0.0,False,0.01103652715134145
512,190,bernstein,True,True,0.13232217446569317,0.0,False,0.009720955274411646
512,190,betting,True,True,0.027422214584039373,0.0,False,0.009720955274411646
512,191,bernstein,True,True,0.13257996584541956,0.0,False,0.010374108513904346
512,191,betting,True,True,0.027443943418693495,0.0,False,0.010374108513904346
512,192,bernstein,True,True,0.13341782982000455,0.0,False,0.011190875452312846
512,192,betting,True,True,0.027518238961638408,0.0,False,0.011190875452312846
512,193,bernstein,True,True,0.13194103889913533,0.0,False,0.008779793678665642
512,193,betting,True,True,0.027389629728786447,0.0,False,0.008779793678665642
512,194,bernstein,True,True,0.13237031798160304,0.0,False,0.010119573654623636
512,194,betting,True,True,0.027419970899100088,0.0,False,0.010119573654623636
512,195,bernstein,True,True,0.13280523727848798,0.0,False,0.010913460591108492
512,195,betting,True,True,0.02746615664440466,0.0,False,0.010913460591108492
512,196,bernstein,True,True,0.13214827884438474,0.0,False,0.009274731334231961
512,196,betting,True,True,0.027397910834988548,0.0,False,0.009274731334231961
512,197,bernstein,True,True,0.13276160466524256,0.0,False,0.01101590649387178
512,197,betting,True,True,0.027455172214395085,0.0,False,0.01101590649387178
512,198,bernstein,True,True,0.13274944052716864,0.0,False,0.01066486981330951
512,198,betting,True,True,0.02746199938148486,0.0,False,0.01066486981330951
512,199,bernstein,True,True,0.13243108661945946,0.0,False,0.00985639879276674
512,199,betting,True,True,0.02742540950930561,0.0,False,0.00985639879276674
512,200,bernstein,True,True,0.13210086003783522,0.0,False,0.00959008260849799
512,200,betting,True,True,0.027398607602735936,0.0,False,0.00959008260849799
512,201,bernstein,True,True,0.13201294850401443,0.0,False,0.009230030632753688
512,201,betting,True,True,0.02739435651656097,0.0,False,0.009230030632753688
512,202,bernstein,True,True,0.13249327051101245,0.0,False,0.00956899104354413
512,202,betting,True,True,0.027432580050844924,0.0,False,0.00956899104354413
512,203,bernstein,True,True,0.13249047356857813,0.0,False,0.010078363887117204
512,203,betting,True,True,0.027439261108265667,0.0,False,0.010078363887117204
512,204,bernstein,True,True,0.13213072625449232,0.0,False,0.009526119407564393
512,204,betting,True,True,0.02740192351131565,0.0,False,0.009526119407564393
512,205,bernstein,True,True,0.13343041124993676,0.0,False,0.01130961772582974
512,205,betting,True,True,0.027529762653066503,0.0,False,0.01130961772582974
512,206,bernstein,True,True,0.13178259857291003,0.0,False,0.008888533184476105
512,206,betting,True,True,0.027370492879308594,0.0,False,0.008888533184476105
512,207,bernstein,True,True,0.1322414041866114,0.0,False,0.00964956777011725
512,207,betting,True,True,0.02740958888974987,0.0,False,0.00964956777011725
512,208,bernstein,True,True,0.132659951505216,0.0,False,0.010163217016066362
512,208,betting,True,True,0.027450757758488153,0.0,False,0.010163217016066362
512,209,bernstein,True,True,0.13331545558266664,0.0,False,0.011099835001056943
512,209,betting,True,True,0.027512367353192624,0.0,False,0.011099835001056943
512,210,bernstein,True,True,0.13243231495365704,0.0,False,0.010121948771066681
512,210,betting,True,True,0.027425317719753317,0.0,False,0.010121948771066681
512,211,bernstein,True,True,0.13280352077645335,0.0,False,0.010501932704468676
512,211,betting,True,True,0.02746628549841268,0.0,False,0.010501932704468676
512,212,bernstein,True,True,0.13272338310401172,0.0,False,0.010513126542765455
512,212,betting,True,True,0.02745858693804626,0.0,False,0.010513126542765455
512,213,bernstein,True,True,0.13257873047506263,0.0,False,0.009855354772133278
512,213,betting,True,True,0.02743939103194859,0.0,False,0.009855354772133278
512,214,bernstein,True,True,0.1320252819481494,0.0,False,0.0094930062982468
512,214,betting,True,True,0.02739552415696378,0.0,False,0.0094930062982468
512,215,bernstein,True,True,0.13243046456201724,0.0,False,0.009722742060445117
512,215,betting,True,True,0.0274217893816604,0.0,False,0.009722742060445117
512,216,bernstein,True,True,0.1313040923120313,0.0,False,0.0074293446898034445
512,216,betting,True,True,0.02733507039221872,0.0,False,0.0074293446898034445
512,217,bernstein,True,True,0.13163078343175505,0.0,False,0.00770396429287312
512,217,betting,True,True,0.027355815861083044,0.0,False,0.00770396429287312
512,218,bernstein,True,True,0.13239720635144475,0.0,False,0.00982605075347338
512,218,betting,True,True,0.027431252505048187,0.0,False,0.00982605075347338
512,219,bernstein,True,True,0.13252292316719622,0.0,False,0.01018610688693973
512,219,betting,True,True,0.027441095367430557,0.0,False,0.01018610688693973
512,220,bernstein,True,True,0.13136730557280196,0.0,False,0.007649590418425598
512,220,betting,True,True,0.027340716915532526,0.0,False,0.007649590418425598
512,221,bernstein,True,True,0.13265841029113046,0.0,False,0.010564955057685742
512,221,betting,True,True,0.027450421999419605,0.0,False,0.010564955057685742
512,222,bernstein,True,True,0.13265028745723614,0.0,False,0.010472373446004286
512,222,betting,True,True,0.02745599852725711,0.0,False,0.010472373446004286
512,223,bernstein,True,True,0.1331488036894123,0.0,False,0.011407483423336834
512,223,betting,True,True,0.02750232474772918,0.0,False,0.011407483423336834
512,224,bernstein,True,True,0.13302010238742842,0.0,False,0.011286586637144585
512,224,betting,True,True,0.027486236656622975,0.0,False,0.011286586637144585
512,225,bernstein,True,True,0.13168077583262044,0.0,False,0.008290265733467826
512,225,betting,True,True,0.027361555415300276,0.0,False,0.008290265733467826
512,226,bernstein,True,True,0.13230579817008653,0.0,False,0.00937550803349789
512,226,betting,True,True,0.027414269958826454,0.0,False,0.00937550803349789
512,227,bernstein,True,True,0.1319897327521854,0.0,False,0.009030470188330059
512,227,betting,True,True,0.027394973538503065,0.0,False,0.009030470188330059
512,228,bernstein,True,True,0.13261841448965653,0.0,False,0.010255381638594779
512,228,betting,True,True,0.027448960554975144,0.0,False,0.010255381638594779
512,229,bernstein,True,True,0.13192927922044428,0.0,False,0.009300881711994164
512,229,betting,True,True,0.02738381384027888,0.0,False,0.009300881711994164
512,230,bernstein,True,True,0.13256630419098733,0.0,False,0.010276669868158634
512,230,betting,True,True,0.027443081797755342,0.0,False,0.010276669868158634
512,231,bernstein,True,True,0.13257270268509694,0.0,False,0.01009774292081003
512,231,betting,True,True,0.027439827010312,0.0,False,0.01009774292081003
512,232,bernstein,True,True,0.1326458821739629,0.0,False,0.010433424910721578
512,232,betting,True,True,0.027443451209765102,0.0,False,0.010433424910721578
512,233,bernstein,True,True,0.13182434181698996,0.0,False,0.008623083107401746
512,233,betting,True,True,0.027376024133045518,0.0,False,0.008623083107401746
512,234,bernstein,True,True,0.13134214768878663,0.0,False,0.007461004128838393
512,234,betting,True,True,0.02733962834303394,0.5,False,0.007461004128838393
512,235,bernstein,True,True,0.1322448222642415,0.0,False,0.009688803661380805
512,235,betting,True,True,0.027414643235752045,0.0,False,0.009688803661380805
512,236,bernstein,True,True,0.13293454953947598,0.0,False,0.010619129345756295
512,236,betting,True,True,0.027479849495684827,0.0,False,0.010619129345756295
512,237,bernstein,True,True,0.132591485912046,0.0,False,0.010385766777134604
512,237,betting,True,True,0.027446726065718408,0.0,False,0.010385766777134604
512,238,bernstein,True,True,0.1323352538831928,0.0,False,0.009772223341116626
512,238,betting,True,True,0.02742175016024706,0.0,False,0.009772223341116626
512,239,bernstein,True,True,0.1326215234225479,0.0,False,0.010581365005714462
512,239,betting,True,True,0.027449979470948183,0.0,False,0.010581365005714462
512,240,bernstein,True,True,0.13249326797946762,0.0,False,0.010110215824156853
512,240,betting,True,True,0.027434498959591935,0.0,False,0.010110215824156853
512,241,bernstein,True,True,0.13306980484744374,0.0,False,0.01119183752362131
512,241,betting,True,True,0.02748776693442767,0.0,False,0.01119183752362131
512,242,bernstein,True,True,0.13237688644668777,0.0,False,0.01013891976981891
512,242,betting,True,True,0.027426279969367973,0.0,False,0.01013891976981891
512,243,bernstein,True,True,0.13352652427416983,0.0,False,0.012281110505011622
512,243,betting,True,True,0.02753794148426092,0.0,False,0.012281110505011622
512,244,bernstein,True,True,0.13245933108150532,0.0,False,0.010236296504043573
512,244,betting,True,True,0.027434871294499286,0.0,False,0.010236296504043573
512,245,bernstein,True,True,0.13258230940117954,0.0,False,0.010475910948442083
512,245,betting,True,True,0.027442399829378683,0.0,False,0.010475910948442083
512,246,bernstein,True,True,0.13290632908843872,0.0,False,0.010803263133664451
512,246,betting,True,True,0.027482689280077466,0.0,False,0.010803263133664451
512,247,bernstein,True,True,0.1321959018381874,0.0,False,0.009341176758337018
512,247,betting,True,True,0.027401108097692473,0.0,False,0.009341176758337018
512,248,bernstein,True,True,0.1320263150264033,0.0,False,0.009199017063621783
512,248,betting,True,True,0.02739257370743864,0.0,False,0.009199017063621783
512,249,bernstein,True,True,0.13198582921389695,0.0,False,0.009158605984539324
512,249,betting,True,True,0.02739366356971007,0.0,False,0.009158605984539324
512,250,bernstein,True,True,0.1318735600219582,0.0,False,0.008965417810327558
512,250,betting,True,True,0.02737945002005293,0.0,False,0.008965417810327558
512,251,bernstein,True,True,0.1327284187975401,0.0,False,0.010744396064127443
512,251,betting,True,True,0.02745540858173623,0.0,False,0.010744396064127443
512,252,bernstein,True,True,0.13105025411805085,0.0,False,0.007215281350352753
512,252,betting,True,True,0.02731963544989413,0.5,False,0.007215281350352753
512,253,bernstein,True,True,0.13163518775624553,0.0,False,0.008261846504929286
512,253,betting,True,True,0.027360790122329504,0.0,False,0.008261846504929286
512,254,bernstein,True,True,0.13193506909654135,0.0,False,0.009034980622342169
512,254,betting,True,True,0.027386626807965553,0.0,False,0.009034980622342169
512,255,bernstein,True,True,0.1322466621245421,0.0,False,0.009333728236507792
512,255,betting,True,True,0.027410941236157615,0.0,False,0.009333728236507792
512,256,bernstein,True,True,0.13245307444307317,0.0,False,0.010064201301024167
512,256,betting,True,True,0.027437941640055308,0.0,False,0.010064201301024167
512,257,bernstein,True,True,0.13324598294920215,0.0,False,0.011732278285301182
512,257,betting,True,True,0.02750991087777943,0.0,False,0.011732278285301182
512,258,bernstein,True,True,0.13301634299123336,0.0,False,0.011282562945119264
512,258,betting,True,True,0.027484243548533405,0.0,False,0.011282562945119264
512,259,bernstein,True,True,0.13223481552460012,0.0,False,0.009771149388202059
512,259,betting,True,True,0.027412161268621338,0.0,False,0.009771149388202059
512,260,bernstein,True,True,0.13179537184224338,0.0,False,0.008407872841294847
512,260,betting,True,True,0.02737064342614748,0.0,False,0.008407872841294847
512,261,bernstein,True,True,0.132682281938697,0.0,False,0.01054781641276335
512,261,betting,True,True,0.02745433145431886,0.0,False,0.01054781641276335
512,262,bernstein,True,True,0.1318151309033826,0.0,False,0.008913289587518641
512,262,betting,True,True,0.02737774839177287,0.0,False,0.008913289587518641
512,263,bernstein,True,True,0.13290644954526992,0.0,False,0.010794419333874743
512,263,betting,True,True,0.02747005089495358,0.0,False,0.010794419333874743
512,264,bernstein,True,True,0.13157445284389707,0.0,False,0.008197497525789327
512,264,betting,True,True,0.027358005600071955,0.0,False,0.008197497525789327
512,265,bernstein,True,True,0.13192418486410695,0.0,False,0.009120551312183863
512,265,betting,True,True,0.02738403599370931,0.0,False,0.009120551312183863
512,266,bernstein,True,True,0.13418540684665764,0.0,False,0.012391883102357911
512,266,betting,True,True,0.027616355412064975,0.0,False,0.012391883102357911
512,267,bernstein,True,True,0.13194400896602437,0.0,False,0.009052863683172846
512,267,betting,True,True,0.02738984025225355,0.0,False,0.009052863683172846
512,268,bernstein,True,True,0.132310006501417,0.0,False,0.009771500008844882
512,268,betting,True,True,0.027420417855937518,0.0,False,0.009771500008844882
512,269,bernstein,True,True,0.13232415534495112,0.0,False,0.010007338054239832
512,269,betting,True,True,0.027418690903214138,0.0,False,0.010007338054239832
512,270,bernstein,True,True,0.13240774250281162,0.0,False,0.010130109855459053
512,270,betting,True,True,0.027430843928850646,0.0,False,0.010130109855459053
512,271,bernstein,True,True,0.1324939298999917,0.0,False,0.010465139562311689
512,271,betting,True,True,0.027437385642406387,0.0,False,0.010465139562311689
512,272,bernstein,True,True,0.1327152451625705,0.0,False,0.010919019105195684
512,272,betting,True,True,0.027457383461332974,0.0,False,0.010919019105195684
512,273,bernstein,True,True,0.13264203367513622,0.0,False,0.010446419986472125
512,273,betting,True,True,0.02745117052534618,0.0,False,0.010446419986472125
512,274,bernstein,True,True,0.13249856506469943,0.0,False,0.010428390100922478
512,274,betting,True,True,0.02743676337333456,0.0,False,0.010428390100922478
512,275,bernstein,True,True,0.1328854464844515,0.0,False,0.011190456922265456
512,275,betting,True,True,0.027477884824220533,0.0,False,0.011190456922265456
512,276,bernstein,True,True,0.13305314040857075,0.0,False,0.011078250070205437
512,276,betting,True,True,0.02748748251095101,0.0,False,0.011078250070205437
512,277,bernstein,True,True,0.13199898425947287,0.0,False,0.009033234876650942
512,277,betting,True,True,0.02739707477619946,0.0,False,0.009033234876650942
512,278,bernstein,True,True,0.13206350758822705,0.0,False,0.009407686505732739
512,278,betting,True,True,0.027395942712391874,0.0,False,0.009407686505732739
512,279,bernstein,True,True,0.1322274792399526,0.0,False,0.009910019749639197
512,279,betting,True,True,0.027412267236868515,0.0,False,0.009910019749639197
512,280,bernstein,True,True,0.13284315185645368,0.0,False,0.010893112306600783
512,280,betting,True,True,0.027471060117823187,0.0,False,0.010893112306600783
512,281,bernstein,True,True,0.13255607973076522,0.0,False,0.010164175617958914
512,281,betting,True,True,0.027441830256102584,0.0,False,0.010164175617958914
512,282,bernstein,True,True,0.13122924753762039,0.0,False,0.007528085238924393
512,282,betting,True,True,0.027331572299954088,0.5,False,0.007528085238924393
512,283,bernstein,True,True,0.1322521059224857,0.0,False,0.009770554412186133
512,283,betting,True,True,0.02741542597366775,0.0,False,0.009770554412186133
512,284,bernstein,True,True,0.13290433167110993,0.0,False,0.010916920004266206
512,284,betting,True,True,0.027477568336908065,0.0,False,0.010916920004266206
512,285,bernstein,True,True,0.13201663787744145,0.0,False,0.008845815279796049
512,285,betting,True,True,0.027390272339289368,0.0,False,0.008845815279796049
512,286,bernstein,True,True,0.13191102542092498,0.0,False,0.008965192000054318
512,286,betting,True,True,0.02738475227091841,0.0,False,0.008965192000054318
512,287,bernstein,True,True,0.13214627203031826,0.0,False,0.009380466982684237
512,287,betting,True,True,0.027399806232897506,0.0,False,0.009380466982684237
512,288,bernstein,True,True,0.13216476906501742,0.0,False,0.009550540499362457
512,288,betting,True,True,0.02740900693817816,0.0,False,0.009550540499362457
512,289,bernstein,True,True,0.13179317507884084,0.0,False,0.008659015899122623
512,289,betting,True,True,0.027374054500578504,0.0,False,0.008659015899122623
512,290,bernstein,True,True,0.1339022267725267,0.0,False,0.013119414031881594
512,290,betting,True,True,0.027592675965788627,0.0,False,0.013119414031881594
512,291,bernstein,True,True,0.13254564671888663,0.0,False,0.01040245232944025
512,291,betting,True,True,0.02743851121773333,0.0,False,0.01040245232944025
512,292,bernstein,True,True,0.13169275882639886,0.0,False,0.008795548831494467
512,292,betting,True,True,0.027368104295237616,0.0,False,0.008795548831494467
512,293,bernstein,True,True,0.1327132161161078,0.0,False,0.010715488194869676
512,293,betting,True,True,0.02745769734709036,0.0,False,0.010715488194869676
512,294,bernstein,True,True,0.13236714205420724,0.0,False,0.010004501995743226
512,294,betting,True,True,0.027426870614799537,0.0,False,0.010004501995743226
512,295,bernstein,True,True,0.13234524618701088,0.0,False,0.009747165152338033
512,295,betting,True,True,0.02741901081084508,0.0,False,0.009747165152338033
512,296,bernstein,True,True,0.13220601398471626,0.0,False,0.009636124061844041
512,296,betting,True,True,0.027409595739190995,0.0,False,0.009636124061844041
512,297,bernstein,True,True,0.13313810795806036,0.0,False,0.011716718440987269
512,297,betting,True,True,0.027502351181465157,0.0,False,0.011716718440987269
512,298,bernstein,True,True,0.13308910555702075,0.0,False,0.010639608723495361
512,298,betting,True,True,0.027493063392321382,0.0,False,0.010639608723495361
512,299,bernstein,True,True,0.1323102452109924,0.0,False,0.009607115581055982
512,299,betting,True,True,0.02742215680398663,0.0,False,0.009607115581055982
512,300,bernstein,True,True,0.1329305084243917,0.0,False,0.011011570404343078
512,300,betting,True,True,0.027472488239473014,0.0,False,0.011011570404343078
512,301,bernstein,True,True,0.1324072921946662,0.0,False,0.010217530360206457
512,301,betting,True,True,0.02742826004327059,0.0,False,0.010217530360206457
512,302,bernstein,True,True,0.13174856062479606,0.0,False,0.008672386651455179
512,302,betting,True,True,0.02737248443350837,0.0,False,0.008672386651455179
512,303,bernstein,True,True,0.13247426700659393,0.0,False,0.010057586439860367
512,303,betting,True,True,0.027437270064692654,0.0,False,0.010057586439860367
512,304,bernstein,True,True,0.13289365759386235,0.0,False,0.010689986517824095
512,304,betting,True,True,0.027470723548794873,0.0,False,0.010689986517824095
512,305,bernstein,True,True,0.13166408424238984,0.0,False,0.00849177919838449
512,305,betting,True,True,0.027367009366316863,0.0,False,0.00849177919838449
512,306,bernstein,True,True,0.13287575578981226,0.0,False,0.010270548323475646
512,306,betting,True,True,0.02747092654932204,0.0,False,0.010270548323475646
512,307,bernstein,True,True,0.13271147187899446,0.0,False,0.009463368162550603
512,307,betting,True,True,0.027451858269087137,0.0,False,0.009463368162550603
512,308,bernstein,True,True,0.13246398941291182,0.0,False,0.009957672338341144
512,308,betting,True,True,0.02743627468156773,0.0,False,0.009957672338341144
512,309,bernstein,True,True,0.13187039421327945,0.0,False,0.009147115907334857
512,309,betting,True,True,0.027378899736140827,0.0,False,0.009147115907334857
512,310,bernstein,True,True,0.13207258463113358,0.0,False,0.009150735148506499
512,310,betting,True,True,0.027393494046045852,0.0,False,0.009150735148506499
512,311,bernstein,True,True,0.1331331996674588,0.0,False,0.011367111944063073
512,311,betting,True,True,0.027501239111334175,0.0,False,0.011367111944063073
512,312,bernstein,True,True,0.13289883173474448,0.0,False,0.010923312505987541
512,312,betting,True,True,0.0274736179130195,0.0,False,0.010923312505987541
512,313,bernstein,True,True,0.13211836351841877,0.0,False,0.009390035718893155
512,313,betting,True,True,0.027396990249871966,0.0,False,0.009390035718893155
512,314,bernstein,True,True,0.13161943015239494,0.0,False,0.008577073063355062
512,314,betting,True,True,0.027359347201308948,0.0,False,0.008577073063355062
512,315,bernstein,True,True,0.13234696050333045,0.0,False,0.010076077291297223
512,315,betting,True,True,0.027423960768901412,0.0,False,0.010076077291297223
512,316,bernstein,True,True,0.1326182735233481,0.0,False,0.010584693291913421
512,316,betting,True,True,0.02744854017713816,0.0,False,0.010584693291913421
512,317,bernstein,True,True,0.13250423473083045,0.0,False,0.010432331773291802
512,317,betting,True,True,0.02743429131940489,0.0,False,0.010432331773291802
512,318,bernstein,True,True,0.13295102455012653,0.0,False,0.010628627861452898
512,318,betting,True,True,0.02748047864501124,0.0,False,0.010628627861452898
512,319,bernstein,True,True,0.1318667664514399,0.0,False,0.00905692315286637
512,319,betting,True,True,0.02738264756448172,0.0,False,0.00905692315286637
512,320,bernstein,True,True,0.13133238783117324,0.0,False,0.008036063441040662
512,320,betting,True,True,0.027339907739478808,0.0,False,0.008036063441040662
512,321,bernstein,True,True,0.13284907883527353,0.0,False,0.010620009267482765
512,321,betting,True,True,0.027468407434098396,0.5,False,0.010620009267482765
512,322,bernstein,True,True,0.13313082876746377,0.0,False,0.0113892194233194
512,322,betting,True,True,0.02749311463106996,0.0,False,0.0113892194233194
512,323,bernstein,True,True,0.13273802359145453,0.0,False,0.010664043024489017
512,323,betting,True,True,0.02745898648143341,0.0,False,0.010664043024489017
512,324,bernstein,True,True,0.1324236363613306,0.0,False,0.010041508757175315
512,324,betting,True,True,0.02742874364197634,0.0,False,0.010041508757175315
512,325,bernstein,True,True,0.1318913480891611,0.0,False,0.008986426287046323
512,325,betting,True,True,0.027384032260852176,0.0,False,0.008986426287046323
512,326,bernstein,True,True,0.13291406808617942,0.0,False,0.01062577973662682
512,326,betting,True,True,0.02747582757525391,0.0,False,0.01062577973662682
512,327,bernstein,True,True,0.131731659383159,0.0,False,0.008463459071455341
512,327,betting,True,True,0.027366375819438016,0.0,False,0.008463459071455341
512,328,bernstein,True,True,0.13359943809002509,0.0,False,0.012319312700350459
512,328,betting,True,True,0.027558345880897894,0.0,False,0.012319312700350459
512,329,bernstein,True,True,0.13214092369792713,0.0,False,0.009558534277306557
512,329,betting,True,True,0.0274069359198984,0.0,False,0.009558534277306557
512,330,bernstein,True,True,0.13244573586852995,0.0,False,0.010054072409799086
512,330,betting,True,True,0.02742826173362123,0.0,False,0.010054072409799086
512,331,bernstein,True,True,0.13330759996096087,0.0,False,0.01064141197340765
512,331,betting,True,True,0.027507532594281625,0.0,False,0.01064141197340765
512,332,bernstein,True,True,0.13209891999049905,0.0,False,0.009422099576435534
512,332,betting,True,True,0.027401433837912825,0.0,False,0.009422099576435534
512,333,bernstein,True,True,0.13298816855413859,0.0,False,0.010572681013261663
512,333,betting,True,True,0.027476363407549886,0.0,False,0.010572681013261663
512,334,bernstein,True,True,0.13193022583728103,0.0,False,0.009040106906571088
512,334,betting,True,True,0.02738433684968189,0.0,False,0.009040106906571088
512,335,bernstein,True,True,0.13181423319810964,0.0,False,0.008796664814676341
512,335,betting,True,True,0.027377215359119855,0.0,False,0.008796664814676341
512,336,bernstein,True,True,0.13249282821120384,0.0,False,0.009521634880232076
512,336,betting,True,True,0.027431059109585543,0.0,False,0.009521634880232076
512,337,bernstein,True,True,0.1320389445922644,0.0,False,0.009333061295762866
512,337,betting,True,True,0.027394276286540675,0.0,False,0.009333061295762866
512,338,bernstein,True,True,0.13260596620927517,0.0,False,0.010160825193500705
512,338,betting,True,True,0.027437809462571794,0.0,False,0.010160825193500705
512,339,bernstein,True,True,0.1324171916837803,0.0,False,0.009925273774904826
512,339,betting,True,True,0.027427903141615362,0.0,False,0.009925273774904826
512,340,bernstein,True,True,0.13231972536740239,0.0,False,0.009741795622448795
512,340,betting,True,True,0.027416526950873932,0.0,False,0.009741795622448795
512,341,bernstein,True,True,0.13238898280994482,0.0,False,0.010138185337174442
512,341,betting,True,True,0.027427127746159297,0.0,False,0.010138185337174442
512,342,bernstein,True,True,0.13221363611499948,0.0,False,0.009708692753681475
512,342,betting,True,True,0.02741116493027229,0.0,False,0.009708692753681475
512,343,bernstein,True,True,0.13269927001044335,0.0,False,0.010484928560316227
512,343,betting,True,True,0.027454354494148014,0.0,False,0.010484928560316227
512,344,bernstein,True,True,0.13218837954098991,0.0,False,0.009387979249065702
512,344,betting,True,True,0.02740460181441451,0.0,False,0.009387979249065702
512,345,bernstein,True,True,0.13186457171410806,0.0,False,0.008891904496371188
512,345,betting,True,True,0.027379102182021553,0.0,False,0.008891904496371188
512,346,bernstein,True,True,0.13238448969226038,0.0,False,0.009906288902617525
512,346,betting,True,True,0.02742719712096009,0.0,False,0.009906288902617525
512,347,bernstein,True,True,0.1331425842573809,0.0,False,0.010918388792454374
512,347,betting,True,True,0.02749712278658989,0.0,False,0.010918388792454374
512,348,bernstein,True,True,0.1317176689162067,0.0,False,0.008169998874231331
512,348,betting,True,True,0.02736749686515394,0.0,False,0.008169998874231331
512,349,bernstein,True,True,0.13350806321914327,0.0,False,0.011853933261551635
512,349,betting,True,True,0.027542807180107043,0.0,False,0.011853933261551635
512,350,bernstein,True,True,0.13300002709219483,0.0,False,0.01113781876144183
512,350,betting,True,True,0.027482728461873163,0.0,False,0.01113781876144183
512,351,bernstein,True,True,0.13283747088072012,0.0,False,0.01060751075037972
512,351,betting,True,True,0.027465784168634877,0.0,False,0.01060751075037972
512,352,bernstein,True,True,0.13207381217431557,0.0,False,0.009499703546448912
512,352,betting,True,True,0.02740040285618306,0.0,False,0.009499703546448912
512,353,bernstein,True,True,0.1328264806341239,0.0,False,0.010339743440489877
512,353,betting,True,True,0.02746573905740657,0.0,False,0.010339743440489877
512,354,bernstein,True,True,0.13240822072246666,0.0,False,0.009781067599395558
512,354,betting,True,True,0.02742776786955803,0.0,False,0.009781067599395558
512,355,bernstein,True,True,0.1319533956389341,0.0,False,0.009061465207303438
512,355,betting,True,True,0.02739154430601043,0.0,False,0.009061465207303438
512,356,bernstein,True,True,0.13166672258102463,0.0,False,0.008610800955496777
512,356,betting,True,True,0.027365126012155017,0.0,False,0.008610800955496777
512,357,bernstein,True,True,0.13290229042253643,0.0,False,0.010829522693788956
512,357,betting,True,True,0.027477647448831632,0.0,False,0.010829522693788956
512,358,bernstein,True,True,0.13174075556895665,0.0,False,0.008456680577126313
512,358,betting,True,True,0.027372055370615267,0.0,False,0.008456680577126313
512,359,bernstein,True,True,0.13254901624475973,0.0,False,0.010458906423820066
512,359,betting,True,True,0.027444336513217316,0.0,False,0.010458906423820066
512,360,bernstein,True,True,0.13274819070875032,0.0,False,0.010895724078460373
512,360,betting,True,True,0.027464560561784368,0.0,False,0.010895724078460373
512,361,bernstein,True,True,0.13234601127321455,0.0,False,0.009773952321748606
512,361,betting,True,True,0.027420861066712043,0.0,False,0.009773952321748606
512,362,bernstein,True,True,0.13229717839808458,0.0,False,0.00993713955224388
512,362,betting,True,True,0.027413480327450168,0.0,False,0.00993713955224388
512,363,bernstein,True,True,0.13215732505056177,0.0,False,0.009542789177899882
512,363,betting,True,True,0.02740669950853769,0.0,False,0.009542789177899882
512,364,bernstein,True,True,0.13310231177617898,0.0,False,0.010781221913805752
512,364,betting,True,True,0.027489762027798847,0.0,False,0.010781221913805752
512,365,bernstein,True,True,0.13293394173558298,0.0,False,0.011206977205656134
512,365,betting,True,True,0.02747797712880129,0.0,False,0.011206977205656134
512,366,bernstein,True,True,0.13143821908627712,0.0,False,0.00813142207984157
512,366,betting,True,True,0.027347128199180615,0.0,False,0.00813142207984157
512,367,bernstein,True,True,0.13256031034949634,0.0,False,0.01037518436162466
512,367,betting,True,True,0.02743894723131235,0.0,False,0.01037518436162466
512,368,bernstein,True,True,0.13253343428217618,0.0,False,0.010309570835920632
512,368,betting,True,True,0.027435231748531907,0.0,False,0.010309570835920632
512,369,bernstein,True,True,0.13243917228050545,0.0,False,0.009753635005655844
512,369,betting,True,True,0.027428866232003246,0.0,False,0.009753635005655844
512,370,bernstein,True,True,0.13122914599882518,0.0,False,0.00751258234690007
512,370,betting,True,True,0.02733668157354252,0.0,False,0.00751258234690007
512,371,bernstein,True,True,0.132493767539635,0.0,False,0.010156066185431195
512,371,betting,True,True,0.027437597534881286,0.0,False,0.010156066185431195
512,372,bernstein,True,True,0.1323385311709348,0.0,False,0.009850101614416285
512,372,betting,True,True,0.027418605831044274,0.0,False,0.009850101614416285
512,373,bernstein,True,True,0.1321892073859151,0.0,False,0.00978336615498743
512,373,betting,True,True,0.027408367761199703,0.0,False,0.00978336615498743
512,374,bernstein,True,True,0.1325399150970299,0.0,False,0.010387584611891088
512,374,betting,True,True,0.027441221593471732,0.0,False,0.010387584611891088
512,375,bernstein,True,True,0.13188342676428771,0.0,False,0.009068152720201459
512,375,betting,True,True,0.027382727816511743,0.0,False,0.009068152720201459
512,376,bernstein,True,True,0.13184386953021665,0.0,False,0.008718192145049757
512,376,betting,True,True,0.027381072426360342,0.0,False,0.008718192145049757
512,377,bernstein,True,True,0.13204609028416875,0.0,False,0.008651214362032304
512,377,betting,True,True,0.027400206339734723,0.0,False,0.008651214362032304
512,378,bernstein,True,True,0.1318408380220787,0.0,False,0.008737447818069038
512,378,betting,True,True,0.027378575844741238,0.0,False,0.008737447818069038
512,379,bernstein,True,True,0.13262683286166552,0.0,False,0.010859736830645627
512,379,betting,True,True,0.027450560388060596,0.0,False,0.010859736830645627
512,380,bernstein,True,True,0.13321345558820602,0.0,False,0.011645314342633184
512,380,betting,True,True,0.027502879737330677,0.0,False,0.011645314342633184
512,381,bernstein,True,True,0.13335469110070514,0.0,False,0.011898147369337196
512,381,betting,True,True,0.027520269195811076,0.0,False,0.011898147369337196
512,382,bernstein,True,True,0.13257469825944818,0.0,False,0.010163390228501414
512,382,betting,True,True,0.027441765586991074,0.0,False,0.010163390228501414
512,383,bernstein,True,True,0.13224042907338598,0.0,False,0.009553385538456992
512,383,betting,True,True,0.027414832370122877,0.0,False,0.009553385538456992
512,384,bernstein,True,True,0.1329917625453389,0.0,False,0.01142325060376545
512,384,betting,True,True,0.02748600950697444,0.0,False,0.01142325060376545
512,385,bernstein,True,True,0.133138589453747,0.0,False,0.011314892246344774
512,385,betting,True,True,0.0274927651070902,0.0,False,0.011314892246344774
512,386,bernstein,True,True,0.13173307170495427,0.0,False,0.008652312544985784
512,386,betting,True,True,0.027370379084386443,0.0,False,0.008652312544985784
512,387,bernstein,True,True,0.13282758349,0.0,False,0.010740829862992568
512,387,betting,True,True,0.0274694827435088,0.0,False,0.010740829862992568
512,388,bernstein,True,True,0.13200888925771342,0.0,False,0.009243988613904991
512,388,betting,True,True,0.02739237849837073,0.0,False,0.009243988613904991
512,389,bernstein,True,True,0.13208902754918142,0.0,False,0.009110752639594287
512,389,betting,True,True,0.02739865467723568,0.0,False,0.009110752639594287
512,390,bernstein,True,True,0.131859250825078,0.0,False,0.008637326937152806
512,390,betting,True,True,0.02738019671916836,0.0,False,0.008637326937152806
512,391,bernstein,True,True,0.13174483910987636,0.0,False,0.008637751383351582
512,391,betting,True,True,0.027368658628947773,0.0,False,0.008637751383351582
512,392,bernstein,True,True,0.1322088918880558,0.0,False,0.009528869253699116
512,392,betting,True,True,0.027415494049892075,0.0,False,0.009528869253699116
512,393,bernstein,True,True,0.13254147460879495,0.0,False,0.009927435770862613
512,393,betting,True,True,0.027435665059310832,0.0,False,0.009927435770862613
512,394,bernstein,True,True,0.1318930062192033,0.0,False,0.008875314762387131
512,394,betting,True,True,0.027385219626412494,0.0,False,0.008875314762387131
512,395,bernstein,True,True,0.13308511838684495,0.0,False,0.011360891438729483
512,395,betting,True,True,0.027492453105369408,0.0,False,0.011360891438729483
512,396,bernstein,True,True,0.1325254660200748,0.0,False,0.01016727811562776
512,396,betting,True,True,0.027443921329686427,0.0,False,0.01016727811562776
512,397,bernstein,True,True,0.1338984710663676,0.0,False,0.011862629008597757
512,397,betting,True,True,0.02756901434302561,0.0,False,0.011862629008597757
512,398,bernstein,True,True,0.13201297093645906,0.0,False,0.009264619735138202
512,398,betting,True,True,0.027393502304112194,0.0,False,0.009264619735138202
512,399,bernstein,True,True,0.1318158402779917,0.0,False,0.008876330283880692
512,399,betting,True,True,0.02737225934837617,0.0,False,0.008876330283880692
512,400,bernstein,True,True,0.1318371066875973,0.0,False,0.00901130925027338
512,400,betting,True,True,0.027380224433873,0.0,False,0.00901130925027338
512,401,bernstein,True,True,0.1319513588104182,0.0,False,0.00899892745365654
512,401,betting,True,True,0.02739097812223923,0.0,False,0.00899892745365654
512,402,bernstein,True,True,0.13255298663601905,0.0,False,0.009984464247676114
512,402,betting,True,True,0.02744093959547167,0.0,False,0.009984464247676114
512,403,bernstein,True,True,0.13254288482045207,0.0,False,0.010228491889774287
512,403,betting,True,True,0.02743787941402842,0.0,False,0.010228491889774287
512,404,bernstein,True,True,0.13163953836003797,0.0,False,0.008288295834558989
512,404,betting,True,True,0.027365125096548537,0.0,False,0.008288295834558989
512,405,bernstein,True,True,0.13216777436444527,0.0,False,0.00936866689941816
512,405,betting,True,True,0.02740895544851807,0.0,False,0.00936866689941816
512,406,bernstein,True,True,0.13279794548337143,0.0,False,0.010508563973965612
512,406,betting,True,True,0.02746726565517743,0.0,False,0.010508563973965612
512,407,bernstein,True,True,0.13138017100053107,0.0,False,0.008008315550196116
512,407,betting,True,True,0.02734299225932768,0.0,False,0.008008315550196116
512,408,bernstein,True,True,0.1323552276337297,0.0,False,0.009729863655279466
512,408,betting,True,True,0.027422352228750224,0.0,False,0.009729863655279466
512,409,bernstein,True,True,0.1311398678276072,0.0,False,0.007385512053804176
512,409,betting,True,True,0.027327285373066834,0.0,False,0.007385512053804176
512,410,bernstein,True,True,0.1321381507610817,0.0,False,0.009597401993745334
512,410,betting,True,True,0.02740486920672991,0.0,False,0.009597401993745334
512,411,bernstein,True,True,0.13252026063055272,0.0,False,0.010310137749235018
512,411,betting,True,True,0.027438696495992176,0.0,False,0.010310137749235018
512,412,bernstein,True,True,0.13215583739499126,0.0,False,0.009432974718024172
512,412,betting,True,True,0.02740325229846352,0.0,False,0.009432974718024172
512,413,bernstein,True,True,0.1319897005226992,0.0,False,0.008639304999425872
512,413,betting,True,True,0.027391567420672724,0.0,False,0.008639304999425872
512,414,bernstein,True,True,0.13213984471579282,0.0,False,0.009349660785061687
512,414,betting,True,True,0.027400216935238864,0.0,False,0.009349660785061687
512,415,bernstein,True,True,0.13269689938459006,0.0,False,0.010390025935602737
512,415,betting,True,True,0.027450192617980096,0.0,False,0.010390025935602737
512,416,bernstein,True,True,0.13254118409139587,0.0,False,0.010499750738711847
512,416,betting,True,True,0.02744348723976131,0.0,False,0.010499750738711847
512,417,bernstein,True,True,0.13195877665321026,0.0,False,0.009076901326920832
512,417,betting,True,True,0.027390759838126666,0.0,False,0.009076901326920832
512,418,bernstein,True,True,0.13437561469681347,0.0,False,0.013559842331856283
512,418,betting,True,True,0.027629822200979093,0.0,False,0.013559842331856283
512,419,bernstein,True,True,0.13221295883240702,0.0,False,0.00941220238002794
512,419,betting,True,True,0.027410811277259195,0.0,False,0.00941220238002794
512,420,bernstein,True,True,0.13242999116374687,0.0,False,0.009898148601008265
512,420,betting,True,True,0.02741967160141945,0.0,False,0.009898148601008265
512,421,bernstein,True,True,0.13299861303497434,0.0,False,0.011144795503848469
512,421,betting,True,True,0.027488861779711438,0.0,False,0.011144795503848469
512,422,bernstein,True,True,0.13290996237697558,0.0,False,0.010731447561859429
512,422,betting,True,True,0.027474858942805325,0.0,False,0.010731447561859429
512,423,bernstein,True,True,0.13259559207257832,0.0,False,0.010453394176968805
512,423,betting,True,True,0.0274417424239074,0.0,False,0.010453394176968805
512,424,bernstein,True,True,0.13243148760979423,0.0,False,0.009428490291335526
512,424,betting,True,True,0.027435377805377414,0.0,False,0.009428490291335526
512,425,bernstein,True,True,0.13187912181851932,0.0,False,0.008942487601514986
512,425,betting,True,True,0.02738184419900791,0.0,False,0.008942487601514986
512,426,bernstein,True,True,0.13254308495314152,0.0,False,0.009871053259018173
512,426,betting,True,True,0.027441477166539663,0.0,False,0.009871053259018173
512,427,bernstein,True,True,0.13259408122711297,0.0,False,0.010193021329627003
512,427,betting,True,True,0.02744092619152072,0.0,False,0.010193021329627003
512,428,bernstein,True,True,0.13234131097040697,0.0,False,0.01003988981167429
512,428,betting,True,True,0.027424674365320256,0.0,False,0.01003988981167429
512,429,bernstein,True,True,0.13279844445347833,0.0,False,0.010600875425554573
512,429,betting,True,True,0.027463836766037253,0.0,False,0.010600875425554573
512,430,bernstein,True,True,0.13309120752203235,0.0,False,0.011503836025103763
512,430,betting,True,True,0.027499270949119747,0.0,False,0.011503836025103763
512,431,bernstein,True,True,0.133435619299946,0.0,False,0.010950521873231004
512,431,betting,True,True,0.027523922395339517,0.0,False,0.010950521873231004
512,432,bernstein,True,True,0.13181069620276412,0.0,False,0.008842353272690905
512,432,betting,True,True,0.02737965802560216,0.0,False,0.008842353272690905
512,433,bernstein,True,True,0.1324624970498665,0.0,False,0.009427973133676625
512,433,betting,True,True,0.02742679623497679,0.0,False,0.009427973133676625
512,434,bernstein,True,True,0.13290719808992024,0.0,False,0.011097297188476093
512,434,betting,True,True,0.027474510620559167,0.0,False,0.011097297188476093
512,435,bernstein,True,True,0.13299239791876072,0.0,False,0.011083213163951826
512,435,betting,True,True,0.02748485665713818,0.0,False,0.011083213163951826
512,436,bernstein,True,True,0.1323855488421832,0.0,False,0.009360446058543748
512,436,betting,True,True,0.027422396116235204,0.0,False,0.009360446058543748
512,437,bernstein,True,True,0.13181983311816353,0.0,False,0.008557979665563367
512,437,betting,True,True,0.027374562015102133,0.0,False,0.008557979665563367
512,438,bernstein,True,True,0.1313441421994996,0.0,False,0.007974029795948762
512,438,betting,True,True,0.02733890972838715,0.0,False,0.007974029795948762
512,439,bernstein,True,True,0.1320174468018268,0.0,False,0.008971175409577889
512,439,betting,True,True,0.02739166795250647,0.0,False,0.008971175409577889
512,440,bernstein,True,True,0.13152253930472485,0.0,False,0.008169545075332567
512,440,betting,True,True,0.02735426381561401,0.5,False,0.008169545075332567
512,441,bernstein,True,True,0.13339170703967757,0.0,False,0.01205280661489293
512,441,betting,True,True,0.027532559901373932,0.0,False,0.01205280661489293
512,442,bernstein,True,True,0.13291513518544365,0.0,False,0.011031005497980563
512,442,betting,True,True,0.027477335926923918,0.0,False,0.011031005497980563
512,443,bernstein,True,True,0.13263287610513674,0.0,False,0.010709868127394846
512,443,betting,True,True,0.027450635406166768,0.0,False,0.010709868127394846
512,444,bernstein,True,True,0.1317768746004876,0.0,False,0.008118021404284376
512,444,betting,True,True,0.02737791067422235,0.0,False,0.008118021404284376
512,445,bernstein,True,True,0.13270364075105934,0.0,False,0.010434878339278572
512,445,betting,True,True,0.027456369405117642,0.0,False,0.010434878339278572
512,446,bernstein,True,True,0.13332009086544672,0.0,False,0.011658349197236729
512,446,betting,True,True,0.02751872926452059,0.0,False,0.011658349197236729
512,447,bernstein,True,True,0.13269627974532622,0.0,False,0.01064902541954731
512,447,betting,True,True,0.027453189402476652,0.0,False,0.01064902541954731
512,448,bernstein,True,True,0.13265123559374836,0.0,False,0.010341210865492188
512,448,betting,True,True,0.02745053529251895,0.0,False,0.010341210865492188
512,449,bernstein,True,True,0.13249932069991774,0.0,False,0.010081629704647852
512,449,betting,True,True,0.02743027554850419,0.0,False,0.010081629704647852
512,450,bernstein,True,True,0.1328836290103115,0.0,False,0.010616405645171129
512,450,betting,True,True,0.02747167735986289,0.0,False,0.010616405645171129
512,451,bernstein,True,True,0.13277063640555797,0.0,False,0.01065977116598299
512,451,betting,True,True,0.027458066882354637,0.0,False,0.01065977116598299
512,452,bernstein,True,True,0.13338891644613904,0.0,False,0.011613463195410323
512,452,betting,True,True,0.02752370320442421,0.0,False,0.011613463195410323
512,453,bernstein,True,True,0.13165026232644295,0.0,False,0.008514017186570091
512,453,betting,True,True,0.027358768053782012,0.0,False,0.008514017186570091
512,454,bernstein,True,True,0.1329567954451252,0.0,False,0.010934160649118322
512,454,betting,True,True,0.02747788764587311,0.0,False,0.010934160649118322
512,455,bernstein,True,True,0.13241707196285427,0.0,False,0.009682229083648727
512,455,betting,True,True,0.02742152808164977,0.0,False,0.009682229083648727
512,456,bernstein,True,True,0.13261824081725043,0.0,False,0.01048011744226247
512,456,betting,True,True,0.027447946890533648,0.0,False,0.01048011744226247
512,457,bernstein,True,True,0.13235208608850885,0.0,False,0.00975324174206248
512,457,betting,True,True,0.0274215424496288,0.0,False,0.00975324174206248
512,458,bernstein,True,True,0.1313236890528278,0.0,False,0.007536862788596551
512,458,betting,True,True,0.027336180767597362,0.5,False,0.007536862788596551
512,459,bernstein,True,True,0.13216847071088808,0.0,False,0.009468432152366599
512,459,betting,True,True,0.027408748622692602,0.0,False,0.009468432152366599
512,460,bernstein,True,True,0.1324458278635356,0.0,False,0.009770402816656913
512,460,betting,True,True,0.02742926976356097,0.0,False,0.009770402816656913
512,461,bernstein,True,True,0.13183370951492468,0.0,False,0.008856835473395752
512,461,betting,True,True,0.027375310558636623,0.0,False,0.008856835473395752
512,462,bernstein,True,True,0.131600716390107,0.0,False,0.00791581912971101
512,462,betting,True,True,0.0273636594130221,0.5,False,0.00791581912971101
512,463,bernstein,True,True,0.13263613682874498,0.0,False,0.010349946603891194
512,463,betting,True,True,0.027443519550106488,0.0,False,0.010349946603891194
512,464,bernstein,True,True,0.13203385922414562,0.0,False,0.009478509392975672
512,464,betting,True,True,0.027391809017535684,0.0,False,0.009478509392975672
512,465,bernstein,True,True,0.1326294487495706,0.0,False,0.010283670803234625
512,465,betting,True,True,0.027449523424074918,0.0,False,0.010283670803234625
512,466,bernstein,True,True,0.13200346525851636,0.0,False,0.008701167061247477
512,466,betting,True,True,0.027392870746916875,0.0,False,0.008701167061247477
512,467,bernstein,True,True,0.1329887909885611,0.0,False,0.010667272635238381
512,467,betting,True,True,0.027476238237977624,0.0,False,0.010667272635238381
512,468,bernstein,True,True,0.13419994818197,0.0,False,0.012286752751192459
512,468,betting,True,True,0.02761170084275355,0.0,False,0.012286752751192459
512,469,bernstein,True,True,0.13275949408279608,0.0,False,0.01053273865904153
512,469,betting,True,True,0.02746052879418137,0.0,False,0.01053273865904153
512,470,bernstein,True,True,0.13277118275235156,0.0,False,0.010940819121035367
512,470,betting,True,True,0.027464064932537502,0.0,False,0.010940819121035367
512,471,bernstein,True,True,0.13290931228924124,0.0,False,0.01096756883286533
512,471,betting,True,True,0.02747615074033094,0.0,False,0.01096756883286533
512,472,bernstein,True,True,0.13225168129747392,0.0,False,0.009713191087261527
512,472,betting,True,True,0.027409133005749098,0.0,False,0.009713191087261527
512,473,bernstein,True,True,0.13228315686172865,0.0,False,0.009293950103776243
512,473,betting,True,True,0.027412904996417797,0.0,False,0.009293950103776243
512,474,bernstein,True,True,0.1328674058661195,0.0,False,0.010926677371872194
512,474,betting,True,True,0.02747387591156447,0.0,False,0.010926677371872194
512,475,bernstein,True,True,0.1328710573098722,0.0,False,0.010960664432360216
512,475,betting,True,True,0.027470210963219888,0.0,False,0.010960664432360216
512,476,bernstein,True,True,0.1327860161535884,0.0,False,0.01029560683197997
512,476,betting,True,True,0.02746110700849369,0.0,False,0.01029560683197997
512,477,bernstein,True,True,0.1316232335232092,0.0,False,0.008306347841754196
512,477,betting,True,True,0.027364023304981,0.0,False,0.008306347841754196
512,478,bernstein,True,True,0.13313487345848163,0.0,False,0.01137888272593509
512,478,betting,True,True,0.027499280800693637,0.0,False,0.01137888272593509
512,479,bernstein,True,True,0.13223784638194908,0.0,False,0.009675709784261282
512,479,betting,True,True,0.027416902816148725,0.0,False,0.009675709784261282
512,480,bernstein,True,True,0.13290642491818608,0.0,False,0.010996356372930864
512,480,betting,True,True,0.02747679091215116,0.0,False,0.010996356372930864
512,481,bernstein,True,True,0.13239599928402984,0.0,False,0.010056665239610789
512,481,betting,True,True,0.027429858401701424,0.0,False,0.010056665239610789
512,482,bernstein,True,True,0.133375163375111,0.0,False,0.011736041981913902
512,482,betting,True,True,0.02752423587171493,0.0,False,0.011736041981913902
512,483,bernstein,True,True,0.13196999312770208,0.0,False,0.009365675482271312
512,483,betting,True,True,0.027388515378443223,0.0,False,0.009365675482271312
512,484,bernstein,True,True,0.13180012383756576,0.0,False,0.008808081662809929
512,484,betting,True,True,0.027371399039220812,0.0,False,0.008808081662809929
512,485,bernstein,True,True,0.13297219004021477,0.0,False,0.010981429613919118
512,485,betting,True,True,0.02748463970241566,0.0,False,0.010981429613919118
512,486,bernstein,True,True,0.13193750009931354,0.0,False,0.00923499892727149
512,486,betting,True,True,0.027382739904278308,0.0,False,0.00923499892727149
512,487,bernstein,True,True,0.1323926058636905,0.0,False,0.010100914125146004
512,487,betting,True,True,0.027430325620734997,0.0,False,0.010100914125146004
512,488,bernstein,True,True,0.1330332169826575,0.0,False,0.011401039885291968
512,488,betting,True,True,0.02748875432360376,0.0,False,0.011401039885291968
512,489,bernstein,True,True,0.13248402086714717,0.0,False,0.010298787422095317
512,489,betting,True,True,0.027436389612193968,0.0,False,0.010298787422095317
512,490,bernstein,True,True,0.1331167116540684,0.0,False,0.011540788848621109
512,490,betting,True,True,0.02749790313864653,0.0,False,0.011540788848621109
512,491,bernstein,True,True,0.13172739031628772,0.0,False,0.008261411727244521
512,491,betting,True,True,0.027364071554802694,0.0,False,0.008261411727244521
512,492,bernstein,True,True,0.13222427938450598,0.0,False,0.009712282344116936
512,492,betting,True,True,0.027412098699242105,0.0,False,0.009712282344116936
512,493,bernstein,True,True,0.13165477658265795,0.0,False,0.008456599809454672
512,493,betting,True,True,0.0273655426131153,0.0,False,0.008456599809454672
512,494,bernstein,True,True,0.13196560951839323,0.0,False,0.00913331686011623
512,494,betting,True,True,0.027388433669366385,0.0,False,0.00913331686011623
512,495,bernstein,True,True,0.1325593786753411,0.0,False,0.010378586916760479
512,495,betting,True,True,0.027446361165711974,0.0,False,0.010378586916760479
512,496,bernstein,True,True,0.132118815321276,0.0,False,0.00925330001872449
512,496,betting,True,True,0.02740164814706081,0.0,False,0.00925330001872449
512,497,bernstein,True,True,0.132659263229718,0.0,False,0.010423178756955826
512,497,betting,True,True,0.02744904911789492,0.0,False,0.010423178756955826
512,498,bernstein,True,True,0.13268392132626972,0.0,False,0.010438189512318759
512,498,betting,True,True,0.027455896771680255,0.0,False,0.010438189512318759
512,499,bernstein,True,True,0.13168562284186464,0.0,False,0.008425272668778577
512,499,betting,True,True,0.02736728006009803,0.0,False,0.008425272668778577
512,500,bernstein,True,True,0.13167222856332633,0.0,False,0.008584957530962282
512,500,betting,True,True,0.02736807881672565,0.0,False,0.008584957530962282
512,501,bernstein,True,True,0.13259954289071346,0.0,False,0.010710206918772384
512,501,betting,True,True,0.02744563547712464,0.0,False,0.010710206918772384
512,502,bernstein,True,True,0.1315983201507639,0.0,False,0.00846935196546841
512,502,betting,True,True,0.02735904213706819,0.0,False,0.00846935196546841
512,503,bernstein,True,True,0.132182435363541,0.0,False,0.009431490687043924
512,503,betting,True,True,0.027407743471630885,0.0,False,0.009431490687043924
512,504,bernstein,True,True,0.13215021187468146,0.0,False,0.009737855867839776
512,504,betting,True,True,0.027405036608652233,0.0,False,0.009737855867839776
512,505,bernstein,True,True,0.1323615700705756,0.0,False,0.00985122245258941
512,505,betting,True,True,0.02742735123778406,0.0,False,0.00985122245258941
512,506,bernstein,True,True,0.13228104752853515,0.0,False,0.009752960790466947
512,506,betting,True,True,0.027421544897115457,0.0,False,0.009752960790466947
512,507,bernstein,True,True,0.13209669144095812,0.0,False,0.009304641584568039
512,507,betting,True,True,0.027404467893757056,0.0,False,0.009304641584568039
512,508,bernstein,True,True,0.1317717136485973,0.0,False,0.008578102908050583
512,508,betting,True,True,0.027374507457279873,0.0,False,0.008578102908050583
512,509,bernstein,True,True,0.13183415325925663,0.0,False,0.008954214867610952
512,509,betting,True,True,0.027378915270637627,0.0,False,0.008954214867610952
512,510,bernstein,True,True,0.1328539736282371,0.0,False,0.010602658634884654
512,510,betting,True,True,0.027468231866550785,0.0,False,0.010602658634884654
512,511,bernstein,True,True,0.13217146303915722,0.0,False,0.009420633167550443
512,511,betting,True,True,0.027408180744168953,0.0,False,0.009420633167550443
512,512,bernstein,True,True,0.1322768494477784,0.0,False,0.010053835038000569
512,512,betting,True,True,0.02741347685430806,0.0,False,0.010053835038000569
512,513,bernstein,True,True,0.1333023877968197,0.0,False,0.011874907445954241
512,513,betting,True,True,0.02751398710512154,0.0,False,0.011874907445954241
512,514,bernstein,True,True,0.13304882897690168,0.0,False,0.010920366010126796
512,514,betting,True,True,0.027485221609968136,0.0,False,0.010920366010126796
512,515,bernstein,True,True,0.13202310313953025,0.0,False,0.00938688605196152
512,515,betting,True,True,0.027390490997568073,0.0,False,0.00938688605196152
512,516,bernstein,True,True,0.13277180031421126,0.0,False,0.010752855921772917
512,516,betting,True,True,0.027458337003881783,0.0,False,0.010752855921772917
512,517,bernstein,True,True,0.13195891072960247,0.0,False,0.009324149982521344
512,517,betting,True,True,0.02738788625552835,0.0,False,0.009324149982521344
512,518,bernstein,True,True,0.13215379916118547,0.0,False,0.009299297472525368
512,518,betting,True,True,0.02740043339254039,0.0,False,0.009299297472525368
512,519,bernstein,True,True,0.1316430300638641,0.0,False,0.00854173743668022
512,519,betting,True,True,0.027363460074921075,0.0,False,0.00854173743668022
512,520,bernstein,True,True,0.1345238174736056,0.0,False,0.01173149549074983
512,520,betting,True,True,0.027649503140819487,0.5,False,0.01173149549074983
512,521,bernstein,True,True,0.13245869958831613,0.0,False,0.009847600401516209
512,521,betting,True,True,0.027434161078781494,0.0,False,0.009847600401516209
512,522,bernstein,True,True,0.13257029187725813,0.0,False,0.01024986082035706
512,522,betting,True,True,0.02744756895193856,0.0,False,0.01024986082035706
512,523,bernstein,True,True,0.13195028125826258,0.0,False,0.008556322589526754
512,523,betting,True,True,0.027385562446215816,0.0,False,0.008556322589526754
512,524,bernstein,True,True,0.13159774262843704,0.0,False,0.008344254827090296
512,524,betting,True,True,0.027364503452554367,0.0,False,0.008344254827090296
512,525,bernstein,True,True,0.13259119178223078,0.0,False,0.01040670596854826
512,525,betting,True,True,0.027448260978780947,0.0,False,0.01040670596854826
512,526,bernstein,True,True,0.1327166013083187,0.0,False,0.010300234885599361
512,526,betting,True,True,0.027457382686588927,0.0,False,0.010300234885599361
512,527,bernstein,True,True,0.13240765295299617,0.0,False,0.009765722062349241
512,527,betting,True,True,0.02742280464841329,0.0,False,0.009765722062349241
512,528,bernstein,True,True,0.13203147863907627,0.0,False,0.008422208801414921
512,528,betting,True,True,0.02739349562634752,0.0,False,0.008422208801414921
512,529,bernstein,True,True,0.1321065319132141,0.0,False,0.009562432036833823
512,529,betting,True,True,0.02740459195403666,0.0,False,0.009562432036833823
512,530,bernstein,True,True,0.13183776861271257,0.0,False,0.009032234615889145
512,530,betting,True,True,0.0273758613883911,0.0,False,0.009032234615889145
512,531,bernstein,True,True,0.13291044331540242,0.0,False,0.010150155279474452
512,531,betting,True,True,0.027473902860328914,0.0,False,0.010150155279474452
512,532,bernstein,True,True,0.13294244539863453,0.0,False,0.011257089479568057
512,532,betting,True,True,0.02747891153605464,0.0,False,0.011257089479568057
512,533,bernstein,True,True,0.1326640490265535,0.0,False,0.010480769593403931
512,533,betting,True,True,0.027448948454002586,0.0,False,0.010480769593403931
512,534,bernstein,True,True,0.13288650125981633,0.0,False,0.010877379633344958
512,534,betting,True,True,0.027472495467481983,0.0,False,0.010877379633344958
512,535,bernstein,True,True,0.13240406688485123,0.0,False,0.00917122723229528
512,535,betting,True,True,0.027423871897844898,0.0,False,0.00917122723229528
512,536,bernstein,True,True,0.13205418650451545,0.0,False,0.009201863233836448
512,536,betting,True,True,0.027394752027757985,0.0,False,0.009201863233836448
512,537,bernstein,True,True,0.13224578730687697,0.0,False,0.009677826898602814
512,537,betting,True,True,0.02741320572473349,0.0,False,0.009677826898602814
512,538,bernstein,True,True,0.13291930558277426,0.0,False,0.010426167059777187
512,538,betting,True,True,0.02747591653434933,0.0,False,0.010426167059777187
512,539,bernstein,True,True,0.13339731630382837,0.0,False,0.011003480277084775
512,539,betting,True,True,0.027520811463764394,0.0,False,0.011003480277084775
512,540,bernstein,True,True,0.1334293378103713,0.0,False,0.012109269686885454
512,540,betting,True,True,0.027535043963835104,0.0,False,0.012109269686885454
512,541,bernstein,True,True,0.13236210705051227,0.0,False,0.009959644466932982
512,541,betting,True,True,0.027424538388950093,0.0,False,0.009959644466932982
512,542,bernstein,True,True,0.13287961980387014,0.0,False,0.010977427952914613
512,542,betting,True,True,0.0274727987357255,0.0,False,0.010977427952914613
512,543,bernstein,True,True,0.13209490050700023,0.0,False,0.009596521132499588
512,543,betting,True,True,0.027400795594148764,0.0,False,0.009596521132499588
512,544,bernstein,True,True,0.13254615582292156,0.0,False,0.01007974463532051
512,544,betting,True,True,0.02743988210077075,0.5,False,0.01007974463532051
512,545,bernstein,True,True,0.13232364805107022,0.0,False,0.009809643653307422
512,545,betting,True,True,0.027424066741550623,0.0,False,0.009809643653307422
512,546,bernstein,True,True,0.13196665412674696,0.0,False,0.008772337696430557
512,546,betting,True,True,0.027388234714235238,0.0,False,0.008772337696430557
512,547,bernstein,True,True,0.13191772936538626,0.0,False,0.009074487238501064
512,547,betting,True,True,0.02738254478324953,0.5,False,0.009074487238501064
512,548,bernstein,True,True,0.13260286997947596,0.0,False,0.010267497805391258
512,548,betting,True,True,0.027444500763340374,0.0,False,0.010267497805391258
512,549,bernstein,True,True,0.13217573429236368,0.0,False,0.009290572836539793
512,549,betting,True,True,0.027403679860290242,0.0,False,0.009290572836539793
512,550,bernstein,True,True,0.13190124875089307,0.0,False,0.009004304240542401
512,550,betting,True,True,0.027386133322470307,0.0,False,0.009004304240542401
512,551,bernstein,True,True,0.13298307487199795,0.0,False,0.01123383485298916
512,551,betting,True,True,0.027480639954628683,0.0,False,0.01123383485298916
512,552,bernstein,True,True,0.1317604556522423,0.0,False,0.008786095565739714
512,552,betting,True,True,0.027375219702298614,0.0,False,0.008786095565739714
512,553,bernstein,True,True,0.132917487409649,0.0,False,0.011006048761583453
512,553,betting,True,True,0.027474398797712518,0.0,False,0.011006048761583453
512,554,bernstein,True,True,0.13251543461498017,0.0,False,0.010189482067553705
512,554,betting,True,True,0.0274356503391755,0.0,False,0.010189482067553705
512,555,bernstein,True,True,0.1327704022743697,0.0,False,0.010856190308137493
512,555,betting,True,True,0.027459763981023566,0.0,False,0.010856190308137493
512,556,bernstein,True,True,0.13322489185254194,0.0,False,0.010893657454927947
512,556,betting,True,True,0.027503279223492383,0.0,False,0.010893657454927947
512,557,bernstein,True,True,0.13289888118899018,0.0,False,0.010765413614705076
512,557,betting,True,True,0.02747591711540731,0.0,False,0.010765413614705076
512,558,bernstein,True,True,0.13301360054838868,0.0,False,0.011209306107224117
512,558,betting,True,True,0.027488677214569157,0.0,False,0.011209306107224117
512,559,bernstein,True,True,0.13317958032794003,0.0,False,0.011381373985088082
512,559,betting,True,True,0.02750456730136641,0.0,False,0.011381373985088082
512,560,bernstein,True,True,0.13248446276472564,0.0,False,0.009950432085811735
512,560,betting,True,True,0.027433881858414666,0.0,False,0.009950432085811735
512,561,bernstein,True,True,0.13131047528088624,0.0,False,0.007810022656148002
512,561,betting,True,True,0.0273349553471417,0.5,False,0.007810022656148002
512,562,bernstein,True,True,0.13318639301729962,0.0,False,0.01163434390312059
512,562,betting,True,True,0.027502317726611936,0.0,False,0.01163434390312059
512,563,bernstein,True,True,0.13320830907111247,0.0,False,0.01108148230156012
512,563,betting,True,True,0.027504817829794748,0.0,False,0.01108148230156012
512,564,bernstein,True,True,0.13274965248089565,0.0,False,0.009798851040953054
512,564,betting,True,True,0.027456417866233096,0.0,False,0.009798851040953054
512,565,bernstein,True,True,0.13205050547911878,0.0,False,0.009360663522605527
512,565,betting,True,True,0.02739350001069385,0.0,False,0.009360663522605527
512,566,bernstein,True,True,0.13206575449677238,0.0,False,0.009270319243315528
512,566,betting,True,True,0.027394639016383837,0.0,False,0.009270319243315528
512,567,bernstein,True,True,0.13174405999295244,0.0,False,0.008736565481321273
512,567,betting,True,True,0.0273715931433981,0.0,False,0.008736565481321273
512,568,bernstein,True,True,0.1323871812930027,0.0,False,0.009695708376895797
512,568,betting,True,True,0.027422859100588504,0.0,False,0.009695708376895797
512,569,bernstein,True,True,0.13223989831909916,0.0,False,0.00943341770257801
512,569,betting,True,True,0.027411760814029518,0.0,False,0.00943341770257801
512,570,bernstein,True,True,0.13219436997522904,0.0,False,0.009755188931567753
512,570,betting,True,True,0.02740979602811422,0.0,False,0.009755188931567753
512,571,bernstein,True,True,0.1324221516500232,0.0,False,0.0086890177677815
512,571,betting,True,True,0.027414178169274273,0.0,False,0.0086890177677815
512,572,bernstein,True,True,0.13207440390013916,0.0,False,0.009275490354891298
512,572,betting,True,True,0.027395458845167142,0.0,False,0.009275490354891298
512,573,bernstein,True,True,0.1323994302109259,0.0,False,0.01012331647889842
512,573,betting,True,True,0.02742744459883395,0.0,False,0.01012331647889842
512,574,bernstein,True,True,0.13437525567193084,0.0,False,0.014063673693276255
512,574,betting,True,True,0.027649646402423955,0.0,False,0.014063673693276255
512,575,bernstein,True,True,0.13285548712462542,0.0,False,0.010813456728189858
512,575,betting,True,True,0.027469186425951198,0.0,False,0.010813456728189858
512,576,bernstein,True,True,0.13208364994300814,0.0,False,0.009430083327009862
512,576,betting,True,True,0.027400572093720377,0.0,False,0.009430083327009862
512,577,bernstein,True,True,0.13238935731809848,0.0,False,0.01003995147475974
512,577,betting,True,True,0.027422466459465666,0.0,False,0.01003995147475974
512,578,bernstein,True,True,0.13219378471568877,0.0,False,0.009568066474806085
512,578,betting,True,True,0.02740907938114112,0.0,False,0.009568066474806085
512,579,bernstein,True,True,0.1318539896100609,0.0,False,0.008742475181208846
512,579,betting,True,True,0.027380454321537462,0.0,False,0.008742475181208846
512,580,bernstein,True,True,0.13196693679547533,0.0,False,0.008863061931853333
512,580,betting,True,True,0.027387457672448434,0.0,False,0.008863061931853333
512,581,bernstein,True,True,0.1317861552059682,0.0,False,0.008514256066124208
512,581,betting,True,True,0.027372555727561143,0.0,False,0.008514256066124208
512,582,bernstein,True,True,0.13293142028189087,0.0,False,0.010924899535896886
512,582,betting,True,True,0.027473488913747124,0.0,False,0.010924899535896886
512,583,bernstein,True,True,0.13164844869994652,0.0,False,0.008632946262064008
512,583,betting,True,True,0.02735732834178639,0.0,False,0.008632946262064008
512,584,bernstein,True,True,0.13205338818894408,0.0,False,0.009171157646782356
512,584,betting,True,True,0.027395420275242888,0.0,False,0.009171157646782356
512,585,bernstein,True,True,0.13283038710943285,0.0,False,0.010627996876749445
512,585,betting,True,True,0.027469306035855068,0.0,False,0.010627996876749445
512,586,bernstein,True,True,0.13291429648434233,0.0,False,0.010707458775644862
512,586,betting,True,True,0.02747684352430957,0.0,False,0.010707458775644862
512,587,bernstein,True,True,0.13190611017539236,0.0,False,0.00896158808874366
512,587,betting,True,True,0.027387738556753805,0.0,False,0.00896158808874366
512,588,bernstein,True,True,0.13275069539156903,0.0,False,0.010541559469514631
512,588,betting,True,True,0.027457654181525903,0.0,False,0.010541559469514631
512,589,bernstein,True,True,0.13250544168175854,0.0,False,0.010040385334063828
512,589,betting,True,True,0.027439312404239802,0.0,False,0.010040385334063828
512,590,bernstein,True,True,0.1328278692152871,0.0,False,0.01050439600840353
512,590,betting,True,True,0.02747073670183464,0.0,False,0.01050439600840353
512,591,bernstein,True,True,0.13235440257005077,0.0,False,0.00995055396112526
512,591,betting,True,True,0.027421222304292336,0.0,False,0.00995055396112526
512,592,bernstein,True,True,0.13258538921979082,0.0,False,0.010458763664256814
512,592,betting,True,True,0.02744539224273479,0.0,False,0.010458763664256814
512,593,bernstein,True,True,0.13175031852163238,0.0,False,0.008681533170992947
512,593,betting,True,True,0.02737088556885281,0.0,False,0.008681533170992947
512,594,bernstein,True,True,0.1325287199943288,0.0,False,0.010283802264578082
512,594,betting,True,True,0.027434836008433106,0.0,False,0.010283802264578082
512,595,bernstein,True,True,0.1316985136577819,0.0,False,0.008504349251693192
512,595,betting,True,True,0.02737053413882673,0.0,False,0.008504349251693192
512,596,bernstein,True,True,0.13194661645167247,0.0,False,0.009046387003636924
512,596,betting,True,True,0.027385508161314687,0.0,False,0.009046387003636924
512,597,bernstein,True,True,0.13160222322282655,0.0,False,0.008521494611443763
512,597,betting,True,True,0.02735726402042926,0.0,False,0.008521494611443763
512,598,bernstein,True,True,0.13347559659454838,0.0,False,0.011576603620576303
512,598,betting,True,True,0.027538150744367274,0.0,False,0.011576603620576303
512,599,bernstein,True,True,0.13199123496792076,0.0,False,0.00893484180570445
512,599,betting,True,True,0.02738877692496322,0.0,False,0.00893484180570445
512,600,bernstein,True,True,0.1322226975206937,0.0,False,0.009610149361792861
512,600,betting,True,True,0.027417294075057663,0.0,False,0.009610149361792861
512,601,bernstein,True,True,0.13251905444636075,0.0,False,0.00986974424747768
512,601,betting,True,True,0.02742630952408953,0.0,False,0.00986974424747768
512,602,bernstein,True,True,0.13259335527165084,0.0,False,0.010483746904656425
512,602,betting,True,True,0.02744488438045667,0.0,False,0.010483746904656425
512,603,bernstein,True,True,0.13178811959154688,0.0,False,0.008667008202003012
512,603,betting,True,True,0.027371403969409625,0.0,False,0.008667008202003012
512,604,bernstein,True,True,0.13338062741064022,0.0,False,0.010991522110958215
512,604,betting,True,True,0.027514275208632144,0.0,False,0.010991522110958215
512,605,bernstein,True,True,0.13187909697783956,0.0,False,0.008741807759834123
512,605,betting,True,True,0.027382066308418773,0.0,False,0.008741807759834123
512,606,bernstein,True,True,0.1320954622986641,0.0,False,0.00916999232613946
512,606,betting,True,True,0.02740061065043853,0.0,False,0.00916999232613946
512,607,bernstein,True,True,0.13253781512196355,0.0,False,0.01026647222863861
512,607,betting,True,True,0.027442870349877913,0.0,False,0.01026647222863861
512,608,bernstein,True,True,0.13243943179462891,0.0,False,0.010199782716541372
512,608,betting,True,True,0.027432079434183798,0.0,False,0.010199782716541372
512,609,bernstein,True,True,0.13252141694622815,0.0,False,0.01014647502377387
512,609,betting,True,True,0.02743930761051161,0.0,False,0.01014647502377387
512,610,bernstein,True,True,0.13294568261065692,0.0,False,0.01110325596387136
512,610,betting,True,True,0.027479842373322794,0.0,False,0.01110325596387136
512,611,bernstein,True,True,0.13265692527010697,0.0,False,0.010686405029752303
512,611,betting,True,True,0.02745000929859087,0.0,False,0.010686405029752303
512,612,bernstein,True,True,0.13230377427834572,0.0,False,0.009550639751574951
512,612,betting,True,True,0.027418883994941967,0.0,False,0.009550639751574951
512,613,bernstein,True,True,0.1310372041909591,0.0,False,0.007310791214323501
512,613,betting,True,True,0.027320502111069844,0.5,False,0.007310791214323501
512,614,bernstein,True,True,0.1318069529400296,0.0,False,0.008469723911971448
512,614,betting,True,True,0.027369230715739823,0.0,False,0.008469723911971448
512,615,bernstein,True,True,0.13263837307516524,0.0,False,0.009908807867702658
512,615,betting,True,True,0.027448219776488147,0.0,False,0.009908807867702658
512,616,bernstein,True,True,0.13199561453601397,0.0,False,0.008889990758158293
512,616,betting,True,True,0.027393477340628913,0.0,False,0.008889990758158293
512,617,bernstein,True,True,0.13311551801363225,0.0,False,0.011603336147005905
512,617,betting,True,True,0.027496147912170255,0.0,False,0.011603336147005905
512,618,bernstein,True,True,0.13181329075941858,0.0,False,0.008743216069232396
512,618,betting,True,True,0.02737306493683711,0.0,False,0.008743216069232396
512,619,bernstein,True,True,0.13233843091811726,0.0,False,0.009520959985444093
512,619,betting,True,True,0.02741314742965195,0.0,False,0.009520959985444093
512,620,bernstein,True,True,0.1318468086297751,0.0,False,0.008391936056130289
512,620,betting,True,True,0.027377003431429237,0.0,False,0.008391936056130289
512,621,bernstein,True,True,0.13199007219102787,0.0,False,0.008918005308665966
512,621,betting,True,True,0.027391169664479076,0.0,False,0.008918005308665966
512,622,bernstein,True,True,0.13316243990429832,0.0,False,0.011647474925817742
512,622,betting,True,True,0.027501545588602294,0.0,False,0.011647474925817742
512,623,bernstein,True,True,0.13133353336057918,0.0,False,0.00789292590700788
512,623,betting,True,True,0.02733820889763583,0.5,False,0.00789292590700788
512,624,bernstein,True,True,0.1321674383013673,0.0,False,0.00923460409216817
512,624,betting,True,True,0.02740514964203622,0.0,False,0.00923460409216817
512,625,bernstein,True,True,0.13237479637888866,0.0,False,0.00979117476468995
512,625,betting,True,True,0.027422950317886774,0.0,False,0.00979117476468995
512,626,bernstein,True,True,0.13217936975010214,0.0,False,0.009463568157403911
512,626,betting,True,True,0.027405081006763754,0.0,False,0.009463568157403911
512,627,bernstein,True,True,0.13302079619831642,0.0,False,0.01117146475194904
512,627,betting,True,True,0.027482055878463196,0.0,False,0.01117146475194904
512,628,bernstein,True,True,0.1324029201893085,0.0,False,0.010010899233223602
512,628,betting,True,True,0.02741798017246766,0.0,False,0.010010899233223602
512,629,bernstein,True,True,0.13277625842442936,0.0,False,0.010039449447098106
512,629,betting,True,True,0.027459033419472645,0.0,False,0.010039449447098106
512,630,bernstein,True,True,0.13245950486223124,0.0,False,0.010311804560568742
512,630,betting,True,True,0.02743581451006316,0.0,False,0.010311804560568742
512,631,bernstein,True,True,0.13216212534065552,0.0,False,0.0093557046825181
512,631,betting,True,True,0.027405158551591646,0.0,False,0.0093557046825181
512,632,bernstein,True,True,0.13292838325688378,0.0,False,0.011206940388376486
512,632,betting,True,True,0.027479513049911586,0.0,False,0.011206940388376486
512,633,bernstein,True,True,0.13291626681221252,0.0,False,0.010728904905951483
512,633,betting,True,True,0.027476192594112936,0.0,False,0.010728904905951483
512,634,bernstein,True,True,0.13227000988382043,0.0,False,0.009910166881661141
512,634,betting,True,True,0.02741907869778515,0.0,False,0.009910166881661141
512,635,bernstein,True,True,0.13207867144796687,0.0,False,0.009323781483517962
512,635,betting,True,True,0.027400400642,0.0,False,0.009323781483517962
512,636,bernstein,True,True,0.13235939772973468,0.0,False,0.010095514013645168
512,636,betting,True,True,0.027425148103648156,0.0,False,0.010095514013645168
512,637,bernstein,True,True,0.13247628403386819,0.0,False,0.009887067196465232
512,637,betting,True,True,0.027439868023320657,0.0,False,0.009887067196465232
512,638,bernstein,True,True,0.13164522567676296,0.0,False,0.008525648905558073
512,638,betting,True,True,0.02736569433967817,0.0,False,0.008525648905558073
512,639,bernstein,True,True,0.13233247563134803,0.0,False,0.009547224235142792
512,639,betting,True,True,0.027416091399500075,0.0,False,0.009547224235142792
512,640,bernstein,True,True,0.1317768129934348,0.0,False,0.00881494140162026
512,640,betting,True,True,0.02737273573227872,0.5,False,0.00881494140162026
512,641,bernstein,True,True,0.13298395267616037,0.0,False,0.010979793870322954
512,641,betting,True,True,0.027481669510125317,0.0,False,0.010979793870322954
512,642,bernstein,True,True,0.13220996411989516,0.0,False,0.009912248799775019
512,642,betting,True,True,0.027406956842387364,0.0,False,0.009912248799775019
512,643,bernstein,True,True,0.1327366635816134,0.0,False,0.01074710962273067
512,643,betting,True,True,0.027458664390433096,0.0,False,0.01074710962273067
512,644,bernstein,True,True,0.13186793721821,0.0,False,0.008777536384040068
512,644,betting,True,True,0.027381946293535298,0.0,False,0.008777536384040068
512,645,bernstein,True,True,0.132597962050363,0.0,False,0.010609550813569978
512,645,betting,True,True,0.02744762761678443,0.0,False,0.010609550813569978
512,646,bernstein,True,True,0.13157349970374527,0.0,False,0.008299096040808812
512,646,betting,True,True,0.027353424041575702,0.5,False,0.008299096040808812
512,647,bernstein,True,True,0.13154759306936337,0.0,False,0.008436140528933623
512,647,betting,True,True,0.02735510891161541,0.0,False,0.008436140528933623
512,648,bernstein,True,True,0.13159823973982082,0.0,False,0.008459263318256676
512,648,betting,True,True,0.027363313027635727,0.0,False,0.008459263318256676
512,649,bernstein,True,True,0.1327200947609223,0.0,False,0.010789065364247374
512,649,betting,True,True,0.02745284231277767,0.0,False,0.010789065364247374
512,650,bernstein,True,True,0.13256847069544736,0.0,False,0.010418379016032164
512,650,betting,True,True,0.027441827487273196,0.0,False,0.010418379016032164
512,651,bernstein,True,True,0.1327901895798812,0.0,False,0.010620832380889515
512,651,betting,True,True,0.027462473837331358,0.0,False,0.010620832380889515
512,652,bernstein,True,True,0.13264125924444786,0.0,False,0.010613521764591748
512,652,betting,True,True,0.02744922531932381,0.5,False,0.010613521764591748
512,653,bernstein,True,True,0.13290923763936535,0.0,False,0.011313430234377746
512,653,betting,True,True,0.027476054641265346,0.0,False,0.011313430234377746
512,654,bernstein,True,True,0.13180509808925006,0.0,False,0.00858410474553713
512,654,betting,True,True,0.027371866038156445,0.0,False,0.00858410474553713
512,655,bernstein,True,True,0.13308992993998475,0.0,False,0.011497027634432949
512,655,betting,True,True,0.027495377636187257,0.0,False,0.011497027634432949
512,656,bernstein,True,True,0.1336235362641821,0.0,False,0.012398117814505148
512,656,betting,True,True,0.02755418876324256,0.0,False,0.012398117814505148
512,657,bernstein,True,True,0.13254387989349453,0.0,False,0.010720415691078407
512,657,betting,True,True,0.027441062418802065,0.0,False,0.010720415691078407
512,658,bernstein,True,True,0.13321194196876168,0.0,False,0.011757511791904882
512,658,betting,True,True,0.027503733822122678,0.0,False,0.011757511791904882
512,659,bernstein,True,True,0.13279118276762725,0.0,False,0.010691124029802905
512,659,betting,True,True,0.02747005828583493,0.0,False,0.010691124029802905
512,660,bernstein,True,True,0.13213516864493635,0.0,False,0.00953623995728281
512,660,betting,True,True,0.027408041937342142,0.0,False,0.00953623995728281
512,661,bernstein,True,True,0.13322441034684568,0.0,False,0.011128965474225304
512,661,betting,True,True,0.027511859838668995,0.0,False,0.011128965474225304
512,662,bernstein,True,True,0.13168247170389252,0.0,False,0.008625721091733268
512,662,betting,True,True,0.02736865148457579,0.0,False,0.008625721091733268
512,663,bernstein,True,True,0.13241144781513023,0.0,False,0.010127965492246304
512,663,betting,True,True,0.027429897596703112,0.0,False,0.010127965492246304
512,664,bernstein,True,True,0.13228625798343868,0.0,False,0.009283088858489035
512,664,betting,True,True,0.02741552431773009,0.0,False,0.009283088858489035
512,665,bernstein,True,True,0.13136257898186238,0.0,False,0.007581470161119628
512,665,betting,True,True,0.02734047397607353,0.0,False,0.007581470161119628
512,666,bernstein,True,True,0.13274366871821097,0.0,False,0.010498487072438521
512,666,betting,True,True,0.027458056832692757,0.0,False,0.010498487072438521
512,667,bernstein,True,True,0.1334927440118913,0.0,False,0.01157157700065134
512,667,betting,True,True,0.02753385658066687,0.0,False,0.01157157700065134
512,668,bernstein,True,True,0.13222330499426554,0.0,False,0.009852558182049114
512,668,betting,True,True,0.027409880739323822,0.0,False,0.009852558182049114
512,669,bernstein,True,True,0.13228749312982116,0.0,False,0.009535926069513666
512,669,betting,True,True,0.02741937214526846,0.0,False,0.009535926069513666
512,670,bernstein,True,True,0.1322847391522666,0.0,False,0.00972029140612472
512,670,betting,True,True,0.027415121640151585,0.0,False,0.00972029140612472
512,671,bernstein,True,True,0.13258128426572535,0.0,False,0.01023500918305823
512,671,betting,True,True,0.02745044880291969,0.0,False,0.01023500918305823
512,672,bernstein,True,True,0.13219804668324803,0.0,False,0.009502483867428444
512,672,betting,True,True,0.0274089788184938,0.0,False,0.009502483867428444
512,673,bernstein,True,True,0.13226476407140103,0.0,False,0.01006000978611989
512,673,betting,True,True,0.027415537435554138,0.0,False,0.01006000978611989
512,674,bernstein,True,True,0.13303078767743423,0.0,False,0.011141720849041558
512,674,betting,True,True,0.027487021459055683,0.0,False,0.011141720849041558
512,675,bernstein,True,True,0.13278454971969433,0.0,False,0.010766472420844223
512,675,betting,True,True,0.02745815522077477,0.0,False,0.010766472420844223
512,676,bernstein,True,True,0.132242674959467,0.0,False,0.009635549866292862
512,676,betting,True,True,0.027416498496640962,0.0,False,0.009635549866292862
512,677,bernstein,True,True,0.1317921461901383,0.0,False,0.00884437918938389
512,677,betting,True,True,0.027373522379130044,0.0,False,0.00884437918938389
512,678,bernstein,True,True,0.1323095931924152,0.0,False,0.009998636895701372
512,678,betting,True,True,0.027421291366554246,0.0,False,0.009998636895701372
512,679,bernstein,True,True,0.13157647340701562,0.0,False,0.00848207646081417
512,679,betting,True,True,0.0273584446421955,0.0,False,0.00848207646081417
512,680,bernstein,True,True,0.13262529866939377,0.0,False,0.010141888682413057
512,680,betting,True,True,0.02744599793404634,0.0,False,0.010141888682413057
512,681,bernstein,True,True,0.1339254487045723,0.0,False,0.012929410072072264
512,681,betting,True,True,0.027590810787296527,0.0,False,0.012929410072072264
512,682,bernstein,True,True,0.13211457135094687,0.0,False,0.009009871296841837
512,682,betting,True,True,0.0273989438152058,0.0,False,0.009009871296841837
512,683,bernstein,True,True,0.13262938480498035,0.0,False,0.01037672909473824
512,683,betting,True,True,0.02745413345881398,0.0,False,0.01037672909473824
512,684,bernstein,True,True,0.1319206648376764,0.0,False,0.009032889103101915
512,684,betting,True,True,0.027389847968879666,0.0,False,0.009032889103101915
512,685,bernstein,True,True,0.13234319495416347,0.0,False,0.009668516355647232
512,685,betting,True,True,0.027422006983470193,0.0,False,0.009668516355647232
512,686,bernstein,True,True,0.13214264032645304,0.0,False,0.009456204543363073
512,686,betting,True,True,0.02740258586458355,0.0,False,0.009456204543363073
512,687,bernstein,True,True,0.13303813467156986,0.0,False,0.011130390977916705
512,687,betting,True,True,0.02749176171240819,0.0,False,0.011130390977916705
512,688,bernstein,True,True,0.13353391485318575,0.0,False,0.012400386473142759
512,688,betting,True,True,0.02754098653178516,0.0,False,0.012400386473142759
512,689,bernstein,True,True,0.13185470227159574,0.0,False,0.008660726182206624
512,689,betting,True,True,0.027374091732308425,0.0,False,0.008660726182206624
512,690,bernstein,True,True,0.1336613686787545,0.0,False,0.012134107556049028
512,690,betting,True,True,0.027568480051413546,0.0,False,0.012134107556049028
512,691,bernstein,True,True,0.13223135715071718,0.0,False,0.009631585994631705
512,691,betting,True,True,0.027415171778411573,0.0,False,0.009631585994631705
512,692,bernstein,True,True,0.13400900454376768,0.0,False,0.012855311069015224
512,692,betting,True,True,0.027594132977465047,0.0,False,0.012855311069015224
512,693,bernstein,True,True,0.13281806427428228,0.0,False,0.011055073285451342
512,693,betting,True,True,0.027470537451772525,0.0,False,0.011055073285451342
512,694,bernstein,True,True,0.1320678441023388,0.0,False,0.009299916332816783
512,694,betting,True,True,0.027402050265591282,0.0,False,0.009299916332816783
512,695,bernstein,True,True,0.131651442305391,0.0,False,0.00833874421602489
512,695,betting,True,True,0.027363166468967415,0.0,False,0.00833874421602489
512,696,bernstein,True,True,0.13195810574415245,0.0,False,0.009286127999889975
512,696,betting,True,True,0.02738521610484901,0.0,False,0.009286127999889975
512,697,bernstein,True,True,0.13286558297836099,0.0,False,0.010861318612758464
512,697,betting,True,True,0.02747154070559199,0.0,False,0.010861318612758464
512,698,bernstein,True,True,0.13235465862885143,0.0,False,0.00997961574141636
512,698,betting,True,True,0.027424443099844154,0.0,False,0.00997961574141636
512,699,bernstein,True,True,0.13302993908627458,0.0,False,0.010918113461181982
512,699,betting,True,True,0.027484231130620262,0.0,False,0.010918113461181982
512,700,bernstein,True,True,0.13318294836691047,0.0,False,0.011794023389366587
512,700,betting,True,True,0.027501999821870515,0.0,False,0.011794023389366587
512,701,bernstein,True,True,0.13257600657998592,0.0,False,0.010241697482311993
512,701,betting,True,True,0.027447896193225407,0.0,False,0.010241697482311993
512,702,bernstein,True,True,0.13284004197880958,0.0,False,0.010888712622076024
512,702,betting,True,True,0.027469192637108786,0.0,False,0.010888712622076024
512,703,bernstein,True,True,0.13192594213063347,0.0,False,0.009085018526704281
512,703,betting,True,True,0.027387029296260135,0.0,False,0.009085018526704281
512,704,bernstein,True,True,0.13271209820803231,0.0,False,0.01073432518771215
512,704,betting,True,True,0.02745726537010329,0.0,False,0.01073432518771215
512,705,bernstein,True,True,0.13246792598188162,0.0,False,0.010262975393091522
512,705,betting,True,True,0.027435265476306148,0.0,False,0.010262975393091522
512,706,bernstein,True,True,0.1321648105578262,0.0,False,0.00954143691111841
512,706,betting,True,True,0.02741010426176227,0.0,False,0.00954143691111841
512,707,bernstein,True,True,0.1318295090432985,0.0,False,0.008707831195993908
512,707,betting,True,True,0.02738096845660032,0.0,False,0.008707831195993908
512,708,bernstein,True,True,0.13214794641515287,0.0,False,0.009458837182993562
512,708,betting,True,True,0.027409210286459706,0.0,False,0.009458837182993562
512,709,bernstein,True,True,0.1328503809670757,0.0,False,0.01063855901907982
512,709,betting,True,True,0.02746048256485656,0.0,False,0.01063855901907982
512,710,bernstein,True,True,0.13190810627650806,0.0,False,0.009019798164475656
512,710,betting,True,True,0.02738791800242324,0.0,False,0.009019798164475656
512,711,bernstein,True,True,0.1324762974902779,0.0,False,0.010270952696803148
512,711,betting,True,True,0.02743443401315737,0.0,False,0.010270952696803148
512,712,bernstein,True,True,0.1330160258029644,0.0,False,0.011175207755139305
512,712,betting,True,True,0.027483913701289553,0.0,False,0.011175207755139305
512,713,bernstein,True,True,0.13279991335306038,0.0,False,0.010986940678365597
512,713,betting,True,True,0.027463261773955416,0.0,False,0.010986940678365597
512,714,bernstein,True,True,0.13171253950152154,0.0,False,0.008455465708114354
512,714,betting,True,True,0.027370057028601846,0.0,False,0.008455465708114354
512,715,bernstein,True,True,0.13150648183148303,0.0,False,0.008209082048508426
512,715,betting,True,True,0.02735094568404761,0.0,False,0.008209082048508426
512,716,bernstein,True,True,0.1317266526416357,0.0,False,0.008818767207848535
512,716,betting,True,True,0.027372651729783648,0.0,False,0.008818767207848535
512,717,bernstein,True,True,0.13246366713948357,0.0,False,0.00988981258616594
512,717,betting,True,True,0.027431958076704177,0.0,False,0.00988981258616594
512,718,bernstein,True,True,0.1343487605135127,0.0,False,0.012443411455761583
512,718,betting,True,True,0.027627688762986602,0.0,False,0.012443411455761583
512,719,bernstein,True,True,0.13173955670698476,0.0,False,0.008731206049002477
512,719,betting,True,True,0.027373848224997333,0.0,False,0.008731206049002477
512,720,bernstein,True,True,0.13380531338442664,0.0,False,0.012980377382928331
512,720,betting,True,True,0.02757390871320231,0.0,False,0.012980377382928331
512,721,bernstein,True,True,0.13303250063116107,0.0,False,0.010799771416073838
512,721,betting,True,True,0.027488327672981594,0.0,False,0.010799771416073838
512,722,bernstein,True,True,0.13318238470658078,0.0,False,0.011576662754843738
512,722,betting,True,True,0.027505570933753942,0.0,False,0.011576662754843738
512,723,bernstein,True,True,0.13191639199702715,0.0,False,0.009029423654079586
512,723,betting,True,True,0.027385224503777894,0.0,False,0.009029423654079586
512,724,bernstein,True,True,0.13298964880508868,0.0,False,0.011093054034904324
512,724,betting,True,True,0.027486074519438297,0.0,False,0.011093054034904324
512,725,bernstein,True,True,0.13222001121828791,0.0,False,0.009313511611338966
512,725,betting,True,True,0.027405669931031218,0.0,False,0.009313511611338966
512,726,bernstein,True,True,0.13264981903624284,0.0,False,0.010241653168577659
512,726,betting,True,True,0.027449700127326615,0.0,False,0.010241653168577659
512,727,bernstein,True,True,0.1321122737524677,0.0,False,0.009386208575446389
512,727,betting,True,True,0.02740194040601629,0.0,False,0.009386208575446389
512,728,bernstein,True,True,0.13232500943264294,0.0,False,0.009211593196937545
512,728,betting,True,True,0.0274193831589582,0.0,False,0.009211593196937545
512,729,bernstein,True,True,0.13172537600870038,0.0,False,0.0075778444434916456
512,729,betting,True,True,0.027363466572205786,0.0,False,0.0075778444434916456
512,730,bernstein,True,True,0.13266301732454974,0.0,False,0.010456559684304189
512,730,betting,True,True,0.027455157450240186,0.0,False,0.010456559684304189
512,731,bernstein,True,True,0.13270120159828314,0.0,False,0.010619736676720176
512,731,betting,True,True,0.027454845954744123,0.0,False,0.010619736676720176
512,732,bernstein,True,True,0.13321929155567958,0.0,False,0.011665384409234819
512,732,betting,True,True,0.02751425505208316,0.0,False,0.011665384409234819
512,733,bernstein,True,True,0.13309413515369795,0.0,False,0.01120979614098263
512,733,betting,True,True,0.027495693951823275,0.0,False,0.01120979614098263
512,734,bernstein,True,True,0.13280398038156807,0.0,False,0.010398386861080113
512,734,betting,True,True,0.02746419177045023,0.0,False,0.010398386861080113
512,735,bernstein,True,True,0.13221548698932345,0.0,False,0.00945548538067913
512,735,betting,True,True,0.027412093971543094,0.0,False,0.00945548538067913
512,736,bernstein,True,True,0.1319654749564774,0.0,False,0.008908163300622197
512,736,betting,True,True,0.027388891006012273,0.0,False,0.008908163300622197
512,737,bernstein,True,True,0.13211970428033729,0.0,False,0.009295024875880086
512,737,betting,True,True,0.02739987268920241,0.0,False,0.009295024875880086
512,738,bernstein,True,True,0.13192199480327244,0.0,False,0.008874310083502621
512,738,betting,True,True,0.02738355855333796,0.0,False,0.008874310083502621
512,739,bernstein,True,True,0.13292392541252412,0.0,False,0.010073170756825645
512,739,betting,True,True,0.027468242197937864,0.0,False,0.010073170756825645
512,740,bernstein,True,True,0.13218616198005675,0.0,False,0.009476988141019093
512,740,betting,True,True,0.02740814550212234,0.0,False,0.009476988141019093
512,741,bernstein,True,True,0.1320483840184631,0.0,False,0.009468508406249453
512,741,betting,True,True,0.02739726182844604,0.0,False,0.009468508406249453
512,742,bernstein,True,True,0.13147808813561473,0.0,False,0.008073699951854054
512,742,betting,True,True,0.027350160797977918,0.0,False,0.008073699951854054
512,743,bernstein,True,True,0.13177483047873706,0.0,False,0.008555417050034908
512,743,betting,True,True,0.027374769712514513,0.0,False,0.008555417050034908
512,744,bernstein,True,True,0.13182905238421921,0.0,False,0.008545917895134791
512,744,betting,True,True,0.027382521373656377,0.0,False,0.008545917895134791
512,745,bernstein,True,True,0.1323109116273786,0.0,False,0.009958491943237585
512,745,betting,True,True,0.02742159032528435,0.0,False,0.009958491943237585
512,746,bernstein,True,True,0.1325736225612022,0.0,False,0.01036897302839293
512,746,betting,True,True,0.027444324614734783,0.0,False,0.01036897302839293
512,747,bernstein,True,True,0.13263844689943227,0.0,False,0.010587985657981929
512,747,betting,True,True,0.027451062483778488,0.0,False,0.010587985657981929
512,748,bernstein,True,True,0.13316501381567997,0.0,False,0.011514063839412489
512,748,betting,True,True,0.02750354237672581,0.0,False,0.011514063839412489
512,749,bernstein,True,True,0.1325098386258861,0.0,False,0.009669541602790332
512,749,betting,True,True,0.02743105754689157,0.0,False,0.009669541602790332
512,750,bernstein,True,True,0.13188097893289258,0.0,False,0.0088988458514155
512,750,betting,True,True,0.02738237165438484,0.0,False,0.0088988458514155
512,751,bernstein,True,True,0.13226488208374593,0.0,False,0.009637621266624423
512,751,betting,True,True,0.02741437995926388,0.0,False,0.009637621266624423
512,752,bernstein,True,True,0.13263486437310204,0.0,False,0.010673153989028676
512,752,betting,True,True,0.027445486796714325,0.0,False,0.010673153989028676
512,753,bernstein,True,True,0.13273929161788445,0.0,False,0.010855513676375226
512,753,betting,True,True,0.027457401857100106,0.0,False,0.010855513676375226
512,754,bernstein,True,True,0.132148369047152,0.0,False,0.009570916711418498
512,754,betting,True,True,0.02740892517627802,0.0,False,0.009570916711418498
512,755,bernstein,True,True,0.1317902559062657,0.0,False,0.008697779583415714
512,755,betting,True,True,0.027376037567810374,0.0,False,0.008697779583415714
512,756,bernstein,True,True,0.13293853263144256,0.0,False,0.010567782953075706
512,756,betting,True,True,0.02748046803630133,0.0,False,0.010567782953075706
512,757,bernstein,True,True,0.13233634163336105,0.0,False,0.010050269847710857
512,757,betting,True,True,0.027423232201435832,0.0,False,0.010050269847710857
512,758,bernstein,True,True,0.13240979101141317,0.0,False,0.009321161483456429
512,758,betting,True,True,0.027413444750854943,0.0,False,0.009321161483456429
512,759,bernstein,True,True,0.13156076847886794,0.0,False,0.008330697960912865
512,759,betting,True,True,0.027355886758960057,0.0,False,0.008330697960912865
512,760,bernstein,True,True,0.13187661396557016,0.0,False,0.008980019582116255
512,760,betting,True,True,0.02737757760034587,0.0,False,0.008980019582116255
512,761,bernstein,True,True,0.13270252019678455,0.0,False,0.010458019344921929
512,761,betting,True,True,0.02745692358035734,0.0,False,0.010458019344921929
512,762,bernstein,True,True,0.1320610458190382,0.0,False,0.009236306913230258
512,762,betting,True,True,0.027389756403827015,0.0,False,0.009236306913230258
512,763,bernstein,True,True,0.13260341352908794,0.0,False,0.010216046796362495
512,763,betting,True,True,0.027447909060138054,0.0,False,0.010216046796362495
512,764,bernstein,True,True,0.13269073815681764,0.0,False,0.010799650273772957
512,764,betting,True,True,0.027453523185067774,0.0,False,0.010799650273772957
512,765,bernstein,True,True,0.13319491767469102,0.0,False,0.010693949858160317
512,765,betting,True,True,0.027508250134851475,0.0,False,0.010693949858160317
512,766,bernstein,True,True,0.1327483217907641,0.0,False,0.010503979294660808
512,766,betting,True,True,0.02746501479945429,0.0,False,0.010503979294660808
512,767,bernstein,True,True,0.13163874799203967,0.0,False,0.008312053148196816
512,767,betting,True,True,0.02735724322559696,0.0,False,0.008312053148196816
512,768,bernstein,True,True,0.13262222703015641,0.0,False,0.010247179468340945
512,768,betting,True,True,0.027449494269931263,0.0,False,0.010247179468340945
512,769,bernstein,True,True,0.13159655903121698,0.0,False,0.008213158895942462
512,769,betting,True,True,0.02736018973977483,0.0,False,0.008213158895942462
512,770,bernstein,True,True,0.13140957099452805,0.0,False,0.008081238468048783
512,770,betting,True,True,0.027342421290632024,0.5,False,0.008081238468048783
512,771,bernstein,True,True,0.1323646092202624,0.0,False,0.009933608574360861
512,771,betting,True,True,0.027421837169276708,0.0,False,0.009933608574360861
512,772,bernstein,True,True,0.1331433134247502,0.0,False,0.01170702751849709
512,772,betting,True,True,0.027499758857338796,0.0,False,0.01170702751849709
512,773,bernstein,True,True,0.13227103771628068,0.0,False,0.009708253915446746
512,773,betting,True,True,0.027417615307676835,0.0,False,0.009708253915446746
512,774,bernstein,True,True,0.13259853767939409,0.0,False,0.009717665524858206
512,774,betting,True,True,0.027440425064232832,0.0,False,0.009717665524858206
512,775,bernstein,True,True,0.13219733644904044,0.0,False,0.009479687533639623
512,775,betting,True,True,0.02741028724660277,0.0,False,0.009479687533639623
512,776,bernstein,True,True,0.13273200378582523,0.0,False,0.010309547402045338
512,776,betting,True,True,0.02745814413225167,0.0,False,0.010309547402045338
512,777,bernstein,True,True,0.13400925297734134,0.0,False,0.013221314882142843
512,777,betting,True,True,0.02759295412968643,0.0,False,0.013221314882142843
512,778,bernstein,True,True,0.1325414948368897,0.0,False,0.009984457565513296
512,778,betting,True,True,0.027440961957399868,0.0,False,0.009984457565513296
512,779,bernstein,True,True,0.13283523663959793,0.0,False,0.01100672145175887
512,779,betting,True,True,0.02746675547747135,0.0,False,0.01100672145175887
512,780,bernstein,True,True,0.13297442068603865,0.0,False,0.011309495085598925
512,780,betting,True,True,0.027480726360590735,0.0,False,0.011309495085598925
512,781,bernstein,True,True,0.1326367438054714,0.0,False,0.010205862444502925
512,781,betting,True,True,0.02745199215452898,0.0,False,0.010205862444502925
512,782,bernstein,True,True,0.1320346764826242,0.0,False,0.009106060638151165
512,782,betting,True,True,0.027392841614782837,0.0,False,0.009106060638151165
512,783,bernstein,True,True,0.13255969171912443,0.0,False,0.010347613978427359
512,783,betting,True,True,0.02744415655692134,0.0,False,0.010347613978427359
512,784,bernstein,True,True,0.13274423237965882,0.0,False,0.010543579714887567
512,784,betting,True,True,0.027465078623390538,0.0,False,0.010543579714887567
512,785,bernstein,True,True,0.13241784883210145,0.0,False,0.01012123968677782
512,785,betting,True,True,0.027422654656220402,0.0,False,0.01012123968677782
512,786,bernstein,True,True,0.1326869874003505,0.0,False,0.01054445415819599
512,786,betting,True,True,0.02745555495112051,0.0,False,0.01054445415819599
512,787,bernstein,True,True,0.1328350492987391,0.0,False,0.009899531405594533
512,787,betting,True,True,0.027462268318886318,0.0,False,0.009899531405594533
512,788,bernstein,True,True,0.13194413977690111,0.0,False,0.009069068700429998
512,788,betting,True,True,0.027388026158441714,0.0,False,0.009069068700429998
512,789,bernstein,True,True,0.13281651503072764,0.0,False,0.010654524183668412
512,789,betting,True,True,0.027466758959417303,0.0,False,0.010654524183668412
512,790,bernstein,True,True,0.13249721982860657,0.0,False,0.010330963488153256
512,790,betting,True,True,0.02743711758979761,0.0,False,0.010330963488153256
512,791,bernstein,True,True,0.1325403226554951,0.0,False,0.010302197802197805
512,791,betting,True,True,0.027446531420100673,0.0,False,0.010302197802197805
512,792,bernstein,True,True,0.13207863259815897,0.0,False,0.009546700943211882
512,792,betting,True,True,0.02740279961028136,0.0,False,0.009546700943211882
512,793,bernstein,True,True,0.1319880789526282,0.0,False,0.009107158453545414
512,793,betting,True,True,0.027391857483053172,0.0,False,0.009107158453545414
512,794,bernstein,True,True,0.13215998076008534,0.0,False,0.009406452216206156
512,794,betting,True,True,0.027407222782058094,0.0,False,0.009406452216206156
512,795,bernstein,True,True,0.13185321467998068,0.0,False,0.009046221901996002
512,795,betting,True,True,0.02737748287909192,0.0,False,0.009046221901996002
512,796,bernstein,True,True,0.13265739409914468,0.0,False,0.010323697778945116
512,796,betting,True,True,0.027454832603616475,0.0,False,0.010323697778945116
512,797,bernstein,True,True,0.13182811723623683,0.0,False,0.008727830247715482
512,797,betting,True,True,0.02737357182188138,0.0,False,0.008727830247715482
512,798,bernstein,True,True,0.13091343135447822,0.0,False,0.00693922827681222
512,798,betting,True,True,0.02731281530392149,0.5,False,0.00693922827681222
512,799,bernstein,True,True,0.1318551464358188,0.0,False,0.008854637838585287
512,799,betting,True,True,0.027383589745586523,0.0,False,0.008854637838585287
512,800,bernstein,True,True,0.13198290458279466,0.0,False,0.009296673129823015
512,800,betting,True,True,0.02738866121078909,0.0,False,0.009296673129823015
512,801,bernstein,True,True,0.13315944938160035,0.0,False,0.011118595038567486
512,801,betting,True,True,0.02749323232172174,0.0,False,0.011118595038567486
512,802,bernstein,True,True,0.1346053338159369,0.0,False,0.013428195997423611
512,802,betting,True,True,0.02766669360895324,0.0,False,0.013428195997423611
512,803,bernstein,True,True,0.13265945811293384,0.0,False,0.010464625619057963
512,803,betting,True,True,0.027448718016094165,0.0,False,0.010464625619057963
512,804,bernstein,True,True,0.13269393103206908,0.0,False,0.01061026744728692
512,804,betting,True,True,0.027456891604560885,0.0,False,0.01061026744728692
512,805,bernstein,True,True,0.1318311579570191,0.0,False,0.008564224184620401
512,805,betting,True,True,0.027380144718881616,0.0,False,0.008564224184620401
512,806,bernstein,True,True,0.13244459559256216,0.0,False,0.00995565476098274
512,806,betting,True,True,0.02743121650586544,0.0,False,0.00995565476098274
512,807,bernstein,True,True,0.13193446829437105,0.0,False,0.009141793147464727
512,807,betting,True,True,0.027387167227097997,0.0,False,0.009141793147464727
512,808,bernstein,True,True,0.13210639437920638,0.0,False,0.00919657770520372
512,808,betting,True,True,0.027391280285592123,0.0,False,0.00919657770520372
512,809,bernstein,True,True,0.13121813654208364,0.0,False,0.007589913492819832
512,809,betting,True,True,0.027329095861678088,0.5,False,0.007589913492819832
512,810,bernstein,True,True,0.13262395009971992,0.0,False,0.010553349334869096
512,810,betting,True,True,0.027450403348339036,0.0,False,0.010553349334869096
512,811,bernstein,True,True,0.13128277857260418,0.0,False,0.0079452322369467
512,811,betting,True,True,0.02733470699327889,0.5,False,0.0079452322369467
512,812,bernstein,True,True,0.13307207432948576,0.0,False,0.011347161414357964
512,812,betting,True,True,0.027496745208954954,0.0,False,0.011347161414357964
512,813,bernstein,True,True,0.13203485481130145,0.0,False,0.009236567933865259
512,813,betting,True,True,0.027394936601704223,0.0,False,0.009236567933865259
512,814,bernstein,True,True,0.13169662592873632,0.0,False,0.008562818930217386
512,814,betting,True,True,0.027373645959596682,0.0,False,0.008562818930217386
512,815,bernstein,True,True,0.1330751653621004,0.0,False,0.0114988749731423
512,815,betting,True,True,0.027494839519276892,0.0,False,0.0114988749731423
512,816,bernstein,True,True,0.1319764524766731,0.0,False,0.009103929385365556
512,816,betting,True,True,0.027390768056575365,0.0,False,0.009103929385365556
512,817,bernstein,True,True,0.1328588607268285,0.0,False,0.010522284761302706
512,817,betting,True,True,0.027469999365675957,0.0,False,0.010522284761302706
512,818,bernstein,True,True,0.13218901483452045,0.0,False,0.008937770127756237
512,818,betting,True,True,0.02740439575452902,0.0,False,0.008937770127756237
512,819,bernstein,True,True,0.13289311724065156,0.0,False,0.010706865454128092
512,819,betting,True,True,0.027473623301011774,0.0,False,0.010706865454128092
512,820,bernstein,True,True,0.13217530536117988,0.0,False,0.009447223057998876
512,820,betting,True,True,0.027406955627448104,0.0,False,0.009447223057998876
512,821,bernstein,True,True,0.1315804295875434,0.0,False,0.008487896697990754
512,821,betting,True,True,0.02735580544605909,0.0,False,0.008487896697990754
512,822,bernstein,True,True,0.1333413165311062,0.0,False,0.01215167911339549
512,822,betting,True,True,0.027518525185514564,0.0,False,0.01215167911339549
512,823,bernstein,True,True,0.13224732561802616,0.0,False,0.01006774438323401
512,823,betting,True,True,0.027411963744125467,0.0,False,0.01006774438323401
512,824,bernstein,True,True,0.13248570008141597,0.0,False,0.010368492979946197
512,824,betting,True,True,0.027431310131032616,0.0,False,0.010368492979946197
512,825,bernstein,True,True,0.13217823810465307,0.0,False,0.009533315329712027
512,825,betting,True,True,0.027404097548533235,0.0,False,0.009533315329712027
512,826,bernstein,True,True,0.13254984314768103,0.0,False,0.010113172496976769
512,826,betting,True,True,0.0274442914636166,0.0,False,0.010113172496976769
512,827,bernstein,True,True,0.13315415978253625,0.0,False,0.01178405663858724
512,827,betting,True,True,0.02750236523250338,0.0,False,0.01178405663858724
512,828,bernstein,True,True,0.1325466081859352,0.0,False,0.009959200720246095
512,828,betting,True,True,0.02743017573859108,0.0,False,0.009959200720246095
512,829,bernstein,True,True,0.13238516327044947,0.0,False,0.010178192848180058
512,829,betting,True,True,0.0274255135274869,0.0,False,0.010178192848180058
512,830,bernstein,True,True,0.13210633559920415,0.0,False,0.009267772599043898
512,830,betting,True,True,0.027401155106163033,0.0,False,0.009267772599043898
512,831,bernstein,True,True,0.1328313922224536,0.0,False,0.010789316930393655
512,831,betting,True,True,0.027467925921919156,0.0,False,0.010789316930393655
512,832,bernstein,True,True,0.1326931974638102,0.0,False,0.010541716379452427
512,832,betting,True,True,0.027457746939508088,0.0,False,0.010541716379452427
512,833,bernstein,True,True,0.13308295838650563,0.0,False,0.011225414039386303
512,833,betting,True,True,0.027501227811517426,0.0,False,0.011225414039386303
512,834,bernstein,True,True,0.13228544304573137,0.0,False,0.009924479040603104
512,834,betting,True,True,0.027418958542039018,0.0,False,0.009924479040603104
512,835,bernstein,True,True,0.1316111702285755,0.0,False,0.008115589795447603
512,835,betting,True,True,0.027364548986370196,0.0,False,0.008115589795447603
512,836,bernstein,True,True,0.13334453855763395,0.0,False,0.01157326984066683
512,836,betting,True,True,0.02752350496240974,0.0,False,0.01157326984066683
512,837,bernstein,True,True,0.13231262130485305,0.0,False,0.009657038170560853
512,837,betting,True,True,0.02741791410353478,0.0,False,0.009657038170560853
512,838,bernstein,True,True,0.1314733560446122,0.0,False,0.007944751216720215
512,838,betting,True,True,0.027349204772726843,0.0,False,0.007944751216720215
512,839,bernstein,True,True,0.13311478753764422,0.0,False,0.011406533516318505
512,839,betting,True,True,0.027498436571877227,0.0,False,0.011406533516318505
512,840,bernstein,True,True,0.13254543448155895,0.0,False,0.010446332394806319
512,840,betting,True,True,0.02744455910244159,0.0,False,0.010446332394806319
512,841,bernstein,True,True,0.13259717545256736,0.0,False,0.010096600821623346
512,841,betting,True,True,0.027435879694203358,0.0,False,0.010096600821623346
512,842,bernstein,True,True,0.13201085120739223,0.0,False,0.009184923908855516
512,842,betting,True,True,0.027390753600557205,0.0,False,0.009184923908855516
512,843,bernstein,True,True,0.13307158149008372,0.0,False,0.011405958945622914
512,843,betting,True,True,0.027495356383551495,0.0,False,0.011405958945622914
512,844,bernstein,True,True,0.13224969520951302,0.0,False,0.009403301941191287
512,844,betting,True,True,0.02741437120817858,0.0,False,0.009403301941191287
512,845,bernstein,True,True,0.1335797572762393,0.0,False,0.012425538766903091
512,845,betting,True,True,0.0275495269219026,0.0,False,0.012425538766903091
512,846,bernstein,True,True,0.13234942466356797,0.0,False,0.009927659588710834
512,846,betting,True,True,0.027425342507158335,0.0,False,0.009927659588710834
512,847,bernstein,True,True,0.1328433455856204,0.0,False,0.010881769475950877
512,847,betting,True,True,0.027467705705348622,0.0,False,0.010881769475950877
512,848,bernstein,True,True,0.1313059043561812,0.0,False,0.007894098528114419
512,848,betting,True,True,0.027338695326798224,0.0,False,0.007894098528114419
512,849,bernstein,True,True,0.13156016783538846,0.0,False,0.008089582153373492
512,849,betting,True,True,0.027355774865682192,0.0,False,0.008089582153373492
512,850,bernstein,True,True,0.1315051795318031,0.0,False,0.008226795039982904
512,850,betting,True,True,0.02735105402054616,0.5,False,0.008226795039982904
512,851,bernstein,True,True,0.13253104964538082,0.0,False,0.009983184683896595
512,851,betting,True,True,0.027440419275662764,0.0,False,0.009983184683896595
512,852,bernstein,True,True,0.1326718514085654,0.0,False,0.010283859639392462
512,852,betting,True,True,0.027450686614101882,0.0,False,0.010283859639392462
512,853,bernstein,True,True,0.132475775326728,0.0,False,0.009677950663303053
512,853,betting,True,True,0.027430838267937463,0.0,False,0.009677950663303053
512,854,bernstein,True,True,0.13236135996363244,0.0,False,0.009878287725441083
512,854,betting,True,True,0.02742251108207716,0.0,False,0.009878287725441083
512,855,bernstein,True,True,0.13276600522518783,0.0,False,0.010621228353503813
512,855,betting,True,True,0.027457461080994117,0.0,False,0.010621228353503813
512,856,bernstein,True,True,0.13220854413755317,0.0,False,0.009626378195079903
512,856,betting,True,True,0.027413617413112656,0.0,False,0.009626378195079903
512,857,bernstein,True,True,0.13245114806073122,0.0,False,0.01002391897326917
512,857,betting,True,True,0.027427832063258495,0.0,False,0.01002391897326917
512,858,bernstein,True,True,0.1326410789397885,0.0,False,0.010619736676720185
512,858,betting,True,True,0.027453982044789882,0.0,False,0.010619736676720185
512,859,bernstein,True,True,0.13105628955912038,0.0,False,0.007013120817015033
512,859,betting,True,True,0.02732032903943027,0.5,False,0.007013120817015033
512,860,bernstein,True,True,0.13266963663309975,0.0,False,0.010601715096100748
512,860,betting,True,True,0.02745119152707043,0.0,False,0.010601715096100748
512,861,bernstein,True,True,0.13260583712458857,0.0,False,0.010152756931446984
512,861,betting,True,True,0.02744428144036637,0.0,False,0.010152756931446984
512,862,bernstein,True,True,0.13260517070985278,0.0,False,0.010338836673254692
512,862,betting,True,True,0.0274507581986837,0.0,False,0.010338836673254692
512,863,bernstein,True,True,0.13202813260451285,0.0,False,0.00913876521750444
512,863,betting,True,True,0.027396629320428523,0.0,False,0.00913876521750444
512,864,bernstein,True,True,0.1335641897308402,0.0,False,0.011628961122590957
512,864,betting,True,True,0.027536456449743008,0.0,False,0.011628961122590957
512,865,bernstein,True,True,0.13207057474928893,0.0,False,0.009319728777201303
512,865,betting,True,True,0.02739843262505015,0.0,False,0.009319728777201303
512,866,bernstein,True,True,0.13224298862552664,0.0,False,0.00962788745993845
512,866,betting,True,True,0.027412549221662585,0.0,False,0.00962788745993845
512,867,bernstein,True,True,0.1324090795746382,0.0,False,0.01000311818644941
512,867,betting,True,True,0.027422828806338617,0.0,False,0.01000311818644941
512,868,bernstein,True,True,0.13180279274380552,0.0,False,0.008743005556743389
512,868,betting,True,True,0.027377595890466178,0.0,False,0.008743005556743389
512,869,bernstein,True,True,0.13103002491035343,0.0,False,0.007155035848397889
512,869,betting,True,True,0.027319483283135937,0.5,False,0.007155035848397889
512,870,bernstein,True,True,0.13248109973160827,0.0,False,0.010015651009588582
512,870,betting,True,True,0.02743201901295833,0.0,False,0.010015651009588582
512,871,bernstein,True,True,0.13216278964548162,0.0,False,0.009911161947900374
512,871,betting,True,True,0.027405163112016573,0.0,False,0.009911161947900374
512,872,bernstein,True,True,0.1324787999070512,0.0,False,0.010414676266589016
512,872,betting,True,True,0.02743121641782631,0.0,False,0.010414676266589016
512,873,bernstein,True,True,0.13230631715671518,0.0,False,0.009881586886455636
512,873,betting,True,True,0.02741996100350652,0.0,False,0.009881586886455636
512,874,bernstein,True,True,0.13277259810408487,0.0,False,0.01067797393419364
512,874,betting,True,True,0.027467460494481233,0.0,False,0.01067797393419364
512,875,bernstein,True,True,0.13177497921755282,0.0,False,0.008721178703122138
512,875,betting,True,True,0.02736640530813017,0.0,False,0.008721178703122138
512,876,bernstein,True,True,0.13169185612243622,0.0,False,0.007984618916057694
512,876,betting,True,True,0.02736305617359902,0.0,False,0.007984618916057694
512,877,bernstein,True,True,0.132217321044502,0.0,False,0.009549710962188051
512,877,betting,True,True,0.02741405532393415,0.0,False,0.009549710962188051
512,878,bernstein,True,True,0.13213810079488453,0.0,False,0.00947257139466309
512,878,betting,True,True,0.02740525921548398,0.0,False,0.00947257139466309
512,879,bernstein,True,True,0.1332669348511571,0.0,False,0.011714789914321764
512,879,betting,True,True,0.027515813524405575,0.0,False,0.011714789914321764
512,880,bernstein,True,True,0.13308347092618067,0.0,False,0.011098526033463629
512,880,betting,True,True,0.027497640821784408,0.0,False,0.011098526033463629
512,881,bernstein,True,True,0.13230787082254888,0.0,False,0.00956028727502542
512,881,betting,True,True,0.027417426697138647,0.0,False,0.00956028727502542
512,882,bernstein,True,True,0.13312734872137316,0.0,False,0.011483942182121263
512,882,betting,True,True,0.027498292601558227,0.0,False,0.011483942182121263
512,883,bernstein,True,True,0.13180022622629656,0.0,False,0.008665965537087587
512,883,betting,True,True,0.027380946231132852,0.0,False,0.008665965537087587
512,884,bernstein,True,True,0.13291634965015905,0.0,False,0.010987284053142428
512,884,betting,True,True,0.027474066815520892,0.0,False,0.010987284053142428
512,885,bernstein,True,True,0.13198126357795587,0.0,False,0.00915313781917703
512,885,betting,True,True,0.02738978972662154,0.0,False,0.00915313781917703
512,886,bernstein,True,True,0.13255890895228256,0.0,False,0.01011818407961963
512,886,betting,True,True,0.027447030161529273,0.0,False,0.01011818407961963
512,887,bernstein,True,True,0.13269572615901196,0.0,False,0.01036771511576183
512,887,betting,True,True,0.027452388409656026,0.0,False,0.01036771511576183
512,888,bernstein,True,True,0.13228826460800652,0.0,False,0.009580362757452129
512,888,betting,True,True,0.027408429278511948,0.0,False,0.009580362757452129
512,889,bernstein,True,True,0.13221592972674268,0.0,False,0.009554153850778367
512,889,betting,True,True,0.027410320670642196,0.0,False,0.009554153850778367
512,890,bernstein,True,True,0.13201006273875787,0.0,False,0.008814741530501873
512,890,betting,True,True,0.027388279499718893,0.0,False,0.008814741530501873
512,891,bernstein,True,True,0.1332480065081491,0.0,False,0.011662409028182226
512,891,betting,True,True,0.027512477670570634,0.0,False,0.011662409028182226
512,892,bernstein,True,True,0.13256746865650232,0.0,False,0.010296289324281923
512,892,betting,True,True,0.027446052271770882,0.0,False,0.010296289324281923
512,893,bernstein,True,True,0.1322957958764462,0.0,False,0.009960783090402683
512,893,betting,True,True,0.027418696837048673,0.0,False,0.009960783090402683
512,894,bernstein,True,True,0.13262989659852897,0.0,False,0.010828717829351844
512,894,betting,True,True,0.027448050803068447,0.0,False,0.010828717829351844
512,895,bernstein,True,True,0.13240341002372158,0.0,False,0.010060023449629765
512,895,betting,True,True,0.027427261415905346,0.0,False,0.010060023449629765
512,896,bernstein,True,True,0.13213063684433585,0.0,False,0.009382879879735908
512,896,betting,True,True,0.027405305995052975,0.0,False,0.009382879879735908
512,897,bernstein,True,True,0.13261900261482082,0.0,False,0.010494490290207813
512,897,betting,True,True,0.027444249094805917,0.0,False,0.010494490290207813
512,898,bernstein,True,True,0.13272893283567197,0.0,False,0.010363878329496876
512,898,betting,True,True,0.027463574158646198,0.0,False,0.010363878329496876
512,899,bernstein,True,True,0.13235818409089484,0.0,False,0.010059550997275499
512,899,betting,True,True,0.027424133048189026,0.0,False,0.010059550997275499
512,900,bernstein,True,True,0.13349902311389655,0.0,False,0.012050356689107094
512,900,betting,True,True,0.027530888290020816,0.0,False,0.012050356689107094
512,901,bernstein,True,True,0.13214433717093613,0.0,False,0.009369771080181832
512,901,betting,True,True,0.027406087346353192,0.0,False,0.009369771080181832
512,902,bernstein,True,True,0.131782771411315,0.0,False,0.008781892470380099
512,902,betting,True,True,0.027375044671789528,0.0,False,0.008781892470380099
512,903,bernstein,True,True,0.13177355466359353,0.0,False,0.008741526031199452
512,903,betting,True,True,0.02737295943519702,0.0,False,0.008741526031199452
512,904,bernstein,True,True,0.13219515345857652,0.0,False,0.009392949846337711
512,904,betting,True,True,0.02740575363859521,0.0,False,0.009392949846337711
512,905,bernstein,True,True,0.13230189723023006,0.0,False,0.009719608305456129
512,905,betting,True,True,0.027420657322254516,0.0,False,0.009719608305456129
512,906,bernstein,True,True,0.13310449498229548,0.0,False,0.011346494820117087
512,906,betting,True,True,0.027491503771089,0.0,False,0.011346494820117087
512,907,bernstein,True,True,0.13251659286162998,0.0,False,0.009897695536818803
512,907,betting,True,True,0.0274362239886613,0.0,False,0.009897695536818803
512,908,bernstein,True,True,0.13275869947796431,0.0,False,0.010758921724917284
512,908,betting,True,True,0.027464169148806894,0.0,False,0.010758921724917284
512,909,bernstein,True,True,0.13193067793220764,0.0,False,0.008869965725834825
512,909,betting,True,True,0.027385651621007034,0.0,False,0.008869965725834825
512,910,bernstein,True,True,0.13216780637759512,0.0,False,0.009477128760739993
512,910,betting,True,True,0.02740276125605312,0.0,False,0.009477128760739993
512,911,bernstein,True,True,0.1331094159372344,0.0,False,0.011073337436133594
512,911,betting,True,True,0.027494458138353384,0.0,False,0.011073337436133594
512,912,bernstein,True,True,0.13152812296017374,0.0,False,0.007832442293313535
512,912,betting,True,True,0.02734975635961745,0.0,False,0.007832442293313535
512,913,bernstein,True,True,0.13282530212320423,0.0,False,0.01067303352473475
512,913,betting,True,True,0.02746657535390118,0.0,False,0.01067303352473475
512,914,bernstein,True,True,0.13172913660316987,0.0,False,0.008568911584795561
512,914,betting,True,True,0.027369384555240628,0.0,False,0.008568911584795561
512,915,bernstein,True,True,0.1329651163310291,0.0,False,0.0109386977114118
512,915,betting,True,True,0.027486791100382102,0.0,False,0.0109386977114118
512,916,bernstein,True,True,0.1322405789230553,0.0,False,0.009772315319191748
512,916,betting,True,True,0.02741191878256366,0.0,False,0.009772315319191748
512,917,bernstein,True,True,0.13300648795202916,0.0,False,0.011095098181964726
512,917,betting,True,True,0.027485243800219883,0.0,False,0.011095098181964726
512,918,bernstein,True,True,0.13304299508580247,0.0,False,0.011151595788991756
512,918,betting,True,True,0.027491924175337745,0.0,False,0.011151595788991756
512,919,bernstein,True,True,0.13223234865253428,0.0,False,0.009827171652932091
512,919,betting,True,True,0.027411692839050428,0.0,False,0.009827171652932091
512,920,bernstein,True,True,0.1323454887187815,0.0,False,0.009842392384525531
512,920,betting,True,True,0.027420853605399365,0.0,False,0.009842392384525531
512,921,bernstein,True,True,0.13274322922780296,0.0,False,0.010292453804071594
512,921,betting,True,True,0.02746024493855659,0.0,False,0.010292453804071594
512,922,bernstein,True,True,0.13176158440158448,0.0,False,0.008726689986616718
512,922,betting,True,True,0.02736796336226688,0.0,False,0.008726689986616718
512,923,bernstein,True,True,0.1317255862129144,0.0,False,0.00867877226467488
512,923,betting,True,True,0.02736922905180117,0.0,False,0.00867877226467488
512,924,bernstein,True,True,0.13289275170667947,0.0,False,0.01107168031851348
512,924,betting,True,True,0.027470366264169543,0.0,False,0.01107168031851348
512,925,bernstein,True,True,0.1315324620758675,0.0,False,0.00784073538359779
512,925,betting,True,True,0.02734920784088901,0.0,False,0.00784073538359779
512,926,bernstein,True,True,0.13220662360467844,0.0,False,0.00967741955416837
512,926,betting,True,True,0.027410180081024027,0.0,False,0.00967741955416837
512,927,bernstein,True,True,0.13230975628504366,0.0,False,0.009821823375835679
512,927,betting,True,True,0.02741660804367707,0.0,False,0.009821823375835679
512,928,bernstein,True,True,0.1320819661929603,0.0,False,0.009111323616538155
512,928,betting,True,True,0.027403669779814677,0.0,False,0.009111323616538155
512,929,bernstein,True,True,0.1314084849251998,0.0,False,0.007948317282932672
512,929,betting,True,True,0.027343418615018877,0.0,False,0.007948317282932672
512,930,bernstein,True,True,0.13270526270904096,0.0,False,0.010817343826203356
512,930,betting,True,True,0.027453348625567697,0.0,False,0.010817343826203356
512,931,bernstein,True,True,0.13257494431956776,0.0,False,0.010424084065559273
512,931,betting,True,True,0.027441711064384422,0.0,False,0.010424084065559273
512,932,bernstein,True,True,0.1313734624356648,0.0,False,0.007787501504842791
512,932,betting,True,True,0.027344024341546147,0.0,False,0.007787501504842791
512,933,bernstein,True,True,0.13293281071565877,0.0,False,0.011334120400851055
512,933,betting,True,True,0.027476388916875316,0.0,False,0.011334120400851055
512,934,bernstein,True,True,0.1332314162560288,0.0,False,0.011182130080527012
512,934,betting,True,True,0.02750720037878629,0.0,False,0.011182130080527012
512,935,bernstein,True,True,0.13276503585053134,0.0,False,0.010456457062174917
512,935,betting,True,True,0.027466642131548813,0.0,False,0.010456457062174917
512,936,bernstein,True,True,0.13249106831744167,0.0,False,0.009995046283971935
512,936,betting,True,True,0.027439458434673658,0.0,False,0.009995046283971935
512,937,bernstein,True,True,0.13307457252965904,0.0,False,0.011477723601189897
512,937,betting,True,True,0.02749946566516881,0.0,False,0.011477723601189897
512,938,bernstein,True,True,0.13215531933410696,0.0,False,0.009402393329724567
512,938,betting,True,True,0.027404637853214675,0.0,False,0.009402393329724567
512,939,bernstein,True,True,0.1327198088085056,0.0,False,0.010696976220490765
512,939,betting,True,True,0.0274573704227441,0.0,False,0.010696976220490765
512,940,bernstein,True,True,0.13287482556467106,0.0,False,0.011162970839969425
512,940,betting,True,True,0.02747409566152781,0.0,False,0.011162970839969425
512,941,bernstein,True,True,0.13273740631340714,0.0,False,0.010360626142853184
512,941,betting,True,True,0.02745897861954294,0.0,False,0.010360626142853184
512,942,bernstein,True,True,0.13227703794628995,0.0,False,0.0098934212074638
512,942,betting,True,True,0.027413650581838755,0.0,False,0.0098934212074638
512,943,bernstein,True,True,0.13330145775079433,0.0,False,0.01189651934797788
512,943,betting,True,True,0.027521255576939407,0.0,False,0.01189651934797788
512,944,bernstein,True,True,0.13238012829705503,0.0,False,0.010022475713517973
512,944,betting,True,True,0.02742344622005466,0.0,False,0.010022475713517973
512,945,bernstein,True,True,0.1322437825004586,0.0,False,0.009543364398342403
512,945,betting,True,True,0.027412882718126697,0.0,False,0.009543364398342403
512,946,bernstein,True,True,0.13255332689201715,0.0,False,0.010321879089501676
512,946,betting,True,True,0.027441425051802026,0.0,False,0.010321879089501676
512,947,bernstein,True,True,0.1332123605440107,0.0,False,0.011574083669635497
512,947,betting,True,True,0.027509011228357916,0.0,False,0.011574083669635497
512,948,bernstein,True,True,0.13210510943767395,0.0,False,0.00918427798371937
512,948,betting,True,True,0.02740041934590398,0.0,False,0.00918427798371937
512,949,bernstein,True,True,0.13305872238894462,0.0,False,0.01104976408115705
512,949,betting,True,True,0.027492943553515947,0.0,False,0.01104976408115705
512,950,bernstein,True,True,0.13262106485029687,0.0,False,0.010619736676720191
512,950,betting,True,True,0.027444988407441917,0.0,False,0.010619736676720191
512,951,bernstein,True,True,0.13157050125976202,0.0,False,0.008378161372984527
512,951,betting,True,True,0.02735755016066832,0.0,False,0.008378161372984527
512,952,bernstein,True,True,0.13246441800813058,0.0,False,0.010136544849509696
512,952,betting,True,True,0.027430963380283946,0.0,False,0.010136544849509696
512,953,bernstein,True,True,0.13286901766121145,0.0,False,0.010905502956481678
512,953,betting,True,True,0.027467719659544088,0.0,False,0.010905502956481678
512,954,bernstein,True,True,0.13183892010185894,0.0,False,0.008667808505950442
512,954,betting,True,True,0.027374054615029286,0.0,False,0.008667808505950442
512,955,bernstein,True,True,0.13187360427252803,0.0,False,0.009011609063255401
512,955,betting,True,True,0.027383988685905858,0.0,False,0.009011609063255401
512,956,bernstein,True,True,0.13173773875517542,0.0,False,0.008555416023325907
512,956,betting,True,True,0.027367707489866056,0.0,False,0.008555416023325907
512,957,bernstein,True,True,0.13221700407080025,0.0,False,0.009670561656752112
512,957,betting,True,True,0.02740765911697962,0.0,False,0.009670561656752112
512,958,bernstein,True,True,0.13346937518705942,0.0,False,0.01168611342667586
512,958,betting,True,True,0.027536068641966227,0.0,False,0.01168611342667586
512,959,bernstein,True,True,0.13286380316393567,0.0,False,0.010843566299657086
512,959,betting,True,True,0.027471231917297723,0.0,False,0.010843566299657086
512,960,bernstein,True,True,0.13222581610551631,0.0,False,0.009533175097631756
512,960,betting,True,True,0.027408836393260527,0.0,False,0.009533175097631756
512,961,bernstein,True,True,0.1322875754393093,0.0,False,0.00979718367398109
512,961,betting,True,True,0.027415491800493408,0.0,False,0.00979718367398109
512,962,bernstein,True,True,0.13216466595182375,0.0,False,0.009662893681693646
512,962,betting,True,True,0.027406979754559857,0.0,False,0.009662893681693646
512,963,bernstein,True,True,0.1317306941174118,0.0,False,0.008686585419865982
512,963,betting,True,True,0.02737004470753146,0.0,False,0.008686585419865982
512,964,bernstein,True,True,0.1327528755399794,0.0,False,0.010764760043567228
512,964,betting,True,True,0.02746133492848457,0.0,False,0.010764760043567228
512,965,bernstein,True,True,0.13237537514458542,0.0,False,0.010093568490285719
512,965,betting,True,True,0.027423907417214677,0.0,False,0.010093568490285719
512,966,bernstein,True,True,0.1324180742907794,0.0,False,0.009887245810106537
512,966,betting,True,True,0.02742816304180451,0.0,False,0.009887245810106537
512,967,bernstein,True,True,0.13205289250637725,0.0,False,0.009271122813601944
512,967,betting,True,True,0.027400596053557824,0.0,False,0.009271122813601944
512,968,bernstein,True,True,0.13229518431576426,0.0,False,0.010002606129028372
512,968,betting,True,True,0.027419843330462768,0.0,False,0.010002606129028372
512,969,bernstein,True,True,0.13285901779752674,0.0,False,0.011163113906946574
512,969,betting,True,True,0.027473235730940404,0.0,False,0.011163113906946574
512,970,bernstein,True,True,0.13183560883652018,0.0,False,0.00901119837652295
512,970,betting,True,True,0.027379042601569314,0.0,False,0.00901119837652295
512,971,bernstein,True,True,0.13300736880888303,0.0,False,0.011126595465869787
512,971,betting,True,True,0.027487850285433546,0.0,False,0.011126595465869787
512,972,bernstein,True,True,0.13165755124970013,0.0,False,0.008542549687707682
512,972,betting,True,True,0.0273653039963756,0.0,False,0.008542549687707682
512,973,bernstein,True,True,0.13318522985128728,0.0,False,0.011345042953544694
512,973,betting,True,True,0.027504380328355116,0.0,False,0.011345042953544694
512,974,bernstein,True,True,0.13206718952893312,0.0,False,0.009389065396366924
512,974,betting,True,True,0.027393272024673898,0.0,False,0.009389065396366924
512,975,bernstein,True,True,0.13249812328423619,0.0,False,0.010224157891522432
512,975,betting,True,True,0.027436480974756705,0.0,False,0.010224157891522432
512,976,bernstein,True,True,0.1317365702598426,0.0,False,0.008587355305753906
512,976,betting,True,True,0.027369261164058023,0.0,False,0.008587355305753906
512,977,bernstein,True,True,0.1326788544693127,0.0,False,0.010413200872426217
512,977,betting,True,True,0.027453469925821983,0.0,False,0.010413200872426217
512,978,bernstein,True,True,0.13317668271224734,0.0,False,0.011606796483314983
512,978,betting,True,True,0.027502195052948153,0.0,False,0.011606796483314983
512,979,bernstein,True,True,0.13258101893583063,0.0,False,0.01026162427936354
512,979,betting,True,True,0.027448609208586272,0.0,False,0.01026162427936354
512,980,bernstein,True,True,0.1316835336943313,0.0,False,0.008317183697794977
512,980,betting,True,True,0.0273569348070668,0.0,False,0.008317183697794977
512,981,bernstein,True,True,0.13256563871121982,0.0,False,0.010320659768415867
512,981,betting,True,True,0.027445800686873523,0.0,False,0.010320659768415867
512,982,bernstein,True,True,0.13335974383673738,0.0,False,0.010742942780823344
512,982,betting,True,True,0.027512348033014944,0.5,False,0.010742942780823344
512,983,bernstein,True,True,0.13204927898412266,0.0,False,0.008920840954173203
512,983,betting,True,True,0.02738826583165066,0.0,False,0.008920840954173203
512,984,bernstein,True,True,0.1325140341584486,0.0,False,0.010139548597432997
512,984,betting,True,True,0.027441224173016976,0.0,False,0.010139548597432997
512,985,bernstein,True,True,0.13245245690899377,0.0,False,0.010291027144372068
512,985,betting,True,True,0.027429004484183728,0.0,False,0.010291027144372068
512,986,bernstein,True,True,0.13218857670385148,0.0,False,0.008842378267630461
512,986,betting,True,True,0.027403554316551948,0.0,False,0.008842378267630461
512,987,bernstein,True,True,0.13202666258859064,0.0,False,0.009267813838974686
512,987,betting,True,True,0.027392169497979846,0.0,False,0.009267813838974686
512,988,bernstein,True,True,0.13233974433586265,0.0,False,0.009990014863073876
512,988,betting,True,True,0.02742088361352213,0.0,False,0.009990014863073876
512,989,bernstein,True,True,0.13292159168476053,0.0,False,0.01083195055908957
512,989,betting,True,True,0.027479664816091764,0.0,False,0.01083195055908957
512,990,bernstein,True,True,0.13274599686605784,0.0,False,0.010310791798056695
512,990,betting,True,True,0.02745487205393138,0.0,False,0.010310791798056695
512,991,bernstein,True,True,0.1322983735209724,0.0,False,0.009691749841005981
512,991,betting,True,True,0.027418243189240465,0.0,False,0.009691749841005981
512,992,bernstein,True,True,0.13297576607615338,0.0,False,0.010816364407243989
512,992,betting,True,True,0.027479264396715775,0.0,False,0.010816364407243989
512,993,bernstein,True,True,0.13306733064250625,0.0,False,0.011533724734027088
512,993,betting,True,True,0.02748997197020797,0.0,False,0.011533724734027088
512,994,bernstein,True,True,0.13297901523364797,0.0,False,0.011179756881805085
512,994,betting,True,True,0.027483633939482388,0.0,False,0.011179756881805085
512,995,bernstein,True,True,0.1323798965826644,0.0,False,0.009445699442674343
512,995,betting,True,True,0.027420063525023575,0.0,False,0.009445699442674343
512,996,bernstein,True,True,0.13220359729707987,0.0,False,0.009769577659089944
512,996,betting,True,True,0.027406682851542463,0.0,False,0.009769577659089944
512,997,bernstein,True,True,0.13262766987482547,0.0,False,0.010256694470651955
512,997,betting,True,True,0.027451403181839806,0.0,False,0.010256694470651955
512,998,bernstein,True,True,0.13247520036602703,0.0,False,0.009921010768852767
512,998,betting,True,True,0.027439206475610267,0.0,False,0.009921010768852767
512,999,bernstein,True,True,0.13242517797220915,0.0,False,0.010107084115290212
512,999,betting,True,True,0.02742993072581157,0.0,False,0.010107084115290212
2048,0,bernstein,True,True,0.034531663999193746,0.0,False,0.01080943405004818
2048,0,betting,True,True,0.007106542766341595,1.0,False,0.01080943405004818
2048,1,bernstein,True,True,0.034250028535902824,0.0,False,0.009589650589801066
2048,1,betting,True,True,0.007052965990005711,1.0,False,0.009589650589801066
2048,2,bernstein,True,True,0.03385689763261723,0.0,False,0.008257289423816566
2048,2,betting,True,True,0.006990464207192293,1.0,False,0.008257289423816566
2048,3,bernstein,True,True,0.03428039007115835,0.0,False,0.009940751159688815
2048,3,betting,True,True,0.007057829467266852,1.0,False,0.009940751159688815
2048,4,bernstein,True,True,0.03453195305244977,0.0,False,0.010962691442519724
2048,4,betting,True,True,0.0071114314800070355,1.0,False,0.010962691442519724
2048,5,bernstein,True,True,0.03365845331008002,0.0,False,0.007467778526687048
2048,5,betting,True,True,0.006959625356321442,1.0,False,0.007467778526687048
2048,6,bernstein,True,True,0.03395062974270345,0.0,False,0.008567682388541258
2048,6,betting,True,True,0.0070008845003394216,1.0,False,0.008567682388541258
2048,7,bernstein,True,True,0.034479691729815645,0.0,False,0.010464149532598038
2048,7,betting,True,True,0.007096588204367538,1.0,False,0.010464149532598038
2048,8,bernstein,True,True,0.03420007494827712,0.0,False,0.009681105621306935
2048,8,betting,True,True,0.0070449978231408306,1.0,False,0.009681105621306935
2048,9,bernstein,True,True,0.03476410619598631,0.0,False,0.012003468486786822
2048,9,betting,True,True,0.007158694647660058,1.0,False,0.012003468486786822
2048,10,bernstein,True,True,0.034338571646166625,0.0,False,0.010003092465671819
2048,10,betting,True,True,0.007071455479272126,1.0,False,0.010003092465671819
2048,11,bernstein,True,True,0.034308619183759936,0.0,False,0.009548763276076289
2048,11,betting,True,True,0.007066052934278533,1.0,False,0.009548763276076289
2048,12,bernstein,True,True,0.03402929708498278,0.0,False,0.009029084485766066
2048,12,betting,True,True,0.007018861954275035,1.0,False,0.009029084485766066
2048,13,bernstein,True,True,0.034285140357600025,0.0,False,0.010098636498239838
2048,13,betting,True,True,0.00706539798069572,1.0,False,0.010098636498239838
2048,14,bernstein,True,True,0.03421394056262496,0.0,False,0.009797572023443064
2048,14,betting,True,True,0.007049179389250648,1.0,False,0.009797572023443064
2048,15,bernstein,True,True,0.033767317087268975,0.0,False,0.007884101254035391
2048,15,betting,True,True,0.006973887714848415,1.0,False,0.007884101254035391
2048,16,bernstein,True,True,0.03430539329607535,0.0,False,0.010115086633105346
2048,16,betting,True,True,0.007063953025972403,1.0,False,0.010115086633105346
2048,17,bernstein,True,True,0.03424880649768983,0.0,False,0.009550317510792746
2048,17,betting,True,True,0.0070528584458589005,1.0,False,0.009550317510792746
2048,18,bernstein,True,True,0.03433314280038066,0.0,False,0.01010022224260711
2048,18,betting,True,True,0.007071602403302624,1.0,False,0.01010022224260711
2048,19,bernstein,True,True,0.034520115185987146,0.0,False,0.010338746525693512
2048,19,betting,True,True,0.007106810682489528,1.0,False,0.010338746525693512
2048,20,bernstein,True,True,0.03416581346688913,0.0,False,0.00933527776606107
2048,20,betting,True,True,0.007044982266634192,1.0,False,0.00933527776606107
2048,21,bernstein,True,True,0.0341238567846017,0.0,False,0.009454067631023366
2048,21,betting,True,True,0.007034032361152631,1.0,False,0.009454067631023366
2048,22,bernstein,True,True,0.03430629509052617,0.0,False,0.01017177720954834
2048,22,betting,True,True,0.007065726568980524,1.0,False,0.01017177720954834
2048,23,bernstein,True,True,0.03426030272077711,0.0,False,0.009930337030960891
2048,23,betting,True,True,0.0070580026093376436,1.0,False,0.009930337030960891
2048,24,bernstein,True,True,0.03453611278246059,0.0,False,0.010532905580707828
2048,24,betting,True,True,0.007106686151200914,1.0,False,0.010532905580707828
2048,25,bernstein,True,True,0.034208545844202534,0.0,False,0.009630619079458218
2048,25,betting,True,True,0.007046243338518332,1.0,False,0.009630619079458218
2048,26,bernstein,True,True,0.03433046104660897,0.0,False,0.0100470328091877
2048,26,betting,True,True,0.0070679329781705436,1.0,False,0.0100470328091877
2048,27,bernstein,True,True,0.034258230545694685,0.0,False,0.009558102617920087
2048,27,betting,True,True,0.0070599813318402704,1.0,False,0.009558102617920087
2048,28,bernstein,True,True,0.033967236363480674,0.0,False,0.008775690502309468
2048,28,betting,True,True,0.007005475589066834,1.0,False,0.008775690502309468
2048,29,bernstein,True,True,0.03398711047468861,0.0,False,0.008297767716417536
2048,29,betting,True,True,0.007007615933725897,1.0,False,0.008297767716417536
2048,30,bernstein,True,True,0.03386529246447455,0.0,False,0.008323766992501454
2048,30,betting,True,True,0.006991696939294467,1.0,False,0.008323766992501454
2048,31,bernstein,True,True,0.03428703010921519,0.0,False,0.010030347321849107
2048,31,betting,True,True,0.007064474917278796,1.0,False,0.010030347321849107
2048,32,bernstein,True,True,0.03478567858551518,0.0,False,0.011887671545204963
2048,32,betting,True,True,0.0071664301712373035,1.0,False,0.011887671545204963
2048,33,bernstein,True,True,0.03406177259142479,0.0,False,0.009167728208354847
2048,33,betting,True,True,0.0070237518696739665,1.0,False,0.009167728208354847
2048,34,bernstein,True,True,0.03427456999132866,0.0,False,0.010071215267893438
2048,34,betting,True,True,0.007059308026509781,1.0,False,0.010071215267893438
2048,35,bernstein,True,True,0.03413855066921455,0.0,False,0.009421740856257504
2048,35,betting,True,True,0.007033835083166129,1.0,False,0.009421740856257504
2048,36,bernstein,True,True,0.03368087907534842,0.0,False,0.0075698598674814365
2048,36,betting,True,True,0.006965193841788175,1.0,False,0.0075698598674814365
2048,37,bernstein,True,True,0.03418739723146222,0.0,False,0.009491608127652023
2048,37,betting,True,True,0.0070408888100427225,1.0,False,0.009491608127652023
2048,38,bernstein,True,True,0.033810356593683186,0.0,False,0.0067490020821156255
2048,38,betting,True,True,0.0069800808420404925,1.0,False,0.0067490020821156255
2048,39,bernstein,True,True,0.034529033690321176,0.0,False,0.011003488763876938
2048,39,betting,True,True,0.007108905731038284,1.0,False,0.011003488763876938
2048,40,bernstein,True,True,0.034557519825244104,0.0,False,0.010913615501001266
2048,40,betting,True,True,0.0071176939687938034,1.0,False,0.010913615501001266
2048,41,bernstein,True,True,0.03438521456981654,0.0,False,0.01013199109096029
2048,41,betting,True,True,0.007080296919048101,1.0,False,0.01013199109096029
2048,42,bernstein,True,True,0.03457372304978213,0.0,False,0.011289861867426252
2048,42,betting,True,True,0.007119049832363,1.0,False,0.011289861867426252
2048,43,bernstein,True,True,0.03437043191743429,0.0,False,0.010321936179559343
2048,43,betting,True,True,0.007077980438989329,1.0,False,0.010321936179559343
2048,44,bernstein,True,True,0.034170188215882566,0.0,False,0.009404639180489716
2048,44,betting,True,True,0.007043519765720818,1.0,False,0.009404639180489716
2048,45,bernstein,True,True,0.03421093255140699,0.0,False,0.009649561624830612
2048,45,betting,True,True,0.007047848568399684,1.0,False,0.009649561624830612
2048,46,bernstein,True,True,0.034123433381977444,0.0,False,0.009587846347780576
2048,46,betting,True,True,0.007029849452446779,1.0,False,0.009587846347780576
2048,47,bernstein,True,True,0.034072965781129866,0.0,False,0.00911196979238495
2048,47,betting,True,True,0.007025000189096353,1.0,False,0.00911196979238495
2048,48,bernstein,True,True,0.033959305549496464,0.0,False,0.008744428706006224
2048,48,betting,True,True,0.007005362190320774,1.0,False,0.008744428706006224
2048,49,bernstein,True,True,0.03414646756466279,0.0,False,0.009492136765664861
2048,49,betting,True,True,0.007038072118302874,1.0,False,0.009492136765664861
2048,50,bernstein,True,True,0.03421011753343624,0.0,False,0.009780209949054987
2048,50,betting,True,True,0.007049366859682715,1.0,False,0.009780209949054987
2048,51,bernstein,True,True,0.03391895346521509,0.0,False,0.008289145694777077
2048,51,betting,True,True,0.006998007818765584,1.0,False,0.008289145694777077
2048,52,bernstein,True,True,0.03471307373297152,0.0,False,0.011681437953158373
2048,52,betting,True,True,0.007143255968076079,1.0,False,0.011681437953158373
2048,53,bernstein,True,True,0.034275093256739414,0.0,False,0.01003032733199659
2048,53,betting,True,True,0.007061260896334853,1.0,False,0.01003032733199659
2048,54,bernstein,True,True,0.034200896880192753,0.0,False,0.00961060000297793
2048,54,betting,True,True,0.007042001329173098,1.0,False,0.00961060000297793
2048,55,bernstein,True,True,0.034841505100490944,0.0,False,0.011701259113406458
2048,55,betting,True,True,0.007168495092810034,1.0,False,0.011701259113406458
2048,56,bernstein,True,True,0.03445282654820701,0.0,False,0.01062058939887632
2048,56,betting,True,True,0.007095460529308206,1.0,False,0.01062058939887632
2048,57,bernstein,True,True,0.0343679300561054,0.0,False,0.01040004731256857
2048,57,betting,True,True,0.007077831560491132,1.0,False,0.01040004731256857
2048,58,bernstein,True,True,0.034716193947319805,0.0,False,0.01185141216163571
2048,58,betting,True,True,0.007148687354674665,1.0,False,0.01185141216163571
2048,59,bernstein,True,True,0.03419345493014858,0.0,False,0.009528141366204106
2048,59,betting,True,True,0.00703932273994734,1.0,False,0.009528141366204106
2048,60,bernstein,True,True,0.034572064053986704,0.0,False,0.010734739175904517
2048,60,betting,True,True,0.007116469609209197,1.0,False,0.010734739175904517
2048,61,bernstein,True,True,0.03422071459323415,0.0,False,0.009716272081064853
2048,61,betting,True,True,0.007046599562272493,1.0,False,0.009716272081064853
2048,62,bernstein,True,True,0.03463491571970795,0.0,False,0.011552818618721367
2048,62,betting,True,True,0.0071327782734442735,1.0,False,0.011552818618721367
2048,63,bernstein,True,True,0.03435023923547488,0.0,False,0.0102061587794451
2048,63,betting,True,True,0.007072338749021578,1.0,False,0.0102061587794451
2048,64,bernstein,True,True,0.03426628859877552,0.0,False,0.00996053573177945
2048,64,betting,True,True,0.0070590041463945985,1.0,False,0.00996053573177945
2048,65,bernstein,True,True,0.03468903295733661,0.0,False,0.011761667838503378
2048,65,betting,True,True,0.007142066106607725,1.0,False,0.011761667838503378
2048,66,bernstein,True,True,0.03408891478259858,0.0,False,0.009226036590589464
2048,66,betting,True,True,0.007027095136400097,1.0,False,0.009226036590589464
2048,67,bernstein,True,True,0.033980297011895054,0.0,False,0.00873489769845827
2048,67,betting,True,True,0.007009257871504748,1.0,False,0.00873489769845827
2048,68,bernstein,True,True,0.03493220657676488,0.0,False,0.01193884169748111
2048,68,betting,True,True,0.007193656074050647,1.0,False,0.01193884169748111
2048,69,bernstein,True,True,0.03396558152079972,0.0,False,0.008509597179216965
2048,69,betting,True,True,0.007005238570236494,1.0,False,0.008509597179216965
2048,70,bernstein,True,True,0.034357658246367426,0.0,False,0.010387115196653023
2048,70,betting,True,True,0.007076090252994605,1.0,False,0.010387115196653023
2048,71,bernstein,True,True,0.033901287593053664,0.0,False,0.008508141441694194
2048,71,betting,True,True,0.006997084103859463,1.0,False,0.008508141441694194
2048,72,bernstein,True,True,0.0338752912479159,0.0,False,0.008393553448592888
2048,72,betting,True,True,0.00699238107783462,1.0,False,0.008393553448592888
2048,73,bernstein,True,True,0.03440215159997062,0.0,False,0.010375346238481731
2048,73,betting,True,True,0.007078969914691702,1.0,False,0.010375346238481731
2048,74,bernstein,True,True,0.034761644327632873,0.0,False,0.011843733726145687
2048,74,betting,True,True,0.007158458491612674,1.0,False,0.011843733726145687
2048,75,bernstein,True,True,0.03455089038568358,0.0,False,0.010528738409497434
2048,75,betting,True,True,0.007108563258989342,1.0,False,0.010528738409497434
2048,76,bernstein,True,True,0.03432626993418793,0.0,False,0.010188118905279719
2048,76,betting,True,True,0.0070727815724239695,1.0,False,0.010188118905279719
2048,77,bernstein,True,True,0.033981760094832544,0.0,False,0.008743367321629614
2048,77,betting,True,True,0.007010333480247932,1.0,False,0.008743367321629614
2048,78,bernstein,True,True,0.03392678390142404,0.0,False,0.00858912405600068
2048,78,betting,True,True,0.0070003516613723615,1.0,False,0.00858912405600068
2048,79,bernstein,True,True,0.033706188978029204,0.0,False,0.007518916970173211
2048,79,betting,True,True,0.006965302820972186,1.0,False,0.007518916970173211
2048,80,bernstein,True,True,0.03392349657958459,0.0,False,0.008458895263539079
2048,80,betting,True,True,0.006995942122448473,1.0,False,0.008458895263539079
2048,81,bernstein,True,True,0.03409453983026953,0.0,False,0.009383939498953765
2048,81,betting,True,True,0.007027671840842187,1.0,False,0.009383939498953765
2048,82,bernstein,True,True,0.03468204578425208,0.0,False,0.011185762112299887
2048,82,betting,True,True,0.00713816459723593,1.0,False,0.011185762112299887
2048,83,bernstein,True,True,0.03417581678182492,0.0,False,0.009656920801009798
2048,83,betting,True,True,0.0070420458109220485,1.0,False,0.009656920801009798
2048,84,bernstein,True,True,0.0343985983923515,0.0,False,0.010420062797921152
2048,84,betting,True,True,0.0070827714160623945,1.0,False,0.010420062797921152
2048,85,bernstein,True,True,0.03401183932138354,0.0,False,0.008986986382851472
2048,85,betting,True,True,0.007014126780777619,1.0,False,0.008986986382851472
2048,86,bernstein,True,True,0.034500481598779525,0.0,False,0.010474745114175558
2048,86,betting,True,True,0.007097621114153241,1.0,False,0.010474745114175558
2048,87,bernstein,True,True,0.03445612983040492,0.0,False,0.010819182045637215
2048,87,betting,True,True,0.007094784243854457,1.0,False,0.010819182045637215
2048,88,bernstein,True,True,0.034087879041137664,0.0,False,0.009275408571805113
2048,88,betting,True,True,0.0070276574332456265,1.0,False,0.009275408571805113
2048,89,bernstein,True,True,0.034259034637384514,0.0,False,0.00992367701039169
2048,89,betting,True,True,0.00705808173006528,1.0,False,0.00992367701039169
2048,90,bernstein,True,True,0.0345629405073029,0.0,False,0.011010589327469053
2048,90,betting,True,True,0.007116549553102258,1.0,False,0.011010589327469053
2048,91,bernstein,True,True,0.033910698447359444,0.0,False,0.008667276590011786
2048,91,betting,True,True,0.006998853887598577,1.0,False,0.008667276590011786
2048,92,bernstein,True,True,0.034319686776469085,0.0,False,0.010176509714024212
2048,92,betting,True,True,0.0070696810998924775,1.0,False,0.010176509714024212
2048,93,bernstein,True,True,0.03434956925288587,0.0,False,0.010300910362167424
2048,93,betting,True,True,0.007075975379593702,1.0,False,0.010300910362167424
2048,94,bernstein,True,True,0.03426751567486504,0.0,False,0.00979421464274553
2048,94,betting,True,True,0.0070538065211803724,1.0,False,0.00979421464274553
2048,95,bernstein,True,True,0.033807126748015885,0.0,False,0.007664182916143657
2048,95,betting,True,True,0.006982549700151108,1.0,False,0.007664182916143657
2048,96,bernstein,True,True,0.035121126118858176,0.0,False,0.013528952510031257
2048,96,betting,True,True,0.007246033383853434,0.5,False,0.013528952510031257
2048,97,bernstein,True,True,0.03393379749813363,0.0,False,0.008276060476403967
2048,97,betting,True,True,0.007001088614561057,1.0,False,0.008276060476403967
2048,98,bernstein,True,True,0.034617701422464855,0.0,False,0.01149772732702207
2048,98,betting,True,True,0.007126337734407628,1.0,False,0.01149772732702207
2048,99,bernstein,True,True,0.03394119271626827,0.0,False,0.00870564586359765
2048,99,betting,True,True,0.007002606989481186,1.0,False,0.00870564586359765
2048,100,bernstein,True,True,0.03429177483792701,0.0,False,0.010086107044339624
2048,100,betting,True,True,0.0070633115775854405,1.0,False,0.010086107044339624
2048,101,bernstein,True,True,0.03401190406353393,0.0,False,0.008984584045187621
2048,101,betting,True,True,0.007015853024786245,1.0,False,0.008984584045187621
2048,102,bernstein,True,True,0.03472354783918863,0.0,False,0.011775312398243115
2048,102,betting,True,True,0.007148525331940547,1.0,False,0.011775312398243115
2048,103,bernstein,True,True,0.03456567378373633,0.0,False,0.010970642829761056
2048,103,betting,True,True,0.007117242161002735,1.0,False,0.010970642829761056
2048,104,bernstein,True,True,0.034615426276519735,0.0,False,0.011370890311613023
2048,104,betting,True,True,0.007127344346918196,1.0,False,0.011370890311613023
2048,105,bernstein,True,True,0.034520871694076874,0.0,False,0.009902787733553301
2048,105,betting,True,True,0.00709890867259666,1.0,False,0.009902787733553301
2048,106,bernstein,True,True,0.034448722187063546,0.0,False,0.010699723399996603
2048,106,betting,True,True,0.007094669731413927,1.0,False,0.010699723399996603
2048,107,bernstein,True,True,0.034520462570559456,0.0,False,0.010729898953196062
2048,107,betting,True,True,0.0071069069752410785,1.0,False,0.010729898953196062
2048,108,bernstein,True,True,0.03390502775708491,0.0,False,0.008195523939250464
2048,108,betting,True,True,0.00699329578194019,1.0,False,0.008195523939250464
2048,109,bernstein,True,True,0.03428026836123831,0.0,False,0.010119558436864283
2048,109,betting,True,True,0.007060592472771465,1.0,False,0.010119558436864283
2048,110,bernstein,True,True,0.03428705941760084,0.0,False,0.009861944504427352
2048,110,betting,True,True,0.007057597792408998,1.0,False,0.009861944504427352
2048,111,bernstein,True,True,0.03409163437062407,0.0,False,0.009154833959086882
2048,111,betting,True,True,0.007030508689131243,1.0,False,0.009154833959086882
2048,112,bernstein,True,True,0.03411280989716668,0.0,False,0.009373517006036152
2048,112,betting,True,True,0.007031263038843494,1.0,False,0.009373517006036152
2048,113,bernstein,True,True,0.033905527572375346,0.0,False,0.008648787431186137
2048,113,betting,True,True,0.006996660578624914,1.0,False,0.008648787431186137
2048,114,bernstein,True,True,0.03429137497718995,0.0,False,0.009662496551926174
2048,114,betting,True,True,0.007060884282727664,1.0,False,0.009662496551926174
2048,115,bernstein,True,True,0.03452244245803608,0.0,False,0.010962623160582705
2048,115,betting,True,True,0.0071084453614457255,1.0,False,0.010962623160582705
2048,116,bernstein,True,True,0.034136013157130496,0.0,False,0.009202129419420037
2048,116,betting,True,True,0.007033483094091908,1.0,False,0.009202129419420037
2048,117,bernstein,True,True,0.034346064167315636,0.0,False,0.010185356040742832
2048,117,betting,True,True,0.007072052454714095,1.0,False,0.010185356040742832
2048,118,bernstein,True,True,0.03429048650516449,0.0,False,0.01007450725855438
2048,118,betting,True,True,0.007064434912317674,1.0,False,0.01007450725855438
2048,119,bernstein,True,True,0.03468035825520355,0.0,False,0.011707875610071606
2048,119,betting,True,True,0.0071383954489283585,1.0,False,0.011707875610071606
2048,120,bernstein,True,True,0.033904336387575534,0.0,False,0.008447279347754131
2048,120,betting,True,True,0.006996172943327106,1.0,False,0.008447279347754131
2048,121,bernstein,True,True,0.034404336711636035,0.0,False,0.010106470528454968
2048,121,betting,True,True,0.007083153065504999,1.0,False,0.010106470528454968
2048,122,bernstein,True,True,0.03471918604386716,0.0,False,0.011615312440915713
2048,122,betting,True,True,0.007148027418079406,1.0,False,0.011615312440915713
2048,123,bernstein,True,True,0.03445322711237655,0.0,False,0.01048055474043345
2048,123,betting,True,True,0.007090898999704276,1.0,False,0.01048055474043345
2048,124,bernstein,True,True,0.0349836487309544,0.0,False,0.01199437693205795
2048,124,betting,True,True,0.007203783452350843,1.0,False,0.01199437693205795
2048,125,bernstein,True,True,0.03454186690481466,0.0,False,0.011006007096067073
2048,125,betting,True,True,0.00711224481150563,1.0,False,0.011006007096067073
2048,126,bernstein,True,True,0.034567360792848875,0.0,False,0.011144293599172687
2048,126,betting,True,True,0.007120259498224035,1.0,False,0.011144293599172687
2048,127,bernstein,True,True,0.03462311625817126,0.0,False,0.011392757911285153
2048,127,betting,True,True,0.00712872769629036,1.0,False,0.011392757911285153
2048,128,bernstein,True,True,0.0345788831369837,0.0,False,0.011104539331961288
2048,128,betting,True,True,0.0071197186741119856,1.0,False,0.011104539331961288
2048,129,bernstein,True,True,0.03477523873486489,0.0,False,0.01168369062987431
2048,129,betting,True,True,0.00716072828014136,1.0,False,0.01168369062987431
2048,130,bernstein,True,True,0.03442252840427064,0.0,False,0.010493729975522366
2048,130,betting,True,True,0.007087134879730006,1.0,False,0.010493729975522366
2048,131,bernstein,True,True,0.03420133433260138,0.0,False,0.009416569502864335
2048,131,betting,True,True,0.007039284935963286,1.0,False,0.009416569502864335
2048,132,bernstein,True,True,0.0342365336632814,0.0,False,0.009911596408973804
2048,132,betting,True,True,0.007052542363526371,1.0,False,0.009911596408973804
2048,133,bernstein,True,True,0.034651079752216984,0.0,False,0.011062668506328583
2048,133,betting,True,True,0.007133055662598142,1.0,False,0.011062668506328583
2048,134,bernstein,True,True,0.034318818402865756,0.0,False,0.010017849527233887
2048,134,betting,True,True,0.007067893844796225,1.0,False,0.010017849527233887
2048,135,bernstein,True,True,0.034349132858491296,0.0,False,0.009640351870575017
2048,135,betting,True,True,0.007059463525547538,1.0,False,0.009640351870575017
2048,136,bernstein,True,True,0.03391488119306772,0.0,False,0.008669194897078573
2048,136,betting,True,True,0.00699890796560787,1.0,False,0.008669194897078573
2048,137,bernstein,True,True,0.03453153985547601,0.0,False,0.01112183075155973
2048,137,betting,True,True,0.007110540185494729,1.0,False,0.01112183075155973
2048,138,bernstein,True,True,0.03485348779128014,0.0,False,0.011907546320443302
2048,138,betting,True,True,0.00716635642529595,1.0,False,0.011907546320443302
2048,139,bernstein,True,True,0.03396304279287317,0.0,False,0.008790387500191376
2048,139,betting,True,True,0.007004619739091167,1.0,False,0.008790387500191376
2048,140,bernstein,True,True,0.03451112430992834,0.0,False,0.0105451696176471
2048,140,betting,True,True,0.007099481120349083,1.0,False,0.0105451696176471
2048,141,bernstein,True,True,0.03389452457693754,0.0,False,0.008176839090840347
2048,141,betting,True,True,0.00699532227004962,1.0,False,0.008176839090840347
2048,142,bernstein,True,True,0.03424695967778581,0.0,False,0.009976360615845267
2048,142,betting,True,True,0.00705480477878162,1.0,False,0.009976360615845267
2048,143,bernstein,True,True,0.03447356082510432,0.0,False,0.01046317729571749
2048,143,betting,True,True,0.007094382147333822,1.0,False,0.01046317729571749
2048,144,bernstein,True,True,0.03519241042006466,0.0,False,0.013128865466069789
2048,144,betting,True,True,0.007252281073269806,0.5,False,0.013128865466069789
2048,145,bernstein,True,True,0.03423022766204296,0.0,False,0.00994007233640106
2048,145,betting,True,True,0.007050420366213173,1.0,False,0.00994007233640106
2048,146,bernstein,True,True,0.034233317816218176,0.0,False,0.009622224892218471
2048,146,betting,True,True,0.007048925973140219,1.0,False,0.009622224892218471
2048,147,bernstein,True,True,0.03422326185344292,0.0,False,0.009361867374949361
2048,147,betting,True,True,0.007041596930430383,1.0,False,0.009361867374949361
2048,148,bernstein,True,True,0.03440107301222173,0.0,False,0.010567315872988743
2048,148,betting,True,True,0.0070812649396249094,1.0,False,0.010567315872988743
2048,149,bernstein,True,True,0.03442452427014732,0.0,False,0.010600165175858267
2048,149,betting,True,True,0.007088398201012702,1.0,False,0.010600165175858267
2048,150,bernstein,True,True,0.03420429892124671,0.0,False,0.0095153046096007
2048,150,betting,True,True,0.007047509411022501,1.0,False,0.0095153046096007
2048,151,bernstein,True,True,0.03411408009588326,0.0,False,0.009169683758235197
2048,151,betting,True,True,0.007030640514458342,1.0,False,0.009169683758235197
2048,152,bernstein,True,True,0.034010710083904855,0.0,False,0.008938275326567283
2048,152,betting,True,True,0.0070121334437862615,1.0,False,0.008938275326567283
2048,153,bernstein,True,True,0.03436472572593939,0.0,False,0.010167805389499539
2048,153,betting,True,True,0.007074588253344727,1.0,False,0.010167805389499539
2048,154,bernstein,True,True,0.03436441238355868,0.0,False,0.01030707709630969
2048,154,betting,True,True,0.00707783446578103,1.0,False,0.01030707709630969
2048,155,bernstein,True,True,0.03454669639894754,0.0,False,0.011015489100038437
2048,155,betting,True,True,0.007112201782401795,1.0,False,0.011015489100038437
2048,156,bernstein,True,True,0.034357230230180245,0.0,False,0.010262612976249074
2048,156,betting,True,True,0.007073905756733501,1.0,False,0.010262612976249074
2048,157,bernstein,True,True,0.03432797907021198,0.0,False,0.009810852203427622
2048,157,betting,True,True,0.007066097129900251,1.0,False,0.009810852203427622
2048,158,bernstein,True,True,0.0342185537049893,0.0,False,0.009680767386199218
2048,158,betting,True,True,0.007049362955149241,1.0,False,0.009680767386199218
2048,159,bernstein,True,True,0.034380693905232865,0.0,False,0.01050904400255102
2048,159,betting,True,True,0.007076910865325914,1.0,False,0.01050904400255102
2048,160,bernstein,True,True,0.0344559079320077,0.0,False,0.010822268948677854
2048,160,betting,True,True,0.007094100065696773,1.0,False,0.010822268948677854
2048,161,bernstein,True,True,0.034352682540743265,0.0,False,0.010445935354028574
2048,161,betting,True,True,0.007076163990132112,1.0,False,0.010445935354028574
2048,162,bernstein,True,True,0.03427599704860029,0.0,False,0.009989109949065846
2048,162,betting,True,True,0.007063266677651003,1.0,False,0.009989109949065846
2048,163,bernstein,True,True,0.03423537023150003,0.0,False,0.009862436868391937
2048,163,betting,True,True,0.007052235877454183,1.0,False,0.009862436868391937
2048,164,bernstein,True,True,0.034297425871293086,0.0,False,0.010106571448553248
2048,164,betting,True,True,0.007063053213678283,1.0,False,0.010106571448553248
2048,165,bernstein,True,True,0.034403936343114075,0.0,False,0.010087833838956065
2048,165,betting,True,True,0.007079762160829062,1.0,False,0.010087833838956065
2048,166,bernstein,True,True,0.034132342997212003,0.0,False,0.009405380153952607
2048,166,betting,True,True,0.0070372566606602405,1.0,False,0.009405380153952607
2048,167,bernstein,True,True,0.03419061730264254,0.0,False,0.009529501813908364
2048,167,betting,True,True,0.0070388712050770685,1.0,False,0.009529501813908364
2048,168,bernstein,True,True,0.03401980364313831,0.0,False,0.008859234062338987
2048,168,betting,True,True,0.0070153141155242515,1.0,False,0.008859234062338987
2048,169,bernstein,True,True,0.034871732619235915,0.0,False,0.01185471195777753
2048,169,betting,True,True,0.007179879590039406,1.0,False,0.01185471195777753
2048,170,bernstein,True,True,0.034129851299406044,0.0,False,0.009466394727373163
2048,170,betting,True,True,0.007033647313401059,1.0,False,0.009466394727373163
2048,171,bernstein,True,True,0.034345574199206017,0.0,False,0.01033335594092305
2048,171,betting,True,True,0.007075183027809517,1.0,False,0.01033335594092305
2048,172,bernstein,True,True,0.03389921684627248,0.0,False,0.008470174541911447
2048,172,betting,True,True,0.006994944613179621,1.0,False,0.008470174541911447
2048,173,bernstein,True,True,0.03412194305116431,0.0,False,0.00928834846203219
2048,173,betting,True,True,0.007029160665442791,1.0,False,0.00928834846203219
2048,174,bernstein,True,True,0.0345104525491236,0.0,False,0.01081796006835588
2048,174,betting,True,True,0.007105246465616832,1.0,False,0.01081796006835588
2048,175,bernstein,True,True,0.03471036342218761,0.0,False,0.011406776465897533
2048,175,betting,True,True,0.007147316414411797,1.0,False,0.011406776465897533
2048,176,bernstein,True,True,0.034512787235797496,0.0,False,0.010967353294256042
2048,176,betting,True,True,0.007107762098894521,1.0,False,0.010967353294256042
2048,177,bernstein,True,True,0.03470815134480786,0.0,False,0.011727975154491905
2048,177,betting,True,True,0.007150501536525522,1.0,False,0.011727975154491905
2048,178,bernstein,True,True,0.03430495461573735,0.0,False,0.010095994884304831
2048,178,betting,True,True,0.007067440315841056,1.0,False,0.010095994884304831
2048,179,bernstein,True,True,0.03446087106041734,0.0,False,0.010216487985944767
2048,179,betting,True,True,0.007093624289263967,1.0,False,0.010216487985944767
2048,180,bernstein,True,True,0.034221059067948326,0.0,False,0.009493099890734992
2048,180,betting,True,True,0.007046247714061038,1.0,False,0.009493099890734992
2048,181,bernstein,True,True,0.03421761385571813,0.0,False,0.009796941913270449
2048,181,betting,True,True,0.007050620602312763,1.0,False,0.009796941913270449
2048,182,bernstein,True,True,0.03399949115347442,0.0,False,0.008957059342937628
2048,182,betting,True,True,0.007011468568198342,1.0,False,0.008957059342937628
2048,183,bernstein,True,True,0.03444684907745491,0.0,False,0.01063066788354322
2048,183,betting,True,True,0.007088805483035698,1.0,False,0.01063066788354322
2048,184,bernstein,True,True,0.0347496089307163,0.0,False,0.011157806061700706
2048,184,betting,True,True,0.007150371696479918,1.0,False,0.011157806061700706
2048,185,bernstein,True,True,0.03452900237264156,0.0,False,0.010882641856216242
2048,185,betting,True,True,0.007107147264723612,1.0,False,0.010882641856216242
2048,186,bernstein,True,True,0.03491050903256035,0.0,False,0.010807912228722771
2048,186,betting,True,True,0.0071775858812908044,1.0,False,0.010807912228722771
2048,187,bernstein,True,True,0.034234395058891406,0.0,False,0.009942025609434423
2048,187,betting,True,True,0.007054726340356865,1.0,False,0.009942025609434423
2048,188,bernstein,True,True,0.03384900000557607,0.0,False,0.008346978291282014
2048,188,betting,True,True,0.006990032626381426,1.0,False,0.008346978291282014
2048,189,bernstein,True,True,0.03420088067000177,0.0,False,0.009490273074244004
2048,189,betting,True,True,0.007045895086703169,1.0,False,0.009490273074244004
2048,190,bernstein,True,True,0.034156492938224696,0.0,False,0.009514465883362981
2048,190,betting,True,True,0.0070410523294413,1.0,False,0.009514465883362981
2048,191,bernstein,True,True,0.034208584168082576,0.0,False,0.00964220471681998
2048,191,betting,True,True,0.007048910090888927,1.0,False,0.00964220471681998
2048,192,bernstein,True,True,0.03456935850613458,0.0,False,0.01119627660883329
2048,192,betting,True,True,0.007116437158001698,1.0,False,0.01119627660883329
2048,193,bernstein,True,True,0.03425101554190306,0.0,False,0.00925069074539605
2048,193,betting,True,True,0.007051734169108426,1.0,False,0.00925069074539605
2048,194,bernstein,True,True,0.03421121406051729,0.0,False,0.009762305422214044
2048,194,betting,True,True,0.0070490888498534465,1.0,False,0.009762305422214044
2048,195,bernstein,True,True,0.034018069323334385,0.0,False,0.008793986706075618
2048,195,betting,True,True,0.007015326159271251,1.0,False,0.008793986706075618
2048,196,bernstein,True,True,0.03446237461732905,0.0,False,0.010392678629205489
2048,196,betting,True,True,0.0070925222423829926,1.0,False,0.010392678629205489
2048,197,bernstein,True,True,0.034626159578502125,0.0,False,0.011224187538752936
2048,197,betting,True,True,0.007135604953218633,1.0,False,0.011224187538752936
2048,198,bernstein,True,True,0.034066666610623436,0.0,False,0.009294961746612616
2048,198,betting,True,True,0.007023191025473441,1.0,False,0.009294961746612616
2048,199,bernstein,True,True,0.03372100562313915,0.0,False,0.007818747581163302
2048,199,betting,True,True,0.006967452832323029,1.0,False,0.007818747581163302
2048,200,bernstein,True,True,0.03434065716025045,0.0,False,0.009939498261317879
2048,200,betting,True,True,0.007068594336597012,1.0,False,0.009939498261317879
2048,201,bernstein,True,True,0.03448754758196696,0.0,False,0.01038787917402246
2048,201,betting,True,True,0.007098065200916492,1.0,False,0.01038787917402246
2048,202,bernstein,True,True,0.03453258677763103,0.0,False,0.011044286168045295
2048,202,betting,True,True,0.0071086114251738275,1.0,False,0.011044286168045295
2048,203,bernstein,True,True,0.03494037870145354,0.0,False,0.011896101899317788
2048,203,betting,True,True,0.007191878014637165,1.0,False,0.011896101899317788
2048,204,bernstein,True,True,0.034483900579211156,0.0,False,0.010869500511644124
2048,204,betting,True,True,0.007103696260164716,1.0,False,0.010869500511644124
2048,205,bernstein,True,True,0.03430532979189972,0.0,False,0.0101332584384688
2048,205,betting,True,True,0.007067677224622426,1.0,False,0.0101332584384688
2048,206,bernstein,True,True,0.03457101139739727,0.0,False,0.011132386833905506
2048,206,betting,True,True,0.007117664920297084,1.0,False,0.011132386833905506
2048,207,bernstein,True,True,0.03398570118878924,0.0,False,0.008775573944515674
2048,207,betting,True,True,0.007009928412407995,1.0,False,0.008775573944515674
2048,208,bernstein,True,True,0.034038758059679416,0.0,False,0.009011365915565388
2048,208,betting,True,True,0.007018467724046795,1.0,False,0.009011365915565388
2048,209,bernstein,True,True,0.03437389603726898,0.0,False,0.010467537553103555
2048,209,betting,True,True,0.007077914968722343,1.0,False,0.010467537553103555
2048,210,bernstein,True,True,0.03408870599033808,0.0,False,0.008874601776251455
2048,210,betting,True,True,0.007027156327967576,1.0,False,0.008874601776251455
2048,211,bernstein,True,True,0.03384757110408234,0.0,False,0.008275932768092497
2048,211,betting,True,True,0.00698891483370967,1.0,False,0.008275932768092497
2048,212,bernstein,True,True,0.0343956335000061,0.0,False,0.010546376488738175
2048,212,betting,True,True,0.007081871696209441,1.0,False,0.010546376488738175
2048,213,bernstein,True,True,0.034344560256868537,0.0,False,0.009859824717999293
2048,213,betting,True,True,0.007069597022564267,1.0,False,0.009859824717999293
2048,214,bernstein,True,True,0.03356012754680476,0.0,False,0.007097216271264994
2048,214,betting,True,True,0.006947886294874528,1.0,False,0.007097216271264994
2048,215,bernstein,True,True,0.03395364950270102,0.0,False,0.008473323438204386
2048,215,betting,True,True,0.00700441099401361,1.0,False,0.008473323438204386
2048,216,bernstein,True,True,0.03410785378695265,0.0,False,0.009429447494202346
2048,216,betting,True,True,0.007030346006104082,1.0,False,0.009429447494202346
2048,217,bernstein,True,True,0.034188954280873825,0.0,False,0.00974240325793884
2048,217,betting,True,True,0.007042943541091473,1.0,False,0.00974240325793884
2048,218,bernstein,True,True,0.03418073315887958,0.0,False,0.009608377983676562
2048,218,betting,True,True,0.007042872612400997,1.0,False,0.009608377983676562
2048,219,bernstein,True,True,0.03428825223439494,0.0,False,0.009906175327951343
2048,219,betting,True,True,0.007060763066110698,1.0,False,0.009906175327951343
2048,220,bernstein,True,True,0.03339896782838657,0.0,False,0.0064065305443349214
2048,220,betting,True,True,0.0069274190867508745,1.0,False,0.0064065305443349214
2048,221,bernstein,True,True,0.03441391188080925,0.0,False,0.01054564710965724
2048,221,betting,True,True,0.00708471158184687,1.0,False,0.01054564710965724
2048,222,bernstein,True,True,0.034508910409992835,0.0,False,0.010747218534841074
2048,222,betting,True,True,0.007103697048114532,1.0,False,0.010747218534841074
2048,223,bernstein,True,True,0.0343466531431468,0.0,False,0.00968904201628605
2048,223,betting,True,True,0.00706971518862709,1.0,False,0.00968904201628605
2048,224,bernstein,True,True,0.03451453840301806,0.0,False,0.010932503999595042
2048,224,betting,True,True,0.0071075869539344305,1.0,False,0.010932503999595042
2048,225,bernstein,True,True,0.034245571339965974,0.0,False,0.009528427232902127
2048,225,betting,True,True,0.007049969923027755,1.0,False,0.009528427232902127
2048,226,bernstein,True,True,0.03349711555398048,0.0,False,0.0066093588850689765
2048,226,betting,True,True,0.0069391302045914705,1.0,False,0.0066093588850689765
2048,227,bernstein,True,True,0.03432632978916775,0.0,False,0.01008288470526961
2048,227,betting,True,True,0.007069241890494626,1.0,False,0.01008288470526961
2048,228,bernstein,True,True,0.034316623345481315,0.0,False,0.010121728848579974
2048,228,betting,True,True,0.007071625275857474,1.0,False,0.010121728848579974
2048,229,bernstein,True,True,0.03440848031646912,0.0,False,0.010423469725805755
2048,229,betting,True,True,0.0070860737314069056,1.0,False,0.010423469725805755
2048,230,bernstein,True,True,0.03443940966217041,0.0,False,0.010590145236431401
2048,230,betting,True,True,0.007089234589948368,1.0,False,0.010590145236431401
2048,231,bernstein,True,True,0.034809422357941995,0.0,False,0.011748686525859264
2048,231,betting,True,True,0.007168094792286972,1.0,False,0.011748686525859264
2048,232,bernstein,True,True,0.03422879297618052,0.0,False,0.009668478700466875
2048,232,betting,True,True,0.007051661074656268,1.0,False,0.009668478700466875
2048,233,bernstein,True,True,0.03472990972022192,0.0,False,0.011525777155283367
2048,233,betting,True,True,0.007147271875437622,1.0,False,0.011525777155283367
2048,234,bernstein,True,True,0.03488168493694088,0.0,False,0.011770432925222585
2048,234,betting,True,True,0.007177265137288447,1.0,False,0.011770432925222585
2048,235,bernstein,True,True,0.03428913343292425,0.0,False,0.00993364042398565
2048,235,betting,True,True,0.007062191610348267,1.0,False,0.00993364042398565
2048,236,bernstein,True,True,0.03442034985455593,0.0,False,0.010347831830031939
2048,236,betting,True,True,0.007086703976819986,1.0,False,0.010347831830031939
2048,237,bernstein,True,True,0.033982261957224744,0.0,False,0.008894985976439007
2048,237,betting,True,True,0.007009836578836359,1.0,False,0.008894985976439007
2048,238,bernstein,True,True,0.03417643166032855,0.0,False,0.009371955080061292
2048,238,betting,True,True,0.0070392300744061,1.0,False,0.009371955080061292
2048,239,bernstein,True,True,0.034078816514853054,0.0,False,0.009238410316874272
2048,239,betting,True,True,0.007026010957051687,1.0,False,0.009238410316874272
2048,240,bernstein,True,True,0.03399203901980277,0.0,False,0.008907750598480603
2048,240,betting,True,True,0.007011242373773707,1.0,False,0.008907750598480603
2048,241,bernstein,True,True,0.03414494707352435,0.0,False,0.0094224961527546
2048,241,betting,True,True,0.007038389235094589,1.0,False,0.0094224961527546
2048,242,bernstein,True,True,0.03397244524686901,0.0,False,0.00862734565686362
2048,242,betting,True,True,0.007004831455487914,1.0,False,0.00862734565686362
2048,243,bernstein,True,True,0.034564050248159686,0.0,False,0.010718147466197446
2048,243,betting,True,True,0.007116241627591058,1.0,False,0.010718147466197446
2048,244,bernstein,True,True,0.03455809824022353,0.0,False,0.01090677751748565
2048,244,betting,True,True,0.007112690535795885,1.0,False,0.01090677751748565
2048,245,bernstein,True,True,0.03407278171927151,0.0,False,0.009102729213118929
2048,245,betting,True,True,0.007026475134334742,1.0,False,0.009102729213118929
2048,246,bernstein,True,True,0.03456579209104528,0.0,False,0.011025038603956216
2048,246,betting,True,True,0.007115997658074802,1.0,False,0.011025038603956216
2048,247,bernstein,True,True,0.0342938181427007,0.0,False,0.010030306827778647
2048,247,betting,True,True,0.007063954821969642,1.0,False,0.010030306827778647
2048,248,bernstein,True,True,0.03409131077913211,0.0,False,0.009156760324161992
2048,248,betting,True,True,0.007027134820018488,1.0,False,0.009156760324161992
2048,249,bernstein,True,True,0.0342988558715879,0.0,False,0.010271883335654496
2048,249,betting,True,True,0.007064580101978191,1.0,False,0.010271883335654496
2048,250,bernstein,True,True,0.0342766817123769,0.0,False,0.009881444229203062
2048,250,betting,True,True,0.007058664584037588,1.0,False,0.009881444229203062
2048,251,bernstein,True,True,0.03409690370935935,0.0,False,0.008808256576904414
2048,251,betting,True,True,0.00702859542368961,1.0,False,0.008808256576904414
2048,252,bernstein,True,True,0.03471168963366146,0.0,False,0.011473044631113911
2048,252,betting,True,True,0.0071463316223889795,1.0,False,0.011473044631113911
2048,253,bernstein,True,True,0.03451479616817296,0.0,False,0.011060508416042242
2048,253,betting,True,True,0.007105539305630404,1.0,False,0.011060508416042242
2048,254,bernstein,True,True,0.03463904300888988,0.0,False,0.011506825857095223
2048,254,betting,True,True,0.007132230432616793,1.0,False,0.011506825857095223
2048,255,bernstein,True,True,0.03431312734634318,0.0,False,0.009335689561493063
2048,255,betting,True,True,0.007061918050894844,1.0,False,0.009335689561493063
2048,256,bernstein,True,True,0.03429685151005646,0.0,False,0.009856762182988973
2048,256,betting,True,True,0.007065894261431893,1.0,False,0.009856762182988973
2048,257,bernstein,True,True,0.03421181139814616,0.0,False,0.009670191936139707
2048,257,betting,True,True,0.007049243314431797,1.0,False,0.009670191936139707
2048,258,bernstein,True,True,0.03424050359633235,0.0,False,0.009320628051766564
2048,258,betting,True,True,0.007048976129008122,1.0,False,0.009320628051766564
2048,259,bernstein,True,True,0.03436348523986456,0.0,False,0.010151020439451638
2048,259,betting,True,True,0.007077676277149281,1.0,False,0.010151020439451638
2048,260,bernstein,True,True,0.03384864987122425,0.0,False,0.008145806539857012
2048,260,betting,True,True,0.006989344961875754,1.0,False,0.008145806539857012
2048,261,bernstein,True,True,0.03439630981436702,0.0,False,0.010395449666038314
2048,261,betting,True,True,0.007083861687715354,1.0,False,0.010395449666038314
2048,262,bernstein,True,True,0.03419624724860587,0.0,False,0.009722423706003062
2048,262,betting,True,True,0.007041871792862309,1.0,False,0.009722423706003062
2048,263,bernstein,True,True,0.035173496077564426,0.0,False,0.01364591947546059
2048,263,betting,True,True,0.007256446805549821,1.0,False,0.01364591947546059
2048,264,bernstein,True,True,0.03426904101212547,0.0,False,0.009759903386395118
2048,264,betting,True,True,0.0070604527371325165,1.0,False,0.009759903386395118
2048,265,bernstein,True,True,0.0341540667370837,0.0,False,0.009573151460908019
2048,265,betting,True,True,0.007040038180784913,1.0,False,0.009573151460908019
2048,266,bernstein,True,True,0.034546304353275686,0.0,False,0.011095348444899837
2048,266,betting,True,True,0.007110958485609387,1.0,False,0.011095348444899837
2048,267,bernstein,True,True,0.03381157603851978,0.0,False,0.008101981100034576
2048,267,betting,True,True,0.006983962137637745,1.0,False,0.008101981100034576
2048,268,bernstein,True,True,0.034206185195393785,0.0,False,0.00974806184188473
2048,268,betting,True,True,0.007049104947800533,1.0,False,0.00974806184188473
2048,269,bernstein,True,True,0.03436197799209821,0.0,False,0.010315612571860403
2048,269,betting,True,True,0.007077208802802382,1.0,False,0.010315612571860403
2048,270,bernstein,True,True,0.03422748736304422,0.0,False,0.009668473023335122
2048,270,betting,True,True,0.007050039522327967,1.0,False,0.009668473023335122
2048,271,bernstein,True,True,0.034534810254724414,0.0,False,0.011109159610785638
2048,271,betting,True,True,0.007111151335229882,1.0,False,0.011109159610785638
2048,272,bernstein,True,True,0.034116256519935745,0.0,False,0.009324388943950077
2048,272,betting,True,True,0.007029766739724441,1.0,False,0.009324388943950077
2048,273,bernstein,True,True,0.03437120853205353,0.0,False,0.010342876919380276
2048,273,betting,True,True,0.007078108359783064,1.0,False,0.010342876919380276
2048,274,bernstein,True,True,0.034570151373093626,0.0,False,0.011132469298606987
2048,274,betting,True,True,0.007114645131186981,1.0,False,0.011132469298606987
2048,275,bernstein,True,True,0.034292875286682206,0.0,False,0.010100589626326886
2048,275,betting,True,True,0.007065071228025799,1.0,False,0.010100589626326886
2048,276,bernstein,True,True,0.03438708458451548,0.0,False,0.010421875794241302
2048,276,betting,True,True,0.007081241644482317,1.0,False,0.010421875794241302
2048,277,bernstein,True,True,0.034237090127658645,0.0,False,0.009917469434026435
2048,277,betting,True,True,0.007053074159230177,1.0,False,0.009917469434026435
2048,278,bernstein,True,True,0.034288203080052856,0.0,False,0.010167278115627768
2048,278,betting,True,True,0.007062579382909551,1.0,False,0.010167278115627768
2048,279,bernstein,True,True,0.03405447717541234,0.0,False,0.009135149972296391
2048,279,betting,True,True,0.007020899640956424,1.0,False,0.009135149972296391
2048,280,bernstein,True,True,0.0345893875910238,0.0,False,0.011312080237230652
2048,280,betting,True,True,0.007116498824980222,1.0,False,0.011312080237230652
2048,281,bernstein,True,True,0.034543206754026265,0.0,False,0.011189850531892974
2048,281,betting,True,True,0.007111650802980818,1.0,False,0.011189850531892974
2048,282,bernstein,True,True,0.03436137967858527,0.0,False,0.010258733316574458
2048,282,betting,True,True,0.007077325529426193,1.0,False,0.010258733316574458
2048,283,bernstein,True,True,0.03424091758045694,0.0,False,0.00983607536493481
2048,283,betting,True,True,0.00705226935431702,1.0,False,0.00983607536493481
2048,284,bernstein,True,True,0.03429889939723782,0.0,False,0.009519703619293465
2048,284,betting,True,True,0.007061753501439005,1.0,False,0.009519703619293465
2048,285,bernstein,True,True,0.034954349360576994,0.0,False,0.012414945892261966
2048,285,betting,True,True,0.0071997245731109105,1.0,False,0.012414945892261966
2048,286,bernstein,True,True,0.03429112636739414,0.0,False,0.010057676763824717
2048,286,betting,True,True,0.007061176431634508,1.0,False,0.010057676763824717
2048,287,bernstein,True,True,0.03387983506686147,0.0,False,0.008372638390177402
2048,287,betting,True,True,0.006995193239963671,1.0,False,0.008372638390177402
2048,288,bernstein,True,True,0.03407675475262173,0.0,False,0.009197795182582617
2048,288,betting,True,True,0.007021536383654214,1.0,False,0.009197795182582617
2048,289,bernstein,True,True,0.033889295966233156,0.0,False,0.008357503540231872
2048,289,betting,True,True,0.006994024860032533,1.0,False,0.008357503540231872
2048,290,bernstein,True,True,0.03417931332830142,0.0,False,0.009706152465643311
2048,290,betting,True,True,0.0070445201626717635,1.0,False,0.009706152465643311
2048,291,bernstein,True,True,0.034584889708759406,0.0,False,0.010953251688711313
2048,291,betting,True,True,0.007119405127305134,1.0,False,0.010953251688711313
2048,292,bernstein,True,True,0.034394592971292395,0.0,False,0.010484863763868124
2048,292,betting,True,True,0.00708507371742606,1.0,False,0.010484863763868124
2048,293,bernstein,True,True,0.033880203202506384,0.0,False,0.008219652765701895
2048,293,betting,True,True,0.006993938815030631,1.0,False,0.008219652765701895
2048,294,bernstein,True,True,0.0343191913821474,0.0,False,0.010264357678870795
2048,294,betting,True,True,0.007068234749749602,1.0,False,0.010264357678870795
2048,295,bernstein,True,True,0.03402658551973259,0.0,False,0.00890506434705594
2048,295,betting,True,True,0.007015330239882989,1.0,False,0.00890506434705594
2048,296,bernstein,True,True,0.03432326924318592,0.0,False,0.009761994289397008
2048,296,betting,True,True,0.00706660379044477,1.0,False,0.009761994289397008
2048,297,bernstein,True,True,0.034601659993859016,0.0,False,0.01127119200081058
2048,297,betting,True,True,0.007125552108809607,1.0,False,0.01127119200081058
2048,298,bernstein,True,True,0.03403556915587186,0.0,False,0.008975690811185445
2048,298,betting,True,True,0.007012377312057727,1.0,False,0.008975690811185445
2048,299,bernstein,True,True,0.03483955612516193,0.0,False,0.012099587404539446
2048,299,betting,True,True,0.0071724483075377155,1.0,False,0.012099587404539446
2048,300,bernstein,True,True,0.035068627127849555,0.0,False,0.01209603562155772
2048,300,betting,True,True,0.00721747411585949,1.0,False,0.01209603562155772
2048,301,bernstein,True,True,0.03392458762309007,0.0,False,0.008650609948965993
2048,301,betting,True,True,0.006999779499747172,1.0,False,0.008650609948965993
2048,302,bernstein,True,True,0.03428336360407626,0.0,False,0.008492654985757185
2048,302,betting,True,True,0.007049944638201855,1.0,False,0.008492654985757185
2048,303,bernstein,True,True,0.03438995874880457,0.0,False,0.010243994538340106
2048,303,betting,True,True,0.007083512810822867,1.0,False,0.010243994538340106
2048,304,bernstein,True,True,0.0341509596481914,0.0,False,0.009421460394920964
2048,304,betting,True,True,0.007038019867104617,1.0,False,0.009421460394920964
2048,305,bernstein,True,True,0.03400316354620941,0.0,False,0.008875123906835963
2048,305,betting,True,True,0.007013898957629938,1.0,False,0.008875123906835963
2048,306,bernstein,True,True,0.03417930332394466,0.0,False,0.009700670080752656
2048,306,betting,True,True,0.007045217912054702,1.0,False,0.009700670080752656
2048,307,bernstein,True,True,0.03377529593697737,0.0,False,0.007918475661153671
2048,307,betting,True,True,0.0069793922223106986,1.0,False,0.007918475661153671
2048,308,bernstein,True,True,0.03429706161661681,0.0,False,0.009949461647033576
2048,308,betting,True,True,0.0070636441980604925,1.0,False,0.009949461647033576
2048,309,bernstein,True,True,0.03413500505827244,0.0,False,0.009515606973810825
2048,309,betting,True,True,0.0070346961582617995,1.0,False,0.009515606973810825
2048,310,bernstein,True,True,0.034026489370314786,0.0,False,0.008990311181863008
2048,310,betting,True,True,0.0070175583419040954,1.0,False,0.008990311181863008
2048,311,bernstein,True,True,0.034298123630396915,0.0,False,0.010150909261517115
2048,311,betting,True,True,0.007064134395295851,1.0,False,0.010150909261517115
2048,312,bernstein,True,True,0.03435806620282294,0.0,False,0.010373880079189806
2048,312,betting,True,True,0.007075177908336561,1.0,False,0.010373880079189806
2048,313,bernstein,True,True,0.03390395068187921,0.0,False,0.008377775690638507
2048,313,betting,True,True,0.006997143512635251,1.0,False,0.008377775690638507
2048,314,bernstein,True,True,0.03426703870273104,0.0,False,0.010069423923251858
2048,314,betting,True,True,0.007057961768004994,1.0,False,0.010069423923251858
2048,315,bernstein,True,True,0.034555701403295856,0.0,False,0.01118608062657324
2048,315,betting,True,True,0.007113907235980155,1.0,False,0.01118608062657324
2048,316,bernstein,True,True,0.03409186079836132,0.0,False,0.008854187239668925
2048,316,betting,True,True,0.007023810547725495,1.0,False,0.008854187239668925
2048,317,bernstein,True,True,0.03435948822648541,0.0,False,0.010082478006706133
2048,317,betting,True,True,0.0070786703616978475,1.0,False,0.010082478006706133
2048,318,bernstein,True,True,0.034193733821487174,0.0,False,0.009585640668461725
2048,318,betting,True,True,0.007047953013570862,1.0,False,0.009585640668461725
2048,319,bernstein,True,True,0.03390872657725376,0.0,False,0.008524411433376917
2048,319,betting,True,True,0.006999195422031312,1.0,False,0.008524411433376917
2048,320,bernstein,True,True,0.033750056972972925,0.0,False,0.008043195454983065
2048,320,betting,True,True,0.006974167203734449,1.0,False,0.008043195454983065
2048,321,bernstein,True,True,0.03399649511596249,0.0,False,0.008801763821496306
2048,321,betting,True,True,0.007010911575707657,1.0,False,0.008801763821496306
2048,322,bernstein,True,True,0.03449534230657021,0.0,False,0.011088682628160682
2048,322,betting,True,True,0.007102304824402328,1.0,False,0.011088682628160682
2048,323,bernstein,True,True,0.03429380184621532,0.0,False,0.010034470274234784
2048,323,betting,True,True,0.007065546458616123,1.0,False,0.010034470274234784
2048,324,bernstein,True,True,0.033983117215788325,0.0,False,0.008610565516515189
2048,324,betting,True,True,0.007009876517768077,1.0,False,0.008610565516515189
2048,325,bernstein,True,True,0.03479558049176014,0.0,False,0.012199757083838686
2048,325,betting,True,True,0.007162827497340873,1.0,False,0.012199757083838686
2048,326,bernstein,True,True,0.0346157875627858,0.0,False,0.011341684930270565
2048,326,betting,True,True,0.0071277950806325485,1.0,False,0.011341684930270565
2048,327,bernstein,True,True,0.034246026480448624,0.0,False,0.009919152358421638
2048,327,betting,True,True,0.007055233348655765,1.0,False,0.009919152358421638
2048,328,bernstein,True,True,0.03403457605279678,0.0,False,0.008947312838343538
2048,328,betting,True,True,0.007018058197027277,1.0,False,0.008947312838343538
2048,329,bernstein,True,True,0.03419113793791072,0.0,False,0.00934222593803978
2048,329,betting,True,True,0.007043258382072981,1.0,False,0.00934222593803978
2048,330,bernstein,True,True,0.03416100434365797,0.0,False,0.009613688175986481
2048,330,betting,True,True,0.007038262080241053,1.0,False,0.009613688175986481
2048,331,bernstein,True,True,0.03414357536062103,0.0,False,0.009285276788275386
2048,331,betting,True,True,0.007037243661689119,1.0,False,0.009285276788275386
2048,332,bernstein,True,True,0.03398046189946886,0.0,False,0.008896243923804455
2048,332,betting,True,True,0.007010177074407653,1.0,False,0.008896243923804455
2048,333,bernstein,True,True,0.0340687785457946,0.0,False,0.009139745195077497
2048,333,betting,True,True,0.007023095454642303,1.0,False,0.009139745195077497
2048,334,bernstein,True,True,0.034444775639340466,0.0,False,0.010699251274608816
2048,334,betting,True,True,0.007094464961301283,1.0,False,0.010699251274608816
2048,335,bernstein,True,True,0.03441501137614364,0.0,False,0.010517238865648535
2048,335,betting,True,True,0.00708672738641325,1.0,False,0.010517238865648535
2048,336,bernstein,True,True,0.03395678780227965,0.0,False,0.008685811971265478
2048,336,betting,True,True,0.007006591458084577,1.0,False,0.008685811971265478
2048,337,bernstein,True,True,0.03425863551454521,0.0,False,0.009839027096136873
2048,337,betting,True,True,0.007056428536488912,1.0,False,0.009839027096136873
2048,338,bernstein,True,True,0.03434247414907632,0.0,False,0.009674642176002623
2048,338,betting,True,True,0.007068046795102423,1.0,False,0.009674642176002623
2048,339,bernstein,True,True,0.03449358518451389,0.0,False,0.010932751405953355
2048,339,betting,True,True,0.007105946319134082,1.0,False,0.010932751405953355
2048,340,bernstein,True,True,0.03470158668595333,0.0,False,0.011820011483308638
2048,340,betting,True,True,0.0071453564090189214,1.0,False,0.011820011483308638
2048,341,bernstein,True,True,0.034572759767005266,0.0,False,0.011423488255598493
2048,341,betting,True,True,0.007118357946383158,1.0,False,0.011423488255598493
2048,342,bernstein,True,True,0.03463781148402091,0.0,False,0.01142227287732021
2048,342,betting,True,True,0.007128448652001795,1.0,False,0.01142227287732021
2048,343,bernstein,True,True,0.03422521492751189,0.0,False,0.009665661991986936
2048,343,betting,True,True,0.007047154811589351,1.0,False,0.009665661991986936
2048,344,bernstein,True,True,0.03452701838453233,0.0,False,0.010880731015276146
2048,344,betting,True,True,0.007106610199880459,1.0,False,0.010880731015276146
2048,345,bernstein,True,True,0.034285182139974855,0.0,False,0.010066174877728184
2048,345,betting,True,True,0.007061016891602767,1.0,False,0.010066174877728184
2048,346,bernstein,True,True,0.0343065540129503,0.0,False,0.010239694638215002
2048,346,betting,True,True,0.007064878792189089,1.0,False,0.010239694638215002
2048,347,bernstein,True,True,0.033787430835452346,0.0,False,0.007971093811474567
2048,347,betting,True,True,0.006981074710893154,1.0,False,0.007971093811474567
2048,348,bernstein,True,True,0.034228940304398804,0.0,False,0.00934511809809613
2048,348,betting,True,True,0.007049607373665001,1.0,False,0.00934511809809613
2048,349,bernstein,True,True,0.033714276560820856,0.0,False,0.0077510976792381035
2048,349,betting,True,True,0.006967884056575779,1.0,False,0.0077510976792381035
2048,350,bernstein,True,True,0.034472866484986486,0.0,False,0.01061483203282429
2048,350,betting,True,True,0.007095615861071658,1.0,False,0.01061483203282429
2048,351,bernstein,True,True,0.03435415044247953,0.0,False,0.010216021380972613
2048,351,betting,True,True,0.007077729395532528,1.0,False,0.010216021380972613
2048,352,bernstein,True,True,0.03443227684470684,0.0,False,0.010385853763588204
2048,352,betting,True,True,0.007087733646767291,1.0,False,0.010385853763588204
2048,353,bernstein,True,True,0.03427260662013622,0.0,False,0.010045300870587845
2048,353,betting,True,True,0.007057031828735516,1.0,False,0.010045300870587845
2048,354,bernstein,True,True,0.03412435041984287,0.0,False,0.009198343682784193
2048,354,betting,True,True,0.007029892802893345,1.0,False,0.009198343682784193
2048,355,bernstein,True,True,0.03425114883860188,0.0,False,0.009892361728924992
2048,355,betting,True,True,0.007056810097892607,1.0,False,0.009892361728924992
2048,356,bernstein,True,True,0.03384518388718532,0.0,False,0.008064274033574492
2048,356,betting,True,True,0.006989476641938275,1.0,False,0.008064274033574492
2048,357,bernstein,True,True,0.03425342751802132,0.0,False,0.009956645184416944
2048,357,betting,True,True,0.007054402893554634,1.0,False,0.009956645184416944
2048,358,bernstein,True,True,0.03420948481466249,0.0,False,0.009470313018034734
2048,358,betting,True,True,0.007048815620546378,1.0,False,0.009470313018034734
2048,359,bernstein,True,True,0.03398300923506307,0.0,False,0.008844361674482614
2048,359,betting,True,True,0.007009259253718425,1.0,False,0.008844361674482614
2048,360,bernstein,True,True,0.03375097092404279,0.0,False,0.007549094304355929
2048,360,betting,True,True,0.006968848502765357,1.0,False,0.007549094304355929
2048,361,bernstein,True,True,0.03422292324468082,0.0,False,0.009655547410490703
2048,361,betting,True,True,0.007050842179087358,1.0,False,0.009655547410490703
2048,362,bernstein,True,True,0.03412696901937477,0.0,False,0.009420632670480766
2048,362,betting,True,True,0.0070328263929333446,1.0,False,0.009420632670480766
2048,363,bernstein,True,True,0.034317881498751465,0.0,False,0.010126497820237623
2048,363,betting,True,True,0.007069544943042239,1.0,False,0.010126497820237623
2048,364,bernstein,True,True,0.03429419443753032,0.0,False,0.009996078653903286
2048,364,betting,True,True,0.007061036304221502,1.0,False,0.009996078653903286
2048,365,bernstein,True,True,0.03431057093547564,0.0,False,0.01007646185580373
2048,365,betting,True,True,0.007064623910228107,1.0,False,0.01007646185580373
2048,366,bernstein,True,True,0.034810099655301366,0.0,False,0.011782433883617126
2048,366,betting,True,True,0.0071688325378271855,1.0,False,0.011782433883617126
2048,367,bernstein,True,True,0.03494150438972708,0.0,False,0.01260453341401761
2048,367,betting,True,True,0.0072048112338598536,1.0,False,0.01260453341401761
2048,368,bernstein,True,True,0.0343821944582762,0.0,False,0.010363067174648678
2048,368,betting,True,True,0.007082182047197461,1.0,False,0.010363067174648678
2048,369,bernstein,True,True,0.034508083033934836,0.0,False,0.010143434642174404
2048,369,betting,True,True,0.007100853869815182,1.0,False,0.010143434642174404
2048,370,bernstein,True,True,0.034372720524288955,0.0,False,0.01031695616487384
2048,370,betting,True,True,0.007080924994297688,1.0,False,0.01031695616487384
2048,371,bernstein,True,True,0.03448806765373586,0.0,False,0.010493510065665032
2048,371,betting,True,True,0.0071004104301392035,1.0,False,0.010493510065665032
2048,372,bernstein,True,True,0.03422463441513951,0.0,False,0.009605437934932612
2048,372,betting,True,True,0.0070524782050415125,1.0,False,0.009605437934932612
2048,373,bernstein,True,True,0.034039107705679784,0.0,False,0.009057443873704637
2048,373,betting,True,True,0.007017440008567077,1.0,False,0.009057443873704637
2048,374,bernstein,True,True,0.03442140916059365,0.0,False,0.010739347619980234
2048,374,betting,True,True,0.007088536999035666,1.0,False,0.010739347619980234
2048,375,bernstein,True,True,0.03434100932220123,0.0,False,0.009874055458797026
2048,375,betting,True,True,0.007070440406205303,1.0,False,0.009874055458797026
2048,376,bernstein,True,True,0.034495244434084776,0.0,False,0.01078029097329716
2048,376,betting,True,True,0.007100478678039535,1.0,False,0.01078029097329716
2048,377,bernstein,True,True,0.03443128009993916,0.0,False,0.010443563509209582
2048,377,betting,True,True,0.007089590012546942,1.0,False,0.010443563509209582
2048,378,bernstein,True,True,0.03460924082643496,0.0,False,0.011414689290115427
2048,378,betting,True,True,0.00712348433477028,1.0,False,0.011414689290115427
2048,379,bernstein,True,True,0.03450995059785085,0.0,False,0.01085607940604623
2048,379,betting,True,True,0.007107126549126486,1.0,False,0.01085607940604623
2048,380,bernstein,True,True,0.03401929880400402,0.0,False,0.008798385591223635
2048,380,betting,True,True,0.007013290154136431,1.0,False,0.008798385591223635
2048,381,bernstein,True,True,0.034499209490174716,0.0,False,0.01094660910933476
2048,381,betting,True,True,0.007099176218980485,1.0,False,0.01094660910933476
2048,382,bernstein,True,True,0.03455725671368892,0.0,False,0.010833419162553648
2048,382,betting,True,True,0.007112866790048522,1.0,False,0.010833419162553648
2048,383,bernstein,True,True,0.03492990978768238,0.0,False,0.012613805363732262
2048,383,betting,True,True,0.0072001730750345105,1.0,False,0.012613805363732262
2048,384,bernstein,True,True,0.034361686085329406,0.0,False,0.010360724455035351
2048,384,betting,True,True,0.007074060749546307,1.0,False,0.010360724455035351
2048,385,bernstein,True,True,0.0339678088868309,0.0,False,0.008674798211383318
2048,385,betting,True,True,0.007007385649885678,1.0,False,0.008674798211383318
2048,386,bernstein,True,True,0.03456827167967193,0.0,False,0.011223382980429419
2048,386,betting,True,True,0.0071175778012185775,1.0,False,0.011223382980429419
2048,387,bernstein,True,True,0.034383021630153415,0.0,False,0.010554965088328214
2048,387,betting,True,True,0.007081998393259736,1.0,False,0.010554965088328214
2048,388,bernstein,True,True,0.03421787061264353,0.0,False,0.009539333027919986
2048,388,betting,True,True,0.007046066516413707,1.0,False,0.009539333027919986
2048,389,bernstein,True,True,0.03427039056671738,0.0,False,0.009767941747613073
2048,389,betting,True,True,0.007060250502545329,1.0,False,0.009767941747613073
2048,390,bernstein,True,True,0.0341469809834207,0.0,False,0.009438432326275371
2048,390,betting,True,True,0.0070368926234368745,1.0,False,0.009438432326275371
2048,391,bernstein,True,True,0.034636416942057976,0.0,False,0.011434822627687812
2048,391,betting,True,True,0.007129565463037557,1.0,False,0.011434822627687812
2048,392,bernstein,True,True,0.03398114110278824,0.0,False,0.0088291495863152
2048,392,betting,True,True,0.007008163642494791,1.0,False,0.0088291495863152
2048,393,bernstein,True,True,0.03464688400976406,0.0,False,0.011379824213358083
2048,393,betting,True,True,0.007133839153248056,1.0,False,0.011379824213358083
2048,394,bernstein,True,True,0.03441184605773409,0.0,False,0.010656556294992773
2048,394,betting,True,True,0.007085328819484871,1.0,False,0.010656556294992773
2048,395,bernstein,True,True,0.034086347649819826,0.0,False,0.009234826540136264
2048,395,betting,True,True,0.007028793555655222,1.0,False,0.009234826540136264
2048,396,bernstein,True,True,0.03442795930743049,0.0,False,0.010577505631299555
2048,396,betting,True,True,0.007091274169470085,1.0,False,0.010577505631299555
2048,397,bernstein,True,True,0.034431269980896,0.0,False,0.010466249446559762
2048,397,betting,True,True,0.007089935455914964,1.0,False,0.010466249446559762
2048,398,bernstein,True,True,0.03471804468515384,0.0,False,0.011882500334887497
2048,398,betting,True,True,0.007150921069187355,1.0,False,0.011882500334887497
2048,399,bernstein,True,True,0.03418084994969445,0.0,False,0.009323211637874794
2048,399,betting,True,True,0.007041110646532789,1.0,False,0.009323211637874794
2048,400,bernstein,True,True,0.03462315628656168,0.0,False,0.011322349595641325
2048,400,betting,True,True,0.007130946034776597,1.0,False,0.011322349595641325
2048,401,bernstein,True,True,0.03409981911888722,0.0,False,0.009005836342356535
2048,401,betting,True,True,0.007028026655971242,1.0,False,0.009005836342356535
2048,402,bernstein,True,True,0.0343786044072426,0.0,False,0.009692410198166227
2048,402,betting,True,True,0.007075851121226107,1.0,False,0.009692410198166227
2048,403,bernstein,True,True,0.0340416729434797,0.0,False,0.008523058004489494
2048,403,betting,True,True,0.0070195067613531,1.0,False,0.008523058004489494
2048,404,bernstein,True,True,0.03416416489745868,0.0,False,0.009295575953992602
2048,404,betting,True,True,0.007035348017270793,1.0,False,0.009295575953992602
2048,405,bernstein,True,True,0.03506466907837065,0.0,False,0.013266130260049237
2048,405,betting,True,True,0.007229152936561123,0.5,False,0.013266130260049237
2048,406,bernstein,True,True,0.034466933220711524,0.0,False,0.010659652448084702
2048,406,betting,True,True,0.007098840675607732,1.0,False,0.010659652448084702
2048,407,bernstein,True,True,0.03441039506850288,0.0,False,0.01060125906188547
2048,407,betting,True,True,0.0070862060849685715,1.0,False,0.01060125906188547
2048,408,bernstein,True,True,0.03445713112696318,0.0,False,0.010727782232475915
2048,408,betting,True,True,0.007092455068559489,1.0,False,0.010727782232475915
2048,409,bernstein,True,True,0.03441067086114401,0.0,False,0.010563502537766386
2048,409,betting,True,True,0.007086637802240059,1.0,False,0.010563502537766386
2048,410,bernstein,True,True,0.034359343161560536,0.0,False,0.010048037342463411
2048,410,betting,True,True,0.007073735630001465,1.0,False,0.010048037342463411
2048,411,bernstein,True,True,0.034087249182677776,0.0,False,0.00928177481543574
2048,411,betting,True,True,0.007028213342855416,1.0,False,0.00928177481543574
2048,412,bernstein,True,True,0.03446728239480822,0.0,False,0.01067591990068956
2048,412,betting,True,True,0.0070968714349146644,1.0,False,0.01067591990068956
2048,413,bernstein,True,True,0.034178954999099315,0.0,False,0.009503265225790375
2048,413,betting,True,True,0.007045264718035571,1.0,False,0.009503265225790375
2048,414,bernstein,True,True,0.033854084930216605,0.0,False,0.00829394835962407
2048,414,betting,True,True,0.006989207638507633,1.0,False,0.00829394835962407
2048,415,bernstein,True,True,0.034279398570810804,0.0,False,0.010087923236554145
2048,415,betting,True,True,0.007061753937232407,1.0,False,0.010087923236554145
2048,416,bernstein,True,True,0.03444791230830184,0.0,False,0.010709527661493943
2048,416,betting,True,True,0.00709357742165595,1.0,False,0.010709527661493943
2048,417,bernstein,True,True,0.0342452957379626,0.0,False,0.009922743113670618
2048,417,betting,True,True,0.00705320388482511,1.0,False,0.009922743113670618
2048,418,bernstein,True,True,0.03449621628625829,0.0,False,0.011023689630856374
2048,418,betting,True,True,0.00710314939216905,1.0,False,0.011023689630856374
2048,419,bernstein,True,True,0.03424273673475997,0.0,False,0.009494358048944562
2048,419,betting,True,True,0.007053276534679798,1.0,False,0.009494358048944562
2048,420,bernstein,True,True,0.03386848942224926,0.0,False,0.008426949772026607
2048,420,betting,True,True,0.0069924167908902435,1.0,False,0.008426949772026607
2048,421,bernstein,True,True,0.03391165062683779,0.0,False,0.00842452731859216
2048,421,betting,True,True,0.006997228980981207,1.0,False,0.00842452731859216
2048,422,bernstein,True,True,0.034129640199394,0.0,False,0.009202916539200816
2048,422,betting,True,True,0.007030851037925445,1.0,False,0.009202916539200816
2048,423,bernstein,True,True,0.03423186302588249,0.0,False,0.009711164731126827
2048,423,betting,True,True,0.00705317274539996,1.0,False,0.009711164731126827
2048,424,bernstein,True,True,0.034925405368077506,0.0,False,0.012449109563475492
2048,424,betting,True,True,0.007194010633866044,1.0,False,0.012449109563475492
2048,425,bernstein,True,True,0.03421203779105633,0.0,False,0.00976235774000786
2048,425,betting,True,True,0.007049433417232631,1.0,False,0.00976235774000786
2048,426,bernstein,True,True,0.034933295783743885,0.0,False,0.012176440700839286
2048,426,betting,True,True,0.007193873451360466,1.0,False,0.012176440700839286
2048,427,bernstein,True,True,0.03429922900439701,0.0,False,0.010165337806876082
2048,427,betting,True,True,0.007063704927422698,1.0,False,0.010165337806876082
2048,428,bernstein,True,True,0.03438520512344901,0.0,False,0.010515083236999383
2048,428,betting,True,True,0.007081609458582494,1.0,False,0.010515083236999383
2048,429,bernstein,True,True,0.034267077750964325,0.0,False,0.009916751217362154
2048,429,betting,True,True,0.007059795767454413,1.0,False,0.009916751217362154
2048,430,bernstein,True,True,0.03409501942093865,0.0,False,0.009167689134045441
2048,430,betting,True,True,0.007028605931154841,1.0,False,0.009167689134045441
2048,431,bernstein,True,True,0.03412542702966126,0.0,False,0.009440293287023099
2048,431,betting,True,True,0.007033692367403921,1.0,False,0.009440293287023099
2048,432,bernstein,True,True,0.033975150417550684,0.0,False,0.008393948899615642
2048,432,betting,True,True,0.007006241912094979,1.0,False,0.008393948899615642
2048,433,bernstein,True,True,0.03385104575544003,0.0,False,0.008355867502998165
2048,433,betting,True,True,0.006988789589304378,1.0,False,0.008355867502998165
2048,434,bernstein,True,True,0.034284062266810036,0.0,False,0.009980336433328801
2048,434,betting,True,True,0.007064056678791397,1.0,False,0.009980336433328801
2048,435,bernstein,True,True,0.03461187103882761,0.0,False,0.011177770604400238
2048,435,betting,True,True,0.007126274064539695,1.0,False,0.011177770604400238
2048,436,bernstein,True,True,0.0341592406010384,0.0,False,0.009483261792531929
2048,436,betting,True,True,0.007038649104470052,1.0,False,0.009483261792531929
2048,437,bernstein,True,True,0.03397052751870459,0.0,False,0.008807505803636755
2048,437,betting,True,True,0.007007839341713451,1.0,False,0.008807505803636755
2048,438,bernstein,True,True,0.03499867130658982,0.0,False,0.012015554865632085
2048,438,betting,True,True,0.0072047995818866895,1.0,False,0.012015554865632085
2048,439,bernstein,True,True,0.03420031930483773,0.0,False,0.009708647228452882
2048,439,betting,True,True,0.007046048600459431,1.0,False,0.009708647228452882
2048,440,bernstein,True,True,0.034518349601151174,0.0,False,0.010964874422759906
2048,440,betting,True,True,0.007102130124039818,1.0,False,0.010964874422759906
2048,441,bernstein,True,True,0.03437944622239343,0.0,False,0.010306729564395342
2048,441,betting,True,True,0.007077668556121353,1.0,False,0.010306729564395342
2048,442,bernstein,True,True,0.03448485923871635,0.0,False,0.010573056560922868
2048,442,betting,True,True,0.0070963698718333745,1.0,False,0.010573056560922868
2048,443,bernstein,True,True,0.03425249250852587,0.0,False,0.009931959258943199
2048,443,betting,True,True,0.00705804191438808,1.0,False,0.009931959258943199
2048,444,bernstein,True,True,0.03451969638720236,0.0,False,0.01095533070346703
2048,444,betting,True,True,0.007105578667906176,1.0,False,0.01095533070346703
2048,445,bernstein,True,True,0.03428433963882674,0.0,False,0.009901623414242354
2048,445,betting,True,True,0.007062129903752101,1.0,False,0.009901623414242354
2048,446,bernstein,True,True,0.03456607903255361,0.0,False,0.010748920989339187
2048,446,betting,True,True,0.0071136738311542436,1.0,False,0.010748920989339187
2048,447,bernstein,True,True,0.034148624398489896,0.0,False,0.00932328872068415
2048,447,betting,True,True,0.007035798244760194,1.0,False,0.00932328872068415
2048,448,bernstein,True,True,0.033972167325600267,0.0,False,0.008832103235928852
2048,448,betting,True,True,0.007008626199858647,1.0,False,0.008832103235928852
2048,449,bernstein,True,True,0.034060068850012726,0.0,False,0.008913915706368314
2048,449,betting,True,True,0.0070250406210470295,1.0,False,0.008913915706368314
2048,450,bernstein,True,True,0.034129294207227684,0.0,False,0.0092713907344248
2048,450,betting,True,True,0.0070358159494208206,1.0,False,0.0092713907344248
2048,451,bernstein,True,True,0.0339625451016064,0.0,False,0.00858857806329312
2048,451,betting,True,True,0.007004856863568443,1.0,False,0.00858857806329312
2048,452,bernstein,True,True,0.03429403655302633,0.0,False,0.00999603028911406
2048,452,betting,True,True,0.00706560653208721,1.0,False,0.00999603028911406
2048,453,bernstein,True,True,0.03469286782935069,0.0,False,0.011744857048831858
2048,453,betting,True,True,0.007142682749981755,1.0,False,0.011744857048831858
2048,454,bernstein,True,True,0.03414625255480078,0.0,False,0.009606423964527194
2048,454,betting,True,True,0.007036940459474894,1.0,False,0.009606423964527194
2048,455,bernstein,True,True,0.03434867385913068,0.0,False,0.010362091113215073
2048,455,betting,True,True,0.007073615227745966,1.0,False,0.010362091113215073
2048,456,bernstein,True,True,0.03441105809760641,0.0,False,0.010556990620017161
2048,456,betting,True,True,0.00708711753162794,1.0,False,0.010556990620017161
2048,457,bernstein,True,True,0.034259299905362355,0.0,False,0.010039026030663228
2048,457,betting,True,True,0.007057279667569749,1.0,False,0.010039026030663228
2048,458,bernstein,True,True,0.03407315456558121,0.0,False,0.009161666575173004
2048,458,betting,True,True,0.007024075743465752,1.0,False,0.009161666575173004
2048,459,bernstein,True,True,0.03459863178732027,0.0,False,0.011187743335884586
2048,459,betting,True,True,0.007126435140853538,1.0,False,0.011187743335884586
2048,460,bernstein,True,True,0.03501686387990473,0.0,False,0.011798788514492837
2048,460,betting,True,True,0.007207419708756824,1.0,False,0.011798788514492837
2048,461,bernstein,True,True,0.0340199703211569,0.0,False,0.008904645504773608
2048,461,betting,True,True,0.007016457016943645,1.0,False,0.008904645504773608
2048,462,bernstein,True,True,0.03466549743816921,0.0,False,0.011785068587257289
2048,462,betting,True,True,0.007136044096587191,1.0,False,0.011785068587257289
2048,463,bernstein,True,True,0.03443979760987338,0.0,False,0.01051508240763352
2048,463,betting,True,True,0.007090067642202436,1.0,False,0.01051508240763352
2048,464,bernstein,True,True,0.034489850899815766,0.0,False,0.010630195872621467
2048,464,betting,True,True,0.007099691749463011,1.0,False,0.010630195872621467
2048,465,bernstein,True,True,0.034209255473520314,0.0,False,0.009584730473562484
2048,465,betting,True,True,0.007050391815137225,1.0,False,0.009584730473562484
2048,466,bernstein,True,True,0.03423139973467497,0.0,False,0.0099641968212833
2048,466,betting,True,True,0.007052085273389741,1.0,False,0.0099641968212833
2048,467,bernstein,True,True,0.0345907787230762,0.0,False,0.011018096888056855
2048,467,betting,True,True,0.0071196417367537235,1.0,False,0.011018096888056855
2048,468,bernstein,True,True,0.034487779357503925,0.0,False,0.01090141716916334
2048,468,betting,True,True,0.007103271665255262,1.0,False,0.01090141716916334
2048,469,bernstein,True,True,0.03421712758498739,0.0,False,0.009766306717416094
2048,469,betting,True,True,0.007047211240242213,1.0,False,0.009766306717416094
2048,470,bernstein,True,True,0.03403536530256043,0.0,False,0.008881480800079795
2048,470,betting,True,True,0.007015495907435332,1.0,False,0.008881480800079795
2048,471,bernstein,True,True,0.0341793971504603,0.0,False,0.009419042815736647
2048,471,betting,True,True,0.007042704198029326,1.0,False,0.009419042815736647
2048,472,bernstein,True,True,0.03471673207919963,0.0,False,0.011521641485850437
2048,472,betting,True,True,0.0071465715509111405,1.0,False,0.011521641485850437
2048,473,bernstein,True,True,0.034732913254229406,0.0,False,0.011094141431176083
2048,473,betting,True,True,0.007146441226650535,1.0,False,0.011094141431176083
2048,474,bernstein,True,True,0.034425406371661804,0.0,False,0.010372408543193833
2048,474,betting,True,True,0.007090680011278994,1.0,False,0.010372408543193833
2048,475,bernstein,True,True,0.03390608741843877,0.0,False,0.008535444147811438
2048,475,betting,True,True,0.006994946673294256,1.0,False,0.008535444147811438
2048,476,bernstein,True,True,0.03446116062946818,0.0,False,0.010294504581878892
2048,476,betting,True,True,0.007094076515240855,1.0,False,0.010294504581878892
2048,477,bernstein,True,True,0.034384881180994295,0.0,False,0.010448539460885052
2048,477,betting,True,True,0.007078843737071905,1.0,False,0.010448539460885052
2048,478,bernstein,True,True,0.033843960382467037,0.0,False,0.00782350205016578
2048,478,betting,True,True,0.006980941547372055,1.0,False,0.00782350205016578
2048,479,bernstein,True,True,0.03392464579712411,0.0,False,0.008493477791567193
2048,479,betting,True,True,0.007001621435920202,1.0,False,0.008493477791567193
2048,480,bernstein,True,True,0.03431864332505654,0.0,False,0.009918441672008987
2048,480,betting,True,True,0.007068309164787845,1.0,False,0.009918441672008987
2048,481,bernstein,True,True,0.03411606692556517,0.0,False,0.008976081674268176
2048,481,betting,True,True,0.0070269177860610155,1.0,False,0.008976081674268176
2048,482,bernstein,True,True,0.03411665880619101,0.0,False,0.00871196237092001
2048,482,betting,True,True,0.0070249266500467256,1.0,False,0.00871196237092001
2048,483,bernstein,True,True,0.03460100418594832,0.0,False,0.011316393067926075
2048,483,betting,True,True,0.007121921460493397,1.0,False,0.011316393067926075
2048,484,bernstein,True,True,0.034423435339069094,0.0,False,0.010005087488024794
2048,484,betting,True,True,0.007081907739411641,1.0,False,0.010005087488024794
2048,485,bernstein,True,True,0.03405335626776038,0.0,False,0.008944921952019617
2048,485,betting,True,True,0.007019172226027881,1.0,False,0.008944921952019617
2048,486,bernstein,True,True,0.034026502791549,0.0,False,0.0089298084266765
2048,486,betting,True,True,0.007016089180833629,1.0,False,0.0089298084266765
2048,487,bernstein,True,True,0.034270698837851374,0.0,False,0.010021694636508056
2048,487,betting,True,True,0.007060426193347569,1.0,False,0.010021694636508056
2048,488,bernstein,True,True,0.0339166322438926,0.0,False,0.008350624187452116
2048,488,betting,True,True,0.0069979648292791685,1.0,False,0.008350624187452116
2048,489,bernstein,True,True,0.03401795513317246,0.0,False,0.008990014054492044
2048,489,betting,True,True,0.007013977026290363,1.0,False,0.008990014054492044
2048,490,bernstein,True,True,0.03390025124153556,0.0,False,0.00853244227872647
2048,490,betting,True,True,0.006996908030087012,1.0,False,0.00853244227872647
2048,491,bernstein,True,True,0.03404451741214495,0.0,False,0.009084240036555872
2048,491,betting,True,True,0.007019512703991482,1.0,False,0.009084240036555872
2048,492,bernstein,True,True,0.034061557823108476,0.0,False,0.009023569953173619
2048,492,betting,True,True,0.007021844678929523,1.0,False,0.009023569953173619
2048,493,bernstein,True,True,0.034585007357244915,0.0,False,0.01086672535233498
2048,493,betting,True,True,0.007117160707239334,1.0,False,0.01086672535233498
2048,494,bernstein,True,True,0.03394987369413724,0.0,False,0.008637797506660806
2048,494,betting,True,True,0.007003769893381029,1.0,False,0.008637797506660806
2048,495,bernstein,True,True,0.034067591602368164,0.0,False,0.009214199347862523
2048,495,betting,True,True,0.007024654838169164,1.0,False,0.009214199347862523
2048,496,bernstein,True,True,0.03438627416768507,0.0,False,0.00966485394207231
2048,496,betting,True,True,0.007074030296826073,1.0,False,0.00966485394207231
2048,497,bernstein,True,True,0.03406207431258581,0.0,False,0.00899343639622277
2048,497,betting,True,True,0.007022067902034856,1.0,False,0.00899343639622277
2048,498,bernstein,True,True,0.03374792285951361,0.0,False,0.0077841064715819825
2048,498,betting,True,True,0.0069712711227475355,1.0,False,0.0077841064715819825
2048,499,bernstein,True,True,0.03400835157630536,0.0,False,0.008869384720007834
2048,499,betting,True,True,0.007013044529485368,1.0,False,0.008869384720007834
2048,500,bernstein,True,True,0.034124239271689547,0.0,False,0.009392583726113152
2048,500,betting,True,True,0.0070342940353294026,1.0,False,0.009392583726113152
2048,501,bernstein,True,True,0.034167645057182505,0.0,False,0.009443242533993569
2048,501,betting,True,True,0.007039890600863075,1.0,False,0.009443242533993569
2048,502,bernstein,True,True,0.03426481109884319,0.0,False,0.00985127048987174
2048,502,betting,True,True,0.007060059123177753,1.0,False,0.00985127048987174
2048,503,bernstein,True,True,0.034605301505409476,0.0,False,0.011051110396799329
2048,503,betting,True,True,0.00712136739970437,1.0,False,0.011051110396799329
2048,504,bernstein,True,True,0.03442215376985273,0.0,False,0.010379458529895634
2048,504,betting,True,True,0.0070851221037082635,1.0,False,0.010379458529895634
2048,505,bernstein,True,True,0.0343452461105262,0.0,False,0.010090939059328632
2048,505,betting,True,True,0.007073211216374942,1.0,False,0.010090939059328632
2048,506,bernstein,True,True,0.03383343892345575,0.0,False,0.008198771373948026
2048,506,betting,True,True,0.006987155015995006,1.0,False,0.008198771373948026
2048,507,bernstein,True,True,0.03497646216404765,0.0,False,0.012951107253228808
2048,507,betting,True,True,0.0072091871506562155,1.0,False,0.012951107253228808
2048,508,bernstein,True,True,0.0346160062845622,0.0,False,0.01165951884897343
2048,508,betting,True,True,0.007124068187986277,1.0,False,0.01165951884897343
2048,509,bernstein,True,True,0.0341088424460643,0.0,False,0.009352092611994822
2048,509,betting,True,True,0.007029236317430354,1.0,False,0.009352092611994822
2048,510,bernstein,True,True,0.034087516216758776,0.0,False,0.009126011700211954
2048,510,betting,True,True,0.007027933633871664,1.0,False,0.009126011700211954
2048,511,bernstein,True,True,0.03450793396090354,0.0,False,0.010331925270298688
2048,511,betting,True,True,0.007101455986739835,1.0,False,0.010331925270298688
2048,512,bernstein,True,True,0.03453111760552432,0.0,False,0.011048109588574911
2048,512,betting,True,True,0.00711072769554455,1.0,False,0.011048109588574911
2048,513,bernstein,True,True,0.03450821479621033,0.0,False,0.01081413547032217
2048,513,betting,True,True,0.007098773809921188,1.0,False,0.01081413547032217
2048,514,bernstein,True,True,0.03422726063728189,0.0,False,0.009648094356535488
2048,514,betting,True,True,0.007050584378630376,1.0,False,0.009648094356535488
2048,515,bernstein,True,True,0.03497760070228122,0.0,False,0.012703970565806121
2048,515,betting,True,True,0.007204812809759487,1.0,False,0.012703970565806121
2048,516,bernstein,True,True,0.03500055281686746,0.0,False,0.011927318554411929
2048,516,betting,True,True,0.0072046263253651155,1.0,False,0.011927318554411929
2048,517,bernstein,True,True,0.034048732354496555,0.0,False,0.00907389394202436
2048,517,betting,True,True,0.007021973431692419,1.0,False,0.00907389394202436
2048,518,bernstein,True,True,0.03420941043469436,0.0,False,0.009774580746232997
2048,518,betting,True,True,0.007047782081281095,1.0,False,0.009774580746232997
2048,519,bernstein,True,True,0.03448961482338082,0.0,False,0.010646440057767458
2048,519,betting,True,True,0.007099915760518272,1.0,False,0.010646440057767458
2048,520,bernstein,True,True,0.034252386601765425,0.0,False,0.009574015461980749
2048,520,betting,True,True,0.007054591600935911,1.0,False,0.009574015461980749
2048,521,bernstein,True,True,0.03456169554319782,0.0,False,0.010897717477294431
2048,521,betting,True,True,0.0071148192284817835,1.0,False,0.010897717477294431
2048,522,bernstein,True,True,0.03426432634166732,0.0,False,0.009995046283971944
2048,522,betting,True,True,0.0070590163530142025,1.0,False,0.009995046283971944
2048,523,bernstein,True,True,0.03456846204857164,0.0,False,0.010812060331730336
2048,523,betting,True,True,0.007112415963893115,1.0,False,0.010812060331730336
2048,524,bernstein,True,True,0.03415266626844042,0.0,False,0.009401604289094347
2048,524,betting,True,True,0.007037658814406322,1.0,False,0.009401604289094347
2048,525,bernstein,True,True,0.03404927810351856,0.0,False,0.008694560438753357
2048,525,betting,True,True,0.00701621478179737,1.0,False,0.008694560438753357
2048,526,bernstein,True,True,0.03389316075632939,0.0,False,0.00843346307822641
2048,526,betting,True,True,0.006994846753332173,1.0,False,0.00843346307822641
2048,527,bernstein,True,True,0.03487088965361394,0.0,False,0.011265099875206217
2048,527,betting,True,True,0.007175131426374826,1.0,False,0.011265099875206217
2048,528,bernstein,True,True,0.034101829549883715,0.0,False,0.008685667315643186
2048,528,betting,True,True,0.0070271848350239585,1.0,False,0.008685667315643186
2048,529,bernstein,True,True,0.0341323577144899,0.0,False,0.009205295101335375
2048,529,betting,True,True,0.007032163854783002,1.0,False,0.009205295101335375
2048,530,bernstein,True,True,0.03426704946507384,0.0,False,0.0099560052291717
2048,530,betting,True,True,0.007060334350971975,1.0,False,0.0099560052291717
2048,531,bernstein,True,True,0.034216197004492604,0.0,False,0.009700701528770717
2048,531,betting,True,True,0.0070445450557234945,1.0,False,0.009700701528770717
2048,532,bernstein,True,True,0.0342977499177026,0.0,False,0.010164467380867691
2048,532,betting,True,True,0.0070633508870378,1.0,False,0.010164467380867691
2048,533,bernstein,True,True,0.03443888873573032,0.0,False,0.010599440339617764
2048,533,betting,True,True,0.007091148770996258,1.0,False,0.010599440339617764
2048,534,bernstein,True,True,0.033908369419280396,0.0,False,0.008566979672760034
2048,534,betting,True,True,0.006994470395038643,1.0,False,0.008566979672760034
2048,535,bernstein,True,True,0.03421012032008551,0.0,False,0.009833935271633194
2048,535,betting,True,True,0.007049101989687223,1.0,False,0.009833935271633194
2048,536,bernstein,True,True,0.03395389843298442,0.0,False,0.008821137060218255
2048,536,betting,True,True,0.007003390312856794,1.0,False,0.008821137060218255
2048,537,bernstein,True,True,0.03453923593281511,0.0,False,0.011134815890016123
2048,537,betting,True,True,0.007112478321978477,1.0,False,0.011134815890016123
2048,538,bernstein,True,True,0.034169505090621735,0.0,False,0.009512931232502565
2048,538,betting,True,True,0.007040448416519074,1.0,False,0.009512931232502565
2048,539,bernstein,True,True,0.03517611783150412,0.0,False,0.012512704464809128
2048,539,betting,True,True,0.0072452045222598516,1.0,False,0.012512704464809128
2048,540,bernstein,True,True,0.03488640049458607,0.0,False,0.01152379885802156
2048,540,betting,True,True,0.007183288032101776,1.0,False,0.01152379885802156
2048,541,bernstein,True,True,0.034264517390329624,0.0,False,0.009361564181065993
2048,541,betting,True,True,0.007052932970946113,1.0,False,0.009361564181065993
2048,542,bernstein,True,True,0.034090647150804544,0.0,False,0.009279242567835197
2048,542,betting,True,True,0.007026203943132803,1.0,False,0.009279242567835197
2048,543,bernstein,True,True,0.03432474579755382,0.0,False,0.010256392342648211
2048,543,betting,True,True,0.0070703115477954714,1.0,False,0.010256392342648211
2048,544,bernstein,True,True,0.03365513328632126,0.0,False,0.007411211550643248
2048,544,betting,True,True,0.006961179611571389,1.0,False,0.007411211550643248
2048,545,bernstein,True,True,0.034087907600917296,0.0,False,0.008999051269149296
2048,545,betting,True,True,0.007022322506672896,1.0,False,0.008999051269149296
2048,546,bernstein,True,True,0.03441086307786923,0.0,False,0.010071997089589352
2048,546,betting,True,True,0.0070820978686241265,1.0,False,0.010071997089589352
2048,547,bernstein,True,True,0.03382444328502422,0.0,False,0.008050568748052326
2048,547,betting,True,True,0.006984219132536884,1.0,False,0.008050568748052326
2048,548,bernstein,True,True,0.0345900662744017,0.0,False,0.011007388188967711
2048,548,betting,True,True,0.007120686043199376,1.0,False,0.011007388188967711
2048,549,bernstein,True,True,0.034665009545379585,0.0,False,0.01124824393065904
2048,549,betting,True,True,0.007130345009536465,1.0,False,0.01124824393065904
2048,550,bernstein,True,True,0.03454396491516622,0.0,False,0.011027844592091312
2048,550,betting,True,True,0.00711191188289384,1.0,False,0.011027844592091312
2048,551,bernstein,True,True,0.033790873367252325,0.0,False,0.007967771225326551
2048,551,betting,True,True,0.006976212849149288,1.0,False,0.007967771225326551
2048,552,bernstein,True,True,0.03400193020213563,0.0,False,0.008865297163159962
2048,552,betting,True,True,0.007013596697433955,1.0,False,0.008865297163159962
2048,553,bernstein,True,True,0.03412383895641221,0.0,False,0.009423173645590498
2048,553,betting,True,True,0.0070326676672629596,1.0,False,0.009423173645590498
2048,554,bernstein,True,True,0.034215999868077135,0.0,False,0.009785361473784613
2048,554,betting,True,True,0.0070495871202729266,1.0,False,0.009785361473784613
2048,555,bernstein,True,True,0.03417031634627337,0.0,False,0.009160261878114768
2048,555,betting,True,True,0.007035569329927882,1.0,False,0.009160261878114768
2048,556,bernstein,True,True,0.033909368223797004,0.0,False,0.00851849252795601
2048,556,betting,True,True,0.006996572750831542,1.0,False,0.00851849252795601
2048,557,bernstein,True,True,0.03413292414083787,0.0,False,0.009493614090301914
2048,557,betting,True,True,0.007033803573976982,1.0,False,0.009493614090301914
2048,558,bernstein,True,True,0.03369896695009281,0.0,False,0.00732805074122133
2048,558,betting,True,True,0.0069650629056560165,1.0,False,0.00732805074122133
2048,559,bernstein,True,True,0.033891656452999595,0.0,False,0.008052907015478904
2048,559,betting,True,True,0.006990564263614996,1.0,False,0.008052907015478904
2048,560,bernstein,True,True,0.0341796328102367,0.0,False,0.009500583559369051
2048,560,betting,True,True,0.007042798012480422,1.0,False,0.009500583559369051
2048,561,bernstein,True,True,0.03463166808690858,0.0,False,0.011417126390393727
2048,561,betting,True,True,0.007133033903737762,1.0,False,0.011417126390393727
2048,562,bernstein,True,True,0.034468808265922024,0.0,False,0.010623528938476734
2048,562,betting,True,True,0.00710051373520415,1.0,False,0.010623528938476734
2048,563,bernstein,True,True,0.03439828482078544,0.0,False,0.010664330711564736
2048,563,betting,True,True,0.007082874637490133,1.0,False,0.010664330711564736
2048,564,bernstein,True,True,0.03401169030728181,0.0,False,0.00897011591895086
2048,564,betting,True,True,0.007013631411246113,1.0,False,0.00897011591895086
2048,565,bernstein,True,True,0.03399232368693649,0.0,False,0.008985118224552295
2048,565,betting,True,True,0.0070104767418524006,1.0,False,0.008985118224552295
2048,566,bernstein,True,True,0.03398128283348408,0.0,False,0.008878978990040809
2048,566,betting,True,True,0.007008547167170032,1.0,False,0.008878978990040809
2048,567,bernstein,True,True,0.03444972993166738,0.0,False,0.010550882784623399
2048,567,betting,True,True,0.007095290160468726,1.0,False,0.010550882784623399
2048,568,bernstein,True,True,0.035296058159555097,0.0,False,0.01323710423835418
2048,568,betting,True,True,0.007277288690420436,1.0,False,0.01323710423835418
2048,569,bernstein,True,True,0.034084429232218785,0.0,False,0.00913615122166822
2048,569,betting,True,True,0.007020977278225371,1.0,False,0.00913615122166822
2048,570,bernstein,True,True,0.03453825311973556,0.0,False,0.010962513270879309
2048,570,betting,True,True,0.007108787490142321,1.0,False,0.010962513270879309
2048,571,bernstein,True,True,0.03438903769054186,0.0,False,0.010157626126836532
2048,571,betting,True,True,0.007082033507649688,1.0,False,0.010157626126836532
2048,572,bernstein,True,True,0.034401571727461194,0.0,False,0.010241454868992677
2048,572,betting,True,True,0.007082132199466407,1.0,False,0.010241454868992677
2048,573,bernstein,True,True,0.034388872618942634,0.0,False,0.010374070022769733
2048,573,betting,True,True,0.007084460080586608,1.0,False,0.010374070022769733
2048,574,bernstein,True,True,0.03375837508066662,0.0,False,0.007889994144049794
2048,574,betting,True,True,0.006976012731902292,1.0,False,0.007889994144049794
2048,575,bernstein,True,True,0.03450130641193517,0.0,False,0.010888701807164683
2048,575,betting,True,True,0.007105372872138194,1.0,False,0.010888701807164683
2048,576,bernstein,True,True,0.03355353741652525,0.0,False,0.00639233223659495
2048,576,betting,True,True,0.006942673381672648,1.0,False,0.00639233223659495
2048,577,bernstein,True,True,0.034566942230747105,0.0,False,0.010828857354396707
2048,577,betting,True,True,0.007115003903672812,1.0,False,0.010828857354396707
2048,578,bernstein,True,True,0.034394037806467326,0.0,False,0.01045540812562672
2048,578,betting,True,True,0.007080045857983386,1.0,False,0.01045540812562672
2048,579,bernstein,True,True,0.03416007713603987,0.0,False,0.009390666854594776
2048,579,betting,True,True,0.007039755663354241,1.0,False,0.009390666854594776
2048,580,bernstein,True,True,0.03417922957173994,0.0,False,0.00967782217782218
2048,580,betting,True,True,0.00704510079805909,1.0,False,0.00967782217782218
2048,581,bernstein,True,True,0.03419800848335258,0.0,False,0.009521218766579631
2048,581,betting,True,True,0.007044153008864629,1.0,False,0.009521218766579631
2048,582,bernstein,True,True,0.03478930129654139,0.0,False,0.012132333175622689
2048,582,betting,True,True,0.007165608801769752,1.0,False,0.012132333175622689
2048,583,bernstein,True,True,0.03454339284089052,0.0,False,0.011112092500001206
2048,583,betting,True,True,0.007110094359959573,1.0,False,0.011112092500001206
2048,584,bernstein,True,True,0.03417085363049675,0.0,False,0.009563703828546502
2048,584,betting,True,True,0.00704195245427397,1.0,False,0.009563703828546502
2048,585,bernstein,True,True,0.03441302120670514,0.0,False,0.010671776329519527
2048,585,betting,True,True,0.007087897130950371,1.0,False,0.010671776329519527
2048,586,bernstein,True,True,0.034077839549823755,0.0,False,0.009282529624521349
2048,586,betting,True,True,0.0070248612678188715,1.0,False,0.009282529624521349
2048,587,bernstein,True,True,0.03457120659700744,0.0,False,0.011063179535721645
2048,587,betting,True,True,0.00711203481187106,1.0,False,0.011063179535721645
2048,588,bernstein,True,True,0.03457379747661648,0.0,False,0.011261724825878925
2048,588,betting,True,True,0.00711671265871705,1.0,False,0.011261724825878925
2048,589,bernstein,True,True,0.0344023506975963,0.0,False,0.010410367761068802
2048,589,betting,True,True,0.007080852229992107,1.0,False,0.010410367761068802
2048,590,bernstein,True,True,0.03443201227672718,0.0,False,0.010501547973284751
2048,590,betting,True,True,0.007090575275578881,1.0,False,0.010501547973284751
2048,591,bernstein,True,True,0.03412163177086723,0.0,False,0.009493469482116504
2048,591,betting,True,True,0.007032873806383622,1.0,False,0.009493469482116504
2048,592,bernstein,True,True,0.03432704177244951,0.0,False,0.010157820506195327
2048,592,betting,True,True,0.007066567773654109,1.0,False,0.010157820506195327
2048,593,bernstein,True,True,0.03428287438246512,0.0,False,0.010030799544780738
2048,593,betting,True,True,0.007062937657974611,1.0,False,0.010030799544780738
2048,594,bernstein,True,True,0.03458569715728811,0.0,False,0.011063702476471362
2048,594,betting,True,True,0.007121961976081392,1.0,False,0.011063702476471362
2048,595,bernstein,True,True,0.034197518111085526,0.0,False,0.009403558733955446
2048,595,betting,True,True,0.007043844383442743,1.0,False,0.009403558733955446
2048,596,bernstein,True,True,0.03434968045176523,0.0,False,0.010476016871417792
2048,596,betting,True,True,0.007074801457601976,1.0,False,0.010476016871417792
2048,597,bernstein,True,True,0.03396366852588321,0.0,False,0.008347109036267342
2048,597,betting,True,True,0.007001707278432079,1.0,False,0.008347109036267342
2048,598,bernstein,True,True,0.03392808729535993,0.0,False,0.008423784975243064
2048,598,betting,True,True,0.006999903912183081,1.0,False,0.008423784975243064
2048,599,bernstein,True,True,0.03400083843199606,0.0,False,0.008704098115134614
2048,599,betting,True,True,0.007013245240996113,1.0,False,0.008704098115134614
2048,600,bernstein,True,True,0.034437195770941925,0.0,False,0.01022163920271419
2048,600,betting,True,True,0.007087478056091667,1.0,False,0.01022163920271419
2048,601,bernstein,True,True,0.03448374310063027,0.0,False,0.010782064388522992
2048,601,betting,True,True,0.007100755759056554,1.0,False,0.010782064388522992
2048,602,bernstein,True,True,0.03434574377995903,0.0,False,0.010106393688291533
2048,602,betting,True,True,0.007068021902050581,1.0,False,0.010106393688291533
2048,603,bernstein,True,True,0.03436587829775559,0.0,False,0.010458035956889744
2048,603,betting,True,True,0.007078087045520043,1.0,False,0.010458035956889744
2048,604,bernstein,True,True,0.03483442159320818,0.0,False,0.01203322735188935
2048,604,betting,True,True,0.007172191766039671,1.0,False,0.01203322735188935
2048,605,bernstein,True,True,0.03367074642420713,0.0,False,0.007289057748004983
2048,605,betting,True,True,0.0069561770941800605,1.0,False,0.007289057748004983
2048,606,bernstein,True,True,0.034454186810378526,0.0,False,0.010795150022570974
2048,606,betting,True,True,0.0070930063297055534,1.0,False,0.010795150022570974
2048,607,bernstein,True,True,0.03465062865557489,0.0,False,0.011309609231674128
2048,607,betting,True,True,0.007133834922969928,1.0,False,0.011309609231674128
2048,608,bernstein,True,True,0.03421030484609534,0.0,False,0.009836071529336004
2048,608,betting,True,True,0.0070492167002157435,1.0,False,0.009836071529336004
2048,609,bernstein,True,True,0.03417599142206629,0.0,False,0.009633890077345485
2048,609,betting,True,True,0.007042011308403651,1.0,False,0.009633890077345485
2048,610,bernstein,True,True,0.034498996408316523,0.0,False,0.010990779987496278
2048,610,betting,True,True,0.007101373692203206,1.0,False,0.010990779987496278
2048,611,bernstein,True,True,0.03427432603030997,0.0,False,0.010052868237245334
2048,611,betting,True,True,0.007058144418297108,1.0,False,0.010052868237245334
2048,612,bernstein,True,True,0.03378836281203291,0.0,False,0.008091333881282553
2048,612,betting,True,True,0.006978281921765306,1.0,False,0.008091333881282553
2048,613,bernstein,True,True,0.03387354198374997,0.0,False,0.00819833072460405
2048,613,betting,True,True,0.0069898638950689485,1.0,False,0.00819833072460405
2048,614,bernstein,True,True,0.034688161986817234,0.0,False,0.011610686121665598
2048,614,betting,True,True,0.007146581006309161,1.0,False,0.011610686121665598
2048,615,bernstein,True,True,0.03401286309798379,0.0,False,0.009032101854180722
2048,615,betting,True,True,0.007015701575546651,1.0,False,0.009032101854180722
2048,616,bernstein,True,True,0.03431218561336981,0.0,False,0.010069578547004781
2048,616,betting,True,True,0.0070673239809913024,1.0,False,0.010069578547004781
2048,617,bernstein,True,True,0.03444251594057854,0.0,False,0.010664461606716209
2048,617,betting,True,True,0.00709003138330444,1.0,False,0.010664461606716209
2048,618,bernstein,True,True,0.03478736843932566,0.0,False,0.011543190756846294
2048,618,betting,True,True,0.007162771979892568,1.0,False,0.011543190756846294
2048,619,bernstein,True,True,0.034150234666859625,0.0,False,0.009463837377154283
2048,619,betting,True,True,0.007038091341637576,1.0,False,0.009463837377154283
2048,620,bernstein,True,True,0.03400719883752383,0.0,False,0.008932273663238326
2048,620,betting,True,True,0.007013144277771,1.0,False,0.008932273663238326
2048,621,bernstein,True,True,0.034328176771345205,0.0,False,0.01014062868861864
2048,621,betting,True,True,0.007068463409268588,1.0,False,0.01014062868861864
2048,622,bernstein,True,True,0.034462879044270096,0.0,False,0.010845561653259657
2048,622,betting,True,True,0.007095638011705874,1.0,False,0.010845561653259657
2048,623,bernstein,True,True,0.03412463167647031,0.0,False,0.009141019024355355
2048,623,betting,True,True,0.007032954819951587,1.0,False,0.009141019024355355
2048,624,bernstein,True,True,0.03447447108477507,0.0,False,0.010510504952389487
2048,624,betting,True,True,0.007098254766679024,1.0,False,0.010510504952389487
2048,625,bernstein,True,True,0.03465226967785873,0.0,False,0.01144593698177128
2048,625,betting,True,True,0.007136322797523409,1.0,False,0.01144593698177128
2048,626,bernstein,True,True,0.03379481699057995,0.0,False,0.008110916968896592
2048,626,betting,True,True,0.006980322165982322,1.0,False,0.008110916968896592
2048,627,bernstein,True,True,0.03463534890943473,0.0,False,0.011605065355291511
2048,627,betting,True,True,0.007131640764418856,1.0,False,0.011605065355291511
2048,628,bernstein,True,True,0.03410106543914235,0.0,False,0.009167698775742073
2048,628,betting,True,True,0.0070313982844890655,1.0,False,0.009167698775742073
2048,629,bernstein,True,True,0.03421290594726633,0.0,False,0.00954572392724228
2048,629,betting,True,True,0.007049080186807277,1.0,False,0.00954572392724228
2048,630,bernstein,True,True,0.0342887144142872,0.0,False,0.009922294256039969
2048,630,betting,True,True,0.007059850285659253,1.0,False,0.009922294256039969
2048,631,bernstein,True,True,0.03422789967249297,0.0,False,0.009932874245801223
2048,631,betting,True,True,0.007050892387778673,1.0,False,0.009932874245801223
2048,632,bernstein,True,True,0.033888411236008664,0.0,False,0.008559993332229027
2048,632,betting,True,True,0.006993152062532371,1.0,False,0.008559993332229027
2048,633,bernstein,True,True,0.034245443265735157,0.0,False,0.009865892221273074
2048,633,betting,True,True,0.007056886132850271,1.0,False,0.009865892221273074
2048,634,bernstein,True,True,0.034091139801945,0.0,False,0.008948816494965033
2048,634,betting,True,True,0.0070270583536693465,1.0,False,0.008948816494965033
2048,635,bernstein,True,True,0.033988703594192836,0.0,False,0.008670815155077246
2048,635,betting,True,True,0.007004491017141956,1.0,False,0.008670815155077246
2048,636,bernstein,True,True,0.034439127906825545,0.0,False,0.010616929394160346
2048,636,betting,True,True,0.007094317205301182,1.0,False,0.010616929394160346
2048,637,bernstein,True,True,0.03459262988734179,0.0,False,0.011306461556965195
2048,637,betting,True,True,0.007121362346260929,1.0,False,0.011306461556965195
2048,638,bernstein,True,True,0.034511687671598984,0.0,False,0.010982211046866506
2048,638,betting,True,True,0.007103254044232066,1.0,False,0.010982211046866506
2048,639,bernstein,True,True,0.03408793935820699,0.0,False,0.00915910543311087
2048,639,betting,True,True,0.007025520297611387,1.0,False,0.00915910543311087
2048,640,bernstein,True,True,0.03405504807377636,0.0,False,0.008988621875158021
2048,640,betting,True,True,0.007021535661733691,1.0,False,0.008988621875158021
2048,641,bernstein,True,True,0.0346963700023528,0.0,False,0.011661723756198464
2048,641,betting,True,True,0.007142909072062942,1.0,False,0.011661723756198464
2048,642,bernstein,True,True,0.03403679236984582,0.0,False,0.00886772011118475
2048,642,betting,True,True,0.00701684647545342,1.0,False,0.00886772011118475
2048,643,bernstein,True,True,0.03409854522578966,0.0,False,0.00915271643451368
2048,643,betting,True,True,0.007028862956867665,1.0,False,0.00915271643451368
2048,644,bernstein,True,True,0.03358847833865755,0.0,False,0.007236166439644191
2048,644,betting,True,True,0.006950287089966922,1.0,False,0.007236166439644191
2048,645,bernstein,True,True,0.03428631019460852,0.0,False,0.009882511465387388
2048,645,betting,True,True,0.007062054986891053,1.0,False,0.009882511465387388
2048,646,bernstein,True,True,0.03426654779260113,0.0,False,0.0099323286420933
2048,646,betting,True,True,0.007059381094550177,1.0,False,0.0099323286420933
2048,647,bernstein,True,True,0.03429390542978978,0.0,False,0.009897532415394527
2048,647,betting,True,True,0.007058057990325328,1.0,False,0.009897532415394527
2048,648,bernstein,True,True,0.034586418266261416,0.0,False,0.010987443547266138
2048,648,betting,True,True,0.007118746863452596,1.0,False,0.010987443547266138
2048,649,bernstein,True,True,0.03373875400585867,0.0,False,0.0074652842871430255
2048,649,betting,True,True,0.0069674604344981406,1.0,False,0.0074652842871430255
2048,650,bernstein,True,True,0.03469181785270094,0.0,False,0.011441480166368086
2048,650,betting,True,True,0.007136334163369673,1.0,False,0.011441480166368086
2048,651,bernstein,True,True,0.03405355196206315,0.0,False,0.008963597319420025
2048,651,betting,True,True,0.007023857366912134,1.0,False,0.008963597319420025
2048,652,bernstein,True,True,0.03441320304713791,0.0,False,0.010299213719948385
2048,652,betting,True,True,0.007083575278957199,1.0,False,0.010299213719948385
2048,653,bernstein,True,True,0.03409991564921868,0.0,False,0.009287164678394988
2048,653,betting,True,True,0.007027516033667691,1.0,False,0.009287164678394988
2048,654,bernstein,True,True,0.034065958520699116,0.0,False,0.009351927834636509
2048,654,betting,True,True,0.0070223215338410805,1.0,False,0.009351927834636509
2048,655,bernstein,True,True,0.03449596883431448,0.0,False,0.01071189936587095
2048,655,betting,True,True,0.007098815408389858,1.0,False,0.01071189936587095
2048,656,bernstein,True,True,0.034626690134542094,0.0,False,0.011355109860370265
2048,656,betting,True,True,0.007129944075131789,1.0,False,0.011355109860370265
2048,657,bernstein,True,True,0.03432153103720799,0.0,False,0.010178193764910824
2048,657,betting,True,True,0.007070410499327329,1.0,False,0.010178193764910824
2048,658,bernstein,True,True,0.034287586665746744,0.0,False,0.00982910379985489
2048,658,betting,True,True,0.007059698259763603,1.0,False,0.00982910379985489
2048,659,bernstein,True,True,0.03418325532641602,0.0,False,0.009570897113118107
2048,659,betting,True,True,0.00704300371140576,1.0,False,0.009570897113118107
2048,660,bernstein,True,True,0.03439708695211871,0.0,False,0.010477372405066241
2048,660,betting,True,True,0.007083623035759934,1.0,False,0.010477372405066241
2048,661,bernstein,True,True,0.03391004914867743,0.0,False,0.00841134701143531
2048,661,betting,True,True,0.006997792131805958,1.0,False,0.00841134701143531
2048,662,bernstein,True,True,0.03397396822249272,0.0,False,0.00887470776462426
2048,662,betting,True,True,0.007009288108529188,1.0,False,0.00887470776462426
2048,663,bernstein,True,True,0.0343798909087873,0.0,False,0.010433863534074507
2048,663,betting,True,True,0.0070775898359716205,1.0,False,0.010433863534074507
2048,664,bernstein,True,True,0.03414389605672201,0.0,False,0.009300739361274511
2048,664,betting,True,True,0.0070353774267277736,1.0,False,0.009300739361274511
2048,665,bernstein,True,True,0.03419402590326197,0.0,False,0.00979296629246452
2048,665,betting,True,True,0.007044272345847369,1.0,False,0.00979296629246452
2048,666,bernstein,True,True,0.034298288408980936,0.0,False,0.009794438761333638
2048,666,betting,True,True,0.007064419976486436,1.0,False,0.009794438761333638
2048,667,bernstein,True,True,0.03418883129200852,0.0,False,0.009619564765310305
2048,667,betting,True,True,0.0070452203859532325,1.0,False,0.009619564765310305
2048,668,bernstein,True,True,0.034290269667844084,0.0,False,0.010001100511080153
2048,668,betting,True,True,0.007061819742048003,1.0,False,0.010001100511080153
2048,669,bernstein,True,True,0.03416492076051755,0.0,False,0.009395417171031633
2048,669,betting,True,True,0.0070434376472622295,1.0,False,0.009395417171031633
2048,670,bernstein,True,True,0.03440982265627057,0.0,False,0.010533233599413515
2048,670,betting,True,True,0.0070826002768807905,1.0,False,0.010533233599413515
2048,671,bernstein,True,True,0.03419474893920868,0.0,False,0.009671413732288157
2048,671,betting,True,True,0.0070463340011701625,1.0,False,0.009671413732288157
2048,672,bernstein,True,True,0.03394692747445177,0.0,False,0.008755483887107441
2048,672,betting,True,True,0.007003663528958093,1.0,False,0.008755483887107441
2048,673,bernstein,True,True,0.03453736145944715,0.0,False,0.011185380026414622
2048,673,betting,True,True,0.007109899194911118,1.0,False,0.011185380026414622
2048,674,bernstein,True,True,0.03449990139304511,0.0,False,0.011014424319406059
2048,674,betting,True,True,0.00710506864426852,1.0,False,0.011014424319406059
2048,675,bernstein,True,True,0.03427403463945869,0.0,False,0.009865480925475238
2048,675,betting,True,True,0.007061282184186002,1.0,False,0.009865480925475238
2048,676,bernstein,True,True,0.03449113593690599,0.0,False,0.010742504793909553
2048,676,betting,True,True,0.00710023019211814,1.0,False,0.010742504793909553
2048,677,bernstein,True,True,0.034037454504993465,0.0,False,0.008996904718177722
2048,677,betting,True,True,0.007019143190736932,1.0,False,0.008996904718177722
2048,678,bernstein,True,True,0.034583686609178196,0.0,False,0.011105571210072943
2048,678,betting,True,True,0.007122416997299319,1.0,False,0.011105571210072943
2048,679,bernstein,True,True,0.034499507059043956,0.0,False,0.010827944546186135
2048,679,betting,True,True,0.007102166470976945,1.0,False,0.010827944546186135
2048,680,bernstein,True,True,0.034450004136619125,0.0,False,0.010514608638584486
2048,680,betting,True,True,0.007090624678712687,1.0,False,0.010514608638584486
2048,681,bernstein,True,True,0.0342244134000354,0.0,False,0.00982361041356619
2048,681,betting,True,True,0.007053209316836839,1.0,False,0.00982361041356619
2048,682,bernstein,True,True,0.03425432998671865,0.0,False,0.009905583961816377
2048,682,betting,True,True,0.007054101355279285,1.0,False,0.009905583961816377
2048,683,bernstein,True,True,0.03499053094548369,0.0,False,0.012740231390468211
2048,683,betting,True,True,0.007213903188858284,1.0,False,0.012740231390468211
2048,684,bernstein,True,True,0.0353415108306174,0.0,False,0.012982092024581008
2048,684,betting,True,True,0.0072832604741415174,1.0,False,0.012982092024581008
2048,685,bernstein,True,True,0.03445572002707194,0.0,False,0.010270612855231885
2048,685,betting,True,True,0.00708894333904031,1.0,False,0.010270612855231885
2048,686,bernstein,True,True,0.03430646626278956,0.0,False,0.010078666494420022
2048,686,betting,True,True,0.007064914456823224,1.0,False,0.010078666494420022
2048,687,bernstein,True,True,0.03408431617230565,0.0,False,0.009043559862535824
2048,687,betting,True,True,0.007026409589234506,1.0,False,0.009043559862535824
2048,688,bernstein,True,True,0.034052912838777635,0.0,False,0.008936661080370938
2048,688,betting,True,True,0.00701716554231091,1.0,False,0.008936661080370938
2048,689,bernstein,True,True,0.034165553650185525,0.0,False,0.009371644021268027
2048,689,betting,True,True,0.007039689391931558,1.0,False,0.009371644021268027
2048,690,bernstein,True,True,0.034053066176930144,0.0,False,0.009222286463667326
2048,690,betting,True,True,0.007020271112305632,1.0,False,0.009222286463667326
2048,691,bernstein,True,True,0.034011192071756846,0.0,False,0.008763737379485288
2048,691,betting,True,True,0.007012529549247248,1.0,False,0.008763737379485288
2048,692,bernstein,True,True,0.03413952883407524,0.0,False,0.009365152010335727
2048,692,betting,True,True,0.007034086980602261,1.0,False,0.009365152010335727
2048,693,bernstein,True,True,0.034427880246663434,0.0,False,0.010506351025178372
2048,693,betting,True,True,0.0070916864168976135,1.0,False,0.010506351025178372
2048,694,bernstein,True,True,0.03430400210846146,0.0,False,0.009999883703958117
2048,694,betting,True,True,0.007065285898133822,1.0,False,0.009999883703958117
2048,695,bernstein,True,True,0.03462276962213104,0.0,False,0.011455510307839761
2048,695,betting,True,True,0.00713130428783193,1.0,False,0.011455510307839761
2048,696,bernstein,True,True,0.034525793210358806,0.0,False,0.011019605098587387
2048,696,betting,True,True,0.007107029437611434,1.0,False,0.011019605098587387
2048,697,bernstein,True,True,0.03382294748549415,0.0,False,0.00810379806866927
2048,697,betting,True,True,0.006982549885033218,1.0,False,0.00810379806866927
2048,698,bernstein,True,True,0.03400709355744598,0.0,False,0.008963310603826123
2048,698,betting,True,True,0.007013988101607693,1.0,False,0.008963310603826123
2048,699,bernstein,True,True,0.034560256160755934,0.0,False,0.010782072653424717
2048,699,betting,True,True,0.007112824007453944,1.0,False,0.010782072653424717
2048,700,bernstein,True,True,0.034456177337743796,0.0,False,0.010322528524916857
2048,700,betting,True,True,0.0070944379773209,1.0,False,0.010322528524916857
2048,701,bernstein,True,True,0.03488301245431284,0.0,False,0.011366801586333783
2048,701,betting,True,True,0.007175060127920019,1.0,False,0.011366801586333783
2048,702,bernstein,True,True,0.0338502418045206,0.0,False,0.007971251978719073
2048,702,betting,True,True,0.006986951038234102,1.0,False,0.007971251978719073
2048,703,bernstein,True,True,0.03391361647075794,0.0,False,0.008223080266137144
2048,703,betting,True,True,0.006999689911172058,1.0,False,0.008223080266137144
2048,704,bernstein,True,True,0.03428210838504592,0.0,False,0.010108678074745048
2048,704,betting,True,True,0.0070604354198440245,1.0,False,0.010108678074745048
2048,705,bernstein,True,True,0.03444710267612638,0.0,False,0.010819502806318245
2048,705,betting,True,True,0.007094103591662182,1.0,False,0.010819502806318245
2048,706,bernstein,True,True,0.03403488472040188,0.0,False,0.009089770277552901
2048,706,betting,True,True,0.007018251949048038,1.0,False,0.009089770277552901
2048,707,bernstein,True,True,0.03451930354858602,0.0,False,0.0110672304429476
2048,707,betting,True,True,0.007105263127014094,1.0,False,0.0110672304429476
2048,708,bernstein,True,True,0.03419891627043442,0.0,False,0.009595592271503983
2048,708,betting,True,True,0.007045659428076778,1.0,False,0.009595592271503983
2048,709,bernstein,True,True,0.03445075194687133,0.0,False,0.010665949681437274
2048,709,betting,True,True,0.0070939628435735536,1.0,False,0.010665949681437274
2048,710,bernstein,True,True,0.03447157463696472,0.0,False,0.010397936856041307
2048,710,betting,True,True,0.007087560539912441,1.0,False,0.010397936856041307
2048,711,bernstein,True,True,0.03424150475606802,0.0,False,0.009785454843767846
2048,711,betting,True,True,0.007051513428705247,1.0,False,0.009785454843767846
2048,712,bernstein,True,True,0.03414061514515091,0.0,False,0.00923619287327714
2048,712,betting,True,True,0.007033892889630744,1.0,False,0.00923619287327714
2048,713,bernstein,True,True,0.03452774378042282,0.0,False,0.010953450424760675
2048,713,betting,True,True,0.007106885991124745,1.0,False,0.010953450424760675
2048,714,bernstein,True,True,0.034663570045353365,0.0,False,0.01152315669476254
2048,714,betting,True,True,0.007139889045247427,1.0,False,0.01152315669476254
2048,715,bernstein,True,True,0.034573922107611114,0.0,False,0.01092739640795371
2048,715,betting,True,True,0.007115724979012139,1.0,False,0.01092739640795371
2048,716,bernstein,True,True,0.03444552213320544,0.0,False,0.010282849506073787
2048,716,betting,True,True,0.007094165650414652,1.0,False,0.010282849506073787
2048,717,bernstein,True,True,0.034102125423018416,0.0,False,0.00899901550813742
2048,717,betting,True,True,0.007028597809549009,1.0,False,0.00899901550813742
2048,718,bernstein,True,True,0.03428273591784049,0.0,False,0.009946889385001566
2048,718,betting,True,True,0.0070556008326093655,1.0,False,0.009946889385001566
2048,719,bernstein,True,True,0.03441810778737256,0.0,False,0.010491168408351912
2048,719,betting,True,True,0.007088607267432878,1.0,False,0.010491168408351912
2048,720,bernstein,True,True,0.0345791563278537,0.0,False,0.011188150545566145
2048,720,betting,True,True,0.007120421137988053,1.0,False,0.011188150545566145
2048,721,bernstein,True,True,0.034043020730435275,0.0,False,0.009040582328542001
2048,721,betting,True,True,0.007019877212223968,1.0,False,0.009040582328542001
2048,722,bernstein,True,True,0.03415147675165413,0.0,False,0.009542038424467691
2048,722,betting,True,True,0.007037856682254651,1.0,False,0.009542038424467691
2048,723,bernstein,True,True,0.033745703659777096,0.0,False,0.0077286815992847705
2048,723,betting,True,True,0.006974266370962101,1.0,False,0.0077286815992847705
2048,724,bernstein,True,True,0.03426997531422138,0.0,False,0.009639599103811458
2048,724,betting,True,True,0.0070575662832196295,1.0,False,0.009639599103811458
2048,725,bernstein,True,True,0.03446854727920369,0.0,False,0.010725537176700613
2048,725,betting,True,True,0.007101015672451472,1.0,False,0.010725537176700613
2048,726,bernstein,True,True,0.03442025626657101,0.0,False,0.010613591200610905
2048,726,betting,True,True,0.007089363870945831,1.0,False,0.010613591200610905
2048,727,bernstein,True,True,0.03460489126745013,0.0,False,0.011404309235584638
2048,727,betting,True,True,0.00712600933980867,1.0,False,0.011404309235584638
2048,728,bernstein,True,True,0.03390228779928642,0.0,False,0.008499460780048606
2048,728,betting,True,True,0.006998238261075929,1.0,False,0.008499460780048606
2048,729,bernstein,True,True,0.03468925445022485,0.0,False,0.011859486564273464
2048,729,betting,True,True,0.007141647604003154,1.0,False,0.011859486564273464
2048,730,bernstein,True,True,0.034034689435652465,0.0,False,0.009125621328877852
2048,730,betting,True,True,0.007017524301591083,1.0,False,0.009125621328877852
2048,731,bernstein,True,True,0.034101917451129074,0.0,False,0.008536573300712403
2048,731,betting,True,True,0.007028924993610408,1.0,False,0.008536573300712403
2048,732,bernstein,True,True,0.034057015925878065,0.0,False,0.009051978741160488
2048,732,betting,True,True,0.0070216218035784594,1.0,False,0.009051978741160488
2048,733,bernstein,True,True,0.0340310988545985,0.0,False,0.008875052345522376
2048,733,betting,True,True,0.007013875380762369,1.0,False,0.008875052345522376
2048,734,bernstein,True,True,0.033686915687961505,0.0,False,0.007451835037602977
2048,734,betting,True,True,0.0069651651630556755,1.0,False,0.007451835037602977
2048,735,bernstein,True,True,0.03426398625035214,0.0,False,0.010012997008091233
2048,735,betting,True,True,0.0070552010955362565,1.0,False,0.010012997008091233
2048,736,bernstein,True,True,0.03403679853855349,0.0,False,0.009065909727205279
2048,736,betting,True,True,0.007019787201061223,1.0,False,0.009065909727205279
2048,737,bernstein,True,True,0.0341731148252543,0.0,False,0.009715901652658792
2048,737,betting,True,True,0.007039241044076272,1.0,False,0.009715901652658792
2048,738,bernstein,True,True,0.03432639974995381,0.0,False,0.010363650800704331
2048,738,betting,True,True,0.00706647888058809,1.0,False,0.010363650800704331
2048,739,bernstein,True,True,0.03438891698619022,0.0,False,0.010410603135651245
2048,739,betting,True,True,0.007084053670150858,1.0,False,0.010410603135651245
2048,740,bernstein,True,True,0.034000728958220844,0.0,False,0.008470085771963608
2048,740,betting,True,True,0.007012003696181712,1.0,False,0.008470085771963608
2048,741,bernstein,True,True,0.03444771195429615,0.0,False,0.010611248011221002
2048,741,betting,True,True,0.007092117315405488,1.0,False,0.010611248011221002
2048,742,bernstein,True,True,0.03428119269551219,0.0,False,0.009930773324389134
2048,742,betting,True,True,0.007064190511409718,1.0,False,0.009930773324389134
2048,743,bernstein,True,True,0.0350691026844608,0.0,False,0.013139688951988554
2048,743,betting,True,True,0.007226879063018665,1.0,False,0.013139688951988554
2048,744,bernstein,True,True,0.03387727999114426,0.0,False,0.008167945512270501
2048,744,betting,True,True,0.006992668006023384,1.0,False,0.008167945512270501
2048,745,bernstein,True,True,0.035742289109780584,0.0,False,0.01423512476731684
2048,745,betting,True,True,0.0074016185325308514,0.5,False,0.01423512476731684
2048,746,bernstein,True,True,0.03456715824702246,0.0,False,0.011175563379927027
2048,746,betting,True,True,0.007116886205767448,1.0,False,0.011175563379927027
2048,747,bernstein,True,True,0.03416101078478282,0.0,False,0.009388619508793307
2048,747,betting,True,True,0.007035999920299241,1.0,False,0.009388619508793307
2048,748,bernstein,True,True,0.034156141719816915,0.0,False,0.009540338490602984
2048,748,betting,True,True,0.0070376235327421766,1.0,False,0.009540338490602984
2048,749,bernstein,True,True,0.034376919409703624,0.0,False,0.010389954828661282
2048,749,betting,True,True,0.007080077899809134,1.0,False,0.010389954828661282
2048,750,bernstein,True,True,0.03460090933452291,0.0,False,0.011363081435377054
2048,750,betting,True,True,0.0071246923498983206,1.0,False,0.011363081435377054
2048,751,bernstein,True,True,0.03439631244663455,0.0,False,0.010475996677424876
2048,751,betting,True,True,0.007079782489054165,1.0,False,0.010475996677424876
2048,752,bernstein,True,True,0.03437456666893786,0.0,False,0.009368051390427928
2048,752,betting,True,True,0.007072805369389368,1.0,False,0.009368051390427928
2048,753,bernstein,True,True,0.034297506125206656,0.0,False,0.010063276971529488
2048,753,betting,True,True,0.007061677858255289,1.0,False,0.010063276971529488
2048,754,bernstein,True,True,0.0347670980312373,0.0,False,0.01212200345261779
2048,754,betting,True,True,0.007162066408236689,1.0,False,0.01212200345261779
2048,755,bernstein,True,True,0.034235912618243936,0.0,False,0.00991873186371443
2048,755,betting,True,True,0.007055602421714879,1.0,False,0.00991873186371443
2048,756,bernstein,True,True,0.03408313272883179,0.0,False,0.008772856022782351
2048,756,betting,True,True,0.007023698143821089,1.0,False,0.008772856022782351
2048,757,bernstein,True,True,0.03436899235594607,0.0,False,0.010243350627262214
2048,757,betting,True,True,0.0070779846692676784,1.0,False,0.010243350627262214
2048,758,bernstein,True,True,0.03405157883753411,0.0,False,0.008927327208170084
2048,758,betting,True,True,0.007020001941600684,1.0,False,0.008927327208170084
2048,759,bernstein,True,True,0.03427769587797193,0.0,False,0.010039901295604031
2048,759,betting,True,True,0.007059460268101336,1.0,False,0.010039901295604031
2048,760,bernstein,True,True,0.034005635091121436,0.0,False,0.008774783241229451
2048,760,betting,True,True,0.0070119507494746935,1.0,False,0.008774783241229451
2048,761,bernstein,True,True,0.03468362668240346,0.0,False,0.011477200540011384
2048,761,betting,True,True,0.007143126797127475,1.0,False,0.011477200540011384
2048,762,bernstein,True,True,0.03424035903722382,0.0,False,0.009922661263194204
2048,762,betting,True,True,0.007055052410723905,1.0,False,0.009922661263194204
2048,763,bernstein,True,True,0.033856472631419166,0.0,False,0.008143043628245927
2048,763,betting,True,True,0.006987997818578173,1.0,False,0.008143043628245927
2048,764,bernstein,True,True,0.034964278733903356,0.0,False,0.012313762469636655
2048,764,betting,True,True,0.007203914177189241,1.0,False,0.012313762469636655
2048,765,bernstein,True,True,0.03414537831442006,0.0,False,0.009451289662521052
2048,765,betting,True,True,0.007037899772985856,1.0,False,0.009451289662521052
2048,766,bernstein,True,True,0.03440324367382394,0.0,False,0.010199295573832706
2048,766,betting,True,True,0.0070827698577705656,1.0,False,0.010199295573832706
2048,767,bernstein,True,True,0.034123516987587685,0.0,False,0.009404269910222855
2048,767,betting,True,True,0.007032668948231735,1.0,False,0.009404269910222855
2048,768,bernstein,True,True,0.034663277334794754,0.0,False,0.011539693855497964
2048,768,betting,True,True,0.007137216583541939,1.0,False,0.011539693855497964
2048,769,bernstein,True,True,0.0344407656309208,0.0,False,0.010066251964201266
2048,769,betting,True,True,0.007089913270065029,1.0,False,0.010066251964201266
2048,770,bernstein,True,True,0.03430195135575488,0.0,False,0.010220248962895296
2048,770,betting,True,True,0.007064440199064825,1.0,False,0.010220248962895296
2048,771,bernstein,True,True,0.034086775187061075,0.0,False,0.009333113272446484
2048,771,betting,True,True,0.007026921334036262,1.0,False,0.009333113272446484
2048,772,bernstein,True,True,0.03417748587884165,0.0,False,0.009291208836300536
2048,772,betting,True,True,0.007040217080611977,1.0,False,0.009291208836300536
2048,773,bernstein,True,True,0.034094057767888944,0.0,False,0.009076619037849318
2048,773,betting,True,True,0.007030327830434557,1.0,False,0.009076619037849318
2048,774,bernstein,True,True,0.03411359682473691,0.0,False,0.009328612644563607
2048,774,betting,True,True,0.007031077087085502,1.0,False,0.009328612644563607
2048,775,bernstein,True,True,0.034913995839055786,0.0,False,0.012402146596128998
2048,775,betting,True,True,0.007195621507053218,1.0,False,0.012402146596128998
2048,776,bernstein,True,True,0.03419674423481833,0.0,False,0.009686086250867783
2048,776,betting,True,True,0.007046584080599105,1.0,False,0.009686086250867783
2048,777,bernstein,True,True,0.03454302338472248,0.0,False,0.011034139096583934
2048,777,betting,True,True,0.0071133576035572466,1.0,False,0.011034139096583934
2048,778,bernstein,True,True,0.03500125187466574,0.0,False,0.012865960659936157
2048,778,betting,True,True,0.007213707447153883,0.5,False,0.012865960659936157
2048,779,bernstein,True,True,0.03391199532724847,0.0,False,0.00824923460174663
2048,779,betting,True,True,0.006995900607616901,1.0,False,0.00824923460174663
2048,780,bernstein,True,True,0.034020182207331606,0.0,False,0.008731298341062803
2048,780,betting,True,True,0.007013981300587946,1.0,False,0.008731298341062803
2048,781,bernstein,True,True,0.03391464232520391,0.0,False,0.008117387827262129
2048,781,betting,True,True,0.006994657073119082,1.0,False,0.008117387827262129
2048,782,bernstein,True,True,0.03395590415866798,0.0,False,0.008619486381550193
2048,782,betting,True,True,0.007004043664128434,1.0,False,0.008619486381550193
2048,783,bernstein,True,True,0.03398119100307991,0.0,False,0.008826346050907208
2048,783,betting,True,True,0.007009112096384218,1.0,False,0.008826346050907208
2048,784,bernstein,True,True,0.034400535192750735,0.0,False,0.01030729763264063
2048,784,betting,True,True,0.0070839041621729715,1.0,False,0.01030729763264063
2048,785,bernstein,True,True,0.03413882328614758,0.0,False,0.009420252364742667
2048,785,betting,True,True,0.007034865998866824,1.0,False,0.009420252364742667
2048,786,bernstein,True,True,0.03463514640941,0.0,False,0.011438037931138404
2048,786,betting,True,True,0.007131847876371444,1.0,False,0.011438037931138404
2048,787,bernstein,True,True,0.03424776822160903,0.0,False,0.009838343019502193
2048,787,betting,True,True,0.007056521281265216,1.0,False,0.009838343019502193
2048,788,bernstein,True,True,0.034728635474972375,0.0,False,0.011877810303811296
2048,788,betting,True,True,0.00715389351527862,1.0,False,0.011877810303811296
2048,789,bernstein,True,True,0.034293643418040504,0.0,False,0.010066595567988414
2048,789,betting,True,True,0.007064355910442854,1.0,False,0.010066595567988414
2048,790,bernstein,True,True,0.03460522396611123,0.0,False,0.011094971101044454
2048,790,betting,True,True,0.007126402139401744,1.0,False,0.011094971101044454
2048,791,bernstein,True,True,0.034299694916276185,0.0,False,0.00991368739868244
2048,791,betting,True,True,0.007060248543675596,1.0,False,0.00991368739868244
2048,792,bernstein,True,True,0.03451136270650816,0.0,False,0.010884773570527839
2048,792,betting,True,True,0.007108580919630181,1.0,False,0.010884773570527839
2048,793,bernstein,True,True,0.03450415849202006,0.0,False,0.010802339260550872
2048,793,betting,True,True,0.007104283758199048,1.0,False,0.010802339260550872
2048,794,bernstein,True,True,0.034519571310591725,0.0,False,0.01085442624525852
2048,794,betting,True,True,0.007107273380716039,1.0,False,0.01085442624525852
2048,795,bernstein,True,True,0.0341823983574118,0.0,False,0.009660086244947085
2048,795,betting,True,True,0.007046412690506321,1.0,False,0.009660086244947085
2048,796,bernstein,True,True,0.034635443680575556,0.0,False,0.011502691198596026
2048,796,betting,True,True,0.007132120753522098,1.0,False,0.011502691198596026
2048,797,bernstein,True,True,0.034503419101988494,0.0,False,0.010934747965777914
2048,797,betting,True,True,0.007102224678019353,1.0,False,0.010934747965777914
2048,798,bernstein,True,True,0.03417870688137584,0.0,False,0.009652007059894455
2048,798,betting,True,True,0.00704251092582131,1.0,False,0.009652007059894455
2048,799,bernstein,True,True,0.034909325119551415,0.0,False,0.01244810849375184
2048,799,betting,True,True,0.007196171768955484,1.0,False,0.01244810849375184
2048,800,bernstein,True,True,0.034515010405840645,0.0,False,0.011157880721900876
2048,800,betting,True,True,0.0071056326754842525,1.0,False,0.011157880721900876
2048,801,bernstein,True,True,0.03510586278821662,0.0,False,0.011666574562892593
2048,801,betting,True,True,0.0072234042923082775,1.0,False,0.011666574562892593
2048,802,bernstein,True,True,0.033580795882268755,0.0,False,0.007064519983958397
2048,802,betting,True,True,0.006950226761182399,1.0,False,0.007064519983958397
2048,803,bernstein,True,True,0.034546555669177345,0.0,False,0.011104117547678675
2048,803,betting,True,True,0.007110527160111957,1.0,False,0.011104117547678675
2048,804,bernstein,True,True,0.034067200602016776,0.0,False,0.009052477646173741
2048,804,betting,True,True,0.007023924082932287,1.0,False,0.009052477646173741
2048,805,bernstein,True,True,0.03400353844077077,0.0,False,0.00896955835770608
2048,805,betting,True,True,0.007013644436628996,1.0,False,0.00896955835770608
2048,806,bernstein,True,True,0.03433610034469621,0.0,False,0.010262592344674443
2048,806,betting,True,True,0.00707380191463014,1.0,False,0.010262592344674443
2048,807,bernstein,True,True,0.03440607568989165,0.0,False,0.01032180327142796
2048,807,betting,True,True,0.007083588775349314,1.0,False,0.01032180327142796
2048,808,bernstein,True,True,0.034332710162172514,0.0,False,0.009560944191222515
2048,808,betting,True,True,0.007067198212753145,1.0,False,0.009560944191222515
2048,809,bernstein,True,True,0.03444515435376966,0.0,False,0.010582198000077491
2048,809,betting,True,True,0.007087179497939355,1.0,False,0.010582198000077491
2048,810,bernstein,True,True,0.03431139698735232,0.0,False,0.01016413215252067
2048,810,betting,True,True,0.007067704323053481,1.0,False,0.01016413215252067
2048,811,bernstein,True,True,0.034070946362603216,0.0,False,0.008785253451055217
2048,811,betting,True,True,0.007018858309456921,1.0,False,0.008785253451055217
2048,812,bernstein,True,True,0.034036314948851454,0.0,False,0.008897787856131972
2048,812,betting,True,True,0.007018089089942836,1.0,False,0.008897787856131972
2048,813,bernstein,True,True,0.03385103858543145,0.0,False,0.008171188449132758
2048,813,betting,True,True,0.006987500776303945,1.0,False,0.008171188449132758
2048,814,bernstein,True,True,0.03452199046120653,0.0,False,0.011023266286510227
2048,814,betting,True,True,0.00710810294662223,1.0,False,0.011023266286510227
2048,815,bernstein,True,True,0.034564716794239704,0.0,False,0.010981827156444841
2048,815,betting,True,True,0.007114803473887155,1.0,False,0.010981827156444841
2048,816,bernstein,True,True,0.034719320751070454,0.0,False,0.011773206982051903
2048,816,betting,True,True,0.007150299469212751,1.0,False,0.011773206982051903
2048,817,bernstein,True,True,0.034355430099073825,0.0,False,0.010326571349714507
2048,817,betting,True,True,0.007078439606848508,1.0,False,0.010326571349714507
2048,818,bernstein,True,True,0.034202391595748546,0.0,False,0.009761419955286905
2048,818,betting,True,True,0.007043605150429455,1.0,False,0.009761419955286905
2048,819,bernstein,True,True,0.034304504849647185,0.0,False,0.009920695464631988
2048,819,betting,True,True,0.007065778049836768,1.0,False,0.009920695464631988
2048,820,bernstein,True,True,0.03428259600003848,0.0,False,0.009900517703137275
2048,820,betting,True,True,0.007060098463443798,1.0,False,0.009900517703137275
2048,821,bernstein,True,True,0.034387364588823535,0.0,False,0.01018183689427794
2048,821,betting,True,True,0.0070746497926665874,1.0,False,0.01018183689427794
2048,822,bernstein,True,True,0.034349452801929886,0.0,False,0.010363495276577999
2048,822,betting,True,True,0.007075531204791319,1.0,False,0.010363495276577999
2048,823,bernstein,True,True,0.034020968673594595,0.0,False,0.008822500256388543
2048,823,betting,True,True,0.007013653491449112,1.0,False,0.008822500256388543
2048,824,bernstein,True,True,0.03480625766761009,0.0,False,0.012276421996742353
2048,824,betting,True,True,0.0071707534230518455,1.0,False,0.012276421996742353
2048,825,bernstein,True,True,0.03444526485075622,0.0,False,0.010647429242287496
2048,825,betting,True,True,0.0070924615086186416,1.0,False,0.010647429242287496
2048,826,bernstein,True,True,0.03437384220269882,0.0,False,0.010463754934098759
2048,826,betting,True,True,0.007078185825375782,1.0,False,0.010463754934098759
2048,827,bernstein,True,True,0.0344653546210304,0.0,False,0.010641873831770553
2048,827,betting,True,True,0.007095432145506453,1.0,False,0.010641873831770553
2048,828,bernstein,True,True,0.034099498119688015,0.0,False,0.009502501380753077
2048,828,betting,True,True,0.00702708856868417,1.0,False,0.009502501380753077
2048,829,bernstein,True,True,0.03434707122701801,0.0,False,0.010268666609332655
2048,829,betting,True,True,0.007073427590039483,1.0,False,0.010268666609332655
2048,830,bernstein,True,True,0.03460429084835945,0.0,False,0.011109729208259627
2048,830,betting,True,True,0.007123667931482447,1.0,False,0.011109729208259627
2048,831,bernstein,True,True,0.03399545026569532,0.0,False,0.008897352647352648
2048,831,betting,True,True,0.007013693408371102,1.0,False,0.008897352647352648
2048,832,bernstein,True,True,0.03410865898071938,0.0,False,0.009213864544593501
2048,832,betting,True,True,0.007029445537918955,1.0,False,0.009213864544593501
2048,833,bernstein,True,True,0.034244173472130615,0.0,False,0.009959537234661057
2048,833,betting,True,True,0.007056250345376491,1.0,False,0.009959537234661057
2048,834,bernstein,True,True,0.03403489334344452,0.0,False,0.009099671310132378
2048,834,betting,True,True,0.007017941360354607,1.0,False,0.009099671310132378
2048,835,bernstein,True,True,0.03438335764409835,0.0,False,0.010006231290189741
2048,835,betting,True,True,0.007080982611478381,1.0,False,0.010006231290189741
2048,836,bernstein,True,True,0.03392746733888951,0.0,False,0.008285370158353799
2048,836,betting,True,True,0.006999377442843957,1.0,False,0.008285370158353799
2048,837,bernstein,True,True,0.034651736831282295,0.0,False,0.011506624440239217
2048,837,betting,True,True,0.007137340727458641,1.0,False,0.011506624440239217
2048,838,bernstein,True,True,0.03453731982510129,0.0,False,0.01049116109324129
2048,838,betting,True,True,0.007103818476025481,1.0,False,0.01049116109324129
2048,839,bernstein,True,True,0.033945998463782316,0.0,False,0.008549584481427796
2048,839,betting,True,True,0.007001856896458825,1.0,False,0.008549584481427796
2048,840,bernstein,True,True,0.033970401172022796,0.0,False,0.008845633924708544
2048,840,betting,True,True,0.007008585609437401,1.0,False,0.008845633924708544
2048,841,bernstein,True,True,0.03442202023204817,0.0,False,0.010558316992217074
2048,841,betting,True,True,0.007086707639246015,1.0,False,0.010558316992217074
2048,842,bernstein,True,True,0.03478707354300466,0.0,False,0.012129994909560467
2048,842,betting,True,True,0.007165823207760713,1.0,False,0.012129994909560467
2048,843,bernstein,True,True,0.03459024093810041,0.0,False,0.011287835214928623
2048,843,betting,True,True,0.0071249222023470615,1.0,False,0.011287835214928623
2048,844,bernstein,True,True,0.03465902677035135,0.0,False,0.011655914282354489
2048,844,betting,True,True,0.007134898672848111,1.0,False,0.011655914282354489
2048,845,bernstein,True,True,0.03454998828686537,0.0,False,0.011115806680592455
2048,845,betting,True,True,0.007113216604557104,1.0,False,0.011115806680592455
2048,846,bernstein,True,True,0.03417473186477016,0.0,False,0.009563402855397422
2048,846,betting,True,True,0.0070422780668376594,1.0,False,0.009563402855397422
2048,847,bernstein,True,True,0.03444538924926519,0.0,False,0.010724712092914384
2048,847,betting,True,True,0.007094342432901635,1.0,False,0.010724712092914384
2048,848,bernstein,True,True,0.03474752158635537,0.0,False,0.011925308065507107
2048,848,betting,True,True,0.0071599508157670355,1.0,False,0.011925308065507107
2048,849,bernstein,True,True,0.03452370001065723,0.0,False,0.010768326905422924
2048,849,betting,True,True,0.007108302623673679,1.0,False,0.010768326905422924
2048,850,bernstein,True,True,0.034473715826847814,0.0,False,0.01078237766407706
2048,850,betting,True,True,0.007099159460740467,1.0,False,0.01078237766407706
2048,851,bernstein,True,True,0.03411793173425765,0.0,False,0.00946158926987379
2048,851,betting,True,True,0.00703265256855945,1.0,False,0.00946158926987379
2048,852,bernstein,True,True,0.03511146328121149,0.0,False,0.012538502968066665
2048,852,betting,True,True,0.007232723229681048,0.5,False,0.012538502968066665
2048,853,bernstein,True,True,0.034430308431982456,0.0,False,0.01049307748452408
2048,853,betting,True,True,0.007086235855385925,1.0,False,0.01049307748452408
2048,854,bernstein,True,True,0.03416508316966609,0.0,False,0.009670169237966902
2048,854,betting,True,True,0.007040603017558267,1.0,False,0.009670169237966902
2048,855,bernstein,True,True,0.03415105970397042,0.0,False,0.009506488654595857
2048,855,betting,True,True,0.007036819097593239,1.0,False,0.009506488654595857
2048,856,bernstein,True,True,0.03405954092619759,0.0,False,0.0089167023740741
2048,856,betting,True,True,0.007022071766950799,1.0,False,0.0089167023740741
2048,857,bernstein,True,True,0.03410864633926797,0.0,False,0.00926217679003342
2048,857,betting,True,True,0.007030719714421041,1.0,False,0.00926217679003342
2048,858,bernstein,True,True,0.034232169379939975,0.0,False,0.009753648018889907
2048,858,betting,True,True,0.007052481788232368,1.0,False,0.009753648018889907
2048,859,bernstein,True,True,0.03461617217046859,0.0,False,0.01138059933002644
2048,859,betting,True,True,0.007127981397752503,1.0,False,0.01138059933002644
2048,860,bernstein,True,True,0.034133521670355146,0.0,False,0.009403910941488673
2048,860,betting,True,True,0.007032506445684761,1.0,False,0.009403910941488673
2048,861,bernstein,True,True,0.03415092076110221,0.0,False,0.00951204718536075
2048,861,betting,True,True,0.007039592914297899,1.0,False,0.00951204718536075
2048,862,bernstein,True,True,0.034168911141737916,0.0,False,0.009419199795452336
2048,862,betting,True,True,0.0070372581573246995,1.0,False,0.009419199795452336
2048,863,bernstein,True,True,0.03403727601503982,0.0,False,0.00893913901965821
2048,863,betting,True,True,0.007016927585864252,1.0,False,0.00893913901965821
2048,864,bernstein,True,True,0.0342368088805958,0.0,False,0.009785710309947859
2048,864,betting,True,True,0.00705225627170869,1.0,False,0.009785710309947859
2048,865,bernstein,True,True,0.03440037398904288,0.0,False,0.010317855037648826
2048,865,betting,True,True,0.007081466896888822,1.0,False,0.010317855037648826
2048,866,bernstein,True,True,0.034336204498738226,0.0,False,0.01007299253807658
2048,866,betting,True,True,0.007069890514067145,1.0,False,0.01007299253807658
2048,867,bernstein,True,True,0.03477975332520325,0.0,False,0.0119710427968489
2048,867,betting,True,True,0.007163781180752227,1.0,False,0.0119710427968489
2048,868,bernstein,True,True,0.03390512359416663,0.0,False,0.007850320103889964
2048,868,betting,True,True,0.006992463161077378,1.0,False,0.007850320103889964
2048,869,bernstein,True,True,0.03377137948420515,0.0,False,0.007869705973574987
2048,869,betting,True,True,0.006976295742351812,1.0,False,0.007869705973574987
2048,870,bernstein,True,True,0.03420007804784049,0.0,False,0.009593720226059577
2048,870,betting,True,True,0.007044438299526501,1.0,False,0.009593720226059577
2048,871,bernstein,True,True,0.03431113280392492,0.0,False,0.00969199505166299
2048,871,betting,True,True,0.007068064063969315,1.0,False,0.00969199505166299
2048,872,bernstein,True,True,0.03407544629778565,0.0,False,0.009118544513173376
2048,872,betting,True,True,0.007028571001646888,1.0,False,0.009118544513173376
2048,873,bernstein,True,True,0.03384621600135207,0.0,False,0.008173314279714475
2048,873,betting,True,True,0.006986767199414157,1.0,False,0.008173314279714475
2048,874,bernstein,True,True,0.034721088707293624,0.0,False,0.01084917643339683
2048,874,betting,True,True,0.007143045889206445,1.0,False,0.01084917643339683
2048,875,bernstein,True,True,0.033799976103450494,0.0,False,0.007935685605024551
2048,875,betting,True,True,0.006983602876534767,1.0,False,0.007935685605024551
2048,876,bernstein,True,True,0.03383955392671595,0.0,False,0.008255157757483384
2048,876,betting,True,True,0.006986741769324123,1.0,False,0.008255157757483384
2048,877,bernstein,True,True,0.03431683015515162,0.0,False,0.010110291329554391
2048,877,betting,True,True,0.00706489772939678,1.0,False,0.010110291329554391
2048,878,bernstein,True,True,0.03392244784288488,0.0,False,0.008534400387725526
2048,878,betting,True,True,0.006998458367597715,1.0,False,0.008534400387725526
2048,879,bernstein,True,True,0.03453016757494025,0.0,False,0.01102298647183336
2048,879,betting,True,True,0.007106549228410586,1.0,False,0.01102298647183336
2048,880,bernstein,True,True,0.03482119833547051,0.0,False,0.012082220013737469
2048,880,betting,True,True,0.007175134675017181,1.0,False,0.012082220013737469
2048,881,bernstein,True,True,0.03401519076995252,0.0,False,0.008825853729160555
2048,881,betting,True,True,0.0070111729681593404,1.0,False,0.008825853729160555
2048,882,bernstein,True,True,0.034586085027122765,0.0,False,0.010866582943011023
2048,882,betting,True,True,0.007113762442495508,1.0,False,0.010866582943011023
2048,883,bernstein,True,True,0.03405584291261669,0.0,False,0.009052330034181868
2048,883,betting,True,True,0.007021034525641956,1.0,False,0.009052330034181868
2048,884,bernstein,True,True,0.03443226499720607,0.0,False,0.01067039768447475
2048,884,betting,True,True,0.007092173893724962,1.0,False,0.01067039768447475
2048,885,bernstein,True,True,0.0346491818089221,0.0,False,0.01165991252972187
2048,885,betting,True,True,0.0071326306715128185,1.0,False,0.01165991252972187
2048,886,bernstein,True,True,0.034440433610197135,0.0,False,0.010700576130840795
2048,886,betting,True,True,0.007090348442871042,1.0,False,0.010700576130840795
2048,887,bernstein,True,True,0.03426462666923063,0.0,False,0.009911173203535377
2048,887,betting,True,True,0.007061336508704663,1.0,False,0.009911173203535377
2048,888,bernstein,True,True,0.034050063011831805,0.0,False,0.009179337408554259
2048,888,betting,True,True,0.007021533381521228,1.0,False,0.009179337408554259
2048,889,bernstein,True,True,0.03421873271195429,0.0,False,0.009565301476263013
2048,889,betting,True,True,0.007044728018554491,1.0,False,0.009565301476263013
2048,890,bernstein,True,True,0.034448651256086114,0.0,False,0.010151532825677809
2048,890,betting,True,True,0.007092934819956986,1.0,False,0.010151532825677809
2048,891,bernstein,True,True,0.03437869182141269,0.0,False,0.01042262840058272
2048,891,betting,True,True,0.007081915055459853,1.0,False,0.01042262840058272
2048,892,bernstein,True,True,0.0341924126461427,0.0,False,0.009390133645866166
2048,892,betting,True,True,0.007040305075679432,1.0,False,0.009390133645866166
2048,893,bernstein,True,True,0.034513204453885435,0.0,False,0.010892647805041695
2048,893,betting,True,True,0.007105508434724461,1.0,False,0.010892647805041695
2048,894,bernstein,True,True,0.03462452916341474,0.0,False,0.010956585578536536
2048,894,betting,True,True,0.007121963710451373,1.0,False,0.010956585578536536
2048,895,bernstein,True,True,0.03405889156245859,0.0,False,0.009021779128524369
2048,895,betting,True,True,0.007022408124685131,1.0,False,0.009021779128524369
2048,896,bernstein,True,True,0.03479297999266487,0.0,False,0.011966898830743823
2048,896,betting,True,True,0.0071664674778002535,1.0,False,0.011966898830743823
2048,897,bernstein,True,True,0.03466655918987699,0.0,False,0.01096684493573892
2048,897,betting,True,True,0.0071319317688176564,1.0,False,0.01096684493573892
2048,898,bernstein,True,True,0.03459329491333943,0.0,False,0.011289598063124243
2048,898,betting,True,True,0.007120667436138262,1.0,False,0.011289598063124243
2048,899,bernstein,True,True,0.034414524473438124,0.0,False,0.010304349097929478
2048,899,betting,True,True,0.007080737079268151,1.0,False,0.010304349097929478
2048,900,bernstein,True,True,0.034275688254570204,0.0,False,0.00975506571181222
2048,900,betting,True,True,0.007061354829638655,1.0,False,0.00975506571181222
2048,901,bernstein,True,True,0.03411611384068851,0.0,False,0.009350600550950532
2048,901,betting,True,True,0.007031722347564884,1.0,False,0.009350600550950532
2048,902,bernstein,True,True,0.03414687210485921,0.0,False,0.009404789858403283
2048,902,betting,True,True,0.007035233474016356,1.0,False,0.009404789858403283
2048,903,bernstein,True,True,0.034189063066776645,0.0,False,0.009758463211008126
2048,903,betting,True,True,0.007046192539964968,1.0,False,0.009758463211008126
2048,904,bernstein,True,True,0.03397178265280801,0.0,False,0.008763685444143576
2048,904,betting,True,True,0.0070075366985474785,1.0,False,0.008763685444143576
2048,905,bernstein,True,True,0.03427824654079092,0.0,False,0.009618984843269184
2048,905,betting,True,True,0.0070587992794389764,1.0,False,0.009618984843269184
2048,906,bernstein,True,True,0.034223614942171715,0.0,False,0.009705695429804151
2048,906,betting,True,True,0.007048071963181357,1.0,False,0.009705695429804151
2048,907,bernstein,True,True,0.034137152223119416,0.0,False,0.0092431141323968
2048,907,betting,True,True,0.007034234886268642,1.0,False,0.0092431141323968
2048,908,bernstein,True,True,0.03460027664785522,0.0,False,0.01126737222728651
2048,908,betting,True,True,0.007120298041736528,1.0,False,0.01126737222728651
2048,909,bernstein,True,True,0.0341377054717664,0.0,False,0.009330446686760386
2048,909,betting,True,True,0.007036945821055296,1.0,False,0.009330446686760386
2048,910,bernstein,True,True,0.03487772895842074,0.0,False,0.01229978204831098
2048,910,betting,True,True,0.007186482798897553,1.0,False,0.01229978204831098
2048,911,bernstein,True,True,0.03425940474942668,0.0,False,0.009908111486726219
2048,911,betting,True,True,0.00705558530691619,1.0,False,0.009908111486726219
2048,912,bernstein,True,True,0.03431589374483324,0.0,False,0.01016478653638057
2048,912,betting,True,True,0.007065721942526526,1.0,False,0.01016478653638057
2048,913,bernstein,True,True,0.03400082531226309,0.0,False,0.008891382208297084
2048,913,betting,True,True,0.007014245752398063,1.0,False,0.008891382208297084
2048,914,bernstein,True,True,0.03449145691023194,0.0,False,0.010943993148928582
2048,914,betting,True,True,0.007103310459679046,1.0,False,0.010943993148928582
2048,915,bernstein,True,True,0.0344138018350716,0.0,False,0.01054929843514819
2048,915,betting,True,True,0.007086344301933334,1.0,False,0.01054929843514819
2048,916,bernstein,True,True,0.03423912266126284,0.0,False,0.009932487985032108
2048,916,betting,True,True,0.007051664732680263,1.0,False,0.009932487985032108
2048,917,bernstein,True,True,0.03400668455769505,0.0,False,0.008661352700334147
2048,917,betting,True,True,0.007007918889430531,1.0,False,0.008661352700334147
2048,918,bernstein,True,True,0.03450989828833717,0.0,False,0.010755255872716607
2048,918,betting,True,True,0.007104898121360725,1.0,False,0.010755255872716607
2048,919,bernstein,True,True,0.034402121293109114,0.0,False,0.010437370589120785
2048,919,betting,True,True,0.007085416035406467,1.0,False,0.010437370589120785
2048,920,bernstein,True,True,0.03450931044327572,0.0,False,0.010452876624578151
2048,920,betting,True,True,0.007103899335525021,1.0,False,0.010452876624578151
2048,921,bernstein,True,True,0.034273974215879036,0.0,False,0.009911734206420993
2048,921,betting,True,True,0.007057424122103861,1.0,False,0.009911734206420993
2048,922,bernstein,True,True,0.034616246004932516,0.0,False,0.011365765938620124
2048,922,betting,True,True,0.007127757782873334,1.0,False,0.011365765938620124
2048,923,bernstein,True,True,0.034349387326099226,0.0,False,0.010160530949919496
2048,923,betting,True,True,0.007076624073597437,1.0,False,0.010160530949919496
2048,924,bernstein,True,True,0.03385434139017937,0.0,False,0.008214259719024291
2048,924,betting,True,True,0.006990766379349256,1.0,False,0.008214259719024291
2048,925,bernstein,True,True,0.03408494607609509,0.0,False,0.009059178159372332
2048,925,betting,True,True,0.007026117796885889,1.0,False,0.009059178159372332
2048,926,bernstein,True,True,0.03401031095047045,0.0,False,0.009053450969660691
2048,926,betting,True,True,0.007013604620951797,1.0,False,0.009053450969660691
2048,927,bernstein,True,True,0.03393411749238402,0.0,False,0.008604823003617462
2048,927,betting,True,True,0.00700214713051539,1.0,False,0.008604823003617462
2048,928,bernstein,True,True,0.034162083025123094,0.0,False,0.009232816621252226
2048,928,betting,True,True,0.007040949213660386,1.0,False,0.009232816621252226
2048,929,bernstein,True,True,0.03387328651244864,0.0,False,0.008410405885922926
2048,929,betting,True,True,0.006993397480291597,1.0,False,0.008410405885922926
2048,930,bernstein,True,True,0.034243822334984464,0.0,False,0.00982608841942718
2048,930,betting,True,True,0.007054250828041453,1.0,False,0.00982608841942718
2048,931,bernstein,True,True,0.033898522215180436,0.0,False,0.008454915870715857
2048,931,betting,True,True,0.006995358317653744,1.0,False,0.008454915870715857
2048,932,bernstein,True,True,0.03409516263426675,0.0,False,0.009211168710827071
2048,932,betting,True,True,0.007029522871453087,1.0,False,0.009211168710827071
2048,933,bernstein,True,True,0.034642491815357085,0.0,False,0.011529535906001167
2048,933,betting,True,True,0.007135642964094524,1.0,False,0.011529535906001167
2048,934,bernstein,True,True,0.034039419021963266,0.0,False,0.008520036950123096
2048,934,betting,True,True,0.007016182449442576,1.0,False,0.008520036950123096
2048,935,bernstein,True,True,0.03407452434649591,0.0,False,0.00913390048208134
2048,935,betting,True,True,0.00702645269317137,1.0,False,0.00913390048208134
2048,936,bernstein,True,True,0.03391655785325015,0.0,False,0.008567518420159865
2048,936,betting,True,True,0.007000590762327175,1.0,False,0.008567518420159865
2048,937,bernstein,True,True,0.034721938777549574,0.0,False,0.011538758354492666
2048,937,betting,True,True,0.0071477097554452085,1.0,False,0.011538758354492666
2048,938,bernstein,True,True,0.03466218138843853,0.0,False,0.011070693140819805
2048,938,betting,True,True,0.0071372652339414255,1.0,False,0.011070693140819805
2048,939,bernstein,True,True,0.03415013101188817,0.0,False,0.009386206387621786
2048,939,betting,True,True,0.007039315111360356,1.0,False,0.009386206387621786
2048,940,bernstein,True,True,0.03435283408327945,0.0,False,0.010301697901425003
2048,940,betting,True,True,0.007073983011032348,1.0,False,0.010301697901425003
2048,941,bernstein,True,True,0.0341062331381,0.0,False,0.009187961804717941
2048,941,betting,True,True,0.007027126953726093,1.0,False,0.009187961804717941
2048,942,bernstein,True,True,0.03444076122258298,0.0,False,0.010652762450865072
2048,942,betting,True,True,0.007091214888350739,1.0,False,0.010652762450865072
2048,943,bernstein,True,True,0.03453295874462181,0.0,False,0.011093745029135859
2048,943,betting,True,True,0.0071111248838861,1.0,False,0.011093745029135859
2048,944,bernstein,True,True,0.03395300761379943,0.0,False,0.008684676446806065
2048,944,betting,True,True,0.00700352468251364,1.0,False,0.008684676446806065
2048,945,bernstein,True,True,0.033608468250535775,0.0,False,0.007337245216885029
2048,945,betting,True,True,0.006953636105645256,1.0,False,0.007337245216885029
2048,946,bernstein,True,True,0.03373537328389366,0.0,False,0.00792269926699499
2048,946,betting,True,True,0.006971622178607473,1.0,False,0.00792269926699499
2048,947,bernstein,True,True,0.03473384175186897,0.0,False,0.012010999436851834
2048,947,betting,True,True,0.007155682333068514,1.0,False,0.012010999436851834
2048,948,bernstein,True,True,0.03440702604670659,0.0,False,0.01055493585472221
2048,948,betting,True,True,0.007085767557873601,1.0,False,0.01055493585472221
2048,949,bernstein,True,True,0.03413004674372279,0.0,False,0.009435618182034079
2048,949,betting,True,True,0.007035328578240296,1.0,False,0.009435618182034079
2048,950,bernstein,True,True,0.034080410218994196,0.0,False,0.009027765629732568
2048,950,betting,True,True,0.007023762526805588,1.0,False,0.009027765629732568
2048,951,bernstein,True,True,0.03382994823542425,0.0,False,0.008044521097687999
2048,951,betting,True,True,0.006986530290632786,1.0,False,0.008044521097687999
2048,952,bernstein,True,True,0.033819269435558075,0.0,False,0.008149624297570162
2048,952,betting,True,True,0.006984281508230272,1.0,False,0.008149624297570162
2048,953,bernstein,True,True,0.034238927648458095,0.0,False,0.009726363848289045
2048,953,betting,True,True,0.007055485210876178,1.0,False,0.009726363848289045
2048,954,bernstein,True,True,0.034744063554573525,0.0,False,0.01197364783764475
2048,954,betting,True,True,0.007155771842408232,1.0,False,0.01197364783764475
2048,955,bernstein,True,True,0.03430405016329938,0.0,False,0.009931942625747786
2048,955,betting,True,True,0.0070666901435834095,1.0,False,0.009931942625747786
2048,956,bernstein,True,True,0.034479473306100954,0.0,False,0.010827350278952666
2048,956,betting,True,True,0.007101860275433913,1.0,False,0.010827350278952666
2048,957,bernstein,True,True,0.03402530062427925,0.0,False,0.009029024262325734
2048,957,betting,True,True,0.007015500027664601,1.0,False,0.009029024262325734
2048,958,bernstein,True,True,0.03435716565040123,0.0,False,0.010315491083565812
2048,958,betting,True,True,0.007076545494310249,1.0,False,0.010315491083565812
2048,959,bernstein,True,True,0.03393536369194471,0.0,False,0.008477970112087452
2048,959,betting,True,True,0.007000099187280284,1.0,False,0.008477970112087452
2048,960,bernstein,True,True,0.0345496576213489,0.0,False,0.01119863050113278
2048,960,betting,True,True,0.007115620208096529,1.0,False,0.01119863050113278
2048,961,bernstein,True,True,0.034451337238187524,0.0,False,0.010584201651994425
2048,961,betting,True,True,0.0070945645951360214,1.0,False,0.010584201651994425
2048,962,bernstein,True,True,0.03422805939039289,0.0,False,0.00980670563124959
2048,962,betting,True,True,0.007051706260717938,1.0,False,0.00980670563124959
2048,963,bernstein,True,True,0.03470750994382152,0.0,False,0.01141261464411171
2048,963,betting,True,True,0.007145410456214418,1.0,False,0.01141261464411171
2048,964,bernstein,True,True,0.034505211904339576,0.0,False,0.010892630107278256
2048,964,betting,True,True,0.007103238065137685,1.0,False,0.010892630107278256
2048,965,bernstein,True,True,0.034588134235765594,0.0,False,0.011262215758849219
2048,965,betting,True,True,0.007121834689169271,1.0,False,0.011262215758849219
2048,966,bernstein,True,True,0.03443038396449992,0.0,False,0.010687667023681246
2048,966,betting,True,True,0.007090667390875716,1.0,False,0.010687667023681246
2048,967,bernstein,True,True,0.03463624382470169,0.0,False,0.011393786618549898
2048,967,betting,True,True,0.007132341590768254,1.0,False,0.011393786618549898
2048,968,bernstein,True,True,0.03364545406182989,0.0,False,0.0074504618379738095
2048,968,betting,True,True,0.006959883539748191,1.0,False,0.0074504618379738095
2048,969,bernstein,True,True,0.03402149324639303,0.0,False,0.008978704051209242
2048,969,betting,True,True,0.0070181409185534616,1.0,False,0.008978704051209242
2048,970,bernstein,True,True,0.03438393879540476,0.0,False,0.010465525915546014
2048,970,betting,True,True,0.007083244273999201,1.0,False,0.010465525915546014
2048,971,bernstein,True,True,0.0341010822856892,0.0,False,0.009252197376475417
2048,971,betting,True,True,0.007027680666760738,1.0,False,0.009252197376475417
2048,972,bernstein,True,True,0.034068888869223615,0.0,False,0.009233213287211137
2048,972,betting,True,True,0.007024033000489038,1.0,False,0.009233213287211137
2048,973,bernstein,True,True,0.03428042143199028,0.0,False,0.010079056375176936
2048,973,betting,True,True,0.007059845817675603,1.0,False,0.010079056375176936
2048,974,bernstein,True,True,0.034426314918999765,0.0,False,0.010366811760447486
2048,974,betting,True,True,0.007089866648966603,1.0,False,0.010366811760447486
2048,975,bernstein,True,True,0.034139662646669525,0.0,False,0.009314418209411757
2048,975,betting,True,True,0.007033158626036373,1.0,False,0.009314418209411757
2048,976,bernstein,True,True,0.0342485184209019,0.0,False,0.01011790162346732
2048,976,betting,True,True,0.0070541160798166525,1.0,False,0.01011790162346732
2048,977,bernstein,True,True,0.03417028560408772,0.0,False,0.009532582513245813
2048,977,betting,True,True,0.007039550329791311,1.0,False,0.009532582513245813
2048,978,bernstein,True,True,0.034094124765061955,0.0,False,0.008930373786820699
2048,978,betting,True,True,0.0070210091967966015,1.0,False,0.008930373786820699
2048,979,bernstein,True,True,0.034435424519606635,0.0,False,0.010707849873733525
2048,979,betting,True,True,0.007088133612742409,1.0,False,0.010707849873733525
2048,980,bernstein,True,True,0.034190208629532946,0.0,False,0.009767273712398994
2048,980,betting,True,True,0.007046215452137461,1.0,False,0.009767273712398994
2048,981,bernstein,True,True,0.03446571557772447,0.0,False,0.010747524970003442
2048,981,betting,True,True,0.007095757203424036,1.0,False,0.010747524970003442
2048,982,bernstein,True,True,0.03441983798550621,0.0,False,0.010499477431171828
2048,982,betting,True,True,0.007087968354571705,1.0,False,0.010499477431171828
2048,983,bernstein,True,True,0.03458806462381491,0.0,False,0.010885216918518879
2048,983,betting,True,True,0.007120680593579842,1.0,False,0.010885216918518879
2048,984,bernstein,True,True,0.034611645526094616,0.0,False,0.011513026110589682
2048,984,betting,True,True,0.007128104832954674,1.0,False,0.011513026110589682
2048,985,bernstein,True,True,0.03409680523313984,0.0,False,0.009281565457431733
2048,985,betting,True,True,0.007029522189150095,1.0,False,0.009281565457431733
2048,986,bernstein,True,True,0.03436472671988997,0.0,False,0.010156532597452765
2048,986,betting,True,True,0.0070760292639169275,1.0,False,0.010156532597452765
2048,987,bernstein,True,True,0.03457970596366401,0.0,False,0.010728316652704805
2048,987,betting,True,True,0.007112928663918772,1.0,False,0.010728316652704805
2048,988,bernstein,True,True,0.03388295756546089,0.0,False,0.008406506869139461
2048,988,betting,True,True,0.006992927276733174,1.0,False,0.008406506869139461
2048,989,bernstein,True,True,0.03442054682873309,0.0,False,0.01074907056580359
2048,989,betting,True,True,0.007086396099730274,1.0,False,0.01074907056580359
2048,990,bernstein,True,True,0.033696957092971574,0.0,False,0.007660670144073771
2048,990,betting,True,True,0.00696735557554351,1.0,False,0.007660670144073771
2048,991,bernstein,True,True,0.034392013885476254,0.0,False,0.010403350785162625
2048,991,betting,True,True,0.007083774951606836,1.0,False,0.010403350785162625
2048,992,bernstein,True,True,0.0349029180545201,0.0,False,0.012657081258836324
2048,992,betting,True,True,0.007192035732259794,1.0,False,0.012657081258836324
2048,993,bernstein,True,True,0.034580476379487544,0.0,False,0.011207737496235553
2048,993,betting,True,True,0.007118979475926657,1.0,False,0.011207737496235553
2048,994,bernstein,True,True,0.03437713731532408,0.0,False,0.010377476475174743
2048,994,betting,True,True,0.007082392535448956,1.0,False,0.010377476475174743
2048,995,bernstein,True,True,0.034375683859622995,0.0,False,0.01028950861273547
2048,995,betting,True,True,0.007080438419870938,1.0,False,0.01028950861273547
2048,996,bernstein,True,True,0.03372850456533458,0.0,False,0.007675037988895089
2048,996,betting,True,True,0.006971038655537942,1.0,False,0.007675037988895089
2048,997,bernstein,True,True,0.03378146424557468,0.0,False,0.007808315135482269
2048,997,betting,True,True,0.006978090058182729,1.0,False,0.007808315135482269
2048,998,bernstein,True,True,0.03438049050606294,0.0,False,0.010154127207087237
2048,998,betting,True,True,0.007079449767334212,1.0,False,0.010154127207087237
2048,999,bernstein,True,True,0.03418601781436445,0.0,False,0.009759462499011523
2048,999,betting,True,True,0.007042598890075191,1.0,False,0.009759462499011523
