source,target,cka,cca_shared,procrustes_shared,probe_cosine,metric_rank,metric_examples,full_dim_cca_saturation_possible,train_raw,train_geometry,residual_correction,cal_raw,test_raw,cal_clipped,test_clipped,train_mean_term,train_variance_term,test_mean_term,test_variance_term,test_geometry,mean_fraction,aligned_cal_raw,aligned_test_raw,aligned_test_clipped,alignment_raw_reduction,bernstein_lo,bernstein_hi,bernstein_aligned_lo,bernstein_aligned_hi,betting_lo,betting_hi,betting_aligned_lo,betting_aligned_hi,prediction__training_geometry,prediction__direct_training,prediction__mean_only,prediction__variance_only,prediction__direct_calibration,prediction__cka_common,prediction__cka_held_target,prediction__cca_shared_common,prediction__cca_shared_held_target,prediction__procrustes_shared_common,prediction__procrustes_shared_held_target,prediction__probe_cosine_common,prediction__probe_cosine_held_target
0,1,0.9612689245807319,0.5738536960256115,0.7146312281113341,0.4892864509074636,64,1024,False,0.15890580411030208,0.1583724411091258,0.0005333630011755009,0.1557404907317248,0.14256595157073493,0.06351639878036955,0.05812371480951025,2.0902358689818188e-32,0.15837244110912582,0.00030009315491335203,0.15670011733950745,0.15700021049442067,0.0019114188061806227,0.009073731307655071,0.007924252469268743,0.009869200042418633,0.13464169910146617,0.02499243112774735,0.10204036643299175,-0.012494181712234218,0.03427840399434367,0.0430802666087402,0.08580813082517125,0.0038948095752857625,0.017375218354573008,0.1583724411091258,0.15890580411030208,2.0902358689818188e-32,0.15837244110912582,0.1557404907317248,0.10975820147017351,0.10173357881799149,0.1999296418931102,0.20561729953903501,0.1999296418931102,0.20561729953903501,0.21039952195910103,0.21893485926744558
0,2,0.7927269472912322,0.44299445133429177,0.5973484817273655,0.3272169451516172,64,1024,False,0.9055722063282848,0.9051080593707684,0.00046414695751501365,0.9020608183886443,0.9122998099411234,0.18351615998194426,0.19037084454386058,2.5897443783278645e-32,0.9051080593707684,0.00010848081623794062,0.9223644428862053,0.9224729237024394,0.00011759783235972041,0.008627547314235293,0.005795241884687385,0.008046947668641053,0.906504568056436,0.13105707588233684,0.23597524408155168,-0.013276017015533947,0.0337766958265308,0.14946639863046585,0.21892577879771125,0.0032753260456956923,0.016997484490275383,0.9051080593707684,0.9055722063282848,2.5897443783278645e-32,0.9051080593707684,0.9020608183886443,0.3682814237652393,0.39717669043646486,0.3807549915288251,0.3734497767752116,0.36779582034684183,0.3646530666229137,0.3944313575846393,0.3861663349768538
0,3,0.5432419839054539,0.38974616614134144,0.5476321755788686,0.3054369631402499,64,1024,False,0.9214297677715281,0.9209873461908872,0.0004424215806450081,0.9147609660436085,0.9015900907992568,0.2076367597347816,0.20093604142710877,7.185194725273767e-33,0.9209873461908871,7.340357916263878e-06,0.9137064590470755,0.9137137994049926,8.033541707527997e-06,0.010327027023357875,0.007209598081587202,0.010033551673949306,0.8943804927176696,0.15425866161413704,0.26101485785542616,-0.011120303394215655,0.03584418102798215,0.17262797340663383,0.24383555289387004,0.0052789881665376015,0.01889608383498853,0.9209873461908872,0.9214297677715281,7.185194725273767e-33,0.9209873461908871,0.9147609660436085,0.41908197580401507,0.33641500705714894,0.3807549915288251,0.3555141962510329,0.419632505074775,0.355514196251033,0.3944313575846393,0.3571816465224443
0,4,0.4876222710541,0.3630023528832055,0.5236087526949765,0.26446523233972496,64,1024,False,1.2105332424944875,1.2100037818844471,0.0005294606100388351,1.19402092778119,1.1768682514042976,0.2317538900327924,0.2255751791335835,4.081352810740036e-32,1.2100037818844471,7.115816650201825e-05,1.1973795567030836,1.1974507148695803,5.942471420192722e-05,0.013924535120155498,0.009810250210142063,0.01455097101944623,1.1670580011941556,0.17713081684492393,0.28637696322066086,-0.007300893361019793,0.04101092034800404,0.1955397611236549,0.2691466266842326,0.009317247371654958,0.024230250564869493,1.2100037818844471,1.2105332424944875,4.081352810740036e-32,1.2100037818844471,1.19402092778119,0.5373716097754999,0.4047353795906591,0.5050213709899224,0.37035075865087513,0.5050213709899224,0.3764826105805551,0.4683545473479562,0.37035075865087513
0,5,0.43447705646339096,0.3430283277094416,0.507029866806341,0.24204044381516615,64,1024,False,0.742886350512236,0.7423335139965266,0.0005528365157182379,0.7248149660079549,0.7216481626160572,0.1832835123869476,0.18554456727288846,3.9339288481598647e-32,0.7423335139965266,0.00011977262074912653,0.732966077900801,0.7330858505215483,0.00016338143842759375,0.015912551452715393,0.013927473528402018,0.01883337117588438,0.7077206890876552,0.1324870742973173,0.2340799504765779,-0.004995551814892613,0.04355907410590807,0.15073033879161812,0.2170120531518478,0.011649587948340923,0.02683985174371628,0.7423335139965266,0.742886350512236,3.9339288481598647e-32,0.7423335139965266,0.7248149660079549,0.5373716097754999,0.5229528900653111,0.5050213709899224,0.48059986043236314,0.5050213709899224,0.48059986043236314,0.4683545473479562,0.4450399638334108
0,6,0.4172523560835475,0.3334976704174098,0.49812675514193333,0.1823841931119931,64,1024,False,0.834207638965228,0.8338208446313832,0.0003867943338534147,0.8133875674404185,0.8045862341062894,0.20865698544837666,0.20167113501026787,2.183344099919219e-32,0.8338208446313832,2.5507210151615483e-06,0.833014688242378,0.8330172389633959,3.062026685468908e-06,0.025397405423140177,0.021562804860986304,0.02668088666086198,0.7830234292453031,0.15711064431598212,0.26020332658077117,0.004249885480455681,0.05390519867806269,0.17570533503749175,0.24339357363351155,0.020825291554501746,0.03708151893806644,0.8338208446313832,0.834207638965228,2.183344099919219e-32,0.8338208446313832,0.8133875674404185,0.5373716097754999,0.5161396130320447,0.5050213709899224,0.4707584602732006,0.5050213709899224,0.4707584602732006,0.4683545473479562,0.4369879091577323
0,7,0.40004994723305193,0.3242490903445704,0.489997846899774,0.1499140752270369,64,1024,False,0.7149885620051303,0.7145257463842516,0.00046281562088159456,0.6911797740111458,0.6945339927455696,0.1988792906044633,0.186194092301062,1.413617180300365e-32,0.7145257463842518,9.012377327231483e-06,0.72068992162891,0.7206989340062369,1.250505155756688e-05,0.025206890269005224,0.02160107976874096,0.02688077658051042,0.6729329129768287,0.14830302186369823,0.24945555934522837,0.004326745506010449,0.05379962028157555,0.16682980233599665,0.23265776210610056,0.0208275782133569,0.03693296945129987,0.7145257463842516,0.7149885620051303,1.413617180300365e-32,0.7145257463842518,0.6911797740111458,0.5373716097754999,0.5255402125266041,0.5050213709899224,0.48433710398756413,0.5050213709899224,0.48433710398756413,0.4683545473479562,0.44809770856039344
0,8,0.4425016454659904,0.31599244673920796,0.4836265566947063,0.16926131766041963,64,1024,False,0.7217718602690479,0.7214501216420731,0.00032173862697353837,0.6993366266197139,0.7354881353987751,0.19625778980540615,0.20130877122325452,2.4821577716257134e-33,0.7214501216420731,3.5694294285610294e-06,0.751595198830261,0.7515987682596932,4.749115591056579e-06,0.026954909817360123,0.022370251119289426,0.02790573523907757,0.7131178842794856,0.14573192919376782,0.24678365041704448,0.006900081559305646,0.05597789039094189,0.16416936882887967,0.229908157751197,0.02341724916914245,0.03911863268876914,0.7214501216420731,0.7217718602690479,2.4821577716257134e-33,0.7214501216420731,0.6993366266197139,0.5373716097754999,0.524912762325945,0.5050213709899224,0.4834307870310567,0.5050213709899224,0.4834307870310567,0.4683545473479562,0.4473561765050691
0,9,0.40497961066408317,0.3074249795686613,0.476000183765945,0.10880494764445164,64,1024,False,0.9179074646010693,0.9175569061742025,0.00035055842686455163,0.9127791532753537,0.9179669059952078,0.2155967544322613,0.20660761489292212,9.383747842605679e-34,0.9175569061742025,2.0514328837612336e-05,0.9379518084601721,0.9379723227890132,2.187093194457382e-05,0.025329416715015915,0.019562433808980807,0.025601471295553742,0.898404472186227,0.16353792606577733,0.2676555827987453,0.005480323690219498,0.054136116564639694,0.1819765915060998,0.25065504301164765,0.02197337160760071,0.037278737378073856,0.9175569061742025,0.9179074646010693,9.383747842605679e-34,0.9175569061742025,0.9127791532753537,0.5373716097754999,0.5084941064293573,0.5216104775961673,0.4709686828923823,0.5216104775961673,0.4709686828923823,0.6168710889953379,0.5182350675686661
0,10,0.46813375309714406,0.2965258986063267,0.4656248615101053,0.10643720654235582,64,1024,False,1.33949246987702,1.33913867514027,0.0003537947367462546,1.3469867937893485,1.3378559440616478,0.23187229503260812,0.22477838831446417,3.436278103142728e-33,1.33913867514027,0.00018812448899791683,1.3472916055729938,1.3474797300619914,0.00013961211052077353,0.025335222484767626,0.019297930575641366,0.025772390476992365,1.3185580134860064,0.17842365378621433,0.2853209362790019,0.005708588862926536,0.05377021937641205,0.19664855831797468,0.2679739031664212,0.02225772073143162,0.036971266112232115,1.33913867514027,1.33949246987702,3.436278103142728e-33,1.33913867514027,1.3469867937893485,0.5373716097754999,0.46573113091567075,0.7135078181386147,0.4750935186975117,0.7135078181386147,0.4750935186975117,0.7148839358827207,0.510053086791489
0,11,0.5357179110314495,0.28396179640771363,0.45495562377271925,0.13653674901280252,64,1024,False,1.2215803857938472,1.2211501492847554,0.0004302365090953368,1.252531581044946,1.2436628632454858,0.2365322147989239,0.23259980618362902,7.185299915287487e-32,1.2211501492847552,2.5403482331845846e-06,1.2472017530626853,1.247204293410915,2.0368340989567287e-06,0.025946326508635185,0.02048897368214017,0.026567934717101123,1.2231738895633457,0.18260615767445443,0.29045827192339335,0.006226804874254702,0.054237066579435264,0.20065113391319755,0.2728693848766852,0.022761257510865107,0.0374427567148814,1.2211501492847554,1.2215803857938472,7.185299915287487e-32,1.2211501492847552,1.252531581044946,0.41908197580401507,0.35229119504054845,0.7135078181386147,0.5338332305031709,0.7135078181386147,0.5338332305031709,0.6168710889953379,0.4455374144553496
1,0,0.9612689245807319,0.5738536960256115,0.7146312281113341,0.4892864509074636,64,1024,False,0.08476620615966121,0.08312919744557652,0.0016370087140848966,0.09153773048628193,0.09492204815236001,0.07807542383151118,0.0846474551465788,3.1332754370091487e-32,0.08312919744557651,0.00023225459409301577,0.08416060303597922,0.0843928576300724,0.002752064577681211,0.003533616626607093,0.0041947271070627845,0.0050954004346675024,0.09072732104529722,0.04120542808374325,0.11494541957927912,-0.01708269137501639,0.026048330536106563,0.05916047415666981,0.09862962885381421,-0.000901922132470645,0.009727787619340234,0.08312919744557652,0.08476620615966121,3.1332754370091487e-32,0.08312919744557651,0.09153773048628193,0.10975820147017351,0.11583169179813739,0.1999296418931102,0.2184578515881236,0.1999296418931102,0.2184578515881236,0.21039952195910103,0.2178694258291709
1,2,0.8841356072711333,0.6487731459719388,0.7776128005766105,0.5413857895621188,64,1024,False,0.18465901653101954,0.18432961372248322,0.00032940280853673037,0.18546981198367565,0.20064045955411203,0.10643555863970103,0.11524932225151545,1.540650278277294e-32,0.18432961372248327,9.903071246534284e-07,0.19270550914490975,0.19270649945203472,5.138939929215616e-06,0.0037769014600482383,0.0016949426012972996,0.003042532113621772,0.19894551695281473,0.06375069687803604,0.14912042040136603,-0.017204169351642006,0.026423855452888216,0.0818755896834773,0.13253361159877386,-0.0009502047469140962,0.010033185397333,0.18432961372248322,0.18465901653101954,1.540650278277294e-32,0.18432961372248327,0.18546981198367565,0.17090071996519615,0.17398801716516737,0.19026939819239905,0.1930561749496276,0.18893076114109783,0.18942518244930098,0.21039952195910103,0.21713470119217249
1,3,0.6397691501800508,0.5411538788954964,0.6902750070362655,0.46909557653037715,64,1024,False,0.8013040178908247,0.8009401709836877,0.0003638469071381685,0.8004946626938352,0.8113166937113666,0.18871953404280942,0.17898235983282026,1.727179452327204e-33,0.8009401709836877,8.680254624867997e-06,0.8180319846917887,0.8180406649464163,1.0611030718670418e-05,0.006348089637151568,0.004056842874838257,0.0060543972995811945,0.8072598508365284,0.13690804348054197,0.24053102460507686,-0.014475889231748945,0.02976812971672528,0.15559297699655872,0.22378833760740235,0.0018235457537230104,0.013217064726632088,0.8009401709836877,0.8013040178908247,1.727179452327204e-33,0.8009401709836877,0.8004946626938352,0.3682814237652393,0.33641500705714894,0.3353494862661948,0.27131835598231424,0.3353494862661948,0.20732694374544397,0.28555851947548483,0.21676788068633204
1,4,0.5883001643863653,0.4906786660828846,0.644915204029987,0.3869141030467553,64,1024,False,0.6697897828777193,0.6693066561468728,0.00048312673084631485,0.6642657523409069,0.6779736174327639,0.20307048782053377,0.19279495014216744,1.1972950084493733e-33,0.6693066561468728,0.00011342099173762736,0.68204258118959,0.6821560021813264,0.00016626840689657745,0.009828114459754074,0.004993006242609224,0.009013528457453823,0.6729806111901546,0.15072489906652328,0.2554160765745443,-0.011193088865845162,0.03543027580902635,0.16932998727133963,0.23856464283016976,0.00540352328971494,0.01874084105656948,0.6693066561468728,0.6697897828777193,1.1972950084493733e-33,0.6693066561468728,0.6642657523409069,0.3682814237652393,0.35270330120862525,0.3510584831849437,0.33878652373964585,0.3510584831849437,0.33878652373964585,0.3616920671037484,0.3184672549270115
1,5,0.5330159684036797,0.4594389366502506,0.6186487886740817,0.3706257462204762,64,1024,False,0.34947314065650203,0.34898182848270565,0.000491312173796543,0.3580728314028301,0.3505957765426829,0.1656806779615274,0.15845922825309194,1.7464560081033777e-32,0.34898182848270554,2.9528979318407648e-05,0.3451926076178639,0.3452221365971822,8.5536169868687e-05,0.0113433280904962,0.00967833416027553,0.013796228885527497,0.3409174423824074,0.11757536268573741,0.2137859932373174,-0.009440557216982863,0.037722945582167454,0.13590061256400077,0.19698337125737453,0.007322541052417364,0.021141777993761934,0.34898182848270565,0.34947314065650203,1.7464560081033777e-32,0.34898182848270554,0.3580728314028301,0.41908197580401507,0.4237749869117985,0.3510584831849437,0.3504208151651359,0.3510584831849437,0.3504208151651359,0.3616920671037484,0.36220910077530816
1,6,0.5155810407412876,0.44101040377133516,0.6002053273143555,0.3249833872654096,64,1024,False,0.6520019530394537,0.6516969332530939,0.0003050197863597092,0.6635484944548574,0.6580605296350551,0.2208639622765971,0.21145619507238034,1.9312797497883113e-33,0.6516969332530939,5.1936346421204065e-05,0.6574166735658419,0.6574686099122657,7.89944122627156e-05,0.02054091236457815,0.017311555218527085,0.021861267600440545,0.640748974416528,0.1684156013305384,0.2733123232226558,-0.0006568565251303012,0.0482868072422928,0.18682489149068715,0.25625141026830534,0.01602698751958087,0.03154840605566278,0.6516969332530939,0.6520019530394537,1.9312797497883113e-33,0.6516969332530939,0.6635484944548574,0.41908197580401507,0.3974833621620873,0.3807549915288251,0.3625563616623638,0.36779582034684183,0.33551130140065044,0.3944313575846393,0.37373003936385335
1,7,0.496891745501777,0.4261708039917636,0.5862154894086438,0.2946829340092148,64,1024,False,0.7447537780234164,0.7443878070184418,0.0003659710049711051,0.7548553862365374,0.743904542647862,0.2311436819737028,0.2199148033245117,1.0306441106080843e-32,0.7443878070184418,2.5092502687900423e-05,0.743593829968323,0.7436189224710106,3.374376569724614e-05,0.020150178361103943,0.01687231487475025,0.021678546500033972,0.7270322277731117,0.17828308445645807,0.28400427949094753,-0.0006588315374021353,0.047932240680679444,0.19672893775714329,0.2669398297803127,0.01594325195037527,0.031160353624727577,0.7443878070184418,0.7447537780234164,1.0306441106080843e-32,0.7443878070184418,0.7548553862365374,0.41908197580401507,0.39325325192459026,0.3807549915288251,0.3571853680281473,0.36779582034684183,0.34425292137594915,0.3944313575846393,0.36670643230372413
1,8,0.5357737485339343,0.4100044645758949,0.5720010886835238,0.28010847884968915,64,1024,False,0.5560292803457833,0.5557580588066742,0.00027122153910808905,0.5553652606861408,0.5660464115247917,0.1910867129758047,0.19145164781143112,2.7947208797570934e-33,0.5557580588066741,9.389945780856587e-07,0.5676192327436259,0.567620171738204,1.6542656953332145e-06,0.021698626852134487,0.018111977688870202,0.023183600357327402,0.5479344338359216,0.14133390323248296,0.24083952271912645,0.0018367539446336872,0.05004168962131711,0.15982513736526016,0.22410347633558558,0.018414229816698935,0.03324373146460857,0.5557580588066742,0.5560292803457833,2.7947208797570934e-33,0.5557580588066741,0.5553652606861408,0.41908197580401507,0.40080971149794203,0.3807549915288251,0.3691143069183374,0.36779582034684183,0.3533162585946001,0.3944313575846393,0.38205182657683157
1,9,0.4985668971693041,0.3978039613881591,0.5613710543940464,0.2558207070835399,64,1024,False,0.4626179367974039,0.46236157857675697,0.0002563582206458952,0.45926355510942707,0.46508392462185444,0.1706329871515609,0.1656553525520946,5.260306152606684e-34,0.46236157857675697,2.1469917422597455e-05,0.47893267641400983,0.4789541463314328,4.482666574044111e-05,0.020236008960997687,0.015470839717740194,0.02102524724148218,0.4496130849041142,0.12280409901733505,0.21846187528578673,0.0006096386486005891,0.04827036836425393,0.1411775701562874,0.20176399480260443,0.017163502059702296,0.03145694536942756,0.46236157857675697,0.4626179367974039,5.260306152606684e-34,0.46236157857675697,0.45926355510942707,0.41908197580401507,0.41599108508821414,0.3807549915288251,0.3755210872901183,0.36779582034684183,0.3607086974851165,0.4683545473479562,0.46918100118782247
1,10,0.5588532433530219,0.3817501662632322,0.5480144328719694,0.2937687757349426,64,1024,False,0.3799853554237502,0.3797590813429285,0.00022627408082276902,0.3741180773709433,0.3692879949333537,0.15406889635225215,0.13568989073830282,3.0722503806343187e-33,0.37975908134292846,2.9654032896462424e-05,0.3920545612185711,0.3920842152514682,7.563179475981565e-05,0.02026550466431486,0.015133376856821137,0.02119472489805792,0.35415461807653253,0.10778863787312698,0.20034915483137733,0.0010656758162271192,0.04775305485727853,0.12603912780468818,0.1836541947486694,0.017601952778932173,0.03096996949170716,0.3797590813429285,0.3799853554237502,3.0722503806343187e-33,0.37975908134292846,0.3741180773709433,0.3682814237652393,0.3625939152325071,0.3807549915288251,0.3811974524726839,0.36779582034684183,0.36725834961884607,0.3944313575846393,0.39599391760107755
1,11,0.60838578205872,0.36356267092841776,0.5321441978405868,0.27357304735633736,64,1024,False,0.462147430749955,0.46180459213605723,0.0003428386139016893,0.4374430173441511,0.44967409502542594,0.17691690771007104,0.16810589402165796,3.6465095343841267e-32,0.4618045921360571,6.232520573916759e-06,0.474555859860611,0.47456209238118535,1.313320358700411e-05,0.02017990790416443,0.016446515264919467,0.02214793847936669,0.43322757976050646,0.12843821879228864,0.22539559662785344,0.0009193599446376786,0.047530715794221856,0.14684089930233313,0.20868095941841602,0.017471929713792633,0.030801385320955887,0.46180459213605723,0.462147430749955,3.6465095343841267e-32,0.4618045921360571,0.4374430173441511,0.3682814237652393,0.35229119504054845,0.3807549915288251,0.37697578980780333,0.419632505074775,0.41369566765164967,0.3944313575846393,0.3911227683723692
2,0,0.7927269472912322,0.44299445133429177,0.5973484817273655,0.3272169451516172,64,1024,False,0.2346035467807991,0.23252392180021159,0.002079624980586198,0.23560326343230045,0.2586322494859112,0.18315558493601639,0.2027288994857301,2.226375015711645e-37,0.23252392180021159,7.174966435634227e-05,0.23915857867919146,0.23923032834354724,0.00029991876386720504,0.004491673254225824,0.006365254686730855,0.007681132461920311,0.2522669947991803,0.13490634595716888,0.2314048239148639,-0.016792035632094415,0.028346126835804508,0.15292713062808616,0.21427433905773796,-0.0002635069322423078,0.011811447220679838,0.23252392180021159,0.2346035467807991,2.226375015711645e-37,0.23252392180021159,0.23560326343230045,0.3682814237652393,0.375264484835394,0.3807549915288251,0.40666501946406236,0.36779582034684183,0.3810396824153725,0.3944313575846393,0.42693911785171856
2,1,0.8841356072711333,0.6487731459719388,0.7776128005766105,0.5413857895621188,64,1024,False,0.13480053511951806,0.13396111652534998,0.000839418594169005,0.1284931562529646,0.1385974689812478,0.10288416380857798,0.11599788308727996,1.3849439267286388e-34,0.13396111652534998,8.603853553212962e-05,0.13028031241654864,0.13036635095208085,0.0006599750234917218,0.004139437781172386,0.005312706509517016,0.006828435441976545,0.1332847624717308,0.06180452224155015,0.14396380537560582,-0.01631607490230117,0.027897545167418374,0.07982303469907492,0.12742033270478714,6.66178748360835e-05,0.01146820856956765,0.13396111652534998,0.13480053511951806,1.3849439267286388e-34,0.13396111652534998,0.1284931562529646,0.17090071996519615,0.1721857976534456,0.19026939819239905,0.19502141680312482,0.18893076114109783,0.19502141680312482,0.21039952195910103,0.21893485926744558
2,3,0.8975283189242457,0.8011317480817228,0.8847744741539907,0.7434507899016863,64,1024,False,0.0760761187241327,0.07586993405587766,0.00020618466825525505,0.07950574171414239,0.07241990067834196,0.06067327905492183,0.053823151368886796,1.2454681336541692e-34,0.07586993405587766,2.3276896859017796e-06,0.07348497171097747,0.07348729940066344,3.167472073250205e-05,0.0029867353912405707,0.0015765362126779214,0.0028214584274709954,0.07084336446566404,0.026035875892203755,0.0953106822176399,-0.017027199230276083,0.024718032484526656,0.04392998918046942,0.0790895565514802,-0.0011252598706050776,0.00867458117136266,0.07586993405587766,0.0760761187241327,1.2454681336541692e-34,0.07586993405587766,0.07950574171414239,0.17090071996519615,0.1806158027054538,0.0946013802672681,0.09963325978497665,0.0946013802672681,0.09963325978497665,0.09870611796989603,0.11790649422564967
2,4,0.8598260066870819,0.6951563803643558,0.8090869831314442,0.6426141784059579,64,1024,False,0.09680699850697515,0.09648481909525934,0.00032217941171594765,0.09231662455646347,0.09548284838520639,0.06732631217610945,0.06985758439762298,1.1322558406460977e-33,0.09648481909525934,9.150743116873412e-05,0.09518229891956789,0.09527380635073636,0.0009604678838154436,0.007737976942579241,0.004611830324795918,0.008026350206462472,0.09087101806041047,0.03095654468367562,0.10369607966854327,-0.013096626355277434,0.032480496130003686,0.0490520602761535,0.08757955833425513,0.003466073037998285,0.015927448454021942,0.09648481909525934,0.09680699850697515,1.1322558406460977e-33,0.09648481909525934,0.09231662455646347,0.17090071996519615,0.17773948016841998,0.15234790257273828,0.1609237994322061,0.15234790257273828,0.1609237994322061,0.16813179837432163,0.17755742008736686
2,5,0.8153122826960915,0.6342729934987806,0.7618016404158887,0.5247612336787956,64,1024,False,0.1791381187422418,0.17871240935971577,0.00042570938252655744,0.1673399070805863,0.18991545224861842,0.11359708131939238,0.1354422129411412,6.567763497906143e-34,0.17871240935971575,0.0002492134378957802,0.17860770289456807,0.17885691633246414,0.001393367631545964,0.01056632383609196,0.010172881610215288,0.013716926623137629,0.17974257063840313,0.07050765617067176,0.156686506468113,-0.01046495592891386,0.03651949956992576,0.08855444370419718,0.1400089882517932,0.006423624472517986,0.020069521633558907,0.17871240935971577,0.1791381187422418,6.567763497906143e-34,0.17871240935971575,0.1673399070805863,0.2465619035911773,0.27161170967519427,0.19026939819239905,0.20253273837311098,0.19205424759413406,0.21012461408224278,0.21039952195910103,0.22329708357602274
2,6,0.8013579449628212,0.594305233608486,0.7288169852680565,0.44901235420529156,64,1024,False,0.24280064153226658,0.24253379446623674,0.0002668470660314716,0.22248703915775384,0.2442591797137048,0.12574815507800488,0.14439636767701658,7.376020871581511e-34,0.24253379446623674,0.0006376156039042954,0.23773111454436924,0.2383687301482729,0.002674912953169983,0.020260683948849684,0.01786232135315874,0.022094157569511167,0.22639685836054607,0.08123008608678113,0.17026622406922864,-0.0012071127203066058,0.048106769862714394,0.09947861736873165,0.15370049771445338,0.015575224766507745,0.03149083368043648,0.24253379446623674,0.24280064153226658,7.376020871581511e-34,0.24253379446623674,0.22248703915775384,0.2465619035911773,0.25074174461843585,0.1999296418931102,0.20219173677067057,0.1999296418931102,0.20219173677067057,0.28555851947548483,0.29456873094944636
2,7,0.7785172030973367,0.5663926159912752,0.7047394390211404,0.4417061765701002,64,1024,False,0.3672920717998163,0.36698976944372996,0.00030230235608683044,0.34975685448190963,0.37164867290892545,0.1674477972475956,0.18964073687880417,2.1717101905421354e-33,0.36698976944372996,0.00037869061462361,0.35991684243252353,0.3602955330471479,0.0010510555360508866,0.01977155412190073,0.01779829442329955,0.022379130561655476,0.3538503784856259,0.11900263559186189,0.2158929589033293,-0.0011956683510705064,0.04756485982959317,0.1372480002901284,0.19899887486099033,0.015432215113833081,0.030822714674286544,0.36698976944372996,0.3672920717998163,2.1717101905421354e-33,0.36698976944372996,0.34975685448190963,0.3682814237652393,0.3692564010959409,0.22572382106105526,0.19338038494291623,0.22572382106105526,0.19338038494291623,0.31420643927835407,0.307096356237643
2,8,0.7949863765776036,0.5357978242368432,0.6798643612722107,0.44281376402830935,64,1024,False,0.6167015489171684,0.6165003606200418,0.00020118829712889838,0.6007474577825794,0.6265508767100518,0.21872582559674053,0.2399988929995543,6.180068664287808e-34,0.6165003606200418,0.0003826216774133556,0.615881954087909,0.6162645757653226,0.0006208724182112657,0.0220756684527148,0.019562261118440387,0.02449171648399823,0.6069886155916114,0.16632787724955406,0.271123773943927,0.0018702286506866589,0.05063717712139582,0.1848039109900128,0.2541294602488051,0.01845113134913845,0.033857805901789106,0.6165003606200418,0.6167015489171684,6.180068664287808e-34,0.6165003606200418,0.6007474577825794,0.3682814237652393,0.24423058810406095,0.3510584831849437,0.31900205011858096,0.3510584831849437,0.31900205011858096,0.31420643927835407,0.26880302101444425
2,9,0.7598325968563158,0.5129222654070479,0.6605266556137596,0.4151068466152003,64,1024,False,0.6708055257124084,0.67061715400937,0.00018837170303853966,0.660214973390867,0.6969736670180088,0.20900057211732323,0.22648794422471147,6.25881018166875e-33,0.67061715400937,0.0001549773068858401,0.6852408787168277,0.6853958560237116,0.00022611357440200018,0.020058929960205894,0.01640198416499254,0.021778999906445193,0.6805716828530163,0.15717543357934932,0.26082571065529714,0.00011770643812165568,0.04812867336148434,0.17565647122683004,0.2439033106638817,0.016661573157762177,0.03128828455373878,0.67061715400937,0.6708055257124084,6.25881018166875e-33,0.67061715400937,0.660214973390867,0.3682814237652393,0.35291650010073256,0.3510584831849437,0.32732845543680156,0.3510584831849437,0.32732845543680156,0.3616920671037484,0.2969380210775145
2,10,0.7923219867643992,0.48482987327908283,0.6353871816758064,0.42175618232985657,64,1024,False,0.4730827649127096,0.47289692712618586,0.00018583778652555945,0.4648199237487156,0.49197994393580524,0.18319306293191043,0.19449491542649872,2.7956991665719554e-33,0.47289692712618586,0.00018741326703781928,0.4884343791008075,0.4886217923678441,0.0003835548679268298,0.01964876748885024,0.015389914340916314,0.02120595463805103,0.47659002959488894,0.13352591414647508,0.23286021171734578,0.0002523546347478478,0.04716607970006306,0.1520240734826075,0.21613386079843622,0.016798328950244468,0.03036367304594023,0.47289692712618586,0.4730827649127096,2.7956991665719554e-33,0.47289692712618586,0.4648199237487156,0.3682814237652393,0.3625939152325071,0.3510584831849437,0.3437048860182395,0.3510584831849437,0.3431761468116459,0.31420643927835407,0.28499129751732977
2,11,0.78162464958758,0.4534188922551573,0.609324841803937,0.40189779154873795,64,1024,False,0.5027699971009144,0.5024763172585227,0.00029367984238909915,0.4950746989776021,0.512167549918263,0.1829028593291394,0.1890593411825539,7.819708908449666e-34,0.5024763172585227,0.000692116376395939,0.5097866474460278,0.5104787638224235,0.0013558181562998387,0.019814936833512924,0.017050293752194235,0.022548825176646237,0.4951172561660687,0.133309091325394,0.23249662733288481,0.00028189233259950236,0.04723693741456674,0.1518114810460247,0.21577275930030737,0.016882990297744982,0.030516214668750763,0.5024763172585227,0.5027699971009144,7.819708908449666e-34,0.5024763172585227,0.4950746989776021,0.3682814237652393,0.35229119504054845,0.3674633891269201,0.3335669009385196,0.3674633891269201,0.3335669009385196,0.3616920671037484,0.34263740540748355
3,0,0.5432419839054539,0.38974616614134144,0.5476321755788686,0.3054369631402499,64,1024,False,0.1640317075931895,0.1618975618044484,0.0021341457887399137,0.16316632853202764,0.18332083310128428,0.13478390868370735,0.15503122157490803,1.540650278277294e-32,0.1618975618044484,6.20377199660991e-05,0.16921042715760057,0.16927246487756645,0.0003664962284974732,0.004775147661174986,0.007089961168167622,0.008226248579461226,0.17623087193311665,0.09074882595528788,0.17881899141212682,-0.016538729282823003,0.028649876413577274,0.10866586566407932,0.161900033672282,3.108777309535071e-05,0.01214395705028437,0.1618975618044484,0.1640317075931895,1.540650278277294e-32,0.1618975618044484,0.16316632853202764,0.41908197580401507,0.4610207927483427,0.3807549915288251,0.40666501946406236,0.419632505074775,0.5051212305890241,0.3944313575846393,0.42693911785171856
3,1,0.6397691501800508,0.5411538788954964,0.6902750070362655,0.46909557653037715,64,1024,False,0.14604752104873858,0.14509749667236393,0.0009500243763742034,0.13716303611683137,0.14385137979110263,0.09668913080743556,0.10747193379894228,1.1950853761846449e-32,0.14509749667236393,8.436304649894741e-05,0.13989586068541138,0.13998022373190985,0.0006026783230502584,0.004898520118616947,0.0058219994520193365,0.007473026647581375,0.1380293803390833,0.05499354048789581,0.1383847211269753,-0.015526212304165815,0.028780628526245897,0.07325627914542565,0.12208230146643473,0.0008038678570301272,0.012266678400919773,0.14509749667236393,0.14604752104873858,1.1950853761846449e-32,0.14509749667236393,0.13716303611683137,0.3682814237652393,0.558516295001659,0.3353494862661948,0.3879435954581491,0.3353494862661948,0.3749867762960675,0.28555851947548483,0.30675787424100676
3,2,0.8975283189242457,0.8011317480817228,0.8847744741539907,0.7434507899016863,64,1024,False,0.12008131839660219,0.11979862209077567,0.0002826963058262972,0.11790649422564967,0.11879531830455149,0.08217666770856993,0.08416815413599643,5.540003822616858e-35,0.11979862209077567,5.903428535012157e-07,0.11711730367152147,0.11711789401437524,5.040586312359374e-06,0.0009504585111168248,0.0013672708031178319,0.0019055554838101597,0.11742804750143367,0.04244084328577771,0.12191249213136215,-0.01894971339830737,0.021825037025036045,0.05964502430288121,0.10455520990217337,-0.0031347947660833597,0.006176446739118546,0.11979862209077567,0.12008131839660219,5.540003822616858e-35,0.11979862209077567,0.11790649422564967,0.17090071996519615,0.17398801716516737,0.0946013802672681,0.09082000931952096,0.0946013802672681,0.09082000931952096,0.09870611796989603,0.08913734352057144
3,4,0.98360587290105,0.8402068598460481,0.9093503564323246,0.847862800659977,64,1024,False,0.0411559076566067,0.04099991442388003,0.00015599323272678703,0.036215258625758764,0.03571084736920992,0.03009867477812891,0.02830410424123406,2.9821532593129448e-33,0.040999914423880034,5.293742457141312e-05,0.04068085569010458,0.04073379311467605,0.001299594771898132,0.0031566831273357795,0.0017277635021687437,0.004180966089818848,0.03398308386704117,1.2516389431966451e-05,0.06018483316682585,-0.01664157672824918,0.025858797073741495,0.017159128867206164,0.04351504695659969,-0.00047950043517630547,0.009783386230992619,0.04099991442388003,0.0411559076566067,2.9821532593129448e-33,0.040999914423880034,0.036215258625758764,0.06683880107450883,0.07210757848206209,0.07535712834515802,0.07970622498064683,0.07435869773032547,0.07970622498064682,0.07234767369141676,0.07565514518066886
3,5,0.9679157620515667,0.7542757196696253,0.8520776073255081,0.7353914684460324,64,1024,False,0.10165841704103414,0.10140678211988734,0.0002516349211465171,0.09953285921170218,0.10601863459939485,0.07849811006342255,0.08487828245053008,8.00076014711922e-33,0.10140678211988738,3.702731010562853e-05,0.09959546743291803,0.09963249474302366,0.0003716388935269656,0.005573519760442051,0.0068542123684699,0.009750433330263097,0.09916442223092495,0.04028141602652273,0.11671480410032238,-0.014570974067640768,0.030020708834221657,0.057601305736170616,0.09958892157010268,0.002148535852029454,0.013787078583845869,0.10140678211988734,0.10165841704103414,8.00076014711922e-33,0.10140678211988738,0.09953285921170218,0.1053849823688257,0.1069748236112834,0.12434009632987786,0.1312977865416183,0.12434009632987786,0.1312977865416183,0.11769630995147029,0.12132900009942389
3,6,0.9571439535837923,0.6946145664603713,0.8086792815572512,0.649044539799975,64,1024,False,0.20972113731866943,0.20959051978228765,0.0001306175363816881,0.2075797561251785,0.20659950441019911,0.10746540430910938,0.11451925358639296,2.2132478772107016e-34,0.20959051978228765,0.0002273896428409544,0.2020383394493369,0.2022657290921779,0.0011242124103847907,0.014555273595770536,0.01254361486308805,0.016404449086130833,0.19405588954711106,0.06506624241482162,0.14986456620339714,-0.006249315987800718,0.04119365334428578,0.0827148429088993,0.13281251157604856,0.010580493857560214,0.024675926521013025,0.20959051978228765,0.20972113731866943,2.2132478772107016e-34,0.20959051978228765,0.2075797561251785,0.12743720417159202,0.11913368182793498,0.15234790257273828,0.14456224283252367,0.15234790257273828,0.14456224283252367,0.16813179837432163,0.1658667280063669
3,7,0.9354724572748627,0.6540507880942512,0.7768092211263036,0.6009683345927902,64,1024,False,0.2502922509171128,0.2500992982537709,0.0001929526633428833,0.247138340674665,0.24617470794420834,0.1299563411452568,0.13834169051027373,9.37962327103678e-33,0.2500992982537708,0.00022767764863347858,0.24330541457513444,0.24353309222376826,0.000934894089975579,0.014446300084812888,0.012790805466309911,0.016914038852649124,0.23338390247789842,0.08539893642188758,0.17451374586862606,-0.0060100142413259255,0.041223852900127075,0.10333459966932423,0.15760725773725426,0.010696409000956919,0.02458796332211932,0.2500992982537709,0.2502922509171128,9.37962327103678e-33,0.2500992982537708,0.247138340674665,0.17090071996519615,0.1701704283754686,0.19026939819239905,0.19033373189773586,0.18893076114109783,0.18861321620133767,0.19584122262491163,0.18769312428368443
3,8,0.923638634934815,0.6098946866910805,0.7407153027973332,0.5470603499930358,64,1024,False,0.32931490147670833,0.32917275202611235,0.0001421494505977299,0.3259674121418498,0.32606698144667196,0.141270994901018,0.1529153804762725,4.166730517769887e-33,0.32917275202611235,0.00015317681583633822,0.3220649086756044,0.3222180854914406,0.000475382428030742,0.01713099384208582,0.015027550566854477,0.019657114392539653,0.3110394308798175,0.0955139007962808,0.18702808900575518,-0.0025796704667239954,0.04466849166771332,0.11351567637757398,0.17007960994669702,0.014050571619009133,0.027981526887742803,0.32917275202611235,0.32931490147670833,4.166730517769887e-33,0.32917275202611235,0.3259674121418498,0.17090071996519615,0.16590014743324855,0.1999296418931102,0.18489299983698562,0.1999296418931102,0.18781123626919982,0.21039952195910103,0.20360141077188051
3,9,0.8953007679778859,0.5780218801835328,0.7156606319350072,0.4636400076670427,64,1024,False,0.26968088564286274,0.26951297360339116,0.00016791203947383153,0.2612774503572712,0.27589299377379267,0.09553195319148043,0.10237521216203038,1.1617423416759848e-34,0.26951297360339116,9.746260607653105e-05,0.26859254367555657,0.26869000628163336,0.0003627325311622252,0.01549348132659884,0.012334783175004495,0.017354460561159565,0.2635582105987882,0.053546712577599326,0.13751719380536154,-0.004065721917992475,0.04270697736720719,0.07183962610724848,0.12124490679707378,0.01248364060302265,0.02594412503822241,0.26951297360339116,0.26968088564286274,1.1617423416759848e-34,0.26951297360339116,0.2612774503572712,0.17090071996519615,0.16010716121045773,0.1999296418931102,0.19521057970355937,0.1999296418931102,0.19521057970355937,0.28555851947548483,0.28902724363522964
3,10,0.8924515762570668,0.5395189202744712,0.6826936930086138,0.4824261539081763,64,1024,False,0.2723492370367424,0.2721913708498313,0.00015786618690978756,0.26916044308144454,0.2854724822285601,0.09962233827637579,0.10490416802766621,7.682892000758362e-33,0.27219137084983125,0.00017325905665487617,0.2757218591991366,0.2758951182557916,0.0006279888450010264,0.015834747047764143,0.01192018982903842,0.017409648657095947,0.27355229239952167,0.05707803257920653,0.14216664397354506,-0.0032195975484459564,0.04250584745220007,0.07507673560758121,0.1255000639866921,0.013314017713128123,0.025869870019960217,0.2721913708498313,0.2723492370367424,7.682892000758362e-33,0.27219137084983125,0.26916044308144454,0.17090071996519615,0.1612263638419071,0.3353494862661948,0.3437048860182395,0.3353494862661948,0.3431761468116459,0.21039952195910103,0.20258239033922396
3,11,0.8301088245725522,0.49929473164952876,0.6486925543858458,0.45379809670708793,64,1024,False,0.4435533165170694,0.44328525071561575,0.0002680658014535842,0.4497510662333278,0.45068407177912967,0.14070367865421612,0.1485106624637996,8.93936436447167e-33,0.4432852507156156,0.00042113760891736383,0.4459549169687328,0.446376054577652,0.0009434592303922574,0.01647382263344951,0.013953859936966422,0.019046802658079433,0.43673021184216326,0.09380118097139038,0.18760617633704185,-0.0027244235308784073,0.04309525528876334,0.1116870650803321,0.17042809198028408,0.013876698685635347,0.026517109537962824,0.44328525071561575,0.4435533165170694,8.93936436447167e-33,0.4432852507156156,0.4497510662333278,0.2465619035911773,0.1657600463314833,0.3510584831849437,0.3335669009385196,0.3510584831849437,0.3335669009385196,0.28555851947548483,0.26210244136722155
4,0,0.4876222710541,0.3630023528832055,0.5236087526949765,0.26446523233972496,64,1024,False,0.21682227532247217,0.2146312310069118,0.0021910443155611515,0.2038830326036756,0.23974673025926735,0.15676321286566355,0.1852217177177059,3.315524872095929e-32,0.21463123100691173,1.931299756927834e-06,0.22383214918699437,0.22383408048675119,8.628264975235299e-06,0.00449639961437952,0.00612257927799098,0.007263148623004736,0.23362415098127637,0.10982629706870367,0.20370012866262344,-0.01670320598212864,0.02788904798638036,0.12798476509487955,0.18681772557465592,-0.00024065915204118937,0.011415886925533414,0.2146312310069118,0.21682227532247217,3.315524872095929e-32,0.21463123100691173,0.2038830326036756,0.5373716097754999,0.9117865441321608,0.5050213709899224,0.8245479723720847,0.5050213709899224,0.8245479723720847,0.4683545473479562,0.5880205953524802
4,1,0.5883001643863653,0.4906786660828846,0.644915204029987,0.3869141030467553,64,1024,False,0.11590983484813293,0.11487084573267402,0.0010389891154596253,0.10562413597076208,0.11414717155135545,0.08164301500739969,0.09189552511608408,2.511655186793599e-32,0.11487084573267398,5.545533959039234e-05,0.11341192739374312,0.11346738273333318,0.0004887337510967484,0.005755068741303262,0.005333330472092585,0.00670926800362497,0.10881384107926287,0.04266044475154951,0.12062558526324987,-0.0146912638849029,0.02924292059508245,0.06016589960199781,0.10372434752935078,0.0015645157254766673,0.012754734649206512,0.11487084573267402,0.11590983484813293,2.511655186793599e-32,0.11487084573267398,0.10562413597076208,0.3682814237652393,0.558516295001659,0.3510584831849437,0.3948985774216857,0.3510584831849437,0.3948985774216857,0.3616920671037484,0.5111692918718684
4,2,0.8598260066870819,0.6951563803643558,0.8090869831314442,0.6426141784059579,64,1024,False,0.11440507237530492,0.11403618627436554,0.0003688861009400873,0.11361964048715496,0.10847193058440673,0.07850458355933473,0.07741404809162082,3.984369218753715e-36,0.11403618627436554,2.9883336828589327e-05,0.10918809025495997,0.10921797359178856,0.00027361189597126966,0.002271747210259576,0.0017423194084469694,0.0019967751114515152,0.10672961117595976,0.03928462706614874,0.11772454005252073,-0.01843020121191163,0.02352585944709996,0.056878474628319964,0.100858862620953,-0.002331243347725831,0.007597596755658742,0.11403618627436554,0.11440507237530492,3.984369218753715e-36,0.11403618627436554,0.11361964048715496,0.17090071996519615,0.17398801716516737,0.15234790257273828,0.15788051144210732,0.15234790257273828,0.15788051144210732,0.16813179837432163,0.17418870480622906
4,3,0.98360587290105,0.8402068598460481,0.9093503564323246,0.847862800659977,64,1024,False,0.030941770732777547,0.030814911736030928,0.00012685899674645378,0.033542575708311345,0.030468276757267286,0.02624185831538696,0.023513917879184817,4.7009743682745026e-34,0.03081491173603092,3.483671440140127e-05,0.029137662870876373,0.029172499585277806,0.001194162821035122,0.001438151819334323,0.0012347373352535917,0.0013307269730411567,0.029233539422013694,-0.0020976043151822304,0.05458132094595615,-0.018470870728594636,0.02116390029565722,0.015143097407417372,0.03817965683992952,-0.0029982124469825067,0.005802527295600157,0.030814911736030928,0.030941770732777547,4.7009743682745026e-34,0.03081491173603092,0.033542575708311345,0.06683880107450883,0.06986573065325406,0.07535712834515802,0.08000318974925208,0.07435869773032547,0.08000318974925208,0.07234767369141676,0.07589811635498225
4,5,0.9882194156401222,0.8828217738272535,0.9355235818975938,0.8846062606373557,64,1024,False,0.03050815549985853,0.030406699876929778,0.00010145562292885448,0.02885143864290586,0.0294243370218906,0.02236567705185962,0.023020478584771076,2.0220814192155304e-32,0.0304066998769298,5.822071996449991e-06,0.029323158470841187,0.02932898054283772,0.00019850918404566806,-7.271632301354858e-05,0.0014344644646896794,0.002758171493106913,0.02798987255720092,-0.0061471627969134565,0.0508785169006327,-0.01861029346304512,0.020739791201451172,0.011104951227025595,0.034536826926341746,-0.003155572878313251,0.005525657383259386,0.030406699876929778,0.03050815549985853,2.0220814192155304e-32,0.0304066998769298,0.02885143864290586,0.025486472847455924,0.024364817582305947,0.05919821513677251,0.07079203445502463,0.05919821513677251,0.07079203445502463,0.024595276963520433,0.021784739183427243
4,6,0.9766318014324854,0.8036705002034459,0.885635781078226,0.7558467409994868,64,1024,False,0.07935347008998196,0.07931187100027469,4.159908970716804e-05,0.07599916353369432,0.0757391631463282,0.03769594610418364,0.035655466822484036,2.1905057742036476e-35,0.07931187100027469,0.00017375262548977347,0.08023400656494763,0.08040775919043738,0.002160893764969355,0.007119240314294932,0.006198133907349414,0.009086597074265668,0.06954102923897879,0.004664396826883473,0.07072749538148382,-0.012348024833415848,0.031222631706929217,0.021796150613226928,0.05393942773662275,0.00399905486847274,0.014940554428903852,0.07931187100027469,0.07935347008998196,2.1905057742036476e-35,0.07931187100027469,0.07599916353369432,0.06683880107450883,0.06600604085094651,0.093810259598306,0.07722181214177608,0.093810259598306,0.07722181214177608,0.09034129374637508,0.08365548931022145
4,7,0.9586990649526668,0.7464720630830335,0.8461044546359258,0.7210034438510823,64,1024,False,0.14144304446454567,0.14135189609844037,9.11483661059603e-05,0.13435044865185045,0.13428520986616804,0.07368832105733926,0.07424435534257097,1.8221471012183622e-32,0.14135189609844037,0.00023552614375193126,0.1400980361184291,0.14033356226218144,0.0016783308280303188,0.007495809102409367,0.006890262952734239,0.01009378059117146,0.1273949469134338,0.035557443265670036,0.11181919884900848,-0.011915740445522155,0.032049410807380066,0.053436790098203346,0.09538650842296192,0.004438371084688697,0.01565358677180484,0.14135189609844037,0.14144304446454567,1.8221471012183622e-32,0.14135189609844037,0.13435044865185045,0.10975820147017351,0.11161664672964035,0.12434009632987786,0.12372298197669403,0.12434009632987786,0.12372298197669403,0.11769630995147029,0.11344874523249072
4,8,0.9433264557196873,0.6880842539011949,0.8021709196226492,0.672491133369197,64,1024,False,0.2801542042504617,0.28010542595591276,4.877829455009684e-05,0.2714831652378355,0.2748656697119608,0.11133903834570567,0.1162553902277771,1.2200956308377871e-32,0.28010542595591276,0.00020979272261028992,0.27928458931172795,0.27949438203433713,0.0007506151683024382,0.010217151008376172,0.008694759996372424,0.012472647804696035,0.2661709097155884,0.06813960471887297,0.1545384719725384,-0.008746063900869367,0.03577279983217031,0.08626574193476699,0.13794949127623113,0.0076256782485870644,0.019253877515438944,0.28010542595591276,0.2801542042504617,1.2200956308377871e-32,0.28010542595591276,0.2714831652378355,0.17090071996519615,0.16590014743324855,0.19026939819239905,0.16854199848781806,0.18893076114109783,0.16854199848781806,0.16813179837432163,0.15664831316726455
4,9,0.9169524069383751,0.6465229865140949,0.7704818110415768,0.5790762938952771,64,1024,False,0.35345945739825857,0.3533727260961605,8.673130209940573e-05,0.3452047824133036,0.3559393072864577,0.11464329246959486,0.11475082567127899,1.895665966838021e-33,0.3533727260961605,0.00015683743410491863,0.35774068036526024,0.35789751779936585,0.0004382188372506129,0.009094985753400847,0.00695680746287838,0.011072095862361948,0.3489824998235793,0.07031500687550386,0.15897157806368584,-0.00981826954429005,0.03460426479587077,0.0887844691023929,0.14265778998378664,0.006523561387439258,0.018068547775328625,0.3533727260961605,0.35345945739825857,1.895665966838021e-33,0.3533727260961605,0.3452047824133036,0.17090071996519615,0.16010716121045773,0.19026939819239905,0.178351291713868,0.19205424759413406,0.17835129171386793,0.21039952195910103,0.20246980075591264
4,10,0.9110932196570893,0.5997258423167078,0.7328515945691292,0.5772162671993452,64,1024,False,0.27735079739097207,0.2772600850054427,9.071238553052972e-05,0.27671270675479054,0.2879906326024937,0.08428809869298257,0.08216514369931764,4.642981407765762e-34,0.2772600850054427,0.0002232499187202276,0.285448317322686,0.2856715672414053,0.0007814915599618333,0.010073059147333075,0.006800904144017022,0.011411347280383668,0.2811897284584767,0.043483728217372286,0.12509246916859285,-0.008534281993861586,0.03522210053542552,0.06162503584346268,0.10870255885674851,0.007728212447545957,0.018803951621521264,0.2772600850054427,0.27735079739097207,4.642981407765762e-34,0.2772600850054427,0.27671270675479054,0.17090071996519615,0.1612263638419071,0.1999296418931102,0.19121075590312175,0.1999296418931102,0.19121075590312175,0.21039952195910103,0.20258239033922396
4,11,0.830702672145533,0.5487781427807157,0.6885807778047264,0.5382028510351602,64,1024,False,0.5317461016404244,0.5315454027495259,0.0002006988908959099,0.5390013610897274,0.5424994657342598,0.1472355665145207,0.14375038062547696,8.653177775058143e-34,0.5315454027495259,0.00040935323188315785,0.5373879078931562,0.5377972611250391,0.0007611664496520786,0.011036637041040256,0.008831711180155744,0.013154715453986703,0.533667754554104,0.09965040263171548,0.1948207303973259,-0.007813700837246612,0.03625858467857526,0.1177749696362298,0.1778604102146346,0.008586878378991969,0.01988055572292069,0.5315454027495259,0.5317461016404244,8.653177775058143e-34,0.5315454027495259,0.5390013610897274,0.2465619035911773,0.1657600463314833,0.3353494862661948,0.19713207525445475,0.3353494862661948,0.2946191113014883,0.21039952195910103,0.17784232269717823
5,0,0.43447705646339096,0.3430283277094416,0.507029866806341,0.24204044381516615,64,1024,False,0.3007704325888867,0.2985415806272411,0.002228851961643852,0.2886438812402992,0.32719473918935266,0.18690233570209458,0.22258112302358013,6.13879551493046e-32,0.2985415806272413,1.6155249080873458e-06,0.3113251318279178,0.31132674735282395,5.1891619394220735e-06,0.003479294527550336,0.005407592898201189,0.006556813745794959,0.32178714629115146,0.13618161133526416,0.237623060068925,-0.017445454502543402,0.02680884609630403,0.15460599324433133,0.22070638906006934,-0.0009945811762008816,0.010416088611236773,0.2985415806272411,0.3007704325888867,6.13879551493046e-32,0.2985415806272413,0.2886438812402992,0.5373716097754999,0.9117865441321608,0.5050213709899224,0.8245479723720847,0.5050213709899224,0.8245479723720847,0.4683545473479562,0.7248149660079549
5,1,0.5330159684036797,0.4594389366502506,0.6186487886740817,0.3706257462204762,64,1024,False,0.18335319525892604,0.18229181679623555,0.0010613784626897782,0.17710455359830402,0.18568952755465298,0.11467038154115797,0.12624811176327672,1.44696676725068e-33,0.18229181679623555,0.00011454919670557359,0.1823049316651909,0.18241948086189624,0.0006279438805787141,0.004815457550759587,0.005021745061173528,0.006366636216283509,0.18066778249347945,0.07112107759077402,0.15821968549154192,-0.015562850862072614,0.028246198565190863,0.08908615112159168,0.14142818951950176,0.0007264366358867846,0.011835024939500727,0.18229181679623555,0.18335319525892604,1.44696676725068e-33,0.18229181679623555,0.17710455359830402,0.41908197580401507,0.5591603102424835,0.3510584831849437,0.3948985774216857,0.3510584831849437,0.3948985774216857,0.3616920671037484,0.5111692918718684
5,2,0.8153122826960915,0.6342729934987806,0.7618016404158887,0.5247612336787956,64,1024,False,0.1267546911130972,0.12626870167408158,0.0004859894390149727,0.12756636420538287,0.12076538386588423,0.0814486634287482,0.08014314425417356,4.310069953144546e-32,0.12626870167408163,6.831496039763747e-05,0.122187936950953,0.12225625191135059,0.0005587850055077219,0.0016415870856623111,0.0016027638131368533,0.002094463618433529,0.11916262005274737,0.04176960209899515,0.12112772475850124,-0.018960439072060385,0.023141987810711282,0.059382485487731174,0.10423277745576343,-0.002808243050822057,0.007205689151305705,0.12626870167408158,0.1267546911130972,4.310069953144546e-32,0.12626870167408163,0.12756636420538287,0.2465619035911773,0.27872856276496716,0.19026939819239905,0.20440994131929335,0.19205424759413406,0.20495182427188433,0.21039952195910103,0.21713470119217249
5,3,0.9679157620515667,0.7542757196696253,0.8520776073255081,0.7353914684460324,64,1024,False,0.06550268400249513,0.06526677300437231,0.0002359109981226847,0.06645716542204701,0.06024988019814923,0.04330325811756916,0.040189106108197,2.2314536159377958e-32,0.06526677300437231,4.459087240800681e-05,0.061744756873878086,0.061789347746286125,0.0007216595422094735,0.0016730275877208417,0.001687395256600927,0.0020508433828059698,0.0585624849415483,0.010168747727586164,0.07643776850755216,-0.01886925928124903,0.02224819962190596,0.027500294978381135,0.05977415548841236,-0.002921331237303093,0.006563951472344343,0.06526677300437231,0.06550268400249513,2.2314536159377958e-32,0.06526677300437231,0.06645716542204701,0.1053849823688257,0.11329042435774277,0.12434009632987786,0.13260908645956798,0.12434009632987786,0.13260908645956798,0.11769630995147029,0.12794413885735495
5,4,0.9882194156401222,0.8828217738272535,0.9355235818975938,0.8846062606373557,64,1024,False,0.020108897329615367,0.019994072442304004,0.00011482488731126854,0.020339115284135005,0.021555015895723586,0.015339703215190311,0.01663364254016935,2.1847797571122545e-32,0.019994072442304004,5.724751214934626e-09,0.01924408564750883,0.019244091372260033,2.9748098282191376e-07,0.0008296774768621297,0.00029357732377754606,0.0009315055313643029,0.02126143857194604,-0.010591542046874717,0.04127094847725534,-0.018244366686213,0.02055800295709615,0.006180307660542894,0.024499397426552605,-0.0030774820188526064,0.005394011190219317,0.019994072442304004,0.020108897329615367,2.1847797571122545e-32,0.019994072442304004,0.020339115284135005,0.025486472847455924,0.02885143864290586,0.05919821513677251,0.06474951511572072,0.05919821513677251,0.06474951511572072,0.024595276963520433,0.02885143864290586
5,6,0.9927268478034599,0.9007267035008649,0.9461925323823266,0.8669628235337884,64,1024,False,0.03820976500635865,0.03824827644440165,-3.851143804314279e-05,0.03716297423027417,0.03506881938150554,0.013688435201700442,0.010851640864411077,2.0260960308842165e-32,0.03824827644440165,7.171981206750747e-05,0.03843883155714335,0.038510551369210846,0.0018623418652179413,0.0048217253654716866,0.0036029236917513928,0.005842779045990293,0.03146589568975414,-0.013450323707941475,0.040827194111342356,-0.01409938745420826,0.027338350726689234,0.003399320012249518,0.024200021442084108,0.001700685992545914,0.011345765386067796,0.03824827644440165,0.03820976500635865,2.0260960308842165e-32,0.03824827644440165,0.03716297423027417,0.023243573280404748,0.019982075721126438,0.05919821513677251,0.0623461066948437,0.05919821513677251,0.0623461066948437,0.07234767369141676,0.075568989216622
5,7,0.9791728159407772,0.8320795723241627,0.9043608410807769,0.7807647648116176,64,1024,False,0.106452975810834,0.1064046116116765,4.836419915733601e-05,0.10286755826550205,0.10038711057601991,0.05929368686558386,0.0549551524004274,7.647329404746148e-34,0.1064046116116765,7.485412059080543e-05,0.10775597234293294,0.10783082646352361,0.0006941810894505817,0.005717268137214961,0.004470461638907653,0.006981198654028409,0.09591664893711226,0.023997827206726892,0.09458954652444082,-0.013605008469716726,0.02907083477237056,0.0418394289445132,0.07830071978241904,0.0024263905797852203,0.012787220985046588,0.1064046116116765,0.106452975810834,7.647329404746148e-34,0.1064046116116765,0.10286755826550205,0.06683880107450883,0.06172052099490526,0.07535712834515802,0.07583058094767539,0.07602274875504639,0.07730246416502533,0.09034129374637508,0.09596728568347057
5,8,0.9585217417906868,0.7573090837303362,0.8531048343484072,0.7052985771741933,64,1024,False,0.18670773350112108,0.18667841608024185,2.9317420880104918e-05,0.18114171875259036,0.18472429504497143,0.07542879342283329,0.07590187535275139,6.007412588484591e-32,0.186678416080242,2.3330458152974128e-05,0.1920342535077231,0.19205758396587522,0.00012147637011366072,0.008225529166602059,0.0065108618343624435,0.009700048590548543,0.17821343321060898,0.03667580015933637,0.11418178668633021,-0.0106844649664031,0.03277457278953267,0.05474435107316822,0.09785995534184622,0.005444451206130907,0.016310107719618827,0.18667841608024185,0.18670773350112108,6.007412588484591e-32,0.186678416080242,0.18114171875259036,0.12743720417159202,0.10928679961166099,0.12434009632987786,0.11622557884091893,0.12434009632987786,0.11622557884091893,0.13004736935355568,0.11622557884091896
5,9,0.9359684091107824,0.7068213897658608,0.8170686471792252,0.627596718586212,64,1024,False,0.32939972395709205,0.3293422370243057,5.748693278649707e-05,0.321700673743379,0.33494274581553185,0.09280638043779563,0.09063996168820078,3.506541505714705e-32,0.32934223702430576,1.6683099727500058e-05,0.33953863207941104,0.33955531517913795,4.9132200209260794e-05,0.006977725599505555,0.00505545637038997,0.008570454201210205,0.3298872894451419,0.050916902710114356,0.1346958581654769,-0.011858315701201978,0.0315900006775544,0.0693503259899444,0.11854519661574159,0.004288437849027105,0.015150905972404871,0.3293422370243057,0.32939972395709205,3.506541505714705e-32,0.32934223702430576,0.321700673743379,0.17090071996519615,0.16010716121045773,0.15234790257273828,0.1303919339900442,0.15234790257273828,0.12282380487065403,0.19297143745549308,0.1586872895373476
5,10,0.920782414819958,0.6500151890904555,0.7730627584269092,0.6125925910483371,64,1024,False,0.33798648056646663,0.33791620996100574,7.027060546187991e-05,0.3328510898275938,0.35202957922097045,0.0864575379132295,0.08373076871785733,4.43017385263075e-32,0.33791620996100563,1.7799607983285953e-05,0.3487298571192044,0.3487476567271876,5.103864539284899e-05,0.008006625589504468,0.004998506027321039,0.008998262421283225,0.3470310731936494,0.045352593135952024,0.127562482690507,-0.01065933876115069,0.03245645841424947,0.06350210479286034,0.1111790350987576,0.005474369929288514,0.016119340041768737,0.33791620996100574,0.33798648056646663,4.43017385263075e-32,0.33791620996100563,0.3328510898275938,0.17090071996519615,0.1612263638419071,0.19026939819239905,0.17668047741141446,0.19205424759413406,0.17668047741141446,0.19584122262491163,0.16185643998722776
5,11,0.8288780592500251,0.5884377145743143,0.7206060740842034,0.5912881502658381,64,1024,False,0.41264585409970556,0.41248125833734217,0.00016459576236573843,0.4153651136256194,0.42901048698844224,0.12391384704801765,0.118306111903362,1.342296134040128e-33,0.41248125833734217,5.6254708907535e-08,0.4235827535946902,0.4235828098493998,1.3280687412110927e-07,0.008837097351929887,0.006956031237125142,0.010848033081217054,0.4220544557513171,0.07856242539144141,0.1692652687045939,-0.009956970790212717,0.03340934533148888,0.09633186724386178,0.1520917410380207,0.006291268749919254,0.017101461999118328,0.41248125833734217,0.41264585409970556,1.342296134040128e-33,0.41248125833734217,0.4153651136256194,0.2465619035911773,0.1657600463314833,0.1999296418931102,0.18029247900162482,0.1999296418931102,0.18176055050068823,0.21039952195910103,0.17776127658246862
6,0,0.4172523560835475,0.3334976704174098,0.49812675514193333,0.1823841931119931,64,1024,False,0.1435386579466611,0.1411646892088992,0.0023739687377623358,0.13498273338648634,0.15837582840672149,0.12810700768841868,0.1495926012093885,6.836238180301972e-33,0.1411646892088992,4.72895275378749e-05,0.1474429978721387,0.14749028739967587,0.0003206280791204074,0.002240504730664423,0.00390844072155302,0.005096927117698646,0.15446738768516846,0.08590829590138288,0.17030571947545448,-0.018337508097666686,0.024988488803228282,0.10380050502863014,0.15354029501031619,-0.0020779566548299044,0.008693339659657795,0.1411646892088992,0.1435386579466611,6.836238180301972e-33,0.1411646892088992,0.13498273338648634,0.5373716097754999,0.9117865441321608,0.5050213709899224,0.8245479723720847,0.5050213709899224,0.8245479723720847,0.4683545473479562,0.7346346560237594
6,1,0.5155810407412876,0.44101040377133516,0.6002053273143555,0.3249833872654096,64,1024,False,0.09711638252980602,0.0959308183874244,0.0011855641423824056,0.08504094453659147,0.09654061814863758,0.08091318577902662,0.09223751572780571,6.464686892712896e-33,0.09593081838742439,6.545647170395865e-06,0.09651396170632173,0.09652050735349195,6.781612892298016e-05,0.004545876563703167,0.0041053307546394515,0.005542817929351068,0.09243528739399813,0.043524611067266475,0.11830176049078676,-0.015759583190756574,0.027681126419987306,0.0612925373861799,0.10178131345310248,0.00043400963477324694,0.011297182798443828,0.0959308183874244,0.09711638252980602,6.464686892712896e-33,0.09593081838742439,0.08504094453659147,0.41908197580401507,0.5591603102424835,0.3807549915288251,0.5251645378495544,0.36779582034684183,0.5251645378495544,0.3944313575846393,0.5255199438748931
6,2,0.8013579449628212,0.594305233608486,0.7288169852680565,0.44901235420529156,64,1024,False,0.10951440403851993,0.10887689632067855,0.000637507717841531,0.10822416958665321,0.09729779110307951,0.07893434435012725,0.07320375510464375,7.652916334921822e-33,0.10887689632067851,0.0002094968039415386,0.10371080085038373,0.10392029765432527,0.0020159372968541448,0.0022215839967505103,0.001706490539815178,0.002225307940885362,0.09559130056326433,0.040015278092829655,0.11785341060742485,-0.01874806128833139,0.02376845435123063,0.0578238102607429,0.10130749487143476,-0.002523702751204837,0.007741451670881361,0.10887689632067855,0.10951440403851993,7.652916334921822e-33,0.10887689632067851,0.10822416958665321,0.2465619035911773,0.27872856276496716,0.1999296418931102,0.20698390899360689,0.1999296418931102,0.20698390899360689,0.28555851947548483,0.31089199803103224
6,3,0.9571439535837923,0.6946145664603713,0.8086792815572512,0.649044539799975,64,1024,False,0.07273919840162549,0.07231385541778969,0.00042534298383616525,0.06885813455360362,0.06378725006286047,0.055779668503842375,0.05266973251201674,1.2485675969113365e-34,0.07231385541778969,7.663633422433187e-05,0.06753128220759894,0.06760791854182337,0.0011335408022792978,0.0021747394743435386,0.0013966486667895811,0.0016392442231099313,0.06239060139607089,0.020671870958387198,0.09088746604929755,-0.018701278700643854,0.022913549027549777,0.038192109677765984,0.0743125740555115,-0.0026178584012086503,0.007130488032998983,0.07231385541778969,0.07273919840162549,1.2485675969113365e-34,0.07231385541778969,0.06885813455360362,0.12743720417159202,0.1391530180951897,0.15234790257273828,0.19782029919097033,0.15234790257273828,0.195717194633445,0.16813179837432163,0.17916220546551254
6,4,0.9766318014324854,0.8036705002034459,0.885635781078226,0.7558467409994868,64,1024,False,0.04651565978647339,0.0461496689501955,0.00036599083627792675,0.044774569447726446,0.04081220155964743,0.04210198949242472,0.038639898806254784,4.8567022816788465e-34,0.0461496689501955,4.321329626609816e-05,0.04429303890530401,0.04433625220157006,0.0009746718344535191,0.0011207303616043753,0.00024909169516707116,0.000679232985110259,0.04056310986448036,0.010820366480941819,0.07338361250390762,-0.019003900261249543,0.02156212612609425,0.0281062618305441,0.056787797970173415,-0.003263725731812883,0.005945760240138043,0.0461496689501955,0.04651565978647339,4.8567022816788465e-34,0.0461496689501955,0.044774569447726446,0.06683880107450883,0.07210757848206209,0.093810259598306,0.10094604593723762,0.093810259598306,0.10094604593723762,0.09034129374637508,0.09685082578903915
6,5,0.9927268478034599,0.9007267035008649,0.9461925323823266,0.8669628235337884,64,1024,False,0.021688602252887695,0.02141683243536691,0.00027176981752064416,0.019982075721126438,0.01861146968983497,0.022083041207076506,0.0216708308037937,2.260501429179931e-32,0.021416832435366902,5.3130017339001e-05,0.020657025515999905,0.020710155533338902,0.002565408900646501,0.00035424427714531416,0.00029119571750023496,7.041640645541692e-05,0.018320273972334735,-0.0038603703437602443,0.04802645275791326,-0.019299696490286695,0.019737313701983308,0.013294240932737011,0.03163426731043728,-0.003950860787881538,0.004609297408023849,0.02141683243536691,0.021688602252887695,2.260501429179931e-32,0.021416832435366902,0.019982075721126438,0.023243573280404748,0.02433073913349752,0.05919821513677251,0.07079203445502463,0.05919821513677251,0.07079203445502463,0.07234767369141676,0.07713088908108998
6,7,0.991295935535513,0.9170597777440461,0.9554058209875314,0.8859044668491742,64,1024,False,0.023719229171591038,0.023625671459379455,9.355771221154932e-05,0.023687312799459376,0.019731776737870847,0.019481846974597122,0.016291696630701638,2.16669772247043e-32,0.02362567145937945,1.2451472695322427e-05,0.023993752558372397,0.024006204031067714,0.0005186772835558803,0.0011155112531399368,0.0013840794258048682,0.0019354360641177229,0.01834769731206598,-0.006439881449669161,0.0454035753988634,-0.017583329094029862,0.0208800789044263,0.010481045181222726,0.028796764490834903,-0.002563904410635587,0.005800042308692355,0.023625671459379455,0.023719229171591038,2.16669772247043e-32,0.02362567145937945,0.023687312799459376,0.023243573280404748,0.023095660107386538,0.022146145158250304,0.021632422611180615,0.022146145158250304,0.021632422611180615,0.022146145158250304,0.021632422611180615
6,8,0.9719937835416533,0.8313941142645993,0.9022751334360246,0.7903773181231901,64,1024,False,0.11298725041376009,0.11291617087758712,7.107953617212778e-05,0.1096690548358257,0.11062277578183792,0.06287587877117158,0.06323792878550355,1.0879627559650072e-32,0.11291617087758712,1.0078382713480028e-05,0.11591943680340275,0.11592951518611583,8.693543397727462e-05,0.002715623855257233,0.002220995504678514,0.0038523123942003105,0.10840178027715941,0.026915121825726696,0.09883663571661647,-0.01565886694080127,0.0239265561287686,0.04473434516694397,0.08245266758603975,-0.0003528900633682497,0.008428150191321038,0.11291617087758712,0.11298725041376009,1.0879627559650072e-32,0.11291617087758712,0.1096690548358257,0.1053849823688257,0.1045281678754257,0.093810259598306,0.08852399451913273,0.093810259598306,0.08852399451913273,0.09034129374637508,0.08758018501931068
6,9,0.9538334767871901,0.7750082356431298,0.8652868222985537,0.690107813917063,64,1024,False,0.1312758579604093,0.13117600562109796,9.985233931085711e-05,0.1244012261874459,0.13044782437907945,0.052652267983212785,0.05329416284647062,6.193876298035767e-34,0.13117600562109796,3.457848542891793e-05,0.13059696566354403,0.13063154414897307,0.0002647024166650315,0.001618552662195706,0.0015742241809162168,0.0034044379557905866,0.12887360019816324,0.016777806472585165,0.08852672949384041,-0.016743268603101748,0.023187201942685823,0.03452272553113289,0.07209820839489112,-0.0013355982082430273,0.0075906108831986785,0.13117600562109796,0.1312758579604093,6.193876298035767e-34,0.13117600562109796,0.1244012261874459,0.12743720417159202,0.12804439976842125,0.09982121171028437,0.09370762758830443,0.09982121171028437,0.09370762758830443,0.13004736935355568,0.13117659798677767
6,10,0.935670455305808,0.7075154117881086,0.816736219346986,0.6546980755580281,64,1024,False,0.21025574608465913,0.21013438205213292,0.00012136403252567463,0.20366178638141685,0.21140941239941563,0.0774952435212313,0.0809149826917027,2.7856787670635253e-34,0.21013438205213292,1.515254081587634e-05,0.20830816965672977,0.20832332219754462,7.273569111723264e-05,0.002769940786136988,0.0016236577908179087,0.0039477253451196065,0.20978575460859772,0.03786774630219672,0.11712274074026588,-0.015872916076847092,0.024757147602624797,0.05587769576959545,0.10068284313456388,-0.00021083628962514922,0.009037900650582742,0.21013438205213292,0.21025574608465913,2.7856787670635253e-34,0.21013438205213292,0.20366178638141685,0.17090071996519615,0.1612263638419071,0.15234790257273828,0.14524670177456148,0.15234790257273828,0.14524670177456148,0.16813179837432163,0.16185643998722776
6,11,0.8369041303820272,0.6338147836521071,0.7551361988839818,0.6063194311498558,64,1024,False,0.27006075986605516,0.2698255267480556,0.00023523311800108905,0.2642854494303396,0.2739612634614776,0.1139838489127826,0.11722831422211277,6.1118316824048724e-33,0.26982552674805554,4.124420874745935e-06,0.2695025943386294,0.26950671875950366,1.5303592035590005e-05,0.00412132415672528,0.003091234903578151,0.0055313663686609935,0.27087002855789943,0.07033282904472835,0.15763486878083685,-0.014840183287320414,0.026477477468223768,0.08802800778357778,0.14050487899658037,0.0010220110270893201,0.010616562562063336,0.2698255267480556,0.27006075986605516,6.1118316824048724e-33,0.26982552674805554,0.2642854494303396,0.20725627776404112,0.1657600463314833,0.1999296418931102,0.18029247900162482,0.1999296418931102,0.18176055050068823,0.19584122262491163,0.17776127658246862
7,0,0.40004994723305193,0.3242490903445704,0.489997846899774,0.1499140752270369,64,1024,False,0.15572506456345406,0.15331602159660096,0.0024090429668544716,0.15133021121065776,0.1711691970112514,0.1381275289563951,0.15479604450245002,6.564325948881831e-32,0.1533160215966009,0.00010399111568620618,0.1559590899728864,0.15606308108857223,0.000666340270619077,0.002433399410028328,0.0035579162271950184,0.004710839605687699,0.1676112807840564,0.09591770535647692,0.18033735255631328,-0.018006105424755135,0.025052424441779478,0.11377909552538767,0.16351084692723816,-0.0017713136985548772,0.008826924546156079,0.15331602159660096,0.15572506456345406,6.564325948881831e-32,0.1533160215966009,0.15133021121065776,0.5373716097754999,0.9117865441321608,0.5050213709899224,0.8245479723720847,0.5050213709899224,0.8245479723720847,0.4683545473479562,0.7346346560237594
7,1,0.496891745501777,0.4261708039917636,0.5862154894086438,0.2946829340092148,64,1024,False,0.08338071237637931,0.08217521648529794,0.0012054958910814313,0.0764267967818559,0.07970722091550937,0.0725880429886967,0.0770163010092472,3.613130942928849e-33,0.0821752164852979,5.765857420616998e-06,0.07943555060012611,0.07944131645754676,7.258008398813806e-05,0.004988131887354493,0.0040464172885399975,0.005623542667833525,0.07566080362696938,0.037246306114504954,0.10792977986288844,-0.01525744511645949,0.028187497666626135,0.05469589438143885,0.09126076797110727,0.0009823020081967115,0.01185685390373692,0.08217521648529794,0.08338071237637931,3.613130942928849e-33,0.0821752164852979,0.0764267967818559,0.41908197580401507,0.5591603102424835,0.3807549915288251,0.5251645378495544,0.36779582034684183,0.5251645378495544,0.3944313575846393,0.5255199438748931
7,2,0.7785172030973367,0.5663926159912752,0.7047394390211404,0.4417061765701002,64,1024,False,0.09935365089567719,0.09872164050930832,0.0006320103863696303,0.1016907876402009,0.08392588350156718,0.0776678350400743,0.06667236468287037,6.957120927462628e-32,0.09872164050930832,0.00017135539418508186,0.09126459173158738,0.09143594712577219,0.0018740484412479337,0.0025409290422889635,0.0017776198301843872,0.0023729853606030667,0.0821482636713828,0.03930003752758754,0.11603563255256105,-0.018285020640317923,0.024013182845819436,0.05721541101956973,0.09964742064039456,-0.002083022889564745,0.008050553929933812,0.09872164050930832,0.09935365089567719,6.957120927462628e-32,0.09872164050930832,0.1016907876402009,0.3682814237652393,0.39717669043646486,0.22572382106105526,0.3374076817255827,0.22572382106105526,0.3374076817255827,0.31420643927835407,0.3861663349768538
7,3,0.9354724572748627,0.6540507880942512,0.7768092211263036,0.6009683345927902,64,1024,False,0.09815517802761028,0.09770837219579229,0.0004468058318179282,0.10186714214518117,0.08424411075952344,0.07953979599215069,0.06765099577057039,1.657984352395768e-32,0.09770837219579225,0.0001532778376609443,0.09056306078507571,0.09071633862273663,0.0016896387132463875,0.0027866811624017765,0.0011908803990554925,0.0016546979054773041,0.08305323036046795,0.041835940372100214,0.11724365161220117,-0.018175799510681274,0.023606307788021835,0.05962341024132911,0.10073408499738434,-0.002082151870126836,0.0077585382387042046,0.09770837219579229,0.09815517802761028,1.657984352395768e-32,0.09770837219579225,0.10186714214518117,0.17090071996519615,0.1806158027054538,0.19026939819239905,0.19782029919097033,0.18893076114109783,0.19992340374849563,0.19584122262491163,0.21676788068633204
7,4,0.9586990649526668,0.7464720630830335,0.8461044546359258,0.7210034438510823,64,1024,False,0.05539424444687222,0.05501950536161671,0.0003747390852558225,0.05740413601083688,0.049410802537891055,0.051811836522139165,0.04605835863400656,3.040320621337838e-32,0.055019505361616705,9.656500418297314e-05,0.051805031071491404,0.051901596075674405,0.0018605401660900345,0.0015045225160860494,0.0007379459276256311,0.0014000007361958374,0.04867285661026542,0.019560359895514468,0.08406331314876386,-0.018999951808794876,0.02222684376024087,0.03685061597934691,0.06744698391412385,-0.0030364543927134946,0.006500602925370913,0.05501950536161671,0.05539424444687222,3.040320621337838e-32,0.055019505361616705,0.05740413601083688,0.10975820147017351,0.12842481052591465,0.12434009632987786,0.13435044865185045,0.12434009632987786,0.13435044865185045,0.11769630995147029,0.13066209496759779
7,5,0.9791728159407772,0.8320795723241627,0.9043608410807769,0.7807647648116176,64,1024,False,0.035113852316313234,0.034795944680636674,0.00031790763567655174,0.032769189144872736,0.031307890560766605,0.033406199562400665,0.03280697204005493,9.05894585626293e-35,0.034795944680636674,6.39182033291773e-05,0.03234365017466926,0.032407568377998464,0.001972323334587838,0.0007615923617614414,0.001427343055875921,0.0014250025076324765,0.029880547504890685,0.0049672776074596026,0.06184512151734173,-0.019434438968471114,0.020967951037529325,0.022247432432777714,0.045392867061309516,-0.0036620536338887177,0.00547484681737842,0.034795944680636674,0.035113852316313234,9.05894585626293e-35,0.034795944680636674,0.032769189144872736,0.06683880107450883,0.06993603852265756,0.07535712834515802,0.09516823530308871,0.07602274875504639,0.09516823530308871,0.09034129374637508,0.09856588011801826
7,6,0.991295935535513,0.9170597777440461,0.9554058209875314,0.8859044668491742,64,1024,False,0.012135428201561431,0.012082708221262152,5.2719980299317126e-05,0.01214193037075901,0.012502819378822987,0.010941105461787769,0.010958543208429676,4.3778245572848876e-32,0.012082708221262157,9.275559359494772e-06,0.011814587327560624,0.011823862886920125,0.0007844779196277423,0.0012441320618717152,0.0009744321306533454,0.0011267817759233792,0.011528387248169642,-0.012509233681201241,0.03439144460477678,-0.01782602523290905,0.020629498373327157,0.004386774293379858,0.01798682838852983,-0.0027747713611461222,0.005584210572123993,0.012082708221262152,0.012135428201561431,4.3778245572848876e-32,0.012082708221262157,0.01214193037075901,0.023243573280404748,0.023687312799459376,0.022146145158250304,0.0254808834207474,0.022146145158250304,0.0254808834207474,0.022146145158250304,0.025126640837856613
7,8,0.9852245942592851,0.9034904471980753,0.9466980129717733,0.8749307136101893,64,1024,False,0.1433489998050082,0.1433417972467598,7.202558248510219e-06,0.1443550605006782,0.14387728592005922,0.07621666929063145,0.07379651956667634,9.129851907418595e-32,0.14334179724675988,2.903398503900311e-06,0.14634321827353078,0.14634612167203448,1.9839258264779328e-05,0.0014977231038396787,0.0007257464266515965,0.0017579995414665826,0.14315153949340761,0.0385621391788559,0.113871199402407,-0.01651383812674934,0.021393985246304415,0.056827579901437275,0.09789517804165371,-0.0017292501652264036,0.006449387023167219,0.1433417972467598,0.1433489998050082,9.129851907418595e-32,0.14334179724675988,0.1443550605006782,0.06683880107450883,0.04986810749734116,0.05919821513677251,0.04703295151335741,0.05919821513677251,0.04703295151335741,0.07234767369141676,0.06416387750975144
7,9,0.9750887951582056,0.8402235640825466,0.908913761346209,0.7887972763537507,64,1024,False,0.16959181336765136,0.16955869478661253,3.311858103965081e-05,0.16779348656272677,0.1715513988331291,0.0734623839679505,0.07625722705498111,5.47550668853713e-32,0.16955869478661265,1.0516611964265858e-05,0.16866325819076414,0.16867377480272877,6.234882676080196e-05,0.0014604752974330699,0.00048396881725369157,0.0016923908798870944,0.1710674300158754,0.03533872392260364,0.11158604401329736,-0.016958238732243176,0.021769489753144994,0.05343953872215934,0.0953345664893277,-0.0018714725083555095,0.0065778321149991825,0.16955869478661253,0.16959181336765136,5.47550668853713e-32,0.16955869478661265,0.16779348656272677,0.1053849823688257,0.0632380406518779,0.07535712834515802,0.06430586421121123,0.07602274875504639,0.06430586421121123,0.09034129374637508,0.07927669477261054
7,10,0.952595995667147,0.7614312998170809,0.8561668746042506,0.737355671592853,64,1024,False,0.23090644870979377,0.23084185757482845,6.459113496582327e-05,0.2304008202853768,0.23130507034358005,0.09564265346890137,0.09418869664851462,7.008829060166691e-32,0.23084185757482847,9.236116658813016e-06,0.22734781060230924,0.2273570467189679,4.0623841627524394e-05,0.0021148330627697664,0.0008025484402419061,0.002354778312941739,0.23050252190333814,0.054221793380711626,0.13706351355709112,-0.016709153171176223,0.023026334856205297,0.07240546367393108,0.12068151566199958,-0.0012684998582699336,0.007578820870548952,0.23084185757482845,0.23090644870979377,7.008829060166691e-32,0.23084185757482847,0.2304008202853768,0.17090071996519615,0.1260936650223658,0.12434009632987786,0.10918856433623517,0.12434009632987786,0.10918856433623517,0.11769630995147029,0.09616989648046241
7,11,0.8451385844084166,0.6747902339024268,0.7864561197576105,0.6691171034026995,64,1024,False,0.27397205224736726,0.2737873282846773,0.0001847239626893868,0.27582402310055104,0.2771094779480938,0.12951257261939955,0.13023149088726502,8.187205230787915e-33,0.2737873282846773,5.191113412605725e-06,0.2701990131345303,0.2702042042479422,1.921181584518317e-05,0.0034437902945269054,0.0019997257108972325,0.0036921803659082475,0.2751097522371966,0.08472039678622792,0.17430474845257118,-0.015574338529713318,0.024925440884195415,0.10260805458528921,0.1573181835701689,0.00011737034219549969,0.009303744285716675,0.2737873282846773,0.27397205224736726,8.187205230787915e-33,0.2737873282846773,0.27582402310055104,0.20422623717332133,0.1657600463314833,0.19026939819239905,0.18029247900162482,0.18893076114109783,0.1765174380040331,0.16813179837432163,0.15616599562696282
8,0,0.4425016454659904,0.31599244673920796,0.4836265566947063,0.16926131766041963,64,1024,False,0.15040710575626262,0.14799841186294074,0.0024086938933217,0.14863398959768126,0.15823787649639962,0.13486412103828924,0.14164425448540405,3.9475299023821455e-33,0.14799841186294074,0.00010690244953392883,0.1507736796502882,0.1508805820998217,0.0007085235757057379,0.0024306788999936694,0.0029332192666937057,0.003989373890005653,0.1553046572297059,0.09232429921175205,0.1774039428648264,-0.01804759747402468,0.025110428121517328,0.11030057970492635,0.16063825124729192,-0.0018147738810512237,0.008848810372001026,0.14799841186294074,0.15040710575626262,3.9475299023821455e-33,0.14799841186294074,0.14863398959768126,0.5373716097754999,0.9117865441321608,0.5050213709899224,0.8245479723720847,0.5050213709899224,0.8245479723720847,0.4683545473479562,0.7346346560237594
8,1,0.5357737485339343,0.4100044645758949,0.5720010886835238,0.28010847884968915,64,1024,False,0.13366809859145323,0.13241678779139726,0.0012513108000555245,0.12450183991818987,0.1275323967044274,0.1072013180426958,0.10926231576015416,4.3520440298594446e-32,0.13241678779139726,9.438057957161049e-05,0.1298033245959845,0.12989770517555677,0.0007265761888869024,0.004360044777676979,0.0034918513255670406,0.004985426026382472,0.12404054537886036,0.06726391014319759,0.14713872594219402,-0.015720432648552565,0.02759954417187687,0.0848672210922814,0.13026280594203854,0.0004695932220784016,0.011254427539824974,0.13241678779139726,0.13366809859145323,4.3520440298594446e-32,0.13241678779139726,0.12450183991818987,0.41908197580401507,0.558516295001659,0.3807549915288251,0.5251645378495544,0.36779582034684183,0.5251645378495544,0.3944313575846393,0.5255199438748931
8,2,0.7949863765776036,0.5357978242368432,0.6798643612722107,0.44281376402830935,64,1024,False,0.2158657209363278,0.2151943497218291,0.0006713712144972619,0.22091743323289764,0.20148299219096494,0.14200261009503845,0.13243313662722622,4.587329736092748e-36,0.2151943497218291,0.00044378970541654364,0.20939717007186742,0.20984095977728456,0.0021148859874047534,0.0027952401432079295,0.001627299222098336,0.002195942789764351,0.1998556929688666,0.09634473353013956,0.18766048665993734,-0.01797252423951308,0.02423268125872869,0.11433693736034911,0.1707604634866584,-0.0018181002160417847,0.008254576438048389,0.2151943497218291,0.2158657209363278,4.587329736092748e-36,0.2151943497218291,0.22091743323289764,0.3682814237652393,0.39717669043646486,0.3510584831849437,0.3734497767752116,0.3510584831849437,0.3646530666229137,0.31420643927835407,0.3861663349768538
8,3,0.923638634934815,0.6098946866910805,0.7407153027973332,0.5470603499930358,64,1024,False,0.13575416920684136,0.13521768202108292,0.0005364871857583129,0.1433420887272609,0.12944543887614088,0.1101798159433321,0.1032368466877258,1.3174117153697077e-32,0.13521768202108286,0.00030852308583444074,0.1318734667104044,0.1321819897962386,0.0023340780866594286,0.00255130446234736,0.001435395358928018,0.001793835521446911,0.12801004351721287,0.06925168470745866,0.15110794717920553,-0.018178805753900185,0.023486424046161164,0.08703513470391044,0.13435052539716708,-0.0021241305075818673,0.00764444063679548,0.13521768202108292,0.13575416920684136,1.3174117153697077e-32,0.13521768202108286,0.1433420887272609,0.17090071996519615,0.1806158027054538,0.1999296418931102,0.21066395904518295,0.1999296418931102,0.20732694374544397,0.21039952195910103,0.21676788068633204
8,4,0.9433264557196873,0.6880842539011949,0.8021709196226492,0.672491133369197,64,1024,False,0.16356228107646362,0.16308927986320831,0.00047300121325525695,0.16854199848781806,0.16959702643761337,0.13655519901461488,0.14015553231261063,8.931711969389688e-33,0.1630892798632083,0.0001813160694691103,0.16521987686078043,0.16540119293024974,0.001096219841325884,0.0012287821609607745,0.0008674820701819663,0.0016913411558810811,0.1687295443674314,0.09269432817984469,0.18041606984938507,-0.01898710022774264,0.02204997186206917,0.11048992183350492,0.1633890029406757,-0.003028719474968966,0.006401075537723955,0.16308927986320831,0.16356228107646362,8.931711969389688e-33,0.1630892798632083,0.16854199848781806,0.17090071996519615,0.17773948016841998,0.19026939819239905,0.194937043115834,0.18893076114109783,0.1918434415201378,0.16813179837432163,0.17755742008736686
8,5,0.9585217417906868,0.7573090837303362,0.8531048343484072,0.7052985771741933,64,1024,False,0.10725078736741334,0.10681154124972614,0.00043924611768698094,0.10740119217761093,0.11290319215005767,0.09906954730985765,0.10534079812507371,4.303733804121674e-32,0.10681154124972611,7.431757927717352e-05,0.10829638560485695,0.10837070318413379,0.0006857718653988962,0.0005802741486442421,0.001671795911999587,0.001945815837617674,0.11123139623805808,0.05990699790365731,0.138232096716058,-0.019502698510457012,0.02105937985281785,0.07761175477207871,0.12150812148320256,-0.003644401869678404,0.005555921197810676,0.10681154124972614,0.10725078736741334,4.303733804121674e-32,0.10681154124972611,0.10740119217761093,0.12743720417159202,0.13144440657038822,0.12434009632987786,0.1312977865416183,0.12434009632987786,0.1312977865416183,0.13004736935355568,0.13457660478874464
8,6,0.9719937835416533,0.8313941142645993,0.9022751334360246,0.7903773181231901,64,1024,False,0.14307359480597223,0.14290309327519068,0.0001705015307822458,0.14479825057597745,0.15358354498710863,0.10794587527445301,0.11560557291159605,7.365113559934468e-33,0.1429030932751907,1.4729122080302008e-05,0.1467814646883615,0.1467961938104419,0.00010033722059116697,0.0009688644374743994,0.00123707066225312,0.0016997265859670205,0.1523464743248555,0.06702151867704334,0.14887023187186268,-0.018384100468137494,0.021001770515678357,0.08496172834566096,0.1323002830686164,-0.002987311701872386,0.00571232833317481,0.14290309327519068,0.14307359480597223,7.365113559934468e-33,0.1429030932751907,0.14479825057597745,0.1053849823688257,0.09750232872739534,0.093810259598306,0.07722181214177608,0.093810259598306,0.07722181214177608,0.09034129374637508,0.08365548931022145
8,7,0.9852245942592851,0.9034904471980753,0.9466980129717733,0.8749307136101893,64,1024,False,0.07991688774087845,0.07976945980535552,0.00014742793552288734,0.0798464881579534,0.08458622073062753,0.07041157333010083,0.07616709888763172,3.157087295095473e-32,0.07976945980535549,4.8042821131398194e-06,0.08206924314330685,0.08207404742541981,5.8535947279868724e-05,0.00013171291903133435,0.0009016904995831461,0.0011760122191261007,0.08368453023104439,0.03493954228098262,0.10588360437921904,-0.018453420092466616,0.0192248112727487,0.05242867826746078,0.08924421905976487,-0.0036132826353423297,0.004496042776736431,0.07976945980535552,0.07991688774087845,3.157087295095473e-32,0.07976945980535549,0.0798464881579534,0.06683880107450883,0.06172052099490526,0.05919821513677251,0.05624846184803239,0.05919821513677251,0.05624846184803239,0.07234767369141676,0.07133149665894307
8,9,0.9912588639000579,0.9327436502553292,0.9645272175184608,0.8941887067171835,64,1024,False,0.025935976971537655,0.025905401261171468,3.0575710365887815e-05,0.02256170986865377,0.02703878364468793,0.011057293621480552,0.013332253354828618,2.3575792940995786e-33,0.025905401261171468,1.4316197661157616e-06,0.02547309478891619,0.02547452640868229,5.619809150319801e-05,0.00020278988109598059,4.164177702766651e-05,0.00022565798222079714,0.026997141867660262,-0.014937059113569412,0.037051646356530514,-0.01828382565849765,0.018845032576574314,0.0018971904792124406,0.020454598576179706,-0.0037007196369813755,0.004265715295332484,0.025905401261171468,0.025935976971537655,2.3575792940995786e-33,0.025905401261171468,0.02256170986865377,0.025486472847455924,0.026461393840389976,0.022146145158250304,0.022007623588115813,0.022146145158250304,0.022007623588115813,0.022146145158250304,0.022007623588115813
8,10,0.9757075050522747,0.8388522700516211,0.9076364661188507,0.7974245249900812,64,1024,False,0.06256701028686462,0.062486018937466886,8.099134939757936e-05,0.06320370299773541,0.059925485864475304,0.03586147526153086,0.030288600301723156,1.076912317764186e-33,0.062486018937466865,4.758892457070385e-06,0.06149804839707305,0.06150280728953004,7.737683313653421e-05,0.001451630258107933,0.0008369384251662832,0.0011936224735628592,0.05908854743930902,0.004443503050223056,0.06727944747283868,-0.01797270630128425,0.021108498952517995,0.021906456058786716,0.05089066513028229,-0.002700200413528364,0.0058873726084129885,0.062486018937466886,0.06256701028686462,1.076912317764186e-33,0.062486018937466865,0.06320370299773541,0.06683880107450883,0.06830815440155098,0.07535712834515802,0.08295927522828736,0.07602274875504639,0.08295927522828736,0.07241011652044552,0.07870845242400737
8,11,0.8769150034770197,0.7342833686488435,0.830611837678072,0.704166799660342,64,1024,False,0.21285391968859232,0.21264184480582798,0.00021207488276394514,0.22182955076428607,0.2146541488140891,0.12346233672119593,0.12081933588295253,9.65967580567627e-33,0.21264184480582798,2.8538745803369237e-05,0.21443342566084986,0.21446196440665366,0.0001330713624783147,0.0025952428019531786,0.0017982155537372196,0.0025283492095669034,0.21285593326035188,0.07993371847558307,0.16699095496680877,-0.017194775480381605,0.022898361378036004,0.09769097521348158,0.14995694025128614,-0.001620435381482821,0.007377549562079366,0.21264184480582798,0.21285391968859232,9.65967580567627e-33,0.21264184480582798,0.22182955076428607,0.17090071996519615,0.1657600463314833,0.1460494408852821,0.11833223351614455,0.1460494408852821,0.11833223351614455,0.13004736935355568,0.11496659318780635
9,0,0.40497961066408317,0.3074249795686613,0.476000183765945,0.10880494764445164,64,1024,False,0.1341076494631194,0.1316230508946512,0.002484598568468501,0.13044180191698093,0.13023025125806897,0.12103363328895758,0.12151862469953369,1.2282249297749138e-33,0.1316230508946512,0.00011157892740877014,0.1306666087506625,0.1307781876780716,0.0008531921828083208,0.0027547678365986076,0.003181044647982055,0.004389061886341382,0.12704920661008692,0.07930530057943344,0.16276196599848172,-0.01761968375205638,0.025712620193037584,0.09747234698443208,0.1462529423442902,-0.0014012858300702646,0.009372869455546606,0.1316230508946512,0.1341076494631194,1.2282249297749138e-33,0.1316230508946512,0.13044180191698093,0.5373716097754999,0.9117865441321608,0.5216104775961673,0.9127791532753537,0.5216104775961673,0.9127791532753537,0.6168710889953379,1.0826553671601498
9,1,0.4985668971693041,0.3978039613881591,0.5613710543940464,0.2558207070835399,64,1024,False,0.11861158831925896,0.11732905181004775,0.001282536509211168,0.11077730316682359,0.106329153324965,0.1032006765930264,0.10066055634462093,1.2245963151256041e-32,0.11732905181004775,5.2463640317668065e-05,0.11355821406083709,0.11361067770115464,0.00046178441480359964,0.004614942132011804,0.0036352045226644824,0.005354310708338506,0.10269394880230051,0.06375417711308204,0.14264717607297075,-0.01524932213579381,0.028222464914225302,0.08150521729839966,0.1259504942863714,0.0009535423596389592,0.011839199796668254,0.11732905181004775,0.11861158831925896,1.2245963151256041e-32,0.11732905181004775,0.11077730316682359,0.41908197580401507,0.5591603102424835,0.3807549915288251,0.5251645378495544,0.36779582034684183,0.5251645378495544,0.4683545473479562,0.5255199438748931
9,2,0.7598325968563158,0.5129222654070479,0.6605266556137596,0.4151068466152003,64,1024,False,0.18747687003582925,0.18677271417499913,0.0007041558608300267,0.19332751187247693,0.17178621402541566,0.13822034831046284,0.12344786996844638,2.953927172435551e-33,0.18677271417499913,0.0005930995679601437,0.17951015604421117,0.18010325561217153,0.003293108533458745,0.003358351838513888,0.002093411135149824,0.002771696376117933,0.16969280289026584,0.09377457454894593,0.18266612207197974,-0.01735037862769172,0.02530013479579454,0.11175386238755891,0.16581920090538915,-0.0010976037447107956,0.00924484571442008,0.18677271417499913,0.18747687003582925,2.953927172435551e-33,0.18677271417499913,0.19332751187247693,0.3682814237652393,0.39717669043646486,0.3510584831849437,0.3734497767752116,0.3510584831849437,0.3646530666229137,0.3616920671037484,0.3861663349768538
9,3,0.8953007679778859,0.5780218801835328,0.7156606319350072,0.4636400076670427,64,1024,False,0.1279267637278906,0.12731891545720478,0.0006078482706854347,0.13452075179637002,0.11384665408670885,0.10737033827345965,0.09282427307007665,3.0327634362075978e-33,0.12731891545720478,0.00044541295396755275,0.1191614810395754,0.11960689399354277,0.003723973920697241,0.003317646875488636,0.001455021477190606,0.002068397932646709,0.11239163260951825,0.06702876933388943,0.14771190721302987,-0.017344035010942473,0.02472198148059013,0.08483975198032567,0.13101818142604316,-0.0011944650832447223,0.008798543880402576,0.12731891545720478,0.1279267637278906,3.0327634362075978e-33,0.12731891545720478,0.13452075179637002,0.17090071996519615,0.1806158027054538,0.1999296418931102,0.21066395904518295,0.1999296418931102,0.20732694374544397,0.28555851947548483,0.2604349313337515
9,4,0.9169524069383751,0.6465229865140949,0.7704818110415768,0.5790762938952771,64,1024,False,0.09623793305208474,0.09568170072371188,0.0005562323283727722,0.10068513446399018,0.09540876244208717,0.09187206542352436,0.08974540192869074,4.099690479948166e-34,0.09568170072371188,0.0002729372503475441,0.09431914269952797,0.0945920799498752,0.002885413350591031,0.0022822097568609917,0.0009882132676408298,0.002253547117639723,0.09442054917444634,0.05481535495656854,0.12892877589048019,-0.01790739391877633,0.02366322058704513,0.07253324492194224,0.11234548936772626,-0.0018264043246745132,0.007885495680966415,0.09568170072371188,0.09623793305208474,4.099690479948166e-34,0.09568170072371188,0.10068513446399018,0.17090071996519615,0.17773948016841998,0.19026939819239905,0.2071990008764102,0.19205424759413406,0.2071990008764102,0.21039952195910103,0.22817437673188812
9,5,0.9359684091107824,0.7068213897658608,0.8170686471792252,0.627596718586212,64,1024,False,0.06740619835281905,0.06689394748999382,0.0005122508628250999,0.06424220116760715,0.06617541377859369,0.06356062159097463,0.0676559199286407,9.655357082982108e-33,0.06689394748999383,5.764001760764897e-05,0.06425047030237449,0.06430811031998201,0.000896310237089005,0.0014614834347666814,0.0022998880776538876,0.0030667642152095312,0.06387552570093981,0.030549919833307362,0.0965713233486419,-0.01860189140448866,0.022634364013655706,0.048258465038088616,0.08027010643854737,-0.002565783681347966,0.0069777433382114395,0.06689394748999382,0.06740619835281905,9.655357082982108e-33,0.06689394748999383,0.06424220116760715,0.17090071996519615,0.17730902732209095,0.15234790257273828,0.16493443134489988,0.15234790257273828,0.16493443134489988,0.19297143745549308,0.22329708357602274
9,6,0.9538334767871901,0.7750082356431298,0.8652868222985537,0.690107813917063,64,1024,False,0.07150835668741067,0.0712640537381116,0.00024430294929976917,0.07524119723312284,0.07626347718981734,0.07164124962019162,0.0743935808837087,4.140494729695466e-35,0.0712640537381116,1.3306560521811292e-05,0.07273796432602035,0.07275127088654201,0.00018290485320267887,0.0024934180531785343,0.0023460400243805824,0.0033250525014576066,0.07391743716543675,0.03737742825403398,0.10590507098634927,-0.016882941536368573,0.02343095678544583,0.05502190357219661,0.08944407135277288,-0.0011786575996666215,0.007916797847428825,0.0712640537381116,0.07150835668741067,4.140494729695466e-35,0.0712640537381116,0.07524119723312284,0.12743720417159202,0.1244012261874459,0.09982121171028437,0.1243468885362743,0.09982121171028437,0.1243468885362743,0.13004736935355568,0.14100860377764227
9,7,0.9750887951582056,0.8402235640825466,0.908913761346209,0.7887972763537507,64,1024,False,0.0406909504499462,0.04047302799032448,0.00021792245962157846,0.044059077604675,0.04195601574880498,0.04379056661735708,0.043096513330685926,7.004015995391699e-33,0.04047302799032447,1.29140355696423e-05,0.04089968777070576,0.040912601806275165,0.00031564933540016385,0.0014171190361781307,0.0019147048545644714,0.0026595601038851826,0.04004131089424051,0.014443848574361325,0.07313728466035282,-0.017377387106739403,0.02154875719640452,0.03180458743008785,0.05674892223032657,-0.0020787697067135014,0.006438284304749686,0.04047302799032448,0.0406909504499462,7.004015995391699e-33,0.04047302799032447,0.044059077604675,0.1053849823688257,0.11161664672964035,0.07535712834515802,0.07583058094767539,0.07602274875504639,0.07730246416502533,0.09034129374637508,0.09596728568347057
9,8,0.9912588639000579,0.9327436502553292,0.9645272175184608,0.8941887067171835,64,1024,False,0.025576411868670098,0.02550138886158635,7.502300708367522e-05,0.030193627594129063,0.023484301333241205,0.028768998596898843,0.022352286235175923,1.3649318508169759e-33,0.025501388861586354,5.328777025707094e-07,0.025626310406432866,0.025626843284135472,2.0793731661074e-05,0.0009625289649276161,0.0010141219899219363,0.0016814148452063348,0.02247017934331927,0.0018896390341432354,0.05564835815965445,-0.017341456904784693,0.020412012642799928,0.019252758713264484,0.039402682035870384,-0.002549555283621885,0.005585348364547826,0.02550138886158635,0.025576411868670098,1.3649318508169759e-33,0.025501388861586354,0.030193627594129063,0.025486472847455924,0.02310720059805455,0.022146145158250304,0.019463651012957384,0.022146145158250304,0.019463651012957384,0.022146145158250304,0.019463651012957384
9,10,0.9772463692144152,0.9043283666875342,0.9477603822257019,0.8818007098210467,64,1024,False,0.05087861554855496,0.050820014614641175,5.8600933913944654e-05,0.05578036588086087,0.048474156948004644,0.04316004101894316,0.03379643656109138,7.146664014426594e-34,0.050820014614641175,1.2458652347902852e-06,0.051947343193054135,0.05194858905828907,2.3982657804090856e-05,0.0013660863074036224,0.0006954403074433111,0.0008986264466491314,0.04777871664056133,0.012464067577303253,0.07385601446058307,-0.017552771471900257,0.020304904013750888,0.029962489039462525,0.05754966941458406,-0.0027103213797090575,0.00545456817781087,0.050820014614641175,0.05087861554855496,7.146664014426594e-34,0.050820014614641175,0.05578036588086087,0.06683880107450883,0.06830815440155098,0.05919821513677251,0.05968647931618846,0.05919821513677251,0.05968647931618846,0.07152428427855351,0.07870845242400737
9,11,0.8675052401918297,0.7836638175147448,0.866143978705802,0.7984926986235966,64,1024,False,0.09406713107403743,0.09388761535202005,0.0001795157220175721,0.10176654914029656,0.09150204218710174,0.07492296710303754,0.06570463662613321,7.665249326909809e-36,0.09388761535202005,2.0364304776878133e-05,0.09496466722707894,0.09498503153185589,0.00021439488357750762,0.0029353645619153374,0.0016777374366940768,0.00220246390196536,0.08982430475040766,0.038873845850207464,0.11097208835586762,-0.016744925837295466,0.022731543486565902,0.056198592006694525,0.09408203182101715,-0.0013513730154954828,0.007377235655440018,0.09388761535202005,0.09406713107403743,7.665249326909809e-36,0.09388761535202005,0.10176654914029656,0.17090071996519615,0.1657600463314833,0.0946013802672681,0.0931257157602857,0.0946013802672681,0.0931257157602857,0.07241011652044552,0.06262463898049517
10,0,0.46813375309714406,0.2965258986063267,0.4656248615101053,0.10643720654235582,64,1024,False,0.09408543060888047,0.09159907269133169,0.0024863579175489784,0.082781077976093,0.09565295566332924,0.08324174894561341,0.09552347048683839,1.6179389203840073e-33,0.09159907269133169,2.9753480292781828e-05,0.09657882077455299,0.09660857425484556,0.00030797970596579315,0.003407010967723198,0.0034188722764882905,0.004698169726270464,0.09223408338684094,0.04689163006408472,0.1195918678271421,-0.017025460456637855,0.026482790816719694,0.06428870524541708,0.10275795405323151,-0.0007528931382694282,0.01013550133939134,0.09159907269133169,0.09408543060888047,1.6179389203840073e-33,0.09159907269133169,0.082781077976093,0.5373716097754999,0.9117865441321608,0.7135078181386147,1.2997591874171472,0.7135078181386147,1.2997591874171472,0.7148839358827207,1.3469867937893485
10,1,0.5588532433530219,0.3817501662632322,0.5480144328719694,0.2937687757349426,64,1024,False,0.08155070401972919,0.0803019640182317,0.0012487400014976687,0.07198810407979006,0.0723079496635838,0.0721791907500235,0.07359436172764242,2.1616618201111452e-32,0.0803019640182317,2.9565310393624488e-05,0.08058937922422169,0.08061894453461514,0.0003667290680161424,0.005252700673230142,0.003559271051982955,0.005423220465520406,0.06874867861160085,0.03719057382535826,0.10716780767468875,-0.014713357177190446,0.029118801179377048,0.05437246170913568,0.09021019689680543,0.0015172153289313428,0.012651910692511592,0.0803019640182317,0.08155070401972919,2.1616618201111452e-32,0.0803019640182317,0.07198810407979006,0.3682814237652393,0.558516295001659,0.3807549915288251,0.5251645378495544,0.36779582034684183,0.5251645378495544,0.3944313575846393,0.5255199438748931
10,2,0.7923219867643992,0.48482987327908283,0.6353871816758064,0.42175618232985657,64,1024,False,0.14252406497622283,0.14182659395071853,0.0006974710255050026,0.1473061787838213,0.130458677258807,0.11953721117320157,0.10702311259296965,1.3240544959788697e-33,0.1418265939507185,0.0004824513686618705,0.13881261994476746,0.1392950713134291,0.0034635207413498664,0.003879445781128044,0.001002363050623296,0.001916997774164603,0.1294563142081837,0.07758150642220471,0.16149291592419843,-0.016933866676001493,0.026131563731767383,0.09521062114799861,0.14448593218548922,-0.000636694509012159,0.009967179175873753,0.14182659395071853,0.14252406497622283,1.3240544959788697e-33,0.1418265939507185,0.1473061787838213,0.3682814237652393,0.39717669043646486,0.3510584831849437,0.3734497767752116,0.3510584831849437,0.3646530666229137,0.31420643927835407,0.3861663349768538
10,3,0.8924515762570668,0.5395189202744712,0.6826936930086138,0.4824261539081763,64,1024,False,0.11911636987919999,0.11852324056982808,0.0005931293093718119,0.12632883097407696,0.10375215410979215,0.09773138607313699,0.08290023210065241,1.543378858919049e-32,0.11852324056982803,0.00037531666049402075,0.11239386747864642,0.1127691841391409,0.0033281845865882486,0.003360673034982825,0.00024473856515434936,0.001177189420806827,0.1035074155446378,0.05874470256034158,0.13671806958593238,-0.017321701250854526,0.025129927254897086,0.07654079064377584,0.12011104982957477,-0.0011717169472831301,0.009050892032973934,0.11852324056982808,0.11911636987919999,1.543378858919049e-32,0.11852324056982803,0.12632883097407696,0.17090071996519615,0.1806158027054538,0.3353494862661948,0.27131835598231424,0.3353494862661948,0.31603679593747525,0.21039952195910103,0.21676788068633204
10,4,0.9110932196570893,0.5997258423167078,0.7328515945691292,0.5772162671993452,64,1024,False,0.1203987719838358,0.11984415617232502,0.0005546158115109333,0.12394202618025235,0.11776306615649386,0.10894972623974976,0.10759237460494783,4.166730517769887e-33,0.119844156172325,0.00020621824729173763,0.11950937465757185,0.11971559290486325,0.0017225679820641005,0.0024669942943072324,-7.596094016564244e-05,0.001638974287582795,0.1178390270966595,0.06925415842848671,0.1486452940510128,-0.01780940002885417,0.024440784721740567,0.08690364225913072,0.13178877279278822,-0.0016528457636013627,0.008449991022644099,0.11984415617232502,0.1203987719838358,4.166730517769887e-33,0.119844156172325,0.12394202618025235,0.17090071996519615,0.17773948016841998,0.1999296418931102,0.2071990008764102,0.1999296418931102,0.2071990008764102,0.21039952195910103,0.22817437673188812
10,5,0.920782414819958,0.6500151890904555,0.7730627584269092,0.6125925910483371,64,1024,False,0.0815362545869177,0.08101704638302905,0.0005192082038885721,0.07867820757394764,0.08160090759059264,0.07490661086803993,0.08103624345989426,3.1480523832399754e-32,0.08101704638302906,8.421539831201758e-05,0.08131513108196894,0.08139934648028088,0.0010345955090980846,0.0016394355969747707,0.001657119045109931,0.00296751801129403,0.07994378854548272,0.03968229418681878,0.11013092754926107,-0.01850408044333711,0.02367996606452797,0.05720308656600537,0.0934767194048618,-0.0022836827629362233,0.007778903724101838,0.08101704638302905,0.0815362545869177,3.1480523832399754e-32,0.08101704638302906,0.07867820757394764,0.17090071996519615,0.17730902732209095,0.19026939819239905,0.20253273837311098,0.19205424759413406,0.21012461408224278,0.19584122262491163,0.22329708357602274
10,6,0.935670455305808,0.7075154117881086,0.816736219346986,0.6546980755580281,64,1024,False,0.14450710246277718,0.14424625335874264,0.0002608491040354122,0.14680440356710264,0.15272487625589162,0.11903598112766234,0.1268075943678398,3.816108551627709e-33,0.14424625335874258,6.476489746760363e-05,0.14769354741527724,0.14775831231274442,0.00043831644023195534,0.0028822426528619617,0.0021343506433817417,0.00364669218291031,0.15059052561250988,0.07768142293398551,0.16039053932133918,-0.016626585980456132,0.024908289108909687,0.09569962501700502,0.14381350468465826,-0.0006039553627488203,0.00909145225159591,0.14424625335874264,0.14450710246277718,3.816108551627709e-33,0.14424625335874258,0.14680440356710264,0.17090071996519615,0.17163091137119893,0.15234790257273828,0.14456224283252367,0.15234790257273828,0.14456224283252367,0.16813179837432163,0.1658667280063669
10,7,0.952595995667147,0.7614312998170809,0.8561668746042506,0.737355671592853,64,1024,False,0.1174412937521617,0.11719765450320987,0.00024363924895174534,0.11803243012700836,0.1222505774870383,0.10003055488493667,0.1047713875938898,1.8131039693868652e-32,0.11719765450320987,4.031628381522845e-05,0.12000334660558182,0.12004366288939736,0.0003358468314347755,0.001655779005232185,0.001804336791731607,0.0031090311760898536,0.1204462406953067,0.06104276460894539,0.13901834516092795,-0.017448216641819142,0.023111010822494643,0.07881061368971132,0.1223447647789726,-0.0017047451110556722,0.007497161423088983,0.11719765450320987,0.1174412937521617,1.8131039693868652e-32,0.11719765450320987,0.11803243012700836,0.17090071996519615,0.1701704283754686,0.12434009632987786,0.12372298197669403,0.12434009632987786,0.12372298197669403,0.11769630995147029,0.11344874523249072
10,8,0.9757075050522747,0.8388522700516211,0.9076364661188507,0.7974245249900812,64,1024,False,0.04433883039469749,0.04421879401009937,0.00012003638459801855,0.04544347795476635,0.044856435221468795,0.040921239272747566,0.04149522105709948,5.050353387378821e-33,0.04421879401009937,3.984044965516555e-06,0.044311752063030556,0.044315736107996155,8.990136045145576e-05,0.0010645665438211106,0.0013770751040742377,0.0026872362033450925,0.043479360117394554,0.011277955329585913,0.07056452321590923,-0.01773886670538279,0.022395107082674278,0.028446447373426054,0.05389452139934292,-0.0021926856134086847,0.00682117687392747,0.04421879401009937,0.04433883039469749,5.050353387378821e-33,0.04421879401009937,0.04544347795476635,0.06683880107450883,0.06609467884951972,0.07535712834515802,0.07868086727742375,0.07602274875504639,0.0821386029151024,0.07241011652044552,0.08139899604233858
10,9,0.9772463692144152,0.9043283666875342,0.9477603822257019,0.8818007098210467,64,1024,False,0.08790261848708604,0.08785009345889284,5.252502819284266e-05,0.08726820267624613,0.09461798883516626,0.06446215434170255,0.07006353772669086,4.767435771144043e-33,0.08785009345889284,1.7092094708667563e-07,0.09017519338292844,0.09017536430387561,1.8954284067065276e-06,-0.0004992373994362925,0.0002635080817941725,0.0009485333712561774,0.09435448075337208,0.02923948698510958,0.09968482169829551,-0.018953110070173668,0.01963128215715655,0.04684025363530964,0.08315545653022127,-0.0038501667950185947,0.00455085703288205,0.08785009345889284,0.08790261848708604,4.767435771144043e-33,0.08785009345889284,0.08726820267624613,0.06683880107450883,0.0632380406518779,0.05919821513677251,0.05518821691684771,0.05919821513677251,0.05518821691684771,0.07152428427855351,0.05578036588086087
10,11,0.8823624545345101,0.8618522372236315,0.9175930768909639,0.8702657095815441,64,1024,False,0.20004059150729103,0.19990202030686774,0.00013857120042321477,0.20098357795968586,0.1975110584416778,0.13727242697318418,0.13859001236145305,4.2399085799212566e-33,0.19990202030686774,1.3697204722824498e-05,0.1968941327820401,0.196907829986763,6.956150359152951e-05,0.0015794612795937094,0.0010416734184455429,0.001436838803391947,0.19646938502323225,0.09328272859660425,0.1812621253497641,-0.017231583693327075,0.02073109000674678,0.11111865814018529,0.16424813353660284,-0.002314599390956573,0.005882544115593191,0.19990202030686774,0.20004059150729103,4.2399085799212566e-33,0.19990202030686774,0.20098357795968586,0.17090071996519615,0.1657600463314833,0.07535712834515802,0.05558656663574732,0.07435869773032547,0.05182153945961782,0.07234767369141676,0.057871820014306144
11,0,0.5357179110314495,0.28396179640771363,0.45495562377271925,0.13653674901280252,64,1024,False,0.1727311790597598,0.17029894790735325,0.0024322311524056575,0.17173181974407134,0.15813397684151895,0.13366979362554812,0.12104535465635072,1.7044079499995492e-32,0.17029894790735328,8.272422649504332e-05,0.16656460306962084,0.16664732729611645,0.0004964029596949385,0.003207089306636989,0.003448257814440639,0.004829849235135002,0.1546857190270783,0.08905535861010067,0.17828422864099558,-0.0171051896870932,0.026356749571468628,0.10757777457911288,0.1619429142519948,-0.0008545332821086049,0.010001313850807492,0.17029894790735325,0.1727311790597598,1.7044079499995492e-32,0.17029894790735328,0.17173181974407134,0.41908197580401507,0.4610207927483427,0.7135078181386147,1.2997591874171472,0.7135078181386147,1.2997591874171472,0.6168710889953379,1.0826553671601498
11,1,0.60838578205872,0.36356267092841776,0.5321441978405868,0.27357304735633736,64,1024,False,0.16852017686445617,0.16728517915389887,0.0012349977105568068,0.16315970837931287,0.14854241880817204,0.11950759944627318,0.10720446929897533,1.2452616397253766e-32,0.16728517915389882,9.930966921132068e-06,0.1682211914276468,0.16823112239456764,5.903168676387996e-05,0.004951780289858321,0.003281098782309717,0.005263041961183762,0.1452613200258623,0.0759934094842001,0.16302178940834627,-0.014757634833943472,0.028623885495082404,0.09409378364216536,0.1463746725639794,0.001375191641272977,0.012187981148599647,0.16728517915389887,0.16852017686445617,1.2452616397253766e-32,0.16728517915389882,0.16315970837931287,0.3682814237652393,0.558516295001659,0.3807549915288251,0.5251645378495544,0.419632505074775,0.5251645378495544,0.3944313575846393,0.5255199438748931
11,2,0.78162464958758,0.4534188922551573,0.609324841803937,0.40189779154873795,64,1024,False,0.2326683610917971,0.2319940517861822,0.0006743093056152553,0.23985207927623814,0.2219597744655972,0.14346579367796372,0.13028795670957763,2.147632813555611e-33,0.23199405178618215,0.0005217160533083818,0.23339339505231643,0.2339151111056255,0.002230364899652842,0.003503911694969601,0.0008862427831847254,0.0019458006226474615,0.22107353168241248,0.09792273779419224,0.1890088495617352,-0.01708504700748157,0.025772638885175933,0.11603996143094264,0.17221439679997275,-0.0008350135467480868,0.009634752117563039,0.2319940517861822,0.2326683610917971,2.147632813555611e-33,0.23199405178618215,0.23985207927623814,0.3682814237652393,0.39717669043646486,0.3674633891269201,0.3734497767752116,0.3674633891269201,0.3646530666229137,0.3616920671037484,0.3861663349768538
11,3,0.8301088245725522,0.49929473164952876,0.6486925543858458,0.45379809670708793,64,1024,False,0.16212132224362583,0.16154924231567544,0.0005720799279504381,0.17054997986183598,0.1483492457082503,0.11239655817736559,0.0992091363361175,1.7862950245609944e-32,0.16154924231567544,0.00034994241382656856,0.15789900624826259,0.15824894866208947,0.0022113411607795515,0.0030553160691652597,0.0003220391298330965,0.0012767333284403354,0.14802720657841723,0.07111905808323117,0.1536740582715,-0.017332392927640737,0.02500541315840258,0.08905767965916311,0.13704556758602848,-0.0012003684969386086,0.008954337426985148,0.16154924231567544,0.16212132224362583,1.7862950245609944e-32,0.16154924231567544,0.17054997986183598,0.2465619035911773,0.2550076728944375,0.3510584831849437,0.3555141962510329,0.3510584831849437,0.355514196251033,0.28555851947548483,0.2604349313337515
11,4,0.830702672145533,0.5487781427807157,0.6885807778047264,0.5382028510351602,64,1024,False,0.13738905501675083,0.13685644927884655,0.0005326057379044575,0.13994858364125376,0.14017515793401364,0.1060558522919596,0.108332577642395,1.040813020714449e-32,0.13685644927884655,6.038008797132965e-05,0.13845552822222598,0.1385159083101972,0.0004359072449361733,0.002433325841520352,0.0004118166984519228,0.002393075919117149,0.13976334123556172,0.06549563750244963,0.14661606708146957,-0.017526447670223988,0.024597256199668717,0.08349391295632813,0.1300538084906293,-0.0013880226615583524,0.008645121910376474,0.13685644927884655,0.13738905501675083,1.040813020714449e-32,0.13685644927884655,0.13994858364125376,0.2465619035911773,0.2584078280300577,0.3353494862661948,0.33878652373964585,0.3353494862661948,0.33878652373964585,0.21039952195910103,0.22817437673188812
11,5,0.8288780592500251,0.5884377145743143,0.7206060740842034,0.5912881502658381,64,1024,False,0.12684419822208112,0.1263633717464572,0.0004808264756240246,0.12538545142963267,0.13288131892909832,0.10122894839499105,0.10896744803553783,1.1343825295278881e-32,0.1263633717464572,1.083546670743146e-05,0.12944620400200846,0.12945703946871598,8.369932413022555e-05,0.0015164453308240124,0.0015399732672363596,0.003162112577902495,0.13134134566186195,0.06077732301559814,0.14168057377438398,-0.018332573458051067,0.023694874655441407,0.07888038228702499,0.12523850158322603,-0.0021339534869184718,0.007836557422706392,0.1263633717464572,0.12684419822208112,1.1343825295278881e-32,0.1263633717464572,0.12538545142963267,0.2465619035911773,0.27161170967519427,0.1999296418931102,0.21168830739945346,0.1999296418931102,0.21168830739945346,0.21039952195910103,0.22329708357602274
11,6,0.8369041303820272,0.6338147836521071,0.7551361988839818,0.6063194311498558,64,1024,False,0.14669901878422004,0.1464557687570396,0.00024325002717945194,0.15022710609774265,0.152714695621973,0.10802578619475463,0.11260737995838146,2.7499047467418615e-33,0.1464557687570396,1.5396943481902833e-05,0.15039076655769384,0.15040616350117564,0.00010236909926754753,0.002825936712677722,0.00225693806059724,0.004156159837791915,0.15045775756137578,0.06707474416286432,0.14897682822664493,-0.016507848158953987,0.02522808986998356,0.08522991505742539,0.1325508995578275,-0.00043448959331726655,0.009370448962727096,0.1464557687570396,0.14669901878422004,2.7499047467418615e-33,0.1464557687570396,0.15022710609774265,0.20725627776404112,0.25074174461843585,0.1999296418931102,0.20219173677067057,0.1999296418931102,0.20219173677067057,0.19584122262491163,0.20496404593034545
11,7,0.8451385844084166,0.6747902339024268,0.7864561197576105,0.6691171034026995,64,1024,False,0.13012988548316226,0.12989794488438075,0.00023194059878114308,0.13262845124609166,0.1361326883323575,0.09856080197425153,0.10158645619879307,1.2308202273710837e-33,0.12989794488438072,9.52648347927349e-07,0.13307652836833808,0.13307748101668546,7.1585991908571255e-06,0.001703595660979666,0.0020897456873711835,0.00387926747124671,0.1340429426449863,0.05870487444780273,0.13841672950070033,-0.017400476907384957,0.02369695291131215,0.07668218095932389,0.12190595854917774,-0.0014847115453449078,0.007984103220223915,0.12989794488438075,0.13012988548316226,1.2308202273710837e-33,0.12989794488438072,0.13262845124609166,0.20422623717332133,0.2301121928762111,0.19026939819239905,0.19033373189773586,0.18893076114109783,0.18861321620133767,0.16813179837432163,0.17207661472190275
11,8,0.8769150034770197,0.7342833686488435,0.830611837678072,0.704166799660342,64,1024,False,0.06840660330107669,0.06828677096315121,0.00011983233792522,0.07026933100627815,0.07179989088349774,0.04612644338813736,0.04653938293925205,4.976330141570969e-33,0.06828677096315121,9.946943144996739e-06,0.07050435971923526,0.07051430666238027,0.00014106276606564837,0.0011256378044060462,0.0010418855688877754,0.002658315143947354,0.07075800531460996,0.014050758130366964,0.07820212864590775,-0.017737463258272093,0.022930233735351177,0.031759755009261426,0.06201847547345096,-0.0020159910709480755,0.007245023676659912,0.06828677096315121,0.06840660330107669,4.976330141570969e-33,0.06828677096315121,0.07026933100627815,0.17090071996519615,0.16590014743324855,0.1460494408852821,0.16006808570513248,0.1460494408852821,0.16006808570513248,0.13004736935355568,0.14049065806161828
11,9,0.8675052401918297,0.7836638175147448,0.866143978705802,0.7984926986235966,64,1024,False,0.07955061627514469,0.07950894426646055,4.167200868394664e-05,0.07922673598898375,0.08775974163657276,0.044553395320655505,0.04932230721221535,2.3670986102373945e-32,0.07950894426646053,9.436145218318313e-06,0.08186229430862005,0.08187173045383869,0.00011525523115257281,3.754662163706922e-05,0.00038288263357704545,0.001561947316439374,0.08737685900299572,0.011627391979480421,0.0774793986618306,-0.01915159901869885,0.02107665731666684,0.02921078090002993,0.06102376429043943,-0.0035489123256411403,0.005512740986887366,0.07950894426646055,0.07955061627514469,2.3670986102373945e-32,0.07950894426646053,0.07922673598898375,0.17090071996519615,0.16010716121045773,0.0946013802672681,0.09370762758830443,0.0946013802672681,0.09370762758830443,0.07241011652044552,0.07174501087492112
11,10,0.8823624545345101,0.8618522372236315,0.9175930768909639,0.8702657095815441,64,1024,False,0.030227528978477244,0.030220960969657013,6.568008820371227e-06,0.026693378627545897,0.03333173331710192,0.010892993589051438,0.012748568700370378,3.796701255167222e-33,0.03022096096965702,5.732875606891444e-07,0.030150421425101246,0.030150994712661965,1.9013885483797694e-05,0.000491625907707196,0.0001860343739947832,0.000630650967845239,0.03314569894310714,-0.015223672173715246,0.037009659351818124,-0.018207971846487963,0.01993685071042647,0.0020109672186663374,0.02070313157310011,-0.003267616019002162,0.0049899839868885465,0.030220960969657013,0.030227528978477244,3.796701255167222e-33,0.03022096096965702,0.026693378627545897,0.17090071996519615,0.1612263638419071,0.07535712834515802,0.08295927522828736,0.07435869773032547,0.08295927522828736,0.07234767369141676,0.07870845242400737
