source,target,cka,cca_shared,procrustes_shared,probe_cosine,metric_rank,metric_examples,full_dim_cca_saturation_possible,train_raw,train_geometry,residual_correction,cal_raw,test_raw,cal_clipped,test_clipped,train_mean_term,train_variance_term,test_mean_term,test_variance_term,test_geometry,mean_fraction,aligned_cal_raw,aligned_test_raw,aligned_test_clipped,alignment_raw_reduction,bernstein_lo,bernstein_hi,bernstein_aligned_lo,bernstein_aligned_hi,betting_lo,betting_hi,betting_aligned_lo,betting_aligned_hi,prediction__training_geometry,prediction__direct_training,prediction__mean_only,prediction__variance_only,prediction__direct_calibration,prediction__cka_common,prediction__cka_held_target,prediction__cca_shared_common,prediction__cca_shared_held_target,prediction__procrustes_shared_common,prediction__procrustes_shared_held_target,prediction__probe_cosine_common,prediction__probe_cosine_held_target
0,1,0.9633673997314688,0.6227367244377335,0.7543795512957204,0.8224312861621988,32,1024,False,0.01828890587895261,0.018007781728343875,0.00028112415060880754,0.01908514402235424,0.01995370910668723,0.016729066385517827,0.016368192219702555,7.748079842328636e-34,0.018007781728343872,7.6278147740823024e-06,0.018270365284173248,0.01827799309894729,0.0004173223358160487,0.008083639149748186,0.008714223238427432,0.008849550050652777,0.011239485868259796,-0.009811833795416412,0.043269966566452066,-0.01312761305356191,0.029534753245881347,0.0072945293941302225,0.026832719122467097,0.0030962847740738653,0.01344068002072163,0.018007781728343875,0.01828890587895261,7.748079842328636e-34,0.018007781728343872,0.01908514402235424,0.053147569446742225,0.05515124153052975,0.1015500774705516,0.10825832151907078,0.1035346324335823,0.11294829787607838,0.10915694793226335,0.1196999599598162
0,2,0.790710812907138,0.4805257541654796,0.6339963614834574,0.650676099495096,32,1024,False,0.060179320730864606,0.059921406500052996,0.00025791423081152005,0.06368195638837547,0.059966044398835405,0.04194736770313619,0.03926633967715579,1.2141755704197116e-34,0.059921406500052996,1.9890495112714178e-05,0.059941703809644614,0.059961594304757324,0.00033172058453982895,0.007727849989594501,0.007460212667145451,0.007575776750170403,0.052505831731689954,0.008903614940212065,0.07499112046606031,-0.013922188520452414,0.02947794338560694,0.026311717396310996,0.05834775874973275,0.002350664719415363,0.013164294301532209,0.059921406500052996,0.060179320730864606,1.2141755704197116e-34,0.059921406500052996,0.06368195638837547,0.110200850024917,0.1101356064478248,0.1015500774705516,0.10034227148239268,0.1035346324335823,0.10124569722624074,0.1115961638623906,0.10910282785286793
0,3,0.5347580940650295,0.42289033179032154,0.5834854268939083,0.6461828444267287,32,1024,False,0.060896934352886165,0.060804944904610844,9.198944827493429e-05,0.06338352680525887,0.05749797006303032,0.04471828678155889,0.03952588516353444,3.2567311067064293e-33,0.06080494490461084,2.5148500730836945e-05,0.05930099635650398,0.059326144857234996,0.00042390249343447794,0.00853669788124842,0.007430908066199585,0.007655126420511896,0.05006706199683073,0.010936171810507808,0.07850040175260997,-0.013738561061783124,0.03093515674508305,0.02835654965019785,0.061822029812901746,0.0026816840036190115,0.01439764755195938,0.060804944904610844,0.060896934352886165,3.2567311067064293e-33,0.06080494490461084,0.06338352680525887,0.110200850024917,0.10824764874634044,0.1015500774705516,0.10296050439143627,0.1035346324335823,0.10296050439143627,0.1115961638623906,0.11285977464524986
0,4,0.4761707915457458,0.39363885911551955,0.5550768717039741,0.6633388862802527,32,1024,False,0.07809920862203902,0.07738466499403723,0.0007145436280013856,0.08309107280517036,0.07299118150663132,0.05934118988516655,0.0492228066190238,2.271125153527449e-33,0.07738466499403722,2.7536707728271934e-05,0.07477348096212129,0.07480101766984959,0.0003681327953292177,0.013766427787456981,0.011225769215142383,0.011565104047315382,0.061765412291488936,0.023450806935806673,0.09523157283452642,-0.00947112415665139,0.03723127924021855,0.04112401598831639,0.07866133942297893,0.0071676666993880644,0.02058967118500732,0.07738466499403723,0.07809920862203902,2.271125153527449e-33,0.07738466499403722,0.08309107280517036,0.110200850024917,0.10771661821050792,0.1015500774705516,0.10202204982001188,0.1035346324335823,0.10210016134681137,0.1115961638623906,0.10965360756493799
0,5,0.42138711505092014,0.3708480361366301,0.5349408165962304,0.6682832962914443,32,1024,False,0.09935967074682281,0.0988407462832044,0.0005189244636186287,0.10788292967847463,0.09586602386254642,0.07361912458070531,0.0625678762280119,5.339111140078905e-34,0.0988407462832044,7.02109132211e-05,0.0977009119652636,0.09777112287848488,0.0007181150339079345,0.01466826144179206,0.01179813484368712,0.012228408211066539,0.0840678890188593,0.03562221812766729,0.11161603103374333,-0.008635254811603309,0.03836275467620297,0.05335691723303171,0.09492705162847415,0.00828838387678843,0.021938502373814117,0.0988407462832044,0.09935967074682281,5.339111140078905e-34,0.0988407462832044,0.10788292967847463,0.110200850024917,0.10754749014965988,0.1015500774705516,0.10084148520699741,0.1035346324335823,0.10084148520699741,0.1115961638623906,0.10731279059925367
0,6,0.4040345381338383,0.3601009910554177,0.5237790293510111,0.6529428167477591,32,1024,False,0.10527977608317489,0.10450698774702903,0.0007727883361451853,0.1144363256441041,0.10553359572066334,0.07553894589992922,0.06723034503338036,1.6372022308444791e-34,0.10450698774702903,2.3689322290121873e-05,0.10544553890075488,0.1054692282230452,0.00022460885216704104,0.019123034278192445,0.017111300977184673,0.017659302354331614,0.08842229474347867,0.037623342364086945,0.1134545494357715,-0.004618416773726999,0.04383671374954978,0.055347940397041384,0.09679057542962255,0.012278208254429046,0.02725812064454658,0.10450698774702903,0.10527977608317489,1.6372022308444791e-34,0.10450698774702903,0.1144363256441041,0.110200850024917,0.10580733393637576,0.1015500774705516,0.10066540112147856,0.1035346324335823,0.10258633467894729,0.1115961638623906,0.11151501638291308
0,7,0.38650853861674334,0.34947280184469226,0.5135832778996459,0.624913941156177,32,1024,False,0.1186019424969913,0.11738702928297276,0.0012149132140183033,0.12768058067628582,0.1223989052230619,0.0804316734484126,0.07553683344340385,1.268807997167712e-34,0.11738702928297276,7.034236642566484e-06,0.119839953320473,0.1198469875571153,5.869347895969591e-05,0.0195747674401487,0.018216411210237978,0.01896659247900289,0.10418249401282392,0.041831139597427874,0.11903220729939731,-0.004049156004039409,0.044416162328283854,0.05953471914835973,0.10229245381924557,0.01281551671854686,0.02782049802772235,0.11738702928297276,0.1186019424969913,1.268807997167712e-34,0.11738702928297276,0.12768058067628582,0.1122927597702921,0.10716348613496085,0.1015500774705516,0.10100941954348955,0.1035346324335823,0.10243009266392743,0.1115961638623906,0.11113660909627932
0,8,0.4295185044930553,0.3422175766744957,0.5045750384660725,0.6051829743954665,32,1024,False,0.15007477498243796,0.14848442541112886,0.0015903495713095054,0.15872528307318765,0.15723865292998715,0.08923796939148876,0.08574982870790798,1.1416145762225237e-33,0.14848442541112886,1.6113145795312124e-07,0.15229543631055853,0.15229559744201582,1.0580178328166678e-06,0.02314155373921503,0.021561610575111075,0.02225609052405619,0.13567704235487607,0.048976240192139225,0.1294996985908383,-0.0009354550984749209,0.048501326164544806,0.06668377587629948,0.11265293025644496,0.015823267742234748,0.03180159291514428,0.14848442541112886,0.15007477498243796,1.1416145762225237e-33,0.14848442541112886,0.15872528307318765,0.110200850024917,0.11023988068169968,0.11184777245901331,0.10179241291486439,0.11184777245901331,0.10385662032472272,0.1143150580095359,0.11093384665643273
0,9,0.3907525157357763,0.3347971966773823,0.4975447665795699,0.5867933986259831,32,1024,False,0.16381705171351127,0.1624478438921484,0.0013692078213637388,0.17494864664004936,0.1735247042095349,0.0870955015915182,0.08427565250447232,2.6953545572024863e-33,0.1624478438921484,8.82354948811882e-12,0.16955687807125935,0.16955687808008293,5.203887679479092e-11,0.02288390200158941,0.02124848296409991,0.022178432113398035,0.152276221245435,0.04676616043507366,0.12742484274796273,-0.0012148109058262857,0.04843938316818963,0.06462221261608647,0.11072985112696188,0.015597467026964296,0.03180339683603961,0.1624478438921484,0.16381705171351127,2.6953545572024863e-33,0.1624478438921484,0.17494864664004936,0.1122927597702921,0.10961547510539753,0.11513748652637674,0.10277968968031452,0.11513748652637674,0.10487381613226718,0.1143150580095359,0.11164310453702529
0,10,0.45852052350045763,0.3244252781824931,0.48672362829990956,0.6214257925499557,32,1024,False,0.17425553608516162,0.1728976458479409,0.001357890237220687,0.17999524061344438,0.1840849892199826,0.08867483460711759,0.09116523765699977,8.409700983915171e-33,0.1728976458479409,1.0488143512533558e-05,0.17602635178177567,0.17603683992528738,5.957925350730495e-05,0.02478371529303509,0.02258047076542262,0.023742719773901327,0.16150451845456,0.047601206450142555,0.12974846276409263,0.0009289570154074854,0.05014792573475951,0.06529223425604869,0.11283184259809786,0.017678828568023164,0.033454636970418505,0.1728976458479409,0.17425553608516162,8.409700983915171e-33,0.1728976458479409,0.17999524061344438,0.110200850024917,0.10960295949079782,0.11513748652637674,0.1049321747804061,0.11513748652637674,0.10510169543713004,0.1143150580095359,0.1124223560041216
0,11,0.5284609738220807,0.3035307088023247,0.4689596808794295,0.5679068718152064,32,1024,False,0.1342346977154024,0.13100086782074088,0.0032338298946616457,0.14120340043350696,0.13865360438111451,0.07876524574175965,0.07567564738212335,4.500555036518437e-34,0.13100086782074088,9.088064120477734e-05,0.13132862742119925,0.13141950806240404,0.0006915308278404377,0.02775788063070461,0.02626948228105594,0.0272949752812128,0.11238412210005858,0.04006758339726768,0.11746290808625162,0.003723482273476058,0.05322977572587041,0.05796597536391346,0.10095600612839917,0.02031139295286266,0.03636789943266194,0.13100086782074088,0.1342346977154024,4.500555036518437e-34,0.13100086782074088,0.14120340043350696,0.110200850024917,0.1128134035470796,0.11513748652637674,0.11047386623468289,0.11513748652637674,0.11047386623468289,0.1143150580095359,0.11663919260607966
1,0,0.9633673997314688,0.6227367244377335,0.7543795512957204,0.8224312861621988,32,1024,False,0.03760297209134253,0.03500556836869996,0.0025974037226424787,0.031974755153487584,0.041648327565011516,0.03205893358258778,0.04182283128376729,7.264629630932743e-34,0.03500556836869996,1.3270766516491042e-05,0.035232643595451404,0.03524591436196777,0.00037651928618458283,0.002363219332505448,0.001954788974828602,0.002000484829271409,0.03969353859018292,0.0008835440571123253,0.06323432310806323,-0.017152652481858214,0.02197094042509701,0.017640296500758268,0.045991463848622516,-0.0018796938966261223,0.0067130655370419845,0.03500556836869996,0.03760297209134253,7.264629630932743e-34,0.03500556836869996,0.031974755153487584,0.053147569446742225,0.05439302911105132,0.1015500774705516,0.10431617375822815,0.1035346324335823,0.10701191200560523,0.10915694793226335,0.1116466960864174
1,2,0.8792880830616268,0.6898162305816027,0.8095852269431204,0.8466548117197704,32,1024,False,0.03733353777635726,0.03753020175403585,-0.00019666397767842948,0.04199518754064175,0.0316490776287917,0.03431369838398581,0.02519977632523281,5.58831256538857e-35,0.03753020175403585,2.1969753605228303e-05,0.036314616917821084,0.03633658667142638,0.0006046179792254518,0.0016176863201105747,0.0017048702376303263,0.0017671709539828324,0.02994420739116137,0.003555391300774667,0.06507200546719696,-0.01767221609041986,0.020980702426518293,0.02110742958757328,0.04871199225453893,-0.0025962787040043622,0.0058261594822397456,0.03753020175403585,0.03733353777635726,5.58831256538857e-35,0.03753020175403585,0.04199518754064175,0.08098918574760808,0.08634502101662479,0.0778148933701468,0.08154924586081372,0.07681268145663599,0.08200592678591417,0.06658201735167718,0.07245318497650216
1,3,0.6255190659873765,0.5841094357516341,0.7272991945305025,0.8034581982693336,32,1024,False,0.1274201628648133,0.12757950228666967,-0.00015933942185738584,0.13102001110009392,0.11879786661815346,0.08785215635909564,0.08114916195932306,3.1548479521514704e-33,0.12757950228666967,1.296170062892516e-05,0.12521294428130264,0.12522590598193156,0.00010350654305344265,0.003001606794498898,0.002228893553319608,0.002433899938745498,0.11656897306483385,0.046725768147108326,0.12897854457108296,-0.01736236952955953,0.02348316283594986,0.06486879358271835,0.11249504669831367,-0.0016930001002037898,0.007653255022887606,0.12757950228666967,0.1274201628648133,3.1548479521514704e-33,0.12757950228666967,0.13102001110009392,0.110200850024917,0.10824764874634044,0.1015500774705516,0.09947975012928183,0.1035346324335823,0.10268867467708956,0.10915694793226335,0.10574416924591518
1,4,0.5717097431216005,0.5330137421179153,0.681938756580954,0.8007684389090238,32,1024,False,0.1579285023636509,0.1573837477085431,0.0005447546551077796,0.16378334205625686,0.14913362680551862,0.10668308747647279,0.0987624774820588,1.7011323197904467e-33,0.15738374770854308,1.7975253455601887e-05,0.15378351884443625,0.153801494097892,0.00011687307435492757,0.007452115353389574,0.005457717181060082,0.0057745833612297265,0.14367590962445853,0.06349000030235949,0.14987617465058609,-0.014055358624942378,0.02918554546105996,0.0818305927386973,0.13342431558703538,0.002225531621661503,0.012942285611643456,0.1573837477085431,0.1579285023636509,1.7011323197904467e-33,0.15738374770854308,0.16378334205625686,0.110200850024917,0.10771661821050792,0.1015500774705516,0.0990627444164253,0.1035346324335823,0.10210016134681137,0.10915694793226335,0.10965360756493799
1,5,0.5151810636559061,0.49863145194068503,0.6530005538189125,0.7565484220322319,32,1024,False,0.12576998405390347,0.12514705911287366,0.0006229249410298858,0.1311385213473157,0.11866935903157624,0.09619100298619356,0.08728175418096312,1.185797977053359e-33,0.12514705911287366,3.78687750319379e-05,0.12148112503305847,0.12151899380809052,0.0003116284446178213,0.008585453715027195,0.006555992856024164,0.006969441383260206,0.11211336617555208,0.054856695423293245,0.13752531054909387,-0.013048863185559938,0.03060750285447629,0.07301390187058132,0.12099978355399799,0.0034214553525089286,0.014414264252991416,0.12514705911287366,0.12576998405390347,1.185797977053359e-33,0.12514705911287366,0.1311385213473157,0.110200850024917,0.10754749014965988,0.1015500774705516,0.09674062446860394,0.1035346324335823,0.09862116857045436,0.1115961638623906,0.10731279059925367
1,6,0.4970397898305925,0.48085055563709866,0.6349662886200333,0.7911518116689409,32,1024,False,0.08051983718419416,0.07993085536393349,0.0005889818202608484,0.08436723788069096,0.07927583047841824,0.06451187410792539,0.060648135079286056,1.2387658439496479e-34,0.07993085536393349,1.1242901848666459e-05,0.07775505668835787,0.07776629959020642,0.00014457293079279222,0.01166175301873732,0.010577981908124203,0.011116011067504058,0.06869784857029404,0.02815730231885827,0.10086644589699251,-0.010417613033517617,0.03471210661696712,0.04596411703096237,0.08432998147327453,0.006121726779383607,0.018190990420407616,0.07993085536393349,0.08051983718419416,1.2387658439496479e-34,0.07993085536393349,0.08436723788069096,0.110200850024917,0.10580733393637576,0.1015500774705516,0.10066540112147856,0.1035346324335823,0.10258633467894729,0.10915694793226335,0.09694459101483721
1,7,0.47779680268676467,0.46132151186860654,0.6171849958496309,0.7738621448288452,32,1024,False,0.07767272076758862,0.07673931918145986,0.0009334015861281966,0.07768514747934367,0.07690337121466403,0.05786363797304098,0.05708576049301214,1.3856896682023272e-33,0.07673931918145983,2.0686998815206824e-08,0.07478487114503504,0.07478489183203377,2.766200272331696e-07,0.012545543799851922,0.011947744746995455,0.012687907026327862,0.06495562646766859,0.02218684114437621,0.09354043480170574,-0.009626474355623625,0.03593392090554117,0.04002330172806978,0.07709287176112412,0.006964920707105193,0.019390155881410465,0.07673931918145986,0.07767272076758862,1.3856896682023272e-33,0.07673931918145983,0.07768514747934367,0.110200850024917,0.10525113645491214,0.1015500774705516,0.10100941954348955,0.1035346324335823,0.10243009266392743,0.10915694793226335,0.10924848961314933
1,8,0.5183017364185017,0.44634656931461464,0.6040996417871561,0.7512092772634359,32,1024,False,0.10357336479524464,0.10227271723517901,0.001300647560065808,0.10378670229686685,0.10272850684726928,0.072105918677118,0.06972196119034692,1.9118129634917638e-33,0.102272717235179,2.887446405177485e-07,0.10044329190651678,0.10044358065115722,2.8746948151974494e-06,0.015995479352926004,0.0146084693418276,0.015299249838122914,0.08812003750544167,0.0340273717096848,0.11018446564455121,-0.006808694933425029,0.040082339059871054,0.05201806042896351,0.09376430996780982,0.009880511119263247,0.02345724244514713,0.10227271723517901,0.10357336479524464,1.9118129634917638e-33,0.102272717235179,0.10378670229686685,0.110200850024917,0.11023988068169968,0.1015500774705516,0.10179241291486439,0.1035346324335823,0.10385662032472272,0.1115961638623906,0.11093384665643273
1,9,0.47904353751126455,0.43506384653825114,0.5951770090734543,0.7329730286351639,32,1024,False,0.1465333990728834,0.1454492366798641,0.0010841623930191147,0.14695924879553326,0.1434912156816727,0.08612600222978053,0.08260391756097352,6.412207420251282e-34,0.1454492366798641,6.701423939766719e-09,0.14353721429342692,0.14353722099485078,4.66877085491792e-08,0.015477878874001915,0.013879408907756675,0.014803449534530486,0.129611806773916,0.04555352173008893,0.12669848272947215,-0.007324725834430699,0.03973724742752606,0.06373136513866484,0.11032686860562535,0.009453948223381303,0.023183514349511825,0.1454492366798641,0.1465333990728834,6.412207420251282e-34,0.1454492366798641,0.14695924879553326,0.110200850024917,0.10961547510539753,0.1015500774705516,0.10277968968031452,0.1035346324335823,0.10487381613226718,0.1115961638623906,0.11164310453702529
1,10,0.5438016875101533,0.4167158960507936,0.5792041237307584,0.7153971766377031,32,1024,False,0.12191486397701183,0.1205237122570987,0.0013911517199124608,0.1175062566732996,0.1187644088072075,0.07853724916494623,0.07714006761597544,1.1969066125772554e-32,0.12052371225709872,2.907472891011948e-06,0.11650412164417469,0.11650702911706615,2.4955343150073136e-05,0.017441493196230826,0.015327943757823934,0.01647552873879804,0.10343646504938356,0.03886555286919077,0.11820894546070168,-0.005215757159270348,0.041608145447174234,0.056794322990754154,0.10162309318548068,0.011483711256005336,0.024957417634141166,0.1205237122570987,0.12191486397701183,1.1969066125772554e-32,0.12052371225709872,0.1175062566732996,0.110200850024917,0.10960295949079782,0.1015500774705516,0.10314087180016386,0.1035346324335823,0.10510169543713004,0.1115961638623906,0.1124223560041216
1,11,0.5974882327297751,0.3869965906446079,0.5477331766579338,0.6845703843880121,32,1024,False,0.08620157892009117,0.08312982036030686,0.003071758559784129,0.07932154732595233,0.08441078439369851,0.06621816035595131,0.0680262603078879,6.7801293731072425e-37,0.08312982036030686,9.514757782317177e-06,0.07952124050311153,0.079530755260894,0.00011963620552960687,0.020464309695454,0.018704073389066052,0.019709599685364527,0.06570671100463246,0.029296859084553983,0.10313946162734863,-0.0024933190534099335,0.044859398648636,0.046998507546959445,0.08654000962269492,0.014082904577662703,0.028025921194057446,0.08312982036030686,0.08620157892009117,6.7801293731072425e-37,0.08312982036030686,0.07932154732595233,0.110200850024917,0.1128134035470796,0.1015500774705516,0.10397493887104639,0.1035346324335823,0.10638307631750685,0.1115961638623906,0.11663919260607966
2,0,0.790710812907138,0.4805257541654796,0.6339963614834574,0.650676099495096,32,1024,False,0.06681780169254709,0.06194102360278191,0.004876778089765577,0.05796474845656245,0.07026103238354967,0.05748715909086327,0.06960725215642959,1.0548626668192207e-33,0.06194102360278191,3.460326258018734e-05,0.063343152102216,0.06337775536479623,0.0005459843502032268,0.005432776427195866,0.004965037247391417,0.005120736263465906,0.06529599513615825,0.021434336022488454,0.09353998215923809,-0.015053423634935078,0.026106435299409293,0.03841188042861177,0.07619431860803161,0.000814451850601472,0.010314781233319081,0.06194102360278191,0.06681780169254709,1.0548626668192207e-33,0.06194102360278191,0.05796474845656245,0.110200850024917,0.11417184357805386,0.1015500774705516,0.10431617375822815,0.1035346324335823,0.10701191200560523,0.1115961638623906,0.11987229644078504
2,1,0.8792880830616268,0.6898162305816027,0.8095852269431204,0.8466548117197704,32,1024,False,0.02938182815447518,0.0274077450519952,0.0019740831024800012,0.024835441405212436,0.031530056736920165,0.02479317178393815,0.03154157907561765,2.67012492642289e-34,0.0274077450519952,3.396232001217892e-05,0.027794068671866255,0.027828030991878378,0.001220435611204071,0.004281218801797001,0.004102649720824964,0.004201282379052314,0.027427407016095202,-0.004299488000893619,0.053885831568769915,-0.015343524183161907,0.024117691695818552,0.012369046809908468,0.036703565099742264,0.00012690455332631245,0.008847016593790613,0.0274077450519952,0.02938182815447518,2.67012492642289e-34,0.0274077450519952,0.024835441405212436,0.08098918574760808,0.0825935784431051,0.0778148933701468,0.079777095294774,0.07681268145663599,0.07848936661958514,0.06658201735167718,0.06856994953960406
2,3,0.8940531597309994,0.8378201317548986,0.9083840885976204,0.9281028882659976,32,1024,False,0.008659035753409717,0.008561856968788329,9.717878462137678e-05,0.007828489298876215,0.01040220043838565,0.00753929473387313,0.010081367600426078,3.197080706936966e-33,0.008561856968788329,4.803369438117723e-06,0.008452431223145372,0.008457234592583497,0.000567959820143809,0.0012637017372468305,0.0005610889325216573,0.0006803839675728456,0.009841111505863993,-0.016108879586173058,0.03118746905391932,-0.017421372953201657,0.020030975786488738,0.0009404120573890395,0.014821009732258972,-0.0027433578579802997,0.005303603073116392,0.008561856968788329,0.008659035753409717,3.197080706936966e-33,0.008561856968788329,0.007828489298876215,0.08098918574760808,0.08515923293659204,0.04536517566722002,0.050882108084264556,0.04536517566722002,0.050882108084264556,0.01922012289159209,0.021775651650363523
2,4,0.8551492449391374,0.7372863760810142,0.8403162166593243,0.8705073195246235,32,1024,False,0.013788850986310839,0.012699360286883682,0.0010894906994271885,0.012629025386235504,0.018934356218890305,0.012114880804821156,0.01810049199690825,4.2371980742657744e-33,0.012699360286883687,4.850891372822678e-06,0.012680225571021556,0.012685076462394373,0.00038240931280181245,0.0056141894568448696,0.004033475372412751,0.00431827015705076,0.014900880846477553,-0.01269608546406601,0.03692584707370832,-0.015046017590720169,0.026473260969855777,0.00441335431241896,0.02055396648211172,0.0009130438629654236,0.01060667478304822,0.012699360286883682,0.013788850986310839,4.2371980742657744e-33,0.012699360286883687,0.012629025386235504,0.08098918574760808,0.08454741351583134,0.0778148933701468,0.0832005567691422,0.07681268145663599,0.08135181763713091,0.06658201735167718,0.06948912918748767
2,5,0.8097366956786827,0.6732478524067155,0.792999362470449,0.8275321119731429,32,1024,False,0.02165338199469087,0.020555507094890228,0.0010978748998005858,0.020386289779406902,0.03103270656128783,0.019633913878295585,0.029429143423090297,2.9953038513607664e-33,0.020555507094890225,2.8402292275914068e-14,0.021911783852835705,0.021911783852864068,1.2962108638271197e-12,0.006489643195749815,0.004655109212095416,0.005045364186827377,0.026377597349192414,-0.0076195164281549314,0.046887344184746105,-0.014202966235974914,0.027549618128152455,0.009450387493416201,0.030258334983955137,0.001919790418469347,0.011736545064195525,0.020555507094890228,0.02165338199469087,2.9953038513607664e-33,0.020555507094890225,0.020386289779406902,0.110200850024917,0.10754749014965988,0.1015500774705516,0.09674062446860394,0.07681268145663599,0.07902196625419729,0.06658201735167718,0.06739452663497789
2,6,0.7948180659854015,0.6317347806537428,0.7600235163340764,0.8073907126756059,32,1024,False,0.06341525317529274,0.06205034385540805,0.001364909319884314,0.0614322037461707,0.08013777713801817,0.05688624334230348,0.07343263409212145,4.5596297276792746e-34,0.06205034385540805,8.094386237551483e-08,0.06609559628432514,0.06609567722818746,1.2246468418209224e-06,0.010201623225585259,0.009214947766562964,0.009737528544648022,0.0709228293714552,0.021623491700371616,0.09214899498423534,-0.01127670057394841,0.03264267914530681,0.03911338004400022,0.07542933791410178,0.005184198358620051,0.016353875638742466,0.06205034385540805,0.06341525317529274,4.5596297276792746e-34,0.06205034385540805,0.0614322037461707,0.110200850024917,0.10580733393637576,0.1015500774705516,0.08870797486269989,0.1035346324335823,0.09108539724181028,0.10915694793226335,0.09694459101483721
2,7,0.7712411214914462,0.5983519258674421,0.7326705419648456,0.8129543034501476,32,1024,False,0.0984469514755985,0.09682765071105659,0.0016193007645419488,0.09329158387473016,0.11635418260289672,0.07835849586670073,0.09662157580982073,2.769345511584938e-33,0.09682765071105656,1.8683619148265541e-06,0.10154624993021943,0.10154811829213431,1.8398784204465887e-05,0.011773683215373684,0.011250837567467675,0.011979492384686475,0.10510334503542905,0.038920274571220326,0.11779671716218112,-0.010142741746015605,0.034897402307836264,0.05673514219233766,0.10113253587769577,0.006458426207245793,0.018453809258062392,0.09682765071105659,0.0984469514755985,2.769345511584938e-33,0.09682765071105656,0.09329158387473016,0.110200850024917,0.10525113645491214,0.1015500774705516,0.10042265248850636,0.1035346324335823,0.09149385440730949,0.10915694793226335,0.08729514931219644
2,8,0.7896869518556583,0.5677543617283851,0.7061787403910749,0.814894243782489,32,1024,False,0.07084159703247496,0.06898338371791025,0.0018582133145650724,0.06594387858164949,0.08305644349654556,0.05758068137815645,0.07107758182663725,3.302565890818275e-34,0.06898338371791027,5.567961394426923e-07,0.0713266450091541,0.07132720180529362,7.806224348497704e-06,0.015689681006834766,0.014451399290020654,0.01513956777530662,0.06860504420652491,0.021874260354797226,0.09328710240151568,-0.007048741594868686,0.03970945690074173,0.039472711345297284,0.07666600945231039,0.009676564557594247,0.023130654291890096,0.06898338371791025,0.07084159703247496,3.302565890818275e-34,0.06898338371791027,0.06594387858164949,0.110200850024917,0.11023988068169968,0.1015500774705516,0.10179241291486439,0.1035346324335823,0.10385662032472272,0.10915694793226335,0.11055091791131541
2,9,0.7518606803220881,0.5484690123226277,0.6901030701399642,0.8119306780357856,32,1024,False,0.057476214907438476,0.05596397860312112,0.001512236304317352,0.0515994138723192,0.064796100559045,0.043032663048697864,0.05316970275473636,2.3227815530783013e-33,0.05596397860312113,8.918923908171592e-07,0.055484590577111956,0.05548548246950274,1.607433784697434e-05,0.014837894097341016,0.01342706549361263,0.014346126104945275,0.05136903506543237,0.009757423563735088,0.07630790253366064,-0.007775875622809953,0.03890836646100309,0.027309223311021924,0.05985877827333752,0.008986818953417242,0.022391774407878984,0.05596397860312112,0.057476214907438476,2.3227815530783013e-33,0.05596397860312113,0.0515994138723192,0.110200850024917,0.10961547510539753,0.1015500774705516,0.10277968968031452,0.1035346324335823,0.10487381613226718,0.10915694793226335,0.11164310453702529
2,10,0.7891474704798188,0.5183598513386038,0.6628679930719974,0.7612519592081054,32,1024,False,0.07226077666933853,0.07032261831623063,0.0019381583531085434,0.06598503216456321,0.07691646561179426,0.0552912569133222,0.06375143391352676,1.6141267012158032e-33,0.07032261831623061,3.4735056246754215e-06,0.06805187819238123,0.06805535169800578,5.103941920819146e-05,0.01719830880041775,0.015289316674881199,0.01643027233571231,0.06162714893691306,0.020079505822407744,0.09050300800423666,-0.0053742542275918605,0.04127997289978021,0.03767706162034301,0.07397622222924838,0.011352547240676358,0.024677629611687735,0.07032261831623063,0.07226077666933853,1.6141267012158032e-33,0.07032261831623061,0.06598503216456321,0.110200850024917,0.10960295949079782,0.1015500774705516,0.10314087180016386,0.1035346324335823,0.10510169543713004,0.1115961638623906,0.1124223560041216
2,11,0.7818324845814072,0.4750599658157682,0.622181528353156,0.7254199279908369,32,1024,False,0.07425738974642114,0.07054837200064053,0.0037090177457803717,0.06827294130120691,0.07953507618622069,0.06435559376921345,0.07417642155975206,4.103437911635511e-34,0.07054837200064053,9.252510451873821e-06,0.06881698035735795,0.06882623286781002,0.00013443290539589032,0.020864172757371697,0.019518073646542164,0.020516951461527433,0.060017002539678524,0.028719459550174284,0.09999172798825261,-0.0021035637563422242,0.04526938307112624,0.0462185307405889,0.08329409250291064,0.014537097267748322,0.028488621304859407,0.07054837200064053,0.07425738974642114,4.103437911635511e-34,0.07054837200064053,0.06827294130120691,0.110200850024917,0.1128134035470796,0.1015500774705516,0.10397493887104639,0.1035346324335823,0.10638307631750685,0.1115961638623906,0.11663919260607966
3,0,0.5347580940650295,0.42289033179032154,0.5834854268939083,0.6461828444267287,32,1024,False,0.07298063524135733,0.06789031952303963,0.005090315718317926,0.0650307428853281,0.07551206464795093,0.06404624982485899,0.0742722873376585,1.6633495117383443e-34,0.06789031952303963,4.155976288877598e-05,0.06951018299345635,0.06955174275634515,0.0005975373332393532,0.0073447981603065845,0.006518734803860525,0.0066879983177207435,0.0689933298440904,0.026913890532300602,0.10117860911741737,-0.013649734223664636,0.028540860936484714,0.04396179671311984,0.08382897068077,0.0024179606771213003,0.012482635174819734,0.06789031952303963,0.07298063524135733,1.6633495117383443e-34,0.06789031952303963,0.0650307428853281,0.110200850024917,0.11417184357805386,0.1015500774705516,0.10485145679920607,0.1035346324335823,0.10701191200560523,0.1115961638623906,0.11987229644078504
3,1,0.6255190659873765,0.5841094357516341,0.7272991945305025,0.8034581982693336,32,1024,False,0.020062027679726837,0.017682748901854544,0.0023792787778722747,0.017140929690113285,0.019657017714052424,0.017128301071501227,0.019681617398891498,8.161308778863907e-34,0.017682748901854544,1.888634818643416e-05,0.017932554420056392,0.017951440768242836,0.001052079798510949,0.0070560867666237615,0.006694036226797608,0.006802653620992925,0.012962981487254815,-0.009492404803210387,0.04374900694621284,-0.013500573496744843,0.027821950410868226,0.007159399101510644,0.026733532766229473,0.002466908495989628,0.012042637215927243,0.017682748901854544,0.020062027679726837,8.161308778863907e-34,0.017682748901854544,0.017140929690113285,0.110200850024917,0.11953015367814726,0.1015500774705516,0.11086384152636561,0.1035346324335823,0.11294829787607838,0.10915694793226335,0.1196999599598162
3,2,0.8940531597309994,0.8378201317548986,0.9083840885976204,0.9281028882659976,32,1024,False,0.007154110546253161,0.006691273217215066,0.0004628373290380958,0.007688371382318234,0.005911379849701755,0.007580232026797686,0.005807108417224576,1.248246688834353e-33,0.006691273217215068,1.153404723708166e-06,0.006674536155480952,0.00667568956020468,0.00017277686646543255,0.0017056444133348708,0.0019765153757030957,0.0019952078802316477,0.0039348644739986595,-0.01519436236518917,0.03035482641878454,-0.016898257724966146,0.020317539931804653,0.001248476022738032,0.013594249488960486,-0.002270679258799646,0.005713026177545544,0.006691273217215066,0.007154110546253161,1.248246688834353e-33,0.006691273217215068,0.007688371382318234,0.08098918574760808,0.08634502101662479,0.04536517566722002,0.04787696261954681,0.04536517566722002,0.04787696261954681,0.01922012289159209,0.01989846121566702
3,4,0.9833350117049773,0.8669730741653856,0.9259478647029048,0.9282064874317386,32,1024,False,0.009849377027363356,0.008825380031022559,0.00102399699634083,0.008819525222670347,0.012736126393814984,0.008880642140788028,0.012852973463698838,5.610773241882501e-34,0.008825380031022562,1.5944552743313732e-06,0.00890583004890016,0.008907424504174527,0.0001790029512553399,0.00372664335708343,0.002981548197603359,0.003199752220134347,0.009754578196211625,-0.015009705414860422,0.03277098969643648,-0.016049992781424424,0.023645382718475688,0.0015193289364106022,0.015851135904085822,-0.0005739938060287386,0.0082513233210193,0.008825380031022559,0.009849377027363356,5.610773241882501e-34,0.008825380031022562,0.008819525222670347,0.020943680176531816,0.024929869386574117,0.04536517566722002,0.05056232754162219,0.04536517566722002,0.05056232754162219,0.01922012289159209,0.020987402462551548
3,5,0.9679968445637639,0.7842566188675213,0.8723659352246325,0.9313929628698296,32,1024,False,0.021933047234347757,0.021097640704245524,0.0008354065301022785,0.021418987170324318,0.027403235353683726,0.02133079858289168,0.027112499300956428,4.0121186593690945e-36,0.021097640704245524,3.274823414500161e-08,0.021914401974224246,0.02191443472245845,1.4943681897229324e-06,0.004539316044702508,0.003217181701705347,0.0035726978338661433,0.02418605365197838,-0.006700139137583074,0.04936173630336643,-0.01526292274789292,0.024650586223021527,0.010145864660444204,0.032453516076202504,0.00037614162283716723,0.009290471782151144,0.021097640704245524,0.021933047234347757,4.0121186593690945e-36,0.021097640704245524,0.021418987170324318,0.053147569446742225,0.052419356475818905,0.0778148933701468,0.08061334416000542,0.07681268145663599,0.07902196625419729,0.01922012289159209,0.020823051363922443
3,6,0.9571016674173431,0.7283802059819662,0.8334863274507243,0.8905955920994205,32,1024,False,0.055833511917101085,0.054656668738576664,0.0011768431785242088,0.055032414392374725,0.06595963703370267,0.05113913772996253,0.0608803213338636,4.017680103071836e-34,0.054656668738576664,2.534104991946171e-07,0.056573427963889006,0.05657368137438834,4.479300145196834e-06,0.007952815130456222,0.007473679051403018,0.007968677134825342,0.05848595798229965,0.016456520306311957,0.0858217551536131,-0.012774934460186614,0.029598461406365344,0.033844230260001495,0.06908433591888752,0.003413248145079706,0.013585379390860908,0.054656668738576664,0.055833511917101085,4.017680103071836e-34,0.054656668738576664,0.055032414392374725,0.053147569446742225,0.0491779941272593,0.0778148933701468,0.07255561960912174,0.07681268145663599,0.07217514767159602,0.053335636394069685,0.05314710550536913
3,7,0.9355912286022448,0.6850357127798212,0.8005479036966323,0.8676757070991008,32,1024,False,0.08500356522326477,0.08345223434528741,0.0015513308779766045,0.08260849699738598,0.09581925078993501,0.06842790472743093,0.07907073969047236,1.9191014527733028e-35,0.08345223434528741,1.0539656898848253e-05,0.08540357898188171,0.08541411863878053,0.00012339478609409824,0.009594874993847074,0.009446550963807086,0.010154140965113988,0.08637269982612793,0.0304033006058389,0.10645250884902296,-0.011762285372998863,0.0320751021371702,0.04802755380660528,0.08972339665342588,0.004677739379985724,0.015789799763297196,0.08345223434528741,0.08500356522326477,1.9191014527733028e-35,0.08345223434528741,0.08260849699738598,0.08098918574760808,0.07621493024510967,0.0778148933701468,0.07266939507476754,0.07681268145663599,0.0739884229786967,0.06658201735167718,0.06320950484396647
3,8,0.924921811563709,0.6397303018155387,0.763593513469236,0.8460007431246503,32,1024,False,0.08603319305379326,0.08413562611775921,0.0018975669360341005,0.08234569658278078,0.09210436048386753,0.06728129657317347,0.07578510530215314,1.268100838490576e-33,0.08413562611775922,6.867185717432036e-06,0.08427329163569429,0.08428015882141164,8.148045534635853e-05,0.01369948776144746,0.013084903779784883,0.013766296030552082,0.07901945670408264,0.029742170580056362,0.10482042256629058,-0.00860295058931017,0.03726358719500896,0.04729703815974062,0.08802050921804039,0.008038809944991954,0.020725969327031635,0.08413562611775921,0.08603319305379326,1.268100838490576e-33,0.08413562611775922,0.08234569658278078,0.08098918574760808,0.07875909015286958,0.1015500774705516,0.10179241291486439,0.1035346324335823,0.10385662032472272,0.06658201735167718,0.06238013282280419
3,9,0.8944394957614558,0.6126198934236927,0.7426779467856364,0.8480074351383126,32,1024,False,0.04623784687356973,0.04471095128194737,0.001526895591622231,0.04202809765976015,0.04859677719689237,0.036810721329149955,0.041318826635199056,6.382079512996267e-34,0.04471095128194737,3.5323264545167457e-06,0.04369585922239427,0.04369939154884889,8.08323944411943e-05,0.012883052923912092,0.01197820038471424,0.012892143750771313,0.03661857681217813,0.00476433488873311,0.0688571077695668,-0.009257207602049173,0.0364735416688348,0.02196075761457905,0.05207648351643002,0.007393970474367961,0.019973836118879262,0.04471095128194737,0.04623784687356973,6.382079512996267e-34,0.04471095128194737,0.04202809765976015,0.08098918574760808,0.08204733477829736,0.1015500774705516,0.10277968968031452,0.1035346324335823,0.10487381613226718,0.06658201735167718,0.06299496225398406
3,10,0.8961208238137786,0.5749403235548146,0.7126250585113274,0.7969526843093894,32,1024,False,0.048028211668753214,0.04608437918473135,0.0019438324840218891,0.04430988703038837,0.048736568872703126,0.039548142430662625,0.04202929372693278,2.936604700489668e-33,0.046084379184731336,8.30928678546688e-07,0.04444479887780967,0.04444562980648818,1.8695396648994923e-05,0.015425407796160409,0.01389503051018407,0.015031803181425453,0.034841538362519055,0.007280793882196518,0.07181549097912873,-0.006734131637990415,0.0390903102317648,0.024436601779598277,0.05499784435960464,0.009925961850967724,0.022546821572177578,0.04608437918473135,0.048028211668753214,2.936604700489668e-33,0.046084379184731336,0.04430988703038837,0.08098918574760808,0.07714936512639578,0.1015500774705516,0.10314087180016386,0.1035346324335823,0.10510169543713004,0.10915694793226335,0.112282604199418
3,11,0.835380413301603,0.5215939497443147,0.6672890137436428,0.7702731268699992,32,1024,False,0.053082112627393714,0.0494203497887682,0.0036617628386253877,0.04979474426484846,0.05526095684690527,0.0476169479137959,0.051838860647621936,3.26484414544502e-34,0.0494203497887682,2.3802752288976523e-06,0.04762499583267059,0.04762737610789956,4.9977038909411086e-05,0.0190613332575774,0.017995200831359155,0.01899191134846637,0.03726575601554612,0.014680159600282433,0.08055373622730937,-0.0034407074547192253,0.042998608060514934,0.03184898747713305,0.06371322520863032,0.013193096005124971,0.026309028347895946,0.0494203497887682,0.053082112627393714,3.26484414544502e-34,0.0494203497887682,0.04979474426484846,0.110200850024917,0.1128134035470796,0.1015500774705516,0.10397493887104639,0.1035346324335823,0.10638307631750685,0.1115961638623906,0.11663919260607966
4,0,0.4761707915457458,0.39363885911551955,0.5550768717039741,0.6633388862802527,32,1024,False,0.16590683604604903,0.16157465831962206,0.004332177726427657,0.15444993040759603,0.17112749381016432,0.12904602004594082,0.14554209915396862,4.3030962924211325e-33,0.1615746583196221,0.0001129869985965367,0.16342377956261814,0.16353676656121416,0.0006908966159254716,0.006871906873287177,0.005896176385954803,0.006059564729403422,0.16523131742420952,0.08247048350594212,0.17562155658593953,-0.013978575558099456,0.027918684949453536,0.10011814499739558,0.15819197971723042,0.002020767700741999,0.011919598116946872,0.16157465831962206,0.16590683604604903,4.3030962924211325e-33,0.1615746583196221,0.15444993040759603,0.110200850024917,0.11417184357805386,0.1015500774705516,0.10485145679920607,0.1035346324335823,0.10701191200560523,0.1115961638623906,0.11987229644078504
4,1,0.5717097431216005,0.5330137421179153,0.681938756580954,0.8007684389090238,32,1024,False,0.027837523315248233,0.026090047783856055,0.001747475531392131,0.023418487207947654,0.026441903310033852,0.02293003416236715,0.02569223379764242,1.954320125845697e-33,0.02609004778385605,3.2156495612612956e-05,0.026307475308739784,0.026339631804352386,0.001220840741110868,0.007392756559000939,0.00666649038253348,0.00677471201539824,0.01977541292750037,-0.005857859526415619,0.05171792785114992,-0.013152426737644135,0.02812510207965869,0.010939477913780138,0.034712489097728394,0.0027786185673903674,0.012336923864495475,0.026090047783856055,0.027837523315248233,1.954320125845697e-33,0.02609004778385605,0.023418487207947654,0.110200850024917,0.11953015367814726,0.1015500774705516,0.11086384152636561,0.1035346324335823,0.11294829787607838,0.10915694793226335,0.1196999599598162
4,2,0.8551492449391374,0.7372863760810142,0.8403162166593243,0.8705073195246235,32,1024,False,0.01577084224538326,0.015647380290543203,0.00012346195484012025,0.016541434442312052,0.013249056337864237,0.015196377677533403,0.011826318204560631,4.133651306774658e-33,0.0156473802905432,3.4337059689016e-06,0.015929072878891438,0.015932506584860354,0.00021551574139403977,0.0024258946602607845,0.001713748561892249,0.0017412480186898946,0.011535307775971988,-0.010698270003890257,0.04109102535895706,-0.016717037102395294,0.02157772272575721,0.006049283671018202,0.024259669182356447,-0.0017078937162295915,0.0065931086501223035,0.015647380290543203,0.01577084224538326,4.133651306774658e-33,0.0156473802905432,0.016541434442312052,0.08098918574760808,0.08634502101662479,0.0778148933701468,0.08154924586081372,0.07681268145663599,0.08200592678591417,0.06658201735167718,0.07245318497650216
4,3,0.9833350117049773,0.8669730741653856,0.9259478647029048,0.9282064874317386,32,1024,False,0.004220485253600189,0.004525680096129936,-0.00030519484252973874,0.005664808196940507,0.003328261179334963,0.005406125850072868,0.0027497806499671073,8.726132442710475e-34,0.004525680096129936,5.098413234262178e-06,0.004656997650196654,0.004662096063430908,0.001093588198289972,0.0008861717535572706,0.00015552974373737893,0.00015485547645693737,0.003172731435597584,-0.01635865730559233,0.027170909005738066,-0.017644456202692105,0.01940761321487969,8.191782399080694e-07,0.010907745345321018,-0.0030831872281851247,0.0048637029467499815,0.004525680096129936,0.004220485253600189,8.726132442710475e-34,0.004525680096129936,0.005664808196940507,0.020943680176531816,0.02312637617361629,0.04536517566722002,0.050882108084264556,0.04536517566722002,0.050882108084264556,0.01922012289159209,0.021775651650363523
4,5,0.9885388962318984,0.8977978445193937,0.9441296144936763,0.9549853659769909,32,1024,False,0.005871129507398041,0.0057944449444364944,7.668456296155648e-05,0.007790227680526269,0.005947690808099475,0.007450175358676997,0.005578731653825273,2.2292134566134877e-33,0.005794444944436492,6.138100470176374e-06,0.005920874629074218,0.005927012729544413,0.0010356145245951221,0.0010434358212931133,0.0007188966610144464,0.0009374662872016384,0.005228794147085028,-0.015085497791599126,0.02998584850895312,-0.01722160083204146,0.019468766180746853,0.001583848992595449,0.013578282603702974,-0.0027753810500144027,0.005083744843432214,0.0057944449444364944,0.005871129507398041,2.2292134566134877e-33,0.005794444944436492,0.007790227680526269,0.017276382801540997,0.02043843450854591,0.026792857314347746,0.033127067192288244,0.026792857314347746,0.033127067192288244,0.01922012289159209,0.020823051363922443
4,6,0.9770802257108551,0.827325490026854,0.9000666185366248,0.9168575296302028,32,1024,False,0.012171466349317027,0.011765973095182713,0.00040549325413431086,0.013766809197397995,0.013753895756321024,0.012942064038263952,0.012578420567906548,2.6809640086580246e-33,0.01176597309518272,5.5385870794493815e-06,0.01209711997799639,0.012102658565075829,0.0004576339198258362,0.0039800808201916,0.004187780501458544,0.004599104117195618,0.009566115254862478,-0.011878011597226483,0.037762139673754386,-0.015796779027906147,0.02450166903497178,0.005025466671213508,0.021141580189578235,-0.0001878195398603566,0.008900226021069102,0.011765973095182713,0.012171466349317027,2.6809640086580246e-33,0.01176597309518272,0.013766809197397995,0.020943680176531816,0.021968947459265222,0.04536517566722002,0.04266429084752043,0.04536517566722002,0.04266429084752043,0.04724869464743697,0.030226019889756723
4,7,0.9600850847335278,0.7709287314435469,0.8625343876352081,0.9000737207155035,32,1024,False,0.01664964759223417,0.015921326000607684,0.0007283215916263899,0.016792511319913078,0.018301785845001275,0.014885043285310273,0.01593763193081831,1.657720708635797e-33,0.01592132600060768,3.8968023885135863e-08,0.016347715342159317,0.016347754310183194,2.383692777965366e-06,0.005606117649528048,0.006195097028158831,0.006794700639104285,0.012106688816842444,-0.01107584099059489,0.04084592756121544,-0.014876338289714769,0.027019955304643045,0.005947236713836901,0.02425823649537051,0.0011601554797380231,0.011059879252570681,0.015921326000607684,0.01664964759223417,1.657720708635797e-33,0.01592132600060768,0.016792511319913078,0.053147569446742225,0.05128603963481862,0.0778148933701468,0.07266939507476754,0.07681268145663599,0.06871231136298009,0.053335636394069685,0.06320950484396647
4,8,0.9450351987743639,0.7098264243516261,0.817511310166669,0.8425895952802246,32,1024,False,0.03122662129845268,0.029962708521338803,0.0012639127771138967,0.03110134553413181,0.0319252013209532,0.02768490353685222,0.02696568722519231,5.677190894043471e-33,0.029962708521338796,1.5392025798879819e-06,0.030773669092465383,0.030775208295045278,5.00143675757278e-05,0.009008193656107687,0.00940786032078016,0.009987207979835067,0.022517341000173042,-0.0016534913875612574,0.05702329846126569,-0.012348412520591347,0.03151777474376097,0.015625320018443745,0.04050107771035982,0.004049202107125893,0.01518709075753577,0.029962708521338803,0.03122662129845268,5.677190894043471e-33,0.029962708521338796,0.03110134553413181,0.08098918574760808,0.07875909015286958,0.0778148933701468,0.07676802880081875,0.07681268145663599,0.07580653490581758,0.06658201735167718,0.06238013282280419
4,9,0.9172071099081133,0.6719212393309966,0.7893986833116515,0.7784984573317068,32,1024,False,0.07744804398142513,0.07618056602037372,0.0012674779610514512,0.07748166827361934,0.07617032238008774,0.058278765325785985,0.05431705881240855,4.586486606761539e-35,0.07618056602037372,7.00903632984382e-06,0.07799222018933187,0.07799922922566167,8.986032810100967e-05,0.008701323490375985,0.008555223699197414,0.009413026003574418,0.06761509868089033,0.022485695058676487,0.09407183559289548,-0.0124973991643842,0.03129879747509976,0.04044401113787899,0.07783259645657381,0.0039359994771075435,0.015017714293207973,0.07618056602037372,0.07744804398142513,4.586486606761539e-35,0.07618056602037372,0.07748166827361934,0.08098918574760808,0.08204733477829736,0.1015500774705516,0.10277968968031452,0.1035346324335823,0.10487381613226718,0.10915694793226335,0.11164310453702529
4,10,0.9157556663503417,0.6272202799753585,0.7552251111411932,0.7439280829005988,32,1024,False,0.09194109794732983,0.09029669357810918,0.0016444043692200674,0.09112692905614597,0.09119371078851664,0.06731373499466986,0.0633980386287998,4.1119683689405205e-33,0.09029669357810918,9.832011960618743e-06,0.09136024403805151,0.09137007605001171,0.00010760647671166606,0.011378664747338282,0.010466178020099123,0.011548283139226088,0.08072753276841751,0.030140913093399405,0.10448655689594032,-0.00997082233406278,0.03419650123152034,0.0481052959949011,0.0881688004010357,0.006504863697045948,0.017840892673120834,0.09029669357810918,0.09194109794732983,4.1119683689405205e-33,0.09029669357810918,0.09112692905614597,0.08098918574760808,0.07714936512639578,0.1015500774705516,0.10314087180016386,0.1035346324335823,0.10510169543713004,0.1115961638623906,0.1124223560041216
4,11,0.8347479940911376,0.5630862409994658,0.6968911805943385,0.725661178057522,32,1024,False,0.06900530371879124,0.0657255785827296,0.003279725136061607,0.06791131613768568,0.07103031002883779,0.05899009155909744,0.06016423777396838,1.963603838961061e-32,0.06572557858272961,1.2328724508150945e-05,0.06606884403334884,0.06608117275785695,0.00018656939629881308,0.014857395579616165,0.01428104897418623,0.015235372668555573,0.05674926105465156,0.024134173155184874,0.09384600996301001,-0.006883990104366713,0.038013135544636645,0.041817308687313925,0.07737668718618806,0.009637652066885494,0.0214991164393723,0.0657255785827296,0.06900530371879124,1.963603838961061e-32,0.06572557858272961,0.06791131613768568,0.110200850024917,0.1128134035470796,0.1015500774705516,0.10397493887104639,0.1035346324335823,0.10638307631750685,0.1115961638623906,0.11663919260607966
5,0,0.42138711505092014,0.3708480361366301,0.5349408165962304,0.6682832962914443,32,1024,False,0.05799927971377314,0.05356708368317658,0.004432196030596743,0.04960569435425948,0.056073614608637364,0.0478823164075029,0.054214368849637255,8.12665533078773e-38,0.05356708368317658,3.73559885390196e-05,0.05456719023917193,0.054604546227711166,0.0006841186516455634,0.0082297709471268,0.007220424301017053,0.007389531306055091,0.04885319030762031,0.013113551254230638,0.08265108156077516,-0.013058191389324297,0.029719155457911685,0.030061242781812325,0.06537534252129262,0.003112606813374441,0.01353271886910079,0.05356708368317658,0.05799927971377314,8.12665533078773e-38,0.05356708368317658,0.04960569435425948,0.110200850024917,0.1402599447523027,0.1015500774705516,0.10788292967847463,0.1035346324335823,0.10788292967847463,0.1115961638623906,0.11987229644078504
5,1,0.5151810636559061,0.49863145194068503,0.6530005538189125,0.7565484220322319,32,1024,False,0.023927746442320708,0.021808973014088774,0.002118773428231873,0.02058390798595399,0.02037958777722507,0.019264669784528923,0.018735781692891623,3.133060035085946e-35,0.021808973014088774,1.6186036338397332e-05,0.02172630925679124,0.021742495293129566,0.0007444424441711607,0.009047846544866149,0.008566976048539614,0.008670031003110635,0.011812611728685456,-0.008226664230842524,0.04675600379990037,-0.012129148097875542,0.03040335174165102,0.008887141550076194,0.030240832253184635,0.004097550714504905,0.014358383537910413,0.021808973014088774,0.023927746442320708,3.133060035085946e-35,0.021808973014088774,0.02058390798595399,0.110200850024917,0.11953015367814726,0.1015500774705516,0.11086384152636561,0.1035346324335823,0.11294829787607838,0.1115961638623906,0.1196999599598162
5,2,0.8097366956786827,0.6732478524067155,0.792999362470449,0.8275321119731429,32,1024,False,0.030276151441616814,0.029852096281405498,0.0004240551602111862,0.029657245200403057,0.02794679602257228,0.026536975058467457,0.023985365276173592,6.772513390138271e-35,0.029852096281405498,1.6480641595084382e-08,0.030106850570567924,0.030106867051209567,5.474047355060898e-07,0.003414568624208599,0.0027771184716082853,0.0027685745939186063,0.025169677550963995,-0.0030469855542385876,0.0561209356711735,-0.016200030844816225,0.023017720716986403,0.014036259279237129,0.03936354240431683,-0.0008768094558035955,0.007752097495540511,0.029852096281405498,0.030276151441616814,6.772513390138271e-35,0.029852096281405498,0.029657245200403057,0.110200850024917,0.1101356064478248,0.1015500774705516,0.10034227148239268,0.07681268145663599,0.08317718234927934,0.06658201735167718,0.07245318497650216
5,3,0.9679968445637639,0.7842566188675213,0.8723659352246325,0.9313929628698296,32,1024,False,0.0064009635571763215,0.006604526210354227,-0.00020356265317788321,0.005834139797388018,0.005031417648928029,0.005509805947295998,0.004343750122024017,3.1694151726694967e-35,0.006604526210354227,1.703671348927956e-06,0.006666587684112761,0.00666829135546168,0.0002554884389585887,0.0013795077866358423,0.000382817184357555,0.00038213038673353875,0.004648600464570474,-0.01727633602516431,0.028295947919756308,-0.017018870925186662,0.01975608428744216,-0.0004907388720312156,0.01193446554680122,-0.002551815843617078,0.0053268086921889335,0.006604526210354227,0.0064009635571763215,3.1694151726694967e-35,0.006604526210354227,0.005834139797388018,0.053147569446742225,0.0582084115657081,0.0778148933701468,0.0845808676353664,0.07681268145663599,0.082541740797669,0.01922012289159209,0.021775651650363523
5,4,0.9885388962318984,0.8977978445193937,0.9441296144936763,0.9549853659769909,32,1024,False,0.003261712216882788,0.00289821684912781,0.00036349536775496534,0.0013442474251624747,0.0034722749825940734,0.0013472296452852598,0.0034798019313692355,2.00702315597541e-33,0.0028982168491278105,5.723176103269069e-06,0.0029224710447288403,0.002928194220832104,0.0019545070004416292,0.0015429477842309254,0.0013117109855304667,0.0013128403772187521,0.002160563997063607,-0.019422978679662195,0.022117437970232717,-0.017175860043914845,0.02024934268632786,-0.0034975680173374712,0.006201079711900093,-0.002453492095810361,0.005587695755821187,0.00289821684912781,0.003261712216882788,2.00702315597541e-33,0.0028982168491278105,0.0013442474251624747,0.017276382801540997,0.022587094593667173,0.026792857314347746,0.035275727277409505,0.026792857314347746,0.035275727277409505,0.01922012289159209,0.020987402462551548
5,6,0.993192584256272,0.915565316256751,0.9546340493762748,0.9351475731057876,32,1024,False,0.003748770322319994,0.0032985992582222935,0.00045017106409769864,0.003972956431780536,0.005496391387544662,0.003891151696630851,0.0050871331827051815,1.9537066690101607e-35,0.0032985992582222935,3.191016324628658e-07,0.0033376206639869218,0.0033379397656193993,9.5598379500312e-05,0.003148568537965809,0.0033847831335601904,0.0037550869992916624,0.0021116082539844715,-0.017078557687492557,0.024860861080754262,-0.016016023812943075,0.022949153540804294,-0.0012528113438747823,0.0086743647698313,-0.0008231576939579099,0.0077139668428571895,0.0032985992582222935,0.003748770322319994,1.9537066690101607e-35,0.0032985992582222935,0.003972956431780536,0.004190091585375445,0.004407226738970354,0.018699469140487125,0.021833142567367996,0.018699469140487125,0.021833142567367996,0.01922012289159209,0.02011701503628689
5,7,0.9802278798820963,0.8509653958357225,0.9159010132726639,0.8844666130889567,32,1024,False,0.009863997956113018,0.008918943123010779,0.0009450548331022901,0.00960649716488573,0.011642544973650307,0.008558632590499925,0.010228657148528818,3.5556548725932525e-36,0.008918943123010779,1.0174117553471558e-05,0.009020265663795385,0.00903043978134883,0.0011266469629181118,0.004805575549379419,0.005157614275362904,0.005711935046724606,0.0064849306982874035,-0.015077326398620689,0.03219459157962054,-0.015237425646778985,0.025661401438362742,0.0014357412728713825,0.015300384133297484,0.0005324033700162545,0.00990891349647427,0.008918943123010779,0.009863997956113018,3.5556548725932525e-36,0.008918943123010779,0.00960649716488573,0.020943680176531816,0.016228949338578658,0.04536517566722002,0.04263922921044897,0.04536517566722002,0.04263922921044897,0.053335636394069685,0.06320950484396647
5,8,0.9595485245368885,0.7750777510519866,0.8639446100742978,0.8365867078903269,32,1024,False,0.02572241670147268,0.02429564889147783,0.00142676780999497,0.0254012790572282,0.025622365214754254,0.02183694340449699,0.02069747727447002,1.5061647393271799e-34,0.02429564889147783,1.9894631217494206e-06,0.024626790366564965,0.02462877982968667,8.077798151215722e-05,0.008028474419412646,0.008265387600507754,0.008859528421548368,0.0173569776142465,-0.0060612863425186375,0.049735173151512616,-0.012934757296390775,0.030072551640641283,0.010824525947100483,0.03295802708453266,0.0033197028897120617,0.013893823095713742,0.02429564889147783,0.02572241670147268,1.5061647393271799e-34,0.02429564889147783,0.0254012790572282,0.053147569446742225,0.056237160277512854,0.0778148933701468,0.07676802880081875,0.07681268145663599,0.07580653490581758,0.06658201735167718,0.06238013282280419
5,9,0.9358348399297906,0.7302334299924087,0.8326968152397629,0.8024961138078119,32,1024,False,0.04685395974798253,0.04558964755274113,0.0012643121952412664,0.04735529724445844,0.04547546307162404,0.03610796301255994,0.03184600473511912,2.4162262562815382e-33,0.04558964755274113,2.76983432777694e-07,0.048004531007337,0.048004807990769775,5.769910231303322e-06,0.007898032891562493,0.007611763497756574,0.0084452178749283,0.03786369957386747,0.0044669584563750975,0.06774896756874478,-0.013054065054319679,0.030147051306845155,0.021872736811928917,0.05122695273894351,0.003285402177425567,0.013974809684441425,0.04558964755274113,0.04685395974798253,2.4162262562815382e-33,0.04558964755274113,0.04735529724445844,0.08098918574760808,0.08204733477829736,0.0778148933701468,0.07704733886043272,0.07681268145663599,0.07616875237354521,0.10915694793226335,0.11164310453702529
5,10,0.9240043770871036,0.6766506567238185,0.793413934257901,0.7628572744562515,32,1024,False,0.08625215181631822,0.08459178197626338,0.0016603698400551215,0.08860223966278846,0.08646677769255431,0.06225080422298952,0.055724150793039,2.7712933543322485e-35,0.08459178197626338,1.6548994290318003e-06,0.0883262631096378,0.08832791800906688,1.8735859129634695e-05,0.01047487001824943,0.00937426118117462,0.010430297377100458,0.07709251651137969,0.025912674103950484,0.09858893434202856,-0.010610085465032925,0.03298945088732332,0.04366339585976675,0.08209402969077928,0.0057723455829545856,0.01672205704380758,0.08459178197626338,0.08625215181631822,2.7712933543322485e-35,0.08459178197626338,0.08860223966278846,0.08098918574760808,0.07714936512639578,0.1015500774705516,0.10314087180016386,0.07681268145663599,0.06984903354036093,0.1115961638623906,0.1124223560041216
5,11,0.8305373055250105,0.601986968540397,0.7263957035817913,0.7517758063631493,32,1024,False,0.08953674533717089,0.086281503665864,0.0032552416713069283,0.09318909462812147,0.09115058139112432,0.07120282768195829,0.06590666243774422,1.0551631760882098e-33,0.086281503665864,1.4482471293958652e-06,0.08924565070720157,0.08924709895433114,1.6227386059203464e-05,0.013761361324541933,0.01303265922350608,0.013967250121954223,0.07811792216761825,0.03400726937710174,0.10839838598681484,-0.007725864334717862,0.03664578295696934,0.051947734209534246,0.09206396612717072,0.008719727731659077,0.02019579813349992,0.086281503665864,0.08953674533717089,1.0551631760882098e-33,0.086281503665864,0.09318909462812147,0.110200850024917,0.1128134035470796,0.1015500774705516,0.10397493887104639,0.1035346324335823,0.10638307631750685,0.1115961638623906,0.11663919260607966
6,0,0.4040345381338383,0.3601009910554177,0.5237790293510111,0.6529428167477591,32,1024,False,0.07769984957225287,0.07328660386018204,0.004413245712070746,0.06721253269242326,0.07444305622179587,0.06343669237405207,0.07065130537946483,6.0016881802134265e-34,0.07328660386018204,4.821583933368518e-05,0.07347785515184783,0.07352607099118148,0.0006557652093155917,0.006482619146086953,0.005314076343932786,0.005445389534501326,0.06912897987786308,0.02606495593641353,0.10080842881169061,-0.014258153931012669,0.02740611164173033,0.04321050918952096,0.08356010432908079,0.00167167932522716,0.011438331814133562,0.07328660386018204,0.07769984957225287,6.0016881802134265e-34,0.07328660386018204,0.06721253269242326,0.110200850024917,0.1402599447523027,0.1015500774705516,0.1144363256441041,0.1035346324335823,0.1144363256441041,0.1115961638623906,0.11987229644078504
6,1,0.4970397898305925,0.48085055563709866,0.6349662886200333,0.7911518116689409,32,1024,False,0.03405036903857933,0.032239731141124835,0.0018106378974544607,0.0299232653431954,0.029447677828659296,0.02673534318304209,0.026167431448666227,1.8388971702003766e-33,0.03223973114112483,1.244517697444859e-05,0.03152149804565734,0.03153394322263171,0.0003946597127604633,0.007479435644120937,0.006808822289289509,0.006893999744222098,0.022638855539369788,-0.002703026905508915,0.056173713271593095,-0.013294848509780233,0.02838042870936015,0.01460571055940818,0.039742324777762406,0.0027418416866566986,0.012506091850809753,0.032239731141124835,0.03405036903857933,1.8388971702003766e-33,0.03223973114112483,0.0299232653431954,0.110200850024917,0.11953015367814726,0.1015500774705516,0.11086384152636561,0.1035346324335823,0.11294829787607838,0.10915694793226335,0.1196999599598162
6,2,0.7948180659854015,0.6317347806537428,0.7600235163340764,0.8073907126756059,32,1024,False,0.029054256860472638,0.02864033576791949,0.0004139210925532281,0.03083138805639079,0.021069256763594755,0.025365095024614773,0.01548551986570794,3.07461667446049e-34,0.028640335767919495,7.797447054448814e-06,0.028334892291938463,0.028342689738992864,0.000275113164144099,0.003028930313605546,0.0023316444819171515,0.002315452240826572,0.018737612281677602,-0.003563078644973648,0.054293268694203194,-0.016454915750230455,0.022478993094952736,0.013940365155576728,0.03807909830356948,-0.0012177764074294828,0.007303140875592362,0.02864033576791949,0.029054256860472638,3.07461667446049e-34,0.028640335767919495,0.03083138805639079,0.110200850024917,0.1101356064478248,0.1015500774705516,0.10034227148239268,0.1035346324335823,0.10124569722624074,0.10915694793226335,0.10910282785286793
6,3,0.9571016674173431,0.7283802059819662,0.8334863274507243,0.8905955920994205,32,1024,False,0.015459038146621078,0.01559656409432953,-0.0001375259477084443,0.017151507182230605,0.00950342822625427,0.015733309305065998,0.00823573563370382,3.222371324829408e-35,0.01559656409432953,1.1575055346865391e-06,0.015645417880688704,0.015646575386223372,7.397820328822301e-05,0.0015937972588006024,0.00030061658832114654,0.00025271160417193067,0.009202811637933123,-0.01060362335742476,0.04207024196755675,-0.017332894894439697,0.02046347750451446,0.00680638578342041,0.025945562207198236,-0.002504299620341044,0.005642126256134361,0.01559656409432953,0.015459038146621078,3.222371324829408e-35,0.01559656409432953,0.017151507182230605,0.053147569446742225,0.05898708423584539,0.0778148933701468,0.0845808676353664,0.07681268145663599,0.082541740797669,0.053335636394069685,0.05735609519538513
6,4,0.9770802257108551,0.827325490026854,0.9000666185366248,0.9168575296302028,32,1024,False,0.007901968107232666,0.007477347924163111,0.00042462018306953307,0.009150699870139493,0.004537107299253313,0.008954535433906822,0.004470238516441052,2.113044074719388e-33,0.0074773479241631085,2.748874036099883e-06,0.007312935645732414,0.0073156845197685175,0.0003757507624436028,0.0016626756454217488,0.0012660931499187714,0.0011765431237669996,0.003271014149334542,-0.01432913591209302,0.032238206779906665,-0.01783731421418764,0.020996276344122877,0.0026558441459201276,0.015919476114504505,-0.002641946899530012,0.00584612536476925,0.007477347924163111,0.007901968107232666,2.113044074719388e-33,0.0074773479241631085,0.009150699870139493,0.020943680176531816,0.024929869386574117,0.04536517566722002,0.05056232754162219,0.04536517566722002,0.05056232754162219,0.04724869464743697,0.05745159545932454
6,5,0.993192584256272,0.915565316256751,0.9546340493762748,0.9351475731057876,32,1024,False,0.0035802717448565383,0.0033985341521205565,0.0001817375927359773,0.004407226738970354,0.0016033284043841733,0.004355959580989707,0.001669478127293515,1.1455942884356757e-34,0.0033985341521205565,6.966882454206072e-06,0.003334187463687543,0.0033411543461417488,0.0020851722885089673,0.000280460366897167,0.0005355148418138033,0.00034095757344517483,0.00106781356257037,-0.01676120852237324,0.025473127684352656,-0.018903635265310068,0.01912502580877848,-0.000567382994631771,0.009537838843243662,-0.00399625764839584,0.004222638817736879,0.0033985341521205565,0.0035802717448565383,1.1455942884356757e-34,0.0033985341521205565,0.004407226738970354,0.004190091585375445,0.003972956431780536,0.018699469140487125,0.02074121805498952,0.018699469140487125,0.02074121805498952,0.01922012289159209,0.020823051363922443
6,7,0.9917809455728762,0.9299333930865915,0.9628277341043898,0.9626763178088587,32,1024,False,0.010336720608938126,0.009925970551846268,0.00041075005709178853,0.008606364936030167,0.009577507651810192,0.00796587073901072,0.008377633922301918,6.628364007065421e-34,0.009925970551846266,1.1589474629634498e-05,0.01035021876302075,0.010361808237650386,0.0011184799374614265,0.0013635532037763296,0.001363179032224404,0.001518064405397933,0.008214328619585787,-0.015908101796760193,0.031839843274781635,-0.016939686328231493,0.01993932324021143,0.0010384596971562132,0.01528656233131187,-0.0024552753820898943,0.005448560070362873,0.009925970551846268,0.010336720608938126,6.628364007065421e-34,0.009925970551846266,0.008606364936030167,0.01161515311196932,0.014623941287908475,0.018699469140487125,0.01834018353775116,0.018699469140487125,0.01834018353775116,0.01161515311196932,0.014259097119388314
6,8,0.9727197763877671,0.8484613550790949,0.9129647941650216,0.9238350341553611,32,1024,False,0.0530367858297391,0.05219841164964916,0.0008383741800899371,0.05130133990937395,0.05126723413082085,0.04221144224612368,0.04010848321384427,1.6065679611646236e-36,0.05219841164964916,1.0102482935048643e-05,0.054313498794948345,0.05432360127788354,0.000185968578985974,0.004034340700594045,0.0038505541815277897,0.004241163099044622,0.04741667994929306,0.009027024552913987,0.07539585993933337,-0.01566790649186421,0.024290460804109487,0.026746153729618527,0.05908780491881771,-8.668466762173921e-05,0.008853396691847593,0.05219841164964916,0.0530367858297391,1.6065679611646236e-36,0.05219841164964916,0.05130133990937395,0.053147569446742225,0.05071855563778511,0.04536517566722002,0.04176933793228885,0.04536517566722002,0.04176933793228885,0.04724869464743697,0.04589781289345798
6,9,0.9533887575491706,0.7990723855602129,0.8817198359089338,0.8622904297673067,32,1024,False,0.12940072914526501,0.1285399622970709,0.0008607668481939378,0.12618834751837554,0.12735951481993044,0.07738728111113032,0.07477871049160238,1.4777467870288823e-33,0.1285399622970709,6.232725720690696e-06,0.13357739282429976,0.1335836255500203,4.665785716645979e-05,0.004717137345497694,0.00410224664874019,0.004709739719777181,0.12325726817119025,0.03782732887144927,0.11694723335081136,-0.015384779352726577,0.025632611713762056,0.05601718854450155,0.10071398705622414,0.0005447491639642976,0.009971376362955198,0.1285399622970709,0.12940072914526501,1.4777467870288823e-33,0.1285399622970709,0.12618834751837554,0.08098918574760808,0.08204733477829736,0.0778148933701468,0.07704733886043272,0.07681268145663599,0.07577746847646159,0.06658201735167718,0.06299496225398406
6,10,0.9376944582855722,0.7385014985692864,0.8406492676136867,0.8194803921728352,32,1024,False,0.19133074405399692,0.1900461548089003,0.0012845892450963838,0.18817198088841475,0.1904844504997768,0.09912561836466388,0.09699374505297206,1.3161377255510283e-34,0.1900461548089003,6.278514297299177e-07,0.19637878427038002,0.19637941212180982,3.1971346840598305e-06,0.006841870548001955,0.005840761410171126,0.006719325335834247,0.18464368908960568,0.05673742767519657,0.1415138090541312,-0.013427314038966253,0.028268185618392557,0.07503181923675584,0.12517114842194133,0.002638563011714723,0.012424838401784655,0.1900461548089003,0.19133074405399692,1.3161377255510283e-34,0.1900461548089003,0.18817198088841475,0.08098918574760808,0.07714936512639578,0.0778148933701468,0.07057828538788517,0.07681268145663599,0.06984903354036093,0.10915694793226335,0.10387901146274137
6,11,0.837436122342411,0.6475506003832674,0.7653198541949162,0.8012296988512295,32,1024,False,0.15831723259743685,0.15546505995658805,0.0028521726408494395,0.15666935341090663,0.1579561416311944,0.09969389853369322,0.09814505361390727,6.330745719416888e-37,0.15546505995658805,1.466796624568019e-06,0.15948851912995057,0.15948998592657473,9.196794494942749e-06,0.009712288343267579,0.008843867826900876,0.009644072891558051,0.1491122738042935,0.05790040337224946,0.14148739369513696,-0.010901451612436129,0.031580101645916674,0.07620450774993515,0.12520557675452437,0.005253960742265917,0.015488066223042551,0.15546505995658805,0.15831723259743685,6.330745719416888e-37,0.15546505995658805,0.15666935341090663,0.110200850024917,0.1128134035470796,0.1015500774705516,0.10148831933288685,0.1035346324335823,0.10386574171199725,0.10915694793226335,0.1081272942979897
7,0,0.38650853861674334,0.34947280184469226,0.5135832778996459,0.624913941156177,32,1024,False,0.08339704497906067,0.0789681456047662,0.004428899374294512,0.07133498749806369,0.07738703025276318,0.06440901516613842,0.07060155972109054,2.591345163283136e-34,0.07896814560476619,4.7806983667348594e-05,0.07929851571923992,0.0793463227029072,0.0006025103878644772,0.006430235979397269,0.00561663307009755,0.005764986151766436,0.07177039718266563,0.02654748117992027,0.10227054915235657,-0.014201208990458344,0.027254166223366894,0.04389302349591162,0.08520585599762853,0.0016898379544727504,0.011344382452080026,0.0789681456047662,0.08339704497906067,2.591345163283136e-34,0.07896814560476619,0.07133498749806369,0.1122927597702921,0.1513146136581676,0.1015500774705516,0.12768058067628582,0.1035346324335823,0.12768058067628582,0.1115961638623906,0.12768058067628582
7,1,0.47779680268676467,0.46132151186860654,0.6171849958496309,0.7738621448288452,32,1024,False,0.05533953445560064,0.053610573114552605,0.001728961341048339,0.05276062204545201,0.04613055451602197,0.04264209545722396,0.03570149062561763,4.346111053004953e-34,0.053610573114552605,1.5925864134318868e-06,0.0523699178931381,0.05237151047955164,3.0409403869565866e-05,0.007831560423202882,0.00735887418284405,0.007458232658834704,0.03877168033317792,0.009479064362544677,0.07580512655190325,-0.01290962739216153,0.028730574901055343,0.02746194439532701,0.059838744447915815,0.003121345172985457,0.012864023250585888,0.053610573114552605,0.05533953445560064,4.346111053004953e-34,0.053610573114552605,0.05276062204545201,0.110200850024917,0.11953015367814726,0.1015500774705516,0.11086384152636561,0.1035346324335823,0.11294829787607838,0.10915694793226335,0.1196999599598162
7,2,0.7712411214914462,0.5983519258674421,0.7326705419648456,0.8129543034501476,32,1024,False,0.07452844991077374,0.07428926760754467,0.00023918230322936008,0.0805298704072909,0.0622550909064263,0.05867689884220584,0.04376525868892643,1.864126614739872e-33,0.07428926760754469,4.732581663701997e-05,0.07348199570646301,0.07352932152309992,0.0006436318961837846,0.0032348832235042243,0.00275489269394246,0.0028001391856529796,0.05950019821248384,0.022716184925453305,0.09463761275895838,-0.016340443582748946,0.022839887920219123,0.04072122005891288,0.07837727186415577,-0.0010144623738597147,0.007598277981742285,0.07428926760754467,0.07452844991077374,1.864126614739872e-33,0.07428926760754469,0.0805298704072909,0.110200850024917,0.1101356064478248,0.1015500774705516,0.10034227148239268,0.1035346324335823,0.10124569722624074,0.10915694793226335,0.10910282785286793
7,3,0.9355912286022448,0.6850357127798212,0.8005479036966323,0.8676757070991008,32,1024,False,0.03615512423211983,0.03634707189462409,-0.00019194766250420548,0.04130967650033191,0.028482376075413436,0.035470435286142465,0.02335206902213452,5.033631901872084e-34,0.03634707189462409,2.2421259410366717e-05,0.03625961088621887,0.03628203214562933,0.0006179714333632678,0.0023129821582190285,0.000793384249268843,0.0008622008103820007,0.027688991826144593,0.004285797502546797,0.06665507306973814,-0.016905053072211376,0.02154826620462719,0.021942950363154523,0.0503919694601791,-0.0018527485517552122,0.006502008392999414,0.03634707189462409,0.03615512423211983,5.033631901872084e-34,0.03634707189462409,0.04130967650033191,0.08098918574760808,0.08515923293659204,0.0778148933701468,0.0845808676353664,0.07681268145663599,0.082541740797669,0.06658201735167718,0.06892978105882394
7,4,0.9600850847335278,0.7709287314435469,0.8625343876352081,0.9000737207155035,32,1024,False,0.020292198305423472,0.019968754376689334,0.00032344392873414333,0.023781297148410853,0.01739333031475735,0.022262948269517826,0.016113782366255405,3.0341935448499627e-34,0.019968754376689338,2.7247372224288642e-05,0.0197032941191688,0.01973054149139304,0.0013809743760035491,0.002383910322472112,0.0019096534430882166,0.001983751313885929,0.015483676871669134,-0.0049994877366173925,0.04952538427565305,-0.017130002800941974,0.021778480563864642,0.012395459132676478,0.0332477841511718,-0.0018812020643963479,0.006634897588810418,0.019968754376689334,0.020292198305423472,3.0341935448499627e-34,0.019968754376689338,0.023781297148410853,0.053147569446742225,0.05487499722899701,0.0778148933701468,0.0832005567691422,0.07681268145663599,0.08135181763713091,0.053335636394069685,0.05745159545932454
7,5,0.9802278798820963,0.8509653958357225,0.9159010132726639,0.8844666130889567,32,1024,False,0.020850668129813198,0.02060046510672401,0.00025020302308916085,0.022504147608518207,0.021524933145968674,0.021773035831799077,0.020931145437604517,3.919079177175962e-34,0.02060046510672401,3.9971764222700084e-05,0.021335380459917515,0.021375352224140266,0.001869993242850892,0.001070445736329593,0.0015437353296208892,0.001396705208630971,0.019981197816347784,-0.005587718256676796,0.04913378992027495,-0.018535259920835292,0.020335990421559372,0.011470408950117417,0.032437622467114124,-0.0033126846319646575,0.005192495082155801,0.02060046510672401,0.020850668129813198,3.919079177175962e-34,0.02060046510672401,0.022504147608518207,0.020943680176531816,0.020720756257676616,0.04536517566722002,0.046889244204466815,0.04536517566722002,0.046889244204466815,0.053335636394069685,0.056761357370242065
7,6,0.9917809455728762,0.9299333930865915,0.9628277341043898,0.9626763178088587,32,1024,False,0.013257548265486818,0.013269276993510104,-1.1728728023322275e-05,0.014623941287908475,0.015302487225952092,0.014519593969063133,0.015260628560295003,8.180813069302493e-34,0.013269276993510104,1.5973981955732422e-05,0.013948559047595113,0.013964533029550846,0.001143896607350157,0.0006724157599313097,0.0005587855384745719,0.0006137455130275539,0.01474370168747752,-0.010660645580368468,0.03969983351849474,-0.017486080646241416,0.018880594664532784,0.006070966541301459,0.02281902518006973,-0.0031648539879824966,0.004625948589819018,0.013269276993510104,0.013257548265486818,8.180813069302493e-34,0.013269276993510104,0.014623941287908475,0.01161515311196932,0.008606364936030167,0.018699469140487125,0.021833142567367996,0.018699469140487125,0.021833142567367996,0.01161515311196932,0.008606364936030167
7,8,0.9855255619844085,0.912361536343673,0.9516187310616793,0.9615306633491393,32,1024,False,0.031193294270590245,0.030768889358191283,0.0004244049123991526,0.03327797208395603,0.028704821853288535,0.03049996236930542,0.025458990361761268,3.057606379709176e-34,0.030768889358191286,2.7088189199571876e-07,0.03169313960044545,0.031693410482337425,8.546946758749106e-06,0.0024228270765446033,0.0023769298392594587,0.002693073761376857,0.026327892014029075,0.0006612897223070464,0.06033863501630379,-0.016494013408996522,0.021686742730157627,0.01823031339154113,0.044105216082243714,-0.0014421111045521684,0.006822367613494862,0.030768889358191283,0.031193294270590245,3.057606379709176e-34,0.030768889358191286,0.03327797208395603,0.020943680176531816,0.019181638475471215,0.026792857314347746,0.024631152391144984,0.026792857314347746,0.024631152391144984,0.01922012289159209,0.0177552794157462
7,9,0.9749444465238185,0.8572954534215248,0.9194638327850317,0.879458166998261,32,1024,False,0.09824874533822726,0.09765236693821908,0.0005963784000084969,0.09968365373306527,0.09417640351708305,0.06992344607579153,0.06289291392813953,1.4241816250591744e-33,0.09765236693821908,2.9888595906158785e-06,0.10055528513361582,0.10055827399320659,2.9722662014045675e-05,0.003956650947555485,0.003414444762701849,0.003948718458086755,0.0907619587543812,0.03200884126136082,0.10783805089022223,-0.01594124425963922,0.024428927123336136,0.05015684433601564,0.09170638112118468,-0.00015192819410003722,0.008957454316259827,0.09765236693821908,0.09824874533822726,1.4241816250591744e-33,0.09765236693821908,0.09968365373306527,0.053147569446742225,0.052057940805837824,0.04536517566722002,0.041743943796163675,0.04536517566722002,0.041743943796163675,0.06658201735167718,0.06299496225398406
7,10,0.9540443754452687,0.7900149559634759,0.8773587628397708,0.8226915638076235,32,1024,False,0.15437753963999157,0.15327342898373694,0.0011041106562552023,0.15560961339068138,0.15093721989812728,0.09252450595079827,0.08680049897611733,7.994009634268813e-34,0.153273428983737,1.4082948050889499e-05,0.15636041935245026,0.15637450230050143,9.00591071031939e-05,0.005915078756961013,0.005159441425366911,0.005995194203736785,0.14577777847276036,0.05149257039250213,0.1335564415090944,-0.014148348418651112,0.026977408584869564,0.06974863004143117,0.11730064352741465,0.0018059780559269711,0.011289150803349912,0.15327342898373694,0.15437753963999157,7.994009634268813e-34,0.153273428983737,0.15560961339068138,0.08098918574760808,0.07714936512639578,0.0778148933701468,0.07057828538788517,0.07681268145663599,0.06984903354036093,0.10915694793226335,0.10387901146274137
7,11,0.8436557768277738,0.6830027912985185,0.7928167146664853,0.8225976435344063,32,1024,False,0.09203237749186775,0.08949931364884926,0.002533063843018667,0.09253415148182896,0.09028964706150296,0.07566814208282249,0.07267359670665545,2.1751607722273854e-33,0.08949931364884924,8.970846896350404e-06,0.09092853192612343,0.09093750277301982,9.864848519913346e-05,0.00864731649398643,0.007909130159148643,0.008689928768076212,0.08238051690235432,0.03817283975382104,0.11316344441182394,-0.011698878493327994,0.03019659500501535,0.05617808240640443,0.09686814892484108,0.004333209202741273,0.014230335182219278,0.08949931364884926,0.09203237749186775,2.1751607722273854e-33,0.08949931364884924,0.09253415148182896,0.110200850024917,0.1128134035470796,0.1015500774705516,0.10148831933288685,0.1035346324335823,0.10386574171199725,0.10915694793226335,0.1081272942979897
8,0,0.4295185044930553,0.3422175766744957,0.5045750384660725,0.6051829743954665,32,1024,False,0.07119367385400754,0.06678671116093061,0.0044069626930762764,0.06497026184483899,0.06098843143537244,0.05380738116729148,0.04956662396508536,7.418798557545159e-34,0.06678671116093061,6.822671854978984e-06,0.06673244002546001,0.06673926269731502,0.00010222875679526298,0.005620559426493698,0.004306485881963403,0.004431904047954507,0.05668194555340904,0.017964145549743904,0.08965061678483906,-0.014917837989380192,0.02633759036857832,0.03580898915970465,0.07332314143422991,0.0009275027550756931,0.010478990923729725,0.06678671116093061,0.07119367385400754,7.418798557545159e-34,0.06678671116093061,0.06497026184483899,0.110200850024917,0.1402599447523027,0.11184777245901331,0.15872528307318765,0.11184777245901331,0.15872528307318765,0.1143150580095359,0.16371814269004709
8,1,0.5183017364185017,0.44634656931461464,0.6040996417871561,0.7512092772634359,32,1024,False,0.07176878740644209,0.07007267628932531,0.001696111117116952,0.07068466412929487,0.059027017318218855,0.05297398007839527,0.041200761631382206,1.0729689762030533e-33,0.07007267628932531,2.6432011916544402e-06,0.06816260279065045,0.06816524599184194,3.877637574975935e-05,0.006822945134556992,0.005787132285921014,0.0058888947950781895,0.05323988503229784,0.017814352082592293,0.08813360807419826,-0.013627710090814201,0.027440724901369676,0.03597524954966502,0.07215633868327131,0.002220890026364941,0.011668939230730757,0.07007267628932531,0.07176878740644209,1.0729689762030533e-33,0.07007267628932531,0.07068466412929487,0.110200850024917,0.11953015367814726,0.1015500774705516,0.11086384152636561,0.1035346324335823,0.11294829787607838,0.1115961638623906,0.1196999599598162
8,2,0.7896869518556583,0.5677543617283851,0.7061787403910749,0.814894243782489,32,1024,False,0.08574250516783538,0.08565529617651864,8.720899131695353e-05,0.09128873376933516,0.07322419819065558,0.05965200551188418,0.045833145532350635,9.9416195580478e-34,0.08565529617651864,8.320157134091164e-05,0.0849655492965898,0.08504875086793057,0.0009782809328982697,0.0028037381509732682,0.0019715277811042705,0.00202260779557039,0.07125267040955131,0.02336497994410737,0.095939031079661,-0.016520430409434104,0.022162364550034213,0.04124084604700329,0.07948816051793983,-0.0014032808758202009,0.00702952469146112,0.08565529617651864,0.08574250516783538,9.9416195580478e-34,0.08565529617651864,0.09128873376933516,0.110200850024917,0.1101356064478248,0.1015500774705516,0.10034227148239268,0.1035346324335823,0.10124569722624074,0.10915694793226335,0.10910282785286793
8,3,0.924921811563709,0.6397303018155387,0.763593513469236,0.8460007431246503,32,1024,False,0.04541629184290439,0.04565320984647606,-0.00023691800357171944,0.048915592279280995,0.038859221844827097,0.03814125917566232,0.029715291671937632,5.818878478564128e-35,0.04565320984647606,3.294897419485697e-05,0.045924827323625995,0.04595777629782076,0.0007169401317708958,0.0022597970295023914,0.0003523569805940969,0.0004186648749444691,0.038506864864233,0.00615996067255388,0.07012255767877076,-0.017071121424408586,0.021616341766502005,0.023557660693768412,0.05350961661315523,-0.002010661657550372,0.00642722566408338,0.04565320984647606,0.04541629184290439,5.818878478564128e-35,0.04565320984647606,0.048915592279280995,0.08098918574760808,0.08515923293659204,0.1015500774705516,0.09947975012928183,0.1035346324335823,0.10268867467708956,0.06658201735167718,0.06892978105882394
8,4,0.9450351987743639,0.7098264243516261,0.817511310166669,0.8425895952802246,32,1024,False,0.061494597857369646,0.061037591943564576,0.0004570059138055671,0.06239277260090892,0.0609377908569683,0.05479891227249018,0.05427314578976419,7.78094956831887e-34,0.06103759194356456,3.5839733058085297e-05,0.06137855193805157,0.06141439167110985,0.0005835722227782774,0.002276003976937882,0.0011256725416415466,0.0011864894301580374,0.059812118315326755,0.019819320442522846,0.08977850410245752,-0.017348653932445543,0.02184308573098668,0.03710641055658925,0.07280018088204088,-0.0020767972600879148,0.0065480215271236375,0.061037591943564576,0.061494597857369646,7.78094956831887e-34,0.06103759194356456,0.06239277260090892,0.08098918574760808,0.08454741351583134,0.0778148933701468,0.0832005567691422,0.07681268145663599,0.08135181763713091,0.06658201735167718,0.06948912918748767
8,5,0.9595485245368885,0.7750777510519866,0.8639446100742978,0.8365867078903269,32,1024,False,0.09838035796124359,0.09804814877942922,0.0003322091818139802,0.09652755925793324,0.10429942532481594,0.07495003980164426,0.08149780928530614,7.708864150422619e-35,0.09804814877942922,4.860296438235912e-05,0.10081815905162768,0.10086676201600983,0.00048185312397204473,0.0012493859005146145,0.0014704258215408605,0.0013406461332219496,0.10282899950327508,0.03585819874926492,0.1140418808540236,-0.018650553714507294,0.020851293442960613,0.05338791824760847,0.09708554053213447,-0.0032925552368396893,0.005455235943372827,0.09804814877942922,0.09838035796124359,7.708864150422619e-35,0.09804814877942922,0.09652755925793324,0.053147569446742225,0.052419356475818905,0.0778148933701468,0.08061334416000542,0.07681268145663599,0.07902196625419729,0.06658201735167718,0.06739452663497789
8,6,0.9727197763877671,0.8484613550790949,0.9129647941650216,0.9238350341553611,32,1024,False,0.1164006196269877,0.11639131627800708,9.3033489807982e-06,0.11477592961283645,0.12553168054412064,0.07760992870099485,0.08561007905866658,9.784717897338462e-34,0.11639131627800706,1.8698280471609658e-05,0.11989164800497032,0.11991034628544192,0.00015593550557429906,0.001083077246878428,0.0008022798254822816,0.0008010782017074516,0.12472940071863836,0.038064662619718505,0.11715519478227121,-0.01780283045042432,0.02000827896042296,0.055638759571593255,0.10027335806080373,-0.003004395228344947,0.0051486135489540175,0.11639131627800708,0.1164006196269877,9.784717897338462e-34,0.11639131627800706,0.11477592961283645,0.053147569446742225,0.0491779941272593,0.04536517566722002,0.04266429084752043,0.04536517566722002,0.04266429084752043,0.04724869464743697,0.030226019889756723
8,7,0.9855255619844085,0.912361536343673,0.9516187310616793,0.9615306633491393,32,1024,False,0.06773673602840953,0.06772445888881964,1.2277139589758106e-05,0.06475898206774622,0.0742824001967132,0.053859687479870764,0.06199389306930607,4.278551807875624e-35,0.06772445888881964,1.7485153105162592e-09,0.06900994623927842,0.06900994798779395,2.5337148650300762e-08,0.00014031161547520526,0.0001800985733299112,0.00015491234144038348,0.07410230162338328,0.017837301904380355,0.08988207305536117,-0.018190650082954733,0.01852758909853337,0.03522956254892051,0.0730842960983864,-0.0038151207263581455,0.004050380717671942,0.06772445888881964,0.06773673602840953,4.278551807875624e-35,0.06772445888881964,0.06475898206774622,0.020943680176531816,0.016228949338578658,0.026792857314347746,0.01834018353775116,0.026792857314347746,0.01834018353775116,0.01922012289159209,0.014259097119388314
8,9,0.9913296918630969,0.9456615168378237,0.9714884206306484,0.9443330131411424,32,1024,False,0.03260697871079866,0.03252828307566122,7.8695635137608e-05,0.031371286787712845,0.029000996520418276,0.029153816873917673,0.026453772606028086,2.686236070687012e-33,0.03252828307566122,2.3717513188958704e-06,0.03281535138960185,0.032817723140920727,7.227044084415812e-05,0.0012074234227477383,0.000704801686811862,0.0009438953128311093,0.028296194833606413,-0.0007304385065978608,0.05903807225443321,-0.017386874627496735,0.019902958457548896,0.01685488135990454,0.042796165456820745,-0.00267780580179533,0.005325470199750271,0.03252828307566122,0.03260697871079866,2.686236070687012e-33,0.03252828307566122,0.031371286787712845,0.017276382801540997,0.012578081472817049,0.018699469140487125,0.01569648715354909,0.018699469140487125,0.01569648715354909,0.01922012289159209,0.018159086365378448
8,10,0.9762799791493366,0.8674035328610878,0.9263950292294401,0.9034434693861254,32,1024,False,0.09911492748877085,0.09859194795946732,0.0005229795293036795,0.09797493750256014,0.09470753508805865,0.07652665352915504,0.07242888661031076,4.99633819442897e-34,0.09859194795946732,1.8965037009673604e-05,0.09880694223829499,0.09882590727530456,0.00019190349507079856,0.002598654937521312,0.002235687153671269,0.0027844081434198406,0.09247184793438738,0.03794637567179254,0.11510693138651754,-0.016284399280385133,0.02204102605227835,0.05608784365176689,0.0988943968040985,-0.001239266675838735,0.00707472836074885,0.09859194795946732,0.09911492748877085,4.99633819442897e-34,0.09859194795946732,0.09797493750256014,0.053147569446742225,0.05154454052030984,0.04536517566722002,0.03903460533613631,0.04536517566722002,0.03903460533613631,0.053335636394069685,0.047731097019040665
8,11,0.8747314421119446,0.7399779414394789,0.8332640589897751,0.8737370106099787,32,1024,False,0.09826722859487881,0.0962394396253048,0.0020277889695741423,0.09800592554174355,0.095641023344548,0.08169480120981763,0.0785892168782722,1.8932498235251228e-33,0.0962394396253048,8.634112460724771e-06,0.09624011378110241,0.09624874789356298,8.970623150623044e-05,0.005141143354817484,0.004968114798896652,0.005475846347437371,0.09067290854565135,0.04324114393502111,0.12014845848461415,-0.014413752529330802,0.025494289226089872,0.0613376444671303,0.10389009242499014,0.0010563026953605004,0.009972038635169156,0.0962394396253048,0.09826722859487881,1.8932498235251228e-33,0.0962394396253048,0.09800592554174355,0.08098918574760808,0.08073845465319969,0.0778148933701468,0.07584643914922386,0.07681268145663599,0.07503987367093538,0.06658201735167718,0.06508564077119783
9,0,0.3907525157357763,0.3347971966773823,0.4975447665795699,0.5867933986259831,32,1024,False,0.07659868097121111,0.07187641868717032,0.004722262284040426,0.07520682426676951,0.06659100102910367,0.058416493133950705,0.0505813242867854,1.5830545178650376e-33,0.07187641868717032,3.0756547708383944e-08,0.07159461883554963,0.0715946495920973,4.295928240953202e-07,0.005155596342155062,0.003882890489082313,0.004011506847904161,0.06270811054002136,0.022210920715779243,0.09462206555212216,-0.015371429704736608,0.025859243988289975,0.040220639275503345,0.07848037502117222,0.0004318243300076574,0.009970676270313561,0.07187641868717032,0.07659868097121111,1.5830545178650376e-33,0.07187641868717032,0.07520682426676951,0.1122927597702921,0.1513146136581676,0.11513748652637674,0.16538242922900023,0.11513748652637674,0.16538242922900023,0.1143150580095359,0.16371814269004709
9,1,0.47904353751126455,0.43506384653825114,0.5951770090734543,0.7329730286351639,32,1024,False,0.11759257047804482,0.11560484834041004,0.001987722137634517,0.12113328061418178,0.10239533766175168,0.0804576841174199,0.06401339270660988,3.849329302424433e-33,0.11560484834041004,1.3527364891357379e-05,0.11336365120806435,0.11337717857295602,0.00011931294341261791,0.0060476231523603876,0.004971271014093842,0.005070950324482804,0.09742406664765785,0.041057524410396666,0.11985784382444312,-0.014362344546838112,0.026618055338791257,0.05936745698272716,0.10370068831252865,0.0014214444599929266,0.010828399979800452,0.11560484834041004,0.11759257047804482,3.849329302424433e-33,0.11560484834041004,0.12113328061418178,0.110200850024917,0.11953015367814726,0.1015500774705516,0.11086384152636561,0.1035346324335823,0.11294829787607838,0.1115961638623906,0.1196999599598162
9,2,0.7518606803220881,0.5484690123226277,0.6901030701399642,0.8119306780357856,32,1024,False,0.10166028979825556,0.10139807219517949,0.00026221760307603825,0.10902952758640619,0.08900818931540404,0.07032753151196228,0.05583789758798563,9.391275254196431e-33,0.10139807219517945,7.317354946809639e-05,0.1000185909131289,0.10009176446259702,0.0007310646371454506,0.00216958642849759,0.0018270222503964744,0.0018728571029092928,0.08718116706500756,0.03241200084781795,0.1082430621761066,-0.017080339904517662,0.02144560593546114,0.0504657793790102,0.09185994356084848,-0.0020688038566731848,0.0063097884121816605,0.10139807219517949,0.10166028979825556,9.391275254196431e-33,0.10139807219517945,0.10902952758640619,0.110200850024917,0.1101356064478248,0.1015500774705516,0.10034227148239268,0.1035346324335823,0.10124569722624074,0.10915694793226335,0.10910282785286793
9,3,0.8944394957614558,0.6126198934236927,0.7426779467856364,0.8480074351383126,32,1024,False,0.05811602770941352,0.05820308132101394,-8.705361160066579e-05,0.06491327283962979,0.04867051265507623,0.04960307503473442,0.03672509878780612,7.335764976887821e-33,0.05820308132101393,3.3695397125005584e-05,0.05710640822956636,0.057140103626691106,0.0005896978651831827,0.001631128632088928,0.0005670237844226301,0.0006148664513929885,0.0481034888706536,0.015323084311491701,0.08388306575797713,-0.0176283107652734,0.020917015935603862,0.0329539450322045,0.06735723321617115,-0.002657435310538858,0.005727898838813417,0.05820308132101394,0.05811602770941352,7.335764976887821e-33,0.05820308132101393,0.06491327283962979,0.08098918574760808,0.08515923293659204,0.1015500774705516,0.09947975012928183,0.1035346324335823,0.10268867467708956,0.06658201735167718,0.06892978105882394
9,4,0.9172071099081133,0.6719212393309966,0.7893986833116515,0.7784984573317068,32,1024,False,0.03363258977843322,0.03265901769565882,0.0009735720827745211,0.03849458592483686,0.027999918613377455,0.0327273193391763,0.024339257377161454,1.4315232058095138e-33,0.03265901769565882,1.9933694789094073e-05,0.0313005239915938,0.03132045768638284,0.0006364432789805821,0.0024357818051953957,0.0017863423912422743,0.0018647801119093341,0.02621357622213518,0.0025683358605255377,0.06288630281782706,-0.017451738817228835,0.022295099139318937,0.020011796921608038,0.04653201044857269,-0.0020466852001845837,0.00680091863614507,0.03265901769565882,0.03363258977843322,1.4315232058095138e-33,0.03265901769565882,0.03849458592483686,0.08098918574760808,0.08454741351583134,0.1015500774705516,0.0990627444164253,0.1035346324335823,0.10210016134681137,0.10915694793226335,0.10965360756493799
9,5,0.9358348399297906,0.7302334299924087,0.8326968152397629,0.8024961138078119,32,1024,False,0.04292312385224341,0.04224288803995324,0.0006802358122900681,0.045536863935717715,0.042976818935648545,0.041951219132477686,0.040769943061182874,6.478828332918662e-33,0.042242888039953234,3.4791037991680114e-05,0.04196602291850836,0.04200081395650014,0.0008283419942221328,0.0014416297905133302,0.001984477642320747,0.001924278957716867,0.040992341293327794,0.009933718899953078,0.0739687193650023,-0.018368425285995263,0.021106783845996617,0.026952322165016085,0.0569292434520321,-0.0030413349231821485,0.00569401950633619,0.04224288803995324,0.04292312385224341,6.478828332918662e-33,0.042242888039953234,0.045536863935717715,0.08098918574760808,0.08028031780507443,0.0778148933701468,0.08061334416000542,0.07681268145663599,0.07902196625419729,0.10915694793226335,0.10731279059925367
9,6,0.9533887575491706,0.7990723855602129,0.8817198359089338,0.8622904297673067,32,1024,False,0.09367846650563204,0.09314673325932307,0.0005317332463092945,0.0949372675634992,0.10135290863024798,0.07685996767989982,0.0817304094045388,1.3421633219111632e-32,0.09314673325932306,1.1295981165229756e-05,0.09512658498744421,0.09513788096860927,0.00011873273873901882,0.002136934837747345,0.0027483800230846127,0.0026656841152805357,0.09860452860716337,0.03830305454596,0.11541688081383963,-0.017343597936227275,0.02170470388366801,0.055634582226048224,0.09830080422398169,-0.00216338752215961,0.006404721760191023,0.09314673325932307,0.09367846650563204,1.3421633219111632e-32,0.09314673325932306,0.0949372675634992,0.08098918574760808,0.07663872285794701,0.0778148933701468,0.07255561960912174,0.07681268145663599,0.07217514767159602,0.06658201735167718,0.06523176734159042
9,7,0.9749444465238185,0.8572954534215248,0.9194638327850317,0.879458166998261,32,1024,False,0.12021933543431745,0.11953976300577147,0.000679572428545173,0.11928710456434916,0.13086813254159563,0.0799246223295792,0.08812587064993486,1.0479988450904192e-32,0.11953976300577147,6.767798366216317e-07,0.1220552645722237,0.1220559413520602,5.544833206189583e-06,0.0014427288068275563,0.0024252440635945957,0.0023799225376319615,0.12844288847800103,0.04034957417788794,0.11949967048127046,-0.018069376055011657,0.021047610188142007,0.057851469311572146,0.10253887766884873,-0.002876264123187866,0.005715320570743643,0.11953976300577147,0.12021933543431745,1.0479988450904192e-32,0.11953976300577147,0.11928710456434916,0.053147569446742225,0.05128603963481862,0.04536517566722002,0.04263922921044897,0.04536517566722002,0.04263922921044897,0.06658201735167718,0.06320950484396647
9,8,0.9913296918630969,0.9456615168378237,0.9714884206306484,0.9443330131411424,32,1024,False,0.02780479738038148,0.027259091918337357,0.000545705462044334,0.028599769312762403,0.03217404308834897,0.027684728746481695,0.031379898814667594,3.5246990876335e-33,0.027259091918337357,9.101443095541351e-07,0.027728646755443162,0.027729556899752646,3.28221728477116e-05,0.0011667713446541252,0.0018259956429910265,0.0017963937651199072,0.030348047445357948,-0.001197420838190591,0.05656687833115398,-0.017403328541435403,0.01986425222279459,0.015624841755197849,0.03959283341100672,-0.0028076717353542335,0.005191887219552882,0.027259091918337357,0.02780479738038148,3.5246990876335e-33,0.027259091918337357,0.028599769312762403,0.017276382801540997,0.013501920631133863,0.018699469140487125,0.0172851405444478,0.018699469140487125,0.0172851405444478,0.01922012289159209,0.0177552794157462
9,10,0.9755849190423536,0.9199791834413003,0.9572276784224705,0.9538630579353974,32,1024,False,0.03271324666565554,0.03224993134829239,0.0004633153173630952,0.03396866421384259,0.031072938164276673,0.03257848980614392,0.029559724662948844,4.324668328789307e-33,0.03224993134829239,5.503072471789144e-06,0.03256628760595148,0.032571790678423286,0.00016895210110246027,0.001392440172083776,0.0016381613809586465,0.0019404539056373364,0.029434776783318028,0.0026612329843555688,0.06249574662793227,-0.016930931813575998,0.020010674640970883,0.020162476546829566,0.04616148987406632,-0.00244697681046091,0.005473701567098033,0.03224993134829239,0.03271324666565554,4.324668328789307e-33,0.03224993134829239,0.03396866421384259,0.053147569446742225,0.05154454052030984,0.018699469140487125,0.0165181555585792,0.018699469140487125,0.0165181555585792,0.01922012289159209,0.01882841374287718
9,11,0.8612682088561964,0.7806992518748244,0.8623207805161466,0.8941745994311104,32,1024,False,0.10369181094329033,0.10156308120495157,0.0021287297383381617,0.10880367094254662,0.10169728819449791,0.08924911717421895,0.0820964987955436,2.1724212524372916e-32,0.10156308120495161,3.1002103937685946e-06,0.10129848055100865,0.10130158076140226,3.0603771140260735e-05,0.003958645818010808,0.004489403722129751,0.004836714486735869,0.09720788447236817,0.049707078449749975,0.12879115589868792,-0.015395411776218657,0.02390882132543249,0.06783439902937971,0.11248310385417426,-0.0001352230246993713,0.008530995743058156,0.10156308120495157,0.10369181094329033,2.1724212524372916e-32,0.10156308120495161,0.10880367094254662,0.08098918574760808,0.08073845465319969,0.0778148933701468,0.07584643914922386,0.07681268145663599,0.07503987367093538,0.053335636394069685,0.04719595935291524
10,0,0.45852052350045763,0.3244252781824931,0.48672362829990956,0.6214257925499557,32,1024,False,0.06429900492576322,0.06002657145742729,0.00427243346833577,0.05684547373696586,0.05633297320253829,0.05148843001833877,0.051350289119172485,2.096460341351923e-34,0.06002657145742729,1.0696738190655118e-05,0.059557409608438965,0.05956810634662969,0.00017957156684502074,0.004457399472487934,0.0030776312922227056,0.003179752430859911,0.053255341910315585,0.01645004472972967,0.08652681530694786,-0.015901104250023515,0.024973909176351373,0.03382100787712261,0.06969697366002947,-0.00018118384468834847,0.009178176514978986,0.06002657145742729,0.06429900492576322,2.096460341351923e-34,0.06002657145742729,0.05684547373696586,0.110200850024917,0.1402599447523027,0.11513748652637674,0.16538242922900023,0.11513748652637674,0.16538242922900023,0.1143150580095359,0.16371814269004709
10,1,0.5438016875101533,0.4167158960507936,0.5792041237307584,0.7153971766377031,32,1024,False,0.07460529115710153,0.07270567266277368,0.0018996184943277292,0.06949359610313602,0.06120578708389692,0.050537246709129346,0.0430869324268784,9.138799726582087e-34,0.07270567266277365,3.466174060631469e-07,0.07006852693205963,0.07006887354946546,4.946810024260639e-06,0.005195760806289342,0.004532847565342173,0.004613791557809552,0.056672939518554746,0.015640284887174602,0.08543420853108409,-0.015162174567215097,0.025704546811723523,0.03332869477162603,0.06894848891533911,0.0006154353759484366,0.009964794458937831,0.07270567266277368,0.07460529115710153,9.138799726582087e-34,0.07270567266277365,0.06949359610313602,0.110200850024917,0.11953015367814726,0.1015500774705516,0.11086384152636561,0.1035346324335823,0.11294829787607838,0.1115961638623906,0.1196999599598162
10,2,0.7891474704798188,0.5183598513386038,0.6628679930719974,0.7612519592081054,32,1024,False,0.16689887658741243,0.16656342710817348,0.0003354494792388524,0.16659191129683407,0.15782501601323498,0.08903033019829072,0.08464055153110474,5.021185258618157e-34,0.16656342710817348,9.607252794136156e-05,0.1663523779151058,0.1664484504430481,0.0005771908821358099,0.0019459498688401814,0.0015456101613707622,0.0015641699730734304,0.15627940585186423,0.047552518108547104,0.13050814228803434,-0.01749081211440548,0.02138750298310639,0.06505250804912066,0.11327145003451733,-0.0023406041436828673,0.006160448268929031,0.16656342710817348,0.16689887658741243,5.021185258618157e-34,0.16656342710817348,0.16659191129683407,0.110200850024917,0.1101356064478248,0.1015500774705516,0.10034227148239268,0.1035346324335823,0.10124569722624074,0.1115961638623906,0.10910282785286793
10,3,0.8961208238137786,0.5749403235548146,0.7126250585113274,0.7969526843093894,32,1024,False,0.11157337955920246,0.1115965618009612,-2.3182241758049482e-05,0.11270743496141834,0.10368863027753868,0.07343722696843492,0.06900013409099319,2.336028051087548e-34,0.1115965618009612,6.67911831077524e-05,0.11068187003614904,0.11074866121925682,0.0006030879504314843,0.0011131891687111138,5.318138484698959e-05,6.339678495093535e-05,0.10363544889269169,0.03459189869198448,0.11228255524488537,-0.018313988591822417,0.020534954200701627,0.05197803259943612,0.09510919526655925,-0.0032308158770320006,0.005262104474240914,0.1115965618009612,0.11157337955920246,2.336028051087548e-34,0.1115965618009612,0.11270743496141834,0.08098918574760808,0.08515923293659204,0.1015500774705516,0.09947975012928183,0.1035346324335823,0.10268867467708956,0.10915694793226335,0.10574416924591518
10,4,0.9157556663503417,0.6272202799753585,0.7552251111411932,0.7439280829005988,32,1024,False,0.09532134695490453,0.09434526527305563,0.0009760816818492668,0.09657707049530644,0.08920454629486135,0.07372782466792412,0.07056418019097925,1.686662765319822e-33,0.09434526527305565,4.565826580280156e-05,0.0923792264188457,0.09242488468464846,0.0004940040332058459,0.001824282055926759,0.0008644022301863105,0.0008934698287055062,0.08834014406467504,0.035604093877504364,0.11185155545834387,-0.018261585645653635,0.021838931423648057,0.052925051844795235,0.09467113080609124,-0.002744339479249902,0.006258955480006989,0.09434526527305563,0.09532134695490453,1.686662765319822e-33,0.09434526527305565,0.09657707049530644,0.08098918574760808,0.08454741351583134,0.1015500774705516,0.0990627444164253,0.1035346324335823,0.10210016134681137,0.1115961638623906,0.10965360756493799
10,5,0.9240043770871036,0.6766506567238185,0.793413934257901,0.7628572744562515,32,1024,False,0.13893111667294106,0.1382275140548527,0.0007036026180879225,0.14054301760564267,0.13888442540954984,0.10486236652346843,0.10540287822058417,8.748694270650028e-34,0.1382275140548527,6.461052986803674e-05,0.1380944566766982,0.138159067206566,0.00046765319985430623,0.0012520777159370153,0.0011645848794146112,0.0011421652178644742,0.13771984053013522,0.06250025347462783,0.14722447957230905,-0.018573229340186112,0.020919635593094274,0.07990988826350076,0.12983729357802076,-0.0032154523723875172,0.005528611865884159,0.1382275140548527,0.13893111667294106,8.748694270650028e-34,0.1382275140548527,0.14054301760564267,0.08098918574760808,0.08028031780507443,0.1015500774705516,0.09674062446860394,0.07681268145663599,0.07902196625419729,0.1115961638623906,0.10731279059925367
10,6,0.9376944582855722,0.7385014985692864,0.8406492676136867,0.8194803921728352,32,1024,False,0.21405807747743835,0.213499112571262,0.0005589649061758632,0.21495684218019329,0.22093949683532157,0.12294075903425115,0.12603687663326377,1.1019524029322449e-33,0.21349911257126197,2.7092574369803998e-05,0.2155606700752431,0.2155877626496128,0.0001256684240182807,0.001956272385831707,0.0019869017597454975,0.002069269594212362,0.21895259507557607,0.07853078826534546,0.16735072980315685,-0.017525520312242134,0.02162278877684737,0.09603210539353313,0.14994718610978452,-0.00229521425353596,0.006311453667876776,0.213499112571262,0.21405807747743835,1.1019524029322449e-33,0.21349911257126197,0.21495684218019329,0.08098918574760808,0.07663872285794701,0.0778148933701468,0.07255561960912174,0.07681268145663599,0.07217514767159602,0.10915694793226335,0.09694459101483721
10,7,0.9540443754452687,0.7900149559634759,0.8773587628397708,0.8226915638076235,32,1024,False,0.24304371345025325,0.2422607730151605,0.0007829404350932654,0.24169456158277614,0.2540184475152445,0.11781774675161673,0.12344924870506913,1.1591872746164312e-35,0.2422607730151605,2.5412089253586827e-09,0.24500863203187798,0.24500863457308727,1.0371915788954073e-08,0.0015622064070897898,0.0020371299134204985,0.0020574847820670596,0.251981317601824,0.07368591808147863,0.1619495754217548,-0.01825981877208021,0.02154716361026581,0.09128294169931905,0.14468365377251757,-0.002822425085469149,0.00604886474320665,0.2422607730151605,0.24304371345025325,1.1591872746164312e-35,0.2422607730151605,0.24169456158277614,0.08098918574760808,0.07621493024510967,0.0778148933701468,0.07266939507476754,0.07681268145663599,0.06871231136298009,0.10915694793226335,0.07480091601208803
10,8,0.9762799791493366,0.8674035328610878,0.9263950292294401,0.9034434693861254,32,1024,False,0.10234785226412912,0.10180493782360935,0.0005429144405196121,0.10261948258879808,0.1077471408423425,0.07810626969952543,0.08192119694276026,2.091105400137663e-34,0.10180493782360935,2.0470271713472027e-06,0.10253043817076399,0.10253248519793547,1.996466941570261e-05,0.0011061015315303002,0.0013702208457672667,0.001333262805774122,0.10637691999657524,0.03925511276081594,0.11695742663823491,-0.017939914680014345,0.020327418500377344,0.05669751579989679,0.0999535551891313,-0.002972583766677417,0.005322618344507646,0.10180493782360935,0.10234785226412912,2.091105400137663e-34,0.10180493782360935,0.10261948258879808,0.053147569446742225,0.05071855563778511,0.04536517566722002,0.037486423640723666,0.04536517566722002,0.037486423640723666,0.053335636394069685,0.046182915323628025
10,9,0.9755849190423536,0.9199791834413003,0.9572276784224705,0.9538630579353974,32,1024,False,0.02493170849179212,0.0249192229091746,1.248558261759354e-05,0.024045543414889625,0.026512326974209847,0.022162100199682948,0.024182409311344046,5.472723899520952e-33,0.02491922290917461,1.4531685267898736e-06,0.025099925654966156,0.025101378823492993,5.7891980237747646e-05,0.0003361327883491465,0.00040941862485526463,0.00036906090980573877,0.026102908349354585,-0.005994573855311672,0.05031877425467757,-0.018184646316152537,0.018936530408731795,0.01092579714168096,0.033504981474834494,-0.0035796288357232697,0.004384430932987016,0.0249192229091746,0.02493170849179212,5.472723899520952e-33,0.02491922290917461,0.024045543414889625,0.053147569446742225,0.052057940805837824,0.018699469140487125,0.01569648715354909,0.018699469140487125,0.01569648715354909,0.01922012289159209,0.018159086365378448
10,11,0.8744529279045026,0.8478000118391535,0.9078977315990864,0.9540925790895521,32,1024,False,0.04051746085902238,0.03900872825241786,0.0015087326066044108,0.04443208687401048,0.03988819814564772,0.0423171946490405,0.03737287700337598,4.646834466010946e-33,0.03900872825241787,8.778572327414526e-07,0.038649475526604214,0.038650353383837,2.2712786711765467e-05,0.0024894608221366337,0.002721297489562711,0.0028632368628219947,0.03716690065608501,0.010975680030092659,0.07365870926798834,-0.016300162663000762,0.02159820038286755,0.028632635265239514,0.057402606442337856,-0.0014671982571599074,0.006710062611091416,0.03900872825241786,0.04051746085902238,4.646834466010946e-33,0.03900872825241787,0.04443208687401048,0.08098918574760808,0.08073845465319969,0.04536517566722002,0.045427381586767325,0.04536517566722002,0.045427381586767325,0.01922012289159209,0.01773706618674395
11,0,0.5284609738220807,0.3035307088023247,0.4689596808794295,0.5679068718152064,32,1024,False,0.0701026114707828,0.06625773061708363,0.0038448808536993557,0.06262533346752443,0.06029407401232169,0.05438501270791058,0.05310024758046814,5.675099783507521e-33,0.06625773061708362,1.9563993170385084e-05,0.06493314329610296,0.06495270728927326,0.00030120366012235516,0.004443979138546936,0.0032184804443019556,0.0033313177025752435,0.057075593568019736,0.018556529603005696,0.09021349581281546,-0.015932296289572025,0.024982983883769988,0.036003700966830365,0.07337432868371252,-0.00022614548652200028,0.009151056940027047,0.06625773061708363,0.0701026114707828,5.675099783507521e-33,0.06625773061708362,0.06262533346752443,0.110200850024917,0.11417184357805386,0.11513748652637674,0.16538242922900023,0.11513748652637674,0.16538242922900023,0.1143150580095359,0.16371814269004709
11,1,0.5974882327297751,0.3869965906446079,0.5477331766579338,0.6845703843880121,32,1024,False,0.10708442349328456,0.10580803264911588,0.0012763908441685138,0.10058344246527585,0.09109604832185578,0.06435457344890792,0.055995470270607174,7.054046599780774e-33,0.10580803264911591,4.816366767109655e-06,0.10114774100811175,0.10115255737487878,4.761487887310498e-05,0.005137470949757919,0.004673853458800125,0.004757105752248159,0.08642219486305565,0.026867533697156845,0.101841613200659,-0.01524646762143405,0.025666710688676604,0.044669133494608104,0.08523147336381953,0.0005423430848168209,0.009908946733048651,0.10580803264911588,0.10708442349328456,7.054046599780774e-33,0.10580803264911591,0.10058344246527585,0.110200850024917,0.11953015367814726,0.1015500774705516,0.11086384152636561,0.1035346324335823,0.11294829787607838,0.1115961638623906,0.1196999599598162
11,2,0.7818324845814072,0.4750599658157682,0.622181528353156,0.7254199279908369,32,1024,False,0.314089934759653,0.3142672484684923,-0.00017731370883772453,0.3132583463489127,0.3075653693313585,0.12915314525574162,0.12429207985677322,1.40123095988856e-33,0.3142672484684923,0.0001522219023144029,0.3157892662361487,0.3159414881384633,0.00048180409357219563,0.0019464717395682016,0.002089653766779107,0.0020951482879196623,0.30547571556457936,0.08270251274917016,0.17560377776231306,-0.01752671412444079,0.021423635409324834,0.10035139986575814,0.15810355559369782,-0.002318832790479064,0.0062077442853478715,0.3142672484684923,0.314089934759653,1.40123095988856e-33,0.3142672484684923,0.3132583463489127,0.110200850024917,0.1101356064478248,0.1015500774705516,0.10034227148239268,0.1035346324335823,0.10124569722624074,0.1115961638623906,0.10910282785286793
11,3,0.835380413301603,0.5215939497443147,0.6672890137436428,0.7702731268699992,32,1024,False,0.24493153909073007,0.2455229530840332,-0.0005914139933044549,0.24362508249111023,0.24252453874665733,0.11838790178642379,0.1152630857616147,2.5126729760365627e-33,0.2455229530840332,8.052351736466172e-05,0.24730734137627045,0.24738786489363554,0.00032549501730524586,0.0008994203341672174,0.00041519218196941023,0.0004055913156849319,0.2421093465646879,0.07313965511659598,0.1636361484562516,-0.0186161335887881,0.020398375052418538,0.09088984448317206,0.14634798307088204,-0.0034255506907356903,0.005131206140504219,0.2455229530840332,0.24493153909073007,2.5126729760365627e-33,0.2455229530840332,0.24362508249111023,0.110200850024917,0.10824764874634044,0.1015500774705516,0.09947975012928183,0.1035346324335823,0.10268867467708956,0.1115961638623906,0.10574416924591518
11,4,0.8347479940911376,0.5630862409994658,0.6968911805943385,0.725661178057522,32,1024,False,0.2228175829606463,0.22250768412365643,0.00030989883698894866,0.2203608850058252,0.22271570666579063,0.11935538215595377,0.11859713525085772,5.9280709170942215e-33,0.22250768412365637,4.038707712846307e-05,0.2226488311620514,0.2226892182391802,0.00018136072077403037,0.0016885316585098843,0.0011757819497665723,0.001156973740708575,0.22153992471602404,0.0743622046631866,0.16434855964872094,-0.018648469888665975,0.02192925691161752,0.09215253587171901,0.14714971173816593,-0.0029775341681670398,0.006251495084143244,0.22250768412365643,0.2228175829606463,5.9280709170942215e-33,0.22250768412365637,0.2203608850058252,0.110200850024917,0.10771661821050792,0.1015500774705516,0.0990627444164253,0.1035346324335823,0.10210016134681137,0.1115961638623906,0.10965360756493799
11,5,0.8305373055250105,0.601986968540397,0.7263957035817913,0.7517758063631493,32,1024,False,0.3279727213980903,0.3279765065655558,-3.7851674663288797e-06,0.3246770925583576,0.3365430887939682,0.1379882834324092,0.13976849101844285,1.1819779592063319e-33,0.3279765065655558,5.635937695758211e-05,0.3324382396283765,0.33249459900533374,0.00016950463895107668,0.0008535502843229907,0.0008747145351458303,0.0008615726705117951,0.3356683742588224,0.09123874997121699,0.18473781689360141,-0.01891639681246356,0.020426927139842437,0.10898484607605496,0.16737442567682592,-0.0035785280488198623,0.00510887625569012,0.3279765065655558,0.3279727213980903,1.1819779592063319e-33,0.3279765065655558,0.3246770925583576,0.110200850024917,0.10754749014965988,0.1015500774705516,0.09674062446860394,0.1035346324335823,0.09862116857045436,0.1115961638623906,0.10731279059925367
11,6,0.837436122342411,0.6475506003832674,0.7653198541949162,0.8012296988512295,32,1024,False,0.4211071381925809,0.42129566228207166,-0.00018852408949196665,0.41781750160993025,0.43510608407256035,0.1448679130371172,0.1488635098050745,2.1399221604302623e-33,0.42129566228207166,1.6586922247012526e-05,0.42765108421336495,0.4276676711356135,3.878460628779399e-05,0.0016744081701758505,0.0018546922416770545,0.0019972008825767233,0.4332513918308833,0.09778690368386694,0.19194892239036748,-0.017691454556439785,0.021248712167246046,0.11557208633894334,0.1746240268694237,-0.0024979283116408624,0.006033548932464328,0.42129566228207166,0.4211071381925809,2.1399221604302623e-33,0.42129566228207166,0.41781750160993025,0.110200850024917,0.10580733393637576,0.1015500774705516,0.08870797486269989,0.1035346324335823,0.09108539724181028,0.10915694793226335,0.09694459101483721
11,7,0.8436557768277738,0.6830027912985185,0.7928167146664853,0.8225976435344063,32,1024,False,0.4495105431904206,0.4496372592014913,-0.0001267160110726054,0.44457705004402837,0.46506977869771626,0.1389530475455943,0.14459496349115752,2.7073761049192433e-33,0.4496372592014913,8.922142539623126e-06,0.45493707252886634,0.45494599467140534,1.961143222299899e-05,0.001562101039521512,0.0019400419110401081,0.002077093285602841,0.4631297367866761,0.09218091631037911,0.18572517878080946,-0.01825988943381531,0.021598925183123764,0.1100114501095959,0.16848851854592795,-0.002796546323224902,0.006101709965150803,0.4496372592014913,0.4495105431904206,2.7073761049192433e-33,0.4496372592014913,0.44457705004402837,0.110200850024917,0.09253415148182896,0.1015500774705516,0.07266939507476754,0.1035346324335823,0.0739884229786967,0.10915694793226335,0.07480091601208803
11,8,0.8747314421119446,0.7399779414394789,0.8332640589897751,0.8737370106099787,32,1024,False,0.2043387245783448,0.20461310180645925,-0.00027437722811451623,0.2031136697522818,0.20933139313599763,0.10537062276827606,0.10761969844877634,1.4991631280104683e-33,0.20461310180645925,2.0397843335224545e-05,0.20515059309991523,0.20517099094325025,9.941874941212588e-05,0.0012278735632980345,0.0013875141115564614,0.0015691219180468663,0.20794387902444117,0.06252120342932962,0.1482200421072225,-0.01801152685927121,0.020787062240230983,0.08023313341254834,0.1311755866627209,-0.0028567506960825995,0.005623315446428023,0.20461310180645925,0.2043387245783448,1.4991631280104683e-33,0.20461310180645925,0.2031136697522818,0.08098918574760808,0.07875909015286958,0.0778148933701468,0.07676802880081875,0.07681268145663599,0.07580653490581758,0.06658201735167718,0.06238013282280419
11,9,0.8612682088561964,0.7806992518748244,0.8623207805161466,0.8941745994311104,32,1024,False,0.08202121316548515,0.08262494883759544,-0.0006037356721107487,0.0790898980904588,0.08170145707781985,0.05782998275498931,0.05904916434416911,1.4268480622276455e-32,0.08262494883759545,2.759194960275745e-05,0.08193206705646333,0.08195965900606617,0.00033665281111912944,0.0008310307515837362,0.0007852020186671181,0.0009847471853765765,0.08091625505915273,0.021564301840211582,0.09409566366976704,-0.018189509064272455,0.020142240600470207,0.03916085731179919,0.07744872063631192,-0.0031673105622758158,0.005150922544999048,0.08262494883759544,0.08202121316548515,1.4268480622276455e-32,0.08262494883759545,0.0790898980904588,0.08098918574760808,0.08204733477829736,0.0778148933701468,0.07704733886043272,0.07681268145663599,0.07616875237354521,0.053335636394069685,0.05047405176113756
11,10,0.8744529279045026,0.8478000118391535,0.9078977315990864,0.9540925790895521,32,1024,False,0.011591145996413522,0.012330744634079266,-0.0007395986376657539,0.010738927948780152,0.009629803483777339,0.008040888375902625,0.006290546047720709,2.2504496749970254e-33,0.012330744634079271,9.731549577356741e-06,0.011779297638746347,0.01178902918832368,0.00082547506006646,0.0008853565811479358,0.0008031723218330208,0.0010739646722289773,0.008826631161944317,-0.015977969453871678,0.03205974620567693,-0.01747421101520523,0.019507919272548878,0.0009242496162187308,0.015541222725005355,-0.002940777310868725,0.004987421503756195,0.012330744634079266,0.011591145996413522,2.2504496749970254e-33,0.012330744634079271,0.010738927948780152,0.08098918574760808,0.08037367300422697,0.04536517566722002,0.04545682992870647,0.04536517566722002,0.04545682992870647,0.01922012289159209,0.01882841374287718
