source,target,cka,cca_shared,procrustes_shared,probe_cosine,metric_rank,metric_examples,full_dim_cca_saturation_possible,train_raw,train_geometry,residual_correction,cal_raw,test_raw,cal_clipped,test_clipped,train_mean_term,train_variance_term,test_mean_term,test_variance_term,test_geometry,mean_fraction,aligned_cal_raw,aligned_test_raw,aligned_test_clipped,alignment_raw_reduction,bernstein_lo,bernstein_hi,bernstein_aligned_lo,bernstein_aligned_hi,betting_lo,betting_hi,betting_aligned_lo,betting_aligned_hi,prediction__training_geometry,prediction__direct_training,prediction__mean_only,prediction__variance_only,prediction__direct_calibration,prediction__cka_common,prediction__cka_held_target,prediction__cca_shared_common,prediction__cca_shared_held_target,prediction__procrustes_shared_common,prediction__procrustes_shared_held_target,prediction__probe_cosine_common,prediction__probe_cosine_held_target
0,1,0.9633673997314688,0.6227367244377335,0.7543795512957204,0.7153796328268526,32,1024,False,0.03120954888701785,0.03119849865048127,1.1050236536719764e-05,0.030536568603117285,0.03290030858036018,0.023392263707924032,0.022915815116654754,1.9026714062748604e-33,0.03119849865048127,1.8996823030127268e-05,0.03158761410745603,0.031606610930486195,0.0006010395442873585,0.006373673786131055,0.007135396320119491,0.0074275932630897155,0.025764912260240688,-0.005566211802044894,0.05235073921789296,-0.015277038506906388,0.02853298946183371,0.01160986308241263,0.035799039382254705,0.001119034925068263,0.012216269817145076,0.03119849865048127,0.03120954888701785,1.9026714062748604e-33,0.03119849865048127,0.030536568603117285,0.08865735404465236,0.09207622377650736,0.1715059002415185,0.1820295782578291,0.17503016303281055,0.18699552651195814,0.20425000546744596,0.23582125853578878
0,2,0.790710812907138,0.4805257541654796,0.6339963614834574,0.5330942933824666,32,1024,False,0.09992525798981251,0.09991727680490016,7.98118491188418e-06,0.10341216902936375,0.09775277504452301,0.05472740952653027,0.050443887742167084,2.459945433098502e-34,0.09991727680490016,3.0578955034378164e-05,0.09941052153714003,0.0994411004921746,0.0003075082122284491,0.0063413709160804015,0.00623070422083111,0.006493407767237548,0.0915220708236919,0.018972989380343697,0.09048182967271684,-0.015442402153665578,0.02835286517051371,0.0364520335351699,0.07370625979820034,0.0008772752044023946,0.011960493167862296,0.09991727680490016,0.09992525798981251,2.459945433098502e-34,0.09991727680490016,0.10341216902936375,0.20056784039219844,0.2114989512185001,0.1715059002415185,0.1812346328663574,0.1762533524651251,0.1832084193753221,0.21726770849549007,0.21494978436453588
0,3,0.5347580940650295,0.42289033179032154,0.5834854268939083,0.5553506417503946,32,1024,False,0.12540296178786803,0.1254022970931074,6.646947599320876e-07,0.1307890658541397,0.11715968697982333,0.07308918818247027,0.062116993394299894,3.1934198778994526e-33,0.1254022970931074,4.7325609793791666e-05,0.12153161246718806,0.12157893807698175,0.00038925829212150116,0.007006998663178308,0.00595282266401289,0.006317027307261566,0.11120686431581045,0.034298799344702376,0.11187957702023818,-0.015305071594738182,0.029538718251121244,0.05185781629552366,0.09494831653864821,0.0011241644315305166,0.012970211420906708,0.1254022970931074,0.12540296178786803,3.1934198778994526e-33,0.1254022970931074,0.1307890658541397,0.20056784039219844,0.1958188697257195,0.21860040413774443,0.22241828841094466,0.21860040413774443,0.22241828841094466,0.21726770849549007,0.220320346261655
0,4,0.4761707915457458,0.39363885911551955,0.5550768717039741,0.5607475677719591,32,1024,False,0.19437988910066667,0.19436677572981492,1.3113370851748888e-05,0.20445972617934505,0.18262968876902383,0.10828648141124643,0.09199176043156745,3.358624607785034e-33,0.19436677572981498,5.019369095823195e-05,0.18838793868982695,0.18843813238078497,0.0002663669519755344,0.01192413194799246,0.009155995839867951,0.009775140035324276,0.17347369292915588,0.06502452827145705,0.1515484345510358,-0.011428664796517904,0.035856644040112816,0.08301422195654595,0.13473480711400043,0.005221243482083082,0.019191284605767578,0.19436677572981492,0.19437988910066667,3.358624607785034e-33,0.19436677572981498,0.20445972617934505,0.22188604312991111,0.22291112059759147,0.21860040413774443,0.21921521622289222,0.21860040413774443,0.21921521622289222,0.21726770849549007,0.21227821220778093
0,5,0.42138711505092014,0.3708480361366301,0.5349408165962304,0.607316801032186,32,1024,False,0.2450414672184755,0.24503778244794486,3.684770531564491e-06,0.2614018924950106,0.23500863196737146,0.12517839234945372,0.10949742825467303,1.6063303442079293e-33,0.24503778244794486,0.00014252180741966533,0.24067893285594474,0.24082145466336446,0.0005918152417893637,0.012918978260624634,0.009665109191059132,0.010424894204891327,0.2253435227763123,0.08005862919399272,0.17029815550491473,-0.010449411091166951,0.03698754994269361,0.09814127026766073,0.1534302226791624,0.006539849688124377,0.020582881275913678,0.24503778244794486,0.2450414672184755,1.6063303442079293e-33,0.24503778244794486,0.2614018924950106,0.22188604312991111,0.21945251482278852,0.21860040413774443,0.2167394698613416,0.21860040413774443,0.2167394698613416,0.21726770849549007,0.21534883093029353
0,6,0.4040345381338383,0.3601009910554177,0.5237790293510111,0.5639514280664301,32,1024,False,0.23422900724805776,0.23421783641987823,1.1170828178793544e-05,0.2524654251955849,0.23023216812507818,0.11824079132426649,0.106770951495844,7.213455050905728e-35,0.23421783641987823,5.295394972598169e-05,0.23428811122681018,0.23434106517653602,0.0002259695699773743,0.01681027127493269,0.014504553144541504,0.01536493454951055,0.2157276149805367,0.07436948104449917,0.1621121016040338,-0.006803913403257512,0.041998455348895396,0.09226050147844944,0.1451439548327471,0.01007128741912311,0.025396633231139276,0.23421783641987823,0.23422900724805776,7.213455050905728e-35,0.23421783641987823,0.2524654251955849,0.22188604312991111,0.22008725594957737,0.21860040413774443,0.21712801191783832,0.21860040413774443,0.21712801191783832,0.21726770849549007,0.21573737298679024
0,7,0.38650853861674334,0.34947280184469226,0.5135832778996459,0.5318006864346967,32,1024,False,0.2542117574235175,0.2541936758558685,1.8081567649303724e-05,0.27522434669170537,0.2583983715579465,0.12260985029130177,0.1148681218265624,5.764115730556558e-34,0.2541936758558685,1.935310905441029e-05,0.25944084647692195,0.2594601995859762,7.458989504090524e-05,0.017046471313139477,0.015575261704840214,0.01670063007498904,0.24282310985310626,0.07816627445812767,0.16705342612447588,-0.006400114298495595,0.042354292661162425,0.09610098255507182,0.15010253887157887,0.010439831021358259,0.025729627996042836,0.2541936758558685,0.2542117574235175,5.764115730556558e-34,0.2541936758558685,0.27522434669170537,0.22188604312991111,0.2152981207146088,0.21860040413774443,0.21351049338187308,0.21860040413774443,0.21351049338187308,0.21726770849549007,0.21474785466087198
0,8,0.4295185044930553,0.3422175766744957,0.5045750384660725,0.5159719598099493,32,1024,False,0.3146220168651927,0.3145999191530818,2.20977121090563e-05,0.3369304216610322,0.3264565414422218,0.12848848501801588,0.12226979463658294,3.2882899886035577e-34,0.3145999191530818,4.836452354240082e-06,0.3242215928308219,0.3242264292831749,1.4916897320594401e-05,0.020325488658417643,0.018581191189642566,0.019659258900689088,0.3078753502525792,0.08294324413757717,0.1740337258984546,-0.00358136393064009,0.0461284993712893,0.10082164488267154,0.15694787674146937,0.013138954906025901,0.029389204522885848,0.3145999191530818,0.3146220168651927,3.2882899886035577e-34,0.3145999191530818,0.3369304216610322,0.22188604312991111,0.2136426279638638,0.21860040413774443,0.2062169297119048,0.21860040413774443,0.2062169297119048,0.21760901725839554,0.21321202364762423
0,9,0.3907525157357763,0.3347971966773823,0.4975447665795699,0.5170888654399186,32,1024,False,0.35483310099100807,0.3548170992559597,1.6001735048401582e-05,0.3821151845786533,0.37220645186838336,0.12460775909761222,0.12191348496403658,9.910202076857227e-33,0.3548170992559597,3.621702874196149e-06,0.3714019065593871,0.3714055282622595,9.751343473915033e-06,0.01946266009466907,0.017727498036970667,0.019050048630034892,0.3544789538314127,0.0791955687888381,0.17001994940638634,-0.004162956975505644,0.045408090936747005,0.09717119023844134,0.1530418826805544,0.012632417492568493,0.028764403323293664,0.3548170992559597,0.35483310099100807,9.910202076857227e-33,0.3548170992559597,0.3821151845786533,0.22188604312991111,0.20055614999910468,0.22498383875962777,0.20314863420601503,0.22498383875962777,0.20314863420601503,0.21760901725839554,0.2004300766064025
0,10,0.45852052350045763,0.3244252781824931,0.48672362829990956,0.5500683053609019,32,1024,False,0.3572225217308503,0.3572078236171717,1.4698113677731916e-05,0.3780588708124152,0.37531688414187936,0.11820163611616816,0.12052954820788862,4.94147435649854e-33,0.3572078236171717,4.824672106229658e-06,0.36837101027732083,0.36837583494942766,1.3097146035358185e-05,0.02157098799636684,0.019030288208541187,0.020638187473539474,0.35628659593333817,0.07284428626545329,0.163558985966883,-0.0018575686520217807,0.04725389881958573,0.09079487150302157,0.14658639942354057,0.01489761630364228,0.03056215246033389,0.3572078236171717,0.3572225217308503,4.94147435649854e-33,0.3572078236171717,0.3780588708124152,0.22188604312991111,0.21047890110606507,0.22498383875962777,0.20656683921531555,0.22498383875962777,0.20656683921531555,0.21726770849549007,0.19967855236263338
0,11,0.5284609738220807,0.3035307088023247,0.4689596808794295,0.4893581783284923,32,1024,False,0.30530727514036143,0.3052627456797819,4.4529460579651146e-05,0.32285847460669687,0.3085930509684211,0.11574248619512413,0.10998725893975804,2.151064221538304e-33,0.3052627456797819,0.00013859482694383304,0.30564001765072574,0.3057786124776703,0.0004532521938693604,0.024569652301848783,0.023193626913553027,0.02490535055885652,0.28539942405486807,0.07158111176441076,0.1599038606258375,0.00075919126651805,0.050843123331822726,0.08982679057953646,0.14334138181584422,0.017297486410825513,0.03392315852397587,0.3052627456797819,0.30530727514036143,2.151064221538304e-33,0.3052627456797819,0.32285847460669687,0.20056784039219844,0.2037693580666201,0.22498383875962777,0.21941438458785478,0.22498383875962777,0.21941438458785478,0.21760901725839554,0.21918955748103325
1,0,0.9633673997314688,0.6227367244377335,0.7543795512957204,0.7153796328268526,32,1024,False,0.0480363183611953,0.04796970047530892,6.66178858864329e-05,0.0413098300478019,0.05225117815586538,0.04150426883440895,0.052568175558632586,2.219395787980731e-33,0.04796970047530892,2.2413141511407715e-05,0.047956311931125296,0.04797872507263667,0.00046714750084491985,0.002980265204629631,0.002579418703946626,0.002912857066761388,0.049671759451918755,0.00805571471059039,0.0749528229582275,-0.017642870102667758,0.024152259577674872,0.024913211629609577,0.05766724499699194,-0.001667651733441744,0.008166008818079717,0.04796970047530892,0.0480363183611953,2.219395787980731e-33,0.04796970047530892,0.0413098300478019,0.08865735404465236,0.09144250251505533,0.1715059002415185,0.17627817105509713,0.17503016303281055,0.18112862825508463,0.20425000546744596,0.21906274868741357
1,2,0.8792880830616268,0.6898162305816027,0.8095852269431204,0.7773150293263719,32,1024,False,0.06934004114111876,0.06934070060799659,-6.594668784584007e-07,0.07594954181984716,0.06028021645474964,0.055873540660317675,0.04414149475884607,3.989911403157013e-34,0.06934070060799659,3.238872644995157e-05,0.06684928866427522,0.06688167739072505,0.000484269051159341,0.001445678673045068,0.0015912164847388351,0.0017002647647462788,0.058688999970010806,0.020628772342741908,0.09111830897789344,-0.018346716830325353,0.021367628215984678,0.03845786562305875,0.0747177130979253,-0.002947842986031901,0.005881780678464565,0.06934070060799659,0.06934004114111876,3.989911403157013e-34,0.06934070060799659,0.07594954181984716,0.13352021051287263,0.14246272787781242,0.1287266968369083,0.13487718736251791,0.1286075596141975,0.13487718736251791,0.18120758437828752,0.19887262565932293
1,3,0.6255190659873765,0.5841094357516341,0.7272991945305025,0.7456785707304252,32,1024,False,0.2625646962104539,0.2625678840346983,-3.1878242422262263e-06,0.2682640993637546,0.2501809426095493,0.12196861828013615,0.11439199969466023,2.7557297860563255e-33,0.2625678840346983,1.2705473634571624e-05,0.25923727023444737,0.2592499757080822,4.900858177467334e-05,0.002298919753774981,0.0017015818776394429,0.0020122935838147856,0.24847936073190988,0.07609614885026746,0.16784108771000483,-0.018416853974243162,0.0232140092837224,0.09448485972825438,0.15124547621235251,-0.0025674018543213606,0.007185641923570074,0.2625678840346983,0.2625646962104539,2.7557297860563255e-33,0.2625678840346983,0.2682640993637546,0.20056784039219844,0.1958188697257195,0.1715059002415185,0.16868605106951134,0.17503016303281055,0.17310901885483992,0.18120758437828752,0.17344431720738074
1,4,0.5717097431216005,0.5330137421179153,0.681938756580954,0.7651565624908502,32,1024,False,0.34785497634986495,0.34784765963427716,7.316715587750914e-06,0.3571321413161157,0.33460529557546864,0.1433787907689887,0.133992588238626,4.371946570645443e-36,0.34784765963427716,2.3090367966344116e-05,0.3426034628363175,0.34262655320428403,6.73922314263161e-05,0.006663386215148332,0.004663818783528292,0.005238596202169045,0.32994147679194036,0.09553826374497423,0.1912193177930032,-0.015362621096250102,0.0292581339686946,0.11403225026879227,0.1745680309686577,0.001091629033908248,0.012775012299243826,0.34784765963427716,0.34785497634986495,4.371946570645443e-36,0.34784765963427716,0.3571321413161157,0.20056784039219844,0.19241721046756344,0.1715059002415185,0.1655624599392572,0.1762533524651251,0.1695402347691556,0.18120758437828752,0.176408310722093
1,5,0.5151810636559061,0.49863145194068503,0.6530005538189125,0.7112196505292352,32,1024,False,0.2894380394821778,0.2894312134476451,6.8260345330300826e-06,0.2967302953418379,0.27663989475944595,0.14052542875503227,0.13175129662025253,8.974528815928873e-34,0.28943121344764505,4.423364097079577e-05,0.28293460814367566,0.28297884178464616,0.00015631430495591136,0.007760159206768672,0.005655796040969081,0.006380940803226341,0.27098409871847684,0.09310296968839632,0.1879478878216682,-0.01424883708069881,0.030458610631894784,0.11148895957012428,0.17122547787585063,0.002342119158129208,0.014092913144850172,0.2894312134476451,0.2894380394821778,8.974528815928873e-34,0.28943121344764505,0.2967302953418379,0.20056784039219844,0.19319400108589024,0.1715059002415185,0.1617669363457916,0.1762533524651251,0.16290094201206143,0.20425000546744596,0.18015898466246688
1,6,0.4970397898305925,0.48085055563709866,0.6349662886200333,0.7752341301674205,32,1024,False,0.2219155401082101,0.22191056509466459,4.975013545581395e-06,0.22677407133987093,0.21549979268947225,0.12409214501042316,0.11864307820139322,1.3627109914506329e-35,0.22191056509466459,6.589309027492633e-06,0.21734907990286562,0.21735566921189298,3.031579094018905e-05,0.010314470340893396,0.009315791871661991,0.010150323886983037,0.20618400081781027,0.07847403394222717,0.16971025607861917,-0.011871112394554007,0.03406816040648007,0.09674370106949937,0.15301698463008506,0.004697306132584345,0.01745117420796305,0.22191056509466459,0.2219155401082101,1.3627109914506329e-35,0.22191056509466459,0.22677407133987093,0.20056784039219844,0.19010877218839506,0.1715059002415185,0.16693595137072442,0.1762533524651251,0.17384760394728005,0.18120758437828752,0.15981768819025946
1,7,0.47779680268676467,0.46132151186860654,0.6171849958496309,0.739868809490352,32,1024,False,0.2752394809583487,0.2752282744496122,1.1206508738230907e-05,0.2739544982129535,0.2680294885006292,0.12696437753875517,0.1255672483960306,2.2649566139077922e-33,0.2752282744496122,2.9657567455716043e-06,0.2712419993779124,0.2712449651346592,1.0933868372816647e-05,0.011197209576693882,0.01076991957257371,0.011870942250320864,0.25725956892805546,0.08064447780607076,0.17328427727143958,-0.011086516418954459,0.0353359118901152,0.09900538405781845,0.15664998914144235,0.005570921624894254,0.018719603518547956,0.2752282744496122,0.2752394809583487,2.2649566139077922e-33,0.2752282744496122,0.2739544982129535,0.22188604312991111,0.2152981207146088,0.21860040413774443,0.21351049338187308,0.21860040413774443,0.21351049338187308,0.18120758437828752,0.16803407559489345
1,8,0.5183017364185017,0.44634656931461464,0.6040996417871561,0.7210852468796133,32,1024,False,0.3967847427063543,0.3967696862769688,1.5056429385478743e-05,0.39592571688744005,0.39098026007614944,0.14403392618873193,0.14170284064305347,6.35137422665589e-33,0.3967696862769689,4.554777557803633e-06,0.3941576845678939,0.3941622393454513,1.1555590828201429e-05,0.014616223524275534,0.013325444975258036,0.01439225312276037,0.3776548151008914,0.09593461183862992,0.19213324053883393,-0.00835199304776239,0.039480268282625214,0.11429838082403876,0.17536284244124545,0.008368071823497303,0.022801890219852794,0.3967696862769688,0.3967847427063543,6.35137422665589e-33,0.3967696862769689,0.39592571688744005,0.20056784039219844,0.19859572445828166,0.21860040413774443,0.20157315113100252,0.21860040413774443,0.20157315113100252,0.20425000546744596,0.18273791148681037
1,9,0.47904353751126455,0.43506384653825114,0.5951770090734543,0.6836105274588163,32,1024,False,0.5310730410082337,0.5310604064592975,1.2634548933858477e-05,0.5293270877091178,0.5226000425248643,0.1519360873893939,0.15067364219535267,1.6348354769350431e-34,0.5310604064592975,7.733001091663318e-07,0.5283766674625802,0.5283774407626897,1.4635373305304387e-06,0.013536992625768124,0.012092412772245048,0.013400430845058408,0.5105076297526192,0.10302085030949146,0.20085132446929635,-0.009092703335747512,0.03848602519256858,0.12142213891638676,0.1840503998901113,0.00772075309214415,0.021924112646956928,0.5310604064592975,0.5310730410082337,1.6348354769350431e-34,0.5310604064592975,0.5293270877091178,0.22188604312991111,0.1999945352287822,0.21860040413774443,0.19435976383833536,0.21860040413774443,0.19435976383833536,0.21726770849549007,0.2004300766064025
1,10,0.5438016875101533,0.4167158960507936,0.5792041237307584,0.6633804458578207,32,1024,False,0.4323222684478641,0.43230620612425985,1.6062323602570484e-05,0.424630855296688,0.42310986595029976,0.15415858304500446,0.15569441184264315,1.9802334650991785e-32,0.43230620612425985,4.6577602552084345e-06,0.4264613010016662,0.4264659587619224,1.0921763295552182e-05,0.015628470477278122,0.013338772623005401,0.014916919006405922,0.40977109332729433,0.10472800350815945,0.20358916258184948,-0.006840599362706683,0.04035113503568957,0.12308632253552787,0.18672114403307205,0.009875111019937322,0.023686606567935087,0.43230620612425985,0.4323222684478641,1.9802334650991785e-32,0.43230620612425985,0.424630855296688,0.20056784039219844,0.197512772648899,0.21860040413774443,0.20656683921531555,0.21860040413774443,0.20656683921531555,0.21726770849549007,0.19967855236263338
1,11,0.5974882327297751,0.3869965906446079,0.5477331766579338,0.6380688320888778,32,1024,False,0.2529882358932065,0.252946686820426,4.154907278118376e-05,0.23841704030305208,0.24577214881282056,0.13890700785501475,0.1431805433425988,4.561458077173147e-35,0.252946686820426,1.2604970704142196e-05,0.24655867571427537,0.24657128068497952,5.112100107167938e-05,0.01883841776650868,0.017372133588034983,0.019049303431684532,0.22840001522478556,0.09164223340720813,0.1861717823028214,-0.00409964069821897,0.044237397057007646,0.10993367620540084,0.16939828205067897,0.012411793148203287,0.027323266338498797,0.252946686820426,0.2529882358932065,4.561458077173147e-35,0.252946686820426,0.23841704030305208,0.20056784039219844,0.2037693580666201,0.21860040413774443,0.21941438458785478,0.21860040413774443,0.21941438458785478,0.21726770849549007,0.21918955748103325
2,0,0.790710812907138,0.4805257541654796,0.6339963614834574,0.5330942933824666,32,1024,False,0.10341204757159686,0.10330650431700236,0.00010554325459450591,0.09172205463777652,0.10776459332387454,0.08688269863255318,0.10318427250203208,1.0343796582377117e-33,0.10330650431700239,7.409124735457906e-05,0.10552906923319927,0.10560316048055389,0.0007016006624936426,0.005882871571224898,0.005422915913718848,0.005969755750562579,0.1023416774101557,0.045632696931157415,0.12813270033394897,-0.016085763482627604,0.028603001307164092,0.0629307085837354,0.11077044515695889,0.00040255791100207716,0.012131693933042698,0.10330650431700236,0.10341204757159686,1.0343796582377117e-33,0.10330650431700239,0.09172205463777652,0.20056784039219844,0.20829914534123525,0.1715059002415185,0.17627817105509713,0.1762533524651251,0.18112862825508463,0.21726770849549007,0.25015559150955685
2,1,0.8792880830616268,0.6898162305816027,0.8095852269431204,0.7773150293263719,32,1024,False,0.0461726432640551,0.04613356801903141,3.9075245023833106e-05,0.040111123074252165,0.04864670402947883,0.03920066689091709,0.04805069032606253,6.9395009085687515e-34,0.04613356801903141,6.085954604646132e-05,0.0469394823877419,0.04700034193378836,0.0012948745379809594,0.004012625379776218,0.0038752552791763636,0.004140751337601837,0.044771448750302464,0.006442358520829451,0.07195897526100473,-0.01646187085612789,0.025000226328080476,0.02334693160810275,0.05478808605403174,-0.0004578346706693992,0.009196172104566358,0.04613356801903141,0.0461726432640551,6.9395009085687515e-34,0.04613356801903141,0.040111123074252165,0.13352021051287263,0.1361890415825475,0.1287266968369083,0.13200875512441407,0.1286075596141975,0.13146228337355056,0.18120758437828752,0.20192200396516802
2,3,0.8940531597309994,0.8378201317548986,0.9083840885976204,0.9097029471771668,32,1024,False,0.008873995145258414,0.008874071251348939,-7.61060905963909e-08,0.007769142461521702,0.01169737602696522,0.007266025090374986,0.011097855029361402,3.186104511195578e-33,0.008874071251348937,8.386085139555312e-06,0.00865469806903553,0.008663084154175117,0.0009680253579798936,0.0010177563329850279,0.00028930959227942523,0.0004667969968330968,0.011408066434685796,-0.01637753885166157,0.030909589032411547,-0.017831240746611618,0.019997665524045506,0.0006516935245599598,0.01453579460940091,-0.003019719137228094,0.005134686456585769,0.008874071251348939,0.008873995145258414,3.186104511195578e-33,0.008874071251348937,0.007769142461521702,0.13352021051287263,0.14347631169324127,0.0731858447154279,0.08259742936797096,0.0731858447154279,0.08259742936797096,0.04518058944964064,0.058331850366531594
2,4,0.8551492449391374,0.7372863760810142,0.8403162166593243,0.8361795325726396,32,1024,False,0.01919416851991049,0.019176778946584424,1.738957332610466e-05,0.017273917292775498,0.0271293955994567,0.016381672289912625,0.02545018773564045,5.065157770120082e-33,0.01917677894658442,9.434774659617948e-06,0.01917959371116957,0.019189028485829217,0.0004916754731270202,0.0050210388830459725,0.0034315503828890996,0.003937644530239992,0.0236978452165676,-0.01025981205214194,0.043023156631967194,-0.01610697774175157,0.02667182119521759,0.006905419628310483,0.02661183656164212,9.985548967961222e-05,0.010523564378672745,0.019176778946584424,0.01919416851991049,5.065157770120082e-33,0.01917677894658442,0.017273917292775498,0.13352021051287263,0.13983271558014965,0.1287266968369083,0.1371242000133892,0.1286075596141975,0.13583446195019372,0.10094853445942072,0.10855531783820666
2,5,0.8097366956786827,0.6732478524067155,0.792999362470449,0.7771513956676365,32,1024,False,0.04473346170489319,0.04471790475396431,1.5556950928979292e-05,0.041891598328726305,0.05870859051210791,0.039565352159916564,0.05487838614918163,4.98841158035919e-33,0.04471790475396431,1.639813631785118e-07,0.04721662403663292,0.04721678801799625,3.472946171518736e-06,0.005823980810099741,0.0038988199423099145,0.004586378045361871,0.054809770569797994,0.00703934281838739,0.07209136150144574,-0.015236421938364483,0.027538420639622405,0.02436722600396024,0.055377849079377484,0.001100413064705208,0.011516356906213332,0.04471790475396431,0.04473346170489319,4.98841158035919e-33,0.04471790475396431,0.041891598328726305,0.20056784039219844,0.19319400108589024,0.1715059002415185,0.16093012681146235,0.1286075596141975,0.13205335537178323,0.18120758437828752,0.18015898466246688
2,6,0.7948180659854015,0.6317347806537428,0.7600235163340764,0.768844717040053,32,1024,False,0.11470519731010366,0.11468531925194127,1.9878058162003424e-05,0.11132841674456258,0.13778786669350335,0.09114279493444766,0.11118415047906967,1.0253241014831705e-33,0.11468531925194128,1.1486858466136497e-07,0.12109972165388247,0.12109983652246722,9.485445064168506e-07,0.009319545982037382,0.00832152347407977,0.00913335850209446,0.12946634321942357,0.050126110590422844,0.13215947927847246,-0.012487876588807366,0.032678244271343256,0.06800047743308824,0.11544821212737588,0.004117338416108396,0.01621297633391805,0.11468531925194127,0.11470519731010366,1.0253241014831705e-33,0.11468531925194128,0.11132841674456258,0.20056784039219844,0.19010877218839506,0.1715059002415185,0.14918596162828923,0.17503016303281055,0.14982511191464154,0.18120758437828752,0.15981768819025946
2,7,0.7712411214914462,0.5983519258674421,0.7326705419648456,0.7968112549430306,32,1024,False,0.15217853168202133,0.1521565137424437,2.2017939577411123e-05,0.14475862327073258,0.17466256787133977,0.10410724664386432,0.12465950992116737,7.679648563538241e-33,0.1521565137424437,2.306497224619307e-06,0.15877109545924836,0.15877340195647255,1.452697489754379e-05,0.010777784082648614,0.010271452844342697,0.01135670404616951,0.16439111502699708,0.06065685461496475,0.1475576386727639,-0.011460861937081932,0.03485859107360498,0.07866237167036161,0.13080416685261298,0.0052782829880015925,0.01831640200543916,0.1521565137424437,0.15217853168202133,7.679648563538241e-33,0.1521565137424437,0.14475862327073258,0.20056784039219844,0.19186208925166928,0.1715059002415185,0.17021656929348994,0.17503016303281055,0.1495272907481129,0.18120758437828752,0.13596664996272748
2,8,0.7896869518556583,0.5677543617283851,0.7061787403910749,0.8047620737821557,32,1024,False,0.09436619556463692,0.09434231575059787,2.3879814038541178e-05,0.08803883312146074,0.10871669656703378,0.067630686072235,0.08224306041742097,2.603273517389806e-34,0.09434231575059787,6.75275572832947e-08,0.09732021037499515,0.09732027790255253,6.938693429432097e-07,0.014655818005996208,0.01337525512461644,0.014438614302576949,0.09534144144241734,0.029758988866547903,0.10550238327792211,-0.008425311516586353,0.039628853358622255,0.047577818084391765,0.0890046551648993,0.008338340565387625,0.022989722092461307,0.09434231575059787,0.09436619556463692,2.603273517389806e-34,0.09434231575059787,0.08803883312146074,0.20056784039219844,0.19859572445828166,0.1715059002415185,0.17562929895219537,0.1762533524651251,0.18045404386244246,0.18120758437828752,0.18273791148681037
2,9,0.7518606803220881,0.5484690123226277,0.6901030701399642,0.7865831919698757,32,1024,False,0.09172052313405826,0.0917017020676458,1.8821066412392297e-05,0.08346098026323837,0.09922225668767667,0.05882194193738506,0.07095420988984098,3.794421296500612e-33,0.0917017020676458,5.194573599820482e-06,0.09027374995983015,0.09027894453342977,5.753914854306877e-05,0.01327120472930045,0.01184468217148593,0.013148652261217614,0.08737757451619074,0.02214614145786374,0.09549774241690638,-0.00931357372518993,0.03817441710379037,0.04000201456801733,0.07915624761517392,0.00751645871787332,0.021640781487803906,0.0917017020676458,0.09172052313405826,3.794421296500612e-33,0.0917017020676458,0.08346098026323837,0.20056784039219844,0.1999945352287822,0.1715059002415185,0.1759848906843649,0.1762533524651251,0.1806720368556911,0.18120758437828752,0.18349416204964356
2,10,0.7891474704798188,0.5183598513386038,0.6628679930719974,0.7230215298640664,32,1024,False,0.1138701706029299,0.11384592187146486,2.4248731465572603e-05,0.10481767070628649,0.11771330829562622,0.074412509341479,0.0858696416360688,3.1079632419806363e-34,0.11384592187146486,1.611905076024854e-05,0.11018410902199856,0.11020022807275909,0.0001462705753168317,0.015982029274220735,0.013745927214576936,0.01532097223730344,0.10396738108104929,0.03578240398961355,0.11304261469334445,-0.006615782620850445,0.040832421202622315,0.053691630957473535,0.09658690414653393,0.010136636105016805,0.024195443504140712,0.11384592187146486,0.1138701706029299,3.1079632419806363e-34,0.11384592187146486,0.10481767070628649,0.20056784039219844,0.197512772648899,0.1715059002415185,0.17695234916721758,0.1762533524651251,0.18621286393189962,0.18120758437828752,0.19957783869167997
2,11,0.7818324845814072,0.4750599658157682,0.622181528353156,0.6867462408994708,32,1024,False,0.12099973603022474,0.12094788048208581,5.1855548139629326e-05,0.11084883308180482,0.12626953656818862,0.09208794922585596,0.10534762901710887,5.922902448697021e-34,0.12094788048208581,3.472215856990894e-05,0.11785145813053124,0.11788618028910124,0.0002945396863716947,0.02001539313363452,0.0189302775593422,0.0206047621380431,0.10733925900884642,0.051805998389993946,0.13236990006171798,-0.003200439273220848,0.04569297042274145,0.06962006507819751,0.11566381352895405,0.013365478276682552,0.028820492050726898,0.12094788048208581,0.12099973603022474,5.922902448697021e-34,0.12094788048208581,0.11084883308180482,0.20056784039219844,0.2037693580666201,0.21860040413774443,0.21941438458785478,0.21860040413774443,0.21941438458785478,0.21726770849549007,0.21918955748103325
3,0,0.5347580940650295,0.42289033179032154,0.5834854268939083,0.5553506417503946,32,1024,False,0.10298758937156009,0.10287923714172172,0.00010835222983926923,0.09297125207868197,0.1058255042055595,0.08771420042418848,0.10071633398064089,6.670116509820063e-35,0.10287923714172172,7.629086216973088e-05,0.10527411482574615,0.10535040568791595,0.00072416296521658,0.008065184243730282,0.007098173928125148,0.007663185349198077,0.09872733027743436,0.04634575441232224,0.12908264643605472,-0.014444239896762644,0.031342359910127265,0.06359078852256062,0.11165593924670247,0.0021075352487969212,0.01470863790018484,0.10287923714172172,0.10298758937156009,6.670116509820063e-35,0.10287923714172172,0.09297125207868197,0.20056784039219844,0.20829914534123525,0.21860040413774443,0.2344913052041288,0.21860040413774443,0.2344913052041288,0.21726770849549007,0.25015559150955685
3,1,0.6255190659873765,0.5841094357516341,0.7272991945305025,0.7456785707304252,32,1024,False,0.026904357437836864,0.026857820976906553,4.653646093061097e-05,0.022878641986050507,0.02610258751330712,0.02274368798839782,0.02604234632093044,1.2251594832553893e-34,0.026857820976906553,3.0428489396249675e-05,0.02744594140790935,0.027476369897305692,0.0011074421224484049,0.006997563075987697,0.006690290597092068,0.006968294159775356,0.01941229691621505,-0.006162727859331862,0.0516501038361275,-0.014517254545203208,0.029021336689510922,0.010609215256408788,0.03460705513134599,0.0018868640690925531,0.012789770298695657,0.026857820976906553,0.026904357437836864,1.2251594832553893e-34,0.026857820976906553,0.022878641986050507,0.20056784039219844,0.24188620504609468,0.1715059002415185,0.18378443034369096,0.17503016303281055,0.19757685319258114,0.18120758437828752,0.20232438902925975
3,2,0.8940531597309994,0.8378201317548986,0.9083840885976204,0.9097029471771668,32,1024,False,0.007190495057157873,0.007180632268079605,9.862789078296823e-06,0.00791691848763855,0.005294744583191209,0.0077591464444354795,0.005109870963702175,7.995317608191323e-34,0.007180632268079604,1.6362870422086351e-06,0.007136300403978042,0.007137936691020283,0.0002292380996131737,0.0018459769901736514,0.0020614217331636447,0.0021567069720509423,0.0032333228500275647,-0.015156248230410337,0.030674541119281296,-0.017293408923785284,0.02104528123217665,0.0013361678138608113,0.013912875045207329,-0.002264874055981636,0.00604775441752281,0.007180632268079605,0.007190495057157873,7.995317608191323e-34,0.007180632268079604,0.00791691848763855,0.13352021051287263,0.14246272787781242,0.0731858447154279,0.0775371064639472,0.0731858447154279,0.0775371064639472,0.04518058944964064,0.049230598189071696
3,4,0.9833350117049773,0.8669730741653856,0.9259478647029048,0.9024730664714389,32,1024,False,0.01575498410406761,0.01573655088520872,1.843321885882096e-05,0.014633064917907111,0.019647744785872234,0.014748576762451258,0.019881502563284317,9.81802755120134e-34,0.01573655088520872,1.7629582393402937e-06,0.015857361152895988,0.015859124111135305,0.00011116365739911528,0.003438926248580405,0.0026721950819967423,0.0030848338410924257,0.016975549703875492,-0.011608425539911347,0.041105579064813866,-0.016916226416997984,0.024224292656772194,0.005068885104265064,0.024158868196536787,-0.001065608776116278,0.008432638460362796,0.01573655088520872,0.01575498410406761,9.81802755120134e-34,0.01573655088520872,0.014633064917907111,0.035724303844360115,0.043495042538245654,0.0731858447154279,0.08186780999438852,0.0731858447154279,0.08186780999438852,0.04518058944964064,0.05337271487137492
3,5,0.9679968445637639,0.7842566188675213,0.8723659352246325,0.9057974394356731,32,1024,False,0.03524193207339616,0.035229051698637576,1.288037475872491e-05,0.034143129797884794,0.04244999411114082,0.03355872538864099,0.041591388783796576,2.541139590164789e-34,0.035229051698637576,2.1243970982028253e-07,0.03650497318643727,0.03650518562614718,5.819439243396714e-06,0.004152838894874813,0.0026811506793484176,0.003301518029669924,0.0397688434317924,0.0021102392290414454,0.06500721154824055,-0.016093719322955884,0.024954462314325465,0.019223719573346898,0.04816927719366504,-0.00014045424904907122,0.009305673956987448,0.035229051698637576,0.03524193207339616,2.541139590164789e-34,0.035229051698637576,0.034143129797884794,0.08865735404465236,0.08585656791988774,0.1287266968369083,0.1323944322569699,0.1286075596141975,0.13205335537178323,0.04518058944964064,0.04640697385539129
3,6,0.9571016674173431,0.7283802059819662,0.8334863274507243,0.8698593093784492,32,1024,False,0.07702721284313378,0.0770086493920911,1.856345104243308e-05,0.07586620984083102,0.08930852024820185,0.06553637129985436,0.07691044437593184,1.5438673858951527e-34,0.0770086493920911,6.849635819971472e-08,0.07954549748062481,0.07954556597698283,8.610958682415399e-07,0.007247404575086321,0.006676823083480454,0.007451877910706129,0.0826316971647214,0.02808569792944253,0.10298704467026619,-0.013804286157833566,0.029766326742456342,0.045669335187994875,0.08627140536555089,0.002599484570964705,0.013530082971556112,0.0770086493920911,0.07702721284313378,1.5438673858951527e-34,0.0770086493920911,0.07586620984083102,0.08865735404465236,0.08353559095122731,0.1287266968369083,0.12215655348059169,0.1286075596141975,0.12215655348059169,0.08476832352136515,0.08604005404715574
3,7,0.9355912286022448,0.6850357127798212,0.8005479036966323,0.8626786586942704,32,1024,False,0.09859054247979533,0.09856765796154633,2.2884518249681593e-05,0.09558929008283881,0.11031644495725394,0.07575305173011514,0.08724231352294068,2.3388570281836373e-34,0.09856765796154633,1.082334226103061e-05,0.10086815865247138,0.10087898199473223,0.00010729035966675189,0.00884982791859512,0.00860478657698328,0.009658724720221983,0.10171165838027066,0.036341026800440865,0.11516507665978941,-0.012858868674472222,0.03225404883587987,0.05403768995165592,0.09840454468940152,0.0037341762290452607,0.015783774295414332,0.09856765796154633,0.09859054247979533,2.3388570281836373e-34,0.09856765796154633,0.09558929008283881,0.13352021051287263,0.12831151873271132,0.1287266968369083,0.12395647012212965,0.1286075596141975,0.12395647012212965,0.10094853445942072,0.09444848765479638
3,8,0.924921811563709,0.6397303018155387,0.763593513469236,0.8529775049907428,32,1024,False,0.0775569776602382,0.07753111289206674,2.5864768171579526e-05,0.07354342409179421,0.08333506023287282,0.0616258720215615,0.06949246888843988,8.481222029440446e-34,0.07753111289206674,5.339267169768336e-06,0.07771784019986108,0.07772317946703088,6.869594381471721e-05,0.012903369277153937,0.012158195784420199,0.013209130434543173,0.07117686444845261,0.02471439150397664,0.09853735253914636,-0.00978139913398437,0.03743202538261528,0.042241594281222206,0.08176311053102836,0.00693434620188782,0.020824000697757583,0.07753111289206674,0.0775569776602382,8.481222029440446e-34,0.07753111289206674,0.07354342409179421,0.13352021051287263,0.1312110942467201,0.1715059002415185,0.17562929895219537,0.17503016303281055,0.18037157034549564,0.10094853445942072,0.08501117685422338
3,9,0.8944394957614558,0.6126198934236927,0.7426779467856364,0.8434842007557195,32,1024,False,0.042431064249341344,0.04241101195338023,2.0052295961053595e-05,0.03742979625734402,0.0438557118468034,0.030897931137932957,0.03525522239569978,1.1653378442397455e-33,0.04241101195338023,1.149491219182047e-06,0.04126721206524711,0.0412683615564662,2.7854055160615822e-05,0.011597720156850731,0.01058936268713434,0.01188226235439672,0.033266349159669056,-0.00032975574590608445,0.062125618021771994,-0.010564602056867307,0.03605505073794604,0.016814941496704705,0.04538244544528425,0.006166239647427574,0.019516377527907025,0.04241101195338023,0.042431064249341344,1.1653378442397455e-33,0.04241101195338023,0.03742979625734402,0.13352021051287263,0.12907459517752204,0.1715059002415185,0.17416359125992759,0.17503016303281055,0.17839704140850243,0.10094853445942072,0.09940750120093386
3,10,0.8961208238137786,0.5749403235548146,0.7126250585113274,0.7759194234931273,32,1024,False,0.052961742461697096,0.05293642504153694,2.5317420160096763e-05,0.0484988048884728,0.052687978587559886,0.04105213171951451,0.04258194772784823,1.998535277771588e-33,0.05293642504153693,1.8900295732654567e-07,0.05152199269233384,0.05152218169529106,3.6683803190698317e-06,0.014499878579682246,0.012579568050909382,0.014148040293730658,0.040108410536650506,0.008050237563185042,0.07405402587584398,-0.007751317707849649,0.03899191214404736,0.02537856751587242,0.05741809044411639,0.008961545034253504,0.022381064009096008,0.05293642504153694,0.052961742461697096,1.998535277771588e-33,0.05293642504153693,0.0484988048884728,0.13352021051287263,0.12069105567302464,0.1715059002415185,0.17695234916721758,0.1762533524651251,0.18621286393189962,0.18120758437828752,0.17677930018913596
3,11,0.835380413301603,0.5215939497443147,0.6672890137436428,0.7425362079315103,32,1024,False,0.061339532027198725,0.061286789569630976,5.274245756747487e-05,0.05693161025941627,0.0632364365459147,0.0530297799883195,0.057198677501956514,5.035707840359917e-34,0.061286789569630996,8.491012678736288e-06,0.05932538455946657,0.05933387557214544,0.0001431056474376407,0.018483859197279167,0.01758166111807055,0.019252810980563733,0.045654775427844144,0.018550917784540898,0.08750864219209811,-0.004346581647940523,0.04376913038084053,0.035904949967516586,0.07079488367890008,0.01224951689800946,0.02693796377570834,0.061286789569630976,0.061339532027198725,5.035707840359917e-34,0.061286789569630996,0.05693161025941627,0.20056784039219844,0.2037693580666201,0.1715059002415185,0.17980546180896992,0.1762533524651251,0.18311968687802677,0.18120758437828752,0.19371192055124234
4,0,0.4761707915457458,0.39363885911551955,0.5550768717039741,0.5607475677719591,32,1024,False,0.30236762707546566,0.30227091821391944,9.670886154609217e-05,0.28728192708355127,0.3091598550674867,0.17992314269798854,0.19871800936855477,1.2527062063696085e-32,0.30227091821391944,0.00023729840563066552,0.3046416196796188,0.304878918085249,0.0007783365511823062,0.007544631366845851,0.0064608903612040055,0.0070013684397447545,0.3026989647062827,0.12767874263452336,0.2321675427614537,-0.014638253628010604,0.030485467652496497,0.14546982429601485,0.2144586119975429,0.0018498028366593644,0.013922120539064053,0.30227091821391944,0.30236762707546566,1.2527062063696085e-32,0.30227091821391944,0.28728192708355127,0.22188604312991111,0.23840228748378994,0.21860040413774443,0.2344913052041288,0.21860040413774443,0.2344913052041288,0.21726770849549007,0.25015559150955685
4,1,0.5717097431216005,0.5330137421179153,0.681938756580954,0.7651565624908502,32,1024,False,0.05400612334973069,0.053972515963507654,3.360738622314618e-05,0.04692452476343399,0.05268578709002225,0.04299573527597251,0.04888128061039256,1.6467208199437404e-33,0.053972515963507654,7.372155613799843e-05,0.05457086457115328,0.054644586127291256,0.0013491099734247876,0.007403521840322577,0.006730954429056753,0.0070128509331626445,0.0459548326609655,0.009101336372556189,0.07689013417938884,-0.01402618969662828,0.029303371363257797,0.02613823970023077,0.0598005958381691,0.002321375075553078,0.013094366433506366,0.053972515963507654,0.05400612334973069,1.6467208199437404e-33,0.053972515963507654,0.04692452476343399,0.20056784039219844,0.24188620504609468,0.1715059002415185,0.20546772693623247,0.1762533524651251,0.20546772693623247,0.18120758437828752,0.20192200396516802
4,2,0.8551492449391374,0.7372863760810142,0.8403162166593243,0.8361795325726396,32,1024,False,0.021207689727467966,0.021203695297454937,3.994430013000164e-06,0.021591098188118888,0.017871629374586397,0.018949185848197124,0.015331003445029166,4.538990948813903e-33,0.021203695297454934,2.2932883046897576e-06,0.02160074605821051,0.021603039346515213,0.00010615581760997385,0.002929801750217624,0.0020231839466512856,0.0021388065826388847,0.01584844542793511,-0.008384746390717533,0.04628311808711178,-0.016789945022835165,0.022700685480034705,0.008433167691691779,0.029436023549351376,-0.0013780085064354353,0.007359456612903159,0.021203695297454937,0.021207689727467966,4.538990948813903e-33,0.021203695297454934,0.021591098188118888,0.13352021051287263,0.14246272787781242,0.1287266968369083,0.13487718736251791,0.1286075596141975,0.13487718736251791,0.10094853445942072,0.10816284684772089
4,3,0.9833350117049773,0.8669730741653856,0.9259478647029048,0.9024730664714389,32,1024,False,0.005521765918019,0.005526637413773435,-4.871495754470091e-06,0.0068403618337311844,0.0043060951807294984,0.006313224301689524,0.0033816255866226737,1.0719085431262578e-33,0.005526637413773434,4.99959002006163e-06,0.005696637954737067,0.0057016375447571325,0.0008768691416835044,0.0012978567202780328,0.0004840250477941865,0.00041810940844640973,0.003822070132935312,-0.015992230837242764,0.02861867944062181,-0.01780325434567134,0.02031519755882767,0.000540711531357374,0.012214771282742731,-0.0028423062613001093,0.005406023083196487,0.005526637413773435,0.005521765918019,1.0719085431262578e-33,0.005526637413773434,0.0068403618337311844,0.035724303844360115,0.039850581274449966,0.0731858447154279,0.08259742936797096,0.0731858447154279,0.08259742936797096,0.04518058944964064,0.058331850366531594
4,5,0.9885388962318984,0.8977978445193937,0.9441296144936763,0.9393014889848856,32,1024,False,0.011500807518973595,0.01150096013073768,-1.5261176406454005e-07,0.013316161201262314,0.01127757526954411,0.012358761039068402,0.010476104055223036,2.0142831361439668e-33,0.011500960130737689,8.463095356829582e-06,0.01165962758251638,0.011668090677873241,0.0007253196423026223,0.0008831765337163429,0.0005544319999064339,0.0009413653144575243,0.010723143269637678,-0.01257413011743668,0.03729165219557348,-0.017715565175833003,0.019684973297105085,0.004543516457488295,0.020861901946773287,-0.002997804796905257,0.005037167698901612,0.01150096013073768,0.011500807518973595,2.0142831361439668e-33,0.011500960130737689,0.013316161201262314,0.026374206385803966,0.03059763355183713,0.045118575757159045,0.055719380609124625,0.045118575757159045,0.055719380609124625,0.03392621271512213,0.03800779685560132
4,6,0.9770802257108551,0.827325490026854,0.9000666185366248,0.9112820420966874,32,1024,False,0.03101957252407033,0.031014858013333764,4.71451073643409e-06,0.03259715218271955,0.03171283642112886,0.029737465712936364,0.028464877673886637,2.1967889655028547e-33,0.031014858013333764,7.788164355663301e-06,0.031511490432018195,0.03151927859637386,0.0002470920878423687,0.00317657223109669,0.003424052201580135,0.0040471173609896655,0.028288784219548727,-0.00022270081587072443,0.05969763224174345,-0.016734022544646687,0.02423399500333111,0.01713589593418874,0.04317090579570504,-0.0009512238320894539,0.008458112024527509,0.031014858013333764,0.03101957252407033,2.1967889655028547e-33,0.031014858013333764,0.03259715218271955,0.035724303844360115,0.03617103979602305,0.0731858447154279,0.06673285063330381,0.0731858447154279,0.06673285063330381,0.04518058944964064,0.032795773270676884
4,7,0.9600850847335278,0.7709287314435469,0.8625343876352081,0.8939459145834234,32,1024,False,0.061757563253381755,0.061748371477514594,9.191775867135359e-06,0.061299816828961594,0.061625680722196194,0.05193869932532336,0.051847794375599346,7.550415753975719e-34,0.061748371477514594,6.4218276980046626e-09,0.06296602862426781,0.06296603504609534,1.0198875780098677e-07,0.004780367588768438,0.005382118542977466,0.006196323866243238,0.05624356217921873,0.01687975893230645,0.08699763971834028,-0.01591812379720002,0.026900185515031608,0.03481821294553811,0.07073727764509385,0.00031029535603011027,0.010754039169114549,0.061748371477514594,0.061757563253381755,7.550415753975719e-34,0.061748371477514594,0.061299816828961594,0.08865735404465236,0.08494408738967292,0.1287266968369083,0.12395647012212965,0.1286075596141975,0.12395647012212965,0.04882380203551039,0.0443776074307696
4,8,0.9450351987743639,0.7098264243516261,0.817511310166669,0.8329797017113318,32,1024,False,0.11422139408289361,0.1142055202214656,1.5873861427107247e-05,0.11549082335083596,0.11430519441158181,0.07679293924000938,0.0736986174540997,5.9651703196051683e-33,0.1142055202214656,3.6548486300317186e-06,0.11703848649154786,0.11704214134017796,3.122677514425388e-05,0.00806266981613437,0.008461245670320406,0.00932922451216742,0.1058439487412614,0.03767146358775055,0.1159144148922682,-0.013589513011652728,0.031355276015969685,0.05598975905741099,0.09982567348197335,0.0029296524880919605,0.014867645113554318,0.1142055202214656,0.11422139408289361,5.9651703196051683e-33,0.1142055202214656,0.11549082335083596,0.13352021051287263,0.1312110942467201,0.1287266968369083,0.12617768098204624,0.1286075596141975,0.12617768098204624,0.11905581495735176,0.12262080656386758
4,9,0.9172071099081133,0.6719212393309966,0.7893986833116515,0.727164714420437,32,1024,False,0.25120575147349655,0.25118824076818985,1.7510705305875285e-05,0.25202671904582297,0.24965301409344642,0.10978669871627549,0.1054345705209234,3.751232189102399e-35,0.25118824076818985,1.6959880805171117e-05,0.2560743628946764,0.25609132277548113,6.622590965348749e-05,0.007401485433499985,0.007245769100811206,0.008444168818105693,0.24240724499263522,0.06621521565661677,0.1533581817759342,-0.01381077839230902,0.03079162091937291,0.08464299294428201,0.1370292160572717,0.002734348687226884,0.01440263663243968,0.25118824076818985,0.25120575147349655,3.751232189102399e-35,0.25118824076818985,0.25202671904582297,0.13352021051287263,0.12907459517752204,0.1715059002415185,0.17416359125992759,0.17503016303281055,0.17839704140850243,0.18120758437828752,0.18349416204964356
4,10,0.9157556663503417,0.6272202799753585,0.7552251111411932,0.6876826132646264,32,1024,False,0.2602985508867662,0.26027672344483493,2.182744193114189e-05,0.2587635993694985,0.2589602831295618,0.1133628771897071,0.11006989382939233,3.6611157870823603e-33,0.26027672344483493,2.4283921661735305e-05,0.26366186066520897,0.26368614458687095,9.209403740110057e-05,0.010334452830341576,0.009106296736187474,0.010586885880273983,0.24985398639337433,0.06938022011885604,0.15734553426055814,-0.011043987686152097,0.03387816179722422,0.08779888076969655,0.14099354416248389,0.005537143595574889,0.01742888266016962,0.26027672344483493,0.2602985508867662,3.6611157870823603e-33,0.26027672344483493,0.2587635993694985,0.13352021051287263,0.12069105567302464,0.1715059002415185,0.16772907438832835,0.17503016303281055,0.1706231400677217,0.20425000546744596,0.19957783869167997
4,11,0.8347479940911376,0.5630862409994658,0.6968911805943385,0.681980043278946,32,1024,False,0.1520367285279156,0.151989998283428,4.673024448636665e-05,0.14902626494371685,0.15372511101479822,0.09982289592074683,0.10052697298486085,2.6502440864537756e-32,0.15198999828342802,2.2340578170045317e-05,0.15329834872962733,0.1533206893077977,0.00014571143836430108,0.014004536880355552,0.013625169481978523,0.015232714642583804,0.14009994153281968,0.058125984226521876,0.1415198076149718,-0.007949227634251967,0.03837101067056182,0.07641941391921137,0.125206203891139,0.00865752780373441,0.02167312964593293,0.151989998283428,0.1520367285279156,2.6502440864537756e-32,0.15198999828342802,0.14902626494371685,0.20056784039219844,0.2037693580666201,0.1715059002415185,0.17980546180896992,0.1762533524651251,0.18311968687802677,0.21726770849549007,0.21918955748103325
5,0,0.42138711505092014,0.3708480361366301,0.5349408165962304,0.607316801032186,32,1024,False,0.10376488321526893,0.10366907574818904,9.580746708034491e-05,0.09217259715889523,0.10240207858124177,0.08069825227599826,0.09081193378631705,2.2723056395810737e-34,0.10366907574818901,9.083628252773757e-05,0.10517518328301234,0.10526601956554017,0.0008629212247469998,0.009065078941005054,0.007874779931672484,0.00841958531361032,0.09452729864956928,0.03980227156647396,0.12159423298552258,-0.013612896159797598,0.03250361767255005,0.057017816878214944,0.10417647498252336,0.0029536929650930688,0.01584437896235613,0.10366907574818904,0.10376488321526893,2.2723056395810737e-34,0.10366907574818901,0.09217259715889523,0.22188604312991111,0.3072141525410107,0.21860040413774443,0.25693365884529773,0.21860040413774443,0.25693365884529773,0.21726770849549007,0.25015559150955685
5,1,0.5151810636559061,0.49863145194068503,0.6530005538189125,0.7112196505292352,32,1024,False,0.03500815363828374,0.03496635989945711,4.179373882657998e-05,0.02961373734846635,0.03161863621821907,0.027324722155195373,0.028976595672685717,5.411638585646423e-35,0.03496635989945711,3.900725581147021e-05,0.03512328404617632,0.035162291301987815,0.0011093490886717337,0.00926578810944537,0.008845104170048381,0.009097515369536164,0.022773532048170692,-0.003108977598706271,0.05775842190909702,-0.012869858738375099,0.03185700384034634,0.01398949466238264,0.040982479105878156,0.003719306281709578,0.015480145448236726,0.03496635989945711,0.03500815363828374,5.411638585646423e-35,0.03496635989945711,0.02961373734846635,0.20056784039219844,0.24890045971526398,0.1715059002415185,0.20546772693623247,0.1762533524651251,0.20546772693623247,0.20425000546744596,0.23582125853578878
5,2,0.8097366956786827,0.6732478524067155,0.792999362470449,0.7771513956676365,32,1024,False,0.045707242052026746,0.04569643282576553,1.0809226261150226e-05,0.04436817147143929,0.043574537473011,0.037288841013579876,0.03549364771019802,3.1798408734351125e-35,0.04569643282576553,1.0585084644820046e-06,0.04603600574383343,0.046037064252297755,2.2992527470497282e-05,0.003974517762502321,0.0032675652069920763,0.0033015943825581914,0.040306972266018926,0.004813230660105375,0.06976445136705438,-0.016281091066587906,0.024265285856688128,0.0219895992486272,0.052890080340148415,-0.0005537041579373181,0.008646931572002359,0.04569643282576553,0.045707242052026746,3.1798408734351125e-35,0.04569643282576553,0.04436817147143929,0.20056784039219844,0.2114989512185001,0.1715059002415185,0.1812346328663574,0.1286075596141975,0.1555754082498164,0.18120758437828752,0.19887262565932293
5,3,0.9679968445637639,0.7842566188675213,0.8723659352246325,0.9057974394356731,32,1024,False,0.010820523427186673,0.01082233270246363,-1.8092752769502605e-06,0.009857340973389948,0.009771378537759124,0.009241694374483262,0.008567306910072214,1.1062562999781887e-35,0.01082233270246363,3.885805278363351e-06,0.010880891222779665,0.010884777028058058,0.00035699447662977196,0.0015233463951520238,0.0005792219102263855,0.0005207645085458858,0.00919215662753274,-0.015346607322665077,0.033829996071631604,-0.0172868184962264,0.02028280499403511,0.0015836371603654698,0.017270521479076706,-0.0025024162387126125,0.005578903736022767,0.01082233270246363,0.010820523427186673,1.1062562999781887e-35,0.01082233270246363,0.009857340973389948,0.08865735404465236,0.09853328541559098,0.1287266968369083,0.1413953315058727,0.1286075596141975,0.1395164718575071,0.04518058944964064,0.058331850366531594
5,4,0.9885388962318984,0.8977978445193937,0.9441296144936763,0.9393014889848856,32,1024,False,0.005483230249454181,0.005474817986192307,8.412263261877433e-06,0.0033092700738718145,0.006256596121107568,0.0033520070411707046,0.006282949674751117,1.8781838352997483e-33,0.005474817986192307,8.792129907149121e-06,0.005475600767838652,0.005484392897745797,0.0016031181702468608,0.001482866517566447,0.001331586217746174,0.0013653119782440738,0.004925009903361394,-0.019005487824894036,0.025709501907235442,-0.017654571996677422,0.02079504520045277,-0.002539804409025237,0.009185741240798961,-0.002583283290732652,0.005770206109446008,0.005474817986192307,0.005483230249454181,1.8781838352997483e-33,0.005474817986192307,0.0033092700738718145,0.026374206385803966,0.03393326392763397,0.045118575757159045,0.05905501098492145,0.045118575757159045,0.05905501098492145,0.03392621271512213,0.03628136214906446
5,6,0.993192584256272,0.915565316256751,0.9546340493762748,0.9227440956713411,32,1024,False,0.004095489952697543,0.004087552373785585,7.937578911957706e-06,0.0047704465000516574,0.005380904944560579,0.004398662011063339,0.0045373495436956774,1.7026590258565841e-35,0.004087552373785585,3.3281103088883556e-07,0.004153687203014899,0.004154020014045788,8.01178207527931e-05,0.002595698683223621,0.0028522748595660296,0.0033973454966476067,0.002528630084994549,-0.017032983599084225,0.025830307621210902,-0.01681030823167751,0.023034303902735923,-0.000972468413237948,0.009513565026281867,-0.0013602392573375255,0.007528715905209538,0.004087552373785585,0.004095489952697543,1.7026590258565841e-35,0.004087552373785585,0.0047704465000516574,0.005163850521641632,0.005557254543231607,0.029310200261609638,0.03338963359648192,0.029310200261609638,0.03338963359648192,0.03392621271512213,0.032795773270676884
5,7,0.9802278798820963,0.8509653958357225,0.9159010132726639,0.8685221409334561,32,1024,False,0.012328844380110188,0.012313850484793302,1.4993895316828756e-05,0.012888263729578242,0.012912865462270533,0.010251651747009741,0.009700937005062683,7.300149717391241e-35,0.012313850484793304,1.2137911772255679e-05,0.012940391982517454,0.012952529894289723,0.0009371074123215745,0.004186813430553258,0.004481877335288678,0.005249167419970157,0.008430988126981856,-0.014471098934973116,0.0349744024289926,-0.01623241752876719,0.02590586187032539,0.002313353652425576,0.0182583621062804,-0.00017453511100029573,0.009867087625025306,0.012313850484793302,0.012328844380110188,7.300149717391241e-35,0.012313850484793304,0.012888263729578242,0.035724303844360115,0.029194622840054113,0.0731858447154279,0.07018986385551813,0.0731858447154279,0.07018986385551813,0.08476832352136515,0.09444848765479638
5,8,0.9595485245368885,0.7750777510519866,0.8639446100742978,0.8176952300600188,32,1024,False,0.04455953412746766,0.0445387566218622,2.07775056054861e-05,0.04668744265241959,0.044197592496399325,0.036779880226240375,0.03219720273250278,4.31493904429158e-37,0.0445387566218622,1.075703899693846e-06,0.04640015594487785,0.046401231648777554,2.3182658336229433e-05,0.007274841775556815,0.007495375298781531,0.008349941771610084,0.03670221719761779,0.00498806160528896,0.06857169884719179,-0.014158589765212375,0.03025898480590693,0.022364867567375768,0.052012005682627205,0.002288392170157749,0.01384056713868631,0.0445387566218622,0.04455953412746766,4.31493904429158e-37,0.0445387566218622,0.04668744265241959,0.08865735404465236,0.0932618466806978,0.1287266968369083,0.12617768098204624,0.1286075596141975,0.12617768098204624,0.16670814684276367,0.18273791148681037
5,9,0.9358348399297906,0.7302334299924087,0.8326968152397629,0.753623834495645,32,1024,False,0.12448892203224206,0.12447000733138598,1.8914700856470318e-05,0.12810483532834094,0.12355662018195948,0.07466938912226144,0.06593907902253003,3.111347614474243e-33,0.124470007331386,1.8336253742525277e-07,0.13005888402011234,0.13005906738264977,1.409840475680005e-06,0.006778366700926212,0.006484462826383761,0.007636002317746326,0.11707215735557572,0.03578290306271428,0.1135558751818086,-0.014374960429153002,0.029978209498866037,0.0538993304289761,0.09729132970096543,0.0021419532931759022,0.013627331958559807,0.12447000733138598,0.12448892203224206,3.111347614474243e-33,0.124470007331386,0.12810483532834094,0.13352021051287263,0.12907459517752204,0.1287266968369083,0.12353555595105474,0.1286075596141975,0.12353555595105474,0.18120758437828752,0.18349416204964356
5,10,0.9240043770871036,0.6766506567238185,0.793413934257901,0.7133331993199592,32,1024,False,0.2054652053289427,0.20544212528041503,2.3080048528172684e-05,0.21121161714246117,0.206904266746947,0.10104411899671376,0.09183836659215736,6.240013019814644e-36,0.20544212528041503,7.231063442063342e-06,0.21283201916370154,0.21283925022714342,3.3974294846210486e-05,0.00960140843628937,0.008158604831124973,0.00960193829116073,0.19874566191582205,0.05861954676189107,0.14346869123153644,-0.01163982774085413,0.032949843578069515,0.07692206606589025,0.12712961407669354,0.004889259747869801,0.016539763761102222,0.20544212528041503,0.2054652053289427,6.240013019814644e-36,0.20544212528041503,0.21121161714246117,0.13352021051287263,0.12069105567302464,0.1715059002415185,0.16772907438832835,0.1286075596141975,0.11216541545690308,0.20425000546744596,0.19957783869167997
5,11,0.8305373055250105,0.601986968540397,0.7263957035817913,0.7159561682418882,32,1024,False,0.18549607765381734,0.18544845787842845,4.7619775387904816e-05,0.19234182834711055,0.18824130863598698,0.10574565350797584,0.09888694037762989,4.106037788665105e-33,0.1854484578784284,3.892852324088189e-06,0.19101059654174224,0.19101448939406585,2.0379879748583755e-05,0.012979387050090966,0.012454740179209911,0.014034331296134923,0.17578656845677706,0.06307059817645867,0.148420708839493,-0.008808104427029088,0.03714905307466751,0.08144548939162632,0.13214417752169538,0.007760592932754662,0.02048132244090084,0.18544845787842845,0.18549607765381734,4.106037788665105e-33,0.1854484578784284,0.19234182834711055,0.20056784039219844,0.2037693580666201,0.1715059002415185,0.16869745210805256,0.1762533524651251,0.18311968687802677,0.20425000546744596,0.20533256702384
6,0,0.4040345381338383,0.3601009910554177,0.5237790293510111,0.5639514280664301,32,1024,False,0.15712967810157175,0.1570320661005715,9.76120010003131e-05,0.14216446327807722,0.15503651240505542,0.11668967228419828,0.12966285665552252,5.329430165661402e-35,0.1570320661005715,0.00013296037628527714,0.15698564156482772,0.15711860194111313,0.0008462421040069443,0.007422520896264635,0.005997862100270082,0.006506704227252099,0.14903865030478533,0.07137414464448208,0.1620051999239145,-0.014601171733142546,0.03018601509436455,0.08878401016409043,0.14444055601052241,0.0018181573759648018,0.01362064011482289,0.1570320661005715,0.15712967810157175,5.329430165661402e-35,0.1570320661005715,0.14216446327807722,0.22188604312991111,0.3072141525410107,0.21860040413774443,0.25693365884529773,0.21860040413774443,0.25693365884529773,0.21726770849549007,0.25015559150955685
6,1,0.4970397898305925,0.48085055563709866,0.6349662886200333,0.7752341301674205,32,1024,False,0.053809096090351394,0.05377501273842403,3.40833519272645e-05,0.04674466394012147,0.04984611278978299,0.04191012415537892,0.04465397108208923,2.286749108066199e-33,0.05377501273842404,4.137723725174981e-05,0.05283029966043663,0.05287167689768818,0.0007825974071489878,0.007758729335058541,0.007043094329971615,0.007303769028573635,0.042803018459811375,0.008639837063007687,0.07518041124775016,-0.013830781328054782,0.029743083290790378,0.025831806102360133,0.05828893987927586,0.0025709643014124595,0.013494184400769882,0.05377501273842403,0.053809096090351394,2.286749108066199e-33,0.05377501273842404,0.04674466394012147,0.20056784039219844,0.24890045971526398,0.1715059002415185,0.20546772693623247,0.1762533524651251,0.20546772693623247,0.18120758437828752,0.20192200396516802
6,2,0.7948180659854015,0.6317347806537428,0.7600235163340764,0.768844717040053,32,1024,False,0.03311077581283716,0.03310154322105242,9.23259178468556e-06,0.0337340621442959,0.02486844503641376,0.026383502075174883,0.01780420382329933,5.234873605714403e-34,0.03310154322105242,5.019502405116545e-06,0.03275412297051779,0.03275914247292296,0.0001532244749466629,0.0036195998232911955,0.002819142735983035,0.002904237489954126,0.022049302300430725,-0.003106270206312829,0.055873274356662596,-0.01643334864633065,0.02369404288646114,0.014273879678512458,0.03947770559170749,-0.0008232722975662909,0.008181296761904377,0.03310154322105242,0.03311077581283716,5.234873605714403e-34,0.03310154322105242,0.0337340621442959,0.20056784039219844,0.2114989512185001,0.1715059002415185,0.1812346328663574,0.17503016303281055,0.1832084193753221,0.18120758437828752,0.19887262565932293
6,3,0.9571016674173431,0.7283802059819662,0.8334863274507243,0.8698593093784492,32,1024,False,0.014642875796894035,0.014644879020174159,-2.003223280066514e-06,0.015935173913608564,0.008729839939472607,0.014004080425918917,0.00707700245655237,3.6639153402487424e-35,0.014644879020174159,9.590640662585932e-07,0.014562236924638818,0.01456319598870505,6.585532921499003e-05,0.0018690190430626123,0.0005230488590136659,0.00047980152054699393,0.008206791080458941,-0.011850168508142637,0.039858329359980474,-0.017331713522630313,0.021023667889847567,0.00547265733621316,0.02371225993556436,-0.002298291445185896,0.0060236098724999465,0.014644879020174159,0.014642875796894035,3.6639153402487424e-35,0.014644879020174159,0.015935173913608564,0.08865735404465236,0.10351260292696814,0.1287266968369083,0.1413953315058727,0.1286075596141975,0.1395164718575071,0.08476832352136515,0.09460163060818752
6,4,0.9770802257108551,0.827325490026854,0.9000666185366248,0.9112820420966874,32,1024,False,0.00909795135085995,0.009090422429762553,7.528921097391957e-06,0.010191110607499904,0.0062342564662937715,0.009935520460358987,0.006281812518590729,1.1547815172756508e-33,0.009090422429762553,3.3826288199866134e-06,0.00877709488604825,0.00878047751486824,0.0003852442893064425,0.0018311602937680976,0.0013753441550931021,0.0013826201085365933,0.004858912311200669,-0.01382583446095434,0.03369687538167231,-0.018010955776219053,0.021636469098581478,0.0031033704144647345,0.017237760417629033,-0.0025776254333322868,0.006226594901818316,0.009090422429762553,0.00909795135085995,1.1547815172756508e-33,0.009090422429762553,0.010191110607499904,0.035724303844360115,0.043495042538245654,0.0731858447154279,0.08186780999438852,0.0731858447154279,0.08186780999438852,0.04518058944964064,0.05337271487137492
6,5,0.993192584256272,0.915565316256751,0.9546340493762748,0.9227440956713411,32,1024,False,0.0049862920851115565,0.0049841308628703306,2.1612222412385023e-06,0.005557254543231607,0.003414787162190678,0.00549444756914394,0.003676990124729024,2.250449674997025e-35,0.0049841308628703306,9.18276619526342e-06,0.004948485849698603,0.004957668615893879,0.0018522347713649568,0.0007328734011356371,0.0009424628510798895,0.0008123281040635972,0.0024723243111107883,-0.01645063202939792,0.0274395271676858,-0.018875087349493475,0.01991697931746937,-9.861018043011427e-06,0.011150833088322543,-0.0037093306818860583,0.004766099176777061,0.0049841308628703306,0.0049862920851115565,2.250449674997025e-35,0.0049841308628703306,0.005557254543231607,0.005163850521641632,0.0047704465000516574,0.029310200261609638,0.03270347822137793,0.029310200261609638,0.03270347822137793,0.03392621271512213,0.03800779685560132
6,7,0.9917809455728762,0.9299333930865915,0.9628277341043898,0.9548939893187781,32,1024,False,0.025471900823981566,0.025465709789846983,6.191034134704607e-06,0.023762822444116195,0.023931089435379874,0.021180258992004573,0.020896943430517675,1.2727175065594888e-33,0.025465709789846993,1.5113786026577139e-05,0.02652099463656361,0.026536108422590167,0.0005695554821335741,0.0009780554160018005,0.0009157671605342699,0.0011813898649537166,0.023015322274845602,-0.00716711775693947,0.049527635740948615,-0.017523386044175842,0.019944824838972145,0.010207469407760072,0.03311066859168932,-0.0028186089039081708,0.005236296718067024,0.025465709789846983,0.025471900823981566,1.2727175065594888e-33,0.025465709789846993,0.023762822444116195,0.026374206385803966,0.026896483174141523,0.029310200261609638,0.02891350393928367,0.029310200261609638,0.02891350393928367,0.03392621271512213,0.02909550935691944
6,8,0.9727197763877671,0.8484613550790949,0.9129647941650216,0.9160698886459916,32,1024,False,0.12398203539370764,0.12397088688612495,1.1148507582716026e-05,0.12374121883624017,0.12280631654141332,0.07833036448626556,0.07543990796151978,1.2740240574337606e-36,0.12397088688612495,1.1359178259558125e-05,0.128301692990012,0.1283130521682719,8.852706772699559e-05,0.0034469072976926344,0.003248666044504717,0.003810922465556412,0.1195576504969086,0.038651376839018536,0.11800935213351257,-0.016585233830564778,0.02436178940910252,0.05689471486402908,0.10181138732878026,-0.000739454546419438,0.008665650988405105,0.12397088688612495,0.12398203539370764,1.2740240574337606e-36,0.12397088688612495,0.12374121883624017,0.08865735404465236,0.08587952120860759,0.0731858447154279,0.06687186213394102,0.0731858447154279,0.06687186213394102,0.04518058944964064,0.036451630628907356
6,9,0.9533887575491706,0.7990723855602129,0.8817198359089338,0.8250428469963281,32,1024,False,0.2833862300880143,0.2833741263278354,1.2103760175976494e-05,0.281251380922378,0.2831094185627996,0.11258903627053375,0.11039350555663373,4.9831853768621016e-33,0.2833741263278354,4.859185977159567e-06,0.2927225498044555,0.2927274089904325,1.659969592160188e-05,0.0039088204490637605,0.00330085205151927,0.00413176948314668,0.27980856651128033,0.06831695269181065,0.15686111984925685,-0.016367254292757084,0.025573302736100628,0.08668038493487984,0.14042176293150987,-0.00021682324586436152,0.00970309559488669,0.2833741263278354,0.2833862300880143,4.9831853768621016e-33,0.2833741263278354,0.281251380922378,0.13352021051287263,0.12907459517752204,0.1287266968369083,0.12353555595105474,0.1286075596141975,0.12353555595105474,0.16670814684276367,0.12852706881622555
6,10,0.9376944582855722,0.7385014985692864,0.8406492676136867,0.7798524728565883,32,1024,False,0.3867117278527337,0.38669484631006457,1.6881542668987986e-05,0.3840637820624019,0.387575510163859,0.13123849430479986,0.12872002423504458,1.2360190398645194e-37,0.38669484631006457,4.78880619413149e-08,0.39736120359917226,0.397361251487235,1.2051517796987128e-07,0.006157130884630734,0.004867185548097946,0.006074220265407485,0.38270832461576104,0.08499388987470116,0.17748309873489856,-0.014235185005077663,0.028243148800697927,0.1033714400982717,0.16089527815347537,0.0020039613664266653,0.012237531998835038,0.38669484631006457,0.3867117278527337,1.2360190398645194e-37,0.38669484631006457,0.3840637820624019,0.13352021051287263,0.12069105567302464,0.1287266968369083,0.11357362573737549,0.1286075596141975,0.11216541545690308,0.18120758437828752,0.17677930018913596
6,11,0.837436122342411,0.6475506003832674,0.7653198541949162,0.7777673962960572,32,1024,False,0.2850789595993151,0.2850386035300425,4.0356069272978844e-05,0.28303604967581564,0.28573882475677703,0.12706563528966075,0.12643495698945273,5.560681890453095e-35,0.2850386035300425,1.8598878076935508e-07,0.29162741066758563,0.2916275966563662,6.37761250655957e-07,0.009101234010910461,0.008405287924561173,0.009800833554539172,0.27733353683221584,0.08167631517276407,0.17245495540655742,-0.011735130393423986,0.03210786092400368,0.10006154568691272,0.15595369740913156,0.004633247262972873,0.01575088700337801,0.2850386035300425,0.2850789595993151,5.560681890453095e-35,0.2850386035300425,0.28303604967581564,0.20056784039219844,0.2037693580666201,0.1715059002415185,0.16869745210805256,0.17503016303281055,0.17120773474108894,0.18120758437828752,0.1805038970335787
7,0,0.38650853861674334,0.34947280184469226,0.5135832778996459,0.5318006864346967,32,1024,False,0.1609865315741954,0.16088788632660653,9.864524758906854e-05,0.14293988383828482,0.15568821815629913,0.11025034956721073,0.12270453530634297,2.427723000125512e-35,0.16088788632660653,0.00014070578524242737,0.16120140830367216,0.16134211408891452,0.0008720958321203439,0.0071506051268679025,0.006084878296925846,0.0066140403372211744,0.1496033398593733,0.06526109294538071,0.15523960618904076,-0.014679363342919865,0.029731814695602668,0.08279502237564884,0.1378421853441978,0.001709662021312397,0.013227468276454601,0.16088788632660653,0.1609865315741954,2.427723000125512e-35,0.16088788632660653,0.14293988383828482,0.22188604312991111,0.32866976563517936,0.21860040413774443,0.27522434669170537,0.21860040413774443,0.27522434669170537,0.21726770849549007,0.27522434669170537
7,1,0.47779680268676467,0.46132151186860654,0.6171849958496309,0.739868809490352,32,1024,False,0.06886758667207521,0.0688331680640808,3.4418607994511475e-05,0.06258404124778921,0.05929437418595406,0.05030379531049603,0.04659778189385592,5.352213084340038e-34,0.0688331680640808,1.690734391472429e-05,0.06755817803726866,0.06757508538118345,0.0002502008516800514,0.007958433472261679,0.00739593708520243,0.00767709597408139,0.051898437100751635,0.015225365966251798,0.08538222465474027,-0.013564490116281842,0.02991259860797134,0.03301011014991673,0.06898883466783445,0.002820865629473701,0.013673225381353404,0.0688331680640808,0.06886758667207521,5.352213084340038e-34,0.0688331680640808,0.06258404124778921,0.22188604312991111,0.24890045971526398,0.21860040413774443,0.24449460523217353,0.21860040413774443,0.24449460523217353,0.18120758437828752,0.20232438902925975
7,2,0.7712411214914462,0.5983519258674421,0.7326705419648456,0.7968112549430306,32,1024,False,0.08144647821592692,0.08144105319131982,5.425024607136737e-06,0.08669773675469143,0.06822657151625384,0.0588132470748278,0.04501929016964376,4.933023226108017e-33,0.0814410531913198,4.751332328312826e-05,0.08064496134162417,0.0806924746649072,0.0005888197564944875,0.0036207060380151683,0.0030862656394208105,0.0032623623741442217,0.06514030587683303,0.02260378288531193,0.09502271126434367,-0.016378502199037654,0.023733575835928115,0.04063754351227544,0.07877018013095949,-0.0007643940043635666,0.008232860185671598,0.08144105319131982,0.08144647821592692,4.933023226108017e-33,0.0814410531913198,0.08669773675469143,0.20056784039219844,0.2114989512185001,0.1715059002415185,0.1812346328663574,0.17503016303281055,0.1832084193753221,0.18120758437828752,0.19887262565932293
7,3,0.9355912286022448,0.6850357127798212,0.8005479036966323,0.8626786586942704,32,1024,False,0.03877081008823055,0.03877444457365592,-3.634485425356982e-06,0.043671708899616205,0.03137509639960511,0.035229138254192674,0.024056840391965328,2.2484202293273926e-33,0.03877444457365592,2.6610341324404044e-05,0.03880240970658418,0.03882902004790861,0.000685320960754901,0.0025587464166233,0.0010173396543112566,0.0011441524703643135,0.030357756745293854,0.003947287957096722,0.06651098855128862,-0.016885827041060505,0.022056739388137205,0.02161133292975137,0.050263928205822594,-0.0016667871532263234,0.006862534493848216,0.03877444457365592,0.03877081008823055,2.2484202293273926e-33,0.03877444457365592,0.043671708899616205,0.13352021051287263,0.14347631169324127,0.1287266968369083,0.1413953315058727,0.1286075596141975,0.1395164718575071,0.10094853445942072,0.11221161016334949
7,4,0.9600850847335278,0.7709287314435469,0.8625343876352081,0.8939459145834234,32,1024,False,0.033483134350087276,0.033477007786702886,6.126563384178066e-06,0.03634778724205919,0.03212790033024301,0.03319670204362223,0.029422661132056403,1.689703937097339e-36,0.033477007786702886,3.44918223027456e-05,0.03345331452310454,0.033487806345407344,0.0010299815385630942,0.0026445089179890453,0.0021321135204397114,0.0023565395827958276,0.029995786809803297,0.0030448818196702476,0.06334852226757422,-0.017307508592513482,0.022572960316448912,0.020344344768091105,0.046736790383874904,-0.0017734676803229377,0.0071315468157990836,0.033477007786702886,0.033483134350087276,1.689703937097339e-36,0.033477007786702886,0.03634778724205919,0.08865735404465236,0.09173438738598139,0.1287266968369083,0.1371242000133892,0.1286075596141975,0.13583446195019372,0.04882380203551039,0.061299816828961594
7,5,0.9802278798820963,0.8509653958357225,0.9159010132726639,0.8685221409334561,32,1024,False,0.04427269978394551,0.04426941419962109,3.2855843246060582e-06,0.044795605729942886,0.04742867920448151,0.04222626162212697,0.045082368460353586,1.1538385177772142e-33,0.044269414199621084,5.211490873465708e-05,0.046070045914952784,0.04612216082368738,0.0011299320717838518,0.0016383988492951185,0.0021706795563131744,0.0020918770446950066,0.04525799964816833,0.009653198909181322,0.07479932433507261,-0.018586345907918696,0.021384766603501332,0.02686658727179747,0.05790810982580297,-0.003022734061232768,0.005923902463109698,0.04426941419962109,0.04427269978394551,1.1538385177772142e-33,0.044269414199621084,0.044795605729942886,0.035724303844360115,0.03442840357499115,0.0731858447154279,0.07507852731446023,0.0731858447154279,0.07507852731446023,0.08476832352136515,0.09047871177728263
7,6,0.9917809455728762,0.9299333930865915,0.9628277341043898,0.9548939893187781,32,1024,False,0.028474890851254316,0.02847456690068655,3.239505676103279e-07,0.029373354013933893,0.032396713054967545,0.02891883289166612,0.0318264720759868,1.836913997338198e-33,0.028474566900686553,2.1315380910468676e-05,0.029852195692238237,0.02987351107314866,0.0007135211143502872,0.0006924219853100103,0.0006085716177270364,0.0007048734506697445,0.03178814143724051,-0.0004482295088949796,0.05828589529222722,-0.017769836580091188,0.01922425458500683,0.01647252451220993,0.0413205125805689,-0.0032017317789723165,0.004730224289232865,0.02847456690068655,0.028474890851254316,1.836913997338198e-33,0.028474566900686553,0.029373354013933893,0.026374206385803966,0.023762822444116195,0.029310200261609638,0.03338963359648192,0.029310200261609638,0.03338963359648192,0.03392621271512213,0.032795773270676884
7,8,0.9855255619844085,0.912361536343673,0.9516187310616793,0.9614218667069221,32,1024,False,0.05791011761242299,0.05790514677890681,4.970833515998576e-06,0.06179082846894167,0.055401656031279854,0.05165850366981634,0.04423277259190294,2.2905666031456168e-33,0.05790514677890681,6.833469775463526e-07,0.0593743355529784,0.05937501889995595,1.1508998063609198e-05,0.0019177865624447734,0.0018776330197537439,0.0023103938386540503,0.05352402301152611,0.017315769541059976,0.08600123779857272,-0.017191926653657118,0.021608456566595782,0.03525079879182158,0.06986530420545023,-0.0019275913728051819,0.006547622338985093,0.05790514677890681,0.05791011761242299,2.2905666031456168e-33,0.05790514677890681,0.06179082846894167,0.035724303844360115,0.032000514612277035,0.045118575757159045,0.03956115818656483,0.045118575757159045,0.03956115818656483,0.03392621271512213,0.03111772011177202
7,9,0.9749444465238185,0.8572954534215248,0.9194638327850317,0.857966973677456,32,1024,False,0.17669057818802147,0.17668299359460976,7.584593410142532e-06,0.17987760524636598,0.17276508320814676,0.09529194491837664,0.08748986803146235,8.343029226697262e-34,0.17668299359460976,6.322628722611166e-06,0.1813017266167565,0.18130804924547875,3.4872300203565465e-05,0.0032495712398168466,0.0027103250481550537,0.0034149059977756787,0.17005475815999171,0.053611931628838747,0.13697195820791452,-0.016817879489239698,0.024322268322982704,0.07188957029575249,0.12068209471908631,-0.0008199551302823238,0.00866409575974103,0.17668299359460976,0.17669057818802147,8.343029226697262e-34,0.17668299359460976,0.17987760524636598,0.08865735404465236,0.08638799834097491,0.0731858447154279,0.06607306068003202,0.0731858447154279,0.06607306068003202,0.10094853445942072,0.09940750120093386
7,10,0.9540443754452687,0.7900149559634759,0.8773587628397708,0.7939659708998961,32,1024,False,0.2649760641393823,0.26496220904492274,1.3855094461076838e-05,0.26736946019926755,0.2612824674620854,0.11683387456292581,0.11067773107401901,2.7635060919935557e-33,0.26496220904492274,2.3961326216871017e-05,0.26950434137542945,0.26952830270164607,8.890096504408656e-05,0.005236435388541562,0.004246906506691619,0.005374078048596605,0.25703556095539376,0.0726676652051957,0.1610000839206559,-0.014943515237722648,0.026863071298283827,0.09100918455806095,0.14455617217026884,0.0011782620858866721,0.01102347989944974,0.26496220904492274,0.2649760641393823,2.7635060919935557e-33,0.26496220904492274,0.26736946019926755,0.13352021051287263,0.12069105567302464,0.1287266968369083,0.11357362573737549,0.1286075596141975,0.11216541545690308,0.18120758437828752,0.17677930018913596
7,11,0.8436557768277738,0.6830027912985185,0.7928167146664853,0.8103020411339247,32,1024,False,0.13595769642216268,0.13592255534202308,3.514108014064652e-05,0.13582798564079399,0.1338575721399726,0.09715090755226062,0.09552601766281045,5.2277635003441565e-33,0.13592255534202305,2.4251656771603816e-05,0.1378384758122727,0.1378627274690445,0.00017591162757931981,0.007856948841317333,0.007305157754791099,0.00864836847989531,0.1265524143851815,0.056206615017304534,0.1380952000872167,-0.012640754057977141,0.030373435289062334,0.07436244919517776,0.1217113463426358,0.003585566322726663,0.014155356824630871,0.13592255534202308,0.13595769642216268,5.2277635003441565e-33,0.13592255534202305,0.13582798564079399,0.20056784039219844,0.2037693580666201,0.1715059002415185,0.16869745210805256,0.17503016303281055,0.17120773474108894,0.18120758437828752,0.1805038970335787
8,0,0.4295185044930553,0.3422175766744957,0.5045750384660725,0.5159719598099493,32,1024,False,0.09569686461970861,0.09559805299492181,9.881162478635362e-05,0.08433853511586752,0.085620951777166,0.07028179267145078,0.07201522560046943,6.861426353433338e-34,0.09559805299492181,4.0196459416533935e-05,0.09581410952327205,0.09585430598268856,0.0004193495430846214,0.006374764168342061,0.004731376439915119,0.005234424457069112,0.08088957533725089,0.031079889324197016,0.10948369601870454,-0.015306290871899348,0.028787703180364412,0.048676311678718776,0.09259296381060267,0.0010457860698807053,0.012335786021139938,0.09559805299492181,0.09569686461970861,6.861426353433338e-34,0.09559805299492181,0.08433853511586752,0.22188604312991111,0.3072141525410107,0.21860040413774443,0.3369304216610322,0.21860040413774443,0.3369304216610322,0.21760901725839554,0.3473013602821275
8,1,0.5183017364185017,0.44634656931461464,0.6040996417871561,0.7210852468796133,32,1024,False,0.07867406776825508,0.07863975437585245,3.431339240301656e-05,0.07425985298712547,0.06476318846071484,0.05336673916453441,0.04382441000793547,1.9166704156021675e-33,0.07863975437585245,2.7783017556696096e-08,0.07644590094414823,0.07644592872716578,3.634335800386861e-07,0.006925348789512357,0.005747463155816644,0.006032900773786108,0.059015725304898195,0.01757288578132593,0.08916059254774289,-0.014374694358520644,0.028618229780785008,0.035606250836281106,0.0729827558316174,0.0018745430134003982,0.012419404374668375,0.07863975437585245,0.07867406776825508,1.9166704156021675e-33,0.07863975437585245,0.07425985298712547,0.20056784039219844,0.24890045971526398,0.21860040413774443,0.24449460523217353,0.21860040413774443,0.24449460523217353,0.20425000546744596,0.23582125853578878
8,2,0.7896869518556583,0.5677543617283851,0.7061787403910749,0.8047620737821557,32,1024,False,0.10543928284668236,0.10543580966513709,3.4731815455858553e-06,0.11033605681381896,0.09191151181199472,0.06574326956409961,0.052862551177187515,1.1007242588059309e-33,0.10543580966513709,9.992031728426575e-05,0.10491589506361292,0.10501581538089687,0.0009514787550984628,0.003173513024101822,0.002249517725475824,0.002432804304573042,0.0896619940865189,0.028216374171878063,0.10327016495632116,-0.01656618995640599,0.022994481449401402,0.04607368721917737,0.0866929057156085,-0.0011687534279190004,0.007598274132760707,0.10543580966513709,0.10543928284668236,1.1007242588059309e-33,0.10543580966513709,0.11033605681381896,0.20056784039219844,0.2114989512185001,0.1715059002415185,0.1812346328663574,0.1762533524651251,0.1832084193753221,0.18120758437828752,0.19887262565932293
8,3,0.924921811563709,0.6397303018155387,0.763593513469236,0.8529775049907428,32,1024,False,0.07106114900178837,0.07106559684256447,-4.447840775964903e-06,0.07376525876071369,0.06541584818384218,0.05306450787068086,0.047216509929238405,2.6244013935205374e-34,0.07106559684256447,4.41647358237211e-05,0.07186870817201214,0.07191287290783575,0.000614142281317603,0.002435649461397529,0.0005000526791379749,0.0006270216997686241,0.06491579550470421,0.01784748568120685,0.08828153006015486,-0.017186863183703,0.02207764284436413,0.035313134561874904,0.07148345065070316,-0.0019489362457534298,0.00670535000244854,0.07106559684256447,0.07106114900178837,2.6244013935205374e-34,0.07106559684256447,0.07376525876071369,0.13352021051287263,0.14347631169324127,0.1715059002415185,0.16868605106951134,0.17503016303281055,0.17310901885483992,0.10094853445942072,0.11221161016334949
8,4,0.9450351987743639,0.7098264243516261,0.817511310166669,0.8329797017113318,32,1024,False,0.12360800202890052,0.12359916568091596,8.836347984630677e-06,0.12262080656386758,0.1258232660353045,0.08630603842244669,0.08906867308834607,6.981912049271717e-34,0.12359916568091596,5.0005472179846634e-05,0.12477810954733415,0.12482811501951434,0.000400594627035979,0.002579893003660364,0.0013034981768455204,0.00150210671694574,0.12451976785845897,0.04580501275476117,0.1268070640901322,-0.017641011346739115,0.02285847497050622,0.06336549111438217,0.10973638487485005,-0.0020101580521441065,0.007175431754149031,0.12359916568091596,0.12360800202890052,6.981912049271717e-34,0.12359916568091596,0.12262080656386758,0.13352021051287263,0.13983271558014965,0.1287266968369083,0.1371242000133892,0.1286075596141975,0.13583446195019372,0.11905581495735176,0.11549082335083596
8,5,0.9595485245368885,0.7750777510519866,0.8639446100742978,0.8176952300600188,32,1024,False,0.19264671660557073,0.19264155407539293,5.162530177613737e-06,0.1879841562876538,0.20338917488730854,0.10005124382514388,0.10852569343930794,4.2182488013947e-35,0.19264155407539293,6.61309143214992e-05,0.19804163746342404,0.19810776837774596,0.00033381282754850255,0.0018106882794448951,0.0020124866455392422,0.001980537731854787,0.2013766882417693,0.057332726137519927,0.14276976151276782,-0.018743896420129257,0.02199650307599556,0.07501768995280145,0.12570995352143655,-0.003038832641323097,0.0062627374500152655,0.19264155407539293,0.19264671660557073,4.2182488013947e-35,0.19264155407539293,0.1879841562876538,0.08865735404465236,0.08585656791988774,0.1287266968369083,0.1323944322569699,0.1286075596141975,0.13205335537178323,0.16670814684276367,0.15961614369446694
8,6,0.9727197763877671,0.8484613550790949,0.9129647941650216,0.9160698886459916,32,1024,False,0.20772514808060247,0.20772388123317956,1.266847423404623e-06,0.20411645439787343,0.22135338843244115,0.0985218264581662,0.1085771632024435,2.3899212203260064e-33,0.20772388123317956,2.4726810083378185e-05,0.21370341018898928,0.2137281369990722,0.00011569281625977737,0.0011229292155577688,0.0007936027051495883,0.0008203485978978009,0.22055978572729157,0.056267091061367666,0.14077656185496473,-0.018136939255401975,0.02060340385102695,0.07392569936200744,0.1237550364312483,-0.0030296012337203138,0.0054278218958643265,0.20772388123317956,0.20772514808060247,2.3899212203260064e-33,0.20772388123317956,0.20411645439787343,0.08865735404465236,0.08194176428548892,0.0731858447154279,0.06673285063330381,0.0731858447154279,0.06673285063330381,0.04518058944964064,0.032795773270676884
8,7,0.9855255619844085,0.912361536343673,0.9516187310616793,0.9614218667069221,32,1024,False,0.10610748049783808,0.10610660296127329,8.775365651316758e-07,0.10205804328456038,0.11421407296698148,0.0685309538040479,0.07826646863657215,8.655899542053992e-36,0.10610660296127329,3.329205783495917e-09,0.108037199976083,0.10803720330528888,3.08153643526696e-08,0.00015063463721020558,0.00014830086098818223,0.00015839736882728296,0.1140657721059933,0.029871560643156506,0.1071903469649393,-0.01837353659721114,0.018821486354175267,0.04744386766833486,0.09040695635485463,-0.003827049571555108,0.004153250883973669,0.10610660296127329,0.10610748049783808,8.655899542053992e-36,0.10610660296127329,0.10205804328456038,0.035724303844360115,0.02775475174019332,0.045118575757159045,0.02891350393928367,0.045118575757159045,0.02891350393928367,0.03392621271512213,0.02909550935691944
8,9,0.9913296918630969,0.9456615168378237,0.9714884206306484,0.9289015458271958,32,1024,False,0.05023582258661706,0.050234827058784653,9.955278322820541e-07,0.04872012238013566,0.046002295999302854,0.04284432223648481,0.03942273463059788,2.2185241548863447e-33,0.050234827058784653,3.87264246599299e-06,0.05073507178618844,0.05073894442865453,7.632485282460738e-05,0.0008868086928069742,0.0004172357251607967,0.0007139349215470069,0.04558506027414206,0.009895381912759238,0.07579326256021038,-0.017936515606504708,0.019995810785101417,0.0277275330881821,0.059620938627631404,-0.002995392795128282,0.005190283314732369,0.050234827058784653,0.05023582258661706,2.2185241548863447e-33,0.050234827058784653,0.04872012238013566,0.026374206385803966,0.021905023186937628,0.029310200261609638,0.02533578093516058,0.029310200261609638,0.02533578093516058,0.03392621271512213,0.032708338460816354
8,10,0.9762799791493366,0.8674035328610878,0.9263950292294401,0.883896745767491,32,1024,False,0.14834723339286457,0.14834095893850835,6.2744543568593605e-06,0.14653607056807416,0.14285916928092574,0.09495802832855932,0.09190409021552057,8.125336657254418e-34,0.14834095893850835,2.6866978288527213e-05,0.14862383316710173,0.1486507001453904,0.00018073899592971644,0.0022072409613124217,0.001703512201267891,0.002421679006999565,0.14115565707965785,0.05353414226737924,0.1363819143897394,-0.0167721263123235,0.02198143383445607,0.07179421628825366,0.12008471404988086,-0.0015873382581048645,0.006873764235933777,0.14834095893850835,0.14834723339286457,8.125336657254418e-34,0.14834095893850835,0.14653607056807416,0.08865735404465236,0.08753181264547139,0.0731858447154279,0.05503524752306027,0.0731858447154279,0.05503524752306027,0.08476832352136515,0.07594435965754957
8,11,0.8747314421119446,0.7399779414394789,0.8332640589897751,0.8649838315323428,32,1024,False,0.12385927930943846,0.12383054738028552,2.8731929153301387e-05,0.12144498169187301,0.12075872842096574,0.0945185997073439,0.09354806615783173,2.1527809526922873e-33,0.12383054738028552,2.021546782757312e-05,0.12364045196535647,0.12366066743318381,0.00016347532523626333,0.004643100431879739,0.004732918524117329,0.005704422198119777,0.11602580989684841,0.0540622399850121,0.1349749594296757,-0.015064466754943946,0.02578625550416358,0.07220664168562507,0.11861900621443056,0.000632694413070567,0.009985731187043712,0.12383054738028552,0.12385927930943846,2.1527809526922873e-33,0.12383054738028552,0.12144498169187301,0.13352021051287263,0.136650594434149,0.1287266968369083,0.12888507606063693,0.1286075596141975,0.1287368791265816,0.10094853445942072,0.09908522107465233
9,0,0.3907525157357763,0.3347971966773823,0.4975447665795699,0.5170888654399186,32,1024,False,0.08478363395026178,0.08468159355421061,0.00010204039605136615,0.07938477603849506,0.0751985686012771,0.06360544902106102,0.06003317698340652,2.9305914336219726e-33,0.08468159355421062,1.1459399840481483e-05,0.08515841935070695,0.08516987875054759,0.00013454756550780936,0.00605223769784298,0.004467100792230666,0.0049775291593793895,0.07073146780904643,0.02589259114322151,0.10131830689890053,-0.01547937717833969,0.028316317250440096,0.043760064865637105,0.08488538341771346,0.0007901034405222163,0.011870287955389358,0.08468159355421061,0.08478363395026178,2.9305914336219726e-33,0.08468159355421062,0.07938477603849506,0.22188604312991111,0.32866976563517936,0.22498383875962777,0.3610108433325885,0.22498383875962777,0.3610108433325885,0.21760901725839554,0.3473013602821275
9,1,0.47904353751126455,0.43506384653825114,0.5951770090734543,0.6836105274588163,32,1024,False,0.12055950516643264,0.12051855080844681,4.095435798588538e-05,0.12168608406974403,0.10432021466272644,0.07565491286844217,0.06153814582094704,4.921820392548071e-33,0.1205185508084468,3.6404861265406548e-06,0.1183379361971205,0.11834157668324714,3.0762528509188055e-05,0.006265562486307324,0.0050377684309570485,0.005321647070643561,0.09928244623176939,0.03642737890974564,0.11488244682713869,-0.014911205736826853,0.027836245622590065,0.0547197381965816,0.0987457027513301,0.0012495327173382975,0.011642179095360916,0.12051855080844681,0.12055950516643264,4.921820392548071e-33,0.1205185508084468,0.12168608406974403,0.22188604312991111,0.24890045971526398,0.21860040413774443,0.24449460523217353,0.21860040413774443,0.24449460523217353,0.21726770849549007,0.23582125853578878
9,2,0.7518606803220881,0.5484690123226277,0.6901030701399642,0.7865831919698757,32,1024,False,0.12378113489966579,0.12377349636418529,7.638535480126063e-06,0.13192463054069037,0.10912644860813589,0.0775653821170235,0.06277923857691896,1.214991274508513e-32,0.1237734963641853,7.480754840622624e-05,0.12209106274447196,0.12216587029287844,0.0006123440878117911,0.00260692782112584,0.002228885592769083,0.0024001418593058766,0.1068975630153668,0.038321497747411115,0.1168092664866359,-0.016993886167196832,0.022282860364474064,0.056453202341799624,0.10041850383277051,-0.00174180183239514,0.00691179668501718,0.12377349636418529,0.12378113489966579,1.214991274508513e-32,0.1237734963641853,0.13192463054069037,0.20056784039219844,0.2114989512185001,0.1715059002415185,0.1812346328663574,0.1762533524651251,0.1832084193753221,0.18120758437828752,0.19887262565932293
9,3,0.8944394957614558,0.6126198934236927,0.7426779467856364,0.8434842007557195,32,1024,False,0.07590833809932893,0.07590935170223505,-1.0136029066273288e-06,0.08404095438257335,0.06531419804497386,0.05889646553439548,0.04576175743253029,8.679297249000984e-33,0.07590935170223506,3.602806734211434e-05,0.07459046415967147,0.07462649222701356,0.0004827785182843255,0.0018372841963916803,0.0007962415034846124,0.0009202404440333656,0.06451795654148924,0.022775544072981088,0.09501738699580987,-0.01763163137133152,0.021345393647649796,0.040485167410224676,0.07844557063071989,-0.002532053869799711,0.006008437660057098,0.07590935170223505,0.07590833809932893,8.679297249000984e-33,0.07590935170223506,0.08404095438257335,0.13352021051287263,0.14347631169324127,0.1715059002415185,0.16868605106951134,0.17503016303281055,0.17310901885483992,0.10094853445942072,0.11221161016334949
9,4,0.9172071099081133,0.6719212393309966,0.7893986833116515,0.727164714420437,32,1024,False,0.045074381460965915,0.04505471056784739,1.9670893118798952e-05,0.05091098485041975,0.038874090021087555,0.03989599822410469,0.03179788367326089,2.4798536104394703e-33,0.045054710567847385,2.4529729671524508e-05,0.043135546930571214,0.04316007666024286,0.0005683430514876773,0.0030085545485637926,0.0022168854562996396,0.0024536106229311877,0.03665720456478792,0.007973251676264503,0.07181874477194487,-0.017559453036015093,0.023774477320063502,0.025412903254618868,0.055336185163469054,-0.0017532804413349368,0.007844994928746019,0.04505471056784739,0.045074381460965915,2.4798536104394703e-33,0.045054710567847385,0.05091098485041975,0.13352021051287263,0.13983271558014965,0.1715059002415185,0.1655624599392572,0.17503016303281055,0.1695402347691556,0.18120758437828752,0.1945720098953847
9,5,0.9358348399297906,0.7302334299924087,0.8326968152397629,0.753623834495645,32,1024,False,0.07014233318363494,0.07012983383873414,1.2499344900401657e-05,0.07235941892364604,0.07110772818006024,0.06295443642566266,0.0640868589874894,1.0600619051571664e-32,0.07012983383873415,4.385064991632849e-05,0.06999049871677332,0.0700343493666898,0.0006261306103770991,0.002148981033838899,0.0026035177518452593,0.0026922574984472518,0.06850421042821497,0.026822885890257844,0.09908598696106748,-0.01833062742568267,0.02255805216931114,0.04398344889341388,0.08189980789757101,-0.002610313917102758,0.006760698990547098,0.07012983383873414,0.07014233318363494,1.0600619051571664e-32,0.07012983383873415,0.07235941892364604,0.13352021051287263,0.13296309265475018,0.1287266968369083,0.1323944322569699,0.1286075596141975,0.13205335537178323,0.18120758437828752,0.18015898466246688
9,6,0.9533887575491706,0.7990723855602129,0.8817198359089338,0.8250428469963281,32,1024,False,0.15043329038846884,0.1504220331877189,1.1257200750407546e-05,0.1509096075086033,0.16075711247468433,0.09705058200373999,0.10289134737405993,1.5227878173034864e-32,0.15042203318771888,1.2625600429962762e-05,0.15348564401199602,0.1534982696124263,8.225239582075829e-05,0.0024704931363445323,0.0030775112058185473,0.0030363387584721904,0.1576796012688658,0.055552665473035015,0.13854849853444495,-0.01753021464284071,0.022841130741811478,0.07302321136376122,0.12137418594647897,-0.0019705820304807276,0.00715171433694195,0.1504220331877189,0.15043329038846884,1.5227878173034864e-32,0.15042203318771888,0.1509096075086033,0.13352021051287263,0.1274164739378119,0.1287266968369083,0.12215655348059169,0.1286075596141975,0.12215655348059169,0.16670814684276367,0.15981768819025946
9,7,0.9749444465238185,0.8572954534215248,0.9194638327850317,0.857966973677456,32,1024,False,0.17689298287224836,0.17688054281214605,1.2440060102613883e-05,0.1754271577400143,0.18994533862910787,0.09544646322095368,0.10366214363257215,8.573389621748532e-33,0.17688054281214602,1.3674398585774035e-06,0.18046840706141887,0.18046977450127824,7.577112911878316e-06,0.0017142962460803875,0.002720506590910543,0.0027645918986967115,0.18722483203819731,0.053804496707997765,0.1370884297339096,-0.01817384369044169,0.021933420527642283,0.07135870683850953,0.12001308093749685,-0.0027039760316256434,0.006295069637417328,0.17688054281214605,0.17689298287224836,8.573389621748532e-33,0.17688054281214602,0.1754271577400143,0.08865735404465236,0.08494408738967292,0.0731858447154279,0.07018986385551813,0.0731858447154279,0.07018986385551813,0.10094853445942072,0.09444848765479638
9,8,0.9913296918630969,0.9456615168378237,0.9714884206306484,0.9289015458271958,32,1024,False,0.038806604148982494,0.03879706165145794,9.542497524489597e-06,0.03976350820150393,0.043979258130767154,0.03735896561971305,0.0416397261063484,4.755944132351873e-33,0.038797061651457944,1.7781473879552779e-06,0.039462492185562886,0.03946427033295084,4.505714594374768e-05,0.0013502701363608358,0.002018860232167769,0.0020629809616458617,0.041960397898599386,0.006109272412703079,0.06860865882672303,-0.017607346643973034,0.02057765451694332,0.023131134868890513,0.05170138424728066,-0.0026932609398500063,0.005572969414060935,0.03879706165145794,0.038806604148982494,4.755944132351873e-33,0.038797061651457944,0.03976350820150393,0.026374206385803966,0.023696346022663975,0.029310200261609638,0.027816870555910454,0.029310200261609638,0.027816870555910454,0.03392621271512213,0.03111772011177202
9,10,0.9755849190423536,0.9199791834413003,0.9572276784224705,0.945073484709885,32,1024,False,0.0471965379931549,0.04719076870716354,5.7692859912137815e-06,0.0487872999081262,0.04520407975705096,0.04502639325439985,0.04123623653713919,5.5744886682321906e-33,0.04719076870716356,7.551544374654669e-06,0.04761454290922403,0.04762209445359864,0.0001585722858538412,0.0013287385098649615,0.001516859813265974,0.00192500787615944,0.04368721994378499,0.01239691933803691,0.0776558671707628,-0.017170237206135253,0.02026360658213052,0.030136071909510065,0.06140261740074493,-0.0025077336977119558,0.005539988676900975,0.04719076870716354,0.0471965379931549,5.5744886682321906e-33,0.04719076870716356,0.0487872999081262,0.08865735404465236,0.08753181264547139,0.029310200261609638,0.026527757454964416,0.029310200261609638,0.026527757454964416,0.03392621271512213,0.03417425279108424
9,11,0.8612682088561964,0.7806992518748244,0.8623207805161466,0.8756785140701023,32,1024,False,0.1265206445333992,0.12648863913943043,3.200539396923357e-05,0.1318905521649993,0.12463276569164154,0.10001340232917862,0.0933337278408395,2.5760648659994935e-32,0.12648863913943043,8.738973185106342e-06,0.12619687097659124,0.12620560994977653,6.924393605469688e-05,0.003956838046651296,0.004885273678124121,0.0056536790581198995,0.11974749201351742,0.0587863585912508,0.14124044606710642,-0.015814278236678338,0.02487898433236524,0.07699486267665634,0.12489373582502594,-0.00019681802223203704,0.009079181421839166,0.12648863913943043,0.1265206445333992,2.5760648659994935e-32,0.12648863913943043,0.1318905521649993,0.13352021051287263,0.136650594434149,0.1287266968369083,0.12888507606063693,0.1286075596141975,0.1287368791265816,0.08476832352136515,0.07803657657227457
10,0,0.45852052350045763,0.3244252781824931,0.48672362829990956,0.5500683053609019,32,1024,False,0.09903304461330288,0.09893662304243571,9.642157086679789e-05,0.0874590149718777,0.0910351463271078,0.07690881862328015,0.08096437945062444,4.461385901293922e-34,0.09893662304243571,4.270457942649172e-05,0.09857116307278234,0.09861386765220902,0.0004330484184749964,0.005336490536236177,0.003653754104319922,0.004134069909631912,0.08738139222278787,0.03709469166766663,0.11672294557889368,-0.01611742964377822,0.027501991331725588,0.05440295609878376,0.09945608954876661,0.00013433694402920082,0.011096632813860197,0.09893662304243571,0.09903304461330288,4.461385901293922e-34,0.09893662304243571,0.0874590149718777,0.22188604312991111,0.3072141525410107,0.22498383875962777,0.3610108433325885,0.22498383875962777,0.3610108433325885,0.21726770849549007,0.25015559150955685
10,1,0.5438016875101533,0.4167158960507936,0.5792041237307584,0.6633804458578207,32,1024,False,0.0927054709489608,0.09266475934870294,4.0711600257795086e-05,0.08388052277370817,0.07800771036832573,0.05930898928718126,0.054833787638490915,4.7411792258246654e-34,0.09266475934870294,2.3777636355221258e-06,0.0893402531472986,0.08934263091093407,2.661398720049475e-05,0.005322504490832833,0.004573373151153339,0.004834657116842578,0.07343433721717238,0.022344415875800605,0.09627356269856191,-0.01573697323545147,0.026772928659032805,0.039774985671101604,0.07933487696573138,0.00040778184484224766,0.010655061378201935,0.09266475934870294,0.0927054709489608,4.7411792258246654e-34,0.09266475934870294,0.08388052277370817,0.20056784039219844,0.24188620504609468,0.21860040413774443,0.24449460523217353,0.21860040413774443,0.24449460523217353,0.21726770849549007,0.23582125853578878
10,2,0.7891474704798188,0.5183598513386038,0.6628679930719974,0.7230215298640664,32,1024,False,0.21627132337090538,0.21626129429490717,1.0029075998445001e-05,0.2143313765110883,0.20589627738309568,0.10028972697612323,0.09721926516353142,5.947696228824414e-34,0.21626129429490717,0.00010482710487391872,0.21582774611123182,0.21593257321610676,0.00048546221310023037,0.0022757981217018954,0.0018717075157462816,0.0020084479436785914,0.2040245698673494,0.056962826660581056,0.1436166272916654,-0.01754289727209474,0.022169795144288486,0.07448065214703092,0.12626440433086827,-0.0021290033764671534,0.00669724873296218,0.21626129429490717,0.21627132337090538,5.947696228824414e-34,0.21626129429490717,0.2143313765110883,0.20056784039219844,0.2114989512185001,0.1715059002415185,0.1812346328663574,0.1762533524651251,0.1832084193753221,0.18120758437828752,0.19887262565932293
10,3,0.8961208238137786,0.5749403235548146,0.7126250585113274,0.7759194234931273,32,1024,False,0.1493126659484557,0.14931140032751442,1.2656209401640529e-06,0.14971485146850916,0.14019346313311334,0.08677031805169227,0.08333777205813526,1.8121074846739501e-34,0.14931140032751442,7.655821652385318e-05,0.14780839659346465,0.1478849548099887,0.0005176876621575175,0.0011592100051850435,0.0001303696705736503,0.00020937856261036192,0.1400630934625397,0.04572458278012838,0.12781605332325618,-0.0185322731625447,0.02088348719605358,0.06322287851799047,0.11061080622312147,-0.003279423930507619,0.005429739256214816,0.14931140032751442,0.1493126659484557,1.8121074846739501e-34,0.14931140032751442,0.14971485146850916,0.13352021051287263,0.14347631169324127,0.1715059002415185,0.16868605106951134,0.1762533524651251,0.17310901885483992,0.18120758437828752,0.17344431720738074
10,4,0.9157556663503417,0.6272202799753585,0.7552251111411932,0.6876826132646264,32,1024,False,0.1403087135229585,0.1402879704307522,2.0743092205843436e-05,0.1412749711915621,0.13330146573595722,0.0970133512053885,0.09424369245733537,2.1855289518853294e-33,0.14028797043075214,5.8228042282368415e-05,0.13735913953463671,0.1374173675769189,0.00042373131802117715,0.0021806222549050603,0.001069291211098667,0.0012763135924312352,0.13223217452485855,0.05536541356365565,0.13866128884712134,-0.01850857049745107,0.02304059116290305,0.07284930941386847,0.12140454994369065,-0.002643886888108682,0.007071656262269244,0.1402879704307522,0.1403087135229585,2.1855289518853294e-33,0.14028797043075214,0.1412749711915621,0.13352021051287263,0.13983271558014965,0.1715059002415185,0.1655624599392572,0.17503016303281055,0.1695402347691556,0.20425000546744596,0.21227821220778093
10,5,0.9240043770871036,0.6766506567238185,0.793413934257901,0.7133331993199592,32,1024,False,0.21299700420802226,0.2129835112993449,1.3492908677849322e-05,0.21362300927826175,0.21361431773902806,0.12937326346165487,0.13108972255378476,2.022114309685391e-34,0.2129835112993449,8.21075198605532e-05,0.21285011336604792,0.21293222088590796,0.00038560401764910695,0.0017258908870529488,0.0015071279818559035,0.0016653793616740187,0.21210718975717216,0.08389471642036334,0.1748518105029464,-0.01864399542520744,0.022082917151458135,0.10145001116325147,0.1574000629116199,-0.002939688340120483,0.006353424265398644,0.2129835112993449,0.21299700420802226,2.022114309685391e-34,0.2129835112993449,0.21362300927826175,0.13352021051287263,0.13296309265475018,0.1715059002415185,0.16093012681146235,0.1286075596141975,0.13205335537178323,0.20425000546744596,0.18015898466246688
10,6,0.9376944582855722,0.7385014985692864,0.8406492676136867,0.7798524728565883,32,1024,False,0.32405952673079136,0.32404704497869785,1.2481752093372174e-05,0.3236578570692055,0.333165427042519,0.14596696740647747,0.14965644511188533,3.1434258180310714e-35,0.32404704497869785,3.210300634953095e-05,0.3269231472312701,0.32695525023762007,9.818776828388462e-05,0.002077922967051377,0.002076287009540109,0.0022537271953341443,0.3310891400329789,0.09903657020533298,0.19289736460762197,-0.017846493602596773,0.022554272057022148,0.11661624379485147,0.1753810293157585,-0.002259716624394059,0.006878514839627314,0.32404704497869785,0.32405952673079136,3.1434258180310714e-35,0.32404704497869785,0.3236578570692055,0.13352021051287263,0.1274164739378119,0.1287266968369083,0.12215655348059169,0.1286075596141975,0.12215655348059169,0.18120758437828752,0.15981768819025946
10,7,0.9540443754452687,0.7900149559634759,0.8773587628397708,0.7939659708998961,32,1024,False,0.35108697271520034,0.3510719365826382,1.5036132562014952e-05,0.3485466514683903,0.3643220853717025,0.13810708348110123,0.14483521146857825,1.9069616743571817e-35,0.3510719365826382,2.706325071375881e-08,0.35467611560275775,0.35467614266600805,7.630411933075457e-08,0.0016352736630097422,0.0021446919763168926,0.0022949942226816707,0.3621773933953856,0.091747908078606,0.18446625888359647,-0.018557972359476566,0.0222939648475423,0.10934738296055002,0.16701855302380864,-0.002847344396286644,0.006504267490527127,0.3510719365826382,0.35108697271520034,1.9069616743571817e-35,0.3510719365826382,0.3485466514683903,0.13352021051287263,0.12831151873271132,0.1287266968369083,0.12395647012212965,0.1286075596141975,0.12395647012212965,0.18120758437828752,0.1609183570010654
10,8,0.9762799791493366,0.8674035328610878,0.9263950292294401,0.883896745767491,32,1024,False,0.1435698894575409,0.14355932256430112,1.0566893240107048e-05,0.14363231581754252,0.15001645078208595,0.09336590337713799,0.09753748134239837,3.090047599661298e-34,0.14355932256430112,3.503607652216783e-06,0.14446001695029936,0.14446352055795172,2.4252542362840356e-05,0.0010640187122542492,0.0014033187880635018,0.0014706097760860614,0.14861313199402246,0.05224608981061066,0.13448571694366532,-0.01828486862896749,0.020795190783797112,0.06980800832388923,0.11744248938339297,-0.003059645627217833,0.00552270113985287,0.14355932256430112,0.1435698894575409,3.090047599661298e-34,0.14355932256430112,0.14363231581754252,0.08865735404465236,0.07635672152599278,0.0731858447154279,0.05600316577323749,0.0731858447154279,0.05600316577323749,0.08476832352136515,0.07635918176476839
10,9,0.9755849190423536,0.9199791834413003,0.9572276784224705,0.945073484709885,32,1024,False,0.03502546712204102,0.03502402183057237,1.4452914686192928e-06,0.03374679410177797,0.0369571586784721,0.02996403835336136,0.032408293163119356,6.904104565115359e-33,0.03502402183057237,2.03723246433072e-06,0.03524239146499806,0.03524442869746258,5.780296459954791e-05,5.6546912141259636e-05,0.0003112706506675021,0.0003126002053723474,0.0366458880278046,-0.000270371966978572,0.06019844867370129,-0.018622731897298538,0.019118975589409358,0.016787033739092294,0.043397269044362474,-0.0037887791550019756,0.0043455805571284145,0.03502402183057237,0.03502546712204102,6.904104565115359e-33,0.03502402183057237,0.03374679410177797,0.08865735404465236,0.08638799834097491,0.029310200261609638,0.02533578093516058,0.029310200261609638,0.02533578093516058,0.03392621271512213,0.032708338460816354
10,11,0.8744529279045026,0.8478000118391535,0.9078977315990864,0.942901036316968,32,1024,False,0.03999944395604952,0.03997534638878716,2.4097567262365725e-05,0.04392242827962385,0.03990193601224974,0.042123743467138895,0.037948183913559884,2.615736763096069e-33,0.03997534638878716,5.4157212453581155e-08,0.03954833625760796,0.03954839041482048,1.3693910646054036e-06,0.002582657738197938,0.0032002692241654435,0.003695596196585662,0.0367016667880843,0.010736477326418782,0.073511009607859,-0.016617973137142746,0.022602506894320803,0.028363637466100045,0.05722848281584447,-0.0013763052120339125,0.007256515164044686,0.03997534638878716,0.03999944395604952,2.615736763096069e-33,0.03997534638878716,0.04392242827962385,0.13352021051287263,0.136650594434149,0.0731858447154279,0.0751367391444815,0.0731858447154279,0.0751367391444815,0.03392621271512213,0.0331572730563143
11,0,0.5284609738220807,0.3035307088023247,0.4689596808794295,0.4893581783284923,32,1024,False,0.10985311530107261,0.10976289767531595,9.021762575707862e-05,0.10002671154962844,0.09972714738940025,0.07867050814885727,0.08088153828925186,4.1030741034690164e-33,0.10976289767531593,5.322435216811014e-05,0.10804440375887968,0.10809762811104782,0.0004923729881791041,0.0051951896737458154,0.0036384276835362203,0.00411027758044827,0.09608871970586402,0.0382104211750271,0.11913059512268745,-0.016260010439280416,0.02735787420407932,0.05573379208362894,0.10203869669203414,-2.5357381673529744e-05,0.010935569618595764,0.10976289767531595,0.10985311530107261,4.1030741034690164e-33,0.10976289767531593,0.10002671154962844,0.20056784039219844,0.20829914534123525,0.22498383875962777,0.3610108433325885,0.22498383875962777,0.3610108433325885,0.21760901725839554,0.3473013602821275
11,1,0.5974882327297751,0.3869965906446079,0.5477331766579338,0.6380688320888778,32,1024,False,0.15109198132508903,0.15106200623496815,2.9975090120362775e-05,0.14153709998092767,0.13356818016308747,0.07932331943639648,0.07158253181369574,6.607548588325316e-33,0.15106200623496815,5.401126706226947e-06,0.1451545928231784,0.14515999394988519,3.720809404340168e-05,0.005015858059161242,0.004446380458093054,0.004692357996279506,0.1291217997049944,0.038968325437996124,0.11967831343479683,-0.016054826989647098,0.02644724833992972,0.05664437535597244,0.10270162877714029,9.517263970337808e-05,0.010330854784115218,0.15106200623496815,0.15109198132508903,6.607548588325316e-33,0.15106200623496815,0.14153709998092767,0.20056784039219844,0.24188620504609468,0.21860040413774443,0.24449460523217353,0.21860040413774443,0.24449460523217353,0.21726770849549007,0.23582125853578878
11,2,0.7818324845814072,0.4750599658157682,0.622181528353156,0.6867462408994708,32,1024,False,0.4884081613293917,0.48840634457603455,1.8167533556172621e-06,0.48621853012533955,0.48338388839881336,0.15190468951788663,0.148053152238209,1.2373204549256068e-33,0.48840634457603455,0.00024207706594939676,0.49202158126762396,0.4922636583335744,0.0004917630254666438,0.002190734957379326,0.0024188058979351125,0.0025205858371587773,0.4809650825008782,0.10288953827289493,0.20091984076287833,-0.017824092922453925,0.02225809906507556,0.12065448993962491,0.1833680025592912,-0.0022550349021912552,0.006729362496116664,0.48840634457603455,0.4884081613293917,1.2373204549256068e-33,0.48840634457603455,0.48621853012533955,0.20056784039219844,0.2114989512185001,0.21860040413774443,0.1812346328663574,0.21860040413774443,0.1832084193753221,0.21726770849549007,0.19887262565932293
11,3,0.835380413301603,0.5215939497443147,0.6672890137436428,0.7425362079315103,32,1024,False,0.4005995226226645,0.4006066126692312,-7.090046566690174e-06,0.3973581532843362,0.40082458391559217,0.14244617382054636,0.13982670690093682,3.0262707291420175e-33,0.4006066126692312,0.00012725343140295388,0.40435994538791875,0.4044871988193214,0.00031460434786168885,0.0009385344506248466,0.000503948305832393,0.0005113362693100066,0.4003206356097598,0.09434679651978439,0.19054555112130833,-0.018970325505483374,0.020844695622035246,0.11224714763375232,0.1732258294141502,-0.0035259040450910106,0.005351325940864626,0.4006066126692312,0.4005995226226645,3.0262707291420175e-33,0.4006066126692312,0.3973581532843362,0.20056784039219844,0.1958188697257195,0.1715059002415185,0.16868605106951134,0.1762533524651251,0.17310901885483992,0.18120758437828752,0.17344431720738074
11,4,0.8347479940911376,0.5630862409994658,0.6968911805943385,0.681980043278946,32,1024,False,0.3911275513473319,0.3911180556914546,9.495655878014283e-06,0.38632999630295234,0.39400454038221594,0.14700193979848894,0.14548058900940739,7.219742655794391e-33,0.3911180556914546,6.858293220493685e-05,0.3922508541411047,0.3923194370733115,0.00017481400543537426,0.0018949804573528345,0.0013062444582836337,0.0014023119385628575,0.3926982959239323,0.09884945769223968,0.1951544219047382,-0.019051797220259993,0.022890283606650616,0.11676167219411582,0.17786571996839484,-0.0030653574503958225,0.006872679747175425,0.3911180556914546,0.3911275513473319,7.219742655794391e-33,0.3911180556914546,0.38632999630295234,0.20056784039219844,0.19241721046756344,0.1715059002415185,0.1655624599392572,0.1762533524651251,0.1695402347691556,0.21726770849549007,0.21227821220778093
11,5,0.8305373055250105,0.601986968540397,0.7263957035817913,0.7159561682418882,32,1024,False,0.5729430207621943,0.5729411090268209,1.9117353746099057e-06,0.5654090390646681,0.5883905060270753,0.16814235900827282,0.1686972883034579,2.6081713678869704e-33,0.572941109026821,8.699848589140007e-05,0.5818882435881128,0.5819752420740049,0.00014948829366239123,0.001127074316807119,0.0010622566853428184,0.0011438317470957016,0.5873282493417326,0.11828364933645777,0.21800106868008787,-0.019183896576899603,0.021216412404007227,0.1361571757515776,0.2005431949000922,-0.0035376146697672084,0.0056033472865237854,0.5729411090268209,0.5729430207621943,2.6081713678869704e-33,0.572941109026821,0.5654090390646681,0.20056784039219844,0.19319400108589024,0.1715059002415185,0.16093012681146235,0.1762533524651251,0.16290094201206143,0.20425000546744596,0.18015898466246688
11,6,0.837436122342411,0.6475506003832674,0.7653198541949162,0.7777673962960572,32,1024,False,0.6997035702385381,0.6997040191149877,-4.4887644851658116e-07,0.6924228294481012,0.7216374611116922,0.1745047721941207,0.1769591675136411,1.1807059894741722e-33,0.6997040191149877,2.3333683567729393e-05,0.7109926699428625,0.7110160036264319,3.281738167456062e-05,0.0015227000009081114,0.0017309634546133902,0.001928496965362335,0.7199064976570788,0.12444613733757073,0.22456340705067065,-0.018232617975387156,0.021747044556778398,0.14235391099646222,0.20714252102334285,-0.002729507461481262,0.006222707459528465,0.6997040191149877,0.6997035702385381,1.1807059894741722e-33,0.6997040191149877,0.6924228294481012,0.20056784039219844,0.19010877218839506,0.1715059002415185,0.14918596162828923,0.17503016303281055,0.14982511191464154,0.18120758437828752,0.15981768819025946
11,7,0.8436557768277738,0.6830027912985185,0.7928167146664853,0.8103020411339247,32,1024,False,0.6859171246342639,0.685917587549488,-4.6291522314989566e-07,0.6780527090267647,0.7070846504561208,0.16275350914443523,0.1676068082946359,2.021764218419945e-33,0.685917587549488,1.259208535869169e-05,0.6943041009982549,0.6943166930836137,1.813593923943764e-05,0.0013517667143100067,0.0017836830228762127,0.0019760920147345725,0.7053009674332446,0.11351913759639107,0.2119878806924794,-0.0188106078249653,0.02193401446682384,0.13146584163769148,0.19468116918869782,-0.003115269588306546,0.006190774205606431,0.685917587549488,0.6859171246342639,2.021764218419945e-33,0.685917587549488,0.6780527090267647,0.20056784039219844,0.13582798564079399,0.1715059002415185,0.1293844763723365,0.17503016303281055,0.13582798564079399,0.18120758437828752,0.13596664996272748
11,8,0.8747314421119446,0.7399779414394789,0.8332640589897751,0.8649838315323428,32,1024,False,0.289727373609542,0.28973084956809897,-3.4759585561806953e-06,0.2877272208790207,0.2961397417717852,0.12096977137622839,0.12200282292237595,1.7939467356703565e-33,0.289730849568099,2.890146041295169e-05,0.2905776271116864,0.29060652857210006,9.945220623555668e-05,0.0008593038156267087,0.0011547349483745615,0.0014039504826485552,0.29498500682341067,0.07625324143041359,0.16568630132204318,-0.018633812870515756,0.020723868385569305,0.09410083477996523,0.14864402871899074,-0.003305859449028503,0.005387264216551557,0.28973084956809897,0.289727373609542,1.7939467356703565e-33,0.289730849568099,0.2877272208790207,0.13352021051287263,0.1312110942467201,0.1287266968369083,0.12617768098204624,0.1286075596141975,0.12617768098204624,0.10094853445942072,0.08501117685422338
11,9,0.8612682088561964,0.7806992518748244,0.8623207805161466,0.8756785140701023,32,1024,False,0.11027786567612778,0.11028591264778181,-8.046971654373264e-06,0.10660239640634457,0.1096160095584913,0.0686528493459894,0.06947135702073791,1.3518272531861092e-32,0.11028591264778179,3.666734166755665e-05,0.1092052792518121,0.10924194659348005,0.0003356525841122744,0.0003667964892535198,0.0005871060057489879,0.0007873291798651277,0.1090289035527423,0.030574025205272123,0.10673167348670669,-0.018999650396597283,0.020154599876329837,0.04822136195434723,0.0899918211507611,-0.0037094624858582392,0.004904130735667422,0.11028591264778181,0.11027786567612778,1.3518272531861092e-32,0.11028591264778179,0.10660239640634457,0.13352021051287263,0.12907459517752204,0.1287266968369083,0.12353555595105474,0.1286075596141975,0.12353555595105474,0.08476832352136515,0.08164917025208238
11,10,0.8744529279045026,0.8478000118391535,0.9078977315990864,0.942901036316968,32,1024,False,0.01709292419807861,0.017104031130359913,-1.1106932281325139e-05,0.01608864461057273,0.014380228690931323,0.010951667292578869,0.007890656006464812,1.0694866648219692e-33,0.017104031130359906,1.381775588846607e-05,0.016242919997071798,0.016256737752960264,0.0008499710149996073,0.0005995444958430469,0.0005559095910263565,0.0007782765961886362,0.013824319099904966,-0.014131147422488922,0.03603448200764666,-0.018097540375023927,0.019464927109448343,0.0029520874595618807,0.019650652102427557,-0.0033394121273886412,0.004740148870041594,0.017104031130359913,0.01709292419807861,1.0694866648219692e-33,0.017104031130359906,0.01608864461057273,0.13352021051287263,0.12069105567302464,0.0731858447154279,0.07665845979081988,0.0731858447154279,0.07665845979081988,0.03392621271512213,0.03417425279108424
