source,target,cka,cca_shared,procrustes_shared,probe_cosine,metric_rank,metric_examples,full_dim_cca_saturation_possible,train_raw,train_geometry,residual_correction,cal_raw,test_raw,cal_clipped,test_clipped,train_mean_term,train_variance_term,test_mean_term,test_variance_term,test_geometry,mean_fraction,aligned_cal_raw,aligned_test_raw,aligned_test_clipped,alignment_raw_reduction,bernstein_lo,bernstein_hi,bernstein_aligned_lo,bernstein_aligned_hi,betting_lo,betting_hi,betting_aligned_lo,betting_aligned_hi,prediction__training_geometry,prediction__direct_training,prediction__mean_only,prediction__variance_only,prediction__direct_calibration,prediction__cka_common,prediction__cka_held_target,prediction__cca_shared_common,prediction__cca_shared_held_target,prediction__procrustes_shared_common,prediction__procrustes_shared_held_target,prediction__probe_cosine_common,prediction__probe_cosine_held_target
0,1,0.9612689245807319,0.5738536960256115,0.7146312281113341,0.4578822964727191,64,1024,False,0.21045427913308978,0.21039515072291887,5.912841016767587e-05,0.20993766809793693,0.19435211643136488,0.07685282914600447,0.0715111270212718,2.270458116250899e-32,0.2103951507229188,0.0004358605164349152,0.21031007084301895,0.21074593135945335,0.0020681799815698504,0.00849952166184917,0.007356974924105077,0.00939280632005823,0.1869951415072598,0.03624513785037943,0.11746052044162951,-0.013097082972321964,0.033937401505016444,0.05443672194815008,0.10117277219251264,0.003300641961686779,0.017022768981405534,0.21039515072291887,0.21045427913308978,2.270458116250899e-32,0.2103951507229188,0.20993766809793693,0.12931384620792988,0.10765479370979567,0.22088201183006329,0.22307088057648858,0.22088201183006329,0.22307088057648858,0.22987937707169614,0.2368060701779482
0,2,0.7927269472912322,0.44299445133429177,0.5973484817273655,0.3114976547477662,64,1024,False,1.2314999285148656,1.2314525219952104,4.740651965192884e-05,1.2259256770923417,1.2401290433045309,0.19457113577942456,0.2013485031756245,2.0857573066743153e-32,1.23145252199521,0.00012198625758900334,1.2519498313964128,1.2520718176540016,9.742752441914089e-05,0.008129561093669267,0.0053889250378180665,0.007708064086030558,1.2347401182667128,0.141149648656979,0.24799262290187013,-0.013769470781120419,0.03336589386364101,0.15961980870633852,0.23092340314178728,0.002801903319777921,0.016597538509813603,1.2314525219952104,1.2314999285148656,2.0857573066743153e-32,1.23145252199521,1.2259256770923417,0.40947176598762675,0.4308574213123104,0.4464485208616243,0.41296032910424085,0.42911698779243845,0.3972329253191571,0.4520075371981825,0.41057523734700474
0,3,0.5432419839054539,0.38974616614134144,0.5476321755788686,0.28313227750840236,64,1024,False,1.210578304328854,1.21053274875156,4.5555577290236495e-05,1.198561667606496,1.1836118079047993,0.21753538897742267,0.21229593499092256,9.187079580404633e-33,1.21053274875156,1.6373382661408258e-05,1.1974507354734811,1.197467108856143,1.3673346466316399e-05,0.009990375054265248,0.006852181797460601,0.009763857475020527,1.1767596261073388,0.16331944808692597,0.2717513298679194,-0.011434732896102013,0.03559764550545878,0.18176007179135922,0.2545750433928333,0.004969991037796717,0.018643688410520554,1.21053274875156,1.210578304328854,9.187079580404633e-33,1.21053274875156,1.198561667606496,0.49509628909987,0.3744500041162401,0.4464485208616243,0.39630764441196614,0.5092339107125425,0.39630764441196614,0.4520075371981825,0.39630764441196614
0,4,0.4876222710541,0.3630023528832055,0.5236087526949765,0.2415542623772414,64,1024,False,1.6076486336915001,1.6075933311156407,5.5302575868615055e-05,1.5792782784112533,1.5628813813511566,0.23908155692679559,0.23237853530112781,5.071064276271194e-32,1.6075933311156412,0.00011346716252453062,1.5865769526266562,1.5866904197891771,7.15118469925639e-05,0.013474100718596393,0.009381281312276814,0.014243544795625266,1.5535001000388797,0.18374292420205152,0.29442018965153965,-0.007708396478592203,0.04070139495617145,0.20221264826977858,0.2771898092396441,0.00890593827352859,0.023917394784803037,1.6075933311156407,1.6076486336915001,5.071064276271194e-32,1.6075933311156412,1.5792782784112533,0.6907884231542277,0.47680436570958634,0.6395733013372349,0.43317022188421195,0.6395733013372349,0.4515306162191569,0.6395733013372349,0.4365881972680113
0,5,0.43447705646339096,0.3430283277094416,0.507029866806341,0.22106871270403727,64,1024,False,0.9793928358865224,0.9793354627352484,5.737315127601993e-05,0.9496676205836796,0.9475432372052481,0.19900400497040258,0.20151219017949115,4.6322224697616347e-32,0.9793354627352485,0.00020017488365769857,0.9625466823896899,0.9627468572733472,0.00020792057864995353,0.015389657711519913,0.013455491128642414,0.018431596950213375,0.9340877460766057,0.1466546346718322,0.25135337526897295,-0.005466816768102848,0.04315434179403076,0.16479716977482894,0.2340485303211608,0.011179503744642716,0.026437403350428212,0.9793354627352484,0.9793928358865224,4.6322224697616347e-32,0.9793354627352485,0.9496676205836796,0.6907884231542277,0.6708746387365774,0.6395733013372349,0.6051183769765187,0.6395733013372349,0.6051183769765187,0.6395733013372349,0.6051183769765189
0,6,0.4172523560835475,0.3334976704174098,0.49812675514193333,0.15949983804612333,64,1024,False,1.1015487105133268,1.1015082182933262,4.0492219998522313e-05,1.0651707491843705,1.0600566995137912,0.22152776870342394,0.21433801091999138,2.435483278848232e-32,1.101508218293326,6.678799822896232e-07,1.0940803813915172,1.0940810492715005,6.10448360050048e-07,0.024734066967486985,0.020942445907198154,0.026124648686866585,1.0391142536065932,0.1688046023016212,0.2742509351052267,0.003637465776460666,0.05327576232299534,0.18746571672090795,0.2574112443762715,0.020213841620716266,0.03645566453633364,1.1015082182933262,1.1015487105133268,2.435483278848232e-32,1.101508218293326,1.0651707491843705,0.6907884231542277,0.6619897826903706,0.6395733013372349,0.5922846960208865,0.6395733013372349,0.5922846960208865,0.6395733013372349,0.5922846960208865
0,7,0.40004994723305193,0.3242490903445704,0.489997846899774,0.1283808161691924,64,1024,False,0.934205591069281,0.934156714124252,4.887694503070275e-05,0.8963160215052649,0.901763404228918,0.21210558125606888,0.19933928492074218,1.522331175033828e-32,0.934156714124252,4.081691609000609e-06,0.9319224411921113,0.9319265228837221,4.379842733062645e-06,0.024520970294739215,0.02097664922582843,0.02631015180971909,0.8807867550030896,0.16025355008695946,0.2639576124251783,0.0037114516394699815,0.05314699010493674,0.1788198756694328,0.24710033338487847,0.02021592325763777,0.036288073686591815,0.934156714124252,0.934205591069281,1.522331175033828e-32,0.934156714124252,0.8963160215052649,0.6907884231542277,0.6749786078964556,0.6395733013372349,0.6110463324296759,0.6395733013372349,0.6110463324296759,0.6395733013372349,0.6110463324296759
0,8,0.4425016454659904,0.31599244673920796,0.4836265566947063,0.1474384986062424,64,1024,False,0.942709236584537,0.942675560673244,3.367591129865094e-05,0.9106002937085362,0.9541347070537565,0.21410410450935025,0.2170891136175194,5.088229875873301e-33,0.942675560673244,2.1850425311538835e-05,0.9727948698171918,0.9728167202425028,2.2460988649631744e-05,0.02623098559926447,0.021646084127582475,0.027228079188798476,0.932488622926174,0.1622348775330926,0.2659733314856079,0.0062528764538170994,0.05523300792898323,0.1806965102077811,0.2490106486802688,0.022774079472583253,0.03838133688259404,0.942675560673244,0.942709236584537,5.088229875873301e-33,0.942675560673244,0.9106002937085362,0.6907884231542277,0.673879817726973,0.6395733013372349,0.609459191073757,0.6395733013372349,0.609459191073757,0.6395733013372349,0.609459191073757
0,9,0.40497961066408317,0.3074249795686613,0.476000183765945,0.09169668660371216,64,1024,False,1.2514706687340735,1.2514339709511573,3.669778291930917e-05,1.240854048230282,1.2451176496721685,0.2358090185238885,0.22477095860055818,1.5782727120030047e-33,1.2514339709511573,4.987986999722265e-05,1.268110262147006,1.268160142017006,3.933246941343608e-05,0.02460856927704762,0.018836181150940066,0.024918973422790803,1.2262814685212284,0.18225007501829676,0.28936796202948023,0.004849594529962826,0.053393922294695056,0.2006251415150473,0.27218510492821224,0.021349542286770884,0.03654250434192363,1.2514339709511573,1.2514706687340735,1.5782727120030047e-33,1.2514339709511573,1.240854048230282,0.6907884231542277,0.648475682763762,0.6852000732730672,0.5932071919716546,0.6852000732730672,0.5932071919716546,0.8037847325601899,0.6580949606701592
0,10,0.46813375309714406,0.2965258986063267,0.4656248615101053,0.08845967991683754,64,1024,False,1.816619101549158,1.8165818729466798,3.7228602471600715e-05,1.820102448796429,1.8080132100745911,0.24715859125024361,0.2396602265174972,6.366129417936489e-33,1.8165818729466798,0.00019852959565817006,1.8187761435285392,1.8189746731242016,0.0001091436833021887,0.024682409541790785,0.01864290750740429,0.025159211204227143,1.7893703025671868,0.19261971711817447,0.3016974653823128,0.005143599879200579,0.05311478207964153,0.21084643921494717,0.2842659143425408,0.021700600074836984,0.03632517324149376,1.8165818729466798,1.816619101549158,6.366129417936489e-33,1.8165818729466798,1.820102448796429,0.6907884231542277,0.5889396784793923,0.937410886983832,0.6039181134894428,0.937410886983832,0.6039181134894428,0.9524523821203517,0.6599882491370067
0,11,0.5357179110314495,0.28396179640771363,0.45495562377271925,0.11882597021797266,64,1024,False,1.6312338059072247,1.6311889328742424,4.487303298720484e-05,1.6704755997509098,1.6552839632757492,0.24991573143178353,0.24739706928744049,8.796923528153013e-32,1.6311889328742415,2.257612961176253e-07,1.6588288817215082,1.658829107482802,1.360967776000795e-07,0.025295414302422648,0.019786413930820184,0.02591494634011444,1.635497549344929,0.19512674508235361,0.30470471778121344,0.00565114008452559,0.05360881042689289,0.21316815558384405,0.28704660397488624,0.022193435404915363,0.036822874906647485,1.6311889328742424,1.6312338059072247,8.796923528153013e-32,1.6311889328742415,1.6704755997509098,0.49509628909987,0.39616371559880303,0.937410886983832,0.6930559827281395,0.937410886983832,0.6930559827281395,0.8037847325601899,0.5972723815741876
1,0,0.9612689245807319,0.5738536960256115,0.7146312281113341,0.4578822964727191,64,1024,False,0.09483293173396466,0.09460652195185994,0.00022640978210424403,0.10168492706798793,0.10484204266225525,0.08407561922732563,0.09100611348686954,4.346424483023638e-32,0.09460652195185995,0.0002663822424480746,0.0956025019530597,0.09586888419550756,0.0027786100222553477,0.0029700020649967625,0.0038499345180063827,0.0049512084983925906,0.10099210814424886,0.04600395833640028,0.12214728011825099,-0.017927188468265184,0.02629618426387501,0.06402765415259637,0.1058203053617035,-0.0016223260608967394,0.009755035862326622,0.09460652195185994,0.09483293173396466,4.346424483023638e-32,0.09460652195185995,0.10168492706798793,0.12931384620792988,0.13572204261347204,0.22088201183006329,0.24389431065062744,0.22088201183006329,0.24389431065062744,0.22987937707169614,0.24159513195048612
1,2,0.8841356072711333,0.6487731459719388,0.7776128005766105,0.5275316856609964,64,1024,False,0.2001076299737929,0.2000718974705376,3.57325032550266e-05,0.2007573766487556,0.2182808993007978,0.11033163355014045,0.120473754958645,1.4202249175442276e-32,0.2000718974705376,2.980007483653173e-06,0.2093249816392213,0.20932796164670453,1.4236069850442207e-05,0.003511331317593133,0.0015210969541877095,0.002933523071012162,0.2167598023466101,0.06711414746138733,0.15354911963889356,-0.01752045581203408,0.026298440730183937,0.08525483740231721,0.13693954143673182,-0.0012240685609867796,0.00989018905966077,0.2000718974705376,0.2001076299737929,1.4202249175442276e-32,0.2000718974705376,0.2007573766487556,0.18216869439757777,0.1857127085538682,0.2049609912865976,0.20759755240948458,0.20407884613170946,0.20455334177213144,0.22987937707169614,0.23775884873845338
1,3,0.6397691501800508,0.5411538788954964,0.6902750070362655,0.45697914438830867,64,1024,False,0.8728088334173045,0.8727705444349463,3.8288982356857125e-05,0.871510353904181,0.8843749268693911,0.1930296724851473,0.18292551093093895,5.609677548238307e-34,0.8727705444349463,8.08266678729625e-06,0.8914156651641292,0.8914237478309179,9.067143215517455e-06,0.006097133404716551,0.0039045411080466997,0.005990795894831068,0.8804703857613444,0.14076316689901286,0.24529617807128173,-0.014740465186172263,0.029643270601669654,0.1594418585737003,0.2285135218553478,0.0015953861584421247,0.013087277053273283,0.8727705444349463,0.8728088334173045,5.609677548238307e-34,0.8727705444349463,0.871510353904181,0.40947176598762675,0.3744500041162401,0.36256545253532363,0.29359393876792317,0.36256545253532363,0.2269968024361678,0.30517677279451516,0.2370485660373667
1,4,0.5883001643863653,0.4906786660828846,0.644915204029987,0.3705272325128506,64,1024,False,0.7179737974728198,0.7179222988466386,5.149862618058197e-05,0.712261377449803,0.7268424543885512,0.20764901904825434,0.19688623226169588,2.207208503292649e-33,0.7179222988466386,0.00013529687417276873,0.7307797116437208,0.7309150085178934,0.00018510616500694904,0.009468691704657589,0.004681582911396582,0.008831549681232323,0.7221608714771547,0.15489835292199128,0.2603996851745174,-0.011533689075164945,0.035232365139232925,0.17351700521976454,0.24353138467267854,0.005066603938757908,0.018533409034716897,0.7179222988466386,0.7179737974728198,2.207208503292649e-33,0.7179222988466386,0.712261377449803,0.40947176598762675,0.3935354706475122,0.37502704097436257,0.36355419533885047,0.37502704097436257,0.36355419533885047,0.3876816859670198,0.3413131586123365
1,5,0.5330159684036797,0.4594389366502506,0.6186487886740817,0.3562062018791266,64,1024,False,0.37998818088572656,0.3799364315187159,5.174936701325341e-05,0.3903934223887911,0.38157065350543645,0.16963750396728028,0.16252510864945127,1.9937966683782858e-32,0.3799364315187159,3.440758663319355e-05,0.3755598237453354,0.37559423133196956,9.160840013749399e-05,0.010985466828168712,0.009411423708504594,0.01360428366168734,0.37215922979693183,0.12117817056815361,0.21809683736640695,-0.009769900253250724,0.037505949926705966,0.13949852172663668,0.20126234077906702,0.0070142484837560914,0.02092727305716835,0.3799364315187159,0.37998818088572656,1.9937966683782858e-32,0.3799364315187159,0.3903934223887911,0.49509628909987,0.503150355769953,0.37502704097436257,0.37363009720941454,0.37502704097436257,0.37363009720941454,0.3876816859670198,0.3872942950496239
1,6,0.5155810407412876,0.44101040377133516,0.6002053273143555,0.3124128593668899,64,1024,False,0.7117637869023664,0.7117323051319937,3.148177037379337e-05,0.7253370257285645,0.7190055510354496,0.22589060460238697,0.21573654271980577,2.1075189454957082e-33,0.7117323051319937,5.987203085060469e-05,0.7178058840228866,0.7178657560537358,8.340282336315116e-05,0.020152938290868266,0.016971087739605602,0.02157776358670517,0.702034463295844,0.17303476375773785,0.2787464454470361,-0.0010191377247643525,0.04795948786955173,0.19141727420355892,0.2616263872550917,0.015675609618483577,0.03123044846142875,0.7117323051319937,0.7117637869023664,2.1075189454957082e-33,0.7117323051319937,0.7253370257285645,0.49509628909987,0.477385463205355,0.4464485208616243,0.4278559538704949,0.407535406505717,0.35961602565454287,0.407535406505717,0.3545763638910031
1,7,0.496891745501777,0.4261708039917636,0.5862154894086438,0.2808172826612288,64,1024,False,0.8305527207032088,0.8305144902352283,3.8230467979685445e-05,0.8428794900592252,0.8305099790885461,0.23613227443963952,0.22502514589122932,1.1498067118339692e-32,0.8305144902352283,3.030616843938119e-05,0.8300370320712526,0.8300673382396908,3.651049383975395e-05,0.01977133739687492,0.01653764164367105,0.02139816154538047,0.8139723374448751,0.18285139081783602,0.289413158061443,-0.0010041958328399943,0.047627491846846615,0.20132579846540466,0.2723422620256315,0.015608328030793928,0.030864568638207857,0.8305144902352283,0.8305527207032088,1.1498067118339692e-32,0.8305144902352283,0.8428794900592252,0.49509628909987,0.46834373517991956,0.4464485208616243,0.41863511357276345,0.42911698779243845,0.38844974964883316,0.4520075371981825,0.42194046390117923
1,8,0.5357737485339343,0.4100044645758949,0.5720010886835238,0.2672787168172828,64,1024,False,0.6328056244545769,0.6327775302815754,2.8094172998795962e-05,0.6335942361961823,0.6454128568898423,0.1999604415073126,0.20138243181130613,6.634273482358531e-33,0.6327775302815754,2.6846094926685735e-06,0.6469803563375345,0.6469830409470273,4.1494279181397895e-06,0.021323997428177477,0.017771121977129115,0.022889434261921814,0.6276417349127131,0.1493724245586566,0.2505484584559686,0.001493671647782812,0.04970075663051858,0.1678752088046167,0.2337548216310097,0.01807721670047613,0.03290990307868924,0.6327775302815754,0.6328056244545769,6.634273482358531e-33,0.6327775302815754,0.6335942361961823,0.49509628909987,0.48444260086169216,0.4464485208616243,0.4339721398393204,0.42911698779243845,0.40660422315814876,0.4520075371981825,0.43803932958295166
1,9,0.4985668971693041,0.3978039613881591,0.5613710543940464,0.24375840972242338,64,1024,False,0.5257649145615758,0.5257384525430788,2.646201849857596e-05,0.5233217018195001,0.5307341495300717,0.179416564716904,0.1744716802622835,6.047389210496811e-34,0.5257384525430788,1.6175218502276558e-05,0.5453573980947443,0.5453735733132473,2.9658970096422266e-05,0.019840028984916384,0.015127080043062669,0.02072474357330174,0.5156070694870091,0.13075484614937666,0.22807828328443136,0.0002537937963296051,0.04791031384673983,0.14915186900179833,0.21133316503983224,0.01680838727770606,0.031097604740352836,0.5257384525430788,0.5257649145615758,6.047389210496811e-34,0.5257384525430788,0.5233217018195001,0.49509628909987,0.4929251035060523,0.4464485208616243,0.4413236421310992,0.42911698779243845,0.41864979734498725,0.4520075371981825,0.4465218322273119
1,10,0.5588532433530219,0.3817501662632322,0.5480144328719694,0.28383647488092656,64,1024,False,0.4283085651069818,0.4282854684833444,2.3096623638124324e-05,0.42207204790361236,0.4182627813370061,0.16226456311497375,0.14334781339935299,3.97664782321912e-33,0.4282854684833445,2.480860032877396e-05,0.44283216013590565,0.44285696873623526,5.601944212274531e-05,0.01992345560733739,0.014825845831976332,0.02092586942500218,0.4034369355050298,0.11515744663783987,0.20937167959210762,0.0007708437831603007,0.047443585165286274,0.13343027566588717,0.1926311813367647,0.017310433540842496,0.030666727805510163,0.4282854684833444,0.4283085651069818,3.97664782321912e-33,0.4282854684833445,0.42207204790361236,0.40947176598762675,0.4036122526859077,0.4464485208616243,0.4480736190588251,0.42911698779243845,0.42989975889119697,0.4520075371981825,0.45431026714391864
1,11,0.60838578205872,0.36356267092841776,0.5321441978405868,0.26157842958894467,64,1024,False,0.5264993067119741,0.526463805275422,3.550143655610205e-05,0.4998610211416192,0.5143536362374939,0.18457058815637037,0.17576327572599076,4.7512571892392126e-32,0.5264638052754219,1.6258346985458547e-05,0.5414934826745473,0.5415097410215344,3.0024108070129796e-05,0.01986082438090126,0.01613928199047773,0.021891140662016178,0.49821435424701616,0.13532472878359678,0.23381644752914396,0.0006404325720427047,0.047267182233206625,0.15373991083470173,0.21704652091284515,0.017193577717989683,0.030538838967913762,0.526463805275422,0.5264993067119741,4.7512571892392126e-32,0.5264638052754219,0.4998610211416192,0.40947176598762675,0.39616371559880303,0.4464485208616243,0.44288768750962465,0.5092339107125425,0.5123582072361835,0.4520075371981825,0.44832649997176427
2,0,0.7927269472912322,0.44299445133429177,0.5973484817273655,0.3114976547477662,64,1024,False,0.24949995142827622,0.24922372010336152,0.0002762313249153779,0.2501848559282012,0.2738831653664755,0.18911602514415488,0.20883114213298237,4.488786320604935e-36,0.24922372010336152,8.449373238082968e-05,0.2561886906102729,0.2562731843426531,0.0003297018086287808,0.0038463295710458346,0.005954477455844794,0.00747498142215802,0.2679286879106307,0.14014214682503098,0.23808990346327877,-0.017696888961858136,0.028477726741907287,0.15816953969624592,0.22091348457615823,-0.0011337050455040298,0.011792084653279744,0.24922372010336152,0.24949995142827622,4.488786320604935e-36,0.24922372010336152,0.2501848559282012,0.40947176598762675,0.41785528756970175,0.4464485208616243,0.48013688295581,0.42911698779243845,0.4489983357773537,0.4520075371981825,0.4922371290308254
2,1,0.8841356072711333,0.6487731459719388,0.7776128005766105,0.5275316856609964,64,1024,False,0.14528428495530515,0.14518721444820562,9.707050709967473e-05,0.1389939963454223,0.1487166153824841,0.1084722237501791,0.12175033028747026,4.229966159176352e-34,0.14518721444820562,9.038805751661279e-05,0.1411426544781589,0.1412330425356757,0.0006399922843394145,0.003966872078937937,0.0050080113403517005,0.0066658231642806555,0.1437086040421324,0.06663222256575516,0.15031222493460306,-0.016599957386953666,0.028083351777662493,0.08469034339941572,0.13375222100876272,-0.00016729933850001544,0.011580470920307562,0.14518721444820562,0.14528428495530515,4.229966159176352e-34,0.14518721444820562,0.1389939963454223,0.18216869439757777,0.18356055070556174,0.2049609912865976,0.21003537551284185,0.20407884613170946,0.21003537551284185,0.22987937707169614,0.2368060701779482
2,3,0.8975283189242457,0.8011317480817228,0.8847744741539907,0.7370456247035544,64,1024,False,0.08021138662613755,0.08018957183653541,2.181478960212845e-05,0.08385624237946628,0.07628104942160832,0.06290472018410498,0.05575580056766443,9.423580032711606e-35,0.08018957183653541,2.1490581344675315e-06,0.07766365455100073,0.07766580360913518,2.7670583894077624e-05,0.002867821923252417,0.0014320587517289987,0.0027422765995793364,0.07484899066987932,0.027873625128372576,0.09793581523983738,-0.017196242840102568,0.02474496993110165,0.04578875638253521,0.08171321966074174,-0.0012515803100541234,0.008656830905238166,0.08018957183653541,0.08021138662613755,9.423580032711606e-35,0.08018957183653541,0.08385624237946628,0.18216869439757777,0.19340522239302246,0.09970546005697237,0.10454497323845366,0.09970546005697237,0.10454497323845366,0.1032405520120718,0.12262486164467734
2,4,0.8598260066870819,0.6951563803643558,0.8090869831314442,0.6357231643351798,64,1024,False,0.10204717058229547,0.10201317971736495,3.399086493084855e-05,0.09724643430224403,0.10054500260352546,0.06947234964223463,0.07206678199343688,9.039780231911632e-34,0.10201317971736495,9.722088363011673e-05,0.10051780141660682,0.10061502230023706,0.0009662660844024647,0.007503474872652902,0.004374363963091527,0.00791509658665942,0.09617063864043393,0.032686870599042205,0.10625782868542705,-0.013348904990863868,0.03244365703376416,0.05078491970925825,0.09011650527099846,0.003235763644624967,0.01587607225519605,0.10201317971736495,0.10204717058229547,9.039780231911632e-34,0.10201317971736495,0.09724643430224403,0.18216869439757777,0.19014318498401162,0.16108143046935028,0.17020071563607972,0.16108143046935025,0.1702007156360797,0.1799445631234609,0.19083346063973008
2,5,0.8153122826960915,0.6342729934987806,0.7618016404158887,0.514578029627823,64,1024,False,0.19989033739588394,0.19984539735008192,4.49400458025075e-05,0.18711573970254824,0.21088066960876778,0.1206576681892152,0.14330911370381869,3.912671340760715e-34,0.19984539735008192,0.0002702572335624894,0.1995427535843124,0.19981301081787523,0.0013525507295859846,0.010317722795178902,0.009977142464040538,0.013599711043105131,0.20090352714472723,0.07660894632119067,0.16470639005723972,-0.010722756492293586,0.036441129290096956,0.09466346438421169,0.14796089388255496,0.006196563212142792,0.020012805740407202,0.19984539735008192,0.19989033739588394,3.912671340760715e-34,0.19984539735008192,0.18711573970254824,0.26656308032431086,0.2933367033190686,0.2049609912865976,0.21725337828650623,0.20613718482644847,0.22514966025140906,0.22987937707169614,0.24258364723300357
2,6,0.8013579449628212,0.594305233608486,0.7288169852680565,0.436391043794934,64,1024,False,0.2640654135119245,0.26403753654039425,2.787697152908561e-05,0.24273975744085896,0.26500657311266185,0.13157698404938303,0.1507013202337979,7.441495641939763e-34,0.26403753654039425,0.0006842542536417084,0.25835389939480913,0.2590381536484512,0.0026415191893713517,0.020015445743691154,0.017596222118104327,0.021896802569036145,0.24741035099455752,0.08636502005088895,0.17678894804787712,-0.0014485239062546375,0.04795217905686226,0.10464749010134256,0.16020489907532465,0.015337237709900364,0.031337853804870974,0.26403753654039425,0.2640654135119245,7.441495641939763e-34,0.26403753654039425,0.24273975744085896,0.26656308032431086,0.27128586038700775,0.21671584033916846,0.22160027541510155,0.21671584033916846,0.22160027541510155,0.30517677279451516,0.31409634641646605
2,7,0.7785172030973367,0.5663926159912752,0.7047394390211404,0.430021320816122,64,1024,False,0.3951699506072589,0.3951382885768137,3.1662030444630266e-05,0.37738090474591907,0.39908688882705695,0.1724959833919674,0.19545760726137093,1.468159700358717e-33,0.3951382885768137,0.00040460426345657955,0.3869843331279419,0.38738893739139824,0.0010444393848237019,0.01948848925502988,0.017520988601277276,0.022165896005485956,0.3815659002257797,0.12352676592982502,0.22146520085410976,-0.0014605828656117995,0.04737884425268948,0.14178966311737895,0.20454440176399658,0.01516681117209373,0.03063680949708214,0.3951382885768137,0.3951699506072589,1.468159700358717e-33,0.3951382885768137,0.37738090474591907,0.40947176598762675,0.4111607586845587,0.24182651532100005,0.21101939463932057,0.24182651532100005,0.21101939463932057,0.33620078862473285,0.3279647654004956
2,8,0.7949863765776036,0.5357978242368432,0.6798643612722107,0.43424388727672,64,1024,False,0.6676706882168433,0.6676499925423072,2.069567453257648e-05,0.6518998883804558,0.6772008187672219,0.22351341092263383,0.24527299255260773,1.283964338256505e-33,0.6676499925423072,0.00040911238536467945,0.6661186830264353,0.6665277954118012,0.0006137964360689825,0.021792856787498077,0.019256662065218103,0.024244782903023232,0.6579441567020038,0.17073681894491408,0.2762900029003536,0.0016145447013697287,0.050406681992921365,0.1892140675263363,0.25926661911944393,0.01819549953506794,0.03362722798920004,0.6676499925423072,0.6676706882168433,1.283964338256505e-33,0.6676499925423072,0.6518998883804558,0.40947176598762675,0.2631157163015729,0.37502704097436257,0.34343354161230494,0.37502704097436257,0.34343354161230494,0.33620078862473285,0.2867008444611195
2,9,0.7598325968563158,0.5129222654070479,0.6605266556137596,0.4071014481856517,64,1024,False,0.7172799247943648,0.7172606486793724,1.9276114989497392e-05,0.7071234788997268,0.7443115647853897,0.21275531750960913,0.23027261771598126,6.55051606768062e-33,0.7172606486793724,0.00016363217117966797,0.7322917059422677,0.732455338113447,0.00022340225084730513,0.019757850987881024,0.016096136643680543,0.021527181587193616,0.7282154281417091,0.1606233873654549,0.26488724765376337,-0.00014751066446624939,0.04788371626249125,0.1791012575267814,0.24793654496170348,0.016393654041166883,0.031041468952025753,0.7172606486793724,0.7172799247943648,6.55051606768062e-33,0.7172606486793724,0.7071234788997268,0.40947176598762675,0.39380588636067415,0.37502704097436257,0.3510937487061509,0.37502704097436257,0.3510937487061509,0.3876816859670198,0.3165854981323943
2,10,0.7923219867643992,0.48482987327908283,0.6353871816758064,0.41264455395095545,64,1024,False,0.5102494929243139,0.5102303583753467,1.9134548970645835e-05,0.5023427235025829,0.5299221270427129,0.18731570279701176,0.1988436861800587,9.594644019267e-34,0.5102303583753467,0.00020322408377480792,0.526370222346635,0.5265734464304103,0.0003859368244875317,0.019369363226027937,0.015112143946118425,0.020979919165866272,0.5148099830965945,0.13727104552567007,0.23736036006835345,1.56529709408465e-05,0.04693745394324146,0.15576933005650062,0.2206032990870881,0.016561100972467102,0.03013506616844097,0.5102303583753467,0.5102494929243139,9.594644019267e-34,0.5102303583753467,0.5023427235025829,0.40947176598762675,0.4036122526859077,0.37502704097436257,0.36790332902475753,0.37502704097436257,0.36790332902475753,0.33620078862473285,0.30432893773861036
2,11,0.78162464958758,0.4534188922551573,0.609324841803937,0.3925561277029141,64,1024,False,0.5470010838575761,0.546970661613529,3.042224404938477e-05,0.5394547705681921,0.5566938524293219,0.18708979425256986,0.19303041770324952,2.3234504445974028e-33,0.546970661613529,0.000792182642131147,0.5544926077006276,0.5552847903427579,0.00142662406013707,0.019514762199344532,0.016776681665465743,0.022334324793529273,0.5399171707638561,0.13709074986701034,0.23708883863812938,2.2286600036058868e-05,0.047006311229622205,0.1556041507064947,0.22034161900228355,0.01662117186060641,0.03028228017501533,0.546970661613529,0.5470010838575761,2.3234504445974028e-33,0.546970661613529,0.5394547705681921,0.40947176598762675,0.39616371559880303,0.39324277227911897,0.3563317953311997,0.39324277227911897,0.35588923915599935,0.3876816859670198,0.36599981673828097
3,0,0.5432419839054539,0.38974616614134144,0.5476321755788686,0.28313227750840236,64,1024,False,0.17223718099965174,0.17195306251980938,0.00028411847984229175,0.17107511647644824,0.19154947006093725,0.13894155869032926,0.15919340737663093,1.3870134047914696e-32,0.17195306251980938,6.969452545768398e-05,0.17950641597806988,0.1795761105035274,0.00038810577455020097,0.004134552903856293,0.00669058293823226,0.008025354053421198,0.18485888712270498,0.09424082711963681,0.1836422902610217,-0.01744496202843488,0.028800291670326883,0.11216254764440237,0.1666804842388956,-0.0008309424956678413,0.012160789221525192,0.17195306251980938,0.17223718099965174,1.3870134047914696e-32,0.17195306251980938,0.17107511647644824,0.49509628909987,0.5488341455815015,0.4464485208616243,0.48013688295581,0.5092339107125425,0.6219535087912406,0.4520075371981825,0.4922371290308254
3,1,0.6397691501800508,0.5411538788954964,0.6902750070362655,0.45697914438830867,64,1024,False,0.15162171066795177,0.15151236509716137,0.00010934557079166807,0.14269967628136437,0.14896485904326576,0.09875985620051297,0.10955293904321382,1.2907873516697076e-32,0.15151236509716137,8.826774188231625e-05,0.14601802071085923,0.14610628845274146,0.0006041337632833424,0.004683207938224911,0.0054799538445846774,0.007283345373089415,0.14348490519868107,0.05671293176201306,0.1408067806390129,-0.015847185775242016,0.028935106601553025,0.07501665383460931,0.12451889167277841,0.0005269130124361254,0.012340532506641466,0.15151236509716137,0.15162171066795177,1.2907873516697076e-32,0.15151236509716137,0.14269967628136437,0.40947176598762675,0.6264262000998039,0.36256545253532363,0.4140335805651789,0.36256545253532363,0.40645973498830446,0.30517677279451516,0.3283877865821081
3,2,0.8975283189242457,0.8011317480817228,0.8847744741539907,0.7370456247035544,64,1024,False,0.12489922884626367,0.12486765870814732,3.157013811597129e-05,0.12262486164467734,0.12358610963231575,0.08409796269184626,0.08625278567069404,3.3017252758956028e-34,0.12486765870814732,7.245750380871994e-07,0.12207950862223702,0.12208023319727529,5.935236353262235e-06,0.0007741136682175801,0.0012308523709692373,0.0018251686251440026,0.12235525726134652,0.04400955685712281,0.12418636852656971,-0.01922188835030293,0.021835660124459613,0.061219887269544415,0.10680893048993312,-0.003329763167130295,0.006121701524534728,0.12486765870814732,0.12489922884626367,3.3017252758956028e-34,0.12486765870814732,0.12262486164467734,0.18216869439757777,0.1857127085538682,0.09970546005697237,0.09522504407395076,0.09970546005697237,0.09522504407395076,0.1032405520120718,0.09348535713271656
3,4,0.98360587290105,0.8402068598460481,0.9093503564323246,0.8433920472566049,64,1024,False,0.04476662462855303,0.04474989489970225,1.6729728851235955e-05,0.03951999465538931,0.039118276457394505,0.03244398578841681,0.030445565755347195,2.9685274975493997e-33,0.04474989489970224,5.7573009833795236e-05,0.044448205459269405,0.04450577846910327,0.0012936075227571512,0.0029314823731572456,0.001515742918392896,0.004074166832246546,0.03760253353900161,0.0017578785029124938,0.06313009307392113,-0.01686913260883431,0.025774854726318103,0.018955075152916834,0.04647284191014478,-0.0006809527985751629,0.009669269740697928,0.04474989489970225,0.04476662462855303,2.9685274975493997e-33,0.04474989489970224,0.03951999465538931,0.07033617502004226,0.0758788436499216,0.08034016683974857,0.0848757415268996,0.08034016683974857,0.0848757415268996,0.07696725224211351,0.08037154838636117
3,5,0.9679157620515667,0.7542757196696253,0.8520776073255081,0.7288703389732597,64,1024,False,0.10847501936771871,0.10844835564931132,2.6663718407221328e-05,0.10618744564325674,0.11269951707151205,0.08169549586177319,0.08839646586530713,6.646713272511737e-33,0.1084483556493113,3.990939535602552e-05,0.10645323163395458,0.10649314102931058,0.0003747602424933741,0.00531980825500773,0.006631976856018096,0.009593597748305437,0.10606754021549394,0.04292606525206431,0.12046492647148206,-0.014810236513011006,0.029902152438571132,0.06028524097200716,0.1033435826539062,0.0019332557494635694,0.013660785924002994,0.10844835564931132,0.10847501936771871,6.646713272511737e-33,0.1084483556493113,0.10618744564325674,0.11026257110906307,0.11128095927534416,0.13126627415303493,0.1387750224632686,0.13126627415303493,0.1387750224632686,0.12433870656190409,0.12796895874563355
3,6,0.9571439535837923,0.6946145664603713,0.8086792815572512,0.640176506134487,64,1024,False,0.22550272727043946,0.22548911950845418,1.3607761984933718e-05,0.22338034416467187,0.221833132899221,0.11137016323242269,0.11822580987965724,2.0260631080480333e-34,0.22548911950845416,0.0002453645766753623,0.21740299017695286,0.21764835475362784,0.0011273440451829212,0.014286237104703673,0.012242449046428315,0.01616728736454023,0.20959068385279267,0.06847064238940853,0.15426968407543684,-0.006508373288225906,0.040997581732867196,0.08616252040519612,0.1372261316719232,0.010324929462512955,0.02447788578865584,0.22548911950845418,0.22550272727043946,2.0260631080480333e-34,0.22548911950845416,0.22338034416467187,0.13432132095958613,0.1274348140115313,0.16108143046935028,0.15407643683972197,0.16108143046935025,0.15407643683972197,0.1799445631234609,0.1779477354166628
3,7,0.9354724572748627,0.6540507880942512,0.7768092211263036,0.5911158398771386,64,1024,False,0.2679959353621482,0.26797560482970406,2.0330532443495134e-05,0.2648722668015444,0.26318261734264903,0.13382481624902404,0.14201247099898756,8.625725120247192e-33,0.2679756048297041,0.00024348253973557516,0.2605490846150577,0.26079256715479354,0.0009336253037881099,0.01414855908617168,0.012492481895879568,0.016668981405269567,0.25069013544676944,0.08881714995960084,0.17883248253844725,-0.006286799757423158,0.041012871177251276,0.10678266906325007,0.16192164985113777,0.010421984312415589,0.024376407243835274,0.26797560482970406,0.2679959353621482,8.625725120247192e-33,0.2679756048297041,0.2648722668015444,0.18216869439757777,0.1814548166876751,0.2049609912865976,0.2054240599088053,0.20407884613170946,0.2047109349911621,0.20918626180078767,0.20010868719972358
3,8,0.923638634934815,0.6098946866910805,0.7407153027973332,0.5377275580757074,64,1024,False,0.3562640745494522,0.3562492457995115,1.4828749940944876e-05,0.3531990514817053,0.3522201237768809,0.14605380618889247,0.15771338479923558,4.4781114473029583e-33,0.3562492457995115,0.00016203600882780888,0.3484905617445101,0.34865259775333735,0.00046474917976215723,0.016834090885558817,0.01474253483183414,0.019426249326929653,0.33747758894504676,0.09976920532339413,0.19233840705439081,-0.002851552616728162,0.0444182684969672,0.11779886505246395,0.17537707530573243,0.013779621382127516,0.027730795060051605,0.3562492457995115,0.3562640745494522,4.4781114473029583e-33,0.3562492457995115,0.3531990514817053,0.18216869439757777,0.176492595231449,0.21671584033916846,0.19890545355821776,0.21671584033916846,0.20133467539925637,0.22987937707169614,0.22130876500971494
3,9,0.8953007679778859,0.5780218801835328,0.7156606319350072,0.45305878758968465,64,1024,False,0.28997867796092763,0.2899611487628569,1.752919807177027e-05,0.2816717833852036,0.2962788328141009,0.09827962188090027,0.10490195394491147,1.054562200348675e-35,0.2899611487628569,0.00010336483989261541,0.28913202563012436,0.28923539047001584,0.00035737272580870747,0.015187611371080675,0.012066662589932877,0.017130236684622328,0.284212170224168,0.05588145069092676,0.14067779307087377,-0.0043390728813770055,0.042452798266998784,0.07419473322079284,0.12439596962212818,0.012209508371597622,0.025686900233267806,0.2899611487628569,0.28997867796092763,1.054562200348675e-35,0.2899611487628569,0.2816717833852036,0.18216869439757777,0.17026121329036834,0.22088201183006329,0.21364207771604027,0.22088201183006329,0.21364207771604027,0.30517677279451516,0.3085346284244168
3,10,0.8924515762570668,0.5395189202744712,0.6826936930086138,0.4727304914187617,64,1024,False,0.2896958023051345,0.2896793359522566,1.6466352876131613e-05,0.2869212190055894,0.30344079544734126,0.10150063507641562,0.10678604366865903,7.962738095769582e-33,0.2896793359522566,0.0001873511489283192,0.2937317101874271,0.2939190613363565,0.0006374242897908463,0.015586199133474176,0.011689154245924871,0.01722660678353943,0.2917516412014164,0.058654490029423925,0.1443467801234073,-0.0034325772260576613,0.042307837644264254,0.07667145044979407,0.1276756595761981,0.013102247969072778,0.025671671428426635,0.2896793359522566,0.2896958023051345,7.962738095769582e-33,0.2896793359522566,0.2869212190055894,0.18216869439757777,0.1720447046206895,0.36256545253532363,0.36790332902475753,0.36256545253532363,0.36790332902475753,0.22987937707169614,0.2219202692855321
3,11,0.8301088245725522,0.49929473164952876,0.6486925543858458,0.44300745593742785,64,1024,False,0.46920994616911826,0.469181868078411,2.807809070532841e-05,0.476684395810405,0.4768280484303621,0.1421914462491884,0.14993901240770738,1.303722212948476e-32,0.46918186807841106,0.0004637538988148171,0.4725770595881833,0.47304081348699706,0.0009803676249334134,0.01620301648729413,0.013718966224863733,0.018857169130406543,0.46310908220549835,0.09507645105424208,0.18930644144413472,-0.002963424189529728,0.04289259251829458,0.11298404778790427,0.17213608707970707,0.01363743136607809,0.026309723027225118,0.469181868078411,0.46920994616911826,1.303722212948476e-32,0.46918186807841106,0.476684395810405,0.26656308032431086,0.17598858756887492,0.37502704097436257,0.3563317953311997,0.37502704097436257,0.35588923915599935,0.30517677279451516,0.28067568379224517
4,0,0.4876222710541,0.3630023528832055,0.5236087526949765,0.2415542623772414,64,1024,False,0.23482745698717236,0.23453646976249565,0.000290987224676246,0.22071743824561454,0.2581382807103321,0.16400534724249125,0.19308712840200484,3.559581241896751e-32,0.23453646976249565,1.4047001942113266e-06,0.24421175707653645,0.24421316177673005,5.751943032028563e-06,0.0038756841697512793,0.005735294552012254,0.00708283922305053,0.25240298615831985,0.1161077775541153,0.21190291693086719,-0.01757617244989068,0.028054303939468513,0.1342961087138974,0.19497846291778842,-0.0010579381996649317,0.011411116101953667,0.23453646976249565,0.23482745698717236,3.559581241896751e-32,0.23453646976249565,0.22071743824561454,0.6907884231542277,1.2088556372028307,0.6395733013372349,1.0802065926786208,0.6395733013372349,1.0802065926786208,0.6395733013372349,1.0802065926786208
4,1,0.5883001643863653,0.4906786660828846,0.644915204029987,0.3705272325128506,64,1024,False,0.12479600583173359,0.12467635428285431,0.00011965154888006501,0.11420183122297062,0.1227015967634628,0.08604370515231684,0.09653649257022255,2.3629724529861734e-32,0.12467635428285427,6.264995508926359e-05,0.12310692885557163,0.12316957881066105,0.0005086479607563688,0.005584938837578478,0.004970157770793671,0.006502191050486947,0.11773143899266914,0.0463240613752635,0.1257633489293702,-0.014951875304724664,0.029426892953840482,0.06387838975933846,0.10885701275401516,0.0013468993711285293,0.012852473722887225,0.12467635428285431,0.12479600583173359,2.3629724529861734e-32,0.12467635428285427,0.11420183122297062,0.40947176598762675,0.6264262000998039,0.37502704097436257,0.4236916801747633,0.37502704097436257,0.4236916801747633,0.3876816859670198,0.551327399919297
4,2,0.8598260066870819,0.6951563803643558,0.8090869831314442,0.6357231643351798,64,1024,False,0.12102152311147903,0.1209806235281636,4.0899583316620615e-05,0.12032028186222493,0.11488171506657197,0.08139709071131733,0.08040111305530882,9.482048590920501e-35,0.1209806235281636,3.0223688523830505e-05,0.11588509165003111,0.1159153153385551,0.0002607393892304555,0.0021026805946976006,0.0015986997035554674,0.0019256571442025623,0.11328301536301649,0.041682295242615464,0.1211118861800192,-0.018696858433793945,0.023560789763796167,0.05930520866968436,0.10423979160987074,-0.0025282514761784114,0.007574040901090484,0.1209806235281636,0.12102152311147903,9.482048590920501e-35,0.1209806235281636,0.12032028186222493,0.18216869439757777,0.1857127085538682,0.16108143046935028,0.16690445169893958,0.16108143046935025,0.16690445169893958,0.1799445631234609,0.18656948326359826
4,3,0.98360587290105,0.8402068598460481,0.9093503564323246,0.8433920472566049,64,1024,False,0.03276214941562804,0.03274819588630677,1.3953529321204743e-05,0.035500035629108646,0.032432076677446846,0.0275386733734715,0.024826206059626894,3.2364869669360783e-34,0.03274819588630678,3.7387138242964005e-05,0.031002191114265353,0.03103957825250818,0.0012044989122860555,0.001354892117221002,0.0011564381356286482,0.0012988900059322382,0.031275638541818196,-0.0011211579935888408,0.05619850474053184,-0.01859116716681529,0.021197282335947545,0.016138883853273,0.039793707910575904,-0.003069465637963731,0.005795405617391225,0.03274819588630677,0.03276214941562804,3.2364869669360783e-34,0.03274819588630678,0.035500035629108646,0.07033617502004226,0.0735030967828544,0.08034016683974857,0.08532240364093077,0.08034016683974857,0.08532240364093077,0.07696725224211351,0.08073699920693213
4,5,0.9882194156401222,0.8828217738272535,0.9355235818975938,0.881597786070453,64,1024,False,0.03261818394767372,0.03260751018596246,1.067376171126139e-05,0.030956126636864766,0.03153632087664168,0.023658598684749794,0.02437719702259501,2.1143652067892076e-32,0.03260751018596246,6.393292058326319e-06,0.031487768751298995,0.0314941620433573,0.00020299927489814834,-0.0002361126092985305,0.0012904644243093113,0.0026397755985141077,0.03024585645233237,-0.005251413883280355,0.052568611252779944,-0.018758189855202542,0.02066582992717908,0.012021107155305799,0.03621816301892977,-0.0032793516875244677,0.005431204663182143,0.03260751018596246,0.03261818394767372,2.1143652067892076e-32,0.03260751018596246,0.030956126636864766,0.026704445083029632,0.025460041106285126,0.06193621345235442,0.07406726937546164,0.06193621345235442,0.07406726937546164,0.026124462010744344,0.022613266929468506
4,6,0.9766318014324854,0.8036705002034459,0.885635781078226,0.7485837180016857,64,1024,False,0.08612017225211462,0.08611588317603723,4.289076077182556e-06,0.08254789384091815,0.08243686774556647,0.04001061669799344,0.038103147144143354,3.167781609590278e-36,0.08611588317603723,0.00018765944601482882,0.08708045897053461,0.08726811841654923,0.0021503780466434544,0.0069060875501156345,0.005927710619208323,0.008853824735695712,0.07650915712635814,0.006444207115778033,0.07357702628020885,-0.012559783404870456,0.031062326883306096,0.023603820693097077,0.056775625722366385,0.003798184210609179,0.014774851682886947,0.08611588317603723,0.08612017225211462,3.167781609590278e-36,0.08611588317603723,0.08254789384091815,0.07033617502004226,0.06922601876359899,0.09806724449757188,0.08021829664189813,0.09806724449757188,0.08021829664189813,0.09468899647687284,0.08741014752166454
4,7,0.9586990649526668,0.7464720630830335,0.8461044546359258,0.7139780229352912,64,1024,False,0.15328681218775692,0.15327725902643285,9.553161323463196e-06,0.14591633508132712,0.1460155736109362,0.07739981069127604,0.07827610270205514,2.939141701791363e-32,0.1532772590264329,0.00025612790509364135,0.1519089259011506,0.15216505380624376,0.0016832242271591252,0.007265066954786406,0.006612647062295089,0.009845286181700524,0.13940292654864112,0.03867507190722706,0.11612454947532501,-0.012138885918511994,0.03188551372754288,0.05658583046897547,0.09968105925509008,0.004226566023135092,0.015483435643545818,0.15327725902643285,0.15328681218775692,2.939141701791363e-32,0.1532772590264329,0.14591633508132712,0.12931384620792988,0.12377968325013079,0.13126627415303493,0.130317441572076,0.13126627415303493,0.130317441572076,0.12433870656190409,0.11945167389490023
4,8,0.9433264557196873,0.6880842539011949,0.8021709196226492,0.666268919689331,64,1024,False,0.3041793133566451,0.30417436286398464,4.95049266020807e-06,0.2952464198233472,0.29861068162954746,0.11667330872381594,0.12156217592470091,2.1871735676625065e-32,0.3041743628639845,0.00022379987832614774,0.30303239337411375,0.3032561932524392,0.0007379894732763142,0.009986012086923197,0.008429382189060175,0.012240841832924223,0.29018129944048726,0.07282112671515772,0.16052549073247416,-0.00897176812048786,0.035573945839371346,0.09097679774276912,0.1439167281423579,0.0074044185821549036,0.01905241760687204,0.30417436286398464,0.3041793133566451,2.1871735676625065e-32,0.3041743628639845,0.2952464198233472,0.18216869439757777,0.176492595231449,0.2049609912865976,0.17553151181452437,0.20407884613170946,0.17553151181452437,0.1799445631234609,0.1671332457123625
4,9,0.9169524069383751,0.6465229865140949,0.7704818110415768,0.5708995529379636,64,1024,False,0.3849240445531805,0.38491506251459584,8.98203858527899e-06,0.3765925260767264,0.3880533613213286,0.11986341750333404,0.12057134584912611,3.0242352351830166e-33,0.3849150625145958,0.00016803246470368835,0.3898718902493988,0.39003992271410237,0.0004308083734978469,0.008837119487215998,0.006713986075230884,0.010851303892285552,0.38133937524609773,0.07490408376689817,0.16482275123976992,-0.010059115721110951,0.03438596532255669,0.09338347786251688,0.14846773420867976,0.006285096431383863,0.017846255788754206,0.38491506251459584,0.3849240445531805,3.0242352351830166e-33,0.3849150625145958,0.3765925260767264,0.18216869439757777,0.17026121329036834,0.2049609912865976,0.19175856553351078,0.20613718482644847,0.19175856553351078,0.22987937707169614,0.21870949005471263
4,10,0.9110932196570893,0.5997258423167078,0.7328515945691292,0.5700011911853912,64,1024,False,0.3004833621659206,0.3004739933169399,9.368848982253616e-06,0.3001832597164278,0.31192366282326056,0.08869841563315849,0.08657975596772975,1.6065679611646236e-36,0.3004739933169399,0.00024011069295308226,0.3094324865427122,0.3096725972356639,0.0007753695196038144,0.009859451993185471,0.006592441007367029,0.011231468185967078,0.3053312218158935,0.04726583045196528,0.1301310008143517,-0.008726222286633563,0.035047938713328744,0.06544987625238718,0.1137386446716846,0.007539424797869287,0.018628326477482915,0.3004739933169399,0.3004833621659206,1.6065679611646236e-36,0.3004739933169399,0.3001832597164278,0.18216869439757777,0.1720447046206895,0.21671584033916846,0.20479192328527426,0.21671584033916846,0.20479192328527426,0.22987937707169614,0.2219202692855321
4,11,0.830702672145533,0.5487781427807157,0.6885807778047264,0.5268689529695743,64,1024,False,0.5893080742705928,0.5892869103753421,2.11638952523181e-05,0.5981661557518556,0.6003353550531263,0.15491709733565306,0.15047930747722074,2.311869956237132e-33,0.5892869103753421,0.0004365384763564255,0.5952004473297673,0.5956369858061256,0.000732893501845963,0.01081700848407263,0.008618581081051346,0.012973928870681824,0.591716773972075,0.1065751270492884,0.20325906762201773,-0.008008818649429025,0.0361009748011516,0.12471810222632485,0.18625296068785246,0.008395786935579963,0.019717264840437565,0.5892869103753421,0.5893080742705928,2.311869956237132e-33,0.5892869103753421,0.5981661557518556,0.26656308032431086,0.17598858756887492,0.36256545253532363,0.21008057822496107,0.36256545253532363,0.3154453118920172,0.22987937707169614,0.19640098555013905
5,0,0.43447705646339096,0.3430283277094416,0.507029866806341,0.22106871270403727,64,1024,False,0.3349663221297147,0.3346712065646976,0.0002951155650157932,0.3221909920108702,0.3626268051894476,0.19633650846643266,0.23299980369014464,6.604803701610445e-32,0.3346712065646977,2.9311364399836546e-06,0.3483080454182805,0.3483109765547213,8.415285871770852e-06,0.002865913387416055,0.005045215826740714,0.006400558987507242,0.3575815893627069,0.14463418384135285,0.24803883309151248,-0.018300034134914253,0.026968826851833064,0.16307445390702924,0.23106745163386222,-0.0017800105051719584,0.010401395295048133,0.3346712065646976,0.3349663221297147,6.604803701610445e-32,0.3346712065646977,0.3221909920108702,0.6907884231542277,1.2088556372028307,0.6395733013372349,1.0802065926786208,0.6395733013372349,1.0802065926786208,0.6395733013372349,1.0802065926786208
5,1,0.5330159684036797,0.4594389366502506,0.6186487886740817,0.3562062018791266,64,1024,False,0.19832641453243136,0.19820447584377235,0.00012193868865908035,0.19209407803826628,0.20061315848839278,0.12050128565324604,0.1325596600655176,3.0366113894009785e-34,0.1982044758437723,0.0001268114545106748,0.19824195639220207,0.1983687678467133,0.0006392712718196979,0.004645375799948129,0.004667002825955531,0.006171816540319998,0.19594615566243725,0.07618451723428568,0.1648180540722064,-0.0158327164888984,0.02843953598300281,0.09418795941019198,0.14800848028971814,0.0005040914766141213,0.01194286733516492,0.19820447584377235,0.19832641453243136,3.0366113894009785e-34,0.1982044758437723,0.19209407803826628,0.49509628909987,0.6967581867262962,0.37502704097436257,0.4236916801747633,0.37502704097436257,0.4236916801747633,0.3876816859670198,0.551327399919297
5,2,0.8153122826960915,0.6342729934987806,0.7618016404158887,0.514578029627823,64,1024,False,0.13200658497111548,0.13195276927841532,5.3815692700496354e-05,0.13292983082652163,0.12599306526516948,0.08356348027343481,0.08240773845458672,4.789246080355053e-32,0.13195276927841534,7.031757932746767e-05,0.12775434875376263,0.12782466633309092,0.0005501096255102372,0.0014500553999996972,0.0014477538135444527,0.0020161616478235273,0.12454531145162503,0.043519634437512694,0.12360732610935693,-0.019251977353057986,0.023177305831815088,0.061152675647463184,0.10670657912123716,-0.0030280585124273784,0.007177130610216409,0.13195276927841532,0.13200658497111548,4.789246080355053e-32,0.13195276927841534,0.13292983082652163,0.26656308032431086,0.30250788157784614,0.2049609912865976,0.22246289961724264,0.20613718482644847,0.22246289961724264,0.22987937707169614,0.23775884873845338
5,3,0.9679157620515667,0.7542757196696253,0.8520776073255081,0.7288703389732597,64,1024,False,0.06877422399488863,0.06874838484723941,2.5839147649136618e-05,0.06984746276256493,0.06343607791923737,0.045083534068272785,0.041833590019214974,2.165336089999748e-32,0.0687483848472394,4.846328734779525e-05,0.06508928884457435,0.0651377521319219,0.0007440122780049845,0.0015694977090202759,0.0015952880057045248,0.002018734550919734,0.06184078991353285,0.011579964339467348,0.07858710379707823,-0.019030397759646225,0.02228833542025399,0.02892855145910289,0.06190887842240045,-0.003029231789696496,0.006559667053807061,0.06874838484723941,0.06877422399488863,2.165336089999748e-32,0.0687483848472394,0.06984746276256493,0.11026257110906307,0.12339428690224145,0.13126627415303493,0.14004039006595922,0.13126627415303493,0.14004039006595922,0.12433870656190409,0.1352369553217719
5,4,0.9882194156401222,0.8828217738272535,0.9355235818975938,0.881597786070453,64,1024,False,0.020966349306959974,0.020953727465620926,1.2621841339021756e-05,0.021292797384623918,0.022521800443636702,0.01594404826471164,0.01727058910283971,2.3163435496453789e-32,0.02095372746562092,3.0078585452172855e-09,0.02017512781049601,0.020175130818354533,1.4908743701829458e-07,0.0007384456649522689,0.00019800607722151364,0.0009017805615788503,0.022323794366415187,-0.010196786936107687,0.042084883465530964,-0.018370790024070938,0.020578291606382672,0.0065836804278660566,0.0253128481854219,-0.0031596581975463778,0.0053653714057873,0.020953727465620926,0.020966349306959974,2.3163435496453789e-32,0.02095372746562092,0.021292797384623918,0.026704445083029632,0.030956126636864766,0.06193621345235442,0.06774241574774449,0.06193621345235442,0.06774241574774449,0.026124462010744344,0.030956126636864766
5,6,0.9927268478034599,0.9007267035008649,0.9461925323823266,0.8634830019439695,64,1024,False,0.040875877337522806,0.04088005180702837,-4.174469505260401e-06,0.03969391199036822,0.03770101089629739,0.014443049191845967,0.011700863856438528,2.070486244893482e-32,0.04088005180702836,7.639738626590685e-05,0.04113759343384914,0.04121399082011509,0.0018536760150055643,0.004629230139852578,0.003390704972014241,0.005658638331473304,0.03431030592428315,-0.012980179470465753,0.04186627785415769,-0.014298671258663295,0.02717443007443625,0.0038911901574465446,0.025234803702915087,0.0015100942691788077,0.011173927363415714,0.04088005180702837,0.040875877337522806,2.070486244893482e-32,0.04088005180702836,0.03969391199036822,0.02425713941791445,0.02012996472920079,0.06193621345235442,0.06511368508978102,0.06193621345235442,0.06511368508978102,0.07696725224211351,0.08035573771954489
5,7,0.9791728159407772,0.8320795723241627,0.9043608410807769,0.7760293175045526,64,1024,False,0.11323755284221676,0.11323248279731461,5.070044901739586e-06,0.10941026515653006,0.10734504321501623,0.06189079542796549,0.057680342174607234,2.845818797072711e-33,0.11323248279731461,8.08720706295642e-05,0.11477878218034336,0.1148596542509727,0.0007040946723803961,0.005519275041370869,0.0042402510432404325,0.006772751177248915,0.10310479217177579,0.02612380938175756,0.09765778147417342,-0.013809283855948842,0.028932903789586333,0.04400535288732499,0.08137315131898504,0.002233681734651327,0.012634911086934153,0.11323248279731461,0.11323755284221676,2.845818797072711e-33,0.11323248279731461,0.10941026515653006,0.07033617502004226,0.06497605319643007,0.08034016683974857,0.08109848655813795,0.08034016683974857,0.08109848655813795,0.09468899647687284,0.10048303264710014
5,8,0.9585217417906868,0.7573090837303362,0.8531048343484072,0.700014878781226,64,1024,False,0.19856335561016786,0.19856036248791029,2.993122256861075e-06,0.19280534105144387,0.19682485046966103,0.07861575040573497,0.07943144022126196,6.866516567017055e-32,0.19856036248791034,2.4888314209947086e-05,0.2042493804169577,0.20427426873116766,0.00012183773494595645,0.008017783849021848,0.006260870305012247,0.009478216561152579,0.1905639801646488,0.03935943188417887,0.11787206892729107,-0.010892565193670444,0.03259250805087077,0.05747042938310187,0.10155863132240484,0.0052406987160793506,0.01612392177048605,0.19856036248791029,0.19856335561016786,6.866516567017055e-32,0.19856036248791034,0.19280534105144387,0.13432132095958613,0.12559755217086582,0.13126627415303493,0.12247497888183366,0.13126627415303493,0.12247497888183366,0.13861350351016344,0.12247497888183366
5,9,0.9359684091107824,0.7068213897658608,0.8170686471792252,0.6209173666879914,64,1024,False,0.35225758687927156,0.3522516339391224,5.952940149555747e-06,0.34446922667396257,0.35870523444393676,0.09631183437939003,0.09448987240750284,4.014342774627004e-32,0.3522516339391225,1.9125734985543324e-05,0.3633617136974091,0.3633808394323938,5.263275580357512e-05,0.006748018760735722,0.004828577962568538,0.008359721390644904,0.35387665648136823,0.05393591207870652,0.13868775668007355,-0.012080560616004396,0.031392399204715725,0.07239040611602832,0.12252125559462002,0.004069917995366268,0.014948784715670627,0.3522516339391224,0.35225758687927156,4.014342774627004e-32,0.3522516339391225,0.34446922667396257,0.18216869439757777,0.17026121329036834,0.16108143046935028,0.13856218748347193,0.16108143046935025,0.13054547925540733,0.20525775319744166,0.16959017372323
5,10,0.920782414819958,0.6500151890904555,0.7730627584269092,0.607616104462743,64,1024,False,0.359964289701722,0.3599570888840328,7.200817687716706e-06,0.35486641032786004,0.3751063223744626,0.08934306744366724,0.08686108582190531,4.2345341568556463e-32,0.35995708888403277,2.1354168863253956e-05,0.37171509283261167,0.3717364470014749,5.744437769151334e-05,0.007830976167897854,0.004805608912983189,0.00881805876811498,0.3703007134614794,0.04780078457936056,0.13088535030797394,-0.010825055654627052,0.03231412830054714,0.06597187119041337,0.11449053255637409,0.005315136477292981,0.015975672409695107,0.3599570888840328,0.359964289701722,4.2345341568556463e-32,0.35995708888403277,0.35486641032786004,0.18216869439757777,0.1720447046206895,0.2049609912865976,0.19047432644513967,0.20613718482644847,0.19047432644513967,0.20918626180078767,0.17313201605700634
5,11,0.8288780592500251,0.5884377145743143,0.7206060740842034,0.5823984388028511,64,1024,False,0.4580688057608896,0.4580514733944185,1.733236647133365e-05,0.46182641129857793,0.47533619034815744,0.13152343476418712,0.1254291629359982,2.4573294531546512e-33,0.4580514733944185,2.6878583600412136e-08,0.46975586951588927,0.4697558963944738,5.721819312267037e-08,0.008634851714528182,0.0067621895822628135,0.010682480262568973,0.4685740007658946,0.08534522588129156,0.17770164364708269,-0.010156077523060879,0.03326033820274666,0.10317652281082701,0.16052717192360433,0.006100607359257992,0.016944901399256196,0.4580514733944185,0.4580688057608896,2.4573294531546512e-33,0.4580514733944185,0.46182641129857793,0.26656308032431086,0.17598858756887492,0.22088201183006329,0.19546809936869744,0.22088201183006329,0.1968915518492229,0.22987937707169614,0.18843586951497415
6,0,0.4172523560835475,0.3334976704174098,0.49812675514193333,0.15949983804612333,64,1024,False,0.15278652271443488,0.15247482430321985,0.0003116984112156142,0.14318895238877374,0.1680348770681284,0.13397402738485037,0.1563377188470933,5.634747356925173e-33,0.15247482430321985,4.87378891986939e-05,0.15899051478534929,0.15903925267454821,0.00030645195056612365,0.0016401961241282947,0.003560816660081022,0.004965164407002188,0.16447406040804738,0.09082457097434292,0.1771234837953578,-0.019173843286003453,0.02517128314719163,0.10877452345448546,0.16034653720998904,-0.0028104531156714074,0.008670182469359133,0.15247482430321985,0.15278652271443488,5.634747356925173e-33,0.15247482430321985,0.14318895238877374,0.6907884231542277,1.2088556372028307,0.6395733013372349,1.0802065926786208,0.6395733013372349,1.0802065926786208,0.6395733013372349,1.0802065926786208
6,1,0.5155810407412876,0.44101040377133516,0.6002053273143555,0.3124128593668899,64,1024,False,0.10213757662977815,0.1020025159824386,0.0001350606473396,0.08973378728286956,0.10150231553928063,0.08461665363411336,0.09628296751917773,8.769819068636476e-33,0.1020025159824386,7.510094582156904e-06,0.10268540201265965,0.1026929121072419,7.313157673739095e-05,0.00439882835888528,0.0037794595972730338,0.005393313000183636,0.0977228559420076,0.04662504378517405,0.12260826348305268,-0.01597874718186692,0.027900014489249877,0.06443432114610914,0.10608159961702768,0.00026038223586510867,0.011426108074374497,0.1020025159824386,0.10213757662977815,8.769819068636476e-33,0.1020025159824386,0.08973378728286956,0.49509628909987,0.6967581867262962,0.4464485208616243,0.644427292666227,0.407535406505717,0.644427292666227,0.407535406505717,0.644427292666227
6,2,0.8013579449628212,0.594305233608486,0.7288169852680565,0.436391043794934,64,1024,False,0.1139762587079428,0.11390612693451031,7.013177343264964e-05,0.11263791979381815,0.10151731073266357,0.08102278567251717,0.07540553922250265,8.226597966478975e-33,0.11390612693451027,0.00021719881490084894,0.10856107915071099,0.10877827796561186,0.0019967112824631414,0.002038322944496834,0.0015342985507609274,0.0021484730979172174,0.09998301218190264,0.04173679354742836,0.12030877779760597,-0.019013504127605198,0.0238166440562719,0.0595534694584785,0.10374184887768934,-0.0027269967322354205,0.007730920508038253,0.11390612693451031,0.1139762587079428,8.226597966478975e-33,0.11390612693451027,0.11263791979381815,0.26656308032431086,0.30250788157784614,0.21671584033916846,0.22721250768731197,0.21671584033916846,0.22721250768731197,0.30517677279451516,0.33268232322318614
6,3,0.9571439535837923,0.6946145664603713,0.8086792815572512,0.640176506134487,64,1024,False,0.0747037388476341,0.0746575684162681,4.617043136556592e-05,0.07069035939614478,0.0656263800546621,0.05677105120568359,0.05380336050250688,7.962738095769583e-35,0.0746575684162681,7.859757774428117e-05,0.06971594809118015,0.06979454566892436,0.0011261277939556289,0.0020998259706257994,0.0012938494302790265,0.0016269916985328379,0.06433253062438309,0.021422190971276033,0.09211991144009116,-0.018838756065241425,0.023025655768293653,0.03895871220447589,0.07554757247271482,-0.0026979086396750063,0.007187857285316568,0.0746575684162681,0.0747037388476341,7.962738095769583e-35,0.0746575684162681,0.07069035939614478,0.13432132095958613,0.1470475132722744,0.16108143046935028,0.21329548477098398,0.16108143046935025,0.21206305871907719,0.1799445631234609,0.19208391909316272
6,4,0.9766318014324854,0.8036705002034459,0.885635781078226,0.7485837180016857,64,1024,False,0.04754174059723158,0.04750205405037675,3.9686546854880605e-05,0.045725669085901796,0.04178430462011006,0.04283558680700357,0.039444773587500974,4.52709098077469e-34,0.047502054050376746,4.265005440181128e-05,0.04557482906015543,0.0456174791145574,0.0009349498312851936,0.0010259197896502047,0.00011523511115009206,0.000663360526115342,0.04166906950895997,0.01134410885008072,0.07432706476392642,-0.01913182002916879,0.02165802131822053,0.028637574978347402,0.0577307455605478,-0.0033371315003023483,0.005980428300972562,0.04750205405037675,0.04754174059723158,4.52709098077469e-34,0.047502054050376746,0.045725669085901796,0.07033617502004226,0.0758788436499216,0.09806724449757188,0.10590271305290228,0.09806724449757188,0.10590271305290228,0.09468899647687284,0.10168375753272585
6,5,0.9927268478034599,0.9007267035008649,0.9461925323823266,0.8634830019439695,64,1024,False,0.02190827371197243,0.021879078391295007,2.9195320677509003e-05,0.02012996472920079,0.018832073432223748,0.022294564529433965,0.021952495003147707,2.1420507030196236e-32,0.021879078391295007,5.290517996485488e-05,0.02109510607955715,0.021148011259522023,0.0025016621806948393,0.00027486300926071847,0.00019824585584679366,4.283282318545593e-05,0.018633827576376955,-0.0037407539442995616,0.04832988300316749,-0.01939962260344904,0.019801311232277678,0.013407326361630112,0.031930120443576016,-0.003998671549197752,0.00462382232217351,0.021879078391295007,0.02190827371197243,2.1420507030196236e-32,0.021879078391295007,0.02012996472920079,0.02425713941791445,0.025460041106285126,0.06193621345235442,0.07406726937546164,0.06193621345235442,0.07406726937546164,0.07696725224211351,0.08213427837965102
6,7,0.991295935535513,0.9170597777440461,0.9554058209875314,0.883945829468172,64,1024,False,0.02449483053365972,0.024484902529006973,9.928004652732056e-06,0.024474595891077134,0.020487816359803332,0.01999083203593084,0.01681519471479327,2.652503812156358e-32,0.024484902529006976,1.3477449130815168e-05,0.02487017059270704,0.02488364804183791,0.0005416187010905706,0.0010647159424714045,0.0013415281668841172,0.0019092330557444884,0.019146288192919216,-0.006101900365661939,0.04608356443752362,-0.01765586992476728,0.020897910648875286,0.010826061472471338,0.029473416623659432,-0.0026071547326864675,0.005787976355350111,0.024484902529006973,0.02449483053365972,2.652503812156358e-32,0.024484902529006976,0.024474595891077134,0.02425713941791445,0.024184653926860224,0.022943384315679653,0.022432980457213827,0.022943384315679653,0.022432980457213827,0.022943384315679653,0.022432980457213827
6,8,0.9719937835416533,0.8313941142645993,0.9022751334360246,0.7870347224558731,64,1024,False,0.11680917936027299,0.11680171362929878,7.4657309741137145e-06,0.11349222221939012,0.11444381902823869,0.064477390001714,0.06493254880881394,1.360446517260777e-32,0.1168017136292988,1.0736506665376184e-05,0.11987715844191055,0.11988789494857574,8.95545515248346e-05,0.0026413109122378057,0.0021503831681076247,0.0037996670737424952,0.11229343586013106,0.028247599462135335,0.10070718054129266,-0.01575832899048561,0.023893682525603855,0.046082787739578635,0.08432117818301776,-0.00043323933641659096,0.008375638091820292,0.11680171362929878,0.11680917936027299,1.360446517260777e-32,0.1168017136292988,0.11349222221939012,0.11026257110906307,0.10961664088699766,0.09806724449757188,0.0929255852569658,0.09806724449757188,0.0929255852569658,0.09468899647687284,0.09200282137079895
6,9,0.9538334767871901,0.7750082356431298,0.8652868222985537,0.6843569306472962,64,1024,False,0.1372723806530513,0.1372619068907691,1.0473762282452976e-05,0.130369011473776,0.1363658156603617,0.05466491178718762,0.055445182555114554,1.4912925799012921e-33,0.13726190689076906,3.7642349570248904e-05,0.13661198064607225,0.13664962299564226,0.0002754661794526086,0.0015138258317484391,0.0014984477798227216,0.003337637852565043,0.134867367880539,0.01844477341091018,0.09088505016346506,-0.016859126125182637,0.023126875162863013,0.03620974514342379,0.07445073420240078,-0.0014364083617692813,0.007513956290495116,0.1372619068907691,0.1372723806530513,1.4912925799012921e-33,0.13726190689076906,0.130369011473776,0.13432132095958613,0.13511178285674816,0.10387963417192256,0.09826160560681424,0.10387963417192256,0.09826160560681424,0.13861350351016344,0.14026240191744094
6,10,0.935670455305808,0.7075154117881086,0.816736219346986,0.6503234406555227,64,1024,False,0.22065561483698812,0.2206429591823145,1.2655654671356477e-05,0.21401511389799824,0.2217778216413318,0.0802235787949981,0.08395925625739989,3.5273620923668263e-34,0.2206429591823145,1.7908334884291503e-05,0.21873025050468337,0.21874815883956777,8.186736281252848e-05,0.002694235432438631,0.0015450740724680515,0.003878046221143464,0.22023274756886377,0.04019015617306704,0.12025700141692916,-0.015956294301185305,0.024732338302824276,0.05821888928039698,0.10380373232328566,-0.0002765000826912001,0.009000652520626318,0.2206429591823145,0.22065561483698812,3.5273620923668263e-34,0.2206429591823145,0.21401511389799824,0.18216869439757777,0.1720447046206895,0.16108143046935028,0.15494001430234272,0.16108143046935025,0.15494001430234272,0.1799445631234609,0.17313201605700634
6,11,0.8369041303820272,0.6338147836521071,0.7551361988839818,0.5971928109444304,64,1024,False,0.29549659240229453,0.2954717726456996,2.4819756596304373e-05,0.28996755806782787,0.2995584919631949,0.12106623674508082,0.12428064084835057,6.640680403957054e-33,0.2954717726456996,5.732642682916693e-06,0.2951586950570149,0.2951644276996974,1.9421861663998104e-05,0.004021743610933205,0.0030027445154385585,0.005468725312905999,0.2965557474477563,0.07661093333369873,0.16552154015646292,-0.014961634505091866,0.026457819908791168,0.09435441524692578,0.14838235414208611,0.0009254620817955583,0.010574246734904591,0.2954717726456996,0.29549659240229453,6.640680403957054e-33,0.2954717726456996,0.28996755806782787,0.2243937628940741,0.17598858756887492,0.21671584033916846,0.193963624239454,0.21671584033916846,0.1968915518492229,0.20918626180078767,0.18843586951497415
7,0,0.40004994723305193,0.3242490903445704,0.489997846899774,0.1283808161691924,64,1024,False,0.16489197857123758,0.1645763704985983,0.00031560807264016677,0.15930260074670274,0.18090213653824652,0.1438523851422769,0.16134462994981805,7.097529649026866e-32,0.16457637049859833,0.00010675011076425896,0.16728257923562853,0.1673893293463927,0.0006377354588914809,0.001832192604643903,0.0031963848167002045,0.004565947348583199,0.17770575172154632,0.10073735281495574,0.18696741746959808,-0.018837439532937567,0.02523017405323224,0.1186276053194888,0.17011042804369936,-0.0024891629436751828,0.008792136046395171,0.1645763704985983,0.16489197857123758,7.097529649026866e-32,0.16457637049859833,0.15930260074670274,0.6907884231542277,1.2088556372028307,0.6395733013372349,1.0802065926786208,0.6395733013372349,1.0802065926786208,0.6395733013372349,1.0802065926786208
7,1,0.496891745501777,0.4261708039917636,0.5862154894086438,0.2808172826612288,64,1024,False,0.08652514939413476,0.08638782332444314,0.00013732606969161699,0.07936473326547988,0.08263143779064726,0.07490317434398243,0.07926015278062867,5.397355375597529e-33,0.08638782332444313,6.4280921519413885e-06,0.08345316439502228,0.08345959248717413,7.702041143957469e-05,0.004855311869563193,0.0037178621341081896,0.005471868439534968,0.07891357565653907,0.03908020865479052,0.11072614003317434,-0.015455409538123147,0.028412241532537325,0.05656620639638277,0.09406266488076653,0.0008279865214717574,0.011995228589512408,0.08638782332444314,0.08652514939413476,5.397355375597529e-33,0.08638782332444313,0.07936473326547988,0.49509628909987,0.7009278276145608,0.4464485208616243,0.644427292666227,0.42911698779243845,0.644427292666227,0.4520075371981825,0.644427292666227
7,2,0.7785172030973367,0.5663926159912752,0.7047394390211404,0.430021320816122,64,1024,False,0.10384743770468985,0.10377799687024217,6.944083444772815e-05,0.10627212589608105,0.08791533486063571,0.07988899958286744,0.0688994797469935,8.447575765821729e-32,0.10377799687024217,0.00017671647986430857,0.09595407544447683,0.09613079192434068,0.001838292146842944,0.0023579060192358194,0.0015960830756162245,0.0022889828764814752,0.0863192517850195,0.04108290688868532,0.11869509227704955,-0.01853442842737088,0.024048441507428076,0.05902535014320165,0.10229924182931427,-0.002272643403557595,0.008030772063648328,0.10377799687024217,0.10384743770468985,8.447575765821729e-32,0.10377799687024217,0.10627212589608105,0.40947176598762675,0.4308574213123104,0.24182651532100005,0.3646819457082658,0.24182651532100005,0.36468194570826584,0.33620078862473285,0.41057523734700474
7,3,0.9354724572748627,0.6540507880942512,0.7768092211263036,0.5911158398771386,64,1024,False,0.1028832969038932,0.10283487145948432,4.842544440840324e-05,0.10669743538326294,0.08846693335967512,0.08229567143078566,0.07027370960910029,1.9375028574230584e-32,0.10283487145948422,0.00016115075611273678,0.09532045324497924,0.09548160400109203,0.0016877675841190697,0.002725023819654803,0.0010757075099289686,0.0016341569406083949,0.08739122584974615,0.04411583212204445,0.12047551073952686,-0.018300944440493717,0.02372654221769406,0.06193149733735481,0.10395922383759171,-0.0021514522813959047,0.007826610213669483,0.10283487145948432,0.1028832969038932,1.9375028574230584e-32,0.10283487145948422,0.10669743538326294,0.18216869439757777,0.19340522239302246,0.2049609912865976,0.21329548477098398,0.20407884613170946,0.21452791082289074,0.20918626180078767,0.2370485660373667
7,4,0.9586990649526668,0.7464720630830335,0.8461044546359258,0.7139780229352912,64,1024,False,0.05767924608790302,0.057638756147615176,4.048994028842119e-05,0.059716454584467574,0.051296535586260794,0.05353919986725033,0.04747328935478293,3.427128910884173e-32,0.05763875614761522,9.982920827885153e-05,0.05422000445399621,0.05431983366227486,0.0018378040127943719,0.0014181930488409084,0.0006119338874784566,0.0013922304845170013,0.05068460169878234,0.020909524801604094,0.08616887493289657,-0.019119661500450146,0.02232748379499142,0.038213520296267234,0.06954049819614738,-0.0031041770489537157,0.006547749908349942,0.057638756147615176,0.05767924608790302,3.427128910884173e-32,0.05763875614761522,0.059716454584467574,0.12931384620792988,0.14038520622275208,0.13126627415303493,0.14591633508132712,0.13126627415303493,0.14591633508132712,0.12433870656190409,0.1396567651631868
7,5,0.9791728159407772,0.8320795723241627,0.9043608410807769,0.7760293175045526,64,1024,False,0.03672005028519685,0.036686064131295736,3.398615390092966e-05,0.03428762548307614,0.03260705431189594,0.03476495914767842,0.03396790224632294,6.404573033951731e-35,0.036686064131295736,6.648054336809959e-05,0.034101458898480604,0.03416793944184861,0.0019456995199035848,0.0006811408275931559,0.001349428150846402,0.0014087121563698983,0.03125762616104954,0.005966570594210074,0.06356334770114677,-0.019545664003194754,0.021045068434911773,0.023265729541890323,0.04710210463235853,-0.0037197278725216165,0.005505319248186424,0.036686064131295736,0.03672005028519685,6.404573033951731e-35,0.036686064131295736,0.03428762548307614,0.07033617502004226,0.07361331588703918,0.08034016683974857,0.100055675930523,0.08034016683974857,0.100055675930523,0.09468899647687284,0.10330060559511672
7,6,0.991295935535513,0.9170597777440461,0.9554058209875314,0.883945829468172,64,1024,False,0.012715412181892777,0.012709948328258806,5.463853633971384e-06,0.012730085061011653,0.012907112500744056,0.011325448669689703,0.01115678383857663,4.5241632891027767e-32,0.012709948328258806,1.0261445462894325e-05,0.012435279740897883,0.012445541186360782,0.0008245077742493003,0.001209145338963162,0.0009184680614684389,0.0010829583889213584,0.011988644439275617,-0.012298816116384876,0.03494971345576428,-0.01789159659217442,0.02064704682870187,0.004630043855286203,0.018556828879809473,-0.0028109547129133716,0.005576463197940029,0.012709948328258806,0.012715412181892777,4.5241632891027767e-32,0.012709948328258806,0.012730085061011653,0.02425713941791445,0.024474595891077134,0.022943384315679653,0.02634781740056899,0.022943384315679653,0.02634781740056899,0.022943384315679653,0.026258475244639135
7,8,0.9852245942592851,0.9034904471980753,0.9466980129717733,0.8714523421356143,64,1024,False,0.1495342270477055,0.1495334286222736,7.984254313518254e-07,0.1505965570181462,0.1501991836615651,0.07836742398891813,0.07602827194490236,1.0901904868353998e-31,0.14953342862227362,2.9449934511158345e-06,0.1526373123411551,0.15264025733460673,1.9293687671529776e-05,0.0014340600069447991,0.0006725568531698503,0.0017106594218811147,0.14952662680839524,0.04038206734754624,0.11635278063029003,-0.01659750093430163,0.021351888464136597,0.05865521284431452,0.10036091048095841,-0.001798222707293462,0.006392964758560993,0.1495334286222736,0.1495342270477055,1.0901904868353998e-31,0.14953342862227362,0.1505965570181462,0.07033617502004226,0.05256907089186955,0.06193621345235442,0.04927045008581273,0.06193621345235442,0.04927045008581273,0.07696725224211351,0.06857524351557616
7,9,0.9750887951582056,0.8402235640825466,0.908913761346209,0.7827855549438552,64,1024,False,0.17810804413939774,0.17810449708453735,3.5470548601536273e-06,0.17634159240923716,0.1801194356324593,0.07613965602821034,0.07892389205391462,5.914799368086204e-32,0.17810449708453724,1.17059752538621e-05,0.17713881606179993,0.17715052203705353,6.607925914784281e-05,0.0013932969228629168,0.00043316102684379715,0.0016402120953714022,0.1796862746056155,0.037602447674231584,0.11467686438218909,-0.01705026211766496,0.02173122335848558,0.055730094682076015,0.09842234784446191,-0.0019458392998785712,0.006522492396470625,0.17810449708453735,0.17810804413939774,5.914799368086204e-32,0.17810449708453724,0.17634159240923716,0.11026257110906307,0.06648494843334724,0.08034016683974857,0.06905174076409175,0.08034016683974857,0.06905174076409175,0.09468899647687284,0.08302433991510652
7,10,0.952595995667147,0.7614312998170809,0.8561668746042506,0.7324235042598568,64,1024,False,0.24260843820238395,0.24260166814462195,6.770057763457931e-06,0.24205533258931167,0.2429842456032097,0.09844022334007033,0.09734043560559714,7.271364049428582e-32,0.24260166814462195,1.060251844654853e-05,0.23887169816754597,0.23888230068599314,4.438385939896555e-05,0.002052700498184799,0.0007455113978582799,0.0022947868065814774,0.2422387342053514,0.0566129362042461,0.14026751047589456,-0.01679158595980018,0.02300390788505674,0.0748067135718884,0.12386365253769327,-0.0013313809104147367,0.007541805251094047,0.24260166814462195,0.24260843820238395,7.271364049428582e-32,0.24260166814462195,0.24205533258931167,0.18216869439757777,0.13260530492400188,0.13126627415303493,0.1154392658049954,0.13126627415303493,0.1154392658049954,0.12433870656190409,0.10096504422809235
7,11,0.8451385844084166,0.6747902339024268,0.7864561197576105,0.6595517689731326,64,1024,False,0.3086304345719318,0.30861085729941723,1.957727251426712e-05,0.3110388699316602,0.31181485891693045,0.1395797463583924,0.14056894162117198,4.6348593118066275e-33,0.3086108572994172,5.035806329267814e-06,0.3046658010952041,0.3046708369015331,1.6528678558412013e-05,0.0033461887625209083,0.001914737790255419,0.0036223152748062985,0.30990012112667503,0.0937279458446758,0.185431546872109,-0.015707421880819205,0.02490057908872766,0.11165837482985808,0.16840331471030368,1.4444020052906126e-05,0.00925258880306501,0.30861085729941723,0.3086304345719318,4.6348593118066275e-33,0.3086108572994172,0.3110388699316602,0.2243937628940741,0.17598858756887492,0.2049609912865976,0.193963624239454,0.20407884613170946,0.1887988427317165,0.1799445631234609,0.16537852903366101
8,0,0.4425016454659904,0.31599244673920796,0.4836265566947063,0.1474384986062424,64,1024,False,0.15239444672489358,0.15207915011955028,0.0003152966053434561,0.14930006658728306,0.1605072769200589,0.13557624372945853,0.14368670050185142,4.47996900673432e-33,0.15207915011955025,0.00010664823275248422,0.15498905566515508,0.15509570389790756,0.0006876285420690047,0.001834858559121065,0.002577292525908347,0.0038509353246606692,0.15792998439415054,0.09285885684153873,0.17829363061737835,-0.018846763563262932,0.025276099365554285,0.11078192643617513,0.16146516668231925,-0.002507261226128321,0.008814479646389373,0.15207915011955028,0.15239444672489358,4.47996900673432e-33,0.15207915011955025,0.14930006658728306,0.6907884231542277,1.2088556372028307,0.6395733013372349,1.0802065926786208,0.6395733013372349,1.0802065926786208,0.6395733013372349,1.0802065926786208
8,1,0.5357737485339343,0.4100044645758949,0.5720010886835238,0.2672787168172828,64,1024,False,0.1374843133644398,0.13734225085256244,0.00014206251187904014,0.1276725025176064,0.1312271456560364,0.10898404810138208,0.11140276164070403,5.165882705715202e-32,0.13734225085256244,9.626131267510882e-05,0.13469296616502083,0.13478922747769578,0.0007141617655686738,0.0042094504338572305,0.0031568959727059395,0.004832638457242238,0.12807024968333047,0.0687503679631517,0.14921772823961246,-0.015926835990285184,0.02780844969753159,0.08634416913264431,0.13231393886962906,0.0003155245503876358,0.011380223055311944,0.13734225085256244,0.1374843133644398,5.165882705715202e-32,0.13734225085256244,0.1276725025176064,0.49509628909987,0.6677436734263754,0.4464485208616243,0.644427292666227,0.42911698779243845,0.644427292666227,0.4520075371981825,0.644427292666227
8,2,0.7949863765776036,0.5357978242368432,0.6798643612722107,0.43424388727672,64,1024,False,0.22360722163406915,0.22353388365677485,7.333797729470245e-05,0.22864207607419318,0.20880421757841114,0.1442672789518258,0.1348554183496163,5.616011717833179e-37,0.22353388365677485,0.00045804068613234603,0.21740578584699805,0.21786382653313102,0.002102417337568845,0.002610911854118683,0.0014556343268190923,0.0021251763437305964,0.20734858325159206,0.0982914570055406,0.19024310089811103,-0.018210167865885328,0.024262746414883865,0.11628631017083535,0.17332141158840386,-0.0019989232532680035,0.008230989100411534,0.22353388365677485,0.22360722163406915,5.616011717833179e-37,0.22353388365677485,0.22864207607419318,0.40947176598762675,0.4308574213123104,0.37502704097436257,0.41296032910424085,0.37502704097436257,0.3972329253191571,0.33620078862473285,0.41057523734700474
8,3,0.923638634934815,0.6098946866910805,0.7407153027973332,0.5377275580757074,64,1024,False,0.14123964894876856,0.14118186063101934,5.778831774908834e-05,0.1490199354647711,0.13479703935509874,0.11298670177924083,0.10618673301320185,1.8540696998003136e-32,0.14118186063101934,0.00032381499697178287,0.13763657459558618,0.13796038959255802,0.0023471591949552626,0.0024745681625594922,0.0013363802507590512,0.0017954673260016756,0.13346065910433969,0.0716475528662872,0.15432585069219446,-0.01830545970975406,0.02359653424093462,0.089450017469062,0.1375567461072933,-0.002196781540988013,0.007701866379647981,0.14118186063101934,0.14123964894876856,1.8540696998003136e-32,0.14118186063101934,0.1490199354647711,0.18216869439757777,0.19340522239302246,0.21671584033916846,0.2275326995818198,0.21671584033916846,0.2269968024361678,0.22987937707169614,0.2370485660373667
8,4,0.9433264557196873,0.6880842539011949,0.8021709196226492,0.666268919689331,64,1024,False,0.17045140730350056,0.17040064010704475,5.076719645607654e-05,0.17553151181452437,0.17658737119856005,0.13995821040903705,0.14384955452980688,1.0739190888027515e-32,0.17040064010704473,0.00018977386840333127,0.17255756585864193,0.17274733972704492,0.001098563188893037,0.0011268160908735393,0.0007447310664375064,0.0016995121595113965,0.17584264013212256,0.09564581496020715,0.18427060585786698,-0.01911217633146236,0.022149876186950086,0.11345687263383297,0.1672247948954464,-0.0030978415452409536,0.006446097977459431,0.17040064010704475,0.17045140730350056,1.0739190888027515e-32,0.17040064010704473,0.17553151181452437,0.18216869439757777,0.19014318498401162,0.2049609912865976,0.2104004262799547,0.20407884613170946,0.20815703674845018,0.1799445631234609,0.19083346063973008
8,5,0.9585217417906868,0.7573090837303362,0.8531048343484072,0.700014878781226,64,1024,False,0.11108377373684447,0.11103701019446252,4.676354238164804e-05,0.11129261280141113,0.11680399815712222,0.10162850437255508,0.10785911510873666,4.6115367153249974e-32,0.11103701019446248,7.799690713545141e-05,0.1125820535804946,0.11266005048762982,0.0006923208963412949,0.00048218022928766304,0.0015910579931752015,0.0019449614531124734,0.11521294016394702,0.06206215709563447,0.14119485164947568,-0.01962674710160412,0.02114329224588664,0.07978409427596489,0.12445862271124497,-0.003709685435751453,0.005589804299233947,0.11103701019446252,0.11108377373684447,4.6115367153249974e-32,0.11103701019446248,0.11129261280141113,0.13432132095958613,0.13892706259122112,0.13126627415303493,0.1387750224632686,0.13126627415303493,0.1387750224632686,0.13861350351016344,0.1440776816519139
8,6,0.9719937835416533,0.8313941142645993,0.9022751334360246,0.7870347224558731,64,1024,False,0.14868411110188892,0.14866626829633967,1.7842805548942133e-05,0.15050319284407743,0.15939948803247606,0.11005800459585206,0.11781187868142427,9.706789721572255e-33,0.14866626829633967,1.56437180004033e-05,0.15267729567946908,0.1526929393974688,0.00010245213735575402,0.0009373267804770774,0.0011741903143451398,0.001678114186138479,0.1582252977181309,0.06885300272146716,0.15126300647023697,-0.018451700412962523,0.02106055822357854,0.08680290834308835,0.13468104238563683,-0.003013437170011457,0.005736944811360445,0.14866626829633967,0.14868411110188892,9.706789721572255e-33,0.14866626829633967,0.15050319284407743,0.11026257110906307,0.1022144467620602,0.09806724449757188,0.08021829664189813,0.09806724449757188,0.08021829664189813,0.09468899647687284,0.08741014752166454
8,7,0.9852245942592851,0.9034904471980753,0.9466980129717733,0.8714523421356143,64,1024,False,0.08268988930355299,0.08267425318868944,1.5636114863381682e-05,0.0826871823911107,0.08746000543364596,0.07223153294076097,0.07798105211562945,3.923659413070092e-32,0.08267425318868939,5.057063480076656e-06,0.08506578807819966,0.08507084514167963,5.9445318447870894e-05,0.00011001136386790377,0.0008521897233352307,0.0011554965175639095,0.08660781571031073,0.036441788398039035,0.1080212774834829,-0.0185109361718499,0.019296634561883637,0.053959947304974776,0.09139293122279923,-0.0036231630147085525,0.004523541989328805,0.08267425318868944,0.08268988930355299,3.923659413070092e-32,0.08267425318868939,0.0826871823911107,0.07033617502004226,0.06497605319643007,0.06193621345235442,0.05897178931824638,0.06193621345235442,0.05897178931824638,0.07696725224211351,0.07642191411410003
8,9,0.9912588639000579,0.9327436502553292,0.9645272175184608,0.8914799035690147,64,1024,False,0.026981377394158058,0.026978167645909233,3.2097482487637815e-06,0.02355572888653528,0.028054790648074757,0.01166105000077031,0.01393248864689065,2.840392318260627e-33,0.026978167645909233,1.6310810767584336e-06,0.026512891236682254,0.02651452231775899,6.1516517522398e-05,0.00018378040312170906,2.993605829452105e-05,0.00021059987136242084,0.028024854589780237,-0.014537349140966615,0.03785944914250723,-0.01833505226232777,0.018878505124597215,0.002308268660272006,0.021258017550280783,-0.0037209882138995454,0.004267188713129144,0.026978167645909233,0.026981377394158058,2.840392318260627e-33,0.026978167645909233,0.02355572888653528,0.026704445083029632,0.027754017148527748,0.022943384315679653,0.02273926945872778,0.022943384315679653,0.02273926945872778,0.022943384315679653,0.02273926945872778
8,10,0.9757075050522747,0.8388522700516211,0.9076364661188507,0.7941159776864087,64,1024,False,0.0655249461020779,0.06551648057060748,8.465531470227004e-06,0.06614015694767715,0.06275686293784945,0.03760924106303604,0.03185653031692265,2.0305096737044126e-33,0.0655164805706075,5.3039530174018575e-06,0.06449535876890392,0.06450066272192141,8.223098482365264e-05,0.0014395220840413066,0.0008150768045304954,0.0011696144978014167,0.06194178613331895,0.0058273207876192445,0.06939116133845284,-0.018017986004878132,0.021153753329231834,0.023316321086895186,0.053003143235400785,-0.0027163355334778316,0.005906229591346346,0.06551648057060748,0.0655249461020779,2.0305096737044126e-33,0.0655164805706075,0.06614015694767715,0.07033617502004226,0.07191790056405015,0.08034016683974857,0.08863543386730813,0.08034016683974857,0.08863543386730813,0.07696725224211351,0.08370064175113943
8,11,0.8769150034770197,0.7342833686488435,0.830611837678072,0.6958949230044655,64,1024,False,0.23612813122339052,0.2361057542205535,2.2377002837482527e-05,0.2458041128266089,0.23817727421110904,0.1320152538975822,0.12931211961441294,1.7394022491572836e-32,0.23610575422055355,2.727096957726308e-05,0.23805362403539074,0.23808089500496787,0.00011454497252580488,0.002540116537994289,0.0017392331973070244,0.0024899240587449695,0.23643804101380203,0.08753018736147332,0.17650032043369107,-0.017283769038071863,0.022934100636130314,0.10533356200903654,0.15943528595380485,-0.0016747600748203695,0.007379430717264768,0.2361057542205535,0.23612813122339052,1.7394022491572836e-32,0.23610575422055355,0.2458041128266089,0.18216869439757777,0.17598858756887492,0.15991189943214026,0.12490554214021679,0.15991189943214026,0.12490554214021679,0.13861350351016344,0.12108264978234512
9,0,0.40497961066408317,0.3074249795686613,0.476000183765945,0.09169668660371216,64,1024,False,0.1342831448593361,0.1339598275876086,0.00032331727172769947,0.1295460983158526,0.13017880236491566,0.12050698493038509,0.1217074006429165,1.5764354818321677e-33,0.13395982758760863,0.00011411936672906631,0.13302985446699747,0.1331439738337263,0.0008571125184500019,0.002151851227761577,0.0028150659469530245,0.004242048675751155,0.12736373641796264,0.07867811683534293,0.16233585302542725,-0.018421456758496116,0.025871136094578154,0.09679729225899791,0.1457793656081776,-0.0021076165794511326,0.009332004454336129,0.1339598275876086,0.1342831448593361,1.5764354818321677e-33,0.13395982758760863,0.1295460983158526,0.6907884231542277,1.2088556372028307,0.6852000732730672,1.240854048230282,0.6852000732730672,1.240854048230282,0.8037847325601899,1.4556648239905958
9,1,0.4985668971693041,0.3978039613881591,0.5613710543940464,0.24375840972242338,64,1024,False,0.12080419253969903,0.1206588706655725,0.00014532187412608267,0.11258150232412527,0.10814590270164474,0.1044295340804635,0.10196642505715989,1.7147507763947165e-32,0.12065887066557249,5.329894742597474e-05,0.11682341222281017,0.11687671117023621,0.00045602709806184073,0.004456300943009951,0.003294528328320927,0.005198037605460957,0.10485137437332381,0.06472508428752861,0.14413398387339837,-0.015464765858633841,0.02843290255947658,0.08247290110011818,0.1274190937547246,0.0007909926134743728,0.011967814585659653,0.1206588706655725,0.12080419253969903,1.7147507763947165e-32,0.12065887066557249,0.11258150232412527,0.49509628909987,0.6967581867262962,0.4464485208616243,0.644427292666227,0.42911698779243845,0.644427292666227,0.4520075371981825,0.644427292666227
9,2,0.7598325968563158,0.5129222654070479,0.6605266556137596,0.4071014481856517,64,1024,False,0.19305634405757144,0.19297958569170218,7.675836586853081e-05,0.19889375517836289,0.17701564250713406,0.140467491731142,0.12557420247502876,3.513173745067304e-33,0.1929795856917022,0.000611704582217766,0.18539122839118982,0.18600293297340795,0.0032886824548364452,0.003165779699938075,0.001923708731513342,0.002699575757294192,0.1750919337756207,0.09569212791919451,0.1852428555430895,-0.01760168695808988,0.025330986098357874,0.113686627613788,0.16838837962131947,-0.0012932973695569672,0.00922379492840264,0.19297958569170218,0.19305634405757144,3.513173745067304e-33,0.1929795856917022,0.19889375517836289,0.40947176598762675,0.4308574213123104,0.37502704097436257,0.41296032910424085,0.37502704097436257,0.3972329253191571,0.3876816859670198,0.41057523734700474
9,3,0.8953007679778859,0.5780218801835328,0.7156606319350072,0.45305878758968465,64,1024,False,0.1315941493625259,0.13152881790044668,6.5331462078892e-05,0.13834984414266177,0.1172032568923287,0.10922062266320999,0.09458533056534955,2.7932537705231234e-33,0.13152881790044674,0.0004645733801869327,0.12306938807549977,0.12353396145568671,0.0037606936158489615,0.0032390365505963197,0.0013491650442041673,0.002063449383102327,0.11585409184812454,0.06857479603991246,0.14986644928650752,-0.01748001676253063,0.02484189238948152,0.08639870324259391,0.13316448748810217,-0.0012760673416778445,0.008865409654390533,0.13152881790044668,0.1315941493625259,2.7932537705231234e-33,0.13152881790044674,0.13834984414266177,0.18216869439757777,0.19340522239302246,0.22088201183006329,0.2373884453675436,0.22088201183006329,0.2269968024361678,0.30517677279451516,0.2784334641075714
9,4,0.9169524069383751,0.6465229865140949,0.7704818110415768,0.5708995529379636,64,1024,False,0.09918319623636673,0.0991235881987965,5.960803757108704e-05,0.10368043307245331,0.0983128571774947,0.09388410204940179,0.0918143494933969,1.2836328429146328e-33,0.09912358819879648,0.000282851636434798,0.0976775310869428,0.09796038272337794,0.00288740844585631,0.0021733714006330267,0.0008557660877837348,0.002259526758023664,0.09745709108971097,0.05647281263636736,0.1312953914624362,-0.01804678733516175,0.02376442629650576,0.0742109445927781,0.11470887759060133,-0.0019112257868982852,0.00793223892833339,0.0991235881987965,0.09918319623636673,1.2836328429146328e-33,0.09912358819879648,0.10368043307245331,0.18216869439757777,0.19014318498401162,0.2049609912865976,0.2266720863014522,0.20613718482644847,0.2266720863014522,0.22987937707169614,0.25057707604726037
9,5,0.9359684091107824,0.7068213897658608,0.8170686471792252,0.6209173666879914,64,1024,False,0.06932318214504533,0.06926869605179826,5.44860932466688e-05,0.06604627972092073,0.06800461773772322,0.06505114171588237,0.06914057065058093,1.2069481994549964e-32,0.06926869605179828,6.023635518830976e-05,0.06653654781884681,0.0665967841740351,0.0009044934516792305,0.0013568419710392617,0.002204777197539818,0.003057578581663478,0.0657998405401834,0.03172298468947796,0.09837929874228679,-0.018737174757439322,0.022719731677001316,0.049450592377979774,0.08207684109220281,-0.0026441741138114594,0.007015245035290718,0.06926869605179826,0.06932318214504533,1.2069481994549964e-32,0.06926869605179828,0.06604627972092073,0.18216869439757777,0.1893895539848111,0.16108143046935028,0.17465788057626877,0.16108143046935025,0.17465788057626877,0.20525775319744166,0.24258364723300357
9,6,0.9538334767871901,0.7750082356431298,0.8652868222985537,0.6843569306472962,64,1024,False,0.07359980451008728,0.07357417021237334,2.5634297714140696e-05,0.07739025687006913,0.0784448764748946,0.07323985611895222,0.07601288478228237,1.3171993409348176e-34,0.07357417021237334,1.4014444556956636e-05,0.07511321339393286,0.07512722783848992,0.00018654281490440697,0.0024523379904696193,0.0022652535432687903,0.0032937751380858428,0.07617962293162582,0.03868443824019979,0.10779527399770464,-0.01696559773425856,0.023489535479057643,0.05635247740428895,0.09133920580643462,-0.0012175389856565744,0.007942921925859991,0.07357417021237334,0.07359980451008728,1.3171993409348176e-34,0.07357417021237334,0.07739025687006913,0.13432132095958613,0.130369011473776,0.10387963417192256,0.130369011473776,0.10387963417192256,0.130369011473776,0.13861350351016344,0.15085815283818232
9,7,0.9750887951582056,0.8402235640825466,0.908913761346209,0.7827855549438552,64,1024,False,0.04178935673615239,0.041766235116102425,2.3121620050048494e-05,0.045203510775852,0.0431203344026342,0.04467904864966129,0.04403358161202237,9.256823971605625e-33,0.04176623511610245,1.3470684449585154e-05,0.042227904508865495,0.04224137519331509,0.0003188978670305449,0.001381607491133941,0.0018523394789931068,0.002633138485195522,0.041267994923641096,0.015116852035420611,0.07424124526390197,-0.0174570656985774,0.02162616932226272,0.03249987799790688,0.05786260053719161,-0.002104898121615406,0.006470323802204803,0.041766235116102425,0.04178935673615239,9.256823971605625e-33,0.04176623511610245,0.045203510775852,0.11026257110906307,0.1232743831757053,0.08034016683974857,0.08109848655813795,0.08034016683974857,0.08109848655813795,0.09468899647687284,0.10048303264710014
9,8,0.9912588639000579,0.9327436502553292,0.9645272175184608,0.8914799035690147,64,1024,False,0.026316397567113042,0.026308465366505624,7.93220060737421e-06,0.031013127424094553,0.024244410696271795,0.029405441348773157,0.022966009232778313,1.7371909497594473e-33,0.02630846536650562,5.558023800886777e-07,0.026420104037178083,0.026420659839558207,2.1036657807330958e-05,0.0009286184358748267,0.0009875179437882104,0.0016761576049597344,0.023256892752483584,0.0023552574052673365,0.056455625292278974,-0.01741662066281814,0.02043442747518566,0.019734121568035334,0.04021466040285304,-0.0025892473713611253,0.005574568574957084,0.026308465366505624,0.026316397567113042,1.7371909497594473e-33,0.02630846536650562,0.031013127424094553,0.026704445083029632,0.024116857311638616,0.022943384315679653,0.02025346994620802,0.022943384315679653,0.02025346994620802,0.022943384315679653,0.02025346994620802
9,10,0.9772463692144152,0.9043283666875342,0.9477603822257019,0.8790212454843892,64,1024,False,0.0536013445618217,0.05359515350059431,6.191061227073418e-06,0.05871493765232846,0.05114307342045064,0.04510578986257672,0.035420936627460105,3.856145082900734e-34,0.05359515350059431,1.327829874771806e-06,0.0547718803359994,0.05477320816587434,2.4242324290200903e-05,0.0013593889129031957,0.0006679563711392763,0.000882397158228266,0.05047511704931136,0.014053840223086062,0.07615773950206738,-0.017579780430109503,0.020343249827367394,0.03158617212466197,0.0598615614726441,-0.0027132430695928633,0.005471442629641388,0.05359515350059431,0.0536013445618217,3.856145082900734e-34,0.05359515350059431,0.05871493765232846,0.07033617502004226,0.07191790056405015,0.06193621345235442,0.062396395709500986,0.06193621345235442,0.062396395709500986,0.07506658373426038,0.08370064175113943
9,11,0.8675052401918297,0.7836638175147448,0.866143978705802,0.7942886942028925,64,1024,False,0.1011175677301793,0.10109872319776203,1.8844532417233173e-05,0.10917506153304424,0.09851740034913055,0.07943311654500533,0.06996885559527562,2.5264126458567073e-34,0.10109872319776199,1.9228104622245268e-05,0.10217764365861118,0.10219687176323305,0.00018814768290356695,0.0028977336956523317,0.0016160956841049941,0.0021679488813060653,0.09690130466502556,0.04271577166760836,0.1161504614224023,-0.016807245941367465,0.022770834554697503,0.06005498745071236,0.09921945686073741,-0.0013822449327562936,0.0073877704999176785,0.10109872319776203,0.1011175677301793,2.5264126458567073e-34,0.10109872319776199,0.10917506153304424,0.18216869439757777,0.17598858756887492,0.09970546005697237,0.09741653666930469,0.09970546005697237,0.09741653666930469,0.07696725224211351,0.06559712806083565
10,0,0.46813375309714406,0.2965258986063267,0.4656248615101053,0.08845967991683754,64,1024,False,0.09725505115677802,0.09693141196857893,0.00032363918819929076,0.0848023154442742,0.09877276045609835,0.08505879943760294,0.09831658150206911,1.3894375389080783e-33,0.09693141196857893,2.9698456247311703e-05,0.10229022987765664,0.10231992833390399,0.0002902509484799066,0.0028024776167776566,0.00305506201597849,0.004550317324146021,0.09571769844011986,0.04813786072242858,0.12197973815277731,-0.01783501568767081,0.0266384776976776,0.06553157084999839,0.10510703382897191,-0.0014752795177628286,0.010094433826452587,0.09693141196857893,0.09725505115677802,1.3894375389080783e-33,0.09693141196857893,0.0848023154442742,0.6907884231542277,1.2088556372028307,0.937410886983832,1.7452890242736694,0.937410886983832,1.7452890242736694,0.9524523821203517,1.820102448796429
10,1,0.5588532433530219,0.3817501662632322,0.5480144328719694,0.28383647488092656,64,1024,False,0.08347835196940863,0.08333685409620703,0.00014149787320159234,0.07357313081811033,0.07384049993864332,0.07353586519512395,0.07501948094653522,1.8867142637158086e-32,0.08333685409620703,3.0492575686620426e-05,0.08367408578744721,0.08370457836313373,0.0003642880268070303,0.0050914280130923,0.003212650354530677,0.005257525591595325,0.07062784958411264,0.038193080172354225,0.10887865021789367,-0.01493816620288536,0.02932725498344033,0.055392392961948644,0.0919179533229908,0.0013392178079811856,0.012779114513250533,0.08333685409620703,0.08347835196940863,1.8867142637158086e-32,0.08333685409620703,0.07357313081811033,0.40947176598762675,0.6264262000998039,0.4464485208616243,0.644427292666227,0.42911698779243845,0.644427292666227,0.4520075371981825,0.644427292666227
10,2,0.7923219867643992,0.48482987327908283,0.6353871816758064,0.41264455395095545,64,1024,False,0.14591388246474327,0.14583776352575054,7.611893899151874e-05,0.15066701314916506,0.13366201908040662,0.12113420260054113,0.10860876440986653,1.2314694797545582e-33,0.1458377635257505,0.0004915830065977936,0.14267174437594124,0.1431633273825394,0.0034337215792998427,0.003680821003596654,0.0008112203760375453,0.001824898031253405,0.13285079870436908,0.07892097927278098,0.16334742592830126,-0.017201031833767606,0.026162772974576896,0.09656140088191023,0.14633458155731205,-0.000852071498229634,0.009944732009898871,0.14583776352575054,0.14591388246474327,1.2314694797545582e-33,0.1458377635257505,0.15066701314916506,0.40947176598762675,0.4308574213123104,0.37502704097436257,0.41296032910424085,0.37502704097436257,0.3972329253191571,0.33620078862473285,0.41057523734700474
10,3,0.8924515762570668,0.5395189202744712,0.6826936930086138,0.4727304914187617,64,1024,False,0.12212087817978064,0.1220571591632529,6.371901652792755e-05,0.12950660623606797,0.10649694172945334,0.09920500841259457,0.08440294615139128,1.9088592622362604e-32,0.1220571591632529,0.00038790478540393986,0.11575766603863191,0.11614557082403608,0.0033398155663777046,0.0032735506211105216,0.00010835760425011727,0.001143137827785502,0.10638858412520323,0.059959659882408714,0.1384503569427804,-0.01746442067759105,0.025236729381304886,0.07776487035152968,0.1218332284479402,-0.0012673659293795936,0.009106594450713601,0.1220571591632529,0.12212087817978064,1.9088592622362604e-32,0.1220571591632529,0.12950660623606797,0.18216869439757777,0.19340522239302246,0.36256545253532363,0.29359393876792317,0.36256545253532363,0.3438920262634427,0.22987937707169614,0.2370485660373667
10,4,0.9110932196570893,0.5997258423167078,0.7328515945691292,0.5700011911853912,64,1024,False,0.12524257586548584,0.12518322890560385,5.934695988304114e-05,0.12890350947628884,0.122713654911757,0.11229809334887138,0.11119026622040414,4.2405110322070816e-33,0.12518322890560382,0.00021192952657307653,0.12492173886564743,0.12513366839222023,0.0016936251393893647,0.002347098209301448,-0.00024175575019740232,0.0016118656520974829,0.1229554106619544,0.07210761320967282,0.15248857348806993,-0.017961624020261746,0.024534713925434853,0.08978861760988366,0.13562983503652504,-0.0017600719511392526,0.008489257917972282,0.12518322890560385,0.12524257586548584,4.2405110322070816e-33,0.12518322890560382,0.12890350947628884,0.18216869439757777,0.19014318498401162,0.21671584033916846,0.2266720863014522,0.21671584033916846,0.2266720863014522,0.22987937707169614,0.25057707604726037
10,5,0.920782414819958,0.6500151890904555,0.7730627584269092,0.607616104462743,64,1024,False,0.08453761909545689,0.08448255777471791,5.506132073900062e-05,0.08163816895258127,0.08473562399913935,0.07723741959036758,0.083574352020862,2.767795215016904e-32,0.08448255777471789,8.73363781742432e-05,0.08489217281858276,0.08497950919675698,0.0010277345562449561,0.0015215402747989198,0.0015425555798993767,0.0029402663735087296,0.08319306841923997,0.041588688248270465,0.11288615093246468,-0.018657930919475093,0.023759700106710923,0.05913123534992337,0.0962228148637223,-0.0023887318384367973,0.007812226758687757,0.08448255777471791,0.08453761909545689,2.767795215016904e-32,0.08448255777471789,0.08163816895258127,0.18216869439757777,0.1893895539848111,0.2049609912865976,0.21725337828650623,0.20613718482644847,0.22514966025140906,0.20918626180078767,0.24258364723300357
10,6,0.935670455305808,0.7075154117881086,0.816736219346986,0.6503234406555227,64,1024,False,0.1501620795437994,0.15013484381714515,2.7235726654443515e-05,0.15248340373663496,0.15870105834914255,0.12176004775193663,0.12967199673298926,5.5924630728140544e-33,0.15013484381714517,6.735176806470046e-05,0.1537805126992511,0.1538478644673155,0.00043778162471022885,0.002824384644754321,0.0020313448667180563,0.0035980686373365722,0.1566697134824245,0.08001497250314124,0.16350512300073203,-0.016722710695065035,0.0249556711289632,0.0980624228468514,0.14693055678071687,-0.0006633709563175216,0.009109582220844459,0.15013484381714515,0.1501620795437994,5.5924630728140544e-33,0.15013484381714517,0.15248340373663496,0.18216869439757777,0.18312540853165166,0.16108143046935028,0.15407643683972197,0.16108143046935025,0.15407643683972197,0.1799445631234609,0.1779477354166628
10,7,0.952595995667147,0.7614312998170809,0.8561668746042506,0.7324235042598568,64,1024,False,0.1217689663280493,0.12174328408067478,2.568224737526444e-05,0.12230920871049644,0.1268355632217212,0.10238738668699972,0.10724132615183854,1.6412296413876065e-32,0.1217432840806748,4.174870686590312e-05,0.12471591191678853,0.12475766062365493,0.0003346384234619679,0.0015895829716457573,0.0017256961542386235,0.0030718535205570604,0.1251098670674826,0.063030386586387,0.14174438678761242,-0.017553613825391674,0.0231615858508906,0.08082032711536158,0.1250663605169393,-0.0017681038807495497,0.007507919050112832,0.12174328408067478,0.1217689663280493,1.6412296413876065e-32,0.1217432840806748,0.12230920871049644,0.18216869439757777,0.1814548166876751,0.13126627415303493,0.130317441572076,0.13126627415303493,0.130317441572076,0.12433870656190409,0.11945167389490023
10,8,0.9757075050522747,0.8388522700516211,0.9076364661188507,0.7941159776864087,64,1024,False,0.046410830309166366,0.046398267455322724,1.2562853843822524e-05,0.04748555256412816,0.04707036300875191,0.04238165410610355,0.04318245576035649,3.3685512412541995e-33,0.04639826745532272,4.1591373483987646e-06,0.04651842269658299,0.04652258183393112,8.940039835375836e-05,0.0009995178355674318,0.0013265461425936485,0.0026685396019931573,0.04574381686615826,0.0124204561996006,0.0723428520126065,-0.017848400631618192,0.022406391023329034,0.029608954246214125,0.05567191283626016,-0.002268956603074912,0.006799124930694234,0.046398267455322724,0.046410830309166366,3.3685512412541995e-33,0.04639826745532272,0.04748555256412816,0.07033617502004226,0.06974925399751772,0.08034016683974857,0.08399067953703973,0.08034016683974857,0.0862766301544745,0.07696725224211351,0.08616029771714101
10,9,0.9772463692144152,0.9043283666875342,0.9477603822257019,0.8790212454843892,64,1024,False,0.09206178575245982,0.09205628867265729,5.497079801600704e-06,0.09141822981619231,0.09898802492147506,0.06668587502721164,0.07244599758164226,5.731694968260288e-33,0.09205628867265729,1.7877452509893782e-07,0.09447538737084064,0.09447556614536598,1.8922831838219866e-06,-0.0005560883235933949,0.0002326510834709631,0.0009324045917015263,0.09875537383800409,0.031061547062611577,0.1023102029918117,-0.01903143812712123,0.019638024730044393,0.04869254024379188,0.08578573441627668,-0.0039011051558190957,0.0045295938034541905,0.09205628867265729,0.09206178575245982,5.731694968260288e-33,0.09205628867265729,0.09141822981619231,0.07033617502004226,0.06648494843334724,0.06193621345235442,0.057724496828949,0.06193621345235442,0.057724496828949,0.07506658373426038,0.05871493765232846
10,11,0.8823624545345101,0.8618522372236315,0.9175930768909639,0.8659050447284966,64,1024,False,0.22010582231146897,0.22009121659354033,1.4605717929196894e-05,0.22133489426514352,0.21741443438747324,0.145600440911206,0.14664551522868627,7.52316384526264e-33,0.22009121659354025,1.2862103663912027e-05,0.21685584671408203,0.21686870881774514,5.93082502959025e-05,0.0015325170583818165,0.0009834866417558364,0.0014063470213815882,0.2164309477457174,0.10067969560526613,0.19052118621714587,-0.0173026562720273,0.020758876260635006,0.11859054898377508,0.1735149566011387,-0.002351373521378264,0.005876556475413963,0.22009121659354033,0.22010582231146897,7.52316384526264e-33,0.22009121659354025,0.22133489426514352,0.18216869439757777,0.17598858756887492,0.08034016683974857,0.058185305347797645,0.08034016683974857,0.05442616167406153,0.07696725224211351,0.06071542826590978
11,0,0.5357179110314495,0.28396179640771363,0.45495562377271925,0.11882597021797266,64,1024,False,0.1761043623897288,0.1757867050239762,0.00031765736575251817,0.17426318394371526,0.16060065308057744,0.13438637226029976,0.1217732337061317,1.6564360309758874e-32,0.1757867050239762,8.658573960344843e-05,0.1716400749820823,0.17172666072168521,0.0005042067390093645,0.0025911738127876536,0.0030723678536966944,0.0046694884044633875,0.15752828522688075,0.0894859993518091,0.1792867451687904,-0.017923842800460894,0.026495399579445897,0.10798953200719552,0.16290956180455396,-0.0015855353267397732,0.009943431439751294,0.1757867050239762,0.1761043623897288,1.6564360309758874e-32,0.1757867050239762,0.17426318394371526,0.49509628909987,0.5488341455815015,0.937410886983832,1.7452890242736694,0.937410886983832,1.7452890242736694,0.8037847325601899,1.4556648239905958
11,1,0.60838578205872,0.36356267092841776,0.5321441978405868,0.26157842958894467,64,1024,False,0.17295994095042722,0.17281962531104603,0.00014031563938118516,0.16743783762560654,0.15249181198144102,0.1208694786902737,0.10847796363838492,1.5897257808381547e-32,0.17281962531104603,9.194206845187514e-06,0.1738207777497385,0.17382997195658356,5.2891953796574814e-05,0.004768242344780956,0.002910683091084836,0.005072331446184706,0.14958112889035619,0.07709037459452986,0.16464858278601754,-0.015005178102940293,0.02879915175954686,0.09519252010795753,0.14798381103173597,0.0011812249285867438,0.012281275288842153,0.17281962531104603,0.17295994095042722,1.5897257808381547e-32,0.17281962531104603,0.16743783762560654,0.40947176598762675,0.6264262000998039,0.4464485208616243,0.644427292666227,0.5092339107125425,0.644427292666227,0.4520075371981825,0.644427292666227
11,2,0.78162464958758,0.4534188922551573,0.609324841803937,0.3925561277029141,64,1024,False,0.23994235334931113,0.23986861066881665,7.374268049345695e-05,0.24703077399004586,0.22904148037496777,0.1450918629050141,0.13201823809422647,2.0947962522830864e-33,0.23986861066881665,0.0005274244940196372,0.24113514333006764,0.24166256782408682,0.002182483198653938,0.003290433445374787,0.0006946016507000744,0.0018481029182139956,0.2283468787242677,0.09929365142594827,0.19089007438407996,-0.01737091292300947,0.025783254232820074,0.11742346114624524,0.17409036504250253,-0.0010653671270119958,0.009591859416104853,0.23986861066881665,0.23994235334931113,2.0947962522830864e-33,0.23986861066881665,0.24703077399004586,0.40947176598762675,0.4308574213123104,0.39324277227911897,0.41296032910424085,0.39324277227911897,0.3972329253191571,0.3876816859670198,0.41057523734700474
11,3,0.8301088245725522,0.49929473164952876,0.6486925543858458,0.44300745593742785,64,1024,False,0.1666817313026383,0.16662008475157195,6.16465510653551e-05,0.1751204515976284,0.15265312922186036,0.1137685754334442,0.10041468431408755,1.7412025013394435e-32,0.166620084751572,0.000353690763075819,0.1628398001463837,0.1631934909094598,0.0021673092542155836,0.00294989280246306,0.00017472306235748883,0.0012268085656289933,0.15247840615950287,0.07224516480852941,0.15529198605835898,-0.017491371235559165,0.02508825723930264,0.09018870375439292,0.13865193216770422,-0.001312123189563863,0.0089871943127946,0.16662008475157195,0.1666817313026383,1.7412025013394435e-32,0.166620084751572,0.1751204515976284,0.26656308032431086,0.27672337240505335,0.37502704097436257,0.3932003672813384,0.37502704097436257,0.3932003672813384,0.30517677279451516,0.2784334641075714
11,4,0.830702672145533,0.5487781427807157,0.6885807778047264,0.5268689529695743,64,1024,False,0.14394320270045888,0.14388581559181732,5.7387108641744924e-05,0.14658870403288315,0.14696468791433095,0.10914058099230244,0.11145527190922337,1.0873838214237244e-32,0.1438858155918173,5.896040184257929e-05,0.14560446332140692,0.1456634237232495,0.00040477149537965,0.0023021634121432573,0.00024007615009254875,0.0023539771928751717,0.1467246117642384,0.06810077672392333,0.15018038526068156,-0.017693758656004248,0.024677465154459795,0.08613071218132973,0.13361771473864792,-0.0015086623243405484,0.008669903239933774,0.14388581559181732,0.14394320270045888,1.0873838214237244e-32,0.1438858155918173,0.14658870403288315,0.26656308032431086,0.27989356657891395,0.36256545253532363,0.36355419533885047,0.36256545253532363,0.36355419533885047,0.22987937707169614,0.25057707604726037
11,5,0.8288780592500251,0.5884377145743143,0.7206060740842034,0.5823984388028511,64,1024,False,0.13328069171902948,0.13322933008311763,5.136163591270178e-05,0.1318214369880116,0.1395438725197484,0.10462393649204664,0.11223161631823907,6.511636249932195e-33,0.13322933008311763,9.882304506265897e-06,0.1364781587263387,0.13648804103084516,7.240417864912119e-05,0.0013854809072103332,0.0014111488197554778,0.0031146765519660226,0.1381327236999929,0.06363672746037166,0.14561114552372162,-0.018507086454645168,0.023758413747823406,0.08177169297414366,0.1291648748665466,-0.0022587158455280587,0.007851081529224757,0.13322933008311763,0.13328069171902948,6.511636249932195e-33,0.13322933008311763,0.1318214369880116,0.26656308032431086,0.2933367033190686,0.22088201183006329,0.23869412679847363,0.22088201183006329,0.23869412679847363,0.22987937707169614,0.24258364723300357
11,6,0.8369041303820272,0.6338147836521071,0.7551361988839818,0.5971928109444304,64,1024,False,0.15352359392037213,0.15349789555052973,2.5698369841741644e-05,0.15707573127164964,0.15972761292685228,0.11088786768692055,0.11561195263716566,3.3361428423582126e-33,0.15349789555052973,1.4621724487128563e-05,0.15761180408536418,0.15762642580985137,9.276188565467512e-05,0.002754862607695645,0.0021434165132928826,0.004096352915650875,0.1575841964135594,0.06952342228747423,0.15225231308636689,-0.016626661666744057,0.02526927235704967,0.08770674225524999,0.13582547153055202,-0.0005138902924954891,0.009380152252560947,0.15349789555052973,0.15352359392037213,3.3361428423582126e-33,0.15349789555052973,0.15707573127164964,0.2243937628940741,0.27128586038700775,0.21671584033916846,0.22160027541510155,0.21671584033916846,0.22160027541510155,0.20918626180078767,0.22051242008421176
11,7,0.8451385844084166,0.6747902339024268,0.7864561197576105,0.6595517689731326,64,1024,False,0.13694729000085445,0.13692253971266782,2.4750288186418585e-05,0.13949289230515868,0.14327709102606026,0.10170113052973367,0.104826312248511,4.169119698063564e-33,0.13692253971266782,7.0439029876578e-07,0.14029335768533688,0.14029406207563558,5.020813342663269e-06,0.0016194170823169071,0.002002951873695845,0.0038377551172706827,0.14127413915236442,0.06137295582743568,0.14202930523203167,-0.017528923858153644,0.023737711903913303,0.07938141600607196,0.12551779548084596,-0.0015702644304838032,0.007985702410223894,0.13692253971266782,0.13694729000085445,4.169119698063564e-33,0.13692253971266782,0.13949289230515868,0.2243937628940741,0.25269405309037923,0.2049609912865976,0.2054240599088053,0.20407884613170946,0.2047109349911621,0.1799445631234609,0.18443919321438337
11,8,0.8769150034770197,0.7342833686488435,0.830611837678072,0.6958949230044655,64,1024,False,0.07210282680612501,0.07209003678673301,1.2790019392236414e-05,0.0740196860376716,0.07574929207574312,0.047895638448216,0.04831497403602581,4.782459613602467e-33,0.072090036786733,1.1115442658494762e-05,0.07444903181783996,0.07446014726049849,0.00014928042808735572,0.0010386978049800753,0.0009724859729384463,0.0026189384618046513,0.07477680610280467,0.015469355428664497,0.08032192146776751,-0.017875303983639776,0.022923776402622685,0.033204132509126794,0.06414215291442815,-0.002119268203387037,0.007205213274573907,0.07209003678673301,0.07210282680612501,4.782459613602467e-33,0.072090036786733,0.0740196860376716,0.18216869439757777,0.176492595231449,0.15991189943214026,0.170495061842379,0.15991189943214026,0.170495061842379,0.13861350351016344,0.15118779372348468
11,9,0.8675052401918297,0.7836638175147448,0.866143978705802,0.7942886942028925,64,1024,False,0.08339772437134012,0.08339331443580963,4.40993553060708e-06,0.08316567467070163,0.09187536381639703,0.04625272140198203,0.05107865248594114,2.4012409035330527e-32,0.08339331443580958,1.0204996520505402e-05,0.08583114916263555,0.08584135415915609,0.00011888205423209657,-2.9654564957303295e-05,0.00033082030557483205,0.0015293163534849596,0.0915445435108222,0.012990772399568654,0.0795146704043954,-0.019243281965412497,0.021080712227718842,0.030598958728660364,0.06306504611711716,-0.0036144894911558367,0.005490874558745418,0.08339331443580963,0.08339772437134012,2.4012409035330527e-32,0.08339331443580958,0.08316567467070163,0.18216869439757777,0.17026121329036834,0.09970546005697237,0.09826160560681424,0.09970546005697237,0.09826160560681424,0.07696725224211351,0.07640375929406004
11,10,0.8823624545345101,0.8618522372236315,0.9175930768909639,0.8659050447284966,64,1024,False,0.03183940035855044,0.03183856018079289,8.401777575833894e-07,0.028178040511343493,0.03508700118773645,0.011603563201145863,0.013549611348888834,3.6751242525250765e-33,0.03183856018079289,6.371168782060423e-07,0.031772336328634375,0.031772973445512595,2.0052164123028418e-05,0.0004665154764843308,0.0001615343936569842,0.0006115100682248908,0.034925466794079464,-0.014754567956344158,0.03796169435863588,-0.018266642500793438,0.019967963924995582,0.002496008026355412,0.021663405022991356,-0.0032956677096080966,0.004990943234588485,0.03183856018079289,0.03183940035855044,3.6751242525250765e-33,0.03183856018079289,0.028178040511343493,0.18216869439757777,0.1720447046206895,0.08034016683974857,0.08863543386730813,0.08034016683974857,0.08863543386730813,0.07696725224211351,0.08370064175113943
