source,target,cka,cca_shared,procrustes_shared,probe_cosine,metric_rank,metric_examples,full_dim_cca_saturation_possible,train_raw,train_geometry,residual_correction,cal_raw,test_raw,cal_clipped,test_clipped,train_mean_term,train_variance_term,test_mean_term,test_variance_term,test_geometry,mean_fraction,aligned_cal_raw,aligned_test_raw,aligned_test_clipped,alignment_raw_reduction,bernstein_lo,bernstein_hi,bernstein_aligned_lo,bernstein_aligned_hi,betting_lo,betting_hi,betting_aligned_lo,betting_aligned_hi,prediction__training_geometry,prediction__direct_training,prediction__mean_only,prediction__variance_only,prediction__direct_calibration,prediction__cka_common,prediction__cka_held_target,prediction__cca_shared_common,prediction__cca_shared_held_target,prediction__procrustes_shared_common,prediction__procrustes_shared_held_target,prediction__probe_cosine_common,prediction__probe_cosine_held_target
0,1,0.9624818541523447,0.575202892610192,0.715928691623519,0.9051310525394147,64,1024,False,0.00960842151016109,0.006848260576923896,0.0027601609332372394,0.008171071282199445,0.010211120744775162,0.008157207742474904,0.010190215960879165,4.410881362994169e-33,0.006848260576923896,1.7878989752277418e-07,0.00647520639078598,0.006475385180683519,2.761069689817305e-05,0.016192644225166024,0.014698812590204667,0.014854841038111839,-0.004487691845429504,-0.014481432193533705,0.030795847678483514,-0.004982311375219865,0.037536193711702956,0.0018295650879736058,0.013977480972243939,0.011094455010606907,0.021349847855162807,0.006848260576923896,0.00960842151016109,4.410881362994169e-33,0.006848260576923896,0.008171071282199445,0.009149545914863102,0.009258265318492399,0.017615958062211896,0.020555611211657585,0.015343250557345473,0.01614015936569503,0.016563316005352394,0.01921583199336374
0,2,0.791063584955883,0.44024190872928803,0.5931943811932874,0.8713050688812236,64,1024,False,0.017245374913122682,0.014767808166597793,0.002477566746524864,0.015354143022808875,0.01743304227289232,0.014950496628163973,0.016586233706388336,7.791275976696244e-34,0.014767808166597793,1.8569049136677344e-06,0.014411297547545606,0.014413154452459295,0.00012883403975115894,0.016205907450043845,0.01413325872595649,0.014288172404440152,0.003299783546935829,-0.010739364524710103,0.04064035778103805,-0.00558276051756721,0.03813864117252533,0.005779064638772979,0.02356731830514036,0.010654321922629606,0.021669785310223233,0.014767808166597793,0.017245374913122682,7.791275976696244e-34,0.014767808166597793,0.015354143022808875,0.020967809452727745,0.02148496191536353,0.023700958523800504,0.022639924618433168,0.023737635298979244,0.022639924618433168,0.02410836507443461,0.023406567008793407
0,3,0.5355804493808799,0.38680880052093647,0.5442735640268932,0.8438849666422577,64,1024,False,0.021781203826640318,0.018128583893469333,0.0036526199331709513,0.02013324977436243,0.022133214360770783,0.019920799750932302,0.021447770615413978,3.12426257969298e-33,0.018128583893469337,2.05438840806014e-07,0.01775643410690061,0.01775663954574138,1.1569691454106524e-05,0.016022681194833764,0.013808717834391492,0.013941228816444003,0.008324496526379292,-0.006875367372002259,0.046716966873866866,-0.0061167434496123,0.03825688994516579,0.009785442096472252,0.02969401314476272,0.010135300006368198,0.021614708879496902,0.018128583893469333,0.021781203826640318,3.12426257969298e-33,0.018128583893469337,0.02013324977436243,0.028497965079419766,0.03064713151365804,0.031617256049473755,0.03274425634023613,0.03184347015695944,0.03274425634023613,0.03184347015695944,0.03274425634023613
0,4,0.4800408362999839,0.3604293900233022,0.5197318884111535,0.826754152340087,64,1024,False,0.02786635777692823,0.021978716977106506,0.005887640799821592,0.02681276153222352,0.030017533575436833,0.026687813510557813,0.029859730105126034,4.044025091374104e-33,0.021978716977106506,6.103315229648388e-07,0.02231941085625478,0.022320021187777775,2.7344576325897502e-05,0.020658409810624046,0.018277833501537746,0.01849272784744569,0.011739700073899087,-0.001080459936413359,0.05445608695752899,-0.001995541310771492,0.04347682550856427,0.01569130142161157,0.03746707924437942,0.014383783476660028,0.026698927926190663,0.021978716977106506,0.02786635777692823,4.044025091374104e-33,0.021978716977106506,0.02681276153222352,0.031231651576946573,0.03157156619577142,0.031617256049473755,0.03215108877361267,0.03184347015695944,0.03223044774347758,0.03184347015695944,0.03224430773777741
0,5,0.4268643821391357,0.3402657886352227,0.5020489839890941,0.8279467004711647,64,1024,False,0.02525197692916829,0.018590428274711916,0.00666154865445613,0.026603426445347907,0.02681811340887565,0.026478521720372225,0.026704862742503152,3.1154774930501015e-33,0.018590428274711916,1.590295548180108e-06,0.01922287605064671,0.019224466346194877,8.272248079827076e-05,0.02186281524785212,0.01998040169005244,0.020152692960128615,0.006837711718823209,-0.0003784805930060267,0.05333552403375048,-0.0009130776840886173,0.0449490375374333,0.016497644130140543,0.036531683610519394,0.01565602714981651,0.02832915666658664,0.018590428274711916,0.02525197692916829,3.1154774930501015e-33,0.018590428274711916,0.026603426445347907,0.04786656729584728,0.050904158845918625,0.03240900542567365,0.03413540376316508,0.03184347015695944,0.03224655044246801,0.03184347015695944,0.03224655044246801
0,6,0.407509005240781,0.33061788650072355,0.4943986480368923,0.80910057965216,64,1024,False,0.028008602227181826,0.019635864966036302,0.008372737261145543,0.029010675703811634,0.030522605094534184,0.02904159220631731,0.030566747384982943,1.1910605645769811e-33,0.01963586496603631,3.474008914911487e-08,0.02080568459330727,0.020805719333396457,1.6697374694155156e-06,0.032137170693370694,0.03135278339849167,0.03181569926730212,-0.0008301783039574885,0.0024888039977075116,0.055594380414927105,0.008357944662890752,0.05662986133435982,0.01929627769277431,0.038739627656468656,0.025078201790165622,0.0399078359187115,0.019635864966036302,0.028008602227181826,1.1910605645769811e-33,0.01963586496603631,0.029010675703811634,0.04786656729584728,0.050560266094709524,0.03382221177923936,0.038633747854667076,0.03382221177923936,0.038633747854667076,0.03382221177923936,0.038633747854667076
0,7,0.391435220493098,0.32040944077782507,0.48539733351919706,0.8041522852683736,64,1024,False,0.030236212181351304,0.021430753579243064,0.008805458602108282,0.030393228251282874,0.03218291485447117,0.03021369575431942,0.032068973399264324,1.0000779431485138e-33,0.021430753579243064,3.345061870267819e-06,0.02224801803534098,0.022251363097211353,0.00015033064966195434,0.032004186995382204,0.032278921816554916,0.032822064042630175,-9.600696208374865e-05,0.0030238158287577248,0.05740357567988112,0.008255970077765032,0.05663362386186298,0.019783483730861917,0.04049029867746867,0.024923341035901103,0.039876879840448964,0.021430753579243064,0.030236212181351304,1.0000779431485138e-33,0.021430753579243064,0.030393228251282874,0.06004371564184262,0.06992721143869586,0.048060557845293755,0.06429784290543286,0.048060557845293755,0.06429784290543286,0.048060557845293755,0.06208954846744469
0,8,0.43671622142132716,0.31200432968255537,0.4781015675720303,0.7845309314707389,64,1024,False,0.04197278046438698,0.03411157059253855,0.007861209871848506,0.04118438276079076,0.044481775736393205,0.0402460801550854,0.0429067868554292,2.2043103318135026e-34,0.03411157059253855,1.3937020587451549e-05,0.03511987108275212,0.035133808103339714,0.0003966840299935132,0.03728277963146685,0.0376592015122418,0.038610171174020054,0.006822574224151404,0.010382491466155663,0.07010966884401514,0.01322682821992259,0.06310967368924879,0.027438141201855615,0.0533428538183216,0.029812452696205582,0.04627993168105604,0.03411157059253855,0.04197278046438698,2.2043103318135026e-34,0.03411157059253855,0.04118438276079076,0.04786656729584728,0.04882116508656965,0.0641190873386989,0.06739547370697149,0.0641190873386989,0.06739547370697149,0.06148315863880136,0.0655429138144035
0,9,0.39735176395995975,0.3032509554245052,0.4709785844722136,0.7601902540498272,64,1024,False,0.0358707257547541,0.02953416826266036,0.0063365574920936476,0.036770811077661426,0.038290564793927694,0.03547512379411082,0.0365369084168591,3.475983096275436e-33,0.02953416826266036,1.3610398994344834e-05,0.030759093849509946,0.030772704248504305,0.0004422880382703565,0.03767518470133279,0.03768742461500558,0.03903956175165525,0.0006031401789221152,0.006523167195182325,0.06442708039303932,0.013792576723385987,0.06424143514463465,0.023596383616677485,0.0477742033690447,0.030322042766783852,0.04736768992006546,0.02953416826266036,0.0358707257547541,3.475983096275436e-33,0.02953416826266036,0.036770811077661426,0.06004371564184262,0.06780135049656968,0.0641190873386989,0.06802598394741853,0.0641190873386989,0.06802598394741853,0.07202687343839148,0.10728293579912154
0,10,0.4615098721852036,0.29361557357156876,0.4608282285014582,0.7704092215738612,64,1024,False,0.04358685737565958,0.0384702364712899,0.0051166209043696205,0.04499792976815198,0.0471137050006057,0.04340505458382851,0.04485338888173855,1.3132197076312955e-33,0.0384702364712899,8.986018431902778e-06,0.03935561795746431,0.03936460397589621,0.00022827661209052453,0.03754967787746945,0.03726579468976698,0.03883817646377337,0.009847910310838724,0.012774857700359021,0.074035251467298,0.01400423371008475,0.06412720082024213,0.029841036652214825,0.05722714757575886,0.03045885248866398,0.04722522873635171,0.0384702364712899,0.04358685737565958,1.3132197076312955e-33,0.0384702364712899,0.04499792976815198,0.04786656729584728,0.04827637265694661,0.0641190873386989,0.06685068127734846,0.0641190873386989,0.06685068127734846,0.06148315863880136,0.06478020441293124
0,11,0.5316222852405948,0.2812423509154958,0.4512526397333063,0.7682544260768004,64,1024,False,0.03689783439367882,0.029957479817515287,0.006940354576163552,0.03878113191633355,0.040047248041446416,0.03865873928230285,0.04003888095895296,1.0933252045611873e-32,0.029957479817515294,9.410897194120638e-09,0.030694194080544454,0.030694203491441575,3.0660177244034583e-07,0.037275944946688955,0.03670397645499386,0.03795284485892147,0.003343271586452555,0.009758342169810356,0.06755913639479535,0.013689666772751512,0.06299964450862869,0.02657787743373774,0.05062841777544236,0.030229141979361884,0.046135856668115593,0.029957479817515287,0.03689783439367882,1.0933252045611873e-32,0.029957479817515294,0.03878113191633355,0.031231651576946573,0.03056374685231295,0.0641190873386989,0.06773879525617965,0.0641190873386989,0.06773879525617965,0.06148315863880136,0.06623059724769877
1,0,0.9624818541523447,0.575202892610192,0.715928691623519,0.9051310525394147,64,1024,False,0.005291265841085753,0.003958422203780845,0.001332843637304883,0.0077868263241577486,0.0070079940970938955,0.0077860818329742445,0.00698732687087902,8.585279810677834e-33,0.003958422203780845,5.547934911798009e-06,0.0038152433867011523,0.0038207913216129464,0.0014520381891612833,-0.005389745489165031,-0.005080828541363434,-0.005173204312272567,0.01208882263845733,-0.013495604371485698,0.02906776803743419,-0.025014952868534588,0.014167679096710722,0.002742137628956698,0.013021208076679613,-0.009722616356157232,-0.0011075415022787638,0.003958422203780845,0.005291265841085753,8.585279810677834e-33,0.003958422203780845,0.0077868263241577486,0.009149545914863102,0.009300959202719252,0.017615958062211896,0.020610503348520683,0.015343250557345473,0.01618285324992189,0.016563316005352394,0.017133442946112246
1,2,0.8823449543952743,0.645233014157513,0.775175391529908,0.9517789860775142,64,1024,False,0.0104625111469542,0.010307801900988373,0.00015470924596585014,0.008857867231662963,0.00795769650456576,0.008501191135561607,0.007300633945288276,4.026980932354601e-33,0.010307801900988373,4.303612119284182e-06,0.010420358360339547,0.010424661972458844,0.00041282989613034883,0.002635539709738147,0.0016670586549177588,0.001713302362392668,0.006290637849648,-0.015550067817667887,0.0325524500887911,-0.016714302780937055,0.02204293044372543,0.0014586828037863597,0.016119492531288415,-0.0016421505133621395,0.006817119188781362,0.010307801900988373,0.0104625111469542,4.026980932354601e-33,0.010307801900988373,0.008857867231662963,0.015465245758253752,0.016765694250556087,0.014196788259909793,0.015933791811419674,0.014196788259909793,0.015933791811419674,0.008824306924427613,0.01005122123786185
1,3,0.6320755047208968,0.5355325849148364,0.6846338076927018,0.917186169687923,64,1024,False,0.027470701381217908,0.026036536147028912,0.00143416523418907,0.02688963066394341,0.02361684309093971,0.025943594221301255,0.022168567821311266,3.2933250114548348e-34,0.026036536147028912,1.4912736334664303e-06,0.026325105857719692,0.026326597131353144,5.6645134425308135e-05,0.004180188707964718,0.0017993103018843885,0.0018837909072624008,0.02181753278905532,-0.0030097706243422118,0.05489695906694472,-0.01594434919605813,0.024369416806237727,0.014449500216869637,0.038543056391063146,-0.0004900985004496761,0.008601433022704441,0.026036536147028912,0.027470701381217908,3.2933250114548348e-34,0.026036536147028912,0.02688963066394341,0.0216000127169415,0.020901332906765775,0.02159589886022055,0.01983132159231293,0.021784655187099274,0.020263893335876026,0.016563316005352394,0.016482444798941977
1,4,0.5817267888047863,0.48360450966957236,0.6368258177723173,0.9102402412101678,64,1024,False,0.029548044718305893,0.02625585244551531,0.003292192272790634,0.029626412241473526,0.02645657493046816,0.028699106277062632,0.025400810182392524,6.2053944290642834e-34,0.026255852445515312,1.6982353294291565e-06,0.02632328135614713,0.026324979591476595,6.451041390280906e-05,0.008322892118176058,0.006143144423119124,0.006313053811844077,0.020313430507349038,-0.00029475402857495614,0.05769296658270022,-0.012264909165190921,0.029065929548173067,0.017182275631057564,0.04134608972526621,0.00347931424039416,0.013074988695734646,0.02625585244551531,0.029548044718305893,6.2053944290642834e-34,0.026255852445515312,0.029626412241473526,0.028497965079419766,0.028336758341983515,0.023700958523800504,0.023389092538659815,0.023737635298979244,0.02341529126431615,0.016563316005352394,0.016086531357500263
1,5,0.5264236322510301,0.4514227645819264,0.6087317737356016,0.9132401662787223,64,1024,False,0.02435569289181346,0.02038582950367102,0.003969863388142489,0.026752194206017658,0.02075093766971943,0.025912484463672718,0.01996239155857968,1.963344557432415e-34,0.020385829503671016,9.21781707452117e-07,0.020172189578957184,0.0201731113606647,4.56935814695143e-05,0.009557369496120391,0.00803970987389116,0.008181792924734775,0.01271122779582827,-0.0017445213858412016,0.05356949031318664,-0.01128700519233936,0.03070086479249788,0.015618244637153111,0.03723366090707714,0.004750484833493829,0.014704304900078569,0.02038582950367102,0.02435569289181346,1.963344557432415e-34,0.020385829503671016,0.026752194206017658,0.031231651576946573,0.03157622522086418,0.023700958523800504,0.02354036717210486,0.023737635298979244,0.023594084874834557,0.016563316005352394,0.015959677934782857
1,6,0.506647727361906,0.43373172600415066,0.5923134057553993,0.900755278652993,64,1024,False,0.019242822782599384,0.0138126162393284,0.005430206543271011,0.020975894487298422,0.01734421167724828,0.02039628679546842,0.016970252393640452,2.4787019310817534e-33,0.013812616239328406,8.826538462684278e-08,0.01372776263798822,0.013727850903372826,6.429657872023993e-06,0.017846266242183915,0.01729473076430366,0.017743302036890504,4.948091294462026e-05,-0.005045072691136895,0.045837646282073735,-0.004060535394679907,0.0404648914438724,0.012152807001257315,0.029564172044047154,0.01229838136350736,0.023915537116408814,0.0138126162393284,0.019242822782599384,2.4787019310817534e-33,0.013812616239328406,0.020975894487298422,0.031231651576946573,0.03202055596845797,0.023700958523800504,0.023844382946774295,0.023737635298979244,0.02386914676620214,0.018134842239897638,0.017187824824097375
1,7,0.48892629373995583,0.41817080480763946,0.5781217832134021,0.8914533160835646,64,1024,False,0.018389018683848495,0.012445496759005635,0.005943521924842791,0.01891702421338904,0.016764411810985962,0.01838787882422731,0.016285775957523587,8.227187589931447e-34,0.01244549675900564,5.870249533909089e-07,0.012329488777314955,0.012330075802268348,4.760919257957154e-05,0.017703609313347437,0.018359658589135453,0.018890412706229695,-0.0015952467781494908,-0.006746250149468797,0.04352200779792342,-0.004196564366726729,0.04048297474829303,0.010394964112492744,0.02726572369283531,0.012189549917820841,0.023923176195239648,0.012445496759005635,0.018389018683848495,8.227187589931447e-34,0.01244549675900564,0.01891702421338904,0.031231651576946573,0.03311974759626777,0.02557896970291638,0.03167395233519829,0.02557896970291638,0.031869966492658386,0.02134360592439833,0.021674450705078088
1,8,0.5309327843172154,0.4026069676969368,0.5648188130647083,0.8561961935207569,64,1024,False,0.016705753083365582,0.011182376628957331,0.005523376454408241,0.016248008031330096,0.01569171288842236,0.015860443148235735,0.015094566562583912,4.9035012291192946e-33,0.011182376628957331,2.097925937513014e-06,0.011465885818705975,0.01146798374464349,0.00018293764485783487,0.022941733680788286,0.02347213317366384,0.024414585926398072,-0.0077804202852414794,-0.008560316974212206,0.04028120327068367,0.0006044624155240215,0.04704525146828939,0.008490190310112666,0.0239456914641778,0.0170487887589843,0.03027031439705752,0.011182376628957331,0.016705753083365582,4.9035012291192946e-33,0.011182376628957331,0.016248008031330096,0.031231651576946573,0.032384239541993994,0.031617256049473755,0.03304312108970016,0.03184347015695944,0.03304312108970015,0.03184347015695944,0.03304312108970015
1,9,0.49162611650228766,0.39046379242704266,0.5540224461938766,0.8520267194597155,64,1024,False,0.017210785327049838,0.013437768422661648,0.0037730169043880715,0.016991672920208065,0.016071898098309462,0.01578976816259688,0.01450029736325067,4.888356919742848e-34,0.013437768422661646,3.8838093294505904e-06,0.013781464655478632,0.013785348464808042,0.00028173457779216693,0.02371479365134698,0.023648254290848898,0.024993311190953795,-0.007576356192539435,-0.009276466451675933,0.040856002776869696,0.001594085636370951,0.04851017085023513,0.007847087857953738,0.024549426110752393,0.018027596932370216,0.031703465909231454,0.013437768422661648,0.017210785327049838,4.888356919742848e-34,0.013437768422661646,0.016991672920208065,0.031231651576946573,0.03350481785490396,0.031617256049473755,0.032985916098248004,0.03184347015695944,0.032985916098248004,0.03184347015695944,0.032985916098248004
1,10,0.5532660634061229,0.3757729763926137,0.5405085391935651,0.8415781227652479,64,1024,False,0.01674013763534113,0.013597189372265565,0.003142948263075565,0.015439598057386277,0.01687560814952944,0.01488070336738628,0.01592815986012629,1.3529031632499305e-32,0.013597189372265565,1.6867621511667206e-06,0.013717492394209784,0.013719179156360978,0.00012294920358880534,0.02383569864920108,0.023444819093986494,0.02501055807278848,-0.006569210944457053,-0.01011516998048725,0.03987657671525981,0.0019527693106445101,0.04874277564870999,0.006487844300863799,0.022949325073568616,0.018329916703805793,0.03190601009555394,0.013597189372265565,0.01674013763534113,1.3529031632499305e-32,0.013597189372265565,0.015439598057386277,0.028497965079419766,0.03140459813736484,0.031617256049473755,0.03310530647231122,0.03184347015695944,0.03310530647231122,0.03184347015695944,0.03310530647231122
1,11,0.6045879014532176,0.3572635491105735,0.5253011750116142,0.8346118916016046,64,1024,False,0.02324561975624544,0.018295012837252277,0.0049506069189930845,0.021071994927422767,0.023252614547591234,0.021071771758066484,0.023278040734727314,1.5255291089491294e-36,0.018295012837252277,2.491066314783363e-07,0.017863308394464587,0.01786355750109611,1.3944962052662302e-05,0.02359413699977645,0.022847989366198702,0.024092470641286223,0.0004046251813925317,-0.005117682866137212,0.04726122638227018,0.001723146756472435,0.04759933897169785,0.011365687489160337,0.030121927251457237,0.0181812387163518,0.03086238158721244,0.018295012837252277,0.02324561975624544,1.5255291089491294e-36,0.018295012837252277,0.021071994927422767,0.028497965079419766,0.029558817958276477,0.03240900542567365,0.03524169006675011,0.03184347015695944,0.032672045174616096,0.03184347015695944,0.032672045174616096
2,0,0.791063584955883,0.44024190872928803,0.5931943811932874,0.8713050688812236,64,1024,False,0.018412028242416854,0.015563332949505067,0.0028486952929117977,0.023297134005571436,0.019985069435605532,0.0231555345884307,0.01978869563508573,1.9927490138466706e-35,0.015563332949505067,2.7541918363307868e-05,0.015141590536863193,0.015169132455226587,0.001815655473020686,-0.003964133004433084,-0.0038507026629845584,-0.003913969036497407,0.02383577209859009,-0.0029968252081562577,0.049307894385017655,-0.02366843425738231,0.015745850626719324,0.014262619486544281,0.03290792096959194,-0.008295829196867999,0.0004050441857543774,0.015563332949505067,0.018412028242416854,1.9927490138466706e-35,0.015563332949505067,0.023297134005571436,0.020967809452727745,0.020592713163948125,0.023700958523800504,0.02372221244581256,0.023737635298979244,0.023758611551046284,0.02410836507443461,0.02419850185986385
2,1,0.8823449543952743,0.645233014157513,0.775175391529908,0.9517789860775142,64,1024,False,0.006795261401281341,0.004877890374549201,0.0019173710267321366,0.008614876537550841,0.008305316617448912,0.008654210260954392,0.00834181793019439,2.5970795575010607e-33,0.004877890374549202,3.3972340886902605e-06,0.004873383553442496,0.004876780787531181,0.0006966140650357333,0.0035074115840892104,0.002665344787404666,0.002746531902327689,0.005639971830044246,-0.012829698156291112,0.030138118678199897,-0.015479982721854257,0.022593850048331022,0.00343311985488981,0.013940562959760427,-0.0005189723815419711,0.007711720492807217,0.004877890374549201,0.006795261401281341,2.5970795575010607e-33,0.004877890374549202,0.008614876537550841,0.015465245758253752,0.015701465386553856,0.014196788259909793,0.015916124612077198,0.014196788259909793,0.01520936084179092,0.008824306924427613,0.008847576967413923
2,3,0.8955120114513317,0.7960636227769158,0.8815902491696377,0.9693379168622193,64,1024,False,0.004791145036899409,0.003629457741580122,0.0011616872953192716,0.005013863696404608,0.005063803650375434,0.004929197726199631,0.0049948966691635704,1.5989227896573843e-33,0.003629457741580123,3.4113527076019464e-07,0.0036956513592741633,0.003695992494544931,9.229869142420889e-05,0.0009142219585514461,-1.5702133842337695e-05,2.7119834975924544e-06,0.005079505784217771,-0.016302328323739762,0.026160723776139025,-0.017202431615913425,0.0190625451686665,-1.6987978597171605e-06,0.010218732444627676,-0.003000345292093698,0.004768617101944983,0.003629457741580122,0.004791145036899409,1.5989227896573843e-33,0.003629457741580123,0.005013863696404608,0.015465245758253752,0.015503099904008248,0.008193920749621005,0.00848301684536795,0.008193920749621005,0.00848301684536795,0.0041910784394208886,0.00510217789874274
2,4,0.8586020348609802,0.6864302554038474,0.8013905499347203,0.949902968139103,64,1024,False,0.008478245620192304,0.005204956629089679,0.0032732889911026284,0.009485438060999307,0.010318422004266263,0.009326378655411643,0.010361403167405314,1.892897598021684e-33,0.005204956629089678,1.9800172531483255e-06,0.005319867505133027,0.005321847522386183,0.00037205448762285006,0.005455158610112034,0.004146922934439685,0.004296134229574687,0.006171499069826578,-0.01292421802959961,0.0315769753404229,-0.013837876434369758,0.024896791847876274,0.003886158563545905,0.01551928754633991,0.0012894741157651879,0.009743410802911967,0.005204956629089679,0.008478245620192304,1.892897598021684e-33,0.005204956629089678,0.009485438060999307,0.015465245758253752,0.015440464482722838,0.013645799580761278,0.01402746748861578,0.013645799580761274,0.01402746748861578,0.008824306924427613,0.008750847909252981
2,5,0.81434079518207,0.6230233639841152,0.7513701667553216,0.9499632827446499,64,1024,False,0.008361832373831682,0.0043413407133925976,0.004020491660439051,0.010886703470352975,0.010336887653749821,0.010836223435470768,0.010414675505058646,2.6895337392188466e-33,0.004341340713392597,6.191078871745674e-08,0.004262437631090024,0.00426249954187874,1.4524526773360995e-05,0.006703556374508259,0.005717593592086831,0.005845802382103548,0.00461929406166299,-0.010958929506416663,0.0326313763773582,-0.013109040954710691,0.02678469554716299,0.005635476365569048,0.016666252122377045,0.0024865119630703703,0.011394632783776615,0.0043413407133925976,0.008361832373831682,2.6895337392188466e-33,0.004341340713392597,0.010886703470352975,0.020638097474842687,0.020242312490785598,0.01587470877572414,0.015240858405853052,0.014891336594701474,0.014149907707498504,0.008824306924427613,0.008595151752658129
2,6,0.7989776906870094,0.583453533175398,0.7183596821030955,0.9372072163447652,64,1024,False,0.011246948139543595,0.005770253099075563,0.005476695040468119,0.01264289996565057,0.014882087519610666,0.01277540056173116,0.015156591316937276,3.2483569045113973e-34,0.0057702530990755615,1.125745344391847e-06,0.005962350051079529,0.005963475796423923,0.00018877335681766582,0.01566342642450009,0.015646478340122415,0.016082654866317898,-0.000764390820511749,-0.00932059613669856,0.03487139726016088,-0.005413148359854222,0.03743630237384282,0.007226024616102222,0.01866019800218055,0.010826772340806201,0.021302912224200554,0.005770253099075563,0.011246948139543595,3.2483569045113973e-34,0.0057702530990755615,0.01264289996565057,0.020638097474842687,0.021302995433276184,0.016311326211632348,0.0170450114608287,0.015343250557345473,0.014664776611013628,0.009832117281986795,0.008153688698509338
2,7,0.7762109439768401,0.5548544738372398,0.6938951531772747,0.9207093418843281,64,1024,False,0.0158533682863101,0.009699813964741838,0.006153554321568246,0.015240217266853274,0.02008873757034173,0.015453372968455847,0.020435069198389205,9.400051066951648e-34,0.009699813964741835,2.9517873775896862e-06,0.009836610223884533,0.009839562011262123,0.0002999917449792117,0.015722672942922265,0.016706246238168358,0.01722738334528384,0.0033824913321733735,-0.008162800183671864,0.039069546120583554,-0.005491487994175707,0.037809740765756536,0.008577040782256518,0.022420108012738638,0.01084127612557495,0.021613169461488724,0.009699813964741838,0.0158533682863101,9.400051066951648e-34,0.009699813964741835,0.015240217266853274,0.0216000127169415,0.022508554924096962,0.02039912937873874,0.02181998509842627,0.021784655187099274,0.022719574889991562,0.016563316005352394,0.0159193064454405
2,8,0.7949989453002759,0.5238319977921931,0.6687929183890426,0.8972876579756112,64,1024,False,0.018999598418743786,0.013580812377998745,0.005418786040745121,0.017076242494426165,0.022916607902726288,0.017274446524599325,0.02310818582358108,5.692537474212325e-35,0.013580812377998745,7.514998258710331e-06,0.014016018351025162,0.014023533349283855,0.0005358847924795004,0.020518311325618606,0.021276563420079202,0.022215357693548987,0.0016400444826470857,-0.007524869657180414,0.04207376270637907,-0.00115777797773111,0.04396013503852988,0.009357355629617814,0.02545163231116021,0.015394667490909342,0.02747697348240763,0.013580812377998745,0.018999598418743786,5.692537474212325e-35,0.013580812377998745,0.017076242494426165,0.020967809452727745,0.021656208919805558,0.023700958523800504,0.024049627788504415,0.023737635298979244,0.024054844480148437,0.020967075252460596,0.020863098738343615
2,9,0.7582438159878895,0.5018249866482101,0.6507097487720268,0.895502282330208,64,1024,False,0.014770769819551754,0.011147155848741194,0.0036236139708105087,0.01263411064723268,0.01833480327171188,0.012811108213099708,0.018051722348933884,2.0813205956938473e-33,0.011147155848741194,1.0367527817823935e-05,0.01153722554888983,0.011547593076707654,0.0008978085518735504,0.02071348532484065,0.021182470910757263,0.022518840242648313,-0.0028476676390453842,-0.011078533543970292,0.036700749970169706,-0.000796449296441154,0.04489594836377029,0.005759058702096809,0.02013139977498213,0.015776720429130364,0.028322191210463643,0.011147155848741194,0.014770769819551754,2.0813205956938473e-33,0.011147155848741194,0.01263411064723268,0.0216000127169415,0.02288085586975705,0.023700958523800504,0.024283424201514598,0.023737635298979244,0.024283424201514598,0.02134360592439833,0.023419319074587074
2,10,0.7920269276119675,0.4748188668779737,0.6268062488814365,0.8851396439774384,64,1024,False,0.018565668157354075,0.015572144892380142,0.0029935232649738928,0.0166907202444578,0.02259301000258288,0.017002454153259527,0.022364359136050466,4.063942120636834e-34,0.015572144892380138,2.6066859917156887e-06,0.016044497494056235,0.016047104180048007,0.00016243965032374397,0.021068223477306646,0.020995812138995817,0.02254978758092293,0.001597197863587061,-0.008282861126194627,0.04228776943271368,-0.0002755875268792493,0.04543342657074327,0.00847127028828254,0.02549656984047033,0.016258202893368434,0.028835148536018096,0.015572144892380142,0.018565668157354075,4.063942120636834e-34,0.015572144892380138,0.0166907202444578,0.020967809452727745,0.021723173700871595,0.023700958523800504,0.024129469013690855,0.023737635298979244,0.024129469013690855,0.02134360592439833,0.022367428774875853
2,11,0.78179867168673,0.4430449010423208,0.6000570171487523,0.8732230598356733,64,1024,False,0.02273062641469292,0.017842441167869174,0.004888185246823698,0.021401796380455577,0.026137806855978538,0.022031837775459494,0.02670177953382778,7.463279544645059e-34,0.017842441167869174,7.016950434867399e-08,0.018178193183932212,0.018178263353436593,3.860077444384063e-06,0.021187490082782093,0.020714608459128443,0.021952676296702434,0.005423198396850095,-0.003728300421855891,0.047791975972774875,-0.00012206388816720162,0.04462657584269629,0.012872641011199448,0.03080983168911189,0.016351986334484536,0.028146821707196068,0.017842441167869174,0.02273062641469292,7.463279544645059e-34,0.017842441167869174,0.021401796380455577,0.0216000127169415,0.02162832933643949,0.023700958523800504,0.023335618424569087,0.023737635298979244,0.023335618424569087,0.02410836507443461,0.024847306304620707
3,0,0.5355804493808799,0.38680880052093647,0.5442735640268932,0.8438849666422577,64,1024,False,0.019924867840546274,0.01694256810287904,0.002982299737667286,0.024488477683458066,0.020478744397984885,0.024260323959212887,0.020148956525787805,1.766523998308661e-33,0.016942568102879037,2.6202754921973676e-05,0.016407852264448436,0.01643405501937043,0.0015944181086828002,-0.00223515010930011,-0.002082666394503062,-0.0021137637870751462,0.022561410792487947,-0.002293997018505984,0.05081464493693176,-0.02199418681666524,0.017565921368797324,0.014936958774342202,0.03434952658426482,-0.006616037564526778,0.002142577010090463,0.01694256810287904,0.019924867840546274,1.766523998308661e-33,0.016942568102879037,0.024488477683458066,0.028497965079419766,0.027856571827623248,0.031617256049473755,0.0339485746593364,0.03184347015695944,0.0339485746593364,0.03184347015695944,0.0339485746593364
3,1,0.6320755047208968,0.5355325849148364,0.6846338076927018,0.917186169687923,64,1024,False,0.009965025433531605,0.00780016196150168,0.002164863472029877,0.01128515867540545,0.010490407608330005,0.011241513360815171,0.010407257608318647,1.4711716621987442e-34,0.00780016196150168,4.129202523053405e-06,0.007778208455280479,0.007782337657803526,0.0005305864002075212,0.006202091910325068,0.004935475703631895,0.005050854457078524,0.00555493190469811,-0.011742289515607622,0.034225316237237964,-0.013369484181937619,0.02589602415002837,0.0047742767637828365,0.01743319831439294,0.0019581393571570516,0.010605243922327645,0.00780016196150168,0.009965025433531605,1.4711716621987442e-34,0.00780016196150168,0.01128515867540545,0.0216000127169415,0.02294156055800774,0.02159589886022055,0.023673120118439292,0.021784655187099274,0.023673120118439295,0.016563316005352394,0.01921583199336374
3,2,0.8955120114513317,0.7960636227769158,0.8815902491696377,0.9693379168622193,64,1024,False,0.0023212782174351185,0.0021895738407042733,0.00013170437673085052,0.002328330917151515,0.0015775012423052638,0.0022354208205166786,0.0013851412704315828,1.5097043929318186e-33,0.0021895738407042733,3.507305568901274e-07,0.002249134834636119,0.002249485565193003,0.00015591589575727514,0.002103401487070897,0.0022765125482619355,0.002335011145127429,-0.0006990113059566717,-0.017878473826287163,0.022349315467320517,-0.015807104610296753,0.02006510971269662,-0.002412955400359351,0.006635461264522746,-0.0017046332868630998,0.0059915790625382215,0.0021895738407042733,0.0023212782174351185,1.5097043929318186e-33,0.0021895738407042733,0.002328330917151515,0.015465245758253752,0.016765694250556087,0.008193920749621005,0.008727156188936413,0.008193920749621005,0.008727156188936413,0.0041910784394208886,0.005013863696404608
3,4,0.9836237536828377,0.8360155820778388,0.9067892148305778,0.9801338390829157,64,1024,False,0.005479859119267928,0.0034278025372355353,0.002052056582032396,0.005336992468810152,0.0075982777130481445,0.0053725925775359885,0.007739451100240456,3.5970213735136925e-35,0.0034278025372355353,1.2514387290059603e-06,0.0035297306826738897,0.0035309821214028854,0.00035441661440889835,0.004678633517971213,0.004046064846323906,0.004177334612298616,0.0035522128667242383,-0.015621186912100194,0.02636637206717217,-0.01410169053642045,0.0235901382204134,0.00034830315416911617,0.010291765560396016,0.0007067288825055584,0.008826210832921788,0.0034278025372355353,0.005479859119267928,3.5970213735136925e-35,0.0034278025372355353,0.005336992468810152,0.004520985388466322,0.0045745079158932694,0.00431018177408571,0.004363704301512657,0.00431018177408571,0.004481405332862294,0.0041910784394208886,0.004074262799755452
3,5,0.9686703832322014,0.7469886515093722,0.8473041634890626,0.9728171111724491,64,1024,False,0.010386626470632748,0.007439702074612409,0.002946924396020311,0.01178168378782556,0.012930278044566638,0.011830070882595965,0.01304830865514687,1.8578509422577935e-34,0.007439702074612409,6.118016347059569e-07,0.00775894021026953,0.007759552011904257,7.884496859707443e-05,0.005907332029699448,0.005432314524691775,0.005552896256529395,0.0074979635198748635,-0.01113293207547836,0.03479307384067029,-0.013494448601416055,0.025537492484860515,0.00533734961936716,0.017981305318244267,0.001867796338046901,0.010430872585857287,0.007439702074612409,0.010386626470632748,1.8578509422577935e-34,0.007439702074612409,0.01178168378782556,0.009149545914863102,0.00885708615120061,0.011732487498457764,0.0107360894799419,0.011401943648391536,0.010650330052137275,0.0041910784394208886,0.003784970885396241
3,6,0.9579404588902845,0.6863841215613209,0.8030048436135268,0.944791324572051,64,1024,False,0.018371172083057982,0.013632921424263065,0.0047382506587949685,0.019384317135973456,0.022534549808927957,0.01945986286045536,0.022820742695465933,5.518021258231622e-34,0.013632921424263061,3.451020591169479e-07,0.014480122213811238,0.01448046731587037,2.383224598965265e-05,0.015080097333429441,0.015313818887191353,0.015735771176881193,0.007220730921736604,-0.005600207918275021,0.044519933639185744,-0.005740448306784163,0.0365656403247489,0.01096759106440004,0.02752570086158812,0.010445316846016794,0.020590949679899495,0.013632921424263065,0.018371172083057982,5.518021258231622e-34,0.013632921424263061,0.019384317135973456,0.01337093939797624,0.01136648015197717,0.013645799580761278,0.012172673600111044,0.013645799580761274,0.012172673600111044,0.009832117281986795,0.008153688698509338
3,7,0.9362008315028562,0.6440888968764733,0.7696453184836721,0.9241611792277123,64,1024,False,0.024055414285136575,0.01853702829149901,0.0055183859936376355,0.023723505361331585,0.02829314370898799,0.02374678518827473,0.02852040834749189,1.5611590269125094e-34,0.01853702829149901,4.701707742044299e-06,0.019223714191304902,0.01922841589904691,0.00024451872513727704,0.014921622948358238,0.01583423031289711,0.01634119903799324,0.01245891339609088,-0.00299047663268133,0.05048404700923079,-0.005991205367198686,0.03668818087110373,0.013701581767236348,0.033521557656058576,0.010267387158819474,0.02064204563794192,0.01853702829149901,0.024055414285136575,1.5611590269125094e-34,0.01853702829149901,0.023723505361331585,0.015465245758253752,0.012833758180084037,0.01586983662456107,0.012738597396328731,0.014891336594701474,0.01273859739632873,0.016563316005352394,0.014686073983386377
3,8,0.9248816418971613,0.5992731266862104,0.7329153211312247,0.8969146701208585,64,1024,False,0.02602949996476883,0.021112835886088838,0.004916664078679994,0.025065861038728997,0.029657680356803665,0.024897100741449515,0.02947733721792144,8.906752398792917e-34,0.021112835886088838,1.2071281845076705e-05,0.021849040944731654,0.021861112226576756,0.0005521805898970472,0.01959621394215999,0.020550139950822815,0.021478282542299203,0.00910754040598085,-0.0023690799041874606,0.052163281387086494,-0.0018438514580277482,0.04279332192500743,0.014475660958851222,0.03533999782666797,0.014710044597450178,0.026417066066642292,0.021112835886088838,0.02602949996476883,8.906752398792917e-34,0.021112835886088838,0.025065861038728997,0.015465245758253752,0.015102893999475628,0.016311326211632348,0.015435962645732021,0.015343250557345473,0.014558666899549266,0.020967075252460596,0.020863098738343615
3,9,0.8959252705208254,0.5677490591184944,0.7084518204187833,0.8764254104484889,64,1024,False,0.025388188974666433,0.021822546415942952,0.0035656425587233943,0.023843602427870376,0.029168106436974234,0.023100073163894896,0.02801529402971634,9.325045176912434e-35,0.021822546415942952,2.070562449445785e-05,0.022309123437172892,0.022329829061667424,0.0009272630093708254,0.01986858368681424,0.020516256146539028,0.021836635103400844,0.008651850290435206,-0.004216210599882354,0.05041635692767214,-0.0014488608106350415,0.04384800041807515,0.012665999835007824,0.03363453236670466,0.015139209397602826,0.027362314809579402,0.021822546415942952,0.025388188974666433,9.325045176912434e-35,0.021822546415942952,0.023843602427870376,0.015465245758253752,0.01565458836244668,0.02039912937873874,0.01925097169569486,0.021784655187099274,0.021490519866989116,0.02410836507443461,0.024137783146275082
3,10,0.8936701343479082,0.5300785975984474,0.6750136442481194,0.8668198553945221,64,1024,False,0.03787857809115893,0.03494909879927448,0.002929479291884516,0.036181665188313984,0.042410091199215516,0.03469863554881886,0.04002016584024021,4.3540745412771844e-33,0.034949098799274485,1.3180255971063438e-05,0.03521552219486818,0.035228702450839235,0.0003741340172677706,0.020135830692998243,0.020220106534221984,0.021757539412084987,0.022189984664993532,0.004416936375751843,0.06498033472188587,-0.0010069745844711667,0.044292568002312675,0.021410284301964566,0.04810866646585055,0.015554887781036086,0.0277907627823879,0.03494909879927448,0.03787857809115893,4.3540745412771844e-33,0.034949098799274485,0.036181665188313984,0.015465245758253752,0.015040411922141932,0.023700958523800504,0.02153858703401548,0.023737635298979244,0.022238927709541494,0.028943072730335154,0.024340406682765416
3,11,0.8304949062673869,0.48836039501083,0.6386372069952135,0.8609282440436382,64,1024,False,0.0479181938492752,0.043219499283439676,0.004698694565835636,0.045636986020572604,0.05180969998134924,0.044556228922411095,0.050361817414041735,1.0275000091096313e-34,0.043219499283439676,1.653723519873049e-06,0.04301550744249118,0.04301716116601095,3.844334388991949e-05,0.020515500009606065,0.02029899897154042,0.021528658232115826,0.03151070100980882,0.012806966535576746,0.07630549130924544,-0.0006303372229945342,0.04378406271091863,0.029696926874748897,0.05920427747332724,0.01584013552928809,0.027386387140722945,0.043219499283439676,0.0479181938492752,1.0275000091096313e-34,0.043219499283439676,0.045636986020572604,0.020638097474842687,0.018433332058874412,0.023700958523800504,0.02233094584247203,0.023737635298979244,0.02247128821442023,0.030302210547244177,0.027386233644321963
4,0,0.4800408362999839,0.3604293900233022,0.5197318884111535,0.826754152340087,64,1024,False,0.01181757154380193,0.009704873990413731,0.0021126975533881658,0.01459507220351954,0.013620576639638962,0.014535538029714834,0.013473171974210487,2.4839442324776576e-33,0.009704873990413735,1.6212927771497364e-05,0.009469490418742467,0.009485703346513987,0.001709196163872829,-0.0038242243299784016,-0.003473068178590217,-0.0035158084538280004,0.01709364481822918,-0.00936860912426749,0.038439685183697156,-0.023562784140884866,0.015932596201369848,0.00752827015821822,0.021865069757041056,-0.008228458260418847,0.0005031630789744668,0.009704873990413731,0.01181757154380193,2.4839442324776576e-33,0.009704873990413735,0.01459507220351954,0.031231651576946573,0.03398413799824167,0.031617256049473755,0.0339485746593364,0.03184347015695944,0.0339485746593364,0.03184347015695944,0.0339485746593364
4,1,0.5817267888047863,0.48360450966957236,0.6368258177723173,0.9102402412101678,64,1024,False,0.006980254659422172,0.0060383210557378875,0.0009419336036842801,0.00804753451537712,0.007601841851599205,0.00796108620518057,0.0074643936907786675,2.420922240565327e-34,0.006038321055737887,5.35559620781414e-06,0.0060081871040524246,0.006013542700260253,0.0008905892041944528,0.004451535376230221,0.0037213354346435383,0.0038240998917965564,0.0038805064169556668,-0.014311623615003707,0.030233796025364846,-0.014998664786738742,0.02400941116373598,0.0021429010666906834,0.013721226219786331,0.00023954971402417868,0.008790669453446753,0.0060383210557378875,0.006980254659422172,2.420922240565327e-34,0.006038321055737887,0.00804753451537712,0.028497965079419766,0.02294156055800774,0.023700958523800504,0.023673120118439292,0.023737635298979244,0.023673120118439295,0.016563316005352394,0.01921583199336374
4,2,0.8586020348609802,0.6864302554038474,0.8013905499347203,0.949902968139103,64,1024,False,0.0020378922262662635,0.002878879240074868,-0.000840987013808611,0.0018891450857737328,0.0001492667690323437,0.0016318279684730257,-0.000362420239261186,1.9381469689779058e-33,0.002878879240074868,2.1591369466061374e-06,0.0029727026718764115,0.002974861808823022,0.0007257940319118154,0.000882191398308416,0.0009151309112913092,0.0009520821418510863,-0.0007658641422589656,-0.01898490960313988,0.022248565540085932,-0.017527033645384927,0.019298534015199906,-0.003200521008693613,0.006346771893731784,-0.003061534669541288,0.0048284026779583655,0.002878879240074868,0.0020378922262662635,1.9381469689779058e-33,0.002878879240074868,0.0018891450857737328,0.015465245758253752,0.016765694250556087,0.013645799580761278,0.01471458635303287,0.013645799580761274,0.01471458635303287,0.008824306924427613,0.010278737748014926
4,3,0.9836237536828377,0.8360155820778388,0.9067892148305778,0.9801338390829157,64,1024,False,0.0006373022201649228,0.0016761003003958742,-0.0010387980802309556,0.0006492205182012979,-0.0008896927923928407,0.000558136375027854,-0.001116821535107073,1.001756013265041e-34,0.001676100300395874,9.008839958320058e-07,0.0017327795537351782,0.0017336804377310023,0.0005196367082569498,-0.000695302042666432,-0.0009751243420952784,-0.0009986065037630712,8.543154970243772e-05,-0.01912997813650455,0.020246250886560256,-0.018903256435310427,0.017473136826049854,-0.003784343738516327,0.004910572693916038,-0.004621533851604909,0.0031709690374555066,0.0016761003003958742,0.0006373022201649228,1.001756013265041e-34,0.001676100300395874,0.0006492205182012979,0.004520985388466322,0.005617101232782407,0.00431018177408571,0.005530502192713847,0.00431018177408571,0.005530502192713847,0.0041910784394208886,0.0045951263498231025
4,5,0.9888994880035551,0.87939120748076,0.9337135884860214,0.986899634336827,64,1024,False,0.0032990444952381423,0.0022891040422670767,0.0010099404529710825,0.00555108257851794,0.002102133275102871,0.005499462641476139,0.002042689586201268,1.3778758173307915e-36,0.0022891040422670767,4.849380529263591e-06,0.0022613609795987355,0.002266210360127996,0.002139863365989421,0.0010249589783617994,0.0012078527466846325,0.0012213643183538632,0.0008942805284182385,-0.014629516510465092,0.025628441793417372,-0.01704630556938361,0.01912448437524016,0.0009251833835151047,0.009995113374316134,-0.0027910928620258346,0.004960391866916325,0.0022891040422670767,0.0032990444952381423,1.3778758173307915e-36,0.0022891040422670767,0.00555108257851794,0.0032011397284309497,0.0029471222216534802,0.003589962733331931,0.0034994694600664093,0.003917578193794346,0.003920666808026841,0.0025545218529591717,-0.000442038872599596
4,6,0.977062298291405,0.7985527304849935,0.8825536106325789,0.9625501831593674,64,1024,False,0.007007121897326222,0.004332583001925042,0.002674538895401156,0.008998525932760919,0.00625571499411225,0.008910947478616057,0.00622947379462603,8.772655313443204e-34,0.004332583001925039,3.802262014759312e-07,0.004565146134910737,0.0045655263611122125,8.32820076814328e-05,0.008836691622863492,0.009578373626290283,0.009925453048029569,-0.003322658632178033,-0.012214854421083885,0.030036749378315998,-0.010801524890083344,0.029025097300035812,0.0037995458842488006,0.013905107851314824,0.004719633550848812,0.0136018170233001,0.004332583001925042,0.007007121897326222,8.772655313443204e-34,0.004332583001925039,0.008998525932760919,0.00551986500989628,0.004824132825323351,0.008193920749621005,0.007483260070909209,0.008193920749621005,0.007483260070909209,0.005865145759857301,0.004110127692489673
4,7,0.9595487836849331,0.7390956953757053,0.8413563778246829,0.9381691097082033,64,1024,False,0.00936061942356557,0.005794713686450694,0.0035659057371148785,0.011006172100988528,0.008482709739440025,0.010667670127872526,0.008230148866799522,2.722345965166268e-34,0.005794713686450693,7.851607318938398e-07,0.005999945042668993,0.006000730203400869,0.00013084419816922544,0.008906004261041985,0.010502889307303174,0.010921142014904227,-0.0020201795678631493,-0.011326809471287676,0.03266214972703273,-0.010946233649019192,0.029489034463295608,0.004969622546923347,0.016192035051062703,0.004739552619867027,0.013893892260966823,0.005794713686450694,0.00936061942356557,2.722345965166268e-34,0.005794713686450693,0.011006172100988528,0.009149545914863102,0.007851192468019675,0.011732487498457764,0.010902422846190333,0.011680977619820725,0.01190591279276479,0.009832117281986795,0.009802595977467285
4,8,0.9443777472711717,0.6788174845673507,0.7956578126696042,0.9058433198425113,64,1024,False,0.012375646171388857,0.009147012986630006,0.003228633184758801,0.012757535768513349,0.011538886919647853,0.011823921746560804,0.010462433870917845,9.393669859192785e-34,0.009147012986630008,4.749836452258399e-06,0.00962203094957795,0.00962678078603019,0.0004933982146088833,0.013424851939354368,0.015180297019617256,0.016047851840529696,-0.0036414100999694037,-0.011444259138574123,0.03509210263169573,-0.007112630112546592,0.03564874809468999,0.005187420079892036,0.018414022495562676,0.009126321143412497,0.01954951656080084,0.009147012986630006,0.012375646171388857,9.393669859192785e-34,0.009147012986630008,0.012757535768513349,0.014322829405868551,0.014635888133339593,0.013645799580761278,0.013989482021978193,0.013645799580761274,0.013989482021978193,0.016563316005352394,0.01727123892387082
4,9,0.9178696189299693,0.6365874204769241,0.7632021041082504,0.8795444414326534,64,1024,False,0.01405040849598208,0.011867126591908918,0.002183281904073174,0.013447396000054044,0.013972358931003211,0.011533475885993991,0.011624275492161763,1.2876358883040416e-34,0.011867126591908918,1.0947531017428433e-05,0.012318443006191462,0.012329390537208926,0.0008879215062893682,0.014159358908662595,0.015373292872136771,0.016629012575043355,-0.00140093394113356,-0.01252786671486722,0.0355948184868552,-0.006309066512656185,0.03722557238107667,0.004201004339847714,0.018871720363677014,0.010046972449345049,0.020970259603927843,0.011867126591908918,0.01405040849598208,1.2876358883040416e-34,0.011867126591908918,0.013447396000054044,0.015465245758253752,0.01565458836244668,0.01587470877572414,0.01622146774367701,0.014891336594701474,0.01509761382250825,0.02134360592439833,0.023419319074587074
4,10,0.9129584402694029,0.5897014403376737,0.7246469757140916,0.8704177121390322,64,1024,False,0.020179988012436933,0.018534149483417427,0.0016458385290195083,0.019384064189048297,0.021756369011152032,0.01714648523980895,0.01846223390878148,3.0764825274276743e-33,0.01853414948341743,7.496121176603779e-06,0.01905106387190032,0.019058559993076936,0.00039332043865469173,0.014924236130385408,0.015555373961841224,0.017041503658688402,0.006200995049310808,-0.008956136562219837,0.04324910704183774,-0.005496498273452988,0.03830384897323513,0.007769167103106156,0.02636158330278704,0.01089805247465847,0.022001642973918933,0.018534149483417427,0.020179988012436933,3.0764825274276743e-33,0.01853414948341743,0.019384064189048297,0.015465245758253752,0.015040411922141932,0.016311326211632348,0.015696778616149154,0.015343250557345473,0.014894271264934046,0.02410836507443461,0.024340406682765416
4,11,0.8304592188862169,0.5372940092914893,0.6785010113348606,0.8598171552213774,64,1024,False,0.025226918893061126,0.021775352544017024,0.003451566349044127,0.023913067051786554,0.027038867206285455,0.023158760073249823,0.025780741950891944,1.0194076446940131e-33,0.02177535254401702,3.299139817017198e-06,0.022121353848666803,0.02212465298848379,0.00014911600280169136,0.015516800313958155,0.015617892444177975,0.016810166733337316,0.01142097476210748,-0.003981301414643451,0.0502988215611431,-0.005108988334383457,0.03820836871860149,0.012603696923179086,0.03318123982899124,0.011209058575332165,0.02198915655753808,0.021775352544017024,0.025226918893061126,1.0194076446940131e-33,0.02177535254401702,0.023913067051786554,0.020638097474842687,0.018433332058874412,0.02159589886022055,0.02082350946303188,0.023737635298979244,0.02247128821442023,0.030302210547244177,0.027386233644321963
5,0,0.4268643821391357,0.3402657886352227,0.5020489839890941,0.8279467004711647,64,1024,False,0.020350252595529816,0.01878391333612254,0.0015663392594072248,0.02479746569417577,0.021116170565528513,0.02456525355983531,0.020682803180628873,1.827113048184771e-33,0.018783913336122542,2.516427603204203e-05,0.01848301886653922,0.01850818314257132,0.0013596297290878216,-0.002385927880805983,-0.0022900847079069375,-0.00231407072930626,0.02340625527343545,-0.0026249804659178207,0.05175548758558844,-0.022402897395004617,0.017672696368439184,0.01466823377268156,0.035313807282363996,-0.006912619021022692,0.0020628717829822563,0.01878391333612254,0.020350252595529816,1.827113048184771e-33,0.018783913336122542,0.02479746569417577,0.04786656729584728,0.03482674233450776,0.03240900542567365,0.0339485746593364,0.03184347015695944,0.0339485746593364,0.03184347015695944,0.0339485746593364
5,1,0.5264236322510301,0.4514227645819264,0.6087317737356016,0.9132401662787223,64,1024,False,0.00959525584835198,0.009299867405330972,0.00029538844302104904,0.010673499678693223,0.01033392088204192,0.010520177203342279,0.010025041042773986,1.995887423687158e-34,0.009299867405330974,6.3545311611602575e-06,0.00933781368615299,0.009344168217314161,0.0006800531640029455,0.0058086689096198355,0.005251372038175915,0.005367736603275723,0.005082548843866005,-0.013155478496841788,0.034195832903526346,-0.014095418055067064,0.02584235344905309,0.0035810557528748177,0.01749178049794864,0.0014279540555435233,0.010350328077038284,0.009299867405330972,0.00959525584835198,1.995887423687158e-34,0.009299867405330974,0.010673499678693223,0.031231651576946573,0.02736715075089096,0.023700958523800504,0.023673120118439292,0.023737635298979244,0.023673120118439295,0.016563316005352394,0.01921583199336374
5,2,0.81434079518207,0.6230233639841152,0.7513701667553216,0.9499632827446499,64,1024,False,0.002793802001187153,0.004212781498908739,-0.0014189794977216058,0.0012183284851668302,0.0017201702234387593,0.0009946946828331838,0.0012395307236557002,2.036976759214476e-33,0.004212781498908739,2.6559799356563765e-09,0.004285219881120729,0.004285222537100663,6.197997683110723e-07,0.001983605704177837,0.0021027121990296518,0.0021794034215290125,-0.0003825419755908925,-0.020358037928458143,0.02234742729412451,-0.017007024378200574,0.02101206098732435,-0.004236031229083892,0.0061442569640348665,-0.002103308397636283,0.006109640620707069,0.004212781498908739,0.002793802001187153,2.036976759214476e-33,0.004212781498908739,0.0012183284851668302,0.020638097474842687,0.02148496191536353,0.01587470877572414,0.017968477388660895,0.014891336594701474,0.016691923614356296,0.008824306924427613,0.010278737748014926
5,3,0.9686703832322014,0.7469886515093722,0.8473041634890626,0.9728171111724491,64,1024,False,0.001657918322533828,0.003137920925899104,-0.0014800026033652976,-0.00037067792725057567,0.0005401451788616511,-0.0005332288656393899,0.0001634102075987974,3.532142156867201e-34,0.003137920925899104,1.5798673397116323e-06,0.0032181408596999805,0.003219720727039683,0.0004906845884003779,0.0003051580133535006,0.00011754563687601961,0.00015198741663292057,0.00042259954198563146,-0.021113702529781696,0.020047244798502915,-0.018423122410904172,0.019032041113092077,-0.005215684977883939,0.004287026160454843,-0.0037295046422514133,0.004321981679822784,0.003137920925899104,0.001657918322533828,3.532142156867201e-34,0.003137920925899104,-0.00037067792725057567,0.009149545914863102,0.010207348563986847,0.011732487498457764,0.013077283656869804,0.011401943648391536,0.012573648872151432,0.0041910784394208886,0.00510217789874274
5,4,0.9888994880035551,0.87939120748076,0.9337135884860214,0.986899634336827,64,1024,False,0.0016721270078441561,0.0020115609344765863,-0.0003394339266324159,-0.000442038872599596,0.00226749619402159,-0.0004897709137194802,0.002163335899939171,2.0259263670219813e-35,0.0020115609344765863,4.510160743806417e-06,0.0020029282428853353,0.0020074384036291417,0.0022467243506215364,0.0011581979136443352,0.001010465036923081,0.0010697737433287154,0.001257031157098509,-0.020307618989032904,0.019328077161593946,-0.016918247630569667,0.019274139026749643,-0.004797108558705077,0.004001744353445247,-0.0027041355569963343,0.005051989268395118,0.0020115609344765863,0.0016721270078441561,2.0259263670219813e-35,0.0020115609344765863,-0.000442038872599596,0.0032011397284309497,0.0045745079158932694,0.003589962733331931,0.004363704301512657,0.003917578193794346,0.004481405332862294,0.0025545218529591717,0.004065402647887376
5,6,0.9926471755938091,0.8972508709967141,0.9441366868390304,0.9716526995733973,64,1024,False,0.003988756904176183,0.0022410740729008503,0.0017476828312753196,0.004026977537853122,0.004784677494878148,0.003992744058880104,0.004799807249222715,1.272469972401032e-33,0.0022410740729008503,3.2246150397418705e-06,0.0023995723285508727,0.002402796943590611,0.0013420256124194907,0.008054744557246038,0.008748132426814723,0.009094437572703626,-0.003963454931936575,-0.01598561725440527,0.023971105372165482,-0.011054717644016035,0.027668220662810807,-0.0005512311036000028,0.00838383085647365,0.004080702718056273,0.012529525796708185,0.0022410740729008503,0.003988756904176183,1.272469972401032e-33,0.0022410740729008503,0.004026977537853122,0.0031493484449969435,0.0022717193521407655,0.003589962733331931,0.0035275320469717606,0.003917578193794346,0.00389569832498259,0.0041910784394208886,0.004110127692489673
5,7,0.9790324299410271,0.8253864193431163,0.9002439047806092,0.9458456206395762,64,1024,False,0.006253104999724968,0.0035682481619713205,0.002684856837753671,0.0059313561223209525,0.0062580094806732435,0.005710968936785007,0.006105380706296273,3.938793169955385e-34,0.003568248161971319,9.342149821421546e-06,0.0036397796515807053,0.003649121801402121,0.0025601090700321277,0.008593526268869948,0.009843035184454282,0.010258712771363398,-0.003585025703781038,-0.015131761334154458,0.026553699207724473,-0.010759528042223186,0.028618386494774467,0.0007059726704028435,0.010493275804037694,0.004576853061735164,0.013274730597913731,0.0035682481619713205,0.006253104999724968,3.938793169955385e-34,0.003568248161971319,0.0059313561223209525,0.00551986500989628,0.005437566787411344,0.008193920749621005,0.007462914385204719,0.008193920749621005,0.007462914385204719,0.009197312629402807,0.009802595977467285
5,8,0.9581124887689954,0.7486004171663061,0.8469577300002719,0.9180382149998522,64,1024,False,0.011166367889466866,0.008871043064229029,0.002295324825237855,0.010233589813136641,0.010577336514649413,0.009170619219339024,0.009180818464706527,9.84667557522454e-34,0.008871043064229027,1.545724111315396e-05,0.009062493434721873,0.009077950675835044,0.0017027236283955807,0.01307747290115951,0.014580671230476797,0.015452276117422163,-0.004003334715827384,-0.013935615313996903,0.03227685375267495,-0.007082922961186133,0.03489337933781532,0.0026675001136027277,0.015614095864293631,0.008966439134383108,0.01892203852912644,0.008871043064229029,0.011166367889466866,9.84667557522454e-34,0.008871043064229027,0.010233589813136641,0.01337093939797624,0.014416722592922775,0.011732487498457764,0.011899031685715667,0.011680977619820725,0.012163440222048752,0.016563316005352394,0.01727123892387082
5,9,0.9353897505879463,0.6971943544529919,0.8097888610052782,0.8984930023877015,64,1024,False,0.014833831600100923,0.01364814300447393,0.0011856885956270833,0.013703334276907727,0.014447167472872197,0.010833812334337797,0.010951737318608944,8.397827069428264e-35,0.013648143004473931,2.614680819278916e-05,0.013741551787480173,0.013767698595672959,0.0018991415312510419,0.013945597189164313,0.01477214843277779,0.01602904401089165,-0.00032498095990559327,-0.013556609598459392,0.03522423426713499,-0.00628723933106891,0.03675741463444619,0.0031721171180834062,0.018477356825314928,0.009958730610378552,0.020562078920193017,0.01364814300447393,0.014833831600100923,8.397827069428264e-35,0.013648143004473931,0.013703334276907727,0.015465245758253752,0.01565458836244668,0.013645799580761278,0.013640569153838872,0.013645799580761274,0.013640569153838872,0.018134842239897638,0.019612011560894274
5,10,0.9211863764930978,0.6403606456704076,0.764948163867373,0.8862260931580581,64,1024,False,0.020396203434426767,0.019604785607580798,0.0007914178268459367,0.019742886255222736,0.021410199477816392,0.016245480251691567,0.016679401998542173,3.136815653313007e-33,0.019604785607580794,1.663000194274055e-05,0.01993763485099545,0.019954264852938153,0.0008334058941936854,0.014957933305710613,0.015159732651009542,0.016645079403397232,0.00625046682680685,-0.009884950905041656,0.04237591140842479,-0.005335575873055616,0.038197029920810144,0.006794076929509174,0.025426704240089748,0.01098942113458179,0.02191152207524283,0.019604785607580798,0.020396203434426767,3.136815653313007e-33,0.019604785607580794,0.019742886255222736,0.015465245758253752,0.015040411922141932,0.01587470877572414,0.015443828577743615,0.014891336594701474,0.014198258071769868,0.02134360592439833,0.022367428774875853
5,11,0.8268200821777285,0.577746430349952,0.7115586180271255,0.8723037774608855,64,1024,False,0.021559176030093524,0.01893065615825022,0.0026285198718432813,0.020950163290701252,0.02250265949678808,0.01922005159072467,0.02013443114898132,8.112036185058482e-35,0.018930656158250223,1.1165219475486861e-05,0.019353950008566396,0.019365115228041872,0.0005765635444977337,0.01587815811965066,0.01548195585579746,0.016669104525693836,0.007020703640990621,-0.007130409517641677,0.045570512699091015,-0.004665857618802147,0.038478870314454724,0.009409149082785007,0.028459395201934967,0.011603802464378532,0.022275439419900067,0.01893065615825022,0.021559176030093524,8.112036185058482e-35,0.018930656158250223,0.020950163290701252,0.020638097474842687,0.018433332058874412,0.017615958062211896,0.01650455631938211,0.021784655187099274,0.021903868315156137,0.02410836507443461,0.024847306304620707
6,0,0.407509005240781,0.33061788650072355,0.4943986480368923,0.80910057965216,64,1024,False,0.03391157201170137,0.03260813725386467,0.0013034347578367471,0.038633747854667076,0.03632408573405113,0.03819119806945879,0.035692106367507755,1.1544671413110621e-35,0.03260813725386467,4.234158926230027e-05,0.03280428410082882,0.03284662569009106,0.0012890696798445748,-0.005113108667033936,-0.005244412675096088,-0.005357471663194093,0.04156849840914722,0.0072711329358625745,0.069111263203055,-0.025921127916114926,0.01562083440716409,0.02480983866553288,0.052708212948346045,-0.010071057993627619,-0.000380402198061347,0.03260813725386467,0.03391157201170137,1.1544671413110621e-35,0.03260813725386467,0.038633747854667076,0.04786656729584728,0.03482674233450776,0.03382221177923936,0.0339485746593364,0.03382221177923936,0.0339485746593364,0.03382221177923936,0.0339485746593364
6,1,0.506647727361906,0.43373172600415066,0.5923134057553993,0.900755278652993,64,1024,False,0.01745081950625305,0.01765244518636688,-0.00020162568011387611,0.018573948955976714,0.019490233400523322,0.018325677261494255,0.01902087328621204,4.018765599986936e-33,0.017652445186366876,1.7216873133846324e-05,0.01766951270560722,0.017686729578741036,0.0009734345209043357,0.0021301092987999846,0.001683357264346515,0.0017097458803169467,0.017806876136176805,-0.008182864280095362,0.04483421880308387,-0.017934906577489813,0.02224880512665777,0.008794557565124705,0.028186224881210364,-0.002341489293030463,0.006692802468023729,0.01765244518636688,0.01745081950625305,4.018765599986936e-33,0.017652445186366876,0.018573948955976714,0.031231651576946573,0.02736715075089096,0.023700958523800504,0.023673120118439292,0.023737635298979244,0.023673120118439295,0.018134842239897638,0.01921583199336374
6,2,0.7989776906870094,0.583453533175398,0.7183596821030955,0.9372072163447652,64,1024,False,0.006793120547732876,0.008714160424731946,-0.0019210398769990646,0.005918265995789403,0.004638744582261526,0.005613035118453602,0.003988453888151974,3.5858124077393052e-34,0.008714160424731948,7.461198969464448e-06,0.008891982036841392,0.008899443235810836,0.0008383894106365017,-0.0007239871450341219,-0.0010246845490878246,-0.0011027580641424573,0.00566342913134935,-0.018233715173682934,0.029459785410590134,-0.020226110817441665,0.018674785188934114,-0.001227810134878382,0.013105617617839016,-0.005033285393437836,0.0034798162305378355,0.008714160424731946,0.006793120547732876,3.5858124077393052e-34,0.008714160424731948,0.005918265995789403,0.020638097474842687,0.02148496191536353,0.016311326211632348,0.018045947058094695,0.015343250557345473,0.016691923614356296,0.009832117281986795,0.01264289996565057
6,3,0.9579404588902845,0.6863841215613209,0.8030048436135268,0.944791324572051,64,1024,False,0.005636016058138742,0.007280855740415625,-0.0016448396822768467,0.004211375285577975,0.0034358825271904743,0.003969392786582742,0.0030832731681805564,1.3994079949738246e-34,0.007280855740415625,1.7083584257580486e-06,0.0074413767025652945,0.0074430850609910485,0.00022952289430514452,-0.0018616896583562425,-0.0027367330535419377,-0.0028486975863047164,0.006172615580732412,-0.019035803235552838,0.026974588808718322,-0.021597422530357898,0.01760514151320813,-0.0021710639048251323,0.010599691297102254,-0.006309117452474311,0.002318069447937887,0.007280855740415625,0.005636016058138742,1.3994079949738246e-34,0.007280855740415625,0.004211375285577975,0.01337093939797624,0.015045899081597825,0.013645799580761278,0.014702641138014881,0.013645799580761274,0.014421691514879768,0.009832117281986795,0.010956265681268559
6,4,0.977062298291405,0.7985527304849935,0.8825536106325789,0.9625501831593674,64,1024,False,0.0038541310987473872,0.004478867311220645,-0.0006247362124732392,0.0027317655869536816,0.0031729920051329283,0.002647663108362241,0.003063491301526812,5.551486407532111e-34,0.004478867311220647,7.713171138735893e-07,0.004643676745209304,0.004644448062323173,0.00016607293343006468,-0.0019213417038926497,-0.0025391718786743705,-0.002701959393354492,0.005712163883807299,-0.018870815654721432,0.024166141871445914,-0.021181736505430517,0.017050924467739294,-0.0024300315126311034,0.008139128687616903,-0.006206649966770783,0.002076878066873178,0.004478867311220645,0.0038541310987473872,5.551486407532111e-34,0.004478867311220647,0.0027317655869536816,0.00551986500989628,0.006077484894484798,0.008193920749621005,0.008690480309863488,0.008193920749621005,0.00869048030986349,0.005865145759857301,0.008262570862133016
6,5,0.9926471755938091,0.8972508709967141,0.9441366868390304,0.9716526995733973,64,1024,False,0.0019269661148299563,0.0021240546716334414,-0.0001970885568034885,0.0022717193521407655,0.0013486931267151698,0.0022342692015691872,0.0013491432791173518,1.2029038781769959e-33,0.002124054671633442,5.775829734564345e-06,0.0021851908856772855,0.002190966715411852,0.00263620149678021,-0.0025958279045710424,-0.002953534622359161,-0.0032110373172660658,0.004302227749074331,-0.01780364410144291,0.022272182504581288,-0.021562632537004037,0.01582788153248986,-0.0021955419069854543,0.006791734675061889,-0.0069029326405143365,0.0011276016011834145,0.0021240546716334414,0.0019269661148299563,1.2029038781769959e-33,0.002124054671633442,0.0022717193521407655,0.0031493484449969435,0.0029471222216534802,0.003589962733331931,0.0034994694600664093,0.003917578193794346,0.003920666808026841,0.0041910784394208886,0.0037897240504697477
6,7,0.9913084663876619,0.9134527631008156,0.9533430604164235,0.9827037375651441,64,1024,False,0.002699849252413154,0.0019944773550244865,0.0007053718973886512,0.0020000856500695797,0.0015214445256745753,0.0018387020000735026,0.0012347040090461398,3.5998417374230856e-34,0.001994477355024487,2.2519739267329442e-06,0.0020552659357996536,0.002057517909726391,0.0010945099996881253,0.000533196250053362,0.0011333172414234411,0.001195673854874042,0.0003881272842511342,-0.017862905638760827,0.02154030963890783,-0.017277923334056002,0.01837974257246604,-0.0025547093027853407,0.00614704740291927,-0.003274255301221274,0.004387751883768942,0.0019944773550244865,0.002699849252413154,3.5998417374230856e-34,0.001994477355024487,0.0020000856500695797,0.0032011397284309497,0.00328572397280974,0.0035244486661668386,0.0031812508389349736,0.0032186712280927884,0.0031812508389349736,0.0033225626825720937,0.0034310196942591025
6,8,0.9714623251037392,0.8259397074078065,0.8989504307099814,0.9586487098007702,64,1024,False,0.009393928860587843,0.0090576183230603,0.0003363105375275197,0.007042864822435682,0.00739177457408509,0.005552751754449098,0.005286702662277488,1.6478738086663286e-36,0.0090576183230603,7.713659308771138e-06,0.009319393156332567,0.009327106815641353,0.0008270152214656211,0.0037965869442066627,0.0047051698410596286,0.005289717977792644,0.002686604733025461,-0.017463692789666866,0.028569196298565063,-0.014725395805330596,0.023482456485002974,-0.0007387359364656731,0.012061853463819716,0.0002806641350616701,0.008556841523386538,0.0090576183230603,0.009393928860587843,1.6478738086663286e-36,0.0090576183230603,0.007042864822435682,0.009149545914863102,0.009383621591799486,0.008193920749621005,0.008163867867893781,0.008193920749621005,0.008163867867893781,0.008824306924427613,0.00902224493576005
6,9,0.9532450504835759,0.7679159347086342,0.8607995668064955,0.9347672072648672,64,1024,False,0.014802628074839726,0.015288383490425089,-0.0004857554155853515,0.011768319428456155,0.012920656798154607,0.008024392500951383,0.008387962105996396,1.0916878436551146e-33,0.015288383490425083,1.4535535341682837e-05,0.015422191530320241,0.015436727065661912,0.0009416202851714777,0.004987123636206325,0.005457118817203549,0.006422962473153357,0.007463537980951058,-0.01651966666758367,0.03256845166948644,-0.013847579876490282,0.02582775116231023,0.00043997771717840806,0.016073000893811695,0.0016081260837381706,0.01043225709872786,0.015288383490425089,0.014802628074839726,1.0916878436551146e-33,0.015288383490425083,0.011768319428456155,0.014322829405868551,0.014833731401351033,0.011732487498457764,0.012022739761879227,0.011401943648391536,0.012022739761879227,0.015355850359835133,0.016658518616786862
6,10,0.9354864406147921,0.6994189575813159,0.8109366861632901,0.9220532108329003,64,1024,False,0.016266516300037556,0.017010839308068633,-0.0007443230080310151,0.014103403542750859,0.015608649858433138,0.009853973855083433,0.010049376872419405,6.648626020535618e-34,0.017010839308068636,5.523031366751363e-06,0.01746108498294922,0.017466608014315984,0.00031620514768663583,0.00624636551541091,0.006264066803497664,0.007471989147829948,0.009344583054935473,-0.015126734882964257,0.03483468259313112,-0.012697084364870635,0.027649606597810853,0.001670665733399801,0.01810905286401976,0.0029488956788554788,0.012064600363373756,0.017010839308068633,0.016266516300037556,6.648626020535618e-34,0.017010839308068636,0.014103403542750859,0.015465245758253752,0.015040411922141932,0.013645799580761278,0.013604199220580404,0.013645799580761274,0.013604199220580404,0.016563316005352394,0.01668284242247965
6,11,0.8335238263001001,0.6233273058657084,0.7474852198821679,0.9090746693440913,64,1024,False,0.015484888262882017,0.014497300359974093,0.0009875879029080117,0.014322778108105567,0.014889725543175447,0.012297002352041064,0.012250119821846952,6.223845693900378e-34,0.014497300359974093,3.874367655734515e-06,0.014846978346398433,0.01485085271405412,0.0002608851983339652,0.007163345792019102,0.006675850649011398,0.00765518195154881,0.008213874894164048,-0.012553758696482814,0.03714776340056494,-0.012094028298195933,0.02811930236271793,0.004035662284877617,0.020227308588800952,0.0035323519332450815,0.012589784390002023,0.014497300359974093,0.015484888262882017,6.223845693900378e-34,0.014497300359974093,0.014322778108105567,0.01980332534865173,0.018433332058874412,0.01587470877572414,0.016096413156812508,0.015343250557345473,0.015456636385038795,0.016563316005352394,0.01684904576375828
7,0,0.391435220493098,0.32040944077782507,0.48539733351919706,0.8041522852683736,64,1024,False,0.05898658741763977,0.05771723974659831,0.00126934767104127,0.06572788743930463,0.05995155339822374,0.059905631806894885,0.05364193344973498,9.006188215319683e-35,0.05771723974659831,5.7423291590180145e-05,0.05798527478334087,0.05804269807493065,0.0009893284339754353,-0.004168183302070003,-0.004507186441762061,-0.004584900298153127,0.0644587398399858,0.024449661964080563,0.09536160164970921,-0.0250317966444049,0.01663225004884989,0.04244316742551746,0.07915437591145746,-0.009161157897324301,0.000592617827351205,0.05771723974659831,0.05898658741763977,9.006188215319683e-35,0.05771723974659831,0.06572788743930463,0.06004371564184262,0.03482674233450776,0.048060557845293755,0.0339485746593364,0.048060557845293755,0.0339485746593364,0.048060557845293755,0.0339485746593364
7,1,0.48892629373995583,0.41817080480763946,0.5781217832134021,0.8914533160835646,64,1024,False,0.030117459645270708,0.030263110014767232,-0.00014565036949630924,0.03224091519244372,0.031203449864923488,0.030868843184524545,0.029055206463912207,2.7966776245805907e-33,0.030263110014767225,2.912576383551045e-05,0.03033711510540078,0.03036624086923627,0.0009591494699963823,0.003007546016647396,0.002335775323700707,0.002393893568021611,0.02886767454122278,0.0010258756633251716,0.060711810705723915,-0.017136029288514903,0.02320913524732198,0.018595616827951744,0.044524086857563816,-0.0015121405667741783,0.007593398040626198,0.030263110014767232,0.030117459645270708,2.7966776245805907e-33,0.030263110014767225,0.03224091519244372,0.031231651576946573,0.02736715075089096,0.02557896970291638,0.023673120118439292,0.02557896970291638,0.023673120118439295,0.02134360592439833,0.02038949577395246
7,2,0.7762109439768401,0.5548544738372398,0.6938951531772747,0.9207093418843281,64,1024,False,0.015899457176524547,0.0176018230108946,-0.001702365834370057,0.01670844700263666,0.013200082837896282,0.015774634462795787,0.011518182964030885,1.4784581827518956e-33,0.017601823010894593,1.5532893429252804e-05,0.017727873552975257,0.017743406446404483,0.0008754177770864503,0.00025901376514972835,-0.00018083163913292094,-0.0002322623415385904,0.013380914477029203,-0.011159183313021577,0.04270845223861315,-0.019511509919776765,0.019959113420793095,0.006263321207370609,0.026555964468570892,-0.004141504592553247,0.004590542157529853,0.0176018230108946,0.015899457176524547,1.4784581827518956e-33,0.017601823010894593,0.01670844700263666,0.0216000127169415,0.02148496191536353,0.02039912937873874,0.02161023799331436,0.021784655187099274,0.02250982778487965,0.016563316005352394,0.01655700596199221
7,3,0.9362008315028562,0.6440888968764733,0.7696453184836721,0.9241611792277123,64,1024,False,0.007899722087888113,0.009218896277959965,-0.001319174190071889,0.008016167887790556,0.0064114535497040055,0.00768475557608402,0.005933144828868255,9.551997430284703e-35,0.009218896277959965,3.8098566699013565e-06,0.0094306115267998,0.00943442138346971,0.0004038251541929963,-0.0008965448636342527,-0.001853472693729813,-0.0019259629360746597,0.008264926243433819,-0.016276162671990824,0.031645673824158865,-0.020688771343725456,0.018699977614416313,0.0008850878948578611,0.015385550126666203,-0.0053417331000673585,0.0033584877237444744,0.009218896277959965,0.007899722087888113,9.551997430284703e-35,0.009218896277959965,0.008016167887790556,0.015465245758253752,0.015503099904008248,0.01586983662456107,0.016624858597404178,0.014891336594701474,0.01554411987312598,0.016563316005352394,0.016482444798941977
7,4,0.9595487836849331,0.7390956953757053,0.8413563778246829,0.9381691097082033,64,1024,False,0.005412642976922596,0.005594214584654889,-0.00018157160773230616,0.005829673207940837,0.006909132105949411,0.005693244557836343,0.006800955676462144,6.479150658694076e-36,0.005594214584654889,1.4576088289985522e-06,0.005776823737022161,0.00577828134585115,0.0002522564655051153,-0.0006751666468279064,-0.0015835951922145632,-0.001698384208044434,0.008492727298163975,-0.016362396547259916,0.027748885662932602,-0.020067759472330998,0.0185040035498368,0.00030233620054787025,0.011600285084568895,-0.004985135361494031,0.0034127249164157547,0.005594214584654889,0.005412642976922596,6.479150658694076e-36,0.005594214584654889,0.005829673207940837,0.009149545914863102,0.011006172100988528,0.011732487498457764,0.012388355752959648,0.011680977619820725,0.013631412423780687,0.009832117281986795,0.010632606096795987
7,5,0.9790324299410271,0.8253864193431163,0.9002439047806092,0.9458456206395762,64,1024,False,0.009159818415183024,0.008868454502017186,0.00029136391316586334,0.010243309713452744,0.011833566520000716,0.010100073915627712,0.011874777754958056,2.3715133103128825e-34,0.008868454502017186,8.235300565593488e-06,0.009145256499563732,0.009153491800129298,0.0008996895114361888,-0.001245568986502465,-0.0018395783828257391,-0.0020353200070632248,0.013673144902826456,-0.013323859931161185,0.03352400776241661,-0.020278682491066957,0.01740534956926152,0.00336512327339733,0.01677730737719685,-0.005509367161721457,0.0026043282996397465,0.008868454502017186,0.009159818415183024,2.3715133103128825e-34,0.008868454502017186,0.010243309713452744,0.00551986500989628,0.004575176069184986,0.008193920749621005,0.008007612661999937,0.008193920749621005,0.008007612661999937,0.009197312629402807,0.008848646934719493
7,6,0.9913084663876619,0.9134527631008156,0.9533430604164235,0.9827037375651441,64,1024,False,0.0035894490310947737,0.0033250008151432813,0.000264448215951507,0.004645039715074607,0.00566616726800904,0.004716348228176618,0.005828106471853701,5.385709135453976e-34,0.003325000815143281,2.0787093892832137e-06,0.0034858024950906205,0.003487881204479903,0.000595980558802656,0.0017729932257130308,0.001189905453460408,0.0012420347602151458,0.004476261814548632,-0.01589217270137398,0.025324869157727217,-0.015953145943124608,0.01959053803783139,-5.434815102489665e-05,0.009468843891227152,-0.00200203377607977,0.005641912299324758,0.0033250008151432813,0.0035894490310947737,5.385709135453976e-34,0.003325000815143281,0.004645039715074607,0.0032011397284309497,0.002912359731102218,0.0035244486661668386,0.0031509183165309156,0.0032186712280927884,0.0029333975306964247,0.0033225626825720937,0.002369709785329308
7,8,0.9847372560211339,0.9008276920282577,0.9451036778818129,0.9802598414867573,64,1024,False,0.004429397380506988,0.004875902826279098,-0.00044650544577212216,0.0030928260749503527,0.0031322746062342273,0.0021957832150461087,0.0018380357024490829,2.582602721945285e-34,0.004875902826279095,7.400719563876666e-07,0.004935911135483657,0.004936651207440045,0.00014991376244533975,0.003533723583883243,0.003923719080613824,0.004443673533375823,-0.0007914444743795965,-0.01899520248113307,0.02338676891122529,-0.01466831127535079,0.022808486813606418,-0.002808907927828841,0.007361756208410952,8.183481259038672e-05,0.008139119840052444,0.004875902826279098,0.004429397380506988,2.582602721945285e-34,0.004875902826279095,0.0030928260749503527,0.004520985388466322,0.004997038492971646,0.003589962733331931,0.003660982255957871,0.003917578193794346,0.004082528617563143,0.0041910784394208886,0.004177814026430596
7,9,0.9747285924717441,0.835270155969866,0.9059741027592247,0.9510072730376491,64,1024,False,0.009483479919516355,0.010549411890784502,-0.001065931971268152,0.007985374175650881,0.008034829371478588,0.0051201410879373535,0.004791132953842459,2.033312575848977e-34,0.0105494118907845,1.5655620032928314e-06,0.010437675191206164,0.010439240753209473,0.000149968952752767,0.0049857172912574675,0.004984121891104005,0.005882770156783093,0.0030507074803745827,-0.01797101377770278,0.02821129595357749,-0.013659136313120955,0.025498979335437842,-0.0011510944896144792,0.011761334317270666,0.0016442600681330077,0.010260131413815543,0.010549411890784502,0.009483479919516355,2.033312575848977e-34,0.0105494118907845,0.007985374175650881,0.009149545914863102,0.009278898330331128,0.008193920749621005,0.008212879529072835,0.008193920749621005,0.008212879529072833,0.008824306924427613,0.008917521674291697
7,10,0.9526856945110986,0.7533963705516291,0.8507856509316583,0.9356625817825859,64,1024,False,0.010181849434136919,0.01140364088659193,-0.0012217914524550704,0.009378937810983048,0.009814028322783531,0.005933903879976387,0.005405590180062807,2.060637381010451e-33,0.011403640886591931,1.0070048178459003e-07,0.011261442855017855,0.011261543555499633,8.941978627380296e-06,0.006303113591387813,0.005751463067686968,0.006884948436645153,0.004062565255096563,-0.017247678395135062,0.029115486155087838,-0.012465036623746418,0.02743653496711079,-0.0005737075698561966,0.012490062574215699,0.0030630912369815633,0.011980665098235477,0.01140364088659193,0.010181849434136919,2.060637381010451e-33,0.011403640886591931,0.009378937810983048,0.014322829405868551,0.015040411922141932,0.011732487498457764,0.01199399301928829,0.011401943648391536,0.011687320168675651,0.014239128962524753,0.016603673611245574
7,11,0.8402652604210751,0.6638749540207765,0.7788077641844284,0.9185999512402468,64,1024,False,0.014091981640546033,0.01350934982802089,0.0005826318125250743,0.014579051715120014,0.013733205665569395,0.011843976528549193,0.010895921356605803,5.019170842892435e-35,0.01350934982802089,3.903173802778019e-06,0.013287310856921586,0.013291214030724372,0.00029366570982570324,0.007181102240750951,0.006227308701319958,0.007152220750324977,0.007505896964249437,-0.012677060400783723,0.03636501345788211,-0.01187934690621264,0.027841236082197747,0.004114266361284535,0.019868183524522465,0.0036175168861518614,0.012457794211513828,0.01350934982802089,0.014091981640546033,5.019170842892435e-35,0.01350934982802089,0.014579051715120014,0.019657204635212686,0.018433332058874412,0.014196788259909793,0.014069367108173053,0.014196788259909793,0.014069367108173053,0.016563316005352394,0.01684904576375828
8,0,0.43671622142132716,0.31200432968255537,0.4781015675720303,0.7845309314707389,64,1024,False,0.10096719490823428,0.09851169440255307,0.002455500505680559,0.10957546561364817,0.0997610798580384,0.0883000815608494,0.07903809790568325,1.92721411167571e-34,0.09851169440255307,9.085104200596784e-05,0.09915054367587368,0.09924139471787988,0.0009154551108863005,-0.005611646707578497,-0.006460831693128792,-0.006633246561995148,0.1062219115511672,0.0483651364292571,0.1282350266924417,-0.02692019993213256,0.015500877046554753,0.06658710419287672,0.11190152182098245,-0.010907916694122832,-0.0007245536762638949,0.09851169440255307,0.10096719490823428,1.92721411167571e-34,0.09851169440255307,0.10957546561364817,0.04786656729584728,0.03482674233450776,0.0641190873386989,0.038977596919226094,0.0641190873386989,0.038977596919226094,0.06148315863880136,0.04043356388073443
8,1,0.5309327843172154,0.4026069676969368,0.5648188130647083,0.8561961935207569,64,1024,False,0.05164748580928552,0.05014412530340393,0.0015033605058818202,0.05449208535917575,0.0508199971108755,0.050431893031597466,0.04580565799119434,2.6716308077027782e-33,0.05014412530340393,5.503136210700028e-05,0.05001032998860642,0.05006536135071354,0.0010991903508195885,0.001234284230257359,0.0003351493404502725,0.0003045127919838749,0.05048484777042523,0.016792971218809856,0.08407081484438508,-0.01916127263781184,0.021579542063884436,0.03463893954176456,0.06786670944711659,-0.0035006093021365814,0.005796439538244158,0.05014412530340393,0.05164748580928552,2.6716308077027782e-33,0.05014412530340393,0.05449208535917575,0.031231651576946573,0.02736715075089096,0.031617256049473755,0.023673120118439292,0.03184347015695944,0.023673120118439295,0.03184347015695944,0.02414229468244259
8,2,0.7949989453002759,0.5238319977921931,0.6687929183890426,0.8972876579756112,64,1024,False,0.023944519821360928,0.024309747990856206,-0.00036522816949541124,0.02588508500342694,0.02090980256588922,0.024701341208055776,0.019032826753839112,6.4638523016711064e-34,0.0243097479908562,3.934917627407997e-05,0.02426281065113135,0.024302159827405384,0.0016191637514335728,-0.001148621939801186,-0.0015803734788572819,-0.0018097739392448767,0.022490176044746502,-0.004078018516928676,0.05348070093304023,-0.021444235468553036,0.01889667932799441,0.013361609722778667,0.03718290951655945,-0.005865185710717924,0.0032430284190922976,0.024309747990856206,0.023944519821360928,6.4638523016711064e-34,0.0243097479908562,0.02588508500342694,0.020967809452727745,0.02148496191536353,0.023700958523800504,0.021899124650582285,0.023737635298979244,0.022634217450643746,0.020967075252460596,0.017894586951654835
8,3,0.9248816418971613,0.5992731266862104,0.7329153211312247,0.8969146701208585,64,1024,False,0.01421857663021703,0.014065358221436305,0.00015321840878069055,0.01584111247326029,0.012482910309509758,0.015335290488822756,0.011979690724651784,1.1812691848879652e-34,0.014065358221436305,1.9101199703807218e-05,0.014142916317374367,0.014162017517078174,0.0013487626096192024,-0.00189800210960518,-0.0031612881894446687,-0.0034059829221182837,0.015644198498954428,-0.010449976898654267,0.04112055787629978,-0.022374993019086336,0.01811192190556903,0.006703737170028035,0.024738371786952484,-0.0067651108765858226,0.0024119326772051863,0.014065358221436305,0.01421857663021703,1.1812691848879652e-34,0.014065358221436305,0.01584111247326029,0.015465245758253752,0.015503099904008248,0.016311326211632348,0.016624858597404178,0.015343250557345473,0.01554411987312598,0.020967075252460596,0.021681992752973847
8,4,0.9443777472711717,0.6788174845673507,0.7956578126696042,0.9058433198425113,64,1024,False,0.012541395241338951,0.011006735767298477,0.0015346594740404988,0.013989482021978193,0.014383362327710411,0.013740935766591186,0.014221301385408048,1.0461054419628705e-34,0.011006735767298475,8.573019261579977e-06,0.011275500020884824,0.011284073040146425,0.0007597451054312506,-0.0017780867176290774,-0.0030173851349290974,-0.0033445424302289456,0.017400747462639508,-0.010537953805651704,0.03801982533883408,-0.022043753016965737,0.0179140095995356,0.006424404818972107,0.021508510908461176,-0.006610448981518857,0.002327624046301935,0.011006735767298477,0.012541395241338951,1.0461054419628705e-34,0.011006735767298475,0.013989482021978193,0.014322829405868551,0.014389498882646623,0.013645799580761278,0.01402746748861578,0.013645799580761274,0.01402746748861578,0.016563316005352394,0.016086531357500263
8,5,0.9581124887689954,0.7486004171663061,0.8469577300002719,0.9180382149998522,64,1024,False,0.01762186120181769,0.015689011424012106,0.0019328497778054545,0.019654475357216896,0.02093557953215178,0.019381476137566234,0.02093214183576589,1.363253675710518e-34,0.01568901142401211,1.6804111239781513e-05,0.016133729123164235,0.01615053323440399,0.0010404678901861435,-0.00225613890477999,-0.0029557261646013006,-0.0033651875463331245,0.02389130569675308,-0.006293387316829855,0.04505633959196233,-0.022397245706671908,0.01697417904603363,0.010476147908775602,0.028205241971591022,-0.007132996979635209,0.0015546626309514977,0.015689011424012106,0.01762186120181769,1.363253675710518e-34,0.01568901142401211,0.019654475357216896,0.01337093939797624,0.010233589813136641,0.011732487498457764,0.0107360894799419,0.011680977619820725,0.010650330052137275,0.016563316005352394,0.015959677934782857
8,6,0.9714623251037392,0.8259397074078065,0.8989504307099814,0.9586487098007702,64,1024,False,0.012828737574010231,0.010919713997065301,0.0019090235769449438,0.014495922353599028,0.016164136053855763,0.014619759304884556,0.01637944050522789,3.591946869098556e-34,0.010919713997065303,7.4895873312899e-06,0.011397465366006632,0.011404954953337947,0.0006566959152344467,0.0002094561564415102,-0.000449437133131348,-0.0006883179458130661,0.01661357318698711,-0.009248762718439116,0.03848828132820823,-0.01852902293483038,0.018548958270624402,0.007330018735956401,0.021589167386991903,-0.00401383126154542,0.00393822486512363,0.010919713997065301,0.012828737574010231,3.591946869098556e-34,0.010919713997065303,0.014495922353599028,0.009149545914863102,0.00855550408833689,0.008193920749621005,0.007483260070909209,0.008193920749621005,0.007483260070909209,0.008824306924427613,0.007610683825357938
8,7,0.9847372560211339,0.9008276920282577,0.9451036778818129,0.9802598414867573,64,1024,False,0.008808970567599593,0.007245905848317819,0.0015630647192817451,0.009004902491903487,0.010871781683100434,0.00915687877084504,0.011149299556896893,2.4454195879754467e-35,0.007245905848317819,1.5409051932357852e-06,0.0074143733537105445,0.007415914258903728,0.00020778357724210965,-0.001216296854004997,-0.0011008921050696045,-0.0014537371005372555,0.01197267378817004,-0.013357041019283734,0.031670798560973816,-0.019929109442090812,0.016829908350159056,0.003011476685060188,0.014957873878302053,-0.0055128312742454,0.0023632858938071877,0.007245905848317819,0.008808970567599593,2.4454195879754467e-35,0.007245905848317819,0.009004902491903487,0.004520985388466322,0.00328572397280974,0.003589962733331931,0.0031812508389349736,0.003917578193794346,0.0031812508389349736,0.0041910784394208886,0.0034310196942591025
8,9,0.991488685529617,0.9301981144919302,0.9631679362771299,0.9782836903147495,64,1024,False,0.0016630450035341514,0.002525034378140789,-0.0008619893746066438,0.0019776367137676397,0.0008034829609020066,0.0007404238394182996,-0.00025927983827086164,8.351048157009041e-34,0.002525034378140789,1.1352651734168544e-07,0.0025007496343353473,0.002500863160852689,4.539493368480732e-05,0.0015391668379568708,0.0011917704729664344,0.0015089554751433498,-0.0003882875120644278,-0.019054843382723324,0.020535691061559922,-0.01615503398899324,0.019755055990499683,-0.003682953611132689,0.005099346504721325,-0.0020445703776204027,0.005659841001033783,0.002525034378140789,0.0016630450035341514,8.351048157009041e-34,0.002525034378140789,0.0019776367137676397,0.0032011397284309497,0.0034458403313636114,0.0035244486661668386,0.003868476975166012,0.0032186712280927884,0.0037948251472235137,0.0041910784394208886,0.004494609160790824
8,10,0.9759530410300421,0.832942083044701,0.9037778023292273,0.9596560685657763,64,1024,False,0.0047658151837292415,0.005738016314975023,-0.0009722011312457598,0.006143681159559584,0.0041926130882590125,0.003963967308008949,0.0020313340065658925,2.44039483675054e-34,0.005738016314975024,1.5348374490113457e-06,0.005799917841422267,0.005801452678871279,0.00026456088396638636,0.0027261432735155525,0.002024755733348139,0.002537291589902397,0.0021678573549108733,-0.01738679845878792,0.02531473307480582,-0.015267687792759,0.021793944017588475,-0.0012473069655243307,0.009136854110693093,-0.0006992448979872279,0.00724767424253514,0.005738016314975023,0.0047658151837292415,2.44039483675054e-34,0.005738016314975024,0.006143681159559584,0.007894593326819067,0.009194633149337234,0.008193920749621005,0.008380306166899314,0.008193920749621005,0.008380306166899316,0.007894593326819067,0.008898961339850426
8,11,0.8729151544012956,0.724780846673759,0.8233072324875875,0.9304016367494562,64,1024,False,0.015524080204363855,0.014405672877668037,0.0011184073266958653,0.018692021585905074,0.01468322902071642,0.015542155787883078,0.012175873843733467,1.9054414736544126e-34,0.014405672877668037,4.992657073847043e-06,0.014343309609016816,0.014348302266090667,0.0003479615205518904,0.0030014752822998276,0.002139156930413855,0.002556499060670425,0.012544072090302566,-0.009393186550156385,0.040477498125922544,-0.01529042078120617,0.021996505035703252,0.0076171380205778405,0.024262329323391896,-0.0006049818402971141,0.0074005356946145184,0.014405672877668037,0.015524080204363855,1.9054414736544126e-34,0.014405672877668037,0.018692021585905074,0.015465245758253752,0.015527075167479717,0.013645799580761278,0.013145617288082077,0.013645799580761274,0.013145617288082077,0.016563316005352394,0.015916717657562713
9,0,0.39735176395995975,0.3032509554245052,0.4709785844722136,0.7601902540498272,64,1024,False,0.09907630870706265,0.09499522036531069,0.004081088341751543,0.10728293579912154,0.09864149934304862,0.08827554389965728,0.07935839043513801,1.403656283467527e-33,0.0949952203653107,0.00010009862041594926,0.09589453275334439,0.09599463137376073,0.001042752276699823,-0.005521868017025003,-0.006652066857613549,-0.006847405549835432,0.10529356620066217,0.048575866848466515,0.12797522095084804,-0.027128884826983102,0.015855093030124164,0.06675198762241052,0.11161549836106133,-0.011027684311557095,-0.0004983373655704781,0.09499522036531069,0.09907630870706265,1.403656283467527e-33,0.0949952203653107,0.10728293579912154,0.06004371564184262,0.03482674233450776,0.0641190873386989,0.038977596919226094,0.0641190873386989,0.038977596919226094,0.07202687343839148,0.04043356388073443
9,1,0.49162611650228766,0.39046379242704266,0.5540224461938766,0.8520267194597155,64,1024,False,0.07089006205767176,0.06810313355677762,0.0027869285008934553,0.07495831613294399,0.06890633066784457,0.06674662683077455,0.05950588935773297,7.83912468970152e-34,0.06810313355677762,6.961541153061055e-05,0.06791842845793553,0.06798804386946632,0.0010239360859428269,0.0015218492273943456,-1.161791229354105e-05,-5.7208969688788106e-05,0.06891794858013811,0.030384972347971093,0.103108281313578,-0.01909220799047768,0.022049615874652893,0.048414410099212546,0.08691098550480092,-0.003359655565873254,0.006138531360193156,0.06810313355677762,0.07089006205767176,7.83912468970152e-34,0.06810313355677762,0.07495831613294399,0.031231651576946573,0.02736715075089096,0.031617256049473755,0.023673120118439292,0.03184347015695944,0.023673120118439295,0.03184347015695944,0.02414229468244259
9,2,0.7582438159878895,0.5018249866482101,0.6507097487720268,0.895502282330208,64,1024,False,0.028244547396719517,0.027373674501478432,0.0008708728952410811,0.030163769447815004,0.025956623172671767,0.02928711350023353,0.02460980902022852,2.7615609883466113e-33,0.027373674501478432,4.52512954463594e-05,0.02724444132690639,0.027289692622352764,0.0016581826725777934,-0.0009022385989007361,-0.0015693008171747042,-0.0018274013221696208,0.027525923989846473,-0.000262163691799433,0.058836390692266496,-0.021444523294878615,0.01935798284338991,0.017197402616147883,0.042488645180128515,-0.005763281958934385,0.0035638052140711807,0.027373674501478432,0.028244547396719517,2.7615609883466113e-33,0.027373674501478432,0.030163769447815004,0.0216000127169415,0.02148496191536353,0.023700958523800504,0.021899124650582285,0.023737635298979244,0.022634217450643746,0.02134360592439833,0.017894586951654835
9,3,0.8959252705208254,0.5677490591184944,0.7084518204187833,0.8764254104484889,64,1024,False,0.023355239517079022,0.02151036695013816,0.0018448725669409285,0.025804250817594653,0.022017754550785355,0.025348896639824075,0.021575077543946244,1.4893281795062657e-33,0.021510366950138148,3.432622632243957e-05,0.02124619743484831,0.021280523661170725,0.0016130348514436488,-0.0016930185782528281,-0.002954079727781196,-0.0032334378110902683,0.02497183427856655,-0.0028052458914099992,0.05350303917105815,-0.02247536244691588,0.01857455628437892,0.014568433791282587,0.03715767761605093,-0.006729481479851529,0.0027212447457714006,0.02151036695013816,0.023355239517079022,1.4893281795062657e-33,0.021510366950138148,0.025804250817594653,0.015465245758253752,0.015503099904008248,0.02039912937873874,0.018597422232453437,0.021784655187099274,0.020263893335876026,0.02410836507443461,0.023843602427870376
9,4,0.9178696189299693,0.6365874204769241,0.7632021041082504,0.8795444414326534,64,1024,False,0.01661790083490835,0.013122895319159921,0.0034950055157483497,0.01856364004578013,0.017878357156866524,0.018309103564621867,0.01763698098387668,2.3663513666720943e-34,0.013122895319159918,1.3479241852791043e-05,0.013153780346060712,0.013167259587913508,0.0010236937885817873,-0.001463753750442743,-0.0026065861376389997,-0.0029665662049451337,0.020484943294505523,-0.006845177454021117,0.04346338458326485,-0.022126010275704218,0.018525701947005598,0.010383489381638356,0.027168217806320172,-0.006525387885631062,0.002726508551859297,0.013122895319159921,0.01661790083490835,2.3663513666720943e-34,0.013122895319159918,0.01856364004578013,0.015465245758253752,0.015440464482722838,0.01587470877572414,0.015574855934348347,0.014891336594701474,0.014366721815975952,0.02134360592439833,0.021724934157593644
9,5,0.9353897505879463,0.6971943544529919,0.8097888610052782,0.8984930023877015,64,1024,False,0.016531384011567753,0.012744863220786435,0.003786520790781276,0.019286191239407686,0.01955418964832189,0.019033836498513926,0.01943359392204497,6.8662741330955775e-34,0.012744863220786433,2.1891394635936333e-05,0.012938068892704204,0.012959960287340193,0.0016891559966677307,-0.0018205445821763264,-0.002405839305310472,-0.002830705102268046,0.02196002895363236,-0.005605827545973215,0.043673500543001065,-0.02240600965282004,0.017755498752311617,0.01131837614957476,0.027061018394306302,-0.006913532517501153,0.002107215470459778,0.012744863220786435,0.016531384011567753,6.8662741330955775e-34,0.012744863220786433,0.019286191239407686,0.015465245758253752,0.015040682723439001,0.013645799580761278,0.013079598437692899,0.013645799580761274,0.013079598437692899,0.018134842239897638,0.017751059240060957
9,6,0.9532450504835759,0.7679159347086342,0.8607995668064955,0.9347672072648672,64,1024,False,0.01714379305814031,0.013132509150476857,0.004011283907663495,0.01894338129121411,0.021475904436599014,0.019031871643523747,0.021714386207056912,2.502480526786433e-33,0.013132509150476859,1.0650452350345559e-05,0.01371736306781186,0.013728013520162181,0.0007758189001419147,0.000612059255721902,0.00040192764615765543,0.00013108763586611454,0.02107397679044136,-0.005379533910796111,0.043443277197843605,-0.018709720047406155,0.019429649942172035,0.011344153572281357,0.026641399854270276,-0.0038194910885067657,0.004435276896401774,0.013132509150476857,0.01714379305814031,2.502480526786433e-33,0.013132509150476859,0.01894338129121411,0.014322829405868551,0.011768319428456155,0.011732487498457764,0.010931277077040395,0.011401943648391536,0.010324595413702595,0.015355850359835133,0.013415525784501886
9,7,0.9747285924717441,0.835270155969866,0.9059741027592247,0.9510072730376491,64,1024,False,0.017788733197250692,0.01392848446151477,0.003860248735735843,0.017766549021083905,0.021712404435701542,0.017990008308908453,0.022070644535356555,1.5941170594655974e-33,0.013928484461514776,4.187453838130786e-06,0.014366171079219019,0.014370358533057166,0.0002913952236124162,-0.0006935911160324387,-0.00010779976391637696,-0.0004951750442677268,0.02182020419961792,-0.006812853959920241,0.04279287057773715,-0.02021173107695325,0.018059449890687234,0.009858417899522465,0.025915147474734113,-0.0052298437294666655,0.003070416016271338,0.01392848446151477,0.017788733197250692,1.5941170594655974e-33,0.013928484461514776,0.017766549021083905,0.009149545914863102,0.007851192468019675,0.008193920749621005,0.007462914385204719,0.008193920749621005,0.007462914385204719,0.008824306924427613,0.00784233698880276
9,8,0.991488685529617,0.9301981144919302,0.9631679362771299,0.9782836903147495,64,1024,False,0.006151255821453168,0.004117484314227073,0.0020337715072261215,0.005475032585755527,0.00795200588593372,0.006028854354265535,0.008459007410145221,1.3135550013350025e-33,0.004117484314227074,5.819822675865123e-07,0.004231158709539569,0.004231740691807152,0.00013752786618359138,0.00047876662930047847,0.0007842341105754242,0.00067441994286821,0.0071677717753582965,-0.014840213232815702,0.02689792194134677,-0.01751919202352593,0.01838957743267698,0.0011326038656989112,0.010936942206171807,-0.003416457970160991,0.004287893418222666,0.004117484314227073,0.006151255821453168,1.3135550013350025e-33,0.004117484314227074,0.005475032585755527,0.0032011397284309497,0.002758777867920509,0.0035244486661668386,0.0019776367137676397,0.0032186712280927884,0.0019776367137676397,0.0041910784394208886,0.004177814026430596
9,10,0.9767309770663759,0.9001097126888936,0.9452258082279033,0.9783230858573237,64,1024,False,0.0020998305461253754,0.002230058323852984,-0.00013022777772763223,0.00305914263799434,0.001617732605782586,0.0025096454329453107,0.0010242159612500014,1.6041989188759273e-33,0.002230058323852982,1.4711237805513355e-06,0.0022586564338648585,0.0022601275576454192,0.0006509029880083136,0.0010114878455914022,0.0006292101111540016,0.0008409592358547622,0.0009885224946285843,-0.017210075301103956,0.022229366166994575,-0.01654191698476585,0.019035170236386366,-0.001905999299196992,0.006813837186200544,-0.0025729931221576408,0.005074522967333905,0.002230058323852984,0.0020998305461253754,1.6041989188759273e-33,0.002230058323852982,0.00305914263799434,0.00551986500989628,0.006012009484276668,0.003589962733331931,0.003665794175523016,0.0032186712280927884,0.003250576946112478,0.0041910784394208886,0.004602313630662759
9,11,0.8612362857721015,0.776070747052376,0.8606549362129441,0.949459930373847,64,1024,False,0.012132889259275876,0.010169202780980113,0.0019636864782957425,0.014670842062670768,0.010898206118412763,0.013755790529021966,0.010075285681156055,3.139407045551235e-33,0.01016920278098011,5.353222549206774e-06,0.010106490516592898,0.010111843739142097,0.0005294012335737447,0.001224971555842879,0.0007066901649191266,0.000789923298059242,0.010191515953493636,-0.009945179422302202,0.03745676048034613,-0.01690853844075561,0.019523281684220326,0.006961966922972351,0.021070272268843837,-0.0025539051348459907,0.00524928897357313,0.010169202780980113,0.012132889259275876,3.139407045551235e-33,0.01016920278098011,0.014670842062670768,0.015465245758253752,0.015527075167479717,0.010307292340918765,0.008020830124201447,0.011401943648391536,0.01093495816063736,0.009197312629402807,0.008489344438401276
10,0,0.4615098721852036,0.29361557357156876,0.4608282285014582,0.7704092215738612,64,1024,False,0.06288180369984804,0.058547915372674716,0.004333888327173783,0.06812944452618498,0.06306820353672182,0.06149634281213394,0.055322342199329036,1.6794969898745727e-34,0.05854791537267471,6.112487684377948e-05,0.05883893611890939,0.05890006099575319,0.0010377727257054401,-0.005245823674340555,-0.006523788905647661,-0.006732408822573847,0.06959199244236948,0.02607488870696177,0.0969177969173061,-0.026861523711869367,0.016122212529982916,0.044039588850864675,0.08069619035086362,-0.010751221074315254,-0.00022111789439804852,0.058547915372674716,0.06288180369984804,1.6794969898745727e-34,0.05854791537267471,0.06812944452618498,0.04786656729584728,0.03482674233450776,0.0641190873386989,0.04188953084224276,0.0641190873386989,0.04188953084224276,0.06148315863880136,0.04043356388073443
10,1,0.5532660634061229,0.3757729763926137,0.5405085391935651,0.8415781227652479,64,1024,False,0.04975997304754131,0.046207267518599715,0.003552705528941546,0.05201331880012978,0.048721936599115744,0.048233219089419244,0.043532084715929585,3.180884385077425e-33,0.04620726751859973,3.9816231298621416e-05,0.04591397118361758,0.04595378741491627,0.0008664406904945848,0.002015579813119766,0.000327298860983418,0.0002798242688685437,0.04839463773813232,0.01539262029628155,0.08107381788255694,-0.018706636935128133,0.022631960397492573,0.03312831222865498,0.06483228309662081,-0.0029366463495534845,0.0066634743416216224,0.046207267518599715,0.04975997304754131,3.180884385077425e-33,0.04620726751859973,0.05201331880012978,0.028497965079419766,0.02294156055800774,0.031617256049473755,0.023673120118439292,0.03184347015695944,0.023673120118439295,0.03184347015695944,0.02414229468244259
10,2,0.7920269276119675,0.4748188668779737,0.6268062488814365,0.8851396439774384,64,1024,False,0.027102357114104105,0.025471435341644987,0.0016309217724592233,0.02750353194567523,0.026712002768559857,0.026587055937781604,0.025109952160816528,2.2833017065058965e-34,0.02547143534164498,3.359711406812233e-05,0.025530963070335054,0.025564560184403097,0.0013142066136001777,-0.00036306514316601716,-0.001192196695969709,-0.0014266604222124592,0.027904199464529565,-0.0020489094344945565,0.05522302131005777,-0.020959816506005067,0.01994143704038062,0.015110450243810192,0.03861399437300861,-0.0052709473529830575,0.004106006337678991,0.025471435341644987,0.027102357114104105,2.2833017065058965e-34,0.02547143534164498,0.02750353194567523,0.020967809452727745,0.02148496191536353,0.023700958523800504,0.022639924618433168,0.023737635298979244,0.022639924618433168,0.02134360592439833,0.020447806743322916
10,3,0.8936701343479082,0.5300785975984474,0.6750136442481194,0.8668198553945221,64,1024,False,0.02043708100424806,0.017836915527459973,0.002600165476788022,0.02170448027235632,0.020222066226314683,0.021279516097328335,0.019752699692633175,1.5672338513160525e-36,0.017836915527459973,3.166258418033944e-05,0.017530390113287213,0.01756205269746748,0.00180289768660729,-0.0014476238163604342,-0.0025133604712904893,-0.002770274767734841,0.02273542669760517,-0.0054959178475942165,0.04805495004225088,-0.02221232308614428,0.01882369712639923,0.011666898099065293,0.031600185357092414,-0.0064887755797826685,0.00295824578643078,0.017836915527459973,0.02043708100424806,1.5672338513160525e-36,0.017836915527459973,0.02170448027235632,0.015465245758253752,0.015503099904008248,0.023700958523800504,0.023608424452043492,0.023737635298979244,0.02365802231191581,0.028943072730335154,0.03250686432760498
10,4,0.9129584402694029,0.5897014403376737,0.7246469757140916,0.8704177121390322,64,1024,False,0.017847944947107862,0.013554508067521665,0.004293436879586119,0.01901575360731652,0.01960535361822336,0.01880211709109464,0.019489224707706393,5.091919957646747e-34,0.013554508067521665,8.281140885042511e-06,0.013564814474387676,0.013573095615272713,0.0006101143850872463,-0.0010983260149402963,-0.0021624829060818283,-0.002493704767820859,0.02176783652430519,-0.006308428647485341,0.04391266282967462,-0.02184989048021167,0.01902530879297441,0.010766590341518167,0.027464662452985067,-0.006209514933289029,0.003152969242364634,0.013554508067521665,0.017847944947107862,5.091919957646747e-34,0.013554508067521665,0.01901575360731652,0.015465245758253752,0.015440464482722838,0.016311326211632348,0.015770440732495512,0.015343250557345473,0.014935194662904244,0.02410836507443461,0.02467421079300329
10,5,0.9211863764930978,0.6403606456704076,0.764948163867373,0.8862260931580581,64,1024,False,0.020937203587248935,0.016248911482410505,0.004688292104838359,0.023532065251912936,0.024211597369598437,0.02325470575345971,0.02404226475701228,2.4960052079258575e-35,0.016248911482410505,1.6831864853952924e-05,0.016495467928283547,0.01651229979313749,0.001019353152790276,-0.0013327856253750243,-0.0017379229935912592,-0.0021089564580645146,0.025949520363189697,-0.002467496724599564,0.048976908231518984,-0.021981071281477346,0.018454612210030766,0.014460059312114026,0.032300577200658154,-0.006416225485736504,0.002735304835368879,0.016248911482410505,0.020937203587248935,2.4960052079258575e-35,0.016248911482410505,0.023532065251912936,0.015465245758253752,0.015040682723439001,0.01587470877572414,0.015240858405853052,0.014891336594701474,0.014149907707498504,0.02134360592439833,0.02110044377689671
10,6,0.9354864406147921,0.6994189575813159,0.8109366861632901,0.9220532108329003,64,1024,False,0.018465491115071345,0.01347912187324748,0.004986369241823758,0.020236871241781952,0.02240167410581891,0.020326863142620347,0.0225681742954738,8.766353764286761e-35,0.01347912187324748,7.910329522774067e-06,0.013868139188367809,0.013876049517890563,0.0005700707188004179,0.0009910722000558718,0.001083757211644427,0.0008565944984161263,0.021317916894174484,-0.0041077843749412965,0.04476151066018199,-0.01856753524491122,0.02015664375917845,0.012687313625065144,0.02803930777736241,-0.0034898413068731315,0.004963661631336436,0.01347912187324748,0.018465491115071345,8.766353764286761e-35,0.01347912187324748,0.020236871241781952,0.015465245758253752,0.015281025597291,0.013645799580761278,0.012172673600111044,0.013645799580761274,0.012172673600111044,0.016563316005352394,0.01599994728624898
10,7,0.9526856945110986,0.7533963705516291,0.8507856509316583,0.9356625817825859,64,1024,False,0.019261249050261785,0.01433801370382513,0.004923235346436691,0.019099320114066457,0.02317770501054678,0.019267238665978716,0.023469353559691274,5.903876186776418e-35,0.014338013703825134,1.2774947277528417e-06,0.014752342357497781,0.014753619852225567,8.658856203077057e-05,-8.120743386178904e-05,0.0008197283184579858,0.0004749598462622533,0.022357976692088794,-0.005584567656768014,0.044119044988725445,-0.019814323471017563,0.0190861558318985,0.011187705815245863,0.02733644768159138,-0.004629338283848483,0.0038895787874935195,0.01433801370382513,0.019261249050261785,5.903876186776418e-35,0.014338013703825134,0.019099320114066457,0.014322829405868551,0.012833758180084037,0.011732487498457764,0.010902422846190333,0.011401943648391536,0.010302318439009405,0.014239128962524753,0.009802595977467285
10,8,0.9759530410300421,0.832942083044701,0.9037778023292273,0.9596560685657763,64,1024,False,0.010959763067177823,0.007817025175137101,0.003142737892040777,0.009645505494078548,0.01316721342043607,0.01009044398995231,0.013547625175653374,3.5170134287989863e-35,0.007817025175137101,2.934427072577325e-07,0.008014022151002257,0.008014315593709537,3.6614818049847784e-05,0.0008712103387876284,0.0014588983480341854,0.0013126993925802637,0.011708315072401885,-0.01238410623794489,0.03256499421784951,-0.017494546559683685,0.019228110596624572,0.00420574101008242,0.016111989963974338,-0.003075898734095972,0.004791746549017262,0.007817025175137101,0.010959763067177823,3.5170134287989863e-35,0.007817025175137101,0.009645505494078548,0.007894593326819067,0.006143681159559584,0.008193920749621005,0.008163867867893781,0.008193920749621005,0.008163867867893781,0.007894593326819067,0.006143681159559584
10,9,0.9767309770663759,0.9001097126888936,0.9452258082279033,0.9783230858573237,64,1024,False,0.0031487187958369714,0.0020530524959422227,0.0010956662998947624,0.002155090065895037,0.0036789457828775834,0.0022532246632186725,0.003657587678521023,1.6452194077575392e-33,0.0020530524959422214,2.1141558872711308e-06,0.002065179084102013,0.0020672932399892845,0.0010226686018100118,0.00023646736173786945,0.0006592998147257743,0.0005633697524604634,0.003019645968151809,-0.01732713629797362,0.021833585624410966,-0.017413145338498838,0.017869418435486742,-0.002017453698499594,0.00659418421855662,-0.003588147199479863,0.004017559003841598,0.0020530524959422227,0.0031487187958369714,1.6452194077575392e-33,0.0020530524959422214,0.002155090065895037,0.00551986500989628,0.006192819998696528,0.003589962733331931,0.003868476975166012,0.0032186712280927884,0.0037948251472235137,0.0041910784394208886,0.004494609160790824
10,11,0.874567068720344,0.8568867047743598,0.9147471561821217,0.9797322507723448,64,1024,False,0.009026985113783286,0.00712746012498323,0.0018995249888000636,0.011363479577084392,0.0081150299429438,0.011146180905807095,0.008035263881001708,6.111261607141333e-34,0.00712746012498323,8.466346107450291e-06,0.007043677378816722,0.0070521437249241835,0.0012005351050245806,0.0002359219911417712,-8.200899469790826e-06,-0.00018062973127805116,0.00812323084241359,-0.01150889043916414,0.03380125225077833,-0.01770880687161878,0.017873534762572047,0.005210449577134568,0.01743557253939798,-0.003708075651957188,0.003941746836062521,0.00712746012498323,0.009026985113783286,6.111261607141333e-34,0.00712746012498323,0.011363479577084392,0.015465245758253752,0.015527075167479717,0.00431018177408571,0.00324631627003875,0.00431018177408571,0.0032647462980027243,0.0041910784394208886,0.003314926017238428
11,0,0.5316222852405948,0.2812423509154958,0.4512526397333063,0.7682544260768004,64,1024,False,0.06162076795030954,0.058379037642773426,0.0032417303075361475,0.06623059724769877,0.061440154126666556,0.05818964067242797,0.05197174374559157,1.4007764083228523e-34,0.058379037642773426,5.580254625216161e-05,0.058709944358657506,0.05876574690490984,0.0009495760573324618,-0.0044893804265822715,-0.005614583959851729,-0.005735130428017305,0.06705473808651828,0.023081681746780734,0.09329759959807521,-0.025873691199824436,0.016746420063956855,0.04104526156152133,0.07710876331839245,-0.00983692730369512,0.0004692504007834941,0.058379037642773426,0.06162076795030954,1.4007764083228523e-34,0.058379037642773426,0.06623059724769877,0.031231651576946573,0.027856571827623248,0.0641190873386989,0.04188953084224276,0.0641190873386989,0.04188953084224276,0.06148315863880136,0.04043356388073443
11,1,0.6045879014532176,0.3572635491105735,0.5253011750116142,0.8346118916016046,64,1024,False,0.05585496982425733,0.0533970692322543,0.002457900592003401,0.05716313463574814,0.05515042009251254,0.05068676741909796,0.046887766044036376,7.2858411278655235e-34,0.0533970692322543,3.58300979516124e-05,0.05297808436555454,0.05301391446350623,0.0006758621451407283,0.0031224854908252376,0.0015532084913097558,0.0015974296563813315,0.05359721160120278,0.017163631386689984,0.08420990345150593,-0.01749572627521995,0.023738015155473764,0.03494551282346947,0.06795533363037976,-0.0017862271997728385,0.0077569197019329295,0.0533970692322543,0.05585496982425733,7.2858411278655235e-34,0.0533970692322543,0.05716313463574814,0.028497965079419766,0.02294156055800774,0.03240900542567365,0.023673120118439292,0.03184347015695944,0.023673120118439295,0.03184347015695944,0.02414229468244259
11,2,0.78179867168673,0.4430449010423208,0.6000570171487523,0.8732230598356733,64,1024,False,0.03852348657161898,0.03789535938327018,0.0006281271883487195,0.03847697165118998,0.038627608841981624,0.03555951369610186,0.03465320150801803,8.00185908274549e-34,0.03789535938327018,3.462002178065326e-05,0.0379215721801857,0.037956192201966485,0.0009121047126234022,0.000667813645725515,-0.00010443851991877864,-0.00017823669134094333,0.038732047361900404,0.004466391864936529,0.06665263552726719,-0.019719053558428987,0.020942039793622618,0.02187958286231151,0.05013444074575091,-0.00412313958076993,0.005137752334121615,0.03789535938327018,0.03852348657161898,8.00185908274549e-34,0.03789535938327018,0.03847697165118998,0.0216000127169415,0.02148496191536353,0.023700958523800504,0.022639924618433168,0.023737635298979244,0.022639924618433168,0.02410836507443461,0.023406567008793407
11,3,0.8304949062673869,0.48836039501083,0.6386372069952135,0.8609282440436382,64,1024,False,0.026660077671705584,0.025206416950685002,0.0014536607210204702,0.02736305006687076,0.02782687994627138,0.026332061998012846,0.026037367937946237,4.610146067649742e-34,0.025206416950684995,3.261170262986347e-05,0.025002573741912174,0.025035185444542064,0.0013026347538788918,-0.0006327731271771125,-0.00150768839395869,-0.0016116631476089424,0.029334568340230068,-0.002202691167815924,0.05486681516384162,-0.02113443994999154,0.019628418099717354,0.015125711950531695,0.03843428757681977,-0.005514763957762625,0.00379759437055327,0.025206416950685002,0.026660077671705584,4.610146067649742e-34,0.025206416950684995,0.02736305006687076,0.020638097474842687,0.019890880520172904,0.023700958523800504,0.023608424452043492,0.023737635298979244,0.02365802231191581,0.030302210547244177,0.03250686432760498
11,4,0.8304592188862169,0.5372940092914893,0.6785010113348606,0.8598171552213774,64,1024,False,0.02425308188171139,0.02107429634797389,0.003178785533737479,0.02429573904974679,0.02815600341454269,0.02380907865873275,0.027430872088356418,1.8127302555206893e-34,0.02107429634797389,8.188503585341577e-06,0.021403322430854688,0.021411510934439947,0.00038243464510346855,-5.7408750199456216e-05,-0.0009247826083075629,-0.0010730104255883104,0.029080786022850254,-0.003475179919031547,0.05109333723649705,-0.02071747830969441,0.020323540509184734,0.013734543659666087,0.034589877832331695,-0.0050739385187625885,0.0043721693436964415,0.02107429634797389,0.02425308188171139,1.8127302555206893e-34,0.02107429634797389,0.02429573904974679,0.020638097474842687,0.020231692855408896,0.02159589886022055,0.020695952130378472,0.023737635298979244,0.02341529126431615,0.030302210547244177,0.03224430773777741
11,5,0.8268200821777285,0.577746430349952,0.7115586180271255,0.8723037774608855,64,1024,False,0.032074795989350535,0.02846513959497555,0.0036096563943749014,0.03355577135178914,0.03759927061663896,0.03298229988076052,0.03668600126097426,1.6383862497758451e-34,0.02846513959497555,1.7297747379164166e-05,0.029339654710693632,0.029356952458072762,0.0005892214937455989,-0.00023030911393673404,-0.0003868944596810496,-0.0005607092457688702,0.03798616507632001,0.003931598944327631,0.06203300081719341,-0.020661996582244026,0.019776337943723743,0.021025725727668032,0.045265143271535635,-0.005109749166877009,0.004045940200740006,0.02846513959497555,0.032074795989350535,1.6383862497758451e-34,0.02846513959497555,0.03355577135178914,0.020638097474842687,0.020242312490785598,0.017615958062211896,0.015240858405853052,0.021784655187099274,0.020103067163572155,0.02410836507443461,0.02305865326583966
11,6,0.8335238263001001,0.6233273058657084,0.7474852198821679,0.9090746693440913,64,1024,False,0.024527608644632014,0.020748699349017526,0.0037789092956143915,0.025283872589197894,0.029795922233008174,0.025160116505906334,0.029439522650084073,3.4978844506146834e-34,0.020748699349017522,8.472039789429192e-06,0.02159180528930897,0.02160027732909839,0.00039221902850368733,0.002475144627078685,0.002750566460841775,0.0027413220369616074,0.0270453557721664,-0.001590475850613001,0.05191070886242567,-0.017191929220818834,0.02222272541238481,0.01542610238539055,0.035240312667156104,-0.0019217524240957573,0.006791056512156501,0.020748699349017526,0.024527608644632014,3.4978844506146834e-34,0.020748699349017522,0.025283872589197894,0.01980332534865173,0.017879062459510313,0.01587470877572414,0.014828163429524152,0.015343250557345473,0.014664776611013628,0.016563316005352394,0.01599994728624898
11,7,0.8402652604210751,0.6638749540207765,0.7788077641844284,0.9185999512402468,64,1024,False,0.025977406531277145,0.022189384188599632,0.0037880223426775403,0.024735357555305357,0.030857727824776363,0.0245780758851564,0.030632553707422187,3.1406698122806525e-34,0.02218938418859963,3.6399054782438795e-08,0.022960961406183703,0.022960997805238467,1.5852557929400823e-06,0.0014998128369800615,0.0025382571178448506,0.0024845106071679397,0.028319470706931513,-0.002637078801624445,0.05179323057193724,-0.01820819826415961,0.02123270230266328,0.0143852396577131,0.035105764007312246,-0.002883285480493214,0.005841884049004875,0.022189384188599632,0.025977406531277145,3.1406698122806525e-34,0.02218938418859963,0.024735357555305357,0.019657204635212686,0.015406784524607257,0.014196788259909793,0.012738597396328731,0.014196788259909793,0.01273859739632873,0.016563316005352394,0.0159193064454405
11,8,0.8729151544012956,0.724780846673759,0.8233072324875875,0.9304016367494562,64,1024,False,0.018515200400506405,0.016183564551057395,0.0023316358494490817,0.016010479723565996,0.021180638411411948,0.015724310133098003,0.020734952063786047,3.616468451127143e-39,0.016183564551057395,2.8126737901959295e-06,0.0163934152397172,0.016396227913507328,0.00017154395541664976,0.002637453696567432,0.0034309172754963288,0.003547947018652317,0.01774972113591562,-0.009617171010255037,0.04106579127645105,-0.015914237712973664,0.021793360372018032,0.007359350274782628,0.02449995744973421,-0.001161901993327774,0.006960072052606847,0.016183564551057395,0.018515200400506405,3.616468451127143e-39,0.016183564551057395,0.016010479723565996,0.015465245758253752,0.015102893999475628,0.013645799580761278,0.01344356638389753,0.013645799580761274,0.01344356638389753,0.016563316005352394,0.01667437626986428
11,9,0.8612362857721015,0.776070747052376,0.8606549362129441,0.949459930373847,64,1024,False,0.008571154355959872,0.008255217737299234,0.00031593661866059726,0.005943742619166761,0.009582800385592926,0.0051914364076608875,0.008400253656129637,9.354013249700125e-34,0.008255217737299234,8.57033515835111e-06,0.008177517271136159,0.008186087606294502,0.0010469390960049277,0.0019524085053320348,0.0024752082831782803,0.0026981015301067433,0.007107592102414646,-0.017472311676093446,0.027855184491415223,-0.016118006074117324,0.020766015848274966,-0.0007994374609552324,0.01141097275831271,-0.001676718849921599,0.006227101293916348,0.008255217737299234,0.008571154355959872,9.354013249700125e-34,0.008255217737299234,0.005943742619166761,0.015465245758253752,0.01565458836244668,0.010307292340918765,0.012022739761879227,0.011401943648391536,0.012022739761879227,0.009197312629402807,0.00998202351004058
11,10,0.874567068720344,0.8568867047743598,0.9147471561821217,0.9797322507723448,64,1024,False,0.0011794839410092127,0.002120958858531662,-0.0009414749175224531,-0.0001089654677530019,0.0012100259854387963,-0.000677900209944497,0.00031670831399518734,2.549443879096662e-35,0.0021209588585316616,5.263944666651409e-07,0.0020176749762924173,0.002018201370759079,0.0002608235601718748,0.0017622211466738534,0.0016546698837493752,0.0020315132110734282,-0.0004446438983105789,-0.020154906255545363,0.018799105835656367,-0.01575552651685936,0.020175993916546925,-0.004866442846832797,0.003667445773317013,-0.0016901758644962683,0.006017580148181878,0.002120958858531662,0.0011794839410092127,2.549443879096662e-35,0.0021209588585316616,-0.0001089654677530019,0.015465245758253752,0.015040411922141932,0.00431018177408571,0.005783230854698613,0.00431018177408571,0.005783230854698613,0.0041910784394208886,0.004602313630662759
