source,target,cka,cca_shared,procrustes_shared,probe_cosine,metric_rank,metric_examples,full_dim_cca_saturation_possible,train_raw,train_geometry,residual_correction,cal_raw,test_raw,cal_clipped,test_clipped,train_mean_term,train_variance_term,test_mean_term,test_variance_term,test_geometry,mean_fraction,aligned_cal_raw,aligned_test_raw,aligned_test_clipped,alignment_raw_reduction,bernstein_lo,bernstein_hi,bernstein_aligned_lo,bernstein_aligned_hi,betting_lo,betting_hi,betting_aligned_lo,betting_aligned_hi,prediction__training_geometry,prediction__direct_training,prediction__mean_only,prediction__variance_only,prediction__direct_calibration,prediction__cka_common,prediction__cka_held_target,prediction__cca_shared_common,prediction__cca_shared_held_target,prediction__procrustes_shared_common,prediction__procrustes_shared_held_target,prediction__probe_cosine_common,prediction__probe_cosine_held_target
0,1,0.961574893895004,0.5739920668188288,0.7146433506458558,0.5539278686731905,64,1024,False,0.16685875410227582,0.16681566161971292,4.309248256382429e-05,0.16240017708507154,0.16688723196003497,0.09050109013175359,0.09520279998225722,4.070145952788976e-32,0.16681566161971292,2.578873091384599e-05,0.16328841031979258,0.16331419905070596,0.00015790868806109796,0.00720409280968893,0.005472444597657814,0.007346557039788968,0.16141478736237716,0.04905934835464927,0.13194283190885792,-0.013359055016679016,0.03126299877632395,0.0670342992307269,0.11531113758246647,0.002982223675644491,0.01467512176168384,0.16681566161971292,0.16685875410227582,4.070145952788976e-32,0.16681566161971292,0.16240017708507154,0.12986083903993245,0.12624535703491702,0.167602355288133,0.1678761541409257,0.167602355288133,0.1678761541409257,0.16315989817148693,0.16668363391631194
0,2,0.7920445688652333,0.4429298706232805,0.5969452141769732,0.35485138584062503,64,1024,False,0.3251433395341412,0.3251129050352364,3.0434498903441214e-05,0.32897712847713434,0.32867340994554145,0.11560235298210846,0.12835413099759158,1.3901704726132737e-35,0.3251129050352364,0.00025180484923107154,0.3204882389362801,0.32074004378551124,0.0007850745615020905,0.00731330365595009,0.004570069419517066,0.006418902007943442,0.3241033405260244,0.07001010599991216,0.16119459996430474,-0.013497992334653965,0.031187040824512992,0.08843050283030607,0.1447105556653696,0.0028903199490741827,0.014635104329499882,0.3251129050352364,0.3251433395341412,1.3901704726132737e-35,0.3251129050352364,0.32897712847713434,0.20543989169638435,0.19813929427526844,0.28110815032366043,0.27739869283066504,0.305306865340864,0.3046031192848813,0.31211157526748906,0.30883866880328675
0,3,0.5397231233924131,0.3889955513489588,0.5469742636734898,0.33958767294475384,64,1024,False,0.5491435858586589,0.5491095581214075,3.402773724557647e-05,0.5757842539959911,0.5592017348159708,0.16340658594561044,0.1664134871601173,3.17045697237408e-33,0.5491095581214075,0.0003078401232565392,0.5509440366281897,0.5512518767514436,0.0005584382316676312,0.008647647865069955,0.0054903227577685655,0.007669613162533445,0.5537114120582022,0.11332036393475745,0.21349280795646344,-0.012402511963581647,0.032842616853840836,0.1320235425955616,0.19688118925114395,0.004017892271804158,0.01617787854047492,0.5491095581214075,0.5491435858586589,3.17045697237408e-33,0.5491095581214075,0.5757842539959911,0.33979053274987286,0.24570969971090398,0.3223010270724711,0.3078165177391697,0.305306865340864,0.2910712133063836,0.31211157526748906,0.29905603401932745
0,4,0.48431653361695853,0.3622563372151357,0.522837677198932,0.3048323746514947,64,1024,False,0.6457241207422687,0.6456775060879767,4.661465429405901e-05,0.6782622669954559,0.6599023328104231,0.19297746109157723,0.1897316398292915,2.48540488951195e-34,0.6456775060879767,0.0004507593248561899,0.6522190651770902,0.6526698245019468,0.0006906391377909419,0.012711219508159973,0.0075116565463596114,0.011458500945695976,0.6523906762640634,0.14119385004172794,0.24476107214142653,-0.007962591708172062,0.03848043074461829,0.15991114036296494,0.22802563146979082,0.00876741598767694,0.021864092181203887,0.6456775060879767,0.6457241207422687,2.48540488951195e-34,0.6456775060879767,0.6782622669954559,0.39170709989570834,0.3507706474528873,0.3223010270724711,0.3017883993274364,0.3318576477135948,0.29454145248286606,0.3318576477135948,0.2953135521885445
0,5,0.4313380989386356,0.3422684075577218,0.5060279045456441,0.276436996424407,64,1024,False,0.4828838209082576,0.4828259537646014,5.786714365522936e-05,0.5098265329189147,0.4826090415685386,0.1546526397121503,0.14738297416891627,9.204823814958922e-35,0.4828259537646014,0.000310029370501992,0.4713171713915464,0.4716272007620486,0.0006573610894389698,0.014828875751332371,0.011035192287116522,0.015716455981627693,0.4715738492814221,0.10708382402368687,0.2022214554006137,-0.00553359916398749,0.04169354405307025,0.12572238037682837,0.18578776308277156,0.01125261601555394,0.025078458173084073,0.4828259537646014,0.4828838209082576,9.204823814958922e-35,0.4828259537646014,0.5098265329189147,0.39184703612470995,0.38390710368296216,0.3223010270724711,0.31169638368488,0.3318576477135948,0.2998629354286944,0.3318576477135948,0.2998629354286944
0,6,0.41349720041042254,0.33292699562103023,0.4975880962716712,0.22407340188999,64,1024,False,0.5228815720004417,0.5228302914891081,5.128051133352467e-05,0.5354664822159777,0.5199546005362315,0.1760439044848387,0.16715081536761375,2.144962961071371e-34,0.5228302914891081,0.0004909242885701327,0.5136336844821708,0.5141246087707386,0.0009548741301139477,0.0246872555432567,0.02100649274395003,0.025712589033162786,0.4989481077922815,0.12710056791680868,0.22498724105286871,0.0037557098952400655,0.05275775404964521,0.14569199067045702,0.2083814890065696,0.020379273963044398,0.035939993656938896,0.5228302914891081,0.5228815720004417,2.144962961071371e-34,0.5228302914891081,0.5354664822159777,0.39184703612470995,0.3769008819939686,0.3223010270724711,0.2808164066438162,0.3318576477135948,0.29113588081311825,0.3318576477135948,0.29640993596949533
0,7,0.3964635529309882,0.32341202810238984,0.48892143403236166,0.2100614988214199,64,1024,False,0.4316542157238499,0.43159907578950213,5.513993434783192e-05,0.43121796789432554,0.4345664885494953,0.15065938587467467,0.1479769448334139,6.455577577101331e-33,0.43159907578950213,0.0007216437943887221,0.42342502592088327,0.4241466697152715,0.0017014015337504824,0.023099242601611454,0.0212285022852267,0.02618627516969682,0.4133379862642686,0.1041921345156305,0.19712663723371884,0.0025374998531056334,0.051386243718196924,0.1227401861033286,0.18068659207347082,0.01901900262600975,0.03449355975317303,0.43159907578950213,0.4316542157238499,6.455577577101331e-33,0.43159907578950213,0.43121796789432554,0.40368935678233525,0.3945131530783385,0.3365254887806392,0.30271988461555965,0.3365254887806392,0.3189969851355031,0.3365254887806392,0.3189969851355031
0,8,0.4402394378577443,0.3150434329287077,0.4822989470939116,0.19281987024349995,64,1024,False,0.7743707340270054,0.7743336167279384,3.7117299062691485e-05,0.7557793735804852,0.7850076322215932,0.19864918397283024,0.20269426721084594,7.479401153128545e-34,0.7743336167279384,0.0006548471157776382,0.767469378628513,0.7681242257442895,0.0008525276170571379,0.025222555190486502,0.023320596348293216,0.02846351581787441,0.7616870358733,0.14776714314174888,0.2495312248039116,0.00509045911338234,0.05436659766257454,0.16604731401457684,0.23245954406593228,0.021461775810166728,0.03739182136632735,0.7743336167279384,0.7743707340270054,7.479401153128545e-34,0.7743336167279384,0.7557793735804852,0.39184703612470995,0.36751024763885737,0.4600478752353081,0.3147215115672186,0.4600478752353081,0.32093905615430557,0.47380538576708947,0.35393510960861035
0,9,0.40149591711424465,0.30644799777120446,0.4747568093240517,0.15765104560595253,64,1024,False,0.7678348758484065,0.7678027840200726,3.2091828335942754e-05,0.7505989864482663,0.7838117386547592,0.19932798902265983,0.2031404260903687,5.2900553504809855e-34,0.7678027840200726,0.0004537992065971756,0.7600216161581473,0.7604754153647465,0.0005967309362387739,0.024749898651587544,0.021672088061335002,0.027305605644117843,0.7621396505934241,0.14863003612661735,0.2500259419187023,0.0049447015446802585,0.05369653558779573,0.16684737933246652,0.23288819425943075,0.021373516152380034,0.03679168147209566,0.7678027840200726,0.7678348758484065,5.2900553504809855e-34,0.7678027840200726,0.7505989864482663,0.40368935678233525,0.37869663691287886,0.4600478752353081,0.39038049274872816,0.4600478752353081,0.39038049274872816,0.47380538576708947,0.4185405736334569
0,10,0.46541798908832865,0.2953932170531962,0.464429513158818,0.16968627676307294,64,1024,False,0.8633452217944899,0.8633170418561333,2.817993835649259e-05,0.8433494910133646,0.8699968184833371,0.20629996396314648,0.2109765325063634,3.113184789007105e-32,0.8633170418561333,0.0003605518118403619,0.8449758676407454,0.8453364194525862,0.00042651872502292535,0.023926728731443657,0.020927248998758193,0.027464937524304168,0.8490695694845789,0.15459680975528392,0.25800311817100907,0.004078003129810735,0.05238210326334231,0.17271005309157772,0.240678754154942,0.02053514002909651,0.0354766834716429,0.8633170418561333,0.8633452217944899,3.113184789007105e-32,0.8633170418561333,0.8433494910133646,0.39184703612470995,0.3568221286733764,0.4600478752353081,0.3998965647178344,0.4600478752353081,0.3998965647178344,0.47380538576708947,0.3790654122602075
0,11,0.5348543473600056,0.28303238344853787,0.45350474271916574,0.1992216273823486,64,1024,False,0.5414606393797369,0.5414180142529649,4.262512676716705e-05,0.5167609770934894,0.5327745770625324,0.17996502790937502,0.1862291023316834,7.148890177590013e-32,0.5414180142529648,0.000130410225357231,0.5146165946316755,0.5147470048570334,0.00025334819654453615,0.025199947678282267,0.022193179044528645,0.028493345919248472,0.5105813980180037,0.1302264466579554,0.22970360916079463,0.005409349176416705,0.05342244114988429,0.14837156944122398,0.21260176953364862,0.02189702427131124,0.03653807740920456,0.5414180142529649,0.5414606393797369,7.148890177590013e-32,0.5414180142529648,0.5167609770934894,0.3468644631515667,0.3131428953452612,0.4600478752353081,0.45194600354128217,0.4600478752353081,0.45194600354128217,0.41877534363996405,0.33166517489214287
1,0,0.961574893895004,0.5739920668188288,0.7146433506458558,0.5539278686731905,64,1024,False,0.0324472240571809,0.03236371755065235,8.350650652843104e-05,0.035166514546845024,0.04112151706080348,0.036660957789306614,0.04197951886808297,3.740075788509705e-34,0.03236371755065235,6.28185128099642e-06,0.033712926192436626,0.033719208043717586,0.00018629889743708932,0.0029825972089447916,0.004084781060493476,0.004738092052806773,0.03703673600031,0.007521872756008775,0.06580004282260446,-0.017347882486142975,0.02484595566119204,0.024585474871855695,0.04911023870226927,-0.0012393035358400084,0.00882200648629805,0.03236371755065235,0.0324472240571809,3.740075788509705e-34,0.03236371755065235,0.035166514546845024,0.12986083903993245,0.14038243065027553,0.167602355288133,0.17457266269556918,0.167602355288133,0.1745726626955692,0.16315989817148693,0.16898877903041504
1,2,0.8834701500553024,0.6480664950926318,0.7770250248800431,0.6627271256757833,64,1024,False,0.11701428747572164,0.1170065913922151,7.696083506368699e-06,0.11226450485142671,0.1279788146149857,0.07277489595193687,0.08351092339481145,4.905121016449606e-35,0.1170065913922151,3.7785852004934125e-05,0.1204075253808551,0.1204453112328599,0.00031371791577574823,0.0026526852013025763,0.0017973003733311099,0.0027412155092911596,0.12618151424165458,0.033966388480535174,0.11158340342333856,-0.01734140935842572,0.02414425195429388,0.051945279774372466,0.0951170733969775,-0.0015120849639060907,0.008153604125254788,0.1170065913922151,0.11701428747572164,4.905121016449606e-35,0.1170065913922151,0.11226450485142671,0.14778122462401402,0.14988343929970038,0.14906363759192395,0.15432065655485214,0.14906363759192393,0.1543206565548521,0.16315989817148693,0.16705729758172064
1,3,0.6360796685433443,0.5393762189969775,0.6887223450669935,0.5237526871348469,64,1024,False,0.6432014290728535,0.6431795190770347,2.1909995818516067e-05,0.6355302640604932,0.6625829314216602,0.1779705806454243,0.1769884433903346,2.3181020087465097e-33,0.6431795190770347,9.104614085834682e-05,0.6647628377319904,0.6648538838728467,0.00013694157929557856,0.004191386000945234,0.001791757278799745,0.0033286072761503577,0.6607911741428605,0.12643190392798923,0.22950925736285935,-0.01600671791266364,0.026505120645799653,0.1451309354888508,0.21277137793367729,4.855115548707545e-05,0.010296257023583166,0.6431795190770347,0.6432014290728535,2.3181020087465097e-33,0.6431795190770347,0.6355302640604932,0.2865278631473375,0.20342440113452753,0.23255867935905963,0.17927928349904368,0.23255867935905963,0.16435690017227,0.22678498915828785,0.16488585257356486
1,4,0.585167199547683,0.48890981668114697,0.6431871896224963,0.45280966788925936,64,1024,False,0.7367777390468995,0.7367411696681779,3.656937871851053e-05,0.7229842610405687,0.7586106159089632,0.19582432759105897,0.20005524208581832,8.321664243847528e-34,0.7367411696681779,0.0003128012796621313,0.7616502972013351,0.7619630984809992,0.0004105202473528074,0.008359553848500553,0.0035394240828111947,0.006912289918987045,0.755071191826152,0.1430402798930406,0.24860837528907734,-0.011774466191914162,0.03283799105024231,0.16161120999458944,0.23167236001609126,0.004870105360168964,0.016512177484401036,0.7367411696681779,0.7367777390468995,8.321664243847528e-34,0.7367411696681779,0.7229842610405687,0.2865278631473375,0.2291151054023448,0.28110815032366043,0.20936216369969524,0.28995471289679425,0.20801580154344887,0.31211157526748906,0.21312820961601692
1,5,0.5299227126515734,0.457660876434918,0.6169496871496251,0.3912876735089924,64,1024,False,0.611222129754154,0.611171853858255,5.027589590101106e-05,0.6133111600584659,0.6252595692003635,0.19666330389798173,0.1976864728864803,1.7767462125385905e-33,0.611171853858255,9.619275582123056e-05,0.6269510426529931,0.6270472354088169,0.0001534059164753603,0.009941582989384908,0.006349734099378472,0.010447718285314966,0.6189098351009851,0.14453849381987433,0.24878811397608913,-0.009944593520746295,0.035541997263401175,0.16293637377384584,0.23173891270562308,0.006766711587260943,0.019097152398899198,0.611171853858255,0.611222129754154,1.7767462125385905e-33,0.611171853858255,0.6133111600584659,0.3468644631515667,0.30677952633581146,0.28110815032366043,0.2441967047975709,0.305306865340864,0.24496001642361231,0.31211157526748906,0.27994231803124137
1,6,0.5117460540119496,0.43916376368560045,0.5984685852148465,0.35873656299797285,64,1024,False,1.0877720055133853,1.087730303841642,4.1701671745403584e-05,1.0691539334649764,1.0967374354511572,0.22387423493653905,0.22957460743775002,6.271992016580114e-35,1.087730303841642,9.192233343253883e-05,1.1074197632994105,1.107511685632841,8.299897384831084e-05,0.018358127189857028,0.015256321286190191,0.019559998141801167,1.081481114164967,0.1698248640516833,0.2779236058213948,-0.0021420123808077417,0.0455889338855225,0.1882164644121076,0.26071681728353724,0.014512853049382102,0.0288261317400611,1.087730303841642,1.0877720055133853,6.271992016580114e-35,1.087730303841642,1.0691539334649764,0.39170709989570834,0.29806098317798946,0.3223010270724711,0.2616911560054724,0.305306865340864,0.2616911560054724,0.31211157526748906,0.2661647220547284
1,7,0.4932905934734491,0.4239835310310469,0.584110730682452,0.3221395174862794,64,1024,False,0.6496527167743845,0.6496053377316962,4.73790426875475e-05,0.6334558588051814,0.6507465270487228,0.20486977439256604,0.21149515289527995,9.964970388662416e-34,0.6496053377316962,1.748700784050261e-05,0.6569987815776764,0.6570162685855181,2.661579123169989e-05,0.016586743706934023,0.015345056842712024,0.019870921106718942,0.6354014702060108,0.15245439575614556,0.2572851530289865,-0.003433715522570213,0.043921488289115296,0.17047338718839455,0.2398315449754591,0.013079947064397857,0.027092396070656832,0.6496053377316962,0.6496527167743845,9.964970388662416e-34,0.6496053377316962,0.6334558588051814,0.39170709989570834,0.34854109560842444,0.3223010270724711,0.30271988461555965,0.305306865340864,0.2883695782434468,0.31211157526748906,0.29680946652759893
1,8,0.5336429231300874,0.4077028427584114,0.5694061077542185,0.32051680401650784,64,1024,False,0.4383902131432281,0.4383610632835269,2.914985969958205e-05,0.4194529060777944,0.4353173513291245,0.1565075587937335,0.16550551434493088,4.41518361230005e-33,0.4383610632835269,2.0429853127231624e-07,0.4411176699588749,0.44111787425740445,4.631381841333013e-07,0.018612477012764306,0.01720205192124328,0.021980452715603543,0.4181152994078812,0.10844118305232175,0.20457393453514522,-0.00098192297692528,0.046928678365842504,0.12668630047119223,0.1877412961985101,0.01542442750360351,0.03001227668573847,0.4383610632835269,0.4383902131432281,4.41518361230005e-33,0.4383610632835269,0.4194529060777944,0.3468644631515667,0.33260450954840015,0.3223010270724711,0.3147215115672186,0.305306865340864,0.2992991789862887,0.31211157526748906,0.3070000833241412
1,9,0.4950255891630801,0.3955314702101308,0.5586993368890532,0.31233706251263316,64,1024,False,0.33361549952057457,0.33359294773402354,2.2551786551518387e-05,0.3160520644126023,0.3336397472196036,0.12832618958573852,0.1360102352179857,1.7371909497594473e-33,0.33359294773402354,9.424638668662063e-06,0.33970950754495816,0.3397189321836264,2.7742459356276954e-05,0.018099306327177215,0.015478300696707924,0.020814280491993836,0.3181614465228957,0.08301366667116764,0.1736387125003094,-0.001166461922633099,0.04608048027401099,0.10129744245205075,0.1570702912285924,0.015281138592399657,0.02923708301386796,0.33359294773402354,0.33361549952057457,1.7371909497594473e-33,0.33359294773402354,0.3160520644126023,0.39170709989570834,0.37869663691287886,0.3223010270724711,0.3226299198440432,0.305306865340864,0.30474132854761465,0.31211157526748906,0.31192393292724563
1,10,0.5563409736522034,0.3795669946560527,0.5457807081022042,0.32930946320947585,64,1024,False,0.29419240058361507,0.2941734390337841,1.896154983054152e-05,0.28109143677160164,0.2878700988150399,0.12499816604632169,0.11921093029877812,2.4046829255296612e-32,0.29417343903378407,4.8365740055119754e-05,0.2975929325129909,0.2976412982530464,0.00016249673798291437,0.0175136060838987,0.014585857154490671,0.02087626327348805,0.2732842416605492,0.08015522279239223,0.16984110930025115,-0.001747745481868429,0.044954747684145105,0.09832441486651078,0.15318275618483312,0.014680092557682656,0.028070877990103327,0.2941734390337841,0.29419240058361507,2.4046829255296612e-32,0.29417343903378407,0.28109143677160164,0.2865278631473375,0.2873044954867284,0.3223010270724711,0.32446995287778,0.305306865340864,0.30749875421436734,0.31211157526748906,0.3135887247196742
1,11,0.6073360409541068,0.36157042972736225,0.5300136181547643,0.3380847055904159,64,1024,False,0.22286536147962932,0.2228317788710496,3.358260857985948e-05,0.2147438071497298,0.21703748405167317,0.12985686924648762,0.12952400359026028,1.3989155298722198e-32,0.22283177887104963,0.00013174257698708836,0.22629119228254335,0.2264229348595308,0.0005818428997434353,0.018169638607554085,0.01534625817243258,0.02142263607120901,0.2016912258792406,0.08562317427337127,0.17409056421960398,-0.0009538053319221376,0.045389176662657627,0.1037885928817559,0.15746443000534782,0.01549976187379798,0.028570066999236587,0.2228317788710496,0.22286536147962932,1.3989155298722198e-32,0.22283177887104963,0.2147438071497298,0.2865278631473375,0.2967827282898529,0.3223010270724711,0.3279619333841943,0.305306865340864,0.31542692446953324,0.31211157526748906,0.3219000994759539
2,0,0.7920445688652333,0.4429298706232805,0.5969452141769732,0.35485138584062503,64,1024,False,0.062319641151632424,0.06219600665981607,0.0001236344918166205,0.0695801220251,0.07371673633931065,0.0674072195934221,0.07084687085087815,1.6271625720366043e-33,0.062196006659816075,2.8278982152388e-05,0.06506745611854468,0.06509573510069717,0.0004344214272815721,0.0037295291344743935,0.00596033420118195,0.006910293741055489,0.06775640213812871,0.03272244060087147,0.10209199858597272,-0.01660253797654691,0.026757090671946916,0.05027409451577114,0.08550442086561816,-0.00020187002519378439,0.010578526693279855,0.06219600665981607,0.062319641151632424,1.6271625720366043e-33,0.062196006659816075,0.0695801220251,0.20543989169638435,0.23709418965893372,0.28110815032366043,0.32897712847713434,0.305306865340864,0.3342896408672309,0.31211157526748906,0.33489671017066147
2,1,0.8834701500553024,0.6480664950926318,0.7770250248800431,0.6627271256757833,64,1024,False,0.023557016543211906,0.023496819268505737,6.0197274705985884e-05,0.022970189464902053,0.026093712681132503,0.022060743740288997,0.025655657883866277,7.022223581941579e-35,0.023496819268505737,3.1418406560696463e-06,0.023836869285725776,0.023840011126381924,0.0001317885566166037,0.003823110251194643,0.0025494556243969638,0.003972634895235887,0.02354425705673554,-0.005636932734778534,0.04975842021535653,-0.01610203434381956,0.02664290527352661,0.01144400860357564,0.03318596586905187,-1.2311960745137185e-05,0.01038515253458172,0.023496819268505737,0.023557016543211906,7.022223581941579e-35,0.023496819268505737,0.022970189464902053,0.14778122462401402,0.1512051212959363,0.14906363759192395,0.16568741408268292,0.14906363759192393,0.1656874140826829,0.16315989817148693,0.16668363391631194
2,3,0.8964772888041239,0.7998150873579626,0.883961533774751,0.8136471272366058,64,1024,False,0.054334933229912556,0.05432085304545774,1.4080184455028114e-05,0.05067706847789586,0.05534249082242827,0.044720905789719635,0.04802513958607082,1.1937761418479833e-33,0.05432085304545776,9.768918883376212e-06,0.05538247099898272,0.05539223991786624,0.00017635897912525724,0.0021795400865932293,0.001118732506044198,0.002011426286466131,0.054223758316384076,0.011497618701234356,0.07794419287820492,-0.017241225031791044,0.0227863214716862,0.029624868984683417,0.061938133054354694,-0.001651364000281319,0.0073005048907361925,0.05432085304545774,0.054334933229912556,1.1937761418479833e-33,0.05432085304545776,0.05067706847789586,0.14778122462401402,0.15659709844542044,0.11177080757228972,0.11855900080500015,0.11858146228775698,0.12828208997488,0.113976060317784,0.13391257783321128
2,4,0.8592186384679078,0.6930397367678875,0.8074338246552035,0.6594825132335257,64,1024,False,0.11335798109105379,0.11332546520356777,3.251588748653756e-05,0.10694778546062073,0.11461982406544684,0.08616337739098462,0.08909850888030978,8.321664243847528e-34,0.11332546520356777,2.959801569331637e-05,0.11817210202412678,0.11820170003981967,0.0002504026226640177,0.00654357105531673,0.0030570987799667677,0.005867254352730954,0.11156272528548007,0.04648865152514548,0.12583810325682376,-0.013248268262720858,0.029938579724126342,0.06490860205667559,0.10970451471803244,0.003238177545426879,0.013883651910873596,0.11332546520356777,0.11335798109105379,8.321664243847528e-34,0.11332546520356777,0.10694778546062073,0.14778122462401402,0.14695589156863262,0.14291513171965536,0.14619837088762647,0.14291513171965536,0.14619837088762647,0.16315989817148693,0.159907062526098
2,5,0.8147754221467728,0.6319074265928947,0.7596082962380859,0.5604044591307096,64,1024,False,0.13434935616115137,0.13430203546580205,4.732069534959641e-05,0.13050697326166824,0.13661593879557596,0.09698959258749247,0.10066042630250413,4.03402932236974e-33,0.13430203546580202,3.031716446773571e-05,0.13816471650076736,0.1381950336652351,0.00021937955123030168,0.009586546432691226,0.007057929306256476,0.010644687027144656,0.12955800948931948,0.05631586946436474,0.1376633157106202,-0.010411782004779142,0.034531171509839406,0.07456939830444753,0.12133047330280533,0.006294444370723795,0.01818885743705323,0.13430203546580205,0.13434935616115137,4.03402932236974e-33,0.13430203546580202,0.13050697326166824,0.19380819590994214,0.19546860648338998,0.167602355288133,0.169814418271246,0.167602355288133,0.169814418271246,0.16315989817148693,0.16553064047394037
2,6,0.8003825775421423,0.5917200095822652,0.726521637278299,0.5886576350261236,64,1024,False,0.2510532842619495,0.2510194089877321,3.3875274219392375e-05,0.23580501093604747,0.2522633825135126,0.1354899278083713,0.14518699064372967,1.0194076446940131e-33,0.25101940898773206,4.744482067137955e-05,0.26006883688330934,0.2601162817039811,0.00018239850408661827,0.018538626738648194,0.016592896166845256,0.020555497620340864,0.23567048634666735,0.08977678767569588,0.1812030679410467,-0.002327823253741944,0.04551269478210744,0.1081812548727612,0.16464701015502214,0.014485578263702337,0.028919874755956698,0.2510194089877321,0.2510532842619495,1.0194076446940131e-33,0.25101940898773206,0.23580501093604747,0.19380819590994214,0.18488531364994498,0.167602355288133,0.15905392716351663,0.167602355288133,0.15905392716351663,0.16315989817148693,0.16260669564368466
2,7,0.7777013299822154,0.5633672994311344,0.7020192679214532,0.5027487735885595,64,1024,False,0.18672675181878234,0.1866846421688072,4.210964997561573e-05,0.1678549942772543,0.19449559531616326,0.10018151450851642,0.11764050999013886,3.0249984651705605e-33,0.18668464216880715,1.3800523880438333e-05,0.19901119455342303,0.1990249950773029,6.934065681085986e-05,0.017146441068394632,0.01691896548585132,0.021115913528938546,0.17757662983031194,0.058785318960838856,0.141577710056194,-0.003327912773600103,0.04433594187572231,0.07645108117139898,0.12465528651955537,0.013306922301126178,0.027619102475000545,0.1866846421688072,0.18672675181878234,3.0249984651705605e-33,0.18668464216880715,0.1678549942772543,0.21412345495438356,0.22954627518009332,0.167602355288133,0.16758905849923186,0.167602355288133,0.16758905849923186,0.22678498915828785,0.23520355985557834
2,8,0.7950105036261007,0.5325566433826259,0.6771469724557388,0.46054766094663985,64,1024,False,0.2690224717798247,0.2689952871862269,2.7184593597155356e-05,0.24481001377236036,0.2779706999423663,0.12021002854577875,0.13678595101285151,3.9161303540736404e-33,0.26899528718622684,5.2737486208514666e-05,0.282623200996618,0.2826759384828259,0.0001865651759805469,0.019018551789425922,0.018459024438700143,0.022931260241759475,0.25951167550366616,0.07621004693472867,0.16421001015682885,-0.0008419459265989332,0.04717731617246844,0.09418544152140385,0.1474164046885562,0.0156694886754849,0.03035538623953471,0.2689952871862269,0.2690224717798247,3.9161303540736404e-33,0.26899528718622684,0.24481001377236036,0.20543989169638435,0.19349761033102464,0.23255867935905963,0.2314449216851232,0.23255867935905963,0.2314449216851232,0.22678498915828785,0.22420998564199177
2,9,0.7587116373931541,0.5098969543251886,0.6580293507394628,0.45485006733271655,64,1024,False,0.32230821557880057,0.3222877186845152,2.0496894285370933e-05,0.29876975084474305,0.34033611486135723,0.12207739598828415,0.13902313312004963,8.097043975999394e-33,0.3222877186845152,2.3804526879275446e-05,0.3408842992219985,0.34090810374887814,6.982681437461659e-05,0.018766100004847245,0.016717270800163577,0.021748712111462457,0.3236188440611937,0.07753862111780083,0.16661617085876748,-0.0007943913412319231,0.04668798658826055,0.09581889413675526,0.15011953676003031,0.015777291628182866,0.029936752805951983,0.3222877186845152,0.32230821557880057,8.097043975999394e-33,0.3222877186845152,0.29876975084474305,0.24639865224148594,0.21010427469115261,0.23255867935905963,0.2265394910421793,0.23255867935905963,0.2265394910421793,0.24639865224148594,0.22314527410050353
2,10,0.7923562515030896,0.48181557277677245,0.6326001781506279,0.4661362690218336,64,1024,False,0.2443524361627082,0.24433482564312267,1.7610519585525445e-05,0.21989212891677332,0.25714629552847323,0.09686492752738296,0.11187047930238356,3.1117346742324623e-35,0.24433482564312267,8.006523010303081e-07,0.261838648543557,0.2618394491958574,3.057798599444103e-06,0.017543424139283094,0.014862597653468007,0.020893829044252788,0.24228369787500523,0.055156061065168134,0.1385737939895978,-0.0017655934981784561,0.04481834596575829,0.07331926044571446,0.12218730152380886,0.01479602274048375,0.0280676494439831,0.24433482564312267,0.2443524361627082,3.1117346742324623e-35,0.24433482564312267,0.21989212891677332,0.20543989169638435,0.20254944425230653,0.28110815032366043,0.28790993047998126,0.28995471289679425,0.30749875421436734,0.22678498915828785,0.22776968347850418
2,11,0.7817632276342128,0.45011665766106396,0.6063853153040064,0.44402618970170277,64,1024,False,0.236650828625559,0.23661676473181623,3.406389374067139e-05,0.2137088592159517,0.24469905454615898,0.1194074369854838,0.13408193815942693,1.0833355937178202e-34,0.23661676473181623,8.750890319269312e-05,0.2468309289782228,0.24691843788141615,0.0003544040855900754,0.01884582616245001,0.016236739891722075,0.022076610315804015,0.2284623146544369,0.07578161511814915,0.16303325885281844,-0.0003732809912896269,0.04596488947512409,0.09375095172435977,0.1462352440939867,0.016133389101014473,0.029208205836766865,0.23661676473181623,0.236650828625559,1.0833355937178202e-34,0.23661676473181623,0.2137088592159517,0.21412345495438356,0.21426165353386084,0.28110815032366043,0.28859696044673916,0.305306865340864,0.31542692446953324,0.31211157526748906,0.3219000994759539
3,0,0.5397231233924131,0.3889955513489588,0.5469742636734898,0.33958767294475384,64,1024,False,0.09500416122350928,0.09487958726837674,0.0001245739551327075,0.10379681150375467,0.10317951367161515,0.08777619664605667,0.08687198563440461,1.04752533381437e-32,0.09487958726837674,0.00015390143048646688,0.09949565214064275,0.0996495535711292,0.0015444266930570146,0.004783977710369253,0.007459573667623473,0.008548825028062418,0.09571994000399169,0.04894195227686437,0.12661044101524896,-0.015800680413192485,0.02819289064756981,0.06698664389114128,0.11016084006405436,0.0005898635863559321,0.01179669558769092,0.09487958726837674,0.09500416122350928,1.04752533381437e-32,0.09487958726837674,0.10379681150375467,0.33979053274987286,0.3893635537864921,0.3223010270724711,0.35288396635151836,0.305306865340864,0.3342896408672309,0.31211157526748906,0.33489671017066147
3,1,0.6360796685433443,0.5393762189969775,0.6887223450669935,0.5237526871348469,64,1024,False,0.06555071200510156,0.06547895206468185,7.175994041962916e-05,0.06258674027004567,0.06731712461962368,0.05289251701197721,0.05825252250467838,6.157090180129108e-34,0.06547895206468185,1.604328626876426e-06,0.06576920807091718,0.06577081239954416,2.4392714159138852e-05,0.005477645612801066,0.0038978318594991923,0.0055433368163318505,0.06341929276012448,0.01778524209910476,0.08799979192484966,-0.014759898175216765,0.028963069606264664,0.03494217151455814,0.07095651629788335,0.001227912653121166,0.012211066139570903,0.06547895206468185,0.06555071200510156,6.157090180129108e-34,0.06547895206468185,0.06258674027004567,0.2865278631473375,0.4212149364310957,0.23255867935905963,0.24801067382169728,0.23255867935905963,0.24801067382169728,0.22678498915828785,0.24938783083102545
3,2,0.8964772888041239,0.7998150873579626,0.883961533774751,0.8136471272366058,64,1024,False,0.13127579521691635,0.1312642772204365,1.1517996479268692e-05,0.13391257783321128,0.1348782972696257,0.08870848668409682,0.08986648668014106,1.2865862564843507e-34,0.1312642772204365,1.1635057624753254e-05,0.13214529289033464,0.13215692794795944,8.803971010384632e-05,0.0016790515836672937,0.0014547590871993256,0.0018585341587502287,0.13342353818242636,0.04837912055520318,0.12903785281299046,-0.017560132184430505,0.021621235709802927,0.06584146124805557,0.11193547785660485,-0.0023747012310195714,0.0062308798369485885,0.1312642772204365,0.13127579521691635,1.2865862564843507e-34,0.1312642772204365,0.13391257783321128,0.14778122462401402,0.14988343929970038,0.11177080757228972,0.10931061087663178,0.11858146228775698,0.11639130292412066,0.113976060317784,0.11216364963456332
3,4,0.9837990226954759,0.8389018407498616,0.9085800628110756,0.8505223149589118,64,1024,False,0.015128577781368282,0.015111440355540046,1.713742582834568e-05,0.016430561457999183,0.012776672605169376,0.014878060322459108,0.012254261394521715,9.460664114717337e-35,0.015111440355540046,1.805551566259204e-06,0.015273762242185181,0.015275567793751343,0.00011819865491335693,0.004008256787055989,0.0010358140683305445,0.0032755112076688154,0.011740858536838832,-0.010149574335800845,0.03990569498071906,-0.01507186479804532,0.02584950853511002,0.006650154733506497,0.0232443007917027,0.0008569396086386405,0.010229500818240922,0.015111440355540046,0.015128577781368282,9.460664114717337e-35,0.015111440355540046,0.016430561457999183,0.06478263379714899,0.0733660233701793,0.06653923548353823,0.0772899437350671,0.06653923548353823,0.0772899437350671,0.113976060317784,0.12284383294140079
3,5,0.9683543529041546,0.752034350980761,0.8505676182807849,0.7660237083749403,64,1024,False,0.03720232047230295,0.03717226795999264,3.0052512310317104e-05,0.038226248464855665,0.03418177655966295,0.03306994085445973,0.02944610207854671,2.024781349509441e-33,0.037172267959992636,9.140507550299624e-07,0.03655203738514585,0.036552951435900906,2.5006209324378026e-05,0.006207706401064294,0.004513290742860747,0.0075802360639442646,0.029668485816802204,0.0036081518280413685,0.0625317298808781,-0.013092626272585409,0.029835242512185382,0.02077210693823872,0.04598451704077888,0.003251258851378225,0.013751033118751366,0.03717226795999264,0.03720232047230295,2.024781349509441e-33,0.037172267959992636,0.038226248464855665,0.12986083903993245,0.140042460214941,0.14291513171965536,0.14922892551995118,0.14291513171965536,0.14922892551995118,0.14624328085345847,0.1550161184221858
3,6,0.9577150478151569,0.6916424086703477,0.8066697948669096,0.7349171524839512,64,1024,False,0.05665907940282823,0.05663663996346102,2.2439439367660455e-05,0.05528716331212115,0.055942139259095594,0.042717453541024866,0.04493685808975217,3.894392125666319e-34,0.05663663996346102,2.3924811574672896e-06,0.05769722171844385,0.057699614199601124,4.146442208765806e-05,0.015151871768590553,0.013713865536402053,0.017381533255059603,0.04222827372269354,0.010545593801439615,0.07488931328061012,-0.005239089901904439,0.04134012141203629,0.027375238030799665,0.05770428290270502,0.011504513684485573,0.024766724374785554,0.05663663996346102,0.05665907940282823,3.894392125666319e-34,0.05663663996346102,0.05528716331212115,0.14778122462401402,0.15024719855197857,0.14291513171965536,0.1510605324364677,0.14291513171965536,0.1510605324364677,0.16315989817148693,0.16260669564368466
3,7,0.9362555908570652,0.6505673219406138,0.7743148682944201,0.6549037826365233,64,1024,False,0.10829459455158731,0.10826444643085749,3.0148120729574223e-05,0.10186137388987557,0.10991645189296624,0.0739878797302473,0.08287971064077332,2.731895033444351e-34,0.10826444643085749,1.4462641701161803e-05,0.11193800640174129,0.11195246904344267,0.0001291855536973431,0.013632224729184052,0.013109628465297169,0.017005894776065626,0.09680682342766907,0.035766443118188426,0.11220931634230617,-0.0063063739763360716,0.039755043105381145,0.053109314118046314,0.09513355342642171,0.010260667186230421,0.023112891532946378,0.10826444643085749,0.10829459455158731,2.731895033444351e-34,0.10826444643085749,0.10186137388987557,0.14778122462401402,0.1508704408459238,0.14906363759192395,0.15653594754404906,0.14906363759192393,0.15653594754404906,0.16315989817148693,0.16498555769328385
3,8,0.924503794281693,0.606342731515658,0.7382247774364034,0.6258871119096626,64,1024,False,0.10480803799631037,0.104791613413521,1.6424582789342102e-05,0.09517952479658101,0.1011333708189282,0.05372792971127685,0.059387128714629325,7.461100886549895e-35,0.104791613413521,6.89463849956153e-05,0.10524161726614085,0.10531056365113664,0.0006546958121315795,0.015419355116797796,0.01469464906267432,0.01896856391867034,0.08643872175625389,0.018237325538953776,0.08921853388359993,-0.0038377856708662617,0.042663538858545604,0.035484582935168874,0.07228336964180926,0.012649348522245418,0.025900161534082144,0.104791613413521,0.10480803799631037,7.461100886549895e-35,0.104791613413521,0.09517952479658101,0.14778122462401402,0.14637479850894575,0.167602355288133,0.17141408320874096,0.167602355288133,0.17141408320874096,0.16315989817148693,0.16043238728431256
3,9,0.8958340092947158,0.5747054046527589,0.713301113091132,0.6019787638688886,64,1024,False,0.13470263980416705,0.13469080430555294,1.1835498613178279e-05,0.12152329242635859,0.1333036925967288,0.05958801404128748,0.0685832431794832,5.667896752017458e-34,0.13469080430555294,6.496973620702635e-05,0.1343603521580103,0.13442532189421746,0.000483314715497967,0.01563477648815041,0.013661768611973069,0.018522600627386226,0.11964192398475573,0.022485328346371722,0.09669069973620324,-0.003417452247711828,0.04279223779551239,0.03996072347945301,0.07990509088995168,0.013097775692585856,0.02609015030611772,0.13469080430555294,0.13470263980416705,5.667896752017458e-34,0.13469080430555294,0.12152329242635859,0.14778122462401402,0.13887225476572485,0.167602355288133,0.15988620924525157,0.167602355288133,0.15988620924525157,0.16315989817148693,0.15553967406677463
3,10,0.8936449245006433,0.5359361529746663,0.6799000847670948,0.6098681603674583,64,1024,False,0.1593046681129012,0.15929506555034195,9.602562559246718e-06,0.14869977896684392,0.16514979603103047,0.07983241329567861,0.09120100001361421,1.1560652330405493e-32,0.15929506555034195,2.6752879844903634e-05,0.1624598665722487,0.16248661945209367,0.0001646466640460278,0.014899850105657492,0.012121819399861155,0.017971994268290218,0.15302797663116932,0.03998344307538989,0.11968138351596733,-0.003952405241510644,0.04148080550666864,0.057338052909472026,0.10250872407050338,0.012525576057669241,0.024850151734426618,0.15929506555034195,0.1593046681129012,1.1560652330405493e-32,0.15929506555034195,0.14869977896684392,0.14778122462401402,0.14083658796859833,0.23255867935905963,0.24018221575835197,0.23255867935905963,0.24018221575835197,0.16315989817148693,0.15795495281772073
3,11,0.8299249672250628,0.49520304137085924,0.6453546975978535,0.5890520279992223,64,1024,False,0.1677815800129469,0.16775726579923447,2.431421371196575e-05,0.1541897839076091,0.17145493050981356,0.0979370301999403,0.10947018305992397,1.3284345956529463e-33,0.16775726579923447,8.259114916879908e-06,0.170748552073218,0.17075681118813515,4.8367704101596525e-05,0.016334113517763434,0.01349170265700194,0.019196189780887798,0.1579632278528116,0.056427930939463855,0.13944612946041673,-0.002543271675615442,0.04281240123418456,0.07382272222457686,0.12217957264510915,0.013878641031624284,0.026150145422434434,0.16775726579923447,0.1677815800129469,1.3284345956529463e-33,0.16775726579923447,0.1541897839076091,0.19380819590994214,0.20797178882137451,0.23255867935905963,0.24460012748888604,0.23255867935905963,0.24460012748888604,0.16315989817148693,0.16314347012310088
4,0,0.48431653361695853,0.3622563372151357,0.522837677198932,0.3048323746514947,64,1024,False,0.07444351085940476,0.07431772977678953,0.0001257810826154457,0.07923319532290729,0.08189679531481094,0.07057373244234308,0.07380635026030848,2.0259314193782026e-32,0.07431772977678953,9.129645445074967e-05,0.07683136504429351,0.07692266149874419,0.0011868603175182665,0.004049197987258945,0.006180189753627202,0.007157671292498943,0.07571660556118373,0.03453163224625802,0.10661583263842814,-0.016544842338105225,0.027105068766867985,0.05234296934213489,0.09013668754050741,-0.00019744367455132306,0.010764299324364401,0.07431772977678953,0.07444351085940476,2.0259314193782026e-32,0.07431772977678953,0.07923319532290729,0.39170709989570834,0.6435001572952557,0.3223010270724711,0.3825388269309507,0.3318576477135948,0.5386933125061684,0.3318576477135948,0.5343068454236326
4,1,0.585167199547683,0.48890981668114697,0.6431871896224963,0.45280966788925936,64,1024,False,0.04175880532967814,0.04168374792096962,7.505740870846438e-05,0.037333088026911314,0.0416206524464401,0.031930212453526334,0.035495250349286064,1.7290156446357933e-36,0.04168374792096962,3.728800097554378e-06,0.04225261846333235,0.042256347263429854,8.82423668640525e-05,0.005251572489007306,0.00358964949623554,0.005059941328212727,0.03803100295020456,0.0009824111606264903,0.06287801374642618,-0.014914336035565207,0.02869075317505142,0.017761609597073402,0.04570677888841601,0.00114013457641704,0.012027561213471927,0.04168374792096962,0.04175880532967814,1.7290156446357933e-36,0.04168374792096962,0.037333088026911314,0.2865278631473375,0.4212149364310957,0.28110815032366043,0.338595898084851,0.28995471289679425,0.3741619211867553,0.31211157526748906,0.39031789173561776
4,2,0.8592186384679078,0.6930397367678875,0.8074338246552035,0.6594825132335257,64,1024,False,0.11757522191914686,0.11755661411546253,1.860780368494277e-05,0.12281885524792191,0.12213271981091818,0.08855257847510396,0.08524552155957014,1.201781055669613e-33,0.11755661411546253,7.442137363718913e-05,0.1208139422873748,0.12088836366101206,0.0006156206551515338,0.003087187069570808,0.0015221092539970335,0.0016932654572006465,0.12061061055692114,0.04912832283777303,0.1279768341124349,-0.016918419020149105,0.023572984640220115,0.06654153259296436,0.11086347750097048,-0.0013119945579092018,0.007848466797440778,0.11755661411546253,0.11757522191914686,1.201781055669613e-33,0.11755661411546253,0.12281885524792191,0.14778122462401402,0.14988343929970038,0.14291513171965536,0.14397283048132556,0.14291513171965536,0.14397283048132556,0.16315989817148693,0.16705729758172064
4,3,0.9837990226954759,0.8389018407498616,0.9085800628110756,0.8505223149589118,64,1024,False,0.013564343839079833,0.013558442801190508,5.901037889411015e-06,0.015788686920694663,0.015288571030170641,0.01482360413738119,0.013677044232042307,2.6801257489871816e-33,0.013558442801190505,1.241398809409239e-06,0.01363518276739754,0.013636424166206904,9.103550859657261e-05,0.0015934501555820609,0.0013351364990525727,0.0011345176971765652,0.013953434531118069,-0.009930938988958925,0.0395781472637213,-0.018088863729160486,0.021231346005230106,0.00682819532812573,0.022866163752041757,-0.0027060908323619515,0.0059616667276714,0.013558442801190508,0.013564343839079833,2.6801257489871816e-33,0.013558442801190505,0.015788686920694663,0.06478263379714899,0.06923662896773576,0.06653923548353823,0.07217818532385417,0.06653923548353823,0.07217818532385417,0.113976060317784,0.129703821175734
4,5,0.9883433943978478,0.8813345431114804,0.9346673009024733,0.9406656831754526,64,1024,False,0.05625143507467661,0.05624113499499316,1.0300079683572516e-05,0.058283071399852095,0.048995962185200796,0.04932477168392556,0.03942722263433997,1.173739601276221e-34,0.05624113499499316,1.2019278235117317e-08,0.05714793979175177,0.057147951811029905,2.1031861780210858e-07,0.0009427036320169252,0.000355246939627148,0.00193764981486529,0.048640715245573646,0.01594160268843249,0.08270794067941863,-0.01749932671229488,0.02151424869817243,0.033877895344630815,0.06662183522712439,-0.002238963650597725,0.0063164467792375945,0.05624113499499316,0.05625143507467661,1.173739601276221e-34,0.05624113499499316,0.058283071399852095,0.044462657448349194,0.03164696793088198,0.06653923548353823,0.07288907058538428,0.06653923548353823,0.07288907058538428,0.04007063959164273,0.030642243496846286
4,6,0.9768796406966501,0.8011954552490057,0.884055607300542,0.8860083628002586,64,1024,False,0.052339040502267835,0.0523325666973499,6.473804917929894e-06,0.05393280631037292,0.04223688206699411,0.034855942250367256,0.023647339229276927,6.154580500818575e-33,0.0523325666973499,6.371426067906646e-06,0.053555302981320455,0.0535616744073882,0.0001189549456472515,0.0072183632581737335,0.006638539420705095,0.0095064478604338,0.03559834264628901,0.004500856089920787,0.06521102841081372,-0.012089775059809144,0.031168420960950387,0.021857645675481763,0.04876983891153941,0.0041766936556086875,0.014902804432495032,0.0523325666973499,0.052339040502267835,6.154580500818575e-33,0.0523325666973499,0.05393280631037292,0.06478263379714899,0.06576898175049227,0.11177080757228972,0.10567550621625119,0.11858146228775698,0.11272461205152802,0.09235562260673301,0.10004018586600502
4,7,0.9590422147886738,0.7429304690003901,0.8437151987174655,0.7869195494855535,64,1024,False,0.10882150819998263,0.10880563079401177,1.5877405971117096e-05,0.10783539658335337,0.09789370501900131,0.06787527272080215,0.05618210010008901,3.179840873435113e-33,0.10880563079401177,1.436138557181723e-05,0.11471206338402612,0.11472642476959807,0.00012517940483771552,0.006945334745237267,0.007548076542810243,0.010610069189563625,0.09034562847619107,0.03111361194922753,0.10463693349237678,-0.012330416189141278,0.031051544461571497,0.0489598538770224,0.08827219072554726,0.003872205277730245,0.014692237324197777,0.10880563079401177,0.10882150819998263,3.179840873435113e-33,0.10880563079401177,0.10783539658335337,0.12986083903993245,0.13693672305883922,0.14291513171965536,0.14815412031324254,0.14291513171965536,0.14815412031324254,0.14624328085345847,0.15633909014867603
4,8,0.9437801234312183,0.6842500261418527,0.7995409814357772,0.7523230878149934,64,1024,False,0.34380602683038036,0.3438010110548264,5.015775550675366e-06,0.34024070703336756,0.3365028327963635,0.11368538208830206,0.10526481699694398,7.663441649064006e-33,0.3438010110548264,3.8316571179033857e-05,0.35345041983880426,0.3534887364099828,0.0001083954514878618,0.008681850934292155,0.009048577434034335,0.012646873396373942,0.3274542553623292,0.07012951537670253,0.1572412487999016,-0.009758949719477354,0.03405254653439624,0.08862660410522949,0.14106391935638385,0.0064305973501177505,0.017552075725689065,0.3438010110548264,0.34380602683038036,7.663441649064006e-33,0.3438010110548264,0.34024070703336756,0.14778122462401402,0.14637479850894575,0.14906363759192395,0.13744695274897054,0.14906363759192393,0.1374469527489705,0.16315989817148693,0.16043238728431256
4,9,0.9173331900481455,0.6428638581062378,0.7678608407221279,0.7361163045468748,64,1024,False,0.3620986878900195,0.3620974788552829,1.2090347379729398e-06,0.3544474439049259,0.3615437750755451,0.1052868482194961,0.1009966552942532,3.867719622277398e-33,0.3620974788552829,8.399103573923377e-05,0.37395294901447185,0.37403694005021004,0.00022455278274910218,0.009262468698302877,0.008050020311605139,0.01223560802574753,0.35349375476393996,0.06199451842132221,0.14857917801767,-0.009120407921922168,0.03462425603174566,0.08045258904894581,0.13238936325797113,0.007086276957124937,0.018154374716687016,0.3620974788552829,0.3620986878900195,3.867719622277398e-33,0.3620974788552829,0.3544474439049259,0.14778122462401402,0.13887225476572485,0.167602355288133,0.15988620924525157,0.167602355288133,0.15988620924525157,0.16315989817148693,0.15553967406677463
4,10,0.9119967504909554,0.5959547893999794,0.7298058927702642,0.6995009898625787,64,1024,False,0.28534040805930183,0.285338346279531,2.0617797721046067e-06,0.2769791403572409,0.2907997552251013,0.09178683873043718,0.0863346691685918,1.7815992906480988e-32,0.285338346279531,7.5517609630067e-05,0.29681211392287515,0.29688763153250497,0.00025436428334940213,0.009182144336304137,0.006748562471361024,0.011907978128429756,0.2840511927537403,0.0498968709768645,0.13367680648400987,-0.00901033779452882,0.034139744247858955,0.06811331210337812,0.1173090167430928,0.007117362460121512,0.017785579635528848,0.285338346279531,0.28534040805930183,1.7815992906480988e-32,0.285338346279531,0.2769791403572409,0.14778122462401402,0.14083658796859833,0.167602355288133,0.16184568238975885,0.167602355288133,0.16184568238975885,0.16315989817148693,0.15795495281772073
4,11,0.8299661700595194,0.5444986487920562,0.6850747955652381,0.6706378455121783,64,1024,False,0.19965093700941475,0.19963509637916985,1.5840630245228277e-05,0.1905130935122458,0.2058855100279585,0.08530268974157032,0.08529188853802461,8.930237563021152e-36,0.19963509637916985,5.392295317044106e-05,0.21067476495546952,0.21072868790863974,0.00025588805067594333,0.011004866894042953,0.007893741533595478,0.013048819784781633,0.197991768494363,0.04460073377615961,0.12600464570698103,-0.007362401736000758,0.0360444042273314,0.06216030293580843,0.10893383708025794,0.008772492248681374,0.01960748780402355,0.19963509637916985,0.19965093700941475,8.930237563021152e-36,0.19963509637916985,0.1905130935122458,0.19380819590994214,0.20797178882137451,0.23255867935905963,0.24460012748888604,0.23255867935905963,0.24460012748888604,0.16315989817148693,0.16314347012310088
5,0,0.4313380989386356,0.3422684075577218,0.5060279045456441,0.276436996424407,64,1024,False,0.0860645658700286,0.08593744188414283,0.00012712398588603328,0.08646840515674395,0.08838821307671203,0.0754988076332919,0.07724979547827356,5.796316508854735e-33,0.08593744188414286,0.00015890844392700594,0.08712173935356497,0.08728064779749226,0.0018206606840923526,0.0034318486266908792,0.005609285916263615,0.0066959667257085,0.08277892716044842,0.03791982957687166,0.11307778568971216,-0.01703300323619983,0.026493520881748854,0.05583672007196583,0.09658189165202202,-0.000677317104418762,0.010202980716712773,0.08593744188414283,0.0860645658700286,5.796316508854735e-33,0.08593744188414286,0.08646840515674395,0.39184703612470995,0.6435001572952557,0.3223010270724711,0.49217032767640595,0.3318576477135948,0.5386933125061684,0.3318576477135948,0.5343068454236326
5,1,0.5299227126515734,0.457660876434918,0.6169496871496251,0.3912876735089924,64,1024,False,0.07376137961462696,0.07368260011587409,7.87794987520481e-05,0.06498123053088466,0.07172487798133644,0.05263906414734353,0.05859256421139233,7.066507077631468e-34,0.07368260011587409,2.148412152528676e-06,0.07282743365316148,0.07282958206531408,2.94991690409807e-05,0.004450047289206132,0.0033136114007285638,0.004840457020205421,0.06841126658060787,0.017300285363085526,0.08797784293160155,-0.01565530935417701,0.027670053448728468,0.03457302859897027,0.07105806880281307,0.00044250997598282993,0.011172102902492043,0.07368260011587409,0.07376137961462696,7.066507077631468e-34,0.07368260011587409,0.06498123053088466,0.3468644631515667,0.4521667886214783,0.28110815032366043,0.338595898084851,0.305306865340864,0.3744766360544296,0.31211157526748906,0.39031789173561776
5,2,0.8147754221467728,0.6319074265928947,0.7596082962380859,0.5604044591307096,64,1024,False,0.1807753471091767,0.18075192382968372,2.3423279492122482e-05,0.18448997824725788,0.1849695195358517,0.1140944483847631,0.11385159386702681,2.0591195556212795e-34,0.18075192382968372,8.634640447971409e-05,0.18202351270624695,0.1821098591107268,0.00047414458998188325,0.002686546696795203,0.0014751049785487304,0.001856495008143975,0.18349441455730298,0.07073641831882412,0.1574524784507021,-0.017109659267865257,0.023160771310777727,0.08854642535879975,0.14045965833793161,-0.0015266956761479378,0.007541092665633187,0.18075192382968372,0.1807753471091767,2.0591195556212795e-34,0.18075192382968372,0.18448997824725788,0.19380819590994214,0.19813929427526844,0.167602355288133,0.17460977857544138,0.167602355288133,0.17460977857544138,0.16315989817148693,0.16705729758172064
5,3,0.9683543529041546,0.752034350980761,0.8505676182807849,0.7660237083749403,64,1024,False,0.03979158576617294,0.0397827893887796,8.796377393457725e-06,0.03823661374732642,0.04415457002547806,0.03260312476787884,0.03799104833929055,3.249816114088966e-34,0.0397827893887796,7.909607930050897e-07,0.038867309975858744,0.03886810093665166,2.0349869788961908e-05,0.0016018311239722643,0.0014834669761911805,0.0013537132052878497,0.04267110304928688,0.0022436301729341114,0.06296261936282357,-0.018147149451450503,0.021540979539463753,0.01937604600971099,0.046220311291108374,-0.0025922209533746354,0.006222656476893462,0.0397827893887796,0.03979158576617294,3.249816114088966e-34,0.0397827893887796,0.03823661374732642,0.12986083903993245,0.14004130851688867,0.14291513171965536,0.15439184894345104,0.14291513171965536,0.15439184894345104,0.14624328085345847,0.15606206877219775
5,4,0.9883433943978478,0.8813345431114804,0.9346673009024733,0.9406656831754526,64,1024,False,0.03309243561137926,0.033092213544153364,2.2206722585774164e-07,0.030642243496846286,0.039969647686823435,0.02718629474260637,0.036066020466333525,9.781678351901787e-35,0.033092213544153364,2.441530842835472e-06,0.03287123522441344,0.03287367675525626,7.427008731066534e-05,0.0007258779046116828,0.0006649226995951978,0.0007206777869893509,0.039304724987228236,-0.0021456241818872714,0.05651821366710001,-0.017678360791263274,0.019395353927511648,0.014714436249050777,0.03957206699124072,-0.0030540760126314126,0.004894810401310679,0.033092213544153364,0.03309243561137926,9.781678351901787e-35,0.033092213544153364,0.030642243496846286,0.044462657448349194,0.058283071399852095,0.06653923548353823,0.0772899437350671,0.06653923548353823,0.0772899437350671,0.04007063959164273,0.0414175533194708
5,6,0.9928831487119587,0.8989056009984548,0.9451356317171251,0.9118331182281914,64,1024,False,0.03701524566431625,0.03701510544757178,1.402167441325252e-07,0.03925797772401791,0.030453692604995978,0.021786071742828112,0.014791033099076988,3.42422159043532e-33,0.03701510544757179,4.528135323392775e-06,0.03580299127527012,0.03580751941059357,0.00012645766581789906,0.0041085084625212195,0.00413988557686986,0.006331915261545578,0.026313807028126118,-0.005424351788299336,0.04899649527395556,-0.014474529043044922,0.026358134840329478,0.011483265858259983,0.032303601365129,0.0012680888394243084,0.010609650125843473,0.03701510544757178,0.03701524566431625,3.42422159043532e-33,0.03701510544757179,0.03925797772401791,0.0305393804734836,0.02399671875245598,0.06653923548353823,0.06957048634570714,0.06653923548353823,0.06957048634570714,0.04007063959164273,0.039808435202405554
5,7,0.9794203712627134,0.8290426187957098,0.9025074438939495,0.8313226885025904,64,1024,False,0.09897605533113313,0.09896772111117412,8.334219958747571e-06,0.09941277751609391,0.08323198614138383,0.05825439836691351,0.044144669724895606,1.0303665498643437e-33,0.09896772111117408,2.6808142974347346e-05,0.09826833172161095,0.0982951398645853,0.000272731113779167,0.004241078482181096,0.005135046145092979,0.007637677405444343,0.07809693999629085,0.02338895153521192,0.0931198451986151,-0.014656471854654747,0.026786557507863677,0.04104557926621055,0.07668486410693731,0.001169813156593591,0.010831233485077973,0.09896772111117412,0.09897605533113313,1.0303665498643437e-33,0.09896772111117408,0.09941277751609391,0.06478263379714899,0.05817508508353382,0.11177080757228972,0.11314392202297816,0.09042877752357958,0.08697016957003156,0.113976060317784,0.11730207369520565
5,8,0.9587390647838938,0.7536943955652665,0.8507691479206286,0.7882902378133583,64,1024,False,0.33103870828223825,0.3310392570166776,-5.487344399145444e-07,0.33326770960731594,0.31872544592992824,0.11973035023704763,0.10367221091443109,2.604392778932969e-33,0.3310392570166776,4.1155582801990805e-05,0.33427572088339397,0.3343168764661954,0.00012310351555390973,0.005878149831416372,0.00681328056186227,0.009998215031841055,0.311912165368066,0.07581107313517774,0.16364962733891752,-0.012345992556032033,0.030012605978858894,0.0942898041321314,0.14739381241815863,0.0035915798653149977,0.01377520678943256,0.3310392570166776,0.33103870828223825,2.604392778932969e-33,0.3310392570166776,0.33326770960731594,0.14778122462401402,0.10286721357629357,0.14291513171965536,0.1254212469229748,0.14291513171965536,0.1254212469229748,0.14624328085345847,0.13722908084366722
5,9,0.9362444778841722,0.7031814561178245,0.8146371367129085,0.752719303565569,64,1024,False,0.3255102049802128,0.3255127122288353,-2.5072486219378056e-06,0.3247218872109263,0.32181728208219634,0.10150028258248736,0.08966865086550138,2.610061689526608e-33,0.3255127122288354,8.147012653213021e-05,0.3315122446950024,0.33159371482153366,0.00024569261385421035,0.006505433928470316,0.005842193116125884,0.009546692429445851,0.31597508896607046,0.05921092556855944,0.14378963959641528,-0.011610916992788758,0.030686037923989357,0.07761498627223773,0.12759192572411848,0.004320674823247828,0.014465494168689474,0.3255127122288353,0.3255102049802128,2.610061689526608e-33,0.3255127122288354,0.3247218872109263,0.14778122462401402,0.13887225476572485,0.14291513171965536,0.12829776527142964,0.14291513171965536,0.12928820003465025,0.16315989817148693,0.15086494441878437
5,10,0.9214168236389586,0.6461571536002317,0.7701799919302414,0.7147881838545029,64,1024,False,0.2487520488047567,0.24875329112005004,-1.2423152935202667e-06,0.2454391274764206,0.25337649806658563,0.07498310866842244,0.06455461428884564,1.5500812833049215e-32,0.24875329112005004,5.387115593231804e-05,0.25450503415950715,0.2545589053154396,0.00021162550123934173,0.006475507311607528,0.004460564102640354,0.0090540100946981,0.2489159339639453,0.03590088085401051,0.11406533648283436,-0.011462373285550052,0.030385603301383707,0.05387135844648583,0.09762235281232279,0.004386715576401912,0.014268892395193689,0.24875329112005004,0.2487520488047567,1.5500812833049215e-32,0.24875329112005004,0.2454391274764206,0.14778122462401402,0.14083658796859833,0.16082390773682834,0.1409686431925142,0.16082390773682834,0.14096864319251418,0.16315989817148693,0.15795495281772073
5,11,0.8278984205186373,0.584003327566953,0.7172523507159874,0.7008582537398291,64,1024,False,0.13576067893199,0.13574980429131214,1.087464067809967e-05,0.13291563007469603,0.14297423039317714,0.05023811027858639,0.04370373794734392,3.711107814024689e-33,0.13574980429131214,1.3017569583075533e-05,0.1420753040605717,0.1420883216301549,9.161604158404572e-05,0.008396983400228134,0.0053352202091143065,0.010033041589925322,0.13763901018406283,0.015102748653630114,0.08537347190354266,-0.009697187707911649,0.03252461589995217,0.032184750751184765,0.06824640342529165,0.006202280790603254,0.016300776791467797,0.13574980429131214,0.13576067893199,3.711107814024689e-33,0.13574980429131214,0.13291563007469603,0.19380819590994214,0.20797178882137451,0.167602355288133,0.16944540697689697,0.167602355288133,0.16944540697689697,0.16315989817148693,0.16314347012310088
6,0,0.41349720041042254,0.33292699562103023,0.4975880962716712,0.22407340188999,64,1024,False,0.10017007384638528,0.10003426330317088,0.0001358105432140185,0.10188900367156954,0.11333591519978342,0.09677225955085592,0.10761223636885892,1.0163236081357002e-32,0.1000342633031709,0.00010195124616432833,0.10382987973556593,0.10393183098173013,0.0009809434241782003,0.0025120692154984975,0.00391951434394077,0.0050351318250441675,0.10941640085584266,0.057952125668987636,0.1355923934327242,-0.01742172010309906,0.02483105144512098,0.07562302704900503,0.11883532942738384,-0.0013133887186995707,0.008777873292274307,0.10003426330317088,0.10017007384638528,1.0163236081357002e-32,0.1000342633031709,0.10188900367156954,0.39184703612470995,0.6435001572952557,0.3223010270724711,0.49217032767640595,0.3318576477135948,0.5386933125061684,0.3318576477135948,0.5343068454236326
6,1,0.5117460540119496,0.43916376368560045,0.5984685852148465,0.35873656299797285,64,1024,False,0.07670133012115868,0.07661594397215014,8.538614900835084e-05,0.06752121282359205,0.07704694978084349,0.06177892665656655,0.07157400650112705,3.3455010697031254e-33,0.07661594397215016,8.759222813932996e-06,0.07560910161371404,0.07561786083652787,0.00011583536901247247,0.003756801075430376,0.002056617182273462,0.0035589502808307215,0.07499033259857003,0.025924678620185805,0.0976331746929473,-0.016054995655503446,0.026355654685673392,0.0432843166126986,0.08078401204693364,-0.00010375941201345995,0.010072240940644406,0.07661594397215014,0.07670133012115868,3.3455010697031254e-33,0.07661594397215016,0.06752121282359205,0.39170709989570834,0.4521667886214783,0.3223010270724711,0.3923579960015299,0.305306865340864,0.3744766360544296,0.31211157526748906,0.39031789173561776
6,2,0.8003825775421423,0.5917200095822652,0.726521637278299,0.5886576350261236,64,1024,False,0.08263174475823214,0.08260655165321466,2.5193105017643894e-05,0.0849650767504606,0.08526553642299026,0.07132750388352849,0.07189822296201659,3.8367113798007864e-35,0.08260655165321466,0.00013005102943669687,0.08379876250946075,0.08392881353889743,0.0015495397105360455,0.0028177704875243918,0.0011624134735539614,0.0014011855630833147,0.0841031229494363,0.03425278722914103,0.10840222053791594,-0.017104160551572406,0.023242329594596968,0.05180882717104396,0.0916562656784663,-0.0014480520840152167,0.007660823415790219,0.08260655165321466,0.08263174475823214,3.8367113798007864e-35,0.08260655165321466,0.0849650767504606,0.19380819590994214,0.19813929427526844,0.167602355288133,0.17460977857544138,0.167602355288133,0.17460977857544138,0.16315989817148693,0.16705729758172064
6,3,0.9577150478151569,0.6916424086703477,0.8066697948669096,0.7349171524839512,64,1024,False,0.04333375934966523,0.04331739518758753,1.636416207760128e-05,0.04101273966366231,0.04775143016642017,0.038234645640107603,0.043706941293297455,4.960213365967936e-34,0.04331739518758753,2.846614153603989e-05,0.0426023939266886,0.042630860068224606,0.000667735567391413,0.0022571278041724043,0.0011868182967703896,0.0010208548228139596,0.046564611869649775,0.007180175107089071,0.06928911617312614,-0.01766006837255792,0.022272818064654736,0.024644989192893263,0.05289551914756885,-0.0019624173146439716,0.006946773413801566,0.04331739518758753,0.04333375934966523,4.960213365967936e-34,0.04331739518758753,0.04101273966366231,0.14778122462401402,0.15659709844542044,0.14291513171965536,0.15439184894345104,0.14291513171965536,0.15439184894345104,0.16315989817148693,0.16488585257356486
6,4,0.9768796406966501,0.8011954552490057,0.884055607300542,0.8860083628002586,64,1024,False,0.0318639014510302,0.031852324049527043,1.1577401503051458e-05,0.02730081040599562,0.03418326237786364,0.027224639951195173,0.03331746638971001,1.0776714818996259e-33,0.03185232404952703,1.860876478736493e-05,0.030573453580125486,0.03059206234491282,0.0006082873582551846,0.0017604030227933419,0.00029740971528345855,7.511775682743184e-05,0.033885852662580186,-0.0009113163446824932,0.05536059624707284,-0.017601644466740122,0.020959320872897067,0.016384779431973584,0.038959058438194916,-0.002395714560407214,0.005993549639242701,0.031852324049527043,0.0318639014510302,1.0776714818996259e-33,0.03185232404952703,0.02730081040599562,0.06478263379714899,0.0733660233701793,0.11177080757228972,0.12115636281298908,0.11858146228775698,0.13162155541372286,0.09235562260673301,0.10536658504688048
6,5,0.9928831487119587,0.8989056009984548,0.9451356317171251,0.9118331182281914,64,1024,False,0.027657869821998426,0.02764260936559616,1.5260456402368494e-05,0.02399671875245598,0.027633213825769,0.025296127022758953,0.02875227482642893,2.7416631575292886e-33,0.027642609365596163,2.427442641763702e-05,0.027138796227728842,0.027163070654146297,0.00089365546063297,0.0009389879615723188,-0.0003356316885249373,-0.00077735386031746,0.027968845514293936,-0.002182496314621807,0.05277475036013971,-0.018294865114258794,0.019570456556442375,0.015215512234135531,0.0364337266801158,-0.003398488952370826,0.004769962324644439,0.02764260936559616,0.027657869821998426,2.7416631575292886e-33,0.027642609365596163,0.02399671875245598,0.0305393804734836,0.03164696793088198,0.06653923548353823,0.07288907058538428,0.06653923548353823,0.07288907058538428,0.04007063959164273,0.04168427854401665
6,7,0.9913114512686436,0.9156059573262949,0.9545839824311824,0.9187469229959264,64,1024,False,0.04605404347673093,0.04604638414523944,7.659331491441153e-06,0.04333833011334137,0.04111325427131078,0.0335535192122165,0.03053371231048747,7.768051187496878e-34,0.04604638414523946,1.8577640292095798e-05,0.04848862700047025,0.04850720464076253,0.0003829872372502016,0.0007713682318189447,0.0015904762572758525,0.0021359177923507625,0.03952277801403493,0.003257180076025507,0.06384985834840749,-0.017878719561358142,0.019892836861441145,0.020700798406323884,0.04744865818793187,-0.003076999018958304,0.0050660637425608,0.04604638414523944,0.04605404347673093,7.768051187496878e-34,0.04604638414523946,0.04333833011334137,0.0305393804734836,0.027979590545512044,0.026944275508471657,0.02147959064018175,0.026944275508471657,0.02147959064018175,0.04007063959164273,0.039603826659971496
6,8,0.9718016242273563,0.829142443324196,0.9009390914289843,0.8579384052811688,64,1024,False,0.330332682103976,0.33033290918063174,-2.2707665736758828e-07,0.32703366801437367,0.32776332483997656,0.11916910099402861,0.11836857741294543,4.13536020046373e-34,0.33033290918063174,4.82142911467828e-05,0.3367903651038799,0.3368385793950269,0.0001431376751243199,0.0010471795893105488,0.002074142225045214,0.003648835560397584,0.32568918261493135,0.07512934514468951,0.16320885684336772,-0.01691324342056587,0.021692284279008503,0.09368184486083919,0.14702568203938426,-0.0018808329186867923,0.006532674306072295,0.33033290918063174,0.330332682103976,4.13536020046373e-34,0.33033290918063174,0.32703366801437367,0.12986083903993245,0.10286721357629357,0.11177080757228972,0.09472374983534841,0.11858146228775698,0.09472374983534841,0.113976060317784,0.09460718689082129
6,9,0.9536731694579249,0.7723428770629193,0.8636352899491244,0.8105233889981688,64,1024,False,0.23385069759934327,0.23385242255619673,-1.7249568514242827e-06,0.22422097229644744,0.23691347314040548,0.08603582713280991,0.08827277005188353,8.54736269007697e-36,0.23385242255619673,0.00015968718384395071,0.23720304360289793,0.23736273078674192,0.0006727559264028747,0.0017177239342223846,0.0014791516553250732,0.003481828200472912,0.2354343214850804,0.04542545256611573,0.12664620169950408,-0.016284409996551105,0.022762702717780983,0.0637290311860852,0.1104442144787754,-0.0011311254784232005,0.007441269313858356,0.23385242255619673,0.23385069759934327,8.54736269007697e-36,0.23385242255619673,0.22422097229644744,0.14778122462401402,0.13887225476572485,0.14291513171965536,0.12829776527142964,0.14291513171965536,0.12928820003465025,0.14624328085345847,0.13915439981318675
6,10,0.9357544492920189,0.7041889895022667,0.8143578272507628,0.7653693146128867,64,1024,False,0.2227631074602071,0.22276341198329308,-3.0452308693475205e-07,0.21150667468194953,0.23075124805125719,0.07177118782096449,0.07232110770205781,5.70208880278319e-34,0.22276341198329308,0.0001538916357156592,0.22613390794507898,0.2262877995807952,0.0006800704059200186,0.0023865849911984113,0.0007987313163351102,0.0036520088015003444,0.22995251673492206,0.032555952556849524,0.11098642308507946,-0.015444454554248997,0.023654357863479726,0.05061667376139667,0.09462790373072494,-0.00027544607291929424,0.008313814498251304,0.22276341198329308,0.2227631074602071,5.70208880278319e-34,0.22276341198329308,0.21150667468194953,0.14778122462401402,0.14083658796859833,0.14291513171965536,0.13445145787945811,0.14291513171965536,0.13445145787945811,0.16315989817148693,0.13783394998540988
6,11,0.8352632527037178,0.6295152791327484,0.7519850447303842,0.7102131064681819,64,1024,False,0.1823431723522812,0.18232851157548483,1.466077679691904e-05,0.16911415010381786,0.19030883533570717,0.07390065294968994,0.08003438690368392,1.2446422606552613e-32,0.18232851157548483,1.3170411285383408e-05,0.1824464138888879,0.18245958430017314,7.218262244704078e-05,0.004061153222860575,0.0015126456422402002,0.004653228375421827,0.18879618969346695,0.03458755446882883,0.11321375143055104,-0.014263273117575408,0.0259562167620285,0.052094357342866715,0.0962647911219392,0.0011967086611548439,0.010251885076286271,0.18232851157548483,0.1823431723522812,1.2446422606552613e-32,0.18232851157548483,0.16911415010381786,0.19380819590994214,0.20797178882137451,0.167602355288133,0.16944540697689697,0.167602355288133,0.16944540697689697,0.16315989817148693,0.16314347012310088
7,0,0.3964635529309882,0.32341202810238984,0.48892143403236166,0.2100614988214199,64,1024,False,0.22749987037073136,0.22736292251142418,0.00013694785930594145,0.24183300966695287,0.24020646945432464,0.15719841319193656,0.15682558112148756,7.28040091075317e-33,0.22736292251142418,0.0002780871588864681,0.23498556249160513,0.23526364965049212,0.001182023484289199,0.002860625682923074,0.004061633212659992,0.005200850200309423,0.23614483624166466,0.11009016779555025,0.20430665858832286,-0.01703639604437649,0.025265312210352213,0.12858254963794025,0.18770726337243104,-0.0009421778813702986,0.009179782107821666,0.22736292251142418,0.22749987037073136,7.28040091075317e-33,0.22736292251142418,0.24183300966695287,0.40368935678233525,0.6435001572952557,0.3365254887806392,0.49217032767640595,0.3365254887806392,0.5386933125061684,0.3365254887806392,0.5343068454236326
7,1,0.4932905934734491,0.4239835310310469,0.584110730682452,0.3221395174862794,64,1024,False,0.156763619572076,0.15667530217818226,8.831739389352847e-05,0.15564857402840804,0.15693813936170545,0.11283725193568064,0.11547951129994787,5.4412852758994336e-33,0.15667530217818224,7.704546895390256e-05,0.15589302503003333,0.15597007049898717,0.0004939759833884468,0.00427658400582096,0.0022182954708550094,0.0037487689054710015,0.15471984389085044,0.07010968315688804,0.15556482071447325,-0.015403013436695413,0.026890048702425045,0.08829464203881798,0.1390613489493262,0.0005216055360506289,0.010625112845445983,0.15667530217818226,0.156763619572076,5.4412852758994336e-33,0.15667530217818224,0.15564857402840804,0.39170709989570834,0.4521667886214783,0.3223010270724711,0.3923579960015299,0.305306865340864,0.3744766360544296,0.31211157526748906,0.39031789173561776
7,2,0.7777013299822154,0.5633672994311344,0.7020192679214532,0.5027487735885595,64,1024,False,0.10564060575935838,0.10560991879543898,3.068696391950765e-05,0.11422581498243772,0.11098439040450407,0.08928954735269615,0.08622144173140298,3.3158672510819096e-33,0.10560991879543898,0.00023110173521643086,0.11303011608758481,0.11326121782280105,0.0020404313114308304,0.0036317912592465544,0.0008423017043309697,0.0012641221973024894,0.1101420887001731,0.050359712279840485,0.1282193824255518,-0.016484772012523068,0.02446245221402868,0.06807843063143082,0.11151647729275282,-0.0006812479696236551,0.008716873162484262,0.10560991879543898,0.10564060575935838,3.3158672510819096e-33,0.10560991879543898,0.11422581498243772,0.21412345495438356,0.19813929427526844,0.167602355288133,0.17460977857544138,0.167602355288133,0.17460977857544138,0.22678498915828785,0.26613482825938534
7,3,0.9362555908570652,0.6505673219406138,0.7743148682944201,0.6549037826365233,64,1024,False,0.0740318851725186,0.07401052678388649,2.135838863202e-05,0.07748047123482986,0.08265772636453386,0.06780792343715575,0.07275620372886724,2.8349710180601717e-35,0.07401052678388649,7.22931207828551e-05,0.07712377380152648,0.07719606692230938,0.0009364870992146708,0.002387543176818876,0.0006015288122418653,0.0006142307374229635,0.082056197552292,0.0324676631757566,0.1031481836985549,-0.017437391004139692,0.022531272377835386,0.050285921672184486,0.08675719196617138,-0.0017248431031475775,0.007192317854787689,0.07401052678388649,0.0740318851725186,2.8349710180601717e-35,0.07401052678388649,0.07748047123482986,0.14778122462401402,0.15659709844542044,0.14906363759192395,0.15928980421436598,0.14906363759192393,0.15928980421436595,0.16315989817148693,0.16488585257356486
7,4,0.9590422147886738,0.7429304690003901,0.8437151987174655,0.7869195494855535,64,1024,False,0.07299908883675972,0.07298078581119102,1.8303025568465792e-05,0.07231953584679886,0.08307300133458877,0.06716736289020621,0.07634889370658347,7.80665003346564e-35,0.07298078581119102,4.1340251630719314e-05,0.07511768125313074,0.07515902150476156,0.0005500371186724441,0.002018956475995793,-0.0002742686837905953,-2.2557699348579736e-05,0.08334727001837937,0.03240198951947987,0.10193273626093255,-0.017365398464870015,0.021666536743022116,0.05000442921300419,0.08535847167513566,-0.00196121239423519,0.006584627233678475,0.07298078581119102,0.07299908883675972,7.80665003346564e-35,0.07298078581119102,0.07231953584679886,0.12986083903993245,0.1362543171725029,0.14291513171965536,0.14619837088762647,0.14291513171965536,0.14619837088762647,0.14624328085345847,0.15296362130860935
7,5,0.9794203712627134,0.8290426187957098,0.9025074438939495,0.8313226885025904,64,1024,False,0.07307924921534753,0.07305850088209172,2.0748333256056382e-05,0.06964359990474756,0.08274636905866589,0.06600649352815016,0.07810230016339477,3.4286895111774094e-33,0.07305850088209173,5.377717605124865e-05,0.07542187041217795,0.0754756475882292,0.0007125102966275903,0.0019101615325880091,-0.00016112933002123626,-0.00015705409867411492,0.08290749838868713,0.03121327764668673,0.1007997094096136,-0.017618534178784576,0.021406551275262822,0.048622316906403285,0.08404077822342515,-0.002316276375495363,0.006239614856895059,0.07305850088209172,0.07307924921534753,3.4286895111774094e-33,0.07305850088209173,0.06964359990474756,0.06478263379714899,0.06434072778736731,0.11177080757228972,0.11645160842423885,0.09042877752357958,0.09941277751609391,0.113976060317784,0.1180062839916964
7,6,0.9913114512686436,0.9156059573262949,0.9545839824311824,0.9187469229959264,64,1024,False,0.040661578913656814,0.04065664284517028,4.936068486483272e-06,0.042456527794690654,0.049382558780857275,0.03784431933436413,0.04530554771673541,6.168574072403057e-34,0.04065664284517028,2.2650101160890654e-05,0.0423898600929621,0.042412510194122975,0.0005340429287778688,0.0020675387844602726,0.0007880666326559728,0.0012883411982273548,0.0485944921482013,0.008370638679665122,0.06731799998906313,-0.016476729731657095,0.021495740182387275,0.025250206017517485,0.05036276802275097,-0.0015716880006948486,0.006631636017118581,0.04065664284517028,0.040661578913656814,6.168574072403057e-34,0.04065664284517028,0.042456527794690654,0.0305393804734836,0.025841686189912352,0.026944275508471657,0.021773524746398664,0.026944275508471657,0.021773524746398664,0.04007063959164273,0.039808435202405554
7,8,0.9851073724710598,0.9019137662821674,0.9457853745687725,0.909302598201912,64,1024,False,0.29790394181809127,0.29790853076066337,-4.588942571458291e-06,0.3021748704172228,0.2948590348541161,0.11831017056387187,0.1124560812982819,2.4463347042881333e-33,0.29790853076066337,6.680219250301395e-06,0.30012143958487975,0.30012811980412996,2.2257891911831016e-05,0.000510130788245617,0.0012361437382749142,0.002399209221718795,0.29362289111584117,0.07483326603326428,0.16178707509447948,-0.017163336442187264,0.02026772905900767,0.09332421281578718,0.14558066023892025,-0.0024929877399699762,0.0055541135734529234,0.29790853076066337,0.29790394181809127,2.4463347042881333e-33,0.29790853076066337,0.3021748704172228,0.06478263379714899,0.04347450809794961,0.06653923548353823,0.040357498268684386,0.06653923548353823,0.040357498268684386,0.09235562260673301,0.05611329195454909
7,9,0.975167788887884,0.8377787130709209,0.9073886056991498,0.8567882669547376,64,1024,False,0.20340076945473878,0.20340606879105516,-5.29933631691155e-06,0.20373980708292785,0.20605151073788042,0.08349917053219091,0.08159598112973299,3.155887355143234e-33,0.2034060687910551,6.543044442568122e-05,0.20299847311843977,0.20306390356286622,0.0003222160279481908,0.0015617547551234354,0.0009399235527908466,0.002464537099828627,0.20511158718508957,0.043519456821084754,0.12347888424329707,-0.01655962150659831,0.021722895946555597,0.06191693598520942,0.10743453352188226,-0.0016071911522885785,0.006696667209325824,0.20340606879105516,0.20340076945473878,3.155887355143234e-33,0.2034060687910551,0.20373980708292785,0.12986083903993245,0.09527920934525741,0.09337907193015903,0.06424375657485312,0.09042877752357958,0.06424375657485312,0.113976060317784,0.1138166444408947
7,10,0.9526895143311601,0.7578917792139568,0.8536340193905093,0.7925379914521822,64,1024,False,0.2263151718569715,0.22631773977998795,-2.567923015233629e-06,0.22666971788091178,0.23295567540317924,0.08015375553863612,0.07808704805452718,6.532557156135199e-33,0.22631773977998795,8.287345373621298e-05,0.22695701758386322,0.2270398910376,0.00036501714900175113,0.002345907318585097,0.000838572029496239,0.0030975196041756513,0.232117103373683,0.040191931984173396,0.12011557909309883,-0.015756909691144547,0.022978044053940636,0.05853595132793998,0.10402971804433037,-0.0006576678351848386,0.007800036881235428,0.22631773977998795,0.2263151718569715,6.532557156135199e-33,0.22631773977998795,0.22666971788091178,0.14778122462401402,0.14083658796859833,0.14291513171965536,0.13445145787945811,0.14291513171965536,0.13445145787945811,0.14624328085345847,0.13783394998540988
7,11,0.8433821030978935,0.6703823745232937,0.783079125009239,0.7168737418361593,64,1024,False,0.17151857796449388,0.1715052051763801,1.3372788114132547e-05,0.16967467104935077,0.1803643874124035,0.07761857909688996,0.08179746654328428,4.6558259708828726e-33,0.17150520517638007,1.3624177224449648e-05,0.16952571473770903,0.16953933891493353,8.035997610728911e-05,0.0033847915575208154,0.001252987965780547,0.003865425763693674,0.17911139944662294,0.03822623812568,0.11701092006809993,-0.014922716123167463,0.024624652185408193,0.055691454268526286,0.1000090374291176,0.00041464898822596297,0.009177542422548868,0.1715052051763801,0.17151857796449388,4.6558259708828726e-33,0.17150520517638007,0.16967467104935077,0.1605533563152861,0.15143204158122142,0.14906363759192395,0.14611920424086297,0.14906363759192393,0.14611920424086294,0.16315989817148693,0.16314347012310088
8,0,0.4402394378577443,0.3150434329287077,0.4822989470939116,0.19281987024349995,64,1024,False,0.21551606376780155,0.21537369148246835,0.00014237228533157945,0.22425464154590297,0.23489773174896528,0.15685652401574557,0.16349434421530937,6.353771495855333e-34,0.21537369148246835,0.00019964613104981715,0.22864913252878857,0.2288487786598383,0.0008723932555767402,0.003028964801930824,0.004040144685706399,0.005127946020305855,0.23085758706325887,0.10991835792389969,0.20379469010759144,-0.01699047093378807,0.025470395681887643,0.1281068030220922,0.1869245393318124,-0.0008565924799768254,0.00936117154196836,0.21537369148246835,0.21551606376780155,6.353771495855333e-34,0.21537369148246835,0.22425464154590297,0.39184703612470995,0.6435001572952557,0.4600478752353081,0.7166222070339014,0.4600478752353081,0.7166222070339014,0.47380538576708947,0.7557793735804852
8,1,0.5336429231300874,0.4077028427584114,0.5694061077542185,0.32051680401650784,64,1024,False,0.1484696465219829,0.14837620264716803,9.344387481544158e-05,0.1458907949623272,0.15287919845172415,0.12010846415531015,0.12438963901606893,7.371466903231898e-33,0.148376202647168,0.00011414456494618801,0.15012772281231995,0.15024186737726627,0.000759738726220463,0.003959906424774479,0.0025295031742056566,0.0039848120592813575,0.15034969527751849,0.0774790810894152,0.1627378472212051,-0.01576740874527621,0.026589594665688856,0.09520579771924531,0.14579194748512236,0.00015665624960092828,0.010304687246389221,0.14837620264716803,0.1484696465219829,7.371466903231898e-33,0.148376202647168,0.1458907949623272,0.3468644631515667,0.4212149364310957,0.3223010270724711,0.3923579960015299,0.305306865340864,0.3744766360544296,0.31211157526748906,0.39031789173561776
8,2,0.7950105036261007,0.5325566433826259,0.6771469724557388,0.46054766094663985,64,1024,False,0.1809665335719708,0.1809274132564359,3.912031553364492e-05,0.18977058338401437,0.18916703933783643,0.13742396152973654,0.13338100724233606,3.1718996222977566e-34,0.1809274132564359,0.0004665277806862246,0.19218330842278392,0.19264983620347015,0.0024216360100794165,0.0035778997447299954,0.0010423437861059157,0.0013942849659043387,0.18812469555173053,0.09294077888809125,0.18190714417138182,-0.01682554184865078,0.02453866861685492,0.11083081914694048,0.1649524730091798,-0.0009381980416947044,0.008677013953274582,0.1809274132564359,0.1809665335719708,3.1718996222977566e-34,0.1809274132564359,0.18977058338401437,0.20543989169638435,0.19813929427526844,0.23255867935905963,0.24069060152864719,0.23255867935905963,0.24069060152864724,0.22678498915828785,0.26613482825938534
8,3,0.924503794281693,0.606342731515658,0.7382247774364034,0.6258871119096626,64,1024,False,0.13479106621893827,0.13476008543872803,3.098078020884236e-05,0.14007325444385457,0.14329882844964378,0.11694667334294359,0.12041826779959922,1.7996745369218503e-34,0.13476008543872803,0.00020683725050978352,0.14069864784058053,0.1409054850910902,0.0014679148251473028,0.0023803527073687743,0.0008831016526968103,0.0008636709978725309,0.14241572679694697,0.07501136031464434,0.15888198637124284,-0.01763186215148658,0.022706977268428095,0.09297011153830681,0.1421431665221462,-0.0018227952532470226,0.0072627935514901765,0.13476008543872803,0.13479106621893827,1.7996745369218503e-34,0.13476008543872803,0.14007325444385457,0.14778122462401402,0.15659709844542044,0.167602355288133,0.17001079794461582,0.167602355288133,0.16435690017227,0.16315989817148693,0.16488585257356486
8,4,0.9437801234312183,0.6842500261418527,0.7995409814357772,0.7523230878149934,64,1024,False,0.21647863737399387,0.21644784280535018,3.079456864367138e-05,0.21658514163041764,0.23113796261666114,0.14473292819508418,0.1555041572121484,1.874777245064311e-33,0.2164478428053502,0.00012242098532085075,0.2224401920399566,0.2225626130252774,0.000550051887227559,0.0020323049972583423,7.857716063645546e-05,0.0003348715941764378,0.2310593854560247,0.0996868816457806,0.18977897474438776,-0.01735903280933195,0.021747766891617327,0.11771270567260217,0.17290019337815465,-0.001941909096785821,0.006633971162955277,0.21644784280535018,0.21647863737399387,1.874777245064311e-33,0.2164478428053502,0.21658514163041764,0.14778122462401402,0.14695589156863262,0.14906363759192395,0.14619837088762647,0.14906363759192393,0.14619837088762647,0.16315989817148693,0.159907062526098
8,5,0.9587390647838938,0.7536943955652665,0.8507691479206286,0.7882902378133583,64,1024,False,0.16756714817026735,0.16753199798097773,3.515018928938923e-05,0.1665319375547882,0.17974558681967848,0.1280155035169873,0.1394646112797896,2.603448559678901e-33,0.16753199798097773,0.00011476981126299481,0.17196787718526263,0.17208264699652578,0.000666945873196104,0.002314701148122537,0.0002107238374255538,0.00041632629118738314,0.17953486298225294,0.08477010389094998,0.1712609031430246,-0.017394250810250332,0.022082818049468003,0.10270398273132741,0.15445106316474266,-0.001951266523974482,0.006782433374610264,0.16753199798097773,0.16756714817026735,2.603448559678901e-33,0.16753199798097773,0.1665319375547882,0.14778122462401402,0.14318920419436645,0.14291513171965536,0.14922892551995118,0.14291513171965536,0.14922892551995118,0.14624328085345847,0.1550161184221858
8,6,0.9718016242273563,0.829142443324196,0.9009390914289843,0.8579384052811688,64,1024,False,0.21662827351461184,0.21660798243649493,2.0291078116857078e-05,0.21837121968251483,0.2324528868507249,0.13137206095091966,0.14204695063960238,9.599528177605962e-35,0.21660798243649493,6.890921561849124e-05,0.2225435065564906,0.222612415772108,0.0003095479440330711,0.002118602774219838,0.0005983290641498765,0.0013150776333896396,0.23185455778657502,0.08800173666259825,0.17474238523924107,-0.016509973567184658,0.021733002378316962,0.10600924671598477,0.1580213438719511,-0.001471719762776047,0.006811280574765988,0.21660798243649493,0.21662827351461184,9.599528177605962e-35,0.21660798243649493,0.21837121968251483,0.12986083903993245,0.12002635230186777,0.11177080757228972,0.10567550621625119,0.11858146228775698,0.11272461205152802,0.113976060317784,0.10448559128462663
8,7,0.9851073724710598,0.9019137662821674,0.9457853745687725,0.909302598201912,64,1024,False,0.09641689272807756,0.09639826233473425,1.863039334339295e-05,0.0962279772143558,0.09972905068924776,0.08325790111858859,0.08872437133207416,3.291646242519976e-34,0.09639826233473425,2.6839127471144044e-05,0.09740964924091028,0.09743648836838137,0.0002754525324196051,0.0011079400214000367,0.00028505059316257637,0.0004847835297437111,0.09944400009608519,0.045462953300340725,0.12105284893683646,-0.01747175938549812,0.01980819843741753,0.06307965250016423,0.10436473845038563,-0.002826345866196789,0.005176211045181844,0.09639826233473425,0.09641689272807756,3.291646242519976e-34,0.09639826233473425,0.0962279772143558,0.06478263379714899,0.05817508508353382,0.06653923548353823,0.06324048640233627,0.06653923548353823,0.06324048640233627,0.09235562260673301,0.09158115168520843
8,9,0.991229265763877,0.9316819295649961,0.9639452223118901,0.9546773761375189,64,1024,False,0.01991217483297026,0.01991420071931244,-2.025886342198133e-06,0.019143568542350924,0.023802112220919856,0.010821762892861294,0.01287519783248427,4.547783974567998e-36,0.01991420071931244,1.6395236275487702e-05,0.019636796574767752,0.019653191811043254,0.0008342276630239325,0.000573987340261915,-0.000453432677514115,-0.00015379436581358094,0.02425554489843397,-0.014456164692914227,0.036099690478636814,-0.01758338544570717,0.018614424970303297,0.0022673410203424282,0.019317493235575967,-0.003389519923075568,0.004367555688077118,0.01991420071931244,0.01991217483297026,4.547783974567998e-36,0.01991420071931244,0.019143568542350924,0.0305393804734836,0.03361267260735893,0.017093364228197842,0.01504315991404476,0.017093364228197842,0.01504315991404476,0.014042243145562574,0.014134814568580128
8,10,0.9758796716855881,0.8363763175156236,0.905974945032458,0.8813526401004116,64,1024,False,0.04435062224662092,0.044350250577488086,3.716691329959966e-07,0.04699157388747198,0.05165749094815043,0.022315748715272435,0.022402353563669722,2.8717892401490437e-33,0.044350250577488086,4.291011278776296e-05,0.045052803971179826,0.0450957140839676,0.0009515341681443368,0.001439406204774727,-0.00011349252683808453,0.0008270969216373746,0.05177098347498851,-0.0065499527706904745,0.051181450201235344,-0.017220663071331833,0.020396336456443946,0.010368367889896035,0.03439016759512015,-0.002513477549655363,0.0055812190475990064,0.044350250577488086,0.04435062224662092,2.8717892401490437e-33,0.044350250577488086,0.04699157388747198,0.06478263379714899,0.07171735624552004,0.09337907193015903,0.10884157127772137,0.09042877752357958,0.09911621825080111,0.09235562260673301,0.10142843235058521
8,11,0.8756519245138981,0.7305717382136645,0.8278039757660183,0.7926501377770417,64,1024,False,0.23617294663350633,0.23615609673844476,1.684989506240883e-05,0.24349958612989894,0.24244677678475984,0.12453049445306712,0.13117560322483415,2.3759206725952832e-33,0.23615609673844476,3.9569666884641077e-05,0.233304988915971,0.2333445585828555,0.00016957612864407448,0.002526103668092919,0.000530565500586533,0.0019124040003694232,0.24191621128417332,0.08046365119033429,0.16859733771579993,-0.01638855399347832,0.02252365066687017,0.09799198840482859,0.15125960680597927,-0.0012704006876447238,0.007240575359901413,0.23615609673844476,0.23617294663350633,2.3759206725952832e-33,0.23615609673844476,0.24349958612989894,0.14778122462401402,0.14829871975101122,0.14291513171965536,0.13740179855560025,0.14291513171965536,0.13740179855560025,0.14624328085345847,0.13740179855560028
9,0,0.40149591711424465,0.30644799777120446,0.4747568093240517,0.15765104560595253,64,1024,False,0.1826438628271051,0.18249688395728286,0.00014697886982192524,0.19110746311979632,0.1974396391894636,0.14440084939264347,0.1482882826659084,3.2431481166370657e-34,0.18249688395728286,0.00016900458531531837,0.1942340657319237,0.1944030703172389,0.0008693514204252344,0.003431877840862203,0.0043488144419867565,0.005518211265079564,0.19309082474747685,0.09885419077876603,0.1899475080065209,-0.016476623350574166,0.025967363077975047,0.11709389114548685,0.17324579894921044,-0.0003645796168711968,0.009843978150456678,0.18249688395728286,0.1826438628271051,3.2431481166370657e-34,0.18249688395728286,0.19110746311979632,0.40368935678233525,0.6435001572952557,0.4600478752353081,0.7166222070339014,0.4600478752353081,0.7166222070339014,0.47380538576708947,0.7969742387308154
9,1,0.4950255891630801,0.3955314702101308,0.5586993368890532,0.31233706251263316,64,1024,False,0.13648207268809548,0.13638578397984263,9.628870825304596e-05,0.13432969331254363,0.13743879102114223,0.11503867581384297,0.11596191874390165,7.524768872479849e-33,0.1363857839798426,0.00013191175342679924,0.13750817821661834,0.13764008997004537,0.0009583817727488206,0.00449136583969628,0.0026456340215286673,0.004243143886726178,0.13479315699961356,0.07327641692355562,0.1568009347041303,-0.015072241952356524,0.027368078965116987,0.09101887648284901,0.13994960064155748,0.0008374105964321643,0.01103575553133851,0.13638578397984263,0.13648207268809548,7.524768872479849e-33,0.1363857839798426,0.13432969331254363,0.39170709989570834,0.4521667886214783,0.3223010270724711,0.3923579960015299,0.305306865340864,0.3744766360544296,0.31211157526748906,0.39031789173561776
9,2,0.7587116373931541,0.5098969543251886,0.6580293507394628,0.45485006733271655,64,1024,False,0.18469054730392728,0.18464869150399493,4.185579993130192e-05,0.1940275536382288,0.1900557635345633,0.1496098248645627,0.14221425964956239,1.0088011633042837e-33,0.18464869150399493,0.0005622443284978336,0.19339750990726792,0.19395975423576586,0.0028987679980992504,0.003746649056594399,0.0010300479003242154,0.0016822840724604754,0.1890257156342391,0.10426647371897446,0.19495317601015094,-0.016394445797157167,0.024920833516103427,0.1221504525092314,0.1779102481305017,-0.0005443997215479612,0.009047833867953159,0.18464869150399493,0.18469054730392728,1.0088011633042837e-33,0.18464869150399493,0.1940275536382288,0.24639865224148594,0.2878880728914937,0.23255867935905963,0.24069060152864719,0.23255867935905963,0.24069060152864724,0.24639865224148594,0.29876975084474305
9,3,0.8958340092947158,0.5747054046527589,0.713301113091132,0.6019787638688886,64,1024,False,0.14431548258929675,0.14427977566810885,3.570692118797562e-05,0.1517794883157207,0.14916669898724674,0.12884149861970023,0.12794472095280793,1.4346753753494925e-33,0.14427977566810882,0.00034084269407360463,0.14714699445080132,0.14748783714487468,0.0023109884901139402,0.0027872588246136867,0.0008141254678723216,0.0011333189739664632,0.14835257351937442,0.08625825290879878,0.17142474433060167,-0.017044168258352213,0.023551856870020385,0.10427158703532768,0.15468296530161751,-0.0011988578262389638,0.008013931888854131,0.14427977566810885,0.14431548258929675,1.4346753753494925e-33,0.14427977566810882,0.1517794883157207,0.14778122462401402,0.15659709844542044,0.167602355288133,0.17001079794461582,0.167602355288133,0.16435690017227,0.16315989817148693,0.16488585257356486
9,4,0.9173331900481455,0.6428638581062378,0.7678608407221279,0.7361163045468748,64,1024,False,0.17367502218057546,0.1736388543061635,3.616787441181486e-05,0.17524163071210042,0.18231384151248817,0.14765733806093057,0.15396453156617795,2.524745304106187e-33,0.1736388543061635,0.00020028406664515352,0.17631213766808826,0.17651242173473383,0.0011346740624642506,0.00203087545485939,-0.00021798525671687838,0.0006762186174915256,0.18253182676920504,0.10328858793567033,0.1920260881861908,-0.01691831478528288,0.022266438315846685,0.1212776545289671,0.17513851509283995,-0.0014797796684433706,0.007129334800993092,0.1736388543061635,0.17367502218057546,2.524745304106187e-33,0.1736388543061635,0.17524163071210042,0.14778122462401402,0.14695589156863262,0.167602355288133,0.16970795246466175,0.167602355288133,0.16970795246466175,0.16315989817148693,0.159907062526098
9,5,0.9362444778841722,0.7031814561178245,0.8146371367129085,0.752719303565569,64,1024,False,0.11728277881679951,0.11724046985928557,4.2308957513634586e-05,0.11533041111007504,0.12192124855943122,0.10977961678473731,0.11621622129104577,2.3610620588766707e-33,0.11724046985928557,0.00014527438972405894,0.11744523383048702,0.11759050822021139,0.0012354261574582537,0.002241460979400521,0.0002366705617209341,0.0011277356049493503,0.12168457799771029,0.0700720326383921,0.14948720093108253,-0.01699877037513666,0.02283833802611314,0.08783429737377446,0.13273484582168749,-0.0014188230634317733,0.0074609464427339844,0.11724046985928557,0.11728277881679951,2.3610620588766707e-33,0.11724046985928557,0.11533041111007504,0.14778122462401402,0.1506944216386871,0.14291513171965536,0.14922892551995118,0.14291513171965536,0.14922892551995118,0.16315989817148693,0.16553064047394037
9,6,0.9536731694579249,0.7723428770629193,0.8636352899491244,0.8105233889981688,64,1024,False,0.16919102347549836,0.16916312074439835,2.7902731099806178e-05,0.17105772776090347,0.1790427834867648,0.13575656368752553,0.1435728224918033,1.4734168685294677e-34,0.16916312074439835,0.00010459697859942786,0.17289435249705312,0.17299894947565225,0.0006046104841471813,0.0027202810113400745,0.0014947757077893918,0.002895219554726999,0.17754800777897542,0.09264840200874169,0.17886472536630937,-0.015859277399964195,0.023514493392364343,0.11065931370831095,0.1621365414976026,-0.0004445994200068526,0.008242989475547802,0.16916312074439835,0.16919102347549836,1.4734168685294677e-34,0.16916312074439835,0.17105772776090347,0.14778122462401402,0.15024719855197857,0.14291513171965536,0.14344457823924284,0.14291513171965536,0.14344457823924284,0.14624328085345847,0.14398742204369075
9,7,0.975167788887884,0.8377787130709209,0.9073886056991498,0.8567882669547376,64,1024,False,0.09490336259020737,0.09487638479855967,2.6977791647499855e-05,0.09527920934525741,0.09544524659178986,0.08912454507817728,0.09208263979510538,5.744141911103319e-34,0.09487638479855967,6.824341801685577e-05,0.09541673025061458,0.09548497366863128,0.000714703218683246,0.0016853395042706427,0.0014695005525996656,0.0023536089126348636,0.0939757460391902,0.05183816265282351,0.12641092750353106,-0.0167975914853395,0.021631871247126185,0.06942065159819322,0.1096710280617117,-0.0017306045847362839,0.006615068385144696,0.09487638479855967,0.09490336259020737,5.744141911103319e-34,0.09487638479855967,0.09527920934525741,0.12986083903993245,0.13693672305883922,0.09337907193015903,0.0927456927917929,0.09042877752357958,0.08697016957003156,0.113976060317784,0.11730207369520565
9,8,0.991229265763877,0.9316819295649961,0.9639452223118901,0.9546773761375189,64,1024,False,0.013521317490031017,0.013514277447281252,7.040042749828346e-06,0.01504315991404476,0.010125999084552102,0.017091938338518062,0.012711216867183382,3.893935693644014e-34,0.013514277447281254,1.5586310636347892e-05,0.013170461095735402,0.013186047406371759,0.0011820305324259852,0.0002839572075437098,0.0007448423499378336,0.0014024776531340922,0.009381156734614269,-0.0069986639423267535,0.04118254061936288,-0.017159983542263443,0.019390174660232306,0.009958808121155016,0.02473088662372902,-0.0028080693518859334,0.0050208347020088695,0.013514277447281252,0.013521317490031017,3.893935693644014e-34,0.013514277447281254,0.01504315991404476,0.0305393804734836,0.03497947548346098,0.017093364228197842,0.019143568542350924,0.017093364228197842,0.019143568542350924,0.014042243145562574,0.013708604222735177
9,10,0.9768951509105237,0.902876109823204,0.946899170887961,0.9426398453559971,64,1024,False,0.011927980775964525,0.011926676991151968,1.303784812594797e-06,0.013226469223115496,0.014561552332580777,0.006615551571097165,0.006989581173485638,3.5049529130996874e-33,0.011926676991151968,6.9030071317659765e-06,0.012575465777183166,0.012582368784314941,0.0005486254019490509,0.0009651366010648959,0.0002480187941441939,0.0007059370997552028,0.014313533538436583,-0.016878969028535376,0.03011007217072971,-0.017302328081850272,0.01925649529558768,-0.0004018918552901596,0.013242347951745614,-0.002983383797982242,0.004846505318710115,0.011926676991151968,0.011927980775964525,3.5049529130996874e-33,0.011926676991151968,0.013226469223115496,0.06478263379714899,0.07171735624552004,0.026944275508471657,0.03151687760359038,0.026944275508471657,0.03151687760359038,0.014042243145562574,0.014314167786378265
9,11,0.8650825248274563,0.7805698077287634,0.8640783770425084,0.8451137593584196,64,1024,False,0.10951624312396208,0.10949824081930198,1.8002304660168656e-05,0.11161707525615872,0.11239910527680938,0.08525661109673756,0.08764395910239323,5.490362230664971e-33,0.10949824081930198,1.8508722608807114e-05,0.10803630368681015,0.10805481240941894,0.00017129012763149957,0.0024064436066081256,0.0009844179743199986,0.001958283091666582,0.11141468730248938,0.04678678406643721,0.1237264381270379,-0.01663401082194893,0.021964474939514374,0.06403506299830042,0.10654935630009277,-0.0015951321038301103,0.006806186800531577,0.10949824081930198,0.10951624312396208,5.490362230664971e-33,0.10949824081930198,0.11161707525615872,0.14778122462401402,0.14829871975101122,0.11177080757228972,0.11178788894074872,0.11858146228775698,0.11957637472084245,0.113976060317784,0.11419051350520447
10,0,0.46541798908832865,0.2953932170531962,0.464429513158818,0.16968627676307294,64,1024,False,0.08037497325082588,0.08022863907076273,0.00014633418006326624,0.07774235889472121,0.08990571824148733,0.07668113593920003,0.08650747668414548,3.1210253268479023e-34,0.08022863907076273,4.8999310732295285e-05,0.08680746080914074,0.08685646011987298,0.0005641412356049278,0.003833732081426603,0.004476168441214555,0.005671847068367813,0.08542954980027277,0.04025772127908926,0.11310455059931081,-0.01617332519632661,0.026581309247876626,0.05766654512262903,0.09625234933628235,2.1154919522814453e-05,0.010419979102152865,0.08022863907076273,0.08037497325082588,3.1210253268479023e-34,0.08022863907076273,0.07774235889472121,0.39184703612470995,0.6435001572952557,0.4600478752353081,0.7166222070339014,0.4600478752353081,0.7166222070339014,0.47380538576708947,0.7969742387308154
10,1,0.5563409736522034,0.3795669946560527,0.5457807081022042,0.32930946320947585,64,1024,False,0.09417647614996393,0.0940807879931959,9.568815676768504e-05,0.0833429012116837,0.08872520050692856,0.07933375604293104,0.08394037521155726,7.596365895941428e-33,0.0940807879931959,1.84195581894455e-05,0.09279245283271446,0.09281087239090408,0.00019846336657482715,0.004962220348293891,0.002744660228064789,0.004414211887509513,0.08598054027886377,0.041935536372947,0.11673197571291508,-0.014822696683438639,0.028226469941655185,0.05901380448631244,0.0994706794663216,0.0011835871846415102,0.01175100323598599,0.0940807879931959,0.09417647614996393,7.596365895941428e-33,0.0940807879931959,0.0833429012116837,0.2865278631473375,0.4212149364310957,0.3223010270724711,0.3923579960015299,0.305306865340864,0.3744766360544296,0.31211157526748906,0.39031789173561776
10,2,0.7923562515030896,0.48181557277677245,0.6326001781506279,0.4661362690218336,64,1024,False,0.17429007534327162,0.1742481487480872,4.192659518382226e-05,0.17960937360292376,0.17268620088693193,0.13834256944173057,0.13093118247783322,4.7904606488151806e-33,0.1742481487480872,0.00045875716082632205,0.17918736007149336,0.17964611723231955,0.0025536714508171323,0.0035745872141571466,0.0008084842746738139,0.0016150741689754308,0.17187771661225812,0.09352780433832723,0.1831573345451339,-0.01667612722937068,0.024951657716748038,0.11137699965911452,0.16611749609728577,-0.0007827677472960204,0.008975825367087964,0.1742481487480872,0.17429007534327162,4.7904606488151806e-33,0.1742481487480872,0.17960937360292376,0.20543989169638435,0.19813929427526844,0.28110815032366043,0.27739869283066504,0.28995471289679425,0.3046031192848813,0.22678498915828785,0.26613482825938534
10,3,0.8936449245006433,0.5359361529746663,0.6799000847670948,0.6098681603674583,64,1024,False,0.11871235594634529,0.1186761620767894,3.6193869555881e-05,0.12592461568030142,0.10865175573405703,0.09912117192917069,0.09136461265729391,5.197371047218236e-33,0.11867616207678941,0.00033329604424416054,0.11567451125648887,0.11600780730073332,0.0028730483921667375,0.0023373261874097707,0.0005361083982418393,0.0011253037203140682,0.10811564733581519,0.05948256113640065,0.13875978272194073,-0.017649668767036858,0.023514618057402577,0.07734285193873802,0.1221456530620344,-0.00169940843625227,0.007796646750648506,0.1186761620767894,0.11871235594634529,5.197371047218236e-33,0.11867616207678941,0.12592461568030142,0.14778122462401402,0.15659709844542044,0.23255867935905963,0.17927928349904368,0.23255867935905963,0.21701225990913559,0.16315989817148693,0.16488585257356486
10,4,0.9119967504909554,0.5959547893999794,0.7298058927702642,0.6995009898625787,64,1024,False,0.1206305535212343,0.12059096386321534,3.9589658018664564e-05,0.12206233068664733,0.11364325369139612,0.11177330069238056,0.10797315987297118,6.486277401959119e-33,0.12059096386321536,0.00020995843415198996,0.11687785559433278,0.11708781402848437,0.0017931706718934271,0.0016989997264100847,-0.0003993885484207887,0.000875151881541386,0.11404264223981692,0.07138771649562062,0.1521588848891405,-0.017495304499562322,0.022579395890907298,0.08901982176030288,0.13520214249001583,-0.0018227553446195088,0.007155560284445528,0.12059096386321534,0.1206305535212343,6.486277401959119e-33,0.12059096386321536,0.12206233068664733,0.14778122462401402,0.14695589156863262,0.167602355288133,0.16970795246466175,0.167602355288133,0.16970795246466175,0.16315989817148693,0.159907062526098
10,5,0.9214168236389586,0.6461571536002317,0.7701799919302414,0.7147881838545029,64,1024,False,0.07820237091008424,0.07815633489883969,4.603601124463389e-05,0.07620868799723605,0.07044572567887762,0.07299477225452551,0.07036264968518344,5.5900417562393335e-33,0.07815633489883968,0.00018358037475717768,0.07477768753617707,0.07496126791093441,0.0024490030634927305,0.0017662540390394475,0.00024211082718441642,0.0016746572513435766,0.0702036148516932,0.038279683062096656,0.10770986144695437,-0.01742129702485351,0.023009449442857467,0.055717102251946926,0.09105992373952176,-0.0016936203246586956,0.007446086034178734,0.07815633489883969,0.07820237091008424,5.5900417562393335e-33,0.07815633489883968,0.07620868799723605,0.14778122462401402,0.1506944216386871,0.16082390773682834,0.169814418271246,0.16082390773682834,0.169814418271246,0.16315989817148693,0.16553064047394037
10,6,0.9357544492920189,0.7041889895022667,0.8143578272507628,0.7653693146128867,64,1024,False,0.12184790390000676,0.12181609751625905,3.180638374781911e-05,0.12575774746432852,0.12161244492798422,0.1130990136879121,0.11339670516538028,3.0640508836906408e-33,0.12181609751625909,0.00016308791114905862,0.12268142884433728,0.12284451675548617,0.0013275961797600967,0.0030415617682945316,0.002344249191646285,0.0041758276574326205,0.11926819573633793,0.0730984717026524,0.1530995556731718,-0.01593547826522404,0.02485415544650387,0.09074701595091028,0.13619242740242044,-0.00013712140207644552,0.00917629202012904,0.12181609751625905,0.12184790390000676,3.0640508836906408e-33,0.12181609751625909,0.12575774746432852,0.14778122462401402,0.15024719855197857,0.14291513171965536,0.1510605324364677,0.14291513171965536,0.1510605324364677,0.16315989817148693,0.16260669564368466
10,7,0.9526895143311601,0.7578917792139568,0.8536340193905093,0.7925379914521822,64,1024,False,0.08110446931801144,0.08107232068135484,3.214863665638557e-05,0.08369307217138794,0.07598008910802471,0.08008216142814997,0.07630680624312122,4.801352788414107e-33,0.08107232068135485,0.00010866446575905519,0.0815055417170972,0.08161420618285624,0.0013314405768475278,0.0019503547054454016,0.0022155776411530185,0.0036586353641869175,0.0737645114668717,0.04436247716224692,0.11580184569405302,-0.01679255098159968,0.0231531298049037,0.06178846288094064,0.09898811050516088,-0.001270544838916976,0.0076589569871430285,0.08107232068135484,0.08110446931801144,4.801352788414107e-33,0.08107232068135485,0.08369307217138794,0.14778122462401402,0.1508704408459238,0.14291513171965536,0.14815412031324254,0.14291513171965536,0.14815412031324254,0.14624328085345847,0.15633909014867603
10,8,0.9758796716855881,0.8363763175156236,0.905974945032458,0.8813526401004116,64,1024,False,0.02516040319174155,0.025148465917054944,1.1937274686637425e-05,0.027505697404978848,0.01798928894380686,0.028589110634548998,0.02026466966702603,4.852937100674631e-33,0.02514846591705494,3.6367670568744906e-05,0.02500725483496783,0.02504362250553655,0.00145217292588981,0.000364193944733944,0.0009772654006038246,0.0021339280712943144,0.017012023543203036,0.001338127640150552,0.05584009362894744,-0.01758308426197942,0.021200319767756267,0.018542295962106436,0.039471503187087364,-0.0024557895740144886,0.006018196487275418,0.025148465917054944,0.02516040319174155,4.852937100674631e-33,0.02514846591705494,0.027505697404978848,0.06478263379714899,0.04699157388747198,0.09337907193015903,0.09472374983534841,0.09042877752357958,0.09472374983534841,0.09235562260673301,0.05611329195454909
10,9,0.9768951509105237,0.902876109823204,0.946899170887961,0.9426398453559971,64,1024,False,0.008605752577209346,0.008601995591736513,3.7569854728093192e-06,0.008755774902739115,0.006620032702238844,0.009430226945143684,0.007698142694075283,3.30216299831097e-33,0.008601995591736513,3.2202498842121193e-06,0.009111316945058429,0.009114537194942618,0.000353309204333374,-0.00011730343368881244,0.00022082989771185645,0.0007892778928954379,0.006399202804526987,-0.013325802305839652,0.03218625619612702,-0.017847752120838292,0.01911642061246288,0.003512749732180964,0.015919073994155042,-0.0033303278469247743,0.0045939671181258745,0.008601995591736513,0.008605752577209346,3.30216299831097e-33,0.008601995591736513,0.008755774902739115,0.06478263379714899,0.06987598460573172,0.026944275508471657,0.03300710904371584,0.026944275508471657,0.03300710904371584,0.014042243145562574,0.014134814568580128
10,11,0.8798900341601286,0.8596358661974,0.9162617197948165,0.9219287909851364,64,1024,False,0.06972021967271816,0.06970491369874199,1.530597397592014e-05,0.06907969278708734,0.07068519999701331,0.062367071014701576,0.06599018347215861,6.608488689566679e-33,0.069704913698742,4.633663163023709e-06,0.06808668170647408,0.06809131536963736,6.805072185593154e-05,0.0016828962602138192,0.0009439911544296966,0.0016385431386984192,0.06974120884258361,0.02818573197691944,0.09654841005248371,-0.016945941212329417,0.020709255042197255,0.04533219921722775,0.07959411255433224,-0.002171582578739617,0.005935317909461446,0.06970491369874199,0.06972021967271816,6.608488689566679e-33,0.069704913698742,0.06907969278708734,0.14778122462401402,0.14829871975101122,0.06653923548353823,0.06625696244981055,0.06653923548353823,0.06625696244981055,0.04007063959164273,0.03414528985384954
11,0,0.5348543473600056,0.28303238344853787,0.45350474271916574,0.1992216273823486,64,1024,False,0.31514897067250736,0.3150088888090977,0.00014008186340951315,0.3207897101864387,0.3149929954927452,0.14782014501310015,0.1411950445248036,4.064175261812586e-34,0.3150088888090977,0.00014723550103063653,0.32746875632994266,0.3276159918309747,0.0004494148780948368,0.003622451710407928,0.004446594138375458,0.00564992805183333,0.3105464013543697,0.10030535674535981,0.19533493328084048,-0.016232157751090482,0.026343275238617934,0.1186890841127024,0.17862230855826056,-5.53729259991087e-05,0.010231536587525625,0.3150088888090977,0.31514897067250736,4.064175261812586e-34,0.3150088888090977,0.3207897101864387,0.3468644631515667,0.3893635537864921,0.4600478752353081,0.7166222070339014,0.4600478752353081,0.7166222070339014,0.41877534363996405,0.5343068454236326
11,1,0.6073360409541068,0.36157042972736225,0.5300136181547643,0.3380847055904159,64,1024,False,0.2619863992547805,0.2618968351218479,8.956413293150086e-05,0.25461040664766643,0.24894617770102476,0.13237696699851215,0.12694545754589584,1.2162153442230333e-34,0.2618968351218479,3.5699880553714456e-05,0.26704331732183306,0.2670790172023864,0.0001336678595258642,0.0047227601110977,0.002539748080273264,0.004235408302420532,0.2464064296207515,0.08643251131796922,0.17832142267905507,-0.014987003713893166,0.027967231446284234,0.10449038168007974,0.16142940539430128,0.0010480183191248216,0.0115686373464996,0.2618968351218479,0.2619863992547805,1.2162153442230333e-34,0.2618968351218479,0.25461040664766643,0.2865278631473375,0.4212149364310957,0.3223010270724711,0.3923579960015299,0.305306865340864,0.3744766360544296,0.31211157526748906,0.39031789173561776
11,2,0.7817632276342128,0.45011665766106396,0.6063853153040064,0.44402618970170277,64,1024,False,0.34842382360778074,0.34838611953017734,3.77040776016954e-05,0.3607041513418905,0.35452230220023323,0.1665127322557782,0.15511223707123253,8.54736269007697e-36,0.34838611953017734,0.000645393585652158,0.3674209632259298,0.3680663568115818,0.0017534707362089708,0.0033377304655872464,0.0007105121196958791,0.0016090531020656721,0.35381179008053737,0.11817179731013436,0.21485366720142204,-0.016582157383032006,0.024658726138180067,0.13628080840135226,0.19781284111377317,-0.0007639231844223104,0.008788759070739616,0.34838611953017734,0.34842382360778074,8.54736269007697e-36,0.34838611953017734,0.3607041513418905,0.21412345495438356,0.19813929427526844,0.28110815032366043,0.27739869283066504,0.305306865340864,0.3046031192848813,0.31211157526748906,0.30883866880328675
11,3,0.8299249672250628,0.49520304137085924,0.6453546975978535,0.5890520279992223,64,1024,False,0.21944248031527128,0.21941249135122542,2.9988964047802103e-05,0.23056445302479037,0.2214840487801654,0.14511969579792078,0.139468769908698,4.3027928461089786e-35,0.21941249135122542,0.000368432395786244,0.2284612884768277,0.2288297208726142,0.001610072303463344,0.002024833826908954,0.0003426841402188967,0.0010869806011688206,0.2211413646399465,0.09940767632690634,0.19083171526893522,-0.017647188780106432,0.02312219687899545,0.11754489230952458,0.174029838432034,-0.001780966376827564,0.007507589085435029,0.21941249135122542,0.21944248031527128,4.3027928461089786e-35,0.21941249135122542,0.23056445302479037,0.19380819590994214,0.19046671799041048,0.23255867935905963,0.21631353710939116,0.23255867935905963,0.21701225990913559,0.16315989817148693,0.16488585257356486
11,4,0.8299661700595194,0.5444986487920562,0.6850747955652381,0.6706378455121783,64,1024,False,0.3113483126542921,0.31131605627906267,3.2256375232187645e-05,0.3153175212470393,0.3271010504771063,0.15833548084006696,0.16849806794311795,8.558185560395562e-34,0.31131605627906267,0.0001269129128111151,0.3222018622282552,0.3223287751410665,0.00039373745876573364,0.0015745944470446987,0.00012768847167338133,0.0015645750029986427,0.3269733620054329,0.11141153926379495,0.205259422416339,-0.017310544438304494,0.022411642113396614,0.1295485703230952,0.18835276160098147,-0.001733056160446722,0.007089166989317164,0.31131605627906267,0.3113483126542921,8.558185560395562e-34,0.31131605627906267,0.3153175212470393,0.19380819590994214,0.1827618936065697,0.23255867935905963,0.1905130935122458,0.23255867935905963,0.20801580154344887,0.16315989817148693,0.159907062526098
11,5,0.8278984205186373,0.584003327566953,0.7172523507159874,0.7008582537398291,64,1024,False,0.23843327566733027,0.23839636445435786,3.6911212972572364e-05,0.2405053128237376,0.2530624227803223,0.14388004150158945,0.1597427346506807,1.3922409756988197e-33,0.23839636445435786,0.00011200152678709767,0.2475688747242148,0.2476808762510009,0.00045220094697014405,0.001576154637980914,0.0004698016459135813,0.002201550761573913,0.2525926211344087,0.0987494495340436,0.1890106334691353,-0.01730702077335212,0.02290475309121338,0.11677009863342391,0.1721316668263171,-0.0016315759494318627,0.007405492877296638,0.23839636445435786,0.23843327566733027,1.3922409756988197e-33,0.23839636445435786,0.2405053128237376,0.19380819590994214,0.19546860648338998,0.167602355288133,0.169814418271246,0.167602355288133,0.169814418271246,0.16315989817148693,0.16553064047394037
11,6,0.8352632527037178,0.6295152791327484,0.7519850447303842,0.7102131064681819,64,1024,False,0.2497261606125234,0.24970040454709821,2.575606542501054e-05,0.25681136702993557,0.2648323930284939,0.1498088571163543,0.16098902230832055,6.74919808223152e-34,0.24970040454709821,0.00016304577330110998,0.26081634528203335,0.26097939105533435,0.0006247457802771104,0.0030899375134828457,0.002651228021940506,0.004721932156199328,0.26218116500655336,0.10458035595008346,0.19503735828262514,-0.015935553007148672,0.02519575403243558,0.12271471132407896,0.17827238424797542,-2.403513644821942e-05,0.00945873557793675,0.24970040454709821,0.2497261606125234,6.74919808223152e-34,0.24970040454709821,0.25681136702993557,0.19380819590994214,0.16911415010381786,0.167602355288133,0.15905392716351663,0.167602355288133,0.15905392716351663,0.16315989817148693,0.16260669564368466
11,7,0.8433821030978935,0.6703823745232937,0.783079125009239,0.7168737418361593,64,1024,False,0.14783144113160568,0.14780433311094648,2.710802065803954e-05,0.15143204158122142,0.14943775872931284,0.11127307607304382,0.11579503996356759,4.572712441396167e-33,0.14780433311094646,0.00010326941869104448,0.15178954209117032,0.15189281150986125,0.0006798835156484017,0.0018749270171005217,0.0024729806391683854,0.00413191627603926,0.14696477809014444,0.0700098863235626,0.15253626582252505,-0.01694424852035859,0.023533127393963037,0.08795070750784362,0.1358693790389225,-0.001249600638402626,0.00792322598863393,0.14780433311094648,0.14783144113160568,4.572712441396167e-33,0.14780433311094646,0.15143204158122142,0.1605533563152861,0.16967467104935077,0.14906363759192395,0.15653594754404906,0.14906363759192393,0.15653594754404906,0.16315989817148693,0.16498555769328385
11,8,0.8756519245138981,0.7305717382136645,0.8278039757660183,0.7926501377770417,64,1024,False,0.04511823947008176,0.04511070968979643,7.529780285354451e-06,0.04936085219751377,0.0389801403820375,0.03906397683786685,0.031289704541709075,3.231495598496874e-34,0.04511070968979643,3.9036374837053896e-05,0.04457812430611654,0.04461716068095339,0.0008749184000343197,0.0007532066707194365,0.0014761058396060387,0.002855453498328505,0.037504034542431466,0.008269921808479887,0.06985803186725381,-0.017583388915156015,0.02211202004266553,0.02584631004719995,0.05364076192199718,-0.002194846711063292,0.006638903585553635,0.04511070968979643,0.04511823947008176,3.231495598496874e-34,0.04511070968979643,0.04936085219751377,0.14778122462401402,0.14637479850894575,0.14291513171965536,0.13744695274897054,0.14291513171965536,0.1374469527489705,0.14624328085345847,0.13722908084366722
11,9,0.8650825248274563,0.7805698077287634,0.8640783770425084,0.8451137593584196,64,1024,False,0.023507731795596152,0.023508073014180213,-3.412185841318166e-07,0.025806472321533002,0.021268601028617898,0.016949907736575183,0.012889326974300713,2.6229028060315885e-34,0.023508073014180217,4.817456251182302e-06,0.023371577872097964,0.023376395328349127,0.00020608208338006905,0.0003051060570445442,0.0007047323876408471,0.0015525491089293242,0.02056386864097705,-0.009296097933164497,0.04319591340631486,-0.0180124619921528,0.020447399352643638,0.0081684246979421,0.02708282163075637,-0.0029675366895389743,0.005393198480305728,0.023508073014180213,0.023507731795596152,2.6229028060315885e-34,0.023508073014180217,0.025806472321533002,0.14778122462401402,0.13887225476572485,0.11177080757228972,0.12132240037792935,0.11858146228775698,0.12928820003465025,0.113976060317784,0.1138166444408947
11,10,0.8798900341601286,0.8596358661974,0.9162617197948165,0.9219287909851364,64,1024,False,0.011458126543119335,0.011463527668396919,-5.401125277583262e-06,0.013510554664850233,0.012849168161013433,0.006144934717494485,0.004131184585212303,2.467084963735904e-33,0.011463527668396919,6.0914058760114396e-06,0.011533584343641014,0.011539675749516998,0.000527866294359822,0.0001421614424166044,0.0005321615378111362,0.0006126250084252996,0.012317006623202297,-0.016710860629767132,0.029000730064756102,-0.018144307142896533,0.01884815237861128,2.1220686903689057e-05,0.012591845465067308,-0.0036122205274295993,0.004318307190260384,0.011463527668396919,0.011458126543119335,2.467084963735904e-33,0.011463527668396919,0.013510554664850233,0.14778122462401402,0.14083658796859833,0.06653923548353823,0.07243131113005913,0.06653923548353823,0.07243131113005913,0.04007063959164273,0.043864937438327374
