method,mae,median_absolute_error,p90_absolute_error,spearman,assessment_labels,probe_training_labels,n_pairs,job,protocol,repeat
training_geometry,0.10290154300165757,0.009312369432281989,0.1572286917015767,0.9991860289168444,0,12000,132,gpt2_sst2,native_raw,0
direct_training,0.10453517820986852,0.012564519184333607,0.1600338200985104,0.999201682206905,0,12000,132,gpt2_sst2,native_raw,0
mean_only,1.1881732906144187,0.10024725141766291,3.5241106689292088,0.8523946924911167,0,12000,132,gpt2_sst2,native_raw,0
variance_only,3.875722440473887,0.23431438533984514,4.210249148185778,0.6839809447282327,0,12000,132,gpt2_sst2,native_raw,0
direct_calibration,0.1311457032569108,0.0137604431873814,0.2858899681264297,0.9991234157566016,3000,12000,132,gpt2_sst2,native_raw,0
cka_common,6.775965146437612,1.8556471030563495,13.19898527784295,0.5364396559816109,3000,12000,132,gpt2_sst2,native_raw,0
cka_held_target,8.442252084226496,2.051601842589184,16.13654444862782,0.3727657097018166,3000,12000,132,gpt2_sst2,native_raw,0
cca_shared_common,6.017761419984321,1.149047450638295,10.085747299169048,0.5097885053825841,3000,12000,132,gpt2_sst2,native_raw,0
cca_shared_held_target,7.863747036141261,1.3385340634552962,16.302575539506876,0.3532308338192427,3000,12000,132,gpt2_sst2,native_raw,0
procrustes_shared_common,6.019627231212353,1.1412998116026756,9.931453319153663,0.5042015432251775,3000,12000,132,gpt2_sst2,native_raw,0
procrustes_shared_held_target,7.863060530887939,1.3050002705990658,16.288560007792217,0.3561119526346289,3000,12000,132,gpt2_sst2,native_raw,0
probe_cosine_common,6.152629065788134,1.2237927711230077,15.380913329147528,0.49086619634595846,3000,12000,132,gpt2_sst2,native_raw,0
probe_cosine_held_target,7.320623505407813,1.416264306754078,16.90717163309959,0.36507903710824785,3000,12000,132,gpt2_sst2,native_raw,0
training_geometry,0.18681764768381365,0.008785878310358874,0.16914902395432937,0.9998121605192716,0,12000,132,gpt2_sst2,shared_raw,0
direct_training,0.18701808064975114,0.009198825133920188,0.16914688750375861,0.9998121605192716,0,12000,132,gpt2_sst2,shared_raw,0
mean_only,1.6870529970849955,0.06229847617080724,4.496130177015708,0.9453908887416319,0,12000,132,gpt2_sst2,shared_raw,0
variance_only,9.598706708144647,0.472939967166782,12.358666486078217,0.8405973295487156,0,12000,132,gpt2_sst2,shared_raw,0
direct_calibration,0.2531057643076192,0.015839530404781477,0.5322543347061699,0.9996556276186647,3000,12000,132,gpt2_sst2,shared_raw,0
cka_common,13.988809995328886,1.5825790854888897,45.34885840383416,0.42966195896568726,3000,12000,132,gpt2_sst2,shared_raw,0
cka_held_target,19.442278641685704,2.2066577289546085,52.23014211783707,0.2930833650803984,3000,12000,132,gpt2_sst2,shared_raw,0
cca_shared_common,12.857633608359247,1.9818125081152396,34.59255863595288,0.418097733797687,3000,12000,132,gpt2_sst2,shared_raw,0
cca_shared_held_target,18.53712545869783,2.1836950980732537,38.96159421956725,0.2639855270007529,3000,12000,132,gpt2_sst2,shared_raw,0
procrustes_shared_common,12.789792265675601,1.98181250811524,34.59255863595288,0.41882278124373484,3000,12000,132,gpt2_sst2,shared_raw,0
procrustes_shared_held_target,18.396443344764492,2.1836950980732537,39.07888760715919,0.25435232195571933,3000,12000,132,gpt2_sst2,shared_raw,0
probe_cosine_common,13.79530744672734,2.051318175396434,48.5391893455578,0.4215295476153426,3000,12000,132,gpt2_sst2,shared_raw,0
probe_cosine_held_target,19.212900769606097,2.2896585145464323,56.8681991092605,0.28211681897687474,3000,12000,132,gpt2_sst2,shared_raw,0
training_geometry,0.06550158910447057,0.004511559039030701,0.20922616175914213,0.9951318267911275,0,12000,132,gpt2_sst2,shared_center,0
direct_training,0.0669607850226637,0.004490632527436898,0.2169437343245159,0.995768393920262,0,12000,132,gpt2_sst2,shared_center,0
mean_only,1.9995939182663438,0.06745561907708114,5.942941694572428,,0,12000,132,gpt2_sst2,shared_center,0
variance_only,0.06550158910447046,0.004511559039030704,0.2092261617591422,0.9951318267911275,0,12000,132,gpt2_sst2,shared_center,0
direct_calibration,0.07217165432258406,0.005178200804736546,0.1781054439315842,0.996399743286043,3000,12000,132,gpt2_sst2,shared_center,0
cka_common,2.131071364113412,0.4989666583269498,6.213525899877946,0.44930208382197345,3000,12000,132,gpt2_sst2,shared_center,0
cka_held_target,2.753846465458733,0.5887794706493288,7.703006500111554,0.27544903574588053,3000,12000,132,gpt2_sst2,shared_center,0
cca_shared_common,2.0349340334196406,0.6083393559505551,4.429553870235226,0.45773994955813313,3000,12000,132,gpt2_sst2,shared_center,0
cca_shared_held_target,3.0083557238890957,0.6789661365685807,7.139264263211482,0.3249248932665872,3000,12000,132,gpt2_sst2,shared_center,0
procrustes_shared_common,2.0319072262160023,0.512450929615913,4.429553870235226,0.4624411409107266,3000,12000,132,gpt2_sst2,shared_center,0
procrustes_shared_held_target,3.0012184760872964,0.5771086358060384,7.139264263211482,0.32824224389029394,3000,12000,132,gpt2_sst2,shared_center,0
probe_cosine_common,2.181087182122279,0.5540193859528708,6.446168361938944,0.429769514553543,3000,12000,132,gpt2_sst2,shared_center,0
probe_cosine_held_target,2.898251838426342,0.6450013844057078,10.685440525729412,0.25975831409698646,3000,12000,132,gpt2_sst2,shared_center,0
training_geometry,0.0058700519113117034,0.004913347424869138,0.012847306558390002,0.996551058423296,0,12000,132,gpt2_sst2,shared_rms,0
direct_training,0.005581692063092576,0.004752521430426593,0.011716784847349294,0.9965249696065285,0,12000,132,gpt2_sst2,shared_rms,0
mean_only,0.17295423498210427,0.11237883823953573,0.3824867770766377,,0,12000,132,gpt2_sst2,shared_rms,0
variance_only,0.005870051911311704,0.004913347424869166,0.012847306558390002,0.996551058423296,0,12000,132,gpt2_sst2,shared_rms,0
direct_calibration,0.008330716833911987,0.006237411450655386,0.01843158166478717,0.9956483853631302,3000,12000,132,gpt2_sst2,shared_rms,0
cka_common,0.09628677352407754,0.05756989774306267,0.22894275547697654,0.5903187082440019,3000,12000,132,gpt2_sst2,shared_rms,0
cka_held_target,0.12160375855614135,0.0678903115823823,0.32248150209070015,0.43366346609549505,3000,12000,132,gpt2_sst2,shared_rms,0
cca_shared_common,0.09799612641423483,0.061270814870156474,0.21536586427376772,0.6093535855016879,3000,12000,132,gpt2_sst2,shared_rms,0
cca_shared_held_target,0.12100225783902137,0.06626870613709489,0.3020560126842119,0.48363324061881313,3000,12000,132,gpt2_sst2,shared_rms,0
procrustes_shared_common,0.0974120961639932,0.06177864244154918,0.21377566900998557,0.6075764658679731,3000,12000,132,gpt2_sst2,shared_rms,0
procrustes_shared_held_target,0.12262360589970848,0.06762192608127394,0.3234271201993133,0.4685344124102097,3000,12000,132,gpt2_sst2,shared_rms,0
probe_cosine_common,0.09771626852407889,0.061748901171559574,0.22126659445263017,0.5965565187321235,3000,12000,132,gpt2_sst2,shared_rms,0
probe_cosine_held_target,0.12210568181724035,0.07213036909639209,0.2931699548887272,0.41619961752802576,3000,12000,132,gpt2_sst2,shared_rms,0
training_geometry,0.023923157723639885,0.0077673438539340445,0.04931971016413286,0.9995095302447652,0,12000,132,gpt2_sst2,shared_unit,0
direct_training,0.024019256865892805,0.007579030740386988,0.04906778251651529,0.9995095302447652,0,12000,132,gpt2_sst2,shared_unit,0
mean_only,0.27827799009549825,0.10418558140770734,0.6546098899445457,0.9515895916056621,0,12000,132,gpt2_sst2,shared_unit,0
variance_only,1.6036422945456001,0.4260018772419248,5.279412408597572,0.569377990430622,0,12000,132,gpt2_sst2,shared_unit,0
direct_calibration,0.04335303627683145,0.013229149932849252,0.13574468965027695,0.9992538598404406,3000,12000,132,gpt2_sst2,shared_unit,0
cka_common,1.5159472567126149,0.5950305797782192,3.3490815526604814,0.607937328925555,3000,12000,132,gpt2_sst2,shared_unit,0
cka_held_target,1.8652375289074832,0.7369991191769636,4.640624781446327,0.46878583022795717,3000,12000,132,gpt2_sst2,shared_unit,0
cca_shared_common,1.5352620284684417,0.7903896127327721,3.688646174070976,0.5831531949460079,3000,12000,132,gpt2_sst2,shared_unit,0
cca_shared_held_target,1.8921080685253893,0.8834274955389543,4.801528900463999,0.4620689426969186,3000,12000,132,gpt2_sst2,shared_unit,0
procrustes_shared_common,1.5230046177650591,0.7835001359118202,3.752837816134854,0.5870319583140852,3000,12000,132,gpt2_sst2,shared_unit,0
procrustes_shared_held_target,1.8854993642423623,0.8829624938470014,4.783567612867263,0.471093976115182,3000,12000,132,gpt2_sst2,shared_unit,0
probe_cosine_common,1.5723197579232657,0.8637887590220639,3.971031614267828,0.5529667566896899,3000,12000,132,gpt2_sst2,shared_unit,0
probe_cosine_held_target,1.881591147618005,0.7669961233643727,4.132154900744759,0.43008666490705755,3000,12000,132,gpt2_sst2,shared_unit,0
training_geometry,0.07626283766988128,0.008332466067102015,0.09603693242478994,0.999749547359029,0,12000,132,gpt2_sst2,shared_clip100,0
direct_training,0.07638585350506952,0.00850619036836947,0.09794912990062575,0.9997599828857361,0,12000,132,gpt2_sst2,shared_clip100,0
mean_only,0.5788531722523828,0.0933110483992147,1.7852962912612864,0.9538801897178754,0,12000,132,gpt2_sst2,shared_clip100,0
variance_only,4.942613355494564,0.5877157924521274,10.151971126800536,0.6242323365666073,0,12000,132,gpt2_sst2,shared_clip100,0
direct_calibration,0.13707339084817746,0.019325302524536597,0.33399214576977465,0.9993425618174512,3000,12000,132,gpt2_sst2,shared_clip100,0
cka_common,5.186943452574794,0.7796674837505897,11.55648100648084,0.650213937264583,3000,12000,132,gpt2_sst2,shared_clip100,0
cka_held_target,7.440608744024085,0.8455216130795384,18.351778667567228,0.5613665903200936,3000,12000,132,gpt2_sst2,shared_clip100,0
cca_shared_common,5.253205009272502,1.2458870692283526,14.46597384216149,0.6564625436346303,3000,12000,132,gpt2_sst2,shared_clip100,0
cca_shared_held_target,7.5504020462990376,1.4074952709240294,17.914882166178234,0.5737667304809931,3000,12000,132,gpt2_sst2,shared_clip100,0
procrustes_shared_common,5.250268589032842,1.2183348800312048,13.14944088182415,0.6571947621878664,3000,12000,132,gpt2_sst2,shared_clip100,0
procrustes_shared_held_target,7.56451684482333,1.3606949275750118,17.711396301199077,0.5605915555434485,3000,12000,132,gpt2_sst2,shared_clip100,0
probe_cosine_common,5.133805538331225,1.1644052121628592,11.376664966775852,0.626653969392113,3000,12000,132,gpt2_sst2,shared_clip100,0
probe_cosine_held_target,7.467147654573859,1.4752728508334225,20.30981857787955,0.5399604489576397,3000,12000,132,gpt2_sst2,shared_clip100,0
training_geometry,0.18301314086213213,0.00946168917869683,0.16849050656819647,0.9997704184124431,0,12000,132,gpt2_sst2,shared_clip300,0
direct_training,0.18322983530446008,0.010087434560859143,0.16857170554145437,0.9997547651223825,0,12000,132,gpt2_sst2,shared_clip300,0
mean_only,1.579100556556842,0.062373281825569206,4.63229413523186,0.9339378981805658,0,12000,132,gpt2_sst2,shared_clip300,0
variance_only,8.6884887246573,0.4304711362791455,9.041964806810032,0.7899015408055181,0,12000,132,gpt2_sst2,shared_clip300,0
direct_calibration,0.21874723411293928,0.015477205612490275,0.4017261543784319,0.9996608453820184,3000,12000,132,gpt2_sst2,shared_clip300,0
cka_common,12.41881128117214,1.3862177241263551,41.61776494839684,0.43287722664306433,3000,12000,132,gpt2_sst2,shared_clip300,0
cka_held_target,17.462269086076113,1.6073939257352285,49.39473124687755,0.3008595612197601,3000,12000,132,gpt2_sst2,shared_clip300,0
cca_shared_common,11.505125204348923,1.6617166348185992,27.551135704851053,0.4103452012296814,3000,12000,132,gpt2_sst2,shared_clip300,0
cca_shared_held_target,16.779695377247524,1.8214235553738107,30.177917535421614,0.26557720022203624,3000,12000,132,gpt2_sst2,shared_clip300,0
procrustes_shared_common,11.423123565545486,1.5077202420914873,27.343954894521165,0.4297422219262023,3000,12000,132,gpt2_sst2,shared_clip300,0
procrustes_shared_held_target,16.6321568367198,1.6470595164234423,29.506720898384952,0.29304600252801977,3000,12000,132,gpt2_sst2,shared_clip300,0
probe_cosine_common,12.414716819297317,1.5563594558923053,43.92338718418427,0.42910839448837,3000,12000,132,gpt2_sst2,shared_clip300,0
probe_cosine_held_target,17.30451727240338,1.7394194644309673,49.46325044739957,0.302466063479888,3000,12000,132,gpt2_sst2,shared_clip300,0
training_geometry,0.012541673487385144,0.005260044177160361,0.028474760549802622,0.998643381528074,0,12000,132,gpt2_sst2,separate_naive,0
direct_training,0.012285371727173778,0.00459840131045499,0.029534087049076552,0.9987477367951452,0,12000,132,gpt2_sst2,separate_naive,0
mean_only,0.4163941507652865,0.19255372931780285,0.9743626066034847,,0,12000,132,gpt2_sst2,separate_naive,0
variance_only,0.012541673487385144,0.005260044177160361,0.028474760549802722,0.998643381528074,0,12000,132,gpt2_sst2,separate_naive,0
direct_calibration,0.013515532561668726,0.005851049097723632,0.029621942133339782,0.9982207426964355,3000,12000,132,gpt2_sst2,separate_naive,0
cka_common,0.32039121538798276,0.13397904736631944,0.7602435998131527,0.003979957942525669,3000,12000,132,gpt2_sst2,separate_naive,0
cka_held_target,0.4102580275242738,0.14863788899438013,1.0055431434170745,-0.24882819509998408,3000,12000,132,gpt2_sst2,separate_naive,0
cca_shared_common,0.30639071175833565,0.14187375489220092,0.8614773380108475,0.013025440205143962,3000,12000,132,gpt2_sst2,separate_naive,0
cca_shared_held_target,0.41245138890647937,0.1483766025885927,1.0479840520297128,-0.16079100148434036,3000,12000,132,gpt2_sst2,separate_naive,0
procrustes_shared_common,0.30671002896112853,0.1472341715976612,0.8189819422368991,0.013107591335580265,3000,12000,132,gpt2_sst2,separate_naive,0
procrustes_shared_held_target,0.4162750661830877,0.14837660258859267,1.073852994697715,-0.16918001115548875,3000,12000,132,gpt2_sst2,separate_naive,0
probe_cosine_common,0.37308036618212004,0.2761430313562565,0.5576108415609035,0.11002810075370721,3000,12000,132,gpt2_sst2,separate_naive,0
probe_cosine_held_target,0.39980449458198514,0.3053374938525496,0.6172369326949528,-0.37239083907113696,3000,12000,132,gpt2_sst2,separate_naive,0
training_geometry,0.014080272692096482,0.004975639471307077,0.015094660685417828,0.9993582151075119,0,12000,132,gpt2_sst2,separate_lift,0
direct_training,0.01379411791359664,0.004465653635020259,0.015512212800888547,0.9994208282677546,0,12000,132,gpt2_sst2,separate_lift,0
mean_only,0.11354948538875258,0.046808187497600184,0.26508367204742894,0.96774900471164,0,12000,132,gpt2_sst2,separate_lift,0
variance_only,1.6446632101635985,0.12524298806511414,0.9349594010915596,0.7987299963997432,0,12000,132,gpt2_sst2,separate_lift,0
direct_calibration,0.02256293978560118,0.007559063136971661,0.03754583977919234,0.9990190604895304,3000,12000,132,gpt2_sst2,separate_lift,0
cka_common,2.444352008465097,0.1590031993572667,6.381038294647952,0.6914686334086857,3000,12000,132,gpt2_sst2,separate_lift,0
cka_held_target,3.028448260699201,0.17891562387431886,8.127775124612896,0.5800801174609093,3000,12000,132,gpt2_sst2,separate_lift,0
cca_shared_common,1.7976455427721127,0.16828836921787338,3.6676906355331504,0.7175181032732603,3000,12000,132,gpt2_sst2,separate_lift,0
cca_shared_held_target,2.8323682778646098,0.1930693124008342,4.397432283589284,0.587160214604622,3000,12000,132,gpt2_sst2,separate_lift,0
procrustes_shared_common,1.7975706607254633,0.1594010314457177,3.2042351018070248,0.7214862237228042,3000,12000,132,gpt2_sst2,separate_lift,0
procrustes_shared_held_target,2.8443656870049074,0.19252846395727283,4.930979340741335,0.5980842239007106,3000,12000,132,gpt2_sst2,separate_lift,0
probe_cosine_common,2.7631114359687747,1.211442443594346,4.7721470136194695,-0.09911263512824073,3000,12000,132,gpt2_sst2,separate_lift,0
probe_cosine_held_target,2.9521184122533017,1.267862565404784,5.399584871816259,-0.26948770166875174,3000,12000,132,gpt2_sst2,separate_lift,0
training_geometry,0.08809980531940584,0.011522033330945224,0.12665884387056284,0.9992747308938548,0,12000,132,gpt2_sst2,native_raw,1
direct_training,0.08929154173371331,0.011593481798886043,0.13007512013379843,0.999285166420562,0,12000,132,gpt2_sst2,native_raw,1
mean_only,1.283047293650972,0.10056020233586674,4.180144773767079,0.8312731864359022,0,12000,132,gpt2_sst2,native_raw,1
variance_only,4.830396677765768,0.19009442474752972,2.8724195873150684,0.7822105576223694,0,12000,132,gpt2_sst2,native_raw,1
direct_calibration,0.07734420001195454,0.012317077844091182,0.10073379270143913,0.9991912466801979,3000,12000,132,gpt2_sst2,native_raw,1
cka_common,8.532625929933964,1.3823394483915061,15.534364858516678,0.4576080614883669,3000,12000,132,gpt2_sst2,native_raw,1
cka_held_target,10.860761441963039,1.4496717204203204,22.454236906876794,0.33273785691775626,3000,12000,132,gpt2_sst2,native_raw,1
cca_shared_common,6.641704468376412,0.9857365381325993,8.841545255227322,0.4364227834443351,3000,12000,132,gpt2_sst2,native_raw,1
cca_shared_held_target,9.801364514337967,1.1670411696430727,13.421736710524991,0.2794770564054991,3000,12000,132,gpt2_sst2,native_raw,1
procrustes_shared_common,6.664539475870201,0.9607186619260099,8.815627155486167,0.43660150718340024,3000,12000,132,gpt2_sst2,native_raw,1
procrustes_shared_held_target,9.854205985236684,1.1077601389834466,13.421736710524991,0.29924543053521657,3000,12000,132,gpt2_sst2,native_raw,1
probe_cosine_common,7.930221037205883,0.9572806888557801,28.05994973231906,0.4343847701114533,3000,12000,132,gpt2_sst2,native_raw,1
probe_cosine_held_target,9.532585128839902,1.18818905185401,29.927711537350657,0.2903083187769583,3000,12000,132,gpt2_sst2,native_raw,1
training_geometry,0.17673158683272666,0.01240916571647524,0.12067943179043793,0.9998017249925645,0,12000,132,gpt2_sst2,shared_raw,1
direct_training,0.1758106360181333,0.01173953896923502,0.1131900907573499,0.9998017249925645,0,12000,132,gpt2_sst2,shared_raw,1
mean_only,1.8094045862618946,0.0906033919872046,3.6115093060521115,0.8643172817540032,0,12000,132,gpt2_sst2,shared_raw,1
variance_only,13.559329314932095,0.3331214020149979,16.513184465950477,0.8140232607890301,0,12000,132,gpt2_sst2,shared_raw,1
direct_calibration,0.1548404909013542,0.013374423223348253,0.2726709466545706,0.9996712809087255,3000,12000,132,gpt2_sst2,shared_raw,1
cka_common,19.473255187846668,1.8959007344968777,67.77239734087549,0.36083149090714856,3000,12000,132,gpt2_sst2,shared_raw,1
cka_held_target,25.924181505944993,2.0272559257309566,75.26952079422844,0.20714177514862908,3000,12000,132,gpt2_sst2,shared_raw,1
cca_shared_common,17.87048757031181,2.485345342491888,41.36770310905872,0.3790912765152016,3000,12000,132,gpt2_sst2,shared_raw,1
cca_shared_held_target,25.822480602918226,2.7407592887020353,44.147489133573636,0.23252859063188824,3000,12000,132,gpt2_sst2,shared_raw,1
procrustes_shared_common,17.84486057261296,2.390827643855771,41.03857892160376,0.3844721033588473,3000,12000,132,gpt2_sst2,shared_raw,1
procrustes_shared_held_target,25.818572395166242,2.562736406411183,44.164956512927674,0.24121677203531247,3000,12000,132,gpt2_sst2,shared_raw,1
probe_cosine_common,17.712301237500828,1.6974867362023134,39.139909712541126,0.3814201808114606,3000,12000,132,gpt2_sst2,shared_raw,1
probe_cosine_held_target,24.82620912894704,1.9184961027122776,45.196620777977515,0.22842038204503898,3000,12000,132,gpt2_sst2,shared_raw,1
training_geometry,0.03179657654747126,0.0025490213943715825,0.05862220370165745,0.9982990091467391,0,12000,132,gpt2_sst2,shared_center,1
direct_training,0.031190326803543503,0.00237133366226841,0.05699272412580447,0.9980694275591824,0,12000,132,gpt2_sst2,shared_center,1
mean_only,1.8790344634131784,0.0866704483732178,4.128658211585252,,0,12000,132,gpt2_sst2,shared_center,1
variance_only,0.031796576547471166,0.0025490213943715548,0.05862220370165814,0.9982990091467391,0,12000,132,gpt2_sst2,shared_center,1
direct_calibration,0.06196630760077785,0.005566257880704674,0.12203049819077375,0.996801511064267,3000,12000,132,gpt2_sst2,shared_center,1
cka_common,2.208511266913015,0.5719826289723968,5.590481033911036,0.3488444412182158,3000,12000,132,gpt2_sst2,shared_center,1
cka_held_target,2.796583481054113,0.6397343195838279,7.2178302499037175,0.16014972446334225,3000,12000,132,gpt2_sst2,shared_center,1
cca_shared_common,1.933558935492787,0.6366790063289842,3.6326105565348668,0.3795137858969342,3000,12000,132,gpt2_sst2,shared_center,1
cca_shared_held_target,2.913276641809182,0.6980616684286935,6.007153886918472,0.2452922497665903,3000,12000,132,gpt2_sst2,shared_center,1
procrustes_shared_common,1.9313152175824446,0.5911282581699324,3.6326105565348668,0.38080674557077354,3000,12000,132,gpt2_sst2,shared_center,1
procrustes_shared_held_target,2.9048389749686483,0.6541202474390266,6.007153886918472,0.246712586666579,3000,12000,132,gpt2_sst2,shared_center,1
probe_cosine_common,2.1646837893368844,0.6218447727004461,7.3667431330309245,0.35753201765368386,3000,12000,132,gpt2_sst2,shared_center,1
probe_cosine_held_target,2.752598815130112,0.7073928248270556,8.666806615096773,0.22398607929247744,3000,12000,132,gpt2_sst2,shared_center,1
training_geometry,0.004949138676725598,0.00337000710796706,0.011801331935032642,0.9984555420473459,0,12000,132,gpt2_sst2,shared_rms,1
direct_training,0.005261288162257948,0.004066247065458807,0.012531793770448624,0.998345969016921,0,12000,132,gpt2_sst2,shared_rms,1
mean_only,0.18010562278004474,0.13725580180576147,0.420069354630372,,0,12000,132,gpt2_sst2,shared_rms,1
variance_only,0.004949138676725598,0.0033700071079670185,0.011801331935032642,0.9984555420473459,0,12000,132,gpt2_sst2,shared_rms,1
direct_calibration,0.009515319548427669,0.006529691878497234,0.020771535533728507,0.9975059091169977,3000,12000,132,gpt2_sst2,shared_rms,1
cka_common,0.09878429050406275,0.07345423205768949,0.22912141429416574,0.504448394769911,3000,12000,132,gpt2_sst2,shared_rms,1
cka_held_target,0.12291513740968908,0.08337801083147164,0.2730039666150405,0.34739364080083623,3000,12000,132,gpt2_sst2,shared_rms,1
cca_shared_common,0.09790369732905674,0.07688408423050314,0.21403203999515066,0.5375380342969027,3000,12000,132,gpt2_sst2,shared_rms,1
cca_shared_held_target,0.11926748756033452,0.09044305374111641,0.27223600868482645,0.4022789711449154,3000,12000,132,gpt2_sst2,shared_rms,1
procrustes_shared_common,0.09696448033525634,0.07816561008108197,0.2129604563959348,0.5389044601005196,3000,12000,132,gpt2_sst2,shared_rms,1
procrustes_shared_held_target,0.11929590154686172,0.08896945309629867,0.27223600868482645,0.3908166312623617,3000,12000,132,gpt2_sst2,shared_rms,1
probe_cosine_common,0.09323481955795179,0.0721027023389941,0.2217819529368067,0.5540732769477735,3000,12000,132,gpt2_sst2,shared_rms,1
probe_cosine_held_target,0.11619037709373334,0.08183683625607628,0.24308564804476224,0.35714278388888576,3000,12000,132,gpt2_sst2,shared_rms,1
training_geometry,0.2297281022284755,0.010840099305165801,0.26463794927445555,0.9994625703745832,0,12000,132,gpt2_sst2,native_raw,2
direct_training,0.23259167856523716,0.015574407144758898,0.26793453303822523,0.9992747308938548,0,12000,132,gpt2_sst2,native_raw,2
mean_only,2.9094935409758307,0.10007412409691818,6.24987169966653,0.8646303475552168,0,12000,132,gpt2_sst2,native_raw,2
variance_only,5.854948904865601,0.2121832983932199,5.888951884670148,0.7931261185580187,0,12000,132,gpt2_sst2,native_raw,2
direct_calibration,0.16817828466319223,0.0106203856378973,0.28648646606949524,0.9992173354969657,3000,12000,132,gpt2_sst2,native_raw,2
cka_common,10.678357028854812,0.979974348284597,29.0966518461422,0.4245888740954841,3000,12000,132,gpt2_sst2,native_raw,2
cka_held_target,13.711923503736012,1.3375226067925672,39.01982580174064,0.26882586446811385,3000,12000,132,gpt2_sst2,native_raw,2
cca_shared_common,8.534667519055013,0.8839506982613994,25.482333882536956,0.43997880047361054,3000,12000,132,gpt2_sst2,native_raw,2
cca_shared_held_target,13.38421320952949,1.0597194500828,38.69000422319412,0.29083247703717485,3000,12000,132,gpt2_sst2,native_raw,2
procrustes_shared_common,8.53135195479755,0.8786039971762503,25.482333882536956,0.4416279103466617,3000,12000,132,gpt2_sst2,native_raw,2
procrustes_shared_held_target,13.450330546804404,1.0028984795046303,38.69000422319412,0.29629069309398637,3000,12000,132,gpt2_sst2,native_raw,2
probe_cosine_common,9.430906953790622,0.9227704828595962,14.932046612052469,0.429042134331395,3000,12000,132,gpt2_sst2,native_raw,2
probe_cosine_held_target,13.197295138491405,1.0143139444656348,20.578526723709533,0.3156947175903226,3000,12000,132,gpt2_sst2,native_raw,2
training_geometry,0.07493473948080769,0.005667086056129748,0.16194796101933753,0.9997860717025039,0,12000,132,gpt2_sst2,shared_raw,2
direct_training,0.0751120317577337,0.005341884114709372,0.170763736844888,0.9998121605192716,0,12000,132,gpt2_sst2,shared_raw,2
mean_only,1.6054169133441825,0.07266351186827888,3.882881111824572,0.8198619379816646,0,12000,132,gpt2_sst2,shared_raw,2
variance_only,12.05336410852345,0.22888485239775108,12.504592964981585,0.814534601597679,0,12000,132,gpt2_sst2,shared_raw,2
direct_calibration,0.10378693806350342,0.01197433373042514,0.22658306352416616,0.9995356190615329,3000,12000,132,gpt2_sst2,shared_raw,2
cka_common,17.141943800581203,1.6081988846413575,44.449663401785045,0.4048090823689254,3000,12000,132,gpt2_sst2,shared_raw,2
cka_held_target,23.682931198751227,2.0975907982618613,54.842989226896684,0.17631699166600165,3000,12000,132,gpt2_sst2,shared_raw,2
cca_shared_common,15.755595416187782,2.256008086999062,28.15254737947538,0.414594585429843,3000,12000,132,gpt2_sst2,shared_raw,2
cca_shared_held_target,23.003323103087137,2.3405622099298045,31.16652940419095,0.27409921596026393,3000,12000,132,gpt2_sst2,shared_raw,2
procrustes_shared_common,15.716165001026777,1.9236321306986819,27.953996907719613,0.41922624186261576,3000,12000,132,gpt2_sst2,shared_raw,2
procrustes_shared_held_target,22.986476067972312,2.015524423649268,31.166301220140486,0.2687945101063663,3000,12000,132,gpt2_sst2,shared_raw,2
probe_cosine_common,15.638710887838926,1.6066086502436212,29.621476449579834,0.4193185936482331,3000,12000,132,gpt2_sst2,shared_raw,2
probe_cosine_held_target,22.469236706533916,1.8859833363649465,31.84041170457037,0.28182725762359595,3000,12000,132,gpt2_sst2,shared_raw,2
training_geometry,0.048673993930671414,0.005383607533088513,0.18421395066869398,0.9960292820879401,0,12000,132,gpt2_sst2,shared_center,2
direct_training,0.0494369211814991,0.006057792412165721,0.18327478470725858,0.9959771044544043,0,12000,132,gpt2_sst2,shared_center,2
mean_only,1.7386644834816403,0.07076292574189906,4.267954618825251,,0,12000,132,gpt2_sst2,shared_center,2
variance_only,0.04867399393067136,0.005383607533088513,0.18421395066869412,0.9960292820879401,0,12000,132,gpt2_sst2,shared_center,2
direct_calibration,0.040619554059876224,0.006711782391584535,0.10598804814508174,0.9938586925328586,3000,12000,132,gpt2_sst2,shared_center,2
cka_common,1.9841503341371256,0.5681470357041194,4.410244711725133,0.36961788895525677,3000,12000,132,gpt2_sst2,shared_center,2
cka_held_target,2.6053163215111454,0.6811832050408207,6.355028478665466,0.18658281579486408,3000,12000,132,gpt2_sst2,shared_center,2
cca_shared_common,1.7976156696255066,0.6064713621749283,4.007973625686794,0.3907587729134907,3000,12000,132,gpt2_sst2,shared_center,2
cca_shared_held_target,2.632109392347173,0.660223142761336,6.4792278273849835,0.2554098553856331,3000,12000,132,gpt2_sst2,shared_center,2
procrustes_shared_common,1.797427938674942,0.6064713621749283,4.007973625686794,0.39372455883799473,3000,12000,132,gpt2_sst2,shared_center,2
procrustes_shared_held_target,2.629717713488176,0.660223142761336,6.4792278273849835,0.2585400348526181,3000,12000,132,gpt2_sst2,shared_center,2
probe_cosine_common,1.9531121963703564,0.70476841081979,6.8195580113294145,0.3658699955570533,3000,12000,132,gpt2_sst2,shared_center,2
probe_cosine_held_target,2.6903657926370506,0.7666875516391068,7.7351951148099,0.22235880205080363,3000,12000,132,gpt2_sst2,shared_center,2
training_geometry,0.0066104004554824475,0.004225818206411417,0.014195688737947756,0.9985390262610028,0,12000,132,gpt2_sst2,shared_rms,2
direct_training,0.006824390832230327,0.004547734397750336,0.01433369587837479,0.9984242354672244,0,12000,132,gpt2_sst2,shared_rms,2
mean_only,0.183033188874729,0.13084933581585162,0.40354181100259334,,0,12000,132,gpt2_sst2,shared_rms,2
variance_only,0.006610400455482445,0.0042258182064114115,0.014195688737947756,0.9985390262610028,0,12000,132,gpt2_sst2,shared_rms,2
direct_calibration,0.006338673415167895,0.004712613390599229,0.013910967594563282,0.9976363532008368,3000,12000,132,gpt2_sst2,shared_rms,2
cka_common,0.10128994756070547,0.06848348842737789,0.2181736276474978,0.5212385822880852,3000,12000,132,gpt2_sst2,shared_rms,2
cka_held_target,0.11936897997957237,0.0765249021985073,0.2854640651974154,0.33763218519658544,3000,12000,132,gpt2_sst2,shared_rms,2
cca_shared_common,0.10037135137092934,0.07490963138075304,0.21101477289323703,0.5470774436109234,3000,12000,132,gpt2_sst2,shared_rms,2
cca_shared_held_target,0.11650342591529018,0.08579883163230337,0.2624299162915212,0.40426254128864714,3000,12000,132,gpt2_sst2,shared_rms,2
procrustes_shared_common,0.10037870371155845,0.07494557615716205,0.21101477289323703,0.5440352094806529,3000,12000,132,gpt2_sst2,shared_rms,2
procrustes_shared_held_target,0.11668376395142983,0.08550336215185811,0.2624299162915212,0.3941433890290047,3000,12000,132,gpt2_sst2,shared_rms,2
probe_cosine_common,0.09959551835845694,0.07379104620190005,0.2175790522457165,0.5307333438153338,3000,12000,132,gpt2_sst2,shared_rms,2
probe_cosine_held_target,0.11647631450619876,0.08377904103959427,0.2643154666690289,0.3478953530062579,3000,12000,132,gpt2_sst2,shared_rms,2
training_geometry,0.09398736472989372,0.012972111611641864,0.15660549705401322,0.9953457550886234,0,12000,132,gpt2_agnews,native_raw,0
direct_training,0.09417010192190944,0.014380406468346207,0.15633582938498533,0.9952153110047847,0,12000,132,gpt2_agnews,native_raw,0
mean_only,1.8779893508205394,0.08923220880019916,4.03509397115093,0.7406928146180858,0,12000,132,gpt2_agnews,native_raw,0
variance_only,0.6570454804126926,0.013073482993564818,0.6074414286685951,0.9919124668019805,0,12000,132,gpt2_agnews,native_raw,0
direct_calibration,0.0969340657626267,0.003324023420081479,0.08381861461748948,0.9995043124814115,3000,12000,132,gpt2_agnews,native_raw,0
cka_common,2.8151645951063693,0.600654125882067,6.785711443953616,0.5783273830755071,3000,12000,132,gpt2_agnews,native_raw,0
cka_held_target,4.083542858925237,0.6843130012185192,9.99026263933272,0.47455719907374405,3000,12000,132,gpt2_agnews,native_raw,0
cca_shared_common,2.5911779382388596,0.3901473590569797,7.651861273344969,0.676500250983771,3000,12000,132,gpt2_agnews,native_raw,0
cca_shared_held_target,3.7696831371913357,0.4054926039673672,9.690208320079085,0.5799010935753561,3000,12000,132,gpt2_agnews,native_raw,0
procrustes_shared_common,2.5922915445264163,0.45353410680830597,7.043095010919302,0.6735671547935146,3000,12000,132,gpt2_agnews,native_raw,0
procrustes_shared_held_target,3.743697858507823,0.5789055812071475,9.553195904765671,0.5778862555468405,3000,12000,132,gpt2_agnews,native_raw,0
probe_cosine_common,2.916322143633633,0.6283123922867779,10.387603045752961,0.6406032126761912,3000,12000,132,gpt2_agnews,native_raw,0
probe_cosine_held_target,4.040949720819776,0.7182937632436703,11.547626937839338,0.5249242719367387,3000,12000,132,gpt2_agnews,native_raw,0
training_geometry,0.0746229541840305,0.006654489094284302,0.06832539065140626,0.9984555420473459,0,12000,132,gpt2_agnews,shared_raw,0
direct_training,0.07516535796472633,0.007449951053736897,0.06742873509957503,0.998345969016921,0,12000,132,gpt2_agnews,shared_raw,0
mean_only,2.358744707300556,0.07579373942076903,5.076044292342793,0.7815531194398208,0,12000,132,gpt2_agnews,shared_raw,0
variance_only,0.9261218400907224,0.007392992377260613,0.5352745691003276,0.9855572310373433,0,12000,132,gpt2_agnews,shared_raw,0
direct_calibration,0.08147696428274588,0.002300388301946149,0.07296229850499536,0.9996191032751899,3000,12000,132,gpt2_agnews,shared_raw,0
cka_common,3.960035981882581,0.6794650173092742,6.7823390517428725,0.6239456318017662,3000,12000,132,gpt2_agnews,shared_raw,0
cka_held_target,4.941205629881395,0.6678767812580039,7.240740748877156,0.5424886593898622,3000,12000,132,gpt2_agnews,shared_raw,0
cca_shared_common,3.195394675473373,0.37133348010011025,6.565886751344802,0.6672163207736189,3000,12000,132,gpt2_agnews,shared_raw,0
cca_shared_held_target,4.785028068110146,0.4603029778262273,9.047535437993469,0.5800497273048989,3000,12000,132,gpt2_agnews,shared_raw,0
procrustes_shared_common,3.1956309168649923,0.3988612576392254,6.565886751344802,0.6676329930562889,3000,12000,132,gpt2_agnews,shared_raw,0
procrustes_shared_held_target,4.7839777348457515,0.46038647681932054,9.047535437993469,0.5812811612216975,3000,12000,132,gpt2_agnews,shared_raw,0
probe_cosine_common,3.6823246084539156,0.5811951730355915,5.906219073410392,0.6048933210553918,3000,12000,132,gpt2_agnews,shared_raw,0
probe_cosine_held_target,5.182497815019052,0.746165738799944,7.115308390547234,0.48092966221245975,3000,12000,132,gpt2_agnews,shared_raw,0
training_geometry,0.03678168581529642,0.006014534894843403,0.07820160623699574,0.9981737828262536,0,12000,132,gpt2_agnews,shared_center,0
direct_training,0.03696807926957782,0.0067273351085938606,0.07827880476071908,0.998038120979061,0,12000,132,gpt2_agnews,shared_center,0
mean_only,2.32419197734948,0.07756899631534542,4.797587019036549,,0,12000,132,gpt2_agnews,shared_center,0
variance_only,0.03678168581529642,0.006014534894843403,0.07820160623699574,0.9981737828262536,0,12000,132,gpt2_agnews,shared_center,0
direct_calibration,0.04498937172728406,0.0022979172654932246,0.07560620278668413,0.9996921519621398,3000,12000,132,gpt2_agnews,shared_center,0
cka_common,2.6470700160191574,0.48889405681260056,4.118464837093229,0.5995781265690271,3000,12000,132,gpt2_agnews,shared_center,0
cka_held_target,3.6296907210498284,0.4723470223632159,4.4124729726366665,0.5006075787951169,3000,12000,132,gpt2_agnews,shared_center,0
cca_shared_common,2.279946483365066,0.27324274493260803,6.356955122737462,0.6998731447759592,3000,12000,132,gpt2_agnews,shared_center,0
cca_shared_held_target,3.535429534370063,0.29987856265610524,8.124752472247575,0.6223262916648605,3000,12000,132,gpt2_agnews,shared_center,0
procrustes_shared_common,2.2801067000603807,0.3077263708660159,6.356955122737462,0.700261171062698,3000,12000,132,gpt2_agnews,shared_center,0
procrustes_shared_held_target,3.53498736629942,0.34183424726192624,8.124752472247575,0.6190191070972293,3000,12000,132,gpt2_agnews,shared_center,0
probe_cosine_common,2.6691287103078896,0.47961059781773296,5.208586781491334,0.6461120652951926,3000,12000,132,gpt2_agnews,shared_center,0
probe_cosine_held_target,3.633959855199765,0.5103642313694199,5.452693770113236,0.5443422977062387,3000,12000,132,gpt2_agnews,shared_center,0
training_geometry,0.0030252083328075356,0.002008515145297142,0.005770663794285498,0.9964884452630534,0,12000,132,gpt2_agnews,shared_rms,0
direct_training,0.003346663375301707,0.0022650234269040205,0.006725255002659803,0.9956901274699584,0,12000,132,gpt2_agnews,shared_rms,0
mean_only,0.07478969060422845,0.023554974252298203,0.24587289540253537,,0,12000,132,gpt2_agnews,shared_rms,0
variance_only,0.003025208332807535,0.002008515145297144,0.005770663794285498,0.9964884452630534,0,12000,132,gpt2_agnews,shared_rms,0
direct_calibration,0.0022492655226575954,0.0010088575274488157,0.0050429453940721135,0.9965928005301246,3000,12000,132,gpt2_agnews,shared_rms,0
cka_common,0.07747812928946651,0.052219807568075725,0.14526352632915993,0.5592478199330385,3000,12000,132,gpt2_agnews,shared_rms,0
cka_held_target,0.08487579022039186,0.05639301069432569,0.20464990631626645,0.4167422048799356,3000,12000,132,gpt2_agnews,shared_rms,0
cca_shared_common,0.06822392714129863,0.024639364411263562,0.1759628625872886,0.7744093834066088,3000,12000,132,gpt2_agnews,shared_rms,0
cca_shared_held_target,0.08006019365302165,0.02361876945257739,0.2258670604547532,0.7017807979301599,3000,12000,132,gpt2_agnews,shared_rms,0
procrustes_shared_common,0.06784250778990043,0.024773557402281272,0.1759628625872886,0.7790393563223765,3000,12000,132,gpt2_agnews,shared_rms,0
procrustes_shared_held_target,0.08030244641270519,0.025176262614252307,0.22548447739224645,0.7089088465742654,3000,12000,132,gpt2_agnews,shared_rms,0
probe_cosine_common,0.06767111525271585,0.0217977647345497,0.17187266114863095,0.7927571801305517,3000,12000,132,gpt2_agnews,shared_rms,0
probe_cosine_held_target,0.07834538912489937,0.02511339045219924,0.21550445916796446,0.7205914426099733,3000,12000,132,gpt2_agnews,shared_rms,0
training_geometry,0.00672895255728014,0.0023214268899546774,0.010443901912523252,0.9975319979337656,0,12000,132,gpt2_agnews,shared_unit,0
direct_training,0.00729602077070472,0.0028697807000569453,0.011500119498988043,0.9971876255524306,0,12000,132,gpt2_agnews,shared_unit,0
mean_only,0.16036391523975332,0.029834401926543852,0.492678396622397,0.7786103009084124,0,12000,132,gpt2_agnews,shared_unit,0
variance_only,0.09999641926144738,0.006018496682127167,0.1057723127456158,0.9477388822507342,0,12000,132,gpt2_agnews,shared_unit,0
direct_calibration,0.004486935820315066,0.0017546651638084068,0.010196149583150972,0.9987320835050845,3000,12000,132,gpt2_agnews,shared_unit,0
cka_common,0.3325939990678068,0.1438957670045533,0.4826833299661472,0.6064110178487254,3000,12000,132,gpt2_agnews,shared_unit,0
cka_held_target,0.36286914412248855,0.14291968051918924,0.6615450213837362,0.5013605178742894,3000,12000,132,gpt2_agnews,shared_unit,0
cca_shared_common,0.2864228920382919,0.06518662977089354,0.8972703934647103,0.7348379521413064,3000,12000,132,gpt2_agnews,shared_unit,0
cca_shared_held_target,0.3484695077046135,0.06935576387764186,1.0489899419596007,0.6616470149764097,3000,12000,132,gpt2_agnews,shared_unit,0
procrustes_shared_common,0.28549408591447245,0.06518662977089354,0.8972703934647103,0.7398805222255186,3000,12000,132,gpt2_agnews,shared_unit,0
procrustes_shared_held_target,0.34799642676937576,0.06848345457539995,1.0489899419596007,0.6710297348188824,3000,12000,132,gpt2_agnews,shared_unit,0
probe_cosine_common,0.28555042479764603,0.04865605722184163,0.7667920394477028,0.7433263121319362,3000,12000,132,gpt2_agnews,shared_unit,0
probe_cosine_held_target,0.3342982380775877,0.05470738061502725,0.9731802138053883,0.6650594154383481,3000,12000,132,gpt2_agnews,shared_unit,0
training_geometry,0.017945504697794795,0.005684426109682977,0.020775394888473676,0.9971928433157841,0,12000,132,gpt2_agnews,shared_clip100,0
direct_training,0.018463817896496273,0.005718779813548139,0.021133010143334952,0.9969893505449953,0,12000,132,gpt2_agnews,shared_clip100,0
mean_only,0.567162212045507,0.05127784901393903,1.2256112135467074,0.6520847573479152,0,12000,132,gpt2_agnews,shared_clip100,0
variance_only,0.1724281759160757,0.008169794668150961,0.13559709278186147,0.9452134847876107,0,12000,132,gpt2_agnews,shared_clip100,0
direct_calibration,0.009523318295637616,0.0021877189382046424,0.019353733035331718,0.9992747308938548,3000,12000,132,gpt2_agnews,shared_clip100,0
cka_common,0.988310054632344,0.5724201145082777,1.6482274846651974,0.5693111722693148,3000,12000,132,gpt2_agnews,shared_clip100,0
cka_held_target,1.0917036488072662,0.5212928451515979,1.9699784121555692,0.4652654631615163,3000,12000,132,gpt2_agnews,shared_clip100,0
cca_shared_common,0.7931788845909975,0.12583563278491766,2.2855669127309013,0.6928289549759067,3000,12000,132,gpt2_agnews,shared_clip100,0
cca_shared_held_target,0.990771590867564,0.13739349984117522,2.8175386303969288,0.6245171796301281,3000,12000,132,gpt2_agnews,shared_clip100,0
procrustes_shared_common,0.7518742578577197,0.12356679186368795,2.239854772033938,0.6962359892855078,3000,12000,132,gpt2_agnews,shared_clip100,0
procrustes_shared_held_target,0.9531964938163277,0.13563245626682516,2.4627437184725074,0.6259594568317451,3000,12000,132,gpt2_agnews,shared_clip100,0
probe_cosine_common,0.7829464432790784,0.10080451554979347,2.292109435773355,0.6910731534918436,3000,12000,132,gpt2_agnews,shared_clip100,0
probe_cosine_held_target,0.9680874591450718,0.12897896497485029,2.9136477988693357,0.6144622327328477,3000,12000,132,gpt2_agnews,shared_clip100,0
training_geometry,0.04577485141465533,0.007914294728416687,0.05011619995704155,0.996895430804631,0,12000,132,gpt2_agnews,shared_clip300,0
direct_training,0.045938573246250045,0.008043282983863843,0.05016877770303565,0.9965823650034175,0,12000,132,gpt2_agnews,shared_clip300,0
mean_only,1.6306012138139785,0.07526804136143582,3.09008814080854,0.6445972669355553,0,12000,132,gpt2_agnews,shared_clip300,0
variance_only,0.5937692925606501,0.008007723592711565,0.23460974930909295,0.9628443071592929,0,12000,132,gpt2_agnews,shared_clip300,0
direct_calibration,0.04738193540201918,0.002732919227815562,0.07400397804190821,0.9992382065503799,3000,12000,132,gpt2_agnews,shared_clip300,0
cka_common,2.8436158701920267,0.5623870177833445,5.447231592544342,0.557995922925943,3000,12000,132,gpt2_agnews,shared_clip300,0
cka_held_target,3.325392119475698,0.6369653928681522,5.978937695657907,0.4932981456470092,3000,12000,132,gpt2_agnews,shared_clip300,0
cca_shared_common,2.1484656839458562,0.2756052924634281,3.913083319732784,0.6621472733034505,3000,12000,132,gpt2_agnews,shared_clip300,0
cca_shared_held_target,3.210613210970469,0.3266018833689758,5.004970921621836,0.575069236710725,3000,12000,132,gpt2_agnews,shared_clip300,0
procrustes_shared_common,2.148389361450625,0.27284930290757736,4.54511245241281,0.6629400453773816,3000,12000,132,gpt2_agnews,shared_clip300,0
procrustes_shared_held_target,3.2437098382075233,0.32304734206197344,6.068949381483509,0.5842980106924028,3000,12000,132,gpt2_agnews,shared_clip300,0
probe_cosine_common,2.2649464926323355,0.41562309432288763,2.8891772808539775,0.6294412040321997,3000,12000,132,gpt2_agnews,shared_clip300,0
probe_cosine_held_target,3.2959147885971265,0.5172814530956094,3.8920549863072686,0.497688151767256,3000,12000,132,gpt2_agnews,shared_clip300,0
training_geometry,0.036221242893983395,0.010669641324672144,0.08500438045317785,0.9984972841541744,0,12000,132,gpt2_agnews,separate_naive,0
direct_training,0.03789273287933394,0.012379305797943496,0.0853572764678409,0.9983146624367997,0,12000,132,gpt2_agnews,separate_naive,0
mean_only,0.8008442319397213,0.2461820517789789,1.8657989272602573,,0,12000,132,gpt2_agnews,separate_naive,0
variance_only,0.03622124289398339,0.010669641324672144,0.08500438045317785,0.9984972841541744,0,12000,132,gpt2_agnews,separate_naive,0
direct_calibration,0.02938819188832849,0.008508789622297092,0.06623056434932473,0.9978659347883935,3000,12000,132,gpt2_agnews,separate_naive,0
cka_common,0.6807435148424364,0.31327992591087594,1.5242529444970239,0.1596774144961709,3000,12000,132,gpt2_agnews,separate_naive,0
cka_held_target,0.908132210438043,0.35777621010494687,2.2186041776241034,-0.07205874775875384,3000,12000,132,gpt2_agnews,separate_naive,0
cca_shared_common,0.6547703537824642,0.31299612330851334,1.6987042961936358,0.13645295158719403,3000,12000,132,gpt2_agnews,separate_naive,0
cca_shared_held_target,0.8756037060447098,0.3485338155908879,2.2676249541070814,-0.021654904346525033,3000,12000,132,gpt2_agnews,separate_naive,0
procrustes_shared_common,0.654784956709401,0.3222361327515668,1.7038486691006522,0.136391638896387,3000,12000,132,gpt2_agnews,separate_naive,0
procrustes_shared_held_target,0.8777350811264468,0.34649254305704147,2.3177008554437757,-0.022557568008668774,3000,12000,132,gpt2_agnews,separate_naive,0
probe_cosine_common,0.8017524050928134,0.5860227932182154,1.030739448040962,0.2581485889794027,3000,12000,132,gpt2_agnews,separate_naive,0
probe_cosine_held_target,0.8648462424364919,0.6235844300267688,1.1999828305796476,-0.21752699667050474,3000,12000,132,gpt2_agnews,separate_naive,0
training_geometry,0.0171851489002223,0.005133982319249188,0.022215390784083126,0.9981737828262536,0,12000,132,gpt2_agnews,separate_lift,0
direct_training,0.01808879480590735,0.00586379167311863,0.023772995745277335,0.9978607170250399,0,12000,132,gpt2_agnews,separate_lift,0
mean_only,0.4681532014327998,0.07626551027065638,1.0027005138114486,0.6789040609852179,0,12000,132,gpt2_agnews,separate_lift,0
variance_only,0.1727681791759708,0.004466162236491468,0.2877396759581205,0.9963527834158608,0,12000,132,gpt2_agnews,separate_lift,0
direct_calibration,0.01268200123204408,0.0022859174028904,0.033407085908240826,0.9991495045733694,3000,12000,132,gpt2_agnews,separate_lift,0
cka_common,0.6354259784791338,0.1028565500541697,1.112407436827807,0.7564371469459685,3000,12000,132,gpt2_agnews,separate_lift,0
cka_held_target,0.975851498626271,0.11998140517684894,1.4449721390885248,0.6744056900246735,3000,12000,132,gpt2_agnews,separate_lift,0
cca_shared_common,0.5911379050454247,0.07287393662890998,1.323736010095796,0.8306659360607781,3000,12000,132,gpt2_agnews,separate_lift,0
cca_shared_held_target,0.9398402544626243,0.08850163619936163,1.8409074619638295,0.7656984384907592,3000,12000,132,gpt2_agnews,separate_lift,0
procrustes_shared_common,0.5912238666141079,0.07438295381693763,1.3099945673912825,0.8298471171832251,3000,12000,132,gpt2_agnews,separate_lift,0
procrustes_shared_held_target,0.9402753419848987,0.0867733365092768,1.867149791779615,0.7630633889389015,3000,12000,132,gpt2_agnews,separate_lift,0
probe_cosine_common,0.9102808496040496,0.676180925867172,0.8535208287885534,0.17682504682039726,3000,12000,132,gpt2_agnews,separate_lift,0
probe_cosine_held_target,0.9705722258147661,0.7287639874548482,0.979167256575318,-0.08609018633908681,3000,12000,132,gpt2_agnews,separate_lift,0
training_geometry,0.044593373674164674,0.009590412832633441,0.06108926016953067,0.9974067716132801,0,12000,132,gpt2_agnews,native_raw,1
direct_training,0.04515353388586232,0.011006769208745215,0.060684214425734795,0.9973545939797444,0,12000,132,gpt2_agnews,native_raw,1
mean_only,1.5088726589630461,0.09269555839631341,3.3798117564216263,0.7564765487626073,0,12000,132,gpt2_agnews,native_raw,1
variance_only,1.3532339176613286,0.009006395629220912,1.2301502009887126,0.99136981941321,0,12000,132,gpt2_agnews,native_raw,1
direct_calibration,0.04811609274814867,0.003456273734226998,0.07334124149359846,0.9992956019472691,3000,12000,132,gpt2_agnews,native_raw,1
cka_common,3.2174612974863037,0.5789049340877022,7.615819579646244,0.5780720149555747,3000,12000,132,gpt2_agnews,native_raw,1
cka_held_target,4.307077778541835,0.5981840843050614,9.742497295329251,0.48615577107231805,3000,12000,132,gpt2_agnews,native_raw,1
cca_shared_common,2.8831833535988864,0.4658701372451959,8.46125981566763,0.6871591591682547,3000,12000,132,gpt2_agnews,native_raw,1
cca_shared_held_target,4.022597879023074,0.524786024844256,11.168734151801461,0.589573870957392,3000,12000,132,gpt2_agnews,native_raw,1
procrustes_shared_common,2.8811373508197122,0.4315939175928898,7.596578975744467,0.6869142150137799,3000,12000,132,gpt2_agnews,native_raw,1
procrustes_shared_held_target,4.005377141130823,0.5610736069135281,10.51866643188989,0.6004422274874013,3000,12000,132,gpt2_agnews,native_raw,1
probe_cosine_common,3.0461743340859515,0.4650990905127282,8.624714056947354,0.6606531399783773,3000,12000,132,gpt2_agnews,native_raw,1
probe_cosine_held_target,4.078430350895948,0.5495521705709238,10.70594140959058,0.5473679558403305,3000,12000,132,gpt2_agnews,native_raw,1
training_geometry,0.07899973096097158,0.00506434119672837,0.0845972768598608,0.9987164302150239,0,12000,132,gpt2_agnews,shared_raw,1
direct_training,0.0788581159097946,0.005486999554392007,0.08418875825677162,0.9985338084976493,0,12000,132,gpt2_agnews,shared_raw,1
mean_only,2.3697738778815665,0.07803949312231626,4.411080953193933,0.6908475213015188,0,12000,132,gpt2_agnews,shared_raw,1
variance_only,0.6471984405525307,0.005364098198115315,0.323076039712965,0.986726010028541,0,12000,132,gpt2_agnews,shared_raw,1
direct_calibration,0.04603612687812806,0.0047070873196801595,0.07330424190397977,0.9987894789019737,3000,12000,132,gpt2_agnews,shared_raw,1
cka_common,3.7336653105085267,0.6611105879693129,6.015741274741017,0.6130338653715239,3000,12000,132,gpt2_agnews,shared_raw,1
cka_held_target,4.843501436779339,0.6800649585900864,6.421399654375718,0.5313979656350281,3000,12000,132,gpt2_agnews,shared_raw,1
cca_shared_common,3.032600288937208,0.32906364390809884,5.985133417173467,0.6723295654876292,3000,12000,132,gpt2_agnews,shared_raw,1
cca_shared_held_target,4.710235750847859,0.3877214799158999,8.089273676386792,0.5849921994862639,3000,12000,132,gpt2_agnews,shared_raw,1
procrustes_shared_common,3.0325340366169207,0.346401372125184,5.985133417173467,0.6730898958380975,3000,12000,132,gpt2_agnews,shared_raw,1
procrustes_shared_held_target,4.711297090790619,0.3621044521600728,8.089273676386792,0.5852199427313083,3000,12000,132,gpt2_agnews,shared_raw,1
probe_cosine_common,3.522451971295664,0.6891817872855137,4.160422924655819,0.604949304855618,3000,12000,132,gpt2_agnews,shared_raw,1
probe_cosine_held_target,4.962031642797502,0.7293421307940209,6.320564253386354,0.4885916579121546,3000,12000,132,gpt2_agnews,shared_raw,1
training_geometry,0.08052647482998747,0.004927083697362188,0.06795607627381017,0.9988781808789843,0,12000,132,gpt2_agnews,shared_center,1
direct_training,0.08068396362170971,0.005599337913124752,0.0645503551429762,0.9985912038945384,0,12000,132,gpt2_agnews,shared_center,1
mean_only,2.4054485414647067,0.0794737779603058,4.73626787981974,,0,12000,132,gpt2_agnews,shared_center,1
variance_only,0.08052647482998761,0.004927083697362188,0.06795607627381017,0.9988781808789843,0,12000,132,gpt2_agnews,shared_center,1
direct_calibration,0.03343330961605578,0.003757576460028035,0.05456634847291899,0.9992277710236728,3000,12000,132,gpt2_agnews,shared_center,1
cka_common,2.766830764835249,0.5705369740233583,4.0977564822705865,0.6086916200415905,3000,12000,132,gpt2_agnews,shared_center,1
cka_held_target,3.8014163715705136,0.5674100587052763,4.763783833914568,0.4933516009042975,3000,12000,132,gpt2_agnews,shared_center,1
cca_shared_common,2.361023349354788,0.26599752751832906,6.372347489407854,0.7068296272482095,3000,12000,132,gpt2_agnews,shared_center,1
cca_shared_held_target,3.732300519632978,0.29828145714015186,8.178941715098691,0.6291523339901075,3000,12000,132,gpt2_agnews,shared_center,1
procrustes_shared_common,2.361832436445543,0.2859764593427461,6.372347489407854,0.7070624532725241,3000,12000,132,gpt2_agnews,shared_center,1
procrustes_shared_held_target,3.731446716231238,0.32794798380115353,8.178941715098691,0.6283174646271514,3000,12000,132,gpt2_agnews,shared_center,1
probe_cosine_common,2.7255063139106803,0.5689368117487321,4.223516175635076,0.6382615787625777,3000,12000,132,gpt2_agnews,shared_center,1
probe_cosine_held_target,3.793327878957471,0.6942768449461088,5.076969497432628,0.52232565726347,3000,12000,132,gpt2_agnews,shared_center,1
training_geometry,0.002564797136732498,0.0010705178385627297,0.005927581057153954,0.9966293248735995,0,12000,132,gpt2_agnews,shared_rms,1
direct_training,0.002707710944926068,0.001099682961667201,0.0067171769118936605,0.9966710669804278,0,12000,132,gpt2_agnews,shared_rms,1
mean_only,0.07169660113340984,0.023374907941210693,0.21416386357424205,,0,12000,132,gpt2_agnews,shared_rms,1
variance_only,0.0025647971367324983,0.001070517838562728,0.005927581057153949,0.9966293248735995,0,12000,132,gpt2_agnews,shared_rms,1
direct_calibration,0.0026422438311317718,0.0016451458224138356,0.005015328670389764,0.9966501959270138,3000,12000,132,gpt2_agnews,shared_rms,1
cka_common,0.07458904916148125,0.051546327982918,0.12742991462479972,0.5740783883180783,3000,12000,132,gpt2_agnews,shared_rms,1
cka_held_target,0.0816879156264637,0.05570042904460713,0.15446411067745644,0.45369669414159663,3000,12000,132,gpt2_agnews,shared_rms,1
cca_shared_common,0.0658088611428894,0.024477962138723764,0.16792424235050918,0.7853940656421429,3000,12000,132,gpt2_agnews,shared_rms,1
cca_shared_held_target,0.07761200666967967,0.024082595076252516,0.22329559863987491,0.7130903973361659,3000,12000,132,gpt2_agnews,shared_rms,1
procrustes_shared_common,0.06391141307056833,0.023021662076744283,0.20664392658204156,0.7898313296635067,3000,12000,132,gpt2_agnews,shared_rms,1
procrustes_shared_held_target,0.07524702614435358,0.023936356726849038,0.22231922310718513,0.7247545226354839,3000,12000,132,gpt2_agnews,shared_rms,1
probe_cosine_common,0.06534196200962275,0.024103865210758288,0.12987410343989572,0.7876948483503994,3000,12000,132,gpt2_agnews,shared_rms,1
probe_cosine_held_target,0.07714331784149492,0.02707816592472468,0.16516771755177162,0.7147248123935459,3000,12000,132,gpt2_agnews,shared_rms,1
training_geometry,0.06678237638818375,0.0033676341199033732,0.1589553480755113,0.9985964216578921,0,12000,132,gpt2_agnews,native_raw,2
direct_training,0.06639836532584263,0.004296497462762217,0.15767636925430725,0.9987477367951452,0,12000,132,gpt2_agnews,native_raw,2
mean_only,1.570655871345635,0.10126686568324922,3.517231077398817,0.7293233082706766,0,12000,132,gpt2_agnews,native_raw,2
variance_only,0.5705326699228528,0.010683729803444418,0.6201829780419204,0.9903523555592657,0,12000,132,gpt2_agnews,native_raw,2
direct_calibration,0.04908386988197837,0.005798833840164212,0.1270899421653729,0.9972502387126733,3000,12000,132,gpt2_agnews,native_raw,2
cka_common,2.2735158239012603,0.535327761954633,6.068851961054639,0.5584427765901426,3000,12000,132,gpt2_agnews,native_raw,2
cka_held_target,3.2960502760489696,0.5949555841612881,7.281065475741216,0.4445540904107253,3000,12000,132,gpt2_agnews,native_raw,2
cca_shared_common,2.135052443021208,0.4482417988352525,6.282796332073604,0.6897657539165971,3000,12000,132,gpt2_agnews,native_raw,2
cca_shared_held_target,3.113447506227192,0.4922307832317703,7.960574864553733,0.5945612422844668,3000,12000,132,gpt2_agnews,native_raw,2
procrustes_shared_common,2.1407391567666667,0.4578531321565962,6.282796332073604,0.6892916451643618,3000,12000,132,gpt2_agnews,native_raw,2
procrustes_shared_held_target,3.1189078308495715,0.48176468428184893,7.960574864553733,0.593449026496821,3000,12000,132,gpt2_agnews,native_raw,2
probe_cosine_common,2.326019696798378,0.5680204372271754,5.899550365503707,0.6723513651834879,3000,12000,132,gpt2_agnews,native_raw,2
probe_cosine_held_target,3.3259484532723693,0.728725610660791,8.377419465038274,0.550579740569275,3000,12000,132,gpt2_agnews,native_raw,2
training_geometry,0.02229312601751559,0.0032772082095608827,0.030323742493926244,0.9993686506342189,0,12000,132,gpt2_agnews,shared_raw,2
direct_training,0.022203788890332317,0.002586942044314998,0.030534849397691365,0.9994469170845224,0,12000,132,gpt2_agnews,shared_raw,2
mean_only,2.205152093629899,0.08517576216783443,4.431015214083801,0.7677990952398343,0,12000,132,gpt2_agnews,shared_raw,2
variance_only,0.9890232894228622,0.006253886786021963,0.5897634899071852,0.9861624915863565,0,12000,132,gpt2_agnews,shared_raw,2
direct_calibration,0.06832415291262996,0.0032009213422347013,0.10015374226716399,0.9995304012981793,3000,12000,132,gpt2_agnews,shared_raw,2
cka_common,3.881591229360531,0.6371383190103035,7.058387017443381,0.6351056088129263,3000,12000,132,gpt2_agnews,shared_raw,2
cka_held_target,4.873263849932173,0.6554664317635175,7.548688070946352,0.5633571699972898,3000,12000,132,gpt2_agnews,shared_raw,2
cca_shared_common,3.1624190073255525,0.4462347689612603,6.1010979754463985,0.6840608836210472,3000,12000,132,gpt2_agnews,shared_raw,2
cca_shared_held_target,4.752529976473526,0.4875827628767952,7.954408796322983,0.5927295170113125,3000,12000,132,gpt2_agnews,shared_raw,2
procrustes_shared_common,3.161842929544489,0.4391734316253615,6.1010979754463985,0.6842634305263247,3000,12000,132,gpt2_agnews,shared_raw,2
procrustes_shared_held_target,4.7538633633405025,0.4795034407863427,7.954408796322983,0.5887228702674707,3000,12000,132,gpt2_agnews,shared_raw,2
probe_cosine_common,3.6418204331502095,0.5664454256235997,5.5211311383201505,0.6227501634755113,3000,12000,132,gpt2_agnews,shared_raw,2
probe_cosine_held_target,5.157199104831268,0.6460897001207137,6.108131104232299,0.495248415652222,3000,12000,132,gpt2_agnews,shared_raw,2
training_geometry,0.025765506268209868,0.0019818342585586693,0.0362296061641726,0.9995199657714723,0,12000,132,gpt2_agnews,shared_center,2
direct_training,0.025883291897927985,0.0015131219538850951,0.036174138788884494,0.9996504098553113,0,12000,132,gpt2_agnews,shared_center,2
mean_only,2.201572850772403,0.08290118438265376,4.303074621556739,,0,12000,132,gpt2_agnews,shared_center,2
variance_only,0.025765506268209865,0.0019818342585586693,0.0362296061641726,0.9995199657714723,0,12000,132,gpt2_agnews,shared_center,2
direct_calibration,0.0844435919971785,0.0027879154259750107,0.16980028676735404,0.9995512723515936,3000,12000,132,gpt2_agnews,shared_center,2
cka_common,2.4517615122795626,0.410198719373607,4.026294104577029,0.6262438632304574,3000,12000,132,gpt2_agnews,shared_center,2
cka_held_target,3.3889400085450734,0.419070021603133,4.572445756634931,0.5274063759333438,3000,12000,132,gpt2_agnews,shared_center,2
cca_shared_common,2.1515224216210265,0.29099699703622917,6.195145226092959,0.7257310128935495,3000,12000,132,gpt2_agnews,shared_center,2
cca_shared_held_target,3.287134344987164,0.331512783380008,7.617312277809324,0.6463340664209741,3000,12000,132,gpt2_agnews,shared_center,2
procrustes_shared_common,2.1515224216210265,0.29099699703622917,6.195145226092959,0.7257310128935495,3000,12000,132,gpt2_agnews,shared_center,2
procrustes_shared_held_target,3.2874645136306007,0.331512783380008,7.617312277809324,0.6460940408528844,3000,12000,132,gpt2_agnews,shared_center,2
probe_cosine_common,2.4360215765827715,0.45053496747676086,3.9701272074599725,0.6664195865202772,3000,12000,132,gpt2_agnews,shared_center,2
probe_cosine_held_target,3.338545669842212,0.581752005213614,4.75647158686856,0.5546919077826385,3000,12000,132,gpt2_agnews,shared_center,2
training_geometry,0.002912885678764834,0.001957625624290686,0.006769068091773768,0.9940152254334655,0,12000,132,gpt2_agnews,shared_rms,2
direct_training,0.0028594469125576578,0.0017845788713080615,0.006634168645123029,0.9946361392725392,0,12000,132,gpt2_agnews,shared_rms,2
mean_only,0.07688300161806522,0.029673868917297102,0.23458635039189313,,0,12000,132,gpt2_agnews,shared_rms,2
variance_only,0.0029128856787648334,0.0019576256242906896,0.006769068091773768,0.9940152254334655,0,12000,132,gpt2_agnews,shared_rms,2
direct_calibration,0.003410207966873696,0.0011437686526766053,0.006563614019506043,0.998038120979061,3000,12000,132,gpt2_agnews,shared_rms,2
cka_common,0.07465949874240067,0.048747712367276264,0.1397540684242776,0.5603542699181503,3000,12000,132,gpt2_agnews,shared_rms,2
cka_held_target,0.08157158171166826,0.05198969623340779,0.17902767082163984,0.42655747884402595,3000,12000,132,gpt2_agnews,shared_rms,2
cca_shared_common,0.0652754338048045,0.026873870122958044,0.15433487039898613,0.797371633257481,3000,12000,132,gpt2_agnews,shared_rms,2
cca_shared_held_target,0.07536467039544559,0.0283047824539081,0.20134450149817879,0.7317761716936916,3000,12000,132,gpt2_agnews,shared_rms,2
procrustes_shared_common,0.0651780945152777,0.025157136424442283,0.15381764051206867,0.7998803290344365,3000,12000,132,gpt2_agnews,shared_rms,2
procrustes_shared_held_target,0.07603057542694815,0.02675937925224291,0.20134450149817879,0.7282190979055612,3000,12000,132,gpt2_agnews,shared_rms,2
probe_cosine_common,0.06512662352702665,0.03175641595200926,0.146663098529915,0.7905955410502782,3000,12000,132,gpt2_agnews,shared_rms,2
probe_cosine_held_target,0.07464999300457835,0.03582804683818393,0.17665686820273524,0.7136300705296504,3000,12000,132,gpt2_agnews,shared_rms,2
training_geometry,0.0048471178706975026,0.0020748035814530637,0.01172512141190421,0.9912341575660176,0,5000,132,gpt2_cola,native_raw,0
direct_training,0.007796430636949546,0.005597319674328494,0.018113521009081802,0.9814456335147375,0,5000,132,gpt2_cola,native_raw,0
mean_only,0.028851751217402435,0.0062955421199191695,0.08000330746335524,0.8923053643825037,0,5000,132,gpt2_cola,native_raw,0
variance_only,0.2013191416427869,0.012415479967104156,0.30721929618552957,0.8098803566863028,0,5000,132,gpt2_cola,native_raw,0
direct_calibration,0.00410438380246324,0.002332237461657642,0.00774320291475541,0.9880408863936383,1500,5000,132,gpt2_cola,native_raw,0
cka_common,0.2468590666219816,0.05057887150437068,0.7419199722541497,0.6561322451968287,1500,5000,132,gpt2_cola,native_raw,0
cka_held_target,0.2936987260711088,0.05710842646558918,0.7523227424355939,0.47259818914222235,1500,5000,132,gpt2_cola,native_raw,0
cca_shared_common,0.27055882307795104,0.1472127554968659,0.2503964485439684,0.3481333848166287,1500,5000,132,gpt2_cola,native_raw,0
cca_shared_held_target,0.35448800960380084,0.16425139873120106,0.28758275037206676,0.03164597154784493,1500,5000,132,gpt2_cola,native_raw,0
procrustes_shared_common,0.26948307962400103,0.14067826959099772,0.2503964485439683,0.3609645863300436,1500,5000,132,gpt2_cola,native_raw,0
procrustes_shared_held_target,0.3533869180851244,0.16011026991779764,0.28972760471796777,0.05880841399905579,1500,5000,132,gpt2_cola,native_raw,0
probe_cosine_common,0.26875748998378673,0.15013874800151164,0.25371372276994164,0.40328670083609086,1500,5000,132,gpt2_cola,native_raw,0
probe_cosine_held_target,0.350907228477554,0.16087597006757176,0.2961619569456823,0.08974164788000269,1500,5000,132,gpt2_cola,native_raw,0
training_geometry,0.005292724001317792,0.002205252819683198,0.011904265704084545,0.9931490767167743,0,5000,132,gpt2_cola,shared_raw,0
direct_training,0.006871143908965723,0.0036817446593831737,0.013678310529555284,0.9851919876025942,0,5000,132,gpt2_cola,shared_raw,0
mean_only,0.05808744153781838,0.005704991920348821,0.15592269311939455,0.9123676644769453,0,5000,132,gpt2_cola,shared_raw,0
variance_only,0.30590573155827866,0.014241401597693732,0.47174371296931505,0.752771936781579,0,5000,132,gpt2_cola,shared_raw,0
direct_calibration,0.006266073187320116,0.002582760869670577,0.006499087935562056,0.986846018585673,1500,5000,132,gpt2_cola,shared_raw,0
cka_common,0.4019021383388054,0.10825763868161874,1.098192684647415,0.6118330230178307,1500,5000,132,gpt2_cola,shared_raw,0
cka_held_target,0.5468283757652015,0.13974756322474338,1.3478232653581343,0.4180288391928257,1500,5000,132,gpt2_cola,shared_raw,0
cca_shared_common,0.5217821730078354,0.3718587831636159,0.6513772979923815,0.2867875560227243,1500,5000,132,gpt2_cola,shared_raw,0
cca_shared_held_target,0.5984887039045858,0.42943033300264555,0.9070028775654918,0.03441279565075837,1500,5000,132,gpt2_cola,shared_raw,0
procrustes_shared_common,0.5196419994821462,0.3718587831636159,0.6513772979923815,0.2939362843981833,1500,5000,132,gpt2_cola,shared_raw,0
procrustes_shared_held_target,0.5948378622791491,0.42943033300264555,0.9070028775654918,0.06368559355902964,1500,5000,132,gpt2_cola,shared_raw,0
probe_cosine_common,0.5271011654750358,0.37305514100266757,0.5004502329978714,0.22975442342095465,1500,5000,132,gpt2_cola,shared_raw,0
probe_cosine_held_target,0.5908410914286192,0.44209462014191003,0.7682245912128983,-0.0698225786680465,1500,5000,132,gpt2_cola,shared_raw,0
training_geometry,0.002569830877241492,0.0008699212035792065,0.006652619344319723,0.9765252826723295,0,5000,132,gpt2_cola,shared_center,0
direct_training,0.004780561549718833,0.003255549213576103,0.010741518628278766,0.9440186169796453,0,5000,132,gpt2_cola,shared_center,0
mean_only,0.04618797376058229,0.004980643969115989,0.12458380991403238,,0,5000,132,gpt2_cola,shared_center,0
variance_only,0.002569830877241494,0.0008699212035792026,0.006652619344319724,0.9765252826723295,0,5000,132,gpt2_cola,shared_center,0
direct_calibration,0.0032174328460229658,0.0020229985203663947,0.006447913946102414,0.9256573077384646,1500,5000,132,gpt2_cola,shared_center,0
cka_common,0.05413324291011222,0.02097256877319302,0.1484975649882497,0.4178986580371567,1500,5000,132,gpt2_cola,shared_center,0
cka_held_target,0.06235594629126485,0.026691899470017075,0.16104385027683263,0.24132631767072654,1500,5000,132,gpt2_cola,shared_center,0
cca_shared_common,0.05922740063928178,0.04080585237043691,0.08243507667730769,0.1575888641778644,1500,5000,132,gpt2_cola,shared_center,0
cca_shared_held_target,0.06620725443487488,0.0439312956255377,0.10817463911747607,-0.2199538327561427,1500,5000,132,gpt2_cola,shared_center,0
procrustes_shared_common,0.05914689967147726,0.04298476674481508,0.08728870985576646,0.16832639326129975,1500,5000,132,gpt2_cola,shared_center,0
procrustes_shared_held_target,0.06617970716886175,0.04698591880390123,0.10522113325827111,-0.1940587920974639,1500,5000,132,gpt2_cola,shared_center,0
probe_cosine_common,0.06011788723631032,0.04189207710942463,0.08470921525099545,0.1422924120310848,1500,5000,132,gpt2_cola,shared_center,0
probe_cosine_held_target,0.06724439832423608,0.04848744019850622,0.11283561122480441,-0.22963009461196837,1500,5000,132,gpt2_cola,shared_center,0
training_geometry,0.0016986759631123943,0.001111411694310737,0.003743008329704326,0.9698830699232465,0,5000,132,gpt2_cola,shared_rms,0
direct_training,0.002599030580998783,0.0016371380503300446,0.006223292307138364,0.9348301357140246,0,5000,132,gpt2_cola,shared_rms,0
mean_only,0.0127967026416132,0.01154392354329304,0.02347912446597162,,0,5000,132,gpt2_cola,shared_rms,0
variance_only,0.001698675963112394,0.0011114116943107362,0.003743008329704326,0.9698830699232465,0,5000,132,gpt2_cola,shared_rms,0
direct_calibration,0.00245488278288018,0.00200799795068825,0.005265706986483122,0.9254851215477973,1500,5000,132,gpt2_cola,shared_rms,0
cka_common,0.004331382860839108,0.0021216780079096127,0.012204262375696993,0.8338512305938522,1500,5000,132,gpt2_cola,shared_rms,0
cka_held_target,0.0056507946433321425,0.00261912137110132,0.015284461828806467,0.7606215909502217,1500,5000,132,gpt2_cola,shared_rms,0
cca_shared_common,0.005652696901041577,0.003934722405882174,0.013542947865329218,0.7079657386549315,1500,5000,132,gpt2_cola,shared_rms,0
cca_shared_held_target,0.0065354008778953365,0.004513478817883275,0.014773243941203452,0.6259991560493049,1500,5000,132,gpt2_cola,shared_rms,0
procrustes_shared_common,0.005577209433292478,0.003293817630790277,0.013422469888585467,0.705376419004445,1500,5000,132,gpt2_cola,shared_rms,0
procrustes_shared_held_target,0.006380835837774782,0.003631016123916107,0.014724479314188034,0.6152455308572752,1500,5000,132,gpt2_cola,shared_rms,0
probe_cosine_common,0.005738903146771252,0.0033979765955687875,0.012623811020821002,0.6976396079580927,1500,5000,132,gpt2_cola,shared_rms,0
probe_cosine_held_target,0.006473183822060519,0.0039342964466268044,0.016079081962046625,0.5621435501904479,1500,5000,132,gpt2_cola,shared_rms,0
training_geometry,0.0031616131975261263,0.0018803024268937278,0.008442612811088724,0.9974954735902907,0,5000,132,gpt2_cola,shared_unit,0
direct_training,0.004491604347093428,0.0038948447090296533,0.009344737639151184,0.9915994010007667,0,5000,132,gpt2_cola,shared_unit,0
mean_only,0.016506785163918847,0.009752539563222945,0.02876223140330643,0.9155348468325566,0,5000,132,gpt2_cola,shared_unit,0
variance_only,0.07383084010493043,0.017967457267764976,0.1899094962559229,0.6704251955356816,0,5000,132,gpt2_cola,shared_unit,0
direct_calibration,0.0035680359699108597,0.0030165090583213258,0.006564371412063666,0.9931751655335422,1500,5000,132,gpt2_cola,shared_unit,0
cka_common,0.06957230881194702,0.03005699990149715,0.16797671632722685,0.7153750935717117,1500,5000,132,gpt2_cola,shared_unit,0
cka_held_target,0.08012945785638514,0.031420210248180314,0.20548005627473953,0.606626889789816,1500,5000,132,gpt2_cola,shared_unit,0
cca_shared_common,0.08169475229783543,0.0512520325512405,0.14262997826899396,0.48286170275247764,1500,5000,132,gpt2_cola,shared_unit,0
cca_shared_held_target,0.0881961223652382,0.0590509885416773,0.15733089116556553,0.3183074569690664,1500,5000,132,gpt2_cola,shared_unit,0
procrustes_shared_common,0.08173337938210232,0.05141599792363305,0.14262997826899396,0.48095930857893504,1500,5000,132,gpt2_cola,shared_unit,0
procrustes_shared_held_target,0.08789970563262553,0.05346331088789116,0.15907764040592068,0.3285662268558252,1500,5000,132,gpt2_cola,shared_unit,0
probe_cosine_common,0.08029161829565988,0.05211237649694961,0.14066837546205466,0.4928587010284691,1500,5000,132,gpt2_cola,shared_unit,0
probe_cosine_held_target,0.09090147063664294,0.05709731724111185,0.15517748719225075,0.31469265984900074,1500,5000,132,gpt2_cola,shared_unit,0
training_geometry,0.002494974762963076,0.001708713543866272,0.005698045743470777,0.9954031504855128,0,5000,132,gpt2_cola,shared_clip100,0
direct_training,0.003428012307651966,0.0028221971690545935,0.006670028189025875,0.9861990159298314,0,5000,132,gpt2_cola,shared_clip100,0
mean_only,0.015325648081754689,0.007204039204672738,0.03440673432261252,0.7734551507150944,0,5000,132,gpt2_cola,shared_clip100,0
variance_only,0.04198962381651847,0.010361768926978559,0.1067221862770184,0.7224097718272083,0,5000,132,gpt2_cola,shared_clip100,0
direct_calibration,0.0028753139573875885,0.0022244890470496277,0.005607908798337722,0.9933734405409775,1500,5000,132,gpt2_cola,shared_clip100,0
cka_common,0.04847275590426847,0.03594448103036481,0.12378275770261503,0.6763578123904446,1500,5000,132,gpt2_cola,shared_clip100,0
cka_held_target,0.053536335748376684,0.03933237235433981,0.14181427916765268,0.5557512583892915,1500,5000,132,gpt2_cola,shared_clip100,0
cca_shared_common,0.051884378007918834,0.039578377396317706,0.11061925871869184,0.3929173282999871,1500,5000,132,gpt2_cola,shared_clip100,0
cca_shared_held_target,0.05845960807760369,0.04192472203804058,0.1262656313772241,0.1988846318523707,1500,5000,132,gpt2_cola,shared_clip100,0
procrustes_shared_common,0.051604699994804396,0.03969478997910649,0.11070121457868674,0.4005819770175243,1500,5000,132,gpt2_cola,shared_clip100,0
procrustes_shared_held_target,0.058164317383678,0.04093491911010717,0.12810060930306538,0.22221183135370104,1500,5000,132,gpt2_cola,shared_clip100,0
probe_cosine_common,0.05221551848906946,0.038942990712864875,0.11780597711444117,0.4287415810958904,1500,5000,132,gpt2_cola,shared_clip100,0
probe_cosine_held_target,0.058110520411732626,0.0416233364769826,0.10800459304761582,0.2029390151731993,1500,5000,132,gpt2_cola,shared_clip100,0
training_geometry,0.003124613508383523,0.0014951647500892097,0.006963633446941408,0.9953301017985628,0,5000,132,gpt2_cola,shared_clip300,0
direct_training,0.004176361906223578,0.002990498382080611,0.007770246624962956,0.9902584358189017,0,5000,132,gpt2_cola,shared_clip300,0
mean_only,0.04004387546896933,0.0070046071404135,0.10531989256263018,0.8603726526587111,0,5000,132,gpt2_cola,shared_clip300,0
variance_only,0.19394935621866236,0.013472047799706871,0.32287798607800633,0.7820070648515804,0,5000,132,gpt2_cola,shared_clip300,0
direct_calibration,0.00413742371022257,0.0027549298857125924,0.006227779868405763,0.9842736612523673,1500,5000,132,gpt2_cola,shared_clip300,0
cka_common,0.2900639110673062,0.12043003340224093,0.5222607994992482,0.6031906484528143,1500,5000,132,gpt2_cola,shared_clip300,0
cka_held_target,0.3296392390423009,0.09626591250726596,0.6284056263475409,0.4066604769643572,1500,5000,132,gpt2_cola,shared_clip300,0
cca_shared_common,0.3272844442812448,0.27269445125946135,0.3623809388798232,0.2835693823784715,1500,5000,132,gpt2_cola,shared_clip300,0
cca_shared_held_target,0.36889192678126237,0.3143234621736243,0.4857686497754616,0.05482791628435628,1500,5000,132,gpt2_cola,shared_clip300,0
procrustes_shared_common,0.3260819166927105,0.28152466292060097,0.348326987714079,0.29743545652359415,1500,5000,132,gpt2_cola,shared_clip300,0
procrustes_shared_held_target,0.36621378054316,0.3101340741114581,0.4558047975243209,0.04529605297519449,1500,5000,132,gpt2_cola,shared_clip300,0
probe_cosine_common,0.32970106542211897,0.2606103524155069,0.31790685490308496,0.2284941319562739,1500,5000,132,gpt2_cola,shared_clip300,0
probe_cosine_held_target,0.3685532877988867,0.2988906913927162,0.36991838290312756,-0.04062715327671625,1500,5000,132,gpt2_cola,shared_clip300,0
training_geometry,0.003393786259878893,0.0023839633345451687,0.0070501925320093405,0.9908584786045611,0,5000,132,gpt2_cola,separate_naive,0
direct_training,0.006679148516282005,0.005954583149308428,0.01137198342418864,0.9913176417796745,0,5000,132,gpt2_cola,separate_naive,0
mean_only,0.032458714337736644,0.019718791467086105,0.07927863689394599,,0,5000,132,gpt2_cola,separate_naive,0
variance_only,0.0033937862598788933,0.002383963334545167,0.0070501925320093405,0.9908584786045611,0,5000,132,gpt2_cola,separate_naive,0
direct_calibration,0.004810292194119992,0.0031031973457042146,0.011129497384430571,0.983042269100927,1500,5000,132,gpt2_cola,separate_naive,0
cka_common,0.02561004060721485,0.017415713669716396,0.06360502729336637,0.16203123217222798,1500,5000,132,gpt2_cola,separate_naive,0
cka_held_target,0.03000925669300905,0.020149379816875455,0.07113356481413168,-0.22036987115623505,1500,5000,132,gpt2_cola,separate_naive,0
cca_shared_common,0.026718466330544293,0.02051623077475824,0.05386710844879107,-0.04534992454566419,1500,5000,132,gpt2_cola,separate_naive,0
cca_shared_held_target,0.030933090037339878,0.0230815004761169,0.07344947395748978,-0.47522019767834156,1500,5000,132,gpt2_cola,separate_naive,0
procrustes_shared_common,0.02677320893459887,0.02076658037244431,0.05390519730793068,-0.04490736701145366,1500,5000,132,gpt2_cola,separate_naive,0
procrustes_shared_held_target,0.031027249174341427,0.023516904441856237,0.07338034935057498,-0.5131564617719971,1500,5000,132,gpt2_cola,separate_naive,0
probe_cosine_common,0.026903158742125007,0.02297588830964488,0.0493969622343906,0.05533773735493427,1500,5000,132,gpt2_cola,separate_naive,0
probe_cosine_held_target,0.02951918627646699,0.024921725493633574,0.05297430630015074,-0.913342489698867,1500,5000,132,gpt2_cola,separate_naive,0
training_geometry,0.0038233863138357263,0.0024625310791319666,0.007805787107460818,0.9919907332522839,0,5000,132,gpt2_cola,separate_lift,0
direct_training,0.005737116625539605,0.0041528162018687875,0.01142507688600905,0.9850928500988765,0,5000,132,gpt2_cola,separate_lift,0
mean_only,0.015652748436221442,0.004958423472406702,0.029782863425334108,0.9473579855259243,0,5000,132,gpt2_cola,separate_lift,0
variance_only,0.15335698895973737,0.013084391531611101,0.3358353195094964,0.6607201556980583,0,5000,132,gpt2_cola,separate_lift,0
direct_calibration,0.00315960924960521,0.001987756389558174,0.006205293707912585,0.9953979327221592,1500,5000,132,gpt2_cola,separate_lift,0
cka_common,0.1867555158824575,0.0776032059168659,0.41421813774566046,0.6492653431572831,1500,5000,132,gpt2_cola,separate_lift,0
cka_held_target,0.198272899584917,0.07932826192825657,0.42534820203452406,0.504576773999509,1500,5000,132,gpt2_cola,separate_lift,0
cca_shared_common,0.20858569344982522,0.1141627955343589,0.31176410465660814,0.42460957757586154,1500,5000,132,gpt2_cola,separate_lift,0
cca_shared_held_target,0.22618312767669355,0.12904682661226496,0.3461709278017967,0.21474797886235508,1500,5000,132,gpt2_cola,separate_lift,0
procrustes_shared_common,0.20998624014471023,0.12078506190592514,0.2979455488827715,0.4192556789518941,1500,5000,132,gpt2_cola,separate_lift,0
procrustes_shared_held_target,0.22819190964272176,0.13370797315301441,0.3346790223412345,0.2018927606560961,1500,5000,132,gpt2_cola,separate_lift,0
probe_cosine_common,0.2220673236756339,0.15715882286623944,0.18256264247259135,0.019321704384363293,1500,5000,132,gpt2_cola,separate_lift,0
probe_cosine_held_target,0.23234031555605372,0.1664623275695405,0.18529573070360927,-0.5485631099698012,1500,5000,132,gpt2_cola,separate_lift,0
training_geometry,0.009008000693836187,0.004576429243526317,0.019805928963996106,0.9872582218906042,0,5000,132,gpt2_cola,native_raw,1
direct_training,0.014677868098293167,0.008646384732780007,0.0287947834574567,0.9769166149238466,0,5000,132,gpt2_cola,native_raw,1
mean_only,0.0515405618831765,0.013861100433339574,0.1547676517879005,0.9288297078574298,0,5000,132,gpt2_cola,native_raw,1
variance_only,0.45166465656731325,0.028141534393856433,0.44118397995930725,0.7995335319561916,0,5000,132,gpt2_cola,native_raw,1
direct_calibration,0.010963062599915072,0.003320278723734235,0.01659278961242319,0.9968380354077419,1500,5000,132,gpt2_cola,native_raw,1
cka_common,0.6772002219154866,0.20695409128727604,1.2585163795569,0.6615407477822541,1500,5000,132,gpt2_cola,native_raw,1
cka_held_target,0.7558301591152845,0.2260451785879026,1.3895545907019662,0.42619569803642215,1500,5000,132,gpt2_cola,native_raw,1
cca_shared_common,0.7193271342786384,0.47373400623117845,0.5113337329172692,0.12729773069612807,1500,5000,132,gpt2_cola,native_raw,1
cca_shared_held_target,0.7987587580539198,0.5196075792260828,0.5880785559714721,-0.5393189353386235,1500,5000,132,gpt2_cola,native_raw,1
procrustes_shared_common,0.7193271342786384,0.47373400623117834,0.5113337329172691,0.12729773069612807,1500,5000,132,gpt2_cola,native_raw,1
procrustes_shared_held_target,0.7985711719025934,0.5196075792260827,0.5880785559714722,-0.5393189353386235,1500,5000,132,gpt2_cola,native_raw,1
probe_cosine_common,0.7156058234455649,0.4896979361556242,0.53654084389553,0.28516291933212223,1500,5000,132,gpt2_cola,native_raw,1
probe_cosine_held_target,0.7939542827154941,0.5365193764029574,0.5904592843781451,-0.395393455936635,1500,5000,132,gpt2_cola,native_raw,1
training_geometry,0.006900818510086555,0.003273637941027402,0.013073162586099519,0.9847432599541878,0,5000,132,gpt2_cola,shared_raw,1
direct_training,0.008012356100835472,0.004974054734852596,0.014195859126561126,0.9683333942072389,0,5000,132,gpt2_cola,shared_raw,1
mean_only,0.06707672047270541,0.006884316617113114,0.18435313071189505,0.9485632888605967,0,5000,132,gpt2_cola,shared_raw,1
variance_only,0.4088603621411656,0.021840628746692875,0.5104745045851503,0.790011113835943,0,5000,132,gpt2_cola,shared_raw,1
direct_calibration,0.007214037941086701,0.0019930278189929478,0.01647771846246328,0.9921577016795978,1500,5000,132,gpt2_cola,shared_raw,1
cka_common,0.5845944098485488,0.09734214795023358,1.8694927755720883,0.5825748944155981,1500,5000,132,gpt2_cola,shared_raw,1
cka_held_target,0.642314077767408,0.10205464612548355,1.8610388633138115,0.43413105137758895,1500,5000,132,gpt2_cola,shared_raw,1
cca_shared_common,0.6787018884062692,0.5156681447171829,0.6670100681910307,0.2119789787320885,1500,5000,132,gpt2_cola,shared_raw,1
cca_shared_held_target,0.7369181212667972,0.5792597265064231,0.767684134056851,-0.15312532501381454,1500,5000,132,gpt2_cola,shared_raw,1
procrustes_shared_common,0.6761699310600737,0.527156515579212,0.6833114090588653,0.22717558903666943,1500,5000,132,gpt2_cola,shared_raw,1
procrustes_shared_held_target,0.733397127291952,0.5836950176766947,0.7812839979342695,-0.12228313769660631,1500,5000,132,gpt2_cola,shared_raw,1
probe_cosine_common,0.683320375629668,0.53380557927175,0.6230307973778954,0.17310420682578384,1500,5000,132,gpt2_cola,shared_raw,1
probe_cosine_held_target,0.7407035954838233,0.5678880354611706,0.6994490351742642,-0.26004593309382096,1500,5000,132,gpt2_cola,shared_raw,1
training_geometry,0.00466000826180242,0.002985926105669254,0.008050475809757469,0.8820315883393423,0,5000,132,gpt2_cola,shared_center,1
direct_training,0.006683138801512911,0.005130705648314382,0.010965215616595211,0.8135954041940381,0,5000,132,gpt2_cola,shared_center,1
mean_only,0.06417326361221234,0.004876282527340246,0.19335362389210675,,0,5000,132,gpt2_cola,shared_center,1
variance_only,0.004660008261802421,0.002985926105669254,0.008050475809757473,0.8820315883393423,0,5000,132,gpt2_cola,shared_center,1
direct_calibration,0.004855621484276851,0.00163751386851642,0.012988225429722604,0.9514434942317624,1500,5000,132,gpt2_cola,shared_center,1
cka_common,0.07029881880679664,0.023568497297988704,0.22099085090744214,0.2784154293238807,1500,5000,132,gpt2_cola,shared_center,1
cka_held_target,0.08908034324701884,0.024258434752476854,0.25012117413278623,0.11769756275190969,1500,5000,132,gpt2_cola,shared_center,1
cca_shared_common,0.08437670804265855,0.05614929539499931,0.188112136989694,0.0853575090731644,1500,5000,132,gpt2_cola,shared_center,1
cca_shared_held_target,0.09649724108610525,0.06624879600037707,0.22009016095731182,-0.21317718108580436,1500,5000,132,gpt2_cola,shared_center,1
procrustes_shared_common,0.08402732310041042,0.05656278960879802,0.18812666835366543,0.08989232812276658,1500,5000,132,gpt2_cola,shared_center,1
procrustes_shared_held_target,0.09608264625319925,0.07102205781348536,0.2193590874486735,-0.21417676959942272,1500,5000,132,gpt2_cola,shared_center,1
probe_cosine_common,0.08592027931153862,0.06485398931909503,0.14237855069720767,0.06809497790080032,1500,5000,132,gpt2_cola,shared_center,1
probe_cosine_held_target,0.09659351202849444,0.07280422686650209,0.17009134207938792,-0.2378044470157844,1500,5000,132,gpt2_cola,shared_center,1
training_geometry,0.00330004940645023,0.0025464773304366686,0.007020552563831425,0.9346683850500642,0,5000,132,gpt2_cola,shared_rms,1
direct_training,0.004954821961616426,0.004747084247749087,0.009989459151090145,0.8909017860403958,0,5000,132,gpt2_cola,shared_rms,1
mean_only,0.010806390424062402,0.009739622432223108,0.02264506493077063,,0,5000,132,gpt2_cola,shared_rms,1
variance_only,0.0033000494064502305,0.0025464773304366686,0.007020552563831425,0.9346683850500642,0,5000,132,gpt2_cola,shared_rms,1
direct_calibration,0.0032035692425329988,0.0017173978146399328,0.008146774288369511,0.9121119940726208,1500,5000,132,gpt2_cola,shared_rms,1
cka_common,0.005503855162164082,0.004229816241128649,0.011547219327144505,0.7116728949412453,1500,5000,132,gpt2_cola,shared_rms,1
cka_held_target,0.006463375403169054,0.0045518591823097325,0.014375512931455874,0.6257282814372365,1500,5000,132,gpt2_cola,shared_rms,1
cca_shared_common,0.005717003502066714,0.004477483731765969,0.012737474288491759,0.6611039439911228,1500,5000,132,gpt2_cola,shared_rms,1
cca_shared_held_target,0.006172130557346131,0.005086942393484301,0.013379863633666068,0.5885292080786206,1500,5000,132,gpt2_cola,shared_rms,1
procrustes_shared_common,0.005734616015375479,0.00473313161038321,0.01306924339874452,0.654806352626593,1500,5000,132,gpt2_cola,shared_rms,1
procrustes_shared_held_target,0.006235166089907368,0.005204137432011677,0.013791080347673219,0.5764790778733304,1500,5000,132,gpt2_cola,shared_rms,1
probe_cosine_common,0.00561822878937308,0.005111521443055682,0.011735651645794985,0.6583112681164444,1500,5000,132,gpt2_cola,shared_rms,1
probe_cosine_held_target,0.006035816501793898,0.005099581087424178,0.011843566878704059,0.5230784060933353,1500,5000,132,gpt2_cola,shared_rms,1
training_geometry,0.004154081503709471,0.001897485021738159,0.010368385383643687,0.985395480373383,0,5000,132,gpt2_cola,native_raw,2
direct_training,0.0063438844378174136,0.005328619743028997,0.01012885326900014,0.9768644372903109,0,5000,132,gpt2_cola,native_raw,2
mean_only,0.026981092200257715,0.006898167765366208,0.07911397892613668,0.9148565375965937,0,5000,132,gpt2_cola,native_raw,2
variance_only,0.11278341694121431,0.01227100631374681,0.21261469233716704,0.8424444177758762,0,5000,132,gpt2_cola,native_raw,2
direct_calibration,0.004657867239283006,0.0028669694369900006,0.009986431267510695,0.9861155317161744,1500,5000,132,gpt2_cola,native_raw,2
cka_common,0.12250127640276649,0.02488432113097283,0.21768719462528535,0.7344598152985016,1500,5000,132,gpt2_cola,native_raw,2
cka_held_target,0.1707921926968091,0.029117266503761074,0.2597106434819877,0.5971700428634816,1500,5000,132,gpt2_cola,native_raw,2
cca_shared_common,0.16127048804123822,0.08316299863691075,0.2150306362370546,0.37873559742983914,1500,5000,132,gpt2_cola,native_raw,2
cca_shared_held_target,0.20589860562105128,0.09047357298589992,0.3122522216499316,-0.051476264536537364,1500,5000,132,gpt2_cola,native_raw,2
procrustes_shared_common,0.16097314350892455,0.0888801770154931,0.2013751870971686,0.38848078326583907,1500,5000,132,gpt2_cola,native_raw,2
procrustes_shared_held_target,0.2054829073158157,0.09703616272818608,0.3064240496210741,-0.011140375903743617,1500,5000,132,gpt2_cola,native_raw,2
probe_cosine_common,0.1573786056197829,0.08431594520637935,0.2537703420176282,0.4946289412407533,1500,5000,132,gpt2_cola,native_raw,2
probe_cosine_held_target,0.20492176576434704,0.09134323168006865,0.34637943044830455,0.10226922621329573,1500,5000,132,gpt2_cola,native_raw,2
training_geometry,0.0047518031240372655,0.0017666252325281712,0.011039671184695012,0.9947144057228428,0,5000,132,gpt2_cola,shared_raw,2
direct_training,0.005526976733457884,0.0030990255770901374,0.0108946686135929,0.9878008692793745,0,5000,132,gpt2_cola,shared_raw,2
mean_only,0.04508597347551534,0.0046796757708604374,0.13309754655721118,0.9134477414911323,0,5000,132,gpt2_cola,shared_raw,2
variance_only,0.13635749959471202,0.00947620356593357,0.27224071821643725,0.6626194215587545,0,5000,132,gpt2_cola,shared_raw,2
direct_calibration,0.006844328525219943,0.0030575712670614904,0.01843948894275596,0.9928099220987929,1500,5000,132,gpt2_cola,shared_raw,2
cka_common,0.18158098958185576,0.048886517599662935,0.33214493230015396,0.7209884030330597,1500,5000,132,gpt2_cola,shared_raw,2
cka_held_target,0.23153758623376172,0.058875727341522535,0.3988537576590627,0.5859216535978161,1500,5000,132,gpt2_cola,shared_raw,2
cca_shared_common,0.23711821711387993,0.15963160993557834,0.27871933031649804,0.2768412732929325,1500,5000,132,gpt2_cola,shared_raw,2
cca_shared_held_target,0.2703722952439731,0.17450608765363373,0.42499989622483386,-0.22469047978292603,1500,5000,132,gpt2_cola,shared_raw,2
procrustes_shared_common,0.23575673880250014,0.16256444579602827,0.2660629344543321,0.31743767284791796,1500,5000,132,gpt2_cola,shared_raw,2
procrustes_shared_held_target,0.26898708859814774,0.1802781458713006,0.363976739069371,-0.19119062080278396,1500,5000,132,gpt2_cola,shared_raw,2
probe_cosine_common,0.24461254085188336,0.1660945889408166,0.2884919467314399,0.248137542490884,1500,5000,132,gpt2_cola,shared_raw,2
probe_cosine_held_target,0.2724045590893803,0.1812731189891334,0.4516857234392849,-0.3204348900993344,1500,5000,132,gpt2_cola,shared_raw,2
training_geometry,0.003206057936864376,0.0015361321145416715,0.0049502845292186595,0.9276504933395249,0,5000,132,gpt2_cola,shared_center,2
direct_training,0.004618340363817226,0.0034162290414924915,0.007617031120583915,0.9211648134910488,0,5000,132,gpt2_cola,shared_center,2
mean_only,0.04298235387982928,0.004422993992142656,0.10849464452541632,,0,5000,132,gpt2_cola,shared_center,2
variance_only,0.003206057936864376,0.0015361321145416719,0.0049502845292186595,0.9276504933395249,0,5000,132,gpt2_cola,shared_center,2
direct_calibration,0.0035979681285621063,0.001815623058261716,0.00646380286248582,0.9677803112917617,1500,5000,132,gpt2_cola,shared_center,2
cka_common,0.052268558056208246,0.025530790873955923,0.12319814848785289,0.5375016452890103,1500,5000,132,gpt2_cola,shared_center,2
cka_held_target,0.06024116891088379,0.026174133661280533,0.15222218118748498,0.39793792195903666,1500,5000,132,gpt2_cola,shared_center,2
cca_shared_common,0.058789840215207556,0.0450706951302687,0.07819588354450997,0.1487062933821136,1500,5000,132,gpt2_cola,shared_center,2
cca_shared_held_target,0.06544972577635302,0.05040243455912022,0.0935854352574543,-0.173648179889881,1500,5000,132,gpt2_cola,shared_center,2
procrustes_shared_common,0.058471340631949385,0.04507069513026869,0.08175235484573554,0.15909904973026245,1500,5000,132,gpt2_cola,shared_center,2
procrustes_shared_held_target,0.06509380304776032,0.05040243455912022,0.0935854352574543,-0.16727141402599913,1500,5000,132,gpt2_cola,shared_center,2
probe_cosine_common,0.05949011285927151,0.04374855878952299,0.0690095119829141,0.13167267408639396,1500,5000,132,gpt2_cola,shared_center,2
probe_cosine_held_target,0.06510565949580131,0.04807679428217801,0.08888669155618435,-0.2324736193367721,1500,5000,132,gpt2_cola,shared_center,2
training_geometry,0.0018862979575099137,0.0011112058017574953,0.0044954738476937406,0.9777253682436485,0,5000,132,gpt2_cola,shared_rms,2
direct_training,0.0026039191090647855,0.0015841983159934243,0.00598568160587621,0.9430168064157618,0,5000,132,gpt2_cola,shared_rms,2
mean_only,0.01325711768633246,0.011062528974218293,0.030002403143921733,,0,5000,132,gpt2_cola,shared_rms,2
variance_only,0.0018862979575099141,0.0011112058017574956,0.0044954738476937406,0.9777253682436485,0,5000,132,gpt2_cola,shared_rms,2
direct_calibration,0.0021737310163761686,0.0016576850922958124,0.004119636827388877,0.9448743301696294,1500,5000,132,gpt2_cola,shared_rms,2
cka_common,0.005124539215166826,0.002517741763242021,0.014136586809427046,0.8700528803720462,1500,5000,132,gpt2_cola,shared_rms,2
cka_held_target,0.006930332324254545,0.0029600654116048826,0.018842017444599204,0.8231724424511649,1500,5000,132,gpt2_cola,shared_rms,2
cca_shared_common,0.007080233359111744,0.005079845613085472,0.016616165905807126,0.7237884618593889,1500,5000,132,gpt2_cola,shared_rms,2
cca_shared_held_target,0.008137970602627461,0.005687542349035273,0.01828314755840121,0.645213559868687,1500,5000,132,gpt2_cola,shared_rms,2
procrustes_shared_common,0.00715172235008605,0.005436125243534252,0.016439026306047683,0.7224391852478014,1500,5000,132,gpt2_cola,shared_rms,2
procrustes_shared_held_target,0.00815937034508746,0.006192927039004939,0.01803363410557748,0.6380595477811093,1500,5000,132,gpt2_cola,shared_rms,2
probe_cosine_common,0.007329909454686713,0.005615215919216158,0.016299577925010158,0.701218949760754,1500,5000,132,gpt2_cola,shared_rms,2
probe_cosine_held_target,0.00816611253942311,0.006035366055069033,0.01717891465088908,0.5919759157761111,1500,5000,132,gpt2_cola,shared_rms,2
training_geometry,0.14277740166169794,0.010619461564440442,0.07670901537905693,0.9990294960162376,0,12000,132,pythia_sst2,native_raw,0
direct_training,0.14444815155041585,0.01311259738881327,0.0769741180728752,0.9990660203597126,0,12000,132,pythia_sst2,native_raw,0
mean_only,1.0994394373318277,0.11435371317170243,2.0017059735514855,0.9106979802038058,0,12000,132,pythia_sst2,native_raw,0
variance_only,8.979990656891246,0.2149662527583725,3.1811400458044443,0.7543998789478901,0,12000,132,pythia_sst2,native_raw,0
direct_calibration,0.099957712470562,0.008821884954323844,0.05999806951010643,0.9993999572143403,3000,12000,132,pythia_sst2,native_raw,0
cka_common,13.815421721439032,2.8133346822371212,18.253986273835423,0.4607103966892714,3000,12000,132,pythia_sst2,native_raw,0
cka_held_target,16.908908771330392,3.0142694443516556,19.670524870870793,0.36935852395833246,3000,12000,132,pythia_sst2,native_raw,0
cca_shared_common,10.36533098397775,0.6544597542907029,7.6232883949717625,0.4022226065234307,3000,12000,132,pythia_sst2,native_raw,0
cca_shared_held_target,16.018660531216955,0.7744594251437051,12.009723385004737,0.16085994489574898,3000,12000,132,pythia_sst2,native_raw,0
procrustes_shared_common,10.360997932270624,0.687396812580936,7.5545768812739365,0.41292456460099314,3000,12000,132,pythia_sst2,native_raw,0
procrustes_shared_held_target,16.009848329420027,0.8188281914511941,12.009723385004737,0.1848697328161985,3000,12000,132,pythia_sst2,native_raw,0
probe_cosine_common,12.46052265241006,0.6510871829737247,35.749790894363386,0.39080561675922865,3000,12000,132,pythia_sst2,native_raw,0
probe_cosine_held_target,18.628837679707157,0.6898631398954238,48.84427707311257,0.1492189619318768,3000,12000,132,pythia_sst2,native_raw,0
training_geometry,0.02450263748415455,0.006460344070134738,0.05301146081085363,0.9995356190615329,0,12000,132,pythia_sst2,shared_raw,0
direct_training,0.024229545351222296,0.006230961936504558,0.05377038107986269,0.9995304012981793,0,12000,132,pythia_sst2,shared_raw,0
mean_only,0.34998924549213356,0.07843452224838277,0.7822624503195814,0.8552070669386859,0,12000,132,pythia_sst2,shared_raw,0
variance_only,1.9814427156585563,0.2022616256394118,2.3008937174641986,0.7534919881243703,0,12000,132,pythia_sst2,shared_raw,0
direct_calibration,0.026074436257463033,0.008616798319501719,0.051044550196085,0.9994416993211687,3000,12000,132,pythia_sst2,shared_raw,0
cka_common,2.295099784281956,0.4602837265455936,5.120683541717153,0.4901112217575031,3000,12000,132,pythia_sst2,shared_raw,0
cka_held_target,3.024060443982731,0.5436097314300742,5.453312522523899,0.35155648514706017,3000,12000,132,pythia_sst2,shared_raw,0
cca_shared_common,2.717056583124751,0.9051442720794884,5.033371071736121,0.3726580962820497,3000,12000,132,pythia_sst2,shared_raw,0
cca_shared_held_target,3.632940726551198,1.0160274546615924,7.595837607958862,0.18957779298937846,3000,12000,132,pythia_sst2,shared_raw,0
procrustes_shared_common,2.715839915639033,0.9242483424121337,5.060704411206471,0.38544807906218026,3000,12000,132,pythia_sst2,shared_raw,0
procrustes_shared_held_target,3.6390228115928043,1.0280963956213034,7.588949922779434,0.21978653184588978,3000,12000,132,pythia_sst2,shared_raw,0
probe_cosine_common,3.080434034575834,1.1095791564976656,7.03287993153663,0.3337780580163632,3000,12000,132,pythia_sst2,shared_raw,0
probe_cosine_held_target,3.4994943506443272,1.2139476738583381,9.169544282825784,0.13496633695631924,3000,12000,132,pythia_sst2,shared_raw,0
training_geometry,0.01456700614795868,0.003969025841702705,0.020560888513376036,0.9957109985233727,0,12000,132,pythia_sst2,shared_center,0
direct_training,0.014388730435766384,0.0034015427490506067,0.021293269396131922,0.994985729417228,0,12000,132,pythia_sst2,shared_center,0
mean_only,0.3586516578858456,0.07115967017473383,0.8852719431947992,,0,12000,132,pythia_sst2,shared_center,0
variance_only,0.014567006147958684,0.003969025841702695,0.020560888513376032,0.9957109985233727,0,12000,132,pythia_sst2,shared_center,0
direct_calibration,0.01994382186053796,0.005996071795449795,0.03559607656217691,0.9908532608412077,3000,12000,132,pythia_sst2,shared_center,0
cka_common,0.37678130772745916,0.21213647955957005,0.7699073567855302,0.3039832299362552,3000,12000,132,pythia_sst2,shared_center,0
cka_held_target,0.43581007606298666,0.25475815239051836,0.8417617876149278,0.11694729140052762,3000,12000,132,pythia_sst2,shared_center,0
cca_shared_common,0.32757722079903767,0.12845803639237313,0.8706314271536153,0.39470243553627393,3000,12000,132,pythia_sst2,shared_center,0
cca_shared_held_target,0.45933383380119563,0.13802379497633727,1.2148075557040015,0.23447068607837632,3000,12000,132,pythia_sst2,shared_center,0
procrustes_shared_common,0.32813037136216866,0.13245117931278963,0.8706314271536153,0.40152706805572125,3000,12000,132,pythia_sst2,shared_center,0
procrustes_shared_held_target,0.4586214989894081,0.14483093725991925,1.2148075557040015,0.25508122215634904,3000,12000,132,pythia_sst2,shared_center,0
probe_cosine_common,0.3592329954079405,0.13269676666769029,1.0602263064564226,0.39760488128535,3000,12000,132,pythia_sst2,shared_center,0
probe_cosine_held_target,0.4421018068640492,0.1588530185853317,1.3785033244549918,0.20504764858734972,3000,12000,132,pythia_sst2,shared_center,0
training_geometry,0.005872567537203115,0.003698236208957227,0.011916031700920617,0.9961492906450718,0,12000,132,pythia_sst2,shared_rms,0
direct_training,0.006053535528640217,0.003490558673248021,0.01311912253954216,0.9964780097363461,0,12000,132,pythia_sst2,shared_rms,0
mean_only,0.13406003935988112,0.10052378535696703,0.2898480557765137,,0,12000,132,pythia_sst2,shared_rms,0
variance_only,0.005872567537203112,0.003698236208957227,0.011916031700920668,0.9961492906450718,0,12000,132,pythia_sst2,shared_rms,0
direct_calibration,0.008643869177038474,0.006832908234882307,0.017385582397726276,0.9933525694875632,3000,12000,132,pythia_sst2,shared_rms,0
cka_common,0.06227930891450362,0.050596606343423105,0.15759596777578866,0.5668740927822244,3000,12000,132,pythia_sst2,shared_rms,0
cka_held_target,0.07491770368753417,0.05373473706798185,0.18914238422003257,0.4416420653106379,3000,12000,132,pythia_sst2,shared_rms,0
cca_shared_common,0.06227509360464632,0.04515001115636061,0.14248552893519165,0.6574104950516887,3000,12000,132,pythia_sst2,shared_rms,0
cca_shared_held_target,0.06907955636676812,0.050220477157652404,0.15053088482790997,0.5383110056676018,3000,12000,132,pythia_sst2,shared_rms,0
procrustes_shared_common,0.06223044009162688,0.047104551031226904,0.14608889959251983,0.6549897137090648,3000,12000,132,pythia_sst2,shared_rms,0
procrustes_shared_held_target,0.07005465016385082,0.05008226541004385,0.15119745494097697,0.5203329046585579,3000,12000,132,pythia_sst2,shared_rms,0
probe_cosine_common,0.06572250115635955,0.051313504537320836,0.14272806481056324,0.6171724209188633,3000,12000,132,pythia_sst2,shared_rms,0
probe_cosine_held_target,0.07251086268707617,0.056777225743086655,0.15532163618326958,0.5042575986183676,3000,12000,132,pythia_sst2,shared_rms,0
training_geometry,0.016724959845208276,0.00787143132083501,0.038650830919244455,0.999332126290744,0,12000,132,pythia_sst2,shared_unit,0
direct_training,0.017168072317631126,0.007995623044299724,0.03934574218137413,0.9993790861609262,0,12000,132,pythia_sst2,shared_unit,0
mean_only,0.2059077013663106,0.1109426126198569,0.45764482833484066,0.9614250755271245,0,12000,132,pythia_sst2,shared_unit,0
variance_only,1.0886816220190292,0.4337737635577397,2.8251162026539665,0.7044867547077269,0,12000,132,pythia_sst2,shared_unit,0
direct_calibration,0.02060380081476371,0.010774332711153925,0.048904028004608524,0.9991755933901371,3000,12000,132,pythia_sst2,shared_unit,0
cka_common,1.0308215990028131,0.7522870389776111,2.0157238245241036,0.4633406088963403,3000,12000,132,pythia_sst2,shared_unit,0
cka_held_target,1.2537467182193371,0.7865780225905882,2.254248975379553,0.2534219805359078,3000,12000,132,pythia_sst2,shared_unit,0
cca_shared_common,1.0839355059242748,0.7689526868740534,2.0083716308981843,0.47165686163581505,3000,12000,132,pythia_sst2,shared_unit,0
cca_shared_held_target,1.2230227702947873,0.866615980832435,2.294051131363032,0.2835960256340326,3000,12000,132,pythia_sst2,shared_unit,0
procrustes_shared_common,1.083603088314771,0.7588627004860248,2.037543325463035,0.47293140387676197,3000,12000,132,pythia_sst2,shared_unit,0
procrustes_shared_held_target,1.2201818555225121,0.8444687232496754,2.2466774767030877,0.2807729332127331,3000,12000,132,pythia_sst2,shared_unit,0
probe_cosine_common,1.1056759425476699,0.7072718514523959,1.8684910173488183,0.40958768285362995,3000,12000,132,pythia_sst2,shared_unit,0
probe_cosine_held_target,1.19405012404901,0.7843665819921524,2.05187291780792,0.14283946691726945,3000,12000,132,pythia_sst2,shared_unit,0
training_geometry,0.02431185989053561,0.00642350220497899,0.05258899070752552,0.9995721434050078,0,12000,132,pythia_sst2,shared_clip100,0
direct_training,0.024037501915512148,0.006277718431758117,0.053361404690723105,0.9995877966950686,0,12000,132,pythia_sst2,shared_clip100,0
mean_only,0.35039271217416523,0.0784407060535176,0.7787858485968516,0.8559740781516594,0,12000,132,pythia_sst2,shared_clip100,0
variance_only,1.9843710414513869,0.19933081481272258,2.292072127261847,0.7534972058877241,0,12000,132,pythia_sst2,shared_clip100,0
direct_calibration,0.0259008927021371,0.008434634246797523,0.05021654007715189,0.9993634328708654,3000,12000,132,pythia_sst2,shared_clip100,0
cka_common,2.29649439092523,0.45793111496598443,5.100452504704776,0.49035863303963195,3000,12000,132,pythia_sst2,shared_clip100,0
cka_held_target,3.030170531889647,0.5461310239462809,5.440113644275778,0.35225590268736523,3000,12000,132,pythia_sst2,shared_clip100,0
cca_shared_common,2.7183120231471363,0.899270467229798,5.04088985419893,0.3728071297138761,3000,12000,132,pythia_sst2,shared_clip100,0
cca_shared_held_target,3.641598761944277,1.009138820711163,7.50825002716279,0.18998226040731864,3000,12000,132,pythia_sst2,shared_clip100,0
procrustes_shared_common,2.717152338126096,0.9204744303058546,5.070835975068238,0.38559633850601216,3000,12000,132,pythia_sst2,shared_clip100,0
procrustes_shared_held_target,3.647542386131039,1.0246480689099444,7.501404643156447,0.21988829695027054,3000,12000,132,pythia_sst2,shared_clip100,0
probe_cosine_common,3.086988906491107,1.100601126830039,7.055421967321509,0.33424146970032054,3000,12000,132,pythia_sst2,shared_clip100,0
probe_cosine_held_target,3.5072173061027536,1.2040757440445646,9.209611332708791,0.1357263060750168,3000,12000,132,pythia_sst2,shared_clip100,0
training_geometry,0.02450263748415455,0.006460344070134738,0.05301146081085363,0.9995356190615329,0,12000,132,pythia_sst2,shared_clip300,0
direct_training,0.024229545351222296,0.006230961936504558,0.05377038107986269,0.9995304012981793,0,12000,132,pythia_sst2,shared_clip300,0
mean_only,0.34998924549213356,0.07843452224838277,0.7822624503195814,0.8552070669386859,0,12000,132,pythia_sst2,shared_clip300,0
variance_only,1.9814427156585563,0.2022616256394118,2.3008937174641986,0.7534919881243703,0,12000,132,pythia_sst2,shared_clip300,0
direct_calibration,0.026074436257463033,0.008616798319501719,0.051044550196085,0.9994416993211687,3000,12000,132,pythia_sst2,shared_clip300,0
cka_common,2.295099784281956,0.4602837265455936,5.120683541717153,0.4901112217575031,3000,12000,132,pythia_sst2,shared_clip300,0
cka_held_target,3.024060443982731,0.5436097314300742,5.453312522523899,0.35155648514706017,3000,12000,132,pythia_sst2,shared_clip300,0
cca_shared_common,2.717056583124751,0.9051442720794884,5.033371071736121,0.3726580962820497,3000,12000,132,pythia_sst2,shared_clip300,0
cca_shared_held_target,3.632940726551198,1.0160274546615924,7.595837607958862,0.18957779298937846,3000,12000,132,pythia_sst2,shared_clip300,0
procrustes_shared_common,2.715839915639033,0.9242483424121337,5.060704411206471,0.38544807906218026,3000,12000,132,pythia_sst2,shared_clip300,0
procrustes_shared_held_target,3.6390228115928043,1.0280963956213034,7.588949922779434,0.21978653184588978,3000,12000,132,pythia_sst2,shared_clip300,0
probe_cosine_common,3.080434034575834,1.1095791564976656,7.03287993153663,0.3337780580163632,3000,12000,132,pythia_sst2,shared_clip300,0
probe_cosine_held_target,3.4994943506443272,1.2139476738583381,9.169544282825784,0.13496633695631924,3000,12000,132,pythia_sst2,shared_clip300,0
training_geometry,0.0053317622898655615,0.004425749629283951,0.010390218253011224,0.9956431675997764,0,12000,132,pythia_sst2,separate_naive,0
direct_training,0.005229325831537242,0.0040344199841933145,0.010759457515117303,0.9958101360270905,0,12000,132,pythia_sst2,separate_naive,0
mean_only,0.1748305460476716,0.1386571199681781,0.2860241743603448,,0,12000,132,pythia_sst2,separate_naive,0
variance_only,0.0053317622898655615,0.004425749629283951,0.010390218253011224,0.9956431675997764,0,12000,132,pythia_sst2,separate_naive,0
direct_calibration,0.006555695348443569,0.004438167059919923,0.014208182246232146,0.9940621853036475,3000,12000,132,pythia_sst2,separate_naive,0
cka_common,0.07494707102338839,0.048564793786386416,0.12364397619965645,0.07251015609051008,3000,12000,132,pythia_sst2,separate_naive,0
cka_held_target,0.08839935197359647,0.06165315499447519,0.1625179313830712,-0.3822784301070073,3000,12000,132,pythia_sst2,separate_naive,0
cca_shared_common,0.07474351604336349,0.05402857934647328,0.16278507738857434,0.0035964404718134024,3000,12000,132,pythia_sst2,separate_naive,0
cca_shared_held_target,0.09504795877836791,0.05660606196952638,0.1857273564593974,-0.44097838610230605,3000,12000,132,pythia_sst2,separate_naive,0
procrustes_shared_common,0.07501879793788653,0.055259228021719925,0.16132129469870898,-0.005374911640696029,3000,12000,132,pythia_sst2,separate_naive,0
procrustes_shared_held_target,0.09682773405685716,0.05675896270339028,0.1867854200221996,-0.4511372688051409,3000,12000,132,pythia_sst2,separate_naive,0
probe_cosine_common,0.0791345588600837,0.06060377231540786,0.15198781138014603,0.10322236852051625,3000,12000,132,pythia_sst2,separate_naive,0
probe_cosine_held_target,0.08627487312143708,0.06593664359737542,0.16167585149147892,-0.290642869595302,3000,12000,132,pythia_sst2,separate_naive,0
training_geometry,0.00657848791118993,0.003482074072538744,0.011499027927381214,0.9976259176741297,0,12000,132,pythia_sst2,separate_lift,0
direct_training,0.005207733356920308,0.002276553598753974,0.008206568115054139,0.9985390262610028,0,12000,132,pythia_sst2,separate_lift,0
mean_only,0.053325747109667636,0.03818852814061851,0.08766427401953537,0.9556229226779646,0,12000,132,pythia_sst2,separate_lift,0
variance_only,0.2676760665906428,0.07494083432033737,0.5048467413067941,0.5099528835969173,0,12000,132,pythia_sst2,separate_lift,0
direct_calibration,0.0077070716212860714,0.004313344904670918,0.01694436195729887,0.9980172499256467,3000,12000,132,pythia_sst2,separate_lift,0
cka_common,0.2740390955176619,0.10640902553416913,0.7926855248246727,0.6102390685613339,3000,12000,132,pythia_sst2,separate_lift,0
cka_held_target,0.3255049341089677,0.12658815135166532,0.8797314126782657,0.49459687645053263,3000,12000,132,pythia_sst2,separate_lift,0
cca_shared_common,0.2988589253014963,0.1821051730279199,0.5307916837907912,0.5193549099751433,3000,12000,132,pythia_sst2,separate_lift,0
cca_shared_held_target,0.3580695924947256,0.19373765995176812,0.5701761969527274,0.3755810190996778,3000,12000,132,pythia_sst2,separate_lift,0
procrustes_shared_common,0.3056491700871099,0.17637012767550686,0.552642903155173,0.4917631478707385,3000,12000,132,pythia_sst2,separate_lift,0
procrustes_shared_held_target,0.3680866074703026,0.18727622784896572,0.7595211451377173,0.3172034959269704,3000,12000,132,pythia_sst2,separate_lift,0
probe_cosine_common,0.34691521797556296,0.2297454271868219,0.3810394927223976,0.039828639330177086,3000,12000,132,pythia_sst2,separate_lift,0
probe_cosine_held_target,0.36349686853111507,0.23594785743329283,0.40985267810879655,-0.18103658403539588,3000,12000,132,pythia_sst2,separate_lift,0
training_geometry,0.16658958830589185,0.010644956654707827,0.1651402136821484,0.9991755933901371,0,12000,132,pythia_sst2,native_raw,1
direct_training,0.1670787442777023,0.012651183533706693,0.16171731480041557,0.9991181979932481,0,12000,132,pythia_sst2,native_raw,1
mean_only,1.2273465785504005,0.11496554540898131,1.9777617638538532,0.9215457102158587,0,12000,132,pythia_sst2,native_raw,1
variance_only,9.450694832205706,0.24488145167126532,4.469502615807034,0.7694270374061454,0,12000,132,pythia_sst2,native_raw,1
direct_calibration,0.0760965382299583,0.013428235446507786,0.1528361365989585,0.9993164730006834,3000,12000,132,pythia_sst2,native_raw,1
cka_common,13.015492076875372,2.133625581991535,14.518287812913282,0.3687279930911522,3000,12000,132,pythia_sst2,native_raw,1
cka_held_target,17.17091913405682,2.2195652814456004,15.432363409641319,0.2442161999881861,3000,12000,132,pythia_sst2,native_raw,1
cca_shared_common,11.642747941013539,0.873695269568897,12.635423858226122,0.334332307098973,3000,12000,132,pythia_sst2,native_raw,1
cca_shared_held_target,18.028247306873016,0.9135533306664627,14.998875102884934,0.08509773504684273,3000,12000,132,pythia_sst2,native_raw,1
procrustes_shared_common,11.633049255662058,0.8947062319446992,12.660641453622535,0.33077385015739613,3000,12000,132,pythia_sst2,native_raw,1
procrustes_shared_held_target,18.025836129296554,0.9487913815586835,15.153234013406308,0.1022233097539679,3000,12000,132,pythia_sst2,native_raw,1
probe_cosine_common,13.09405490416713,0.8991343466650028,13.741509873053818,0.32964838601559565,3000,12000,132,pythia_sst2,native_raw,1
probe_cosine_held_target,17.584894981778717,0.9344374436173399,15.145667676390833,0.052004083482733554,3000,12000,132,pythia_sst2,native_raw,1
training_geometry,0.024845682524672296,0.011478300030445684,0.038640759260524356,0.9995043124814115,0,12000,132,pythia_sst2,shared_raw,1
direct_training,0.023799700539461274,0.00937012065508297,0.03691959524610037,0.9996086677484827,0,12000,132,pythia_sst2,shared_raw,1
mean_only,0.3509463906890322,0.09334380222862174,0.6929551188097929,0.9109901749516051,0,12000,132,pythia_sst2,shared_raw,1
variance_only,1.553896490750818,0.25691652537278764,3.3194773545493548,0.7311077833375944,0,12000,132,pythia_sst2,shared_raw,1
direct_calibration,0.035181806456676776,0.013303776194186129,0.06112178367447557,0.9994730059012903,3000,12000,132,pythia_sst2,shared_raw,1
cka_common,1.8539840557161629,0.5538222585561056,4.930812688755488,0.4675072685392667,3000,12000,132,pythia_sst2,shared_raw,1
cka_held_target,2.4506106163980026,0.6028634946955231,6.469054615833443,0.31682375349166586,3000,12000,132,pythia_sst2,shared_raw,1
cca_shared_common,2.289787916861503,1.3199869094606012,4.166881802537469,0.36562841654370726,3000,12000,132,pythia_sst2,shared_raw,1
cca_shared_held_target,2.656016647513566,1.4520073828906122,4.993879512550362,0.15565759456253836,3000,12000,132,pythia_sst2,shared_raw,1
procrustes_shared_common,2.281076337110551,1.3609467386813106,4.163428601302038,0.382679348308508,3000,12000,132,pythia_sst2,shared_raw,1
procrustes_shared_held_target,2.6336778862921473,1.5110753241102683,4.993879512550362,0.18167205276324652,3000,12000,132,pythia_sst2,shared_raw,1
probe_cosine_common,2.342325182911349,1.5717563778438794,3.2862405865193423,0.32985578345036304,3000,12000,132,pythia_sst2,shared_raw,1
probe_cosine_held_target,2.6272876454376246,1.7272466206371089,4.427018310918254,0.05082119058425152,3000,12000,132,pythia_sst2,shared_raw,1
training_geometry,0.009121321132748189,0.0039026094835106218,0.02223312254362801,0.9969528262015203,0,12000,132,pythia_sst2,shared_center,1
direct_training,0.008265928822498573,0.0025918109785947295,0.021646513022024274,0.9982729203299712,0,12000,132,pythia_sst2,shared_center,1
mean_only,0.3587240849243362,0.08528259452465951,0.7785733770856557,,0,12000,132,pythia_sst2,shared_center,1
variance_only,0.009121321132748203,0.003902609483510608,0.022233122543627963,0.9969528262015203,0,12000,132,pythia_sst2,shared_center,1
direct_calibration,0.008045740403421868,0.0033265245602976667,0.01772099968852406,0.9950274715240564,3000,12000,132,pythia_sst2,shared_center,1
cka_common,0.3596737244281475,0.17128351484241444,0.7860755563908396,0.32138216069795467,3000,12000,132,pythia_sst2,shared_center,1
cka_held_target,0.42377780079272476,0.18412838321999436,0.9432515754993452,0.15556823750946097,3000,12000,132,pythia_sst2,shared_center,1
cca_shared_common,0.32429758668158276,0.12311163807990402,0.7285405803064977,0.364636463034909,3000,12000,132,pythia_sst2,shared_center,1
cca_shared_held_target,0.4602320343661048,0.1361637204483766,1.0028254588059449,0.17565921196082185,3000,12000,132,pythia_sst2,shared_center,1
procrustes_shared_common,0.3237870994030557,0.11964585935941205,0.7285405803064977,0.36865478041774674,3000,12000,132,pythia_sst2,shared_center,1
procrustes_shared_held_target,0.4596807872819887,0.13935650491720186,1.0028254588059449,0.19211425153928097,3000,12000,132,pythia_sst2,shared_center,1
probe_cosine_common,0.3672748948171969,0.1496958936505241,0.8930337489905176,0.34060229177690043,3000,12000,132,pythia_sst2,shared_center,1
probe_cosine_held_target,0.44183847474420596,0.16754397985708125,1.194230299995857,0.0985478501364826,3000,12000,132,pythia_sst2,shared_center,1
training_geometry,0.0038966729897132036,0.002771374329326212,0.009363414594136046,0.9981685650628999,0,12000,132,pythia_sst2,shared_rms,1
direct_training,0.0037910853603546706,0.0025065119808202058,0.008927757728747005,0.9984294532305781,0,12000,132,pythia_sst2,shared_rms,1
mean_only,0.14150508153088365,0.10302746373280512,0.3021771208516277,,0,12000,132,pythia_sst2,shared_rms,1
variance_only,0.0038966729897132063,0.0027713743293261844,0.009363414594136046,0.9981685650628999,0,12000,132,pythia_sst2,shared_rms,1
direct_calibration,0.005521929569031002,0.0036591657664072214,0.012918029126299453,0.9947404945396104,3000,12000,132,pythia_sst2,shared_rms,1
cka_common,0.06226885039515419,0.04242474130371238,0.1583920751465389,0.599599345321118,3000,12000,132,pythia_sst2,shared_rms,1
cka_held_target,0.07358138029526434,0.04628540209138677,0.18240204649388325,0.46876784938009275,3000,12000,132,pythia_sst2,shared_rms,1
cca_shared_common,0.06349919399616183,0.04367043694625982,0.12655880770337427,0.6586870621593155,3000,12000,132,pythia_sst2,shared_rms,1
cca_shared_held_target,0.06984256913665847,0.04837345647001793,0.14520038506902075,0.5437289884687257,3000,12000,132,pythia_sst2,shared_rms,1
procrustes_shared_common,0.06324350400623174,0.04425095612455171,0.12655880770337427,0.6630811364283736,3000,12000,132,pythia_sst2,shared_rms,1
procrustes_shared_held_target,0.06953708968905693,0.04946740071040475,0.14520038506902075,0.5493264333734879,3000,12000,132,pythia_sst2,shared_rms,1
probe_cosine_common,0.0680544327035767,0.05132233904442647,0.13961134815037074,0.6079904564401509,3000,12000,132,pythia_sst2,shared_rms,1
probe_cosine_held_target,0.073424009841409,0.05345139612249296,0.1521148871333536,0.3888980537762697,3000,12000,132,pythia_sst2,shared_rms,1
training_geometry,0.07678196062014056,0.009024575598617246,0.06386209727453013,0.9979494190020505,0,12000,132,pythia_sst2,native_raw,2
direct_training,0.07774262180411223,0.009480604065700352,0.05726132271370924,0.9984764131007601,0,12000,132,pythia_sst2,native_raw,2
mean_only,1.1778284944800028,0.09821204812446982,1.3931748065161484,0.819762800477947,0,12000,132,pythia_sst2,native_raw,2
variance_only,11.24962027155384,0.1315957104590864,2.823430443010817,0.7289371937825131,0,12000,132,pythia_sst2,native_raw,2
direct_calibration,0.16540387125902511,0.007885012478772102,0.12740015707899538,0.998810349955388,3000,12000,132,pythia_sst2,native_raw,2
cka_common,14.57906524584626,1.9821342920280882,11.271698031080007,0.4562160849363614,3000,12000,132,pythia_sst2,native_raw,2
cka_held_target,20.491961270975832,2.0802874192373357,12.324274731372569,0.3486448894255088,3000,12000,132,pythia_sst2,native_raw,2
cca_shared_common,13.556019293748943,0.46561439727351356,11.565877659598353,0.410908519172715,3000,12000,132,pythia_sst2,native_raw,2
cca_shared_held_target,21.868907202296903,0.5361787970403429,12.640489844711519,0.24736153910749603,3000,12000,132,pythia_sst2,native_raw,2
procrustes_shared_common,13.550129714101661,0.49660991965707835,10.02075372876171,0.40812819529774264,3000,12000,132,pythia_sst2,native_raw,2
procrustes_shared_held_target,21.947907206010093,0.564027542438776,17.668593697619993,0.23421601916202847,3000,12000,132,pythia_sst2,native_raw,2
probe_cosine_common,17.502359951107167,0.4691219961454517,77.16043683627258,0.38220858177168826,3000,12000,132,pythia_sst2,native_raw,2
probe_cosine_held_target,23.943166911789696,0.5065286079897613,81.68852212847187,0.16358194754718322,3000,12000,132,pythia_sst2,native_raw,2
training_geometry,0.012786865019403243,0.006188605681678019,0.022425454992326257,0.9996451920919576,0,12000,132,pythia_sst2,shared_raw,2
direct_training,0.01209714929284837,0.004643326707333487,0.02261531878677312,0.9997130230155541,0,12000,132,pythia_sst2,shared_raw,2
mean_only,0.299004664434901,0.07816162987815334,0.7722533209770643,0.9289601519412687,0,12000,132,pythia_sst2,shared_raw,2
variance_only,1.8140414202418258,0.20326504132512396,2.176825066172773,0.7676321268125205,0,12000,132,pythia_sst2,shared_raw,2
direct_calibration,0.027744674001411347,0.006782252724835382,0.0577746551157619,0.9995356190615329,3000,12000,132,pythia_sst2,shared_raw,2
cka_common,2.1705676160283796,0.5236958922579459,7.118552331159924,0.4317792289350361,3000,12000,132,pythia_sst2,shared_raw,2
cka_held_target,3.0057371578474807,0.5733394766946662,8.287683897191798,0.2901599486665989,3000,12000,132,pythia_sst2,shared_raw,2
cca_shared_common,2.7071083242101524,1.3934613643414764,5.988584306196227,0.3321950358177306,3000,12000,132,pythia_sst2,shared_raw,2
cca_shared_held_target,3.271087458479178,1.5245640220893248,6.406630750244462,0.11193624445414013,3000,12000,132,pythia_sst2,shared_raw,2
procrustes_shared_common,2.67804315584232,1.3415262029600659,6.0239348419546435,0.3349528642543795,3000,12000,132,pythia_sst2,shared_raw,2
procrustes_shared_held_target,3.248124013104868,1.4649923220558758,7.184328466528393,0.12505219869042092,3000,12000,132,pythia_sst2,shared_raw,2
probe_cosine_common,2.8056879426424017,1.6321742726403063,4.071511045177947,0.24521914151836569,3000,12000,132,pythia_sst2,shared_raw,2
probe_cosine_held_target,3.183290152810667,1.7666787082131086,5.795220308248256,0.02547453829856307,3000,12000,132,pythia_sst2,shared_raw,2
training_geometry,0.007298019337439886,0.0028783839731606926,0.018186977140575492,0.997051963705238,0,12000,132,pythia_sst2,shared_center,2
direct_training,0.00708032022725952,0.0026052476190885597,0.016888472657658322,0.9969893505449953,0,12000,132,pythia_sst2,shared_center,2
mean_only,0.3369791970740435,0.07387771107433777,0.896579009467299,,0,12000,132,pythia_sst2,shared_center,2
variance_only,0.007298019337439882,0.002878383973160696,0.01818697714057539,0.997051963705238,0,12000,132,pythia_sst2,shared_center,2
direct_calibration,0.012492029859986058,0.0033590441312923262,0.04083939013889417,0.9951213912644205,3000,12000,132,pythia_sst2,shared_center,2
cka_common,0.33188644663383404,0.15409555551522586,0.6567214793348171,0.2825040557187275,3000,12000,132,pythia_sst2,shared_center,2
cka_held_target,0.3842271694912469,0.17793940368545197,0.9089451203742382,0.1171258498582174,3000,12000,132,pythia_sst2,shared_center,2
cca_shared_common,0.30824874422507964,0.14092602290421746,0.7534035758378437,0.3570124751899394,3000,12000,132,pythia_sst2,shared_center,2
cca_shared_held_target,0.4123918545722692,0.1479730191938932,0.9862958807070693,0.20070295097177343,3000,12000,132,pythia_sst2,shared_center,2
procrustes_shared_common,0.3076194061510035,0.15109601711348444,0.7534035758378437,0.35976247024927005,3000,12000,132,pythia_sst2,shared_center,2
procrustes_shared_held_target,0.41161490072737916,0.17200441882394552,0.9862958807070693,0.20852142221801973,3000,12000,132,pythia_sst2,shared_center,2
probe_cosine_common,0.3274004251579627,0.15432514727393015,0.7602057255751445,0.3438187644526893,3000,12000,132,pythia_sst2,shared_center,2
probe_cosine_held_target,0.3960893660352164,0.17386005945427838,0.9899157543848922,0.12712218591974622,3000,12000,132,pythia_sst2,shared_center,2
training_geometry,0.0035613597084601556,0.0028668841615361353,0.007326185228571715,0.9981842183529606,0,12000,132,pythia_sst2,shared_rms,2
direct_training,0.0035286789556879224,0.0026778328743468985,0.00732884725531957,0.998038120979061,0,12000,132,pythia_sst2,shared_rms,2
mean_only,0.13490885686169557,0.10241046049466845,0.288417582494676,,0,12000,132,pythia_sst2,shared_rms,2
variance_only,0.0035613597084601586,0.002866884161536142,0.007326185228571665,0.9981842183529606,0,12000,132,pythia_sst2,shared_rms,2
direct_calibration,0.005319994809791091,0.0033829647837822496,0.012443360262099941,0.9958779669506868,3000,12000,132,pythia_sst2,shared_rms,2
cka_common,0.061154296266341446,0.05078536340496751,0.13429195610680258,0.5555879755206617,3000,12000,132,pythia_sst2,shared_rms,2
cka_held_target,0.0730356075781075,0.057691412781057896,0.18093404550933934,0.39480062148747896,3000,12000,132,pythia_sst2,shared_rms,2
cca_shared_common,0.056184287602046516,0.03863031921413198,0.13137167392488608,0.6630796562682832,3000,12000,132,pythia_sst2,shared_rms,2
cca_shared_held_target,0.0641846150361611,0.04236884049897672,0.15143010690327918,0.5556658869431952,3000,12000,132,pythia_sst2,shared_rms,2
procrustes_shared_common,0.0558516550119897,0.0368665959860695,0.13137167392488608,0.6667767449394882,3000,12000,132,pythia_sst2,shared_rms,2
procrustes_shared_held_target,0.06368051907717663,0.04194210935180162,0.15143010690327918,0.568608173823875,3000,12000,132,pythia_sst2,shared_rms,2
probe_cosine_common,0.059831868287892276,0.0469576137195069,0.1190489344306316,0.5960282470519741,3000,12000,132,pythia_sst2,shared_rms,2
probe_cosine_held_target,0.06577488808353124,0.052155196224557596,0.13748209122409955,0.46124356503612113,3000,12000,132,pythia_sst2,shared_rms,2
training_geometry,0.32979037923946664,0.004720779814415238,0.34915357527466445,0.9993425618174512,0,12000,132,bert_sst2,native_raw,0
direct_training,0.3316074039771841,0.009832537584454432,0.35447892805669,0.9992747308938548,0,12000,132,bert_sst2,native_raw,0
mean_only,3.512547778995837,0.10189303698705632,7.46310737423616,0.9225318674896817,0,12000,132,bert_sst2,native_raw,0
variance_only,11.772392334642563,0.13008864563450984,12.96495171365465,0.9147782711462902,0,12000,132,bert_sst2,native_raw,0
direct_calibration,0.35154728989444717,0.007651430699103401,0.3096032697898849,0.9991181979932481,3000,12000,132,bert_sst2,native_raw,0
cka_common,19.879840039397607,7.12764966032282,29.143639418099262,0.30460364903395504,3000,12000,132,bert_sst2,native_raw,0
cka_held_target,25.10724752881381,7.4216513322775555,33.97816338632145,0.10934444674357593,3000,12000,132,bert_sst2,native_raw,0
cca_shared_common,16.430774923602762,3.6170966283183525,40.28300547330736,0.6476564491673416,3000,12000,132,bert_sst2,native_raw,0
cca_shared_held_target,24.07526071579811,3.3465947421584135,43.701854626778804,0.5758264972892045,3000,12000,132,bert_sst2,native_raw,0
procrustes_shared_common,16.638668349884306,3.872461026122316,38.65914301233364,0.6500847520522622,3000,12000,132,bert_sst2,native_raw,0
procrustes_shared_held_target,23.64899120342875,3.6948257867119922,51.40548830716742,0.5699259816709185,3000,12000,132,bert_sst2,native_raw,0
probe_cosine_common,16.695921391438667,1.9474810529581155,57.373041822275844,0.6364052412276114,3000,12000,132,bert_sst2,native_raw,0
probe_cosine_held_target,24.3711857224245,2.0191756091515067,83.50159809135951,0.5441935703024938,3000,12000,132,bert_sst2,native_raw,0
training_geometry,0.15035406749207783,0.00512461417265133,0.5567859824608206,0.9997443295956753,0,12000,132,bert_sst2,shared_raw,0
direct_training,0.15062730421371134,0.0037705797582837236,0.5611252760613262,0.9997338940689682,0,12000,132,bert_sst2,shared_raw,0
mean_only,3.471686729469365,0.08873658351016474,11.885125365466207,0.9089865538238378,0,12000,132,bert_sst2,shared_raw,0
variance_only,8.843934720134026,0.2244281724496957,31.821995163445273,0.8848022206800831,0,12000,132,bert_sst2,shared_raw,0
direct_calibration,0.13882233959572926,0.00945841698683178,0.3602532783930347,0.999212117733612,3000,12000,132,bert_sst2,shared_raw,0
cka_common,16.968736088506972,10.934045542347233,43.87527681792424,0.31398411060439624,3000,12000,132,bert_sst2,shared_raw,0
cka_held_target,19.33259837618339,11.613262475323964,49.48102788205503,0.10584336830518648,3000,12000,132,bert_sst2,shared_raw,0
cca_shared_common,14.297571064932779,4.768833844002477,27.969768208562897,0.6052407807126573,3000,12000,132,bert_sst2,shared_raw,0
cca_shared_held_target,17.040028789025605,4.674411590969601,41.31044263851294,0.4271497958870904,3000,12000,132,bert_sst2,shared_raw,0
procrustes_shared_common,14.251165909171938,4.321988925819204,27.391537473338172,0.6006630180469109,3000,12000,132,bert_sst2,shared_raw,0
procrustes_shared_held_target,17.07586686382553,4.478537127428609,41.30238256333902,0.4440759509947032,3000,12000,132,bert_sst2,shared_raw,0
probe_cosine_common,15.935829682989462,15.944557409364968,35.27324409305961,0.6010788340144813,3000,12000,132,bert_sst2,shared_raw,0
probe_cosine_held_target,17.84190417340778,15.859342533090018,37.09088159767599,0.30777177854647136,3000,12000,132,bert_sst2,shared_raw,0
training_geometry,0.0719322676140456,0.0029621195291472287,0.1827324772422897,0.9979807255821718,0,12000,132,bert_sst2,shared_center,0
direct_training,0.07188493178060028,0.0028055471329134496,0.1816807689683501,0.9982520492765571,0,12000,132,bert_sst2,shared_center,0
mean_only,3.4133752676719635,0.09081853103986776,12.436632176852193,,0,12000,132,bert_sst2,shared_center,0
variance_only,0.07193226761404552,0.0029621195291472356,0.1827324772422897,0.9979807255821718,0,12000,132,bert_sst2,shared_center,0
direct_calibration,0.09183280237093122,0.004853139678625971,0.25670576145288654,0.9966710669804278,3000,12000,132,bert_sst2,shared_center,0
cka_common,4.336276786214798,1.9531280766551666,9.409117326078873,0.33253706649330494,3000,12000,132,bert_sst2,shared_center,0
cka_held_target,5.138806501994986,2.1406961678202037,11.432006086565803,0.15578834319948173,3000,12000,132,bert_sst2,shared_center,0
cca_shared_common,3.6605021364058348,0.568506920917416,9.596765065849718,0.5426029604052613,3000,12000,132,bert_sst2,shared_center,0
cca_shared_held_target,4.886265751395189,0.6890687758681674,13.350610896666687,0.4477089748378387,3000,12000,132,bert_sst2,shared_center,0
procrustes_shared_common,3.6157962118107783,0.550115411393229,9.998927452206381,0.5456669829192368,3000,12000,132,bert_sst2,shared_center,0
procrustes_shared_held_target,4.9031508097850915,0.6375772948536332,13.350610896666689,0.4470028367299483,3000,12000,132,bert_sst2,shared_center,0
probe_cosine_common,4.397125718382729,2.617263877794485,7.8404865716886185,0.5516185890852924,3000,12000,132,bert_sst2,shared_center,0
probe_cosine_held_target,5.027432182692154,2.271379380671764,12.272492027624603,0.36520222930961593,3000,12000,132,bert_sst2,shared_center,0
training_geometry,0.00982424901901965,0.003324434809008618,0.023839615906914635,0.9991495045733694,0,12000,132,bert_sst2,shared_rms,0
direct_training,0.009761367128706384,0.003336774645054312,0.023726944775749454,0.9992590776037944,0,12000,132,bert_sst2,shared_rms,0
mean_only,0.39632290823936167,0.13646968347920121,0.9782755866596631,,0,12000,132,bert_sst2,shared_rms,0
variance_only,0.009824249019019647,0.003324434809008618,0.023839615906914635,0.9991495045733694,0,12000,132,bert_sst2,shared_rms,0
direct_calibration,0.013816790864930803,0.005640697208923087,0.03207809105859369,0.9985181552075885,3000,12000,132,bert_sst2,shared_rms,0
cka_common,0.3957183798848632,0.27914009292148634,0.6520897112162999,0.3155556806375326,3000,12000,132,bert_sst2,shared_rms,0
cka_held_target,0.4302073700601836,0.2814311701587091,0.7180765437461754,0.11038771779441431,3000,12000,132,bert_sst2,shared_rms,0
cca_shared_common,0.3264540154929255,0.16324537480187232,0.6313976092395074,0.6400219397260648,3000,12000,132,bert_sst2,shared_rms,0
cca_shared_held_target,0.39761436392317856,0.17399419028069174,0.9505763299915558,0.5333709059078225,3000,12000,132,bert_sst2,shared_rms,0
procrustes_shared_common,0.3262806916738553,0.16485297249357428,0.6313976092395074,0.639295284284881,3000,12000,132,bert_sst2,shared_rms,0
procrustes_shared_held_target,0.3962903536924383,0.17298495873402814,0.9505763299915558,0.5397707132637151,3000,12000,132,bert_sst2,shared_rms,0
probe_cosine_common,0.3289942601402573,0.18908980883508575,0.708775401981553,0.666490735332991,3000,12000,132,bert_sst2,shared_rms,0
probe_cosine_held_target,0.37709794227685045,0.1963202664025697,0.8511045377373079,0.5470934677815281,3000,12000,132,bert_sst2,shared_rms,0
training_geometry,0.07417785053861235,0.005129802836954411,0.3015889686749926,0.999702587488847,0,12000,132,bert_sst2,shared_unit,0
direct_training,0.07425542950658291,0.0047673534211459395,0.30140449776928907,0.9997234585422611,0,12000,132,bert_sst2,shared_unit,0
mean_only,1.8342356907140622,0.09584514870984465,6.158247599834141,0.9417280188674321,0,12000,132,bert_sst2,shared_unit,0
variance_only,3.8655073734015586,0.23657583500783338,16.08805965514176,0.8776225783055834,0,12000,132,bert_sst2,shared_unit,0
direct_calibration,0.07359718422898077,0.011680997391224551,0.2456200434239588,0.9995408368248864,3000,12000,132,bert_sst2,shared_unit,0
cka_common,7.259432851564094,4.671845143234638,17.811919643470056,0.24779871936777043,3000,12000,132,bert_sst2,shared_unit,0
cka_held_target,8.022745634549526,4.764664020820497,19.72406737286844,-0.008002830441084909,3000,12000,132,bert_sst2,shared_unit,0
cca_shared_common,5.959082754122936,1.936876139973954,15.487136426702762,0.5707795383600655,3000,12000,132,bert_sst2,shared_unit,0
cca_shared_held_target,7.027625746510943,2.4850459023080838,20.469449210158942,0.3777087521729972,3000,12000,132,bert_sst2,shared_unit,0
procrustes_shared_common,5.919198266019914,1.7634381245958013,14.65351536804764,0.5675664384790476,3000,12000,132,bert_sst2,shared_unit,0
procrustes_shared_held_target,7.076112573107463,2.4071457006760557,20.471111789832616,0.3805620973024846,3000,12000,132,bert_sst2,shared_unit,0
probe_cosine_common,6.480527877152333,5.519017644099183,16.928458890931815,0.581177180674129,3000,12000,132,bert_sst2,shared_unit,0
probe_cosine_held_target,7.03214465972696,5.452985273270511,18.147317189468335,0.27458305357902274,3000,12000,132,bert_sst2,shared_unit,0
training_geometry,0.15035406749207783,0.00512461417265133,0.5567859824608206,0.9997443295956753,0,12000,132,bert_sst2,shared_clip100,0
direct_training,0.15062730421371134,0.0037705797582837236,0.5611252760613262,0.9997338940689682,0,12000,132,bert_sst2,shared_clip100,0
mean_only,3.471686729469365,0.08873658351016474,11.885125365466207,0.9089865538238378,0,12000,132,bert_sst2,shared_clip100,0
variance_only,8.843934720134026,0.2244281724496957,31.821995163445273,0.8848022206800831,0,12000,132,bert_sst2,shared_clip100,0
direct_calibration,0.13882233959572926,0.00945841698683178,0.3602532783930347,0.999212117733612,3000,12000,132,bert_sst2,shared_clip100,0
cka_common,16.968736088506972,10.934045542347233,43.87527681792424,0.31398411060439624,3000,12000,132,bert_sst2,shared_clip100,0
cka_held_target,19.33259837618339,11.613262475323964,49.48102788205503,0.10584336830518648,3000,12000,132,bert_sst2,shared_clip100,0
cca_shared_common,14.297571064932779,4.768833844002477,27.969768208562897,0.6052407807126573,3000,12000,132,bert_sst2,shared_clip100,0
cca_shared_held_target,17.040028789025605,4.674411590969601,41.31044263851294,0.4271497958870904,3000,12000,132,bert_sst2,shared_clip100,0
procrustes_shared_common,14.251165909171938,4.321988925819204,27.391537473338172,0.6006630180469109,3000,12000,132,bert_sst2,shared_clip100,0
procrustes_shared_held_target,17.07586686382553,4.478537127428609,41.30238256333902,0.4440759509947032,3000,12000,132,bert_sst2,shared_clip100,0
probe_cosine_common,15.935829682989462,15.944557409364968,35.27324409305961,0.6010788340144813,3000,12000,132,bert_sst2,shared_clip100,0
probe_cosine_held_target,17.84190417340778,15.859342533090018,37.09088159767599,0.30777177854647136,3000,12000,132,bert_sst2,shared_clip100,0
training_geometry,0.15035406749207783,0.00512461417265133,0.5567859824608206,0.9997443295956753,0,12000,132,bert_sst2,shared_clip300,0
direct_training,0.15062730421371134,0.0037705797582837236,0.5611252760613262,0.9997338940689682,0,12000,132,bert_sst2,shared_clip300,0
mean_only,3.471686729469365,0.08873658351016474,11.885125365466207,0.9089865538238378,0,12000,132,bert_sst2,shared_clip300,0
variance_only,8.843934720134026,0.2244281724496957,31.821995163445273,0.8848022206800831,0,12000,132,bert_sst2,shared_clip300,0
direct_calibration,0.13882233959572926,0.00945841698683178,0.3602532783930347,0.999212117733612,3000,12000,132,bert_sst2,shared_clip300,0
cka_common,16.968736088506972,10.934045542347233,43.87527681792424,0.31398411060439624,3000,12000,132,bert_sst2,shared_clip300,0
cka_held_target,19.33259837618339,11.613262475323964,49.48102788205503,0.10584336830518648,3000,12000,132,bert_sst2,shared_clip300,0
cca_shared_common,14.297571064932779,4.768833844002477,27.969768208562897,0.6052407807126573,3000,12000,132,bert_sst2,shared_clip300,0
cca_shared_held_target,17.040028789025605,4.674411590969601,41.31044263851294,0.4271497958870904,3000,12000,132,bert_sst2,shared_clip300,0
procrustes_shared_common,14.251165909171938,4.321988925819204,27.391537473338172,0.6006630180469109,3000,12000,132,bert_sst2,shared_clip300,0
procrustes_shared_held_target,17.07586686382553,4.478537127428609,41.30238256333902,0.4440759509947032,3000,12000,132,bert_sst2,shared_clip300,0
probe_cosine_common,15.935829682989462,15.944557409364968,35.27324409305961,0.6010788340144813,3000,12000,132,bert_sst2,shared_clip300,0
probe_cosine_held_target,17.84190417340778,15.859342533090018,37.09088159767599,0.30777177854647136,3000,12000,132,bert_sst2,shared_clip300,0
training_geometry,0.018200424145261157,0.00509786930973484,0.0412700558663979,0.9987581723218523,0,12000,132,bert_sst2,separate_naive,0
direct_training,0.017988403624725,0.0048755005996164585,0.04139141800377232,0.9989564473292876,0,12000,132,bert_sst2,separate_naive,0
mean_only,0.6504803981552216,0.21647753254666052,2.172415634692944,,0,12000,132,bert_sst2,separate_naive,0
variance_only,0.018200424145261157,0.00509786930973484,0.0412700558663979,0.9987581723218523,0,12000,132,bert_sst2,separate_naive,0
direct_calibration,0.022153391398018585,0.006728578339223482,0.05758807862655797,0.9984555420473459,3000,12000,132,bert_sst2,separate_naive,0
cka_common,0.6189671033353218,0.30468593000601335,1.4203560118354919,0.049038298577152334,3000,12000,132,bert_sst2,separate_naive,0
cka_held_target,0.7106836483313012,0.3172500947099097,1.804621925184308,-0.1830112861679483,3000,12000,132,bert_sst2,separate_naive,0
cca_shared_common,0.5335905826677815,0.15511639877291544,1.685232187317597,0.022994961783373596,3000,12000,132,bert_sst2,separate_naive,0
cca_shared_held_target,0.7141635392452143,0.17316668267596547,2.1470801685030794,-0.1295031057818563,3000,12000,132,bert_sst2,separate_naive,0
procrustes_shared_common,0.5301371228834494,0.1499323851199334,1.6328324801823229,0.02476542148659427,3000,12000,132,bert_sst2,separate_naive,0
procrustes_shared_held_target,0.7021099859412592,0.1554779871397832,2.1687756588835714,-0.12178569056792239,3000,12000,132,bert_sst2,separate_naive,0
probe_cosine_common,0.6806134103301935,0.4418041533236752,1.4729853624126965,0.07462141095413917,3000,12000,132,bert_sst2,separate_naive,0
probe_cosine_held_target,0.7183683659804135,0.46620458467778114,1.4800730955955375,-0.234035164016341,3000,12000,132,bert_sst2,separate_naive,0
training_geometry,0.010324602541261947,0.0037759196123124533,0.028682391587655093,0.9985390262610028,0,12000,132,bert_sst2,separate_lift,0
direct_training,0.009689210782662414,0.0026585209377093244,0.02704876621089632,0.9991599401000765,0,12000,132,bert_sst2,separate_lift,0
mean_only,0.2521652883891864,0.07916843509327108,0.800764083281743,0.7524849597971333,0,12000,132,bert_sst2,separate_lift,0
variance_only,0.31117209256948475,0.03395049920909189,0.7976618081070379,0.8970848356143655,0,12000,132,bert_sst2,separate_lift,0
direct_calibration,0.012457591718989306,0.004936223947146684,0.031170004742899375,0.9984346709939316,3000,12000,132,bert_sst2,separate_lift,0
cka_common,0.6545459909237683,0.40487734016370214,1.0841730019646632,0.3781422432211908,3000,12000,132,bert_sst2,separate_lift,0
cka_held_target,0.7051501166153112,0.399430475024149,1.2504026943657092,0.14020763646952286,3000,12000,132,bert_sst2,separate_lift,0
cca_shared_common,0.5583163413980619,0.2871590606394846,1.2067209452350587,0.6370936991464669,3000,12000,132,bert_sst2,separate_lift,0
cca_shared_held_target,0.6548642651591026,0.3142013131010697,1.7393916338436437,0.49395814247014463,3000,12000,132,bert_sst2,separate_lift,0
procrustes_shared_common,0.5562498540696907,0.2871803904373771,1.2393762437339626,0.6368667147224992,3000,12000,132,bert_sst2,separate_lift,0
procrustes_shared_held_target,0.65059318451692,0.321747485792541,1.7655513329943182,0.4934089734077208,3000,12000,132,bert_sst2,separate_lift,0
probe_cosine_common,0.6804444824376237,0.4766961637387378,1.2524644299459156,0.04611117295830824,3000,12000,132,bert_sst2,separate_lift,0
probe_cosine_held_target,0.6932081213521215,0.4821817945561819,1.2640320294735798,-0.034218929701241935,3000,12000,132,bert_sst2,separate_lift,0
training_geometry,0.13181531518528825,0.0071108225461658375,0.3864286900934028,0.9995669256416543,0,12000,132,bert_sst2,native_raw,1
direct_training,0.13286418070620984,0.012093095080577751,0.3815284095666758,0.9994990947180581,0,12000,132,bert_sst2,native_raw,1
mean_only,3.419585761475936,0.09717527557788683,7.797072639416842,0.9445195222615872,0,12000,132,bert_sst2,native_raw,1
variance_only,7.267767744698003,0.1524017636810129,10.398349190085366,0.9126181171179162,0,12000,132,bert_sst2,native_raw,1
direct_calibration,0.24207137702040932,0.009124192133211487,0.7508705735174972,0.9993895216876332,3000,12000,132,bert_sst2,native_raw,1
cka_common,14.373553870287402,5.780744948659464,26.06991964822169,0.3207605901468188,3000,12000,132,bert_sst2,native_raw,1
cka_held_target,17.454977792625098,5.962388784571786,31.305881520593353,0.12687903132590694,3000,12000,132,bert_sst2,native_raw,1
cca_shared_common,11.87212729064904,3.8028228179855175,20.567808479609088,0.6611706126314315,3000,12000,132,bert_sst2,native_raw,1
cca_shared_held_target,16.440076473722307,3.4599149576251857,27.42079960599911,0.5810658162636858,3000,12000,132,bert_sst2,native_raw,1
procrustes_shared_common,11.910563203210895,4.071881530128527,18.17711650361852,0.6519658725810509,3000,12000,132,bert_sst2,native_raw,1
procrustes_shared_held_target,16.20010199776915,3.3041544284473257,26.605728140809596,0.5765219755045164,3000,12000,132,bert_sst2,native_raw,1
probe_cosine_common,12.199952542371056,1.7664131845557907,35.537831689204765,0.6555161008782558,3000,12000,132,bert_sst2,native_raw,1
probe_cosine_held_target,17.348198657706746,1.9573319456758855,40.81131020880805,0.5687724659665541,3000,12000,132,bert_sst2,native_raw,1
training_geometry,0.20499903137401346,0.00852906535954677,0.716561753883627,0.9995982322217756,0,12000,132,bert_sst2,shared_raw,1
direct_training,0.20532247309365295,0.009490181018834226,0.7126181947811945,0.9996243210385435,0,12000,132,bert_sst2,shared_raw,1
mean_only,4.1823196203870765,0.08611760195906792,13.074518991435921,0.908292591297814,0,12000,132,bert_sst2,shared_raw,1
variance_only,12.243423001463691,0.2063505428721358,51.981082533995185,0.8813793679201473,0,12000,132,bert_sst2,shared_raw,1
direct_calibration,0.42780154412810484,0.012055917691135683,1.1556518788861232,0.9994990947180581,3000,12000,132,bert_sst2,shared_raw,1
cka_common,22.642725392569563,13.958114474137293,56.41873689775338,0.2790649591312221,3000,12000,132,bert_sst2,shared_raw,1
cka_held_target,26.508511115141662,14.814879380034352,61.1535219247587,0.041026475835451014,3000,12000,132,bert_sst2,shared_raw,1
cca_shared_common,19.040774225285283,5.715715420200753,45.561530501733586,0.5952918046723568,3000,12000,132,bert_sst2,shared_raw,1
cca_shared_held_target,24.171759050388403,5.900673239256339,52.14514879841761,0.40979015155100046,3000,12000,132,bert_sst2,shared_raw,1
procrustes_shared_common,19.081202576837153,6.262718729892223,45.561530501733586,0.59470116114748,3000,12000,132,bert_sst2,shared_raw,1
procrustes_shared_held_target,24.443743508514142,5.344778718756569,53.76753886300489,0.4235060276770289,3000,12000,132,bert_sst2,shared_raw,1
probe_cosine_common,21.201698160415322,20.4734259394631,51.47839719652924,0.6038582327736123,3000,12000,132,bert_sst2,shared_raw,1
probe_cosine_held_target,24.636793799078376,20.314948161519133,55.53800522899206,0.32175611817584904,3000,12000,132,bert_sst2,shared_raw,1
training_geometry,0.07500630265975952,0.003638792814145902,0.15565150199013836,0.998038120979061,0,12000,132,bert_sst2,shared_center,1
direct_training,0.07475539125756758,0.003928425373100938,0.15276085590342686,0.9989251407491663,0,12000,132,bert_sst2,shared_center,1
mean_only,4.258759283776589,0.0884559510714744,12.386740401386142,,0,12000,132,bert_sst2,shared_center,1
variance_only,0.0750063026597595,0.003638792814145902,0.15565150199013833,0.998038120979061,0,12000,132,bert_sst2,shared_center,1
direct_calibration,0.08637435395918225,0.004504608096907371,0.23672988168168785,0.9978920236051613,3000,12000,132,bert_sst2,shared_center,1
cka_common,5.749186853368413,2.397871235694578,12.787755765994692,0.3317846130429231,3000,12000,132,bert_sst2,shared_center,1
cka_held_target,6.481844272214247,2.5397544680826862,14.774236730659858,0.15902769215904183,3000,12000,132,bert_sst2,shared_center,1
cca_shared_common,4.790297205308623,0.5445053431206344,14.91174451645074,0.5595947416969763,3000,12000,132,bert_sst2,shared_center,1
cca_shared_held_target,6.051685812838366,0.6614094147013991,18.68794709434603,0.4723073082281144,3000,12000,132,bert_sst2,shared_center,1
procrustes_shared_common,4.861524590746747,0.5496438621911284,13.252493978062454,0.5592791404493871,3000,12000,132,bert_sst2,shared_center,1
procrustes_shared_held_target,6.141316660475923,0.5662842425245869,18.503998890605537,0.4733273164918445,3000,12000,132,bert_sst2,shared_center,1
probe_cosine_common,5.512509803484855,2.911504247369751,15.72208837506432,0.5604750819948504,3000,12000,132,bert_sst2,shared_center,1
probe_cosine_held_target,6.9067516568396545,3.0026510595183122,22.391330948232792,0.4395466104536666,3000,12000,132,bert_sst2,shared_center,1
training_geometry,0.008030868888812262,0.003726019637110018,0.023667309966279408,0.9987529545584988,0,12000,132,bert_sst2,shared_rms,1
direct_training,0.00828343141481127,0.003990849125042235,0.024176237583413175,0.9988677453522771,0,12000,132,bert_sst2,shared_rms,1
mean_only,0.42190233742507516,0.12017482730380928,1.0098018294172872,,0,12000,132,bert_sst2,shared_rms,1
variance_only,0.008030868888812267,0.0037260196371100285,0.023667309966279398,0.9987529545584988,0,12000,132,bert_sst2,shared_rms,1
direct_calibration,0.013214245880947575,0.005464157666324937,0.03061696298303309,0.9972137143691984,3000,12000,132,bert_sst2,shared_rms,1
cka_common,0.4323914165616946,0.28745479248536,0.6677413654996435,0.30993768946593053,3000,12000,132,bert_sst2,shared_rms,1
cka_held_target,0.46649751406128953,0.29540121094315497,0.7883832816612774,0.093006336726866,3000,12000,132,bert_sst2,shared_rms,1
cca_shared_common,0.36131578603675796,0.1659391748458413,0.9169299131269912,0.6291488714680341,3000,12000,132,bert_sst2,shared_rms,1
cca_shared_held_target,0.43914490008679197,0.18327671783534386,0.9506109601305426,0.5356934155902554,3000,12000,132,bert_sst2,shared_rms,1
procrustes_shared_common,0.36131578603675796,0.1659391748458413,0.9169299131269912,0.6291488714680341,3000,12000,132,bert_sst2,shared_rms,1
procrustes_shared_held_target,0.43950584054472747,0.18327671783534386,0.9506109601305425,0.5356266025064003,3000,12000,132,bert_sst2,shared_rms,1
probe_cosine_common,0.3681301378141965,0.20591306896408226,0.8089100806460456,0.643093220642633,3000,12000,132,bert_sst2,shared_rms,1
probe_cosine_held_target,0.42225970636852367,0.22877953838076504,0.9502175083794789,0.5203286162552291,3000,12000,132,bert_sst2,shared_rms,1
training_geometry,0.2955928441422548,0.011824253896543721,0.31939080466636827,0.9994364815578154,0,12000,132,bert_sst2,native_raw,2
direct_training,0.29914651477899196,0.018561239885879703,0.3135556291107117,0.9992434243137336,0,12000,132,bert_sst2,native_raw,2
mean_only,3.3352936983445476,0.09886153383423049,7.159159886223889,0.9677959645818223,0,12000,132,bert_sst2,native_raw,2
variance_only,16.86724985355626,0.17933379719460227,18.08481087390572,0.9115536933937897,0,12000,132,bert_sst2,native_raw,2
direct_calibration,0.2763764660685632,0.008046237408065558,0.41341982529436627,0.9994990947180581,3000,12000,132,bert_sst2,native_raw,2
cka_common,28.89825699277727,12.68205384778785,42.220557309093614,0.317380684904254,3000,12000,132,bert_sst2,native_raw,2
cka_held_target,34.07566918413995,12.074325303709884,49.095756925827,0.15917940131529798,3000,12000,132,bert_sst2,native_raw,2
cca_shared_common,24.03355918825963,3.848896700082966,74.71890436831792,0.6261262688251298,3000,12000,132,bert_sst2,native_raw,2
cca_shared_held_target,32.93404914639262,4.103957363994595,89.4232137619054,0.5500603377631019,3000,12000,132,bert_sst2,native_raw,2
procrustes_shared_common,24.064034367502185,3.8101885318452484,74.71890436831792,0.6259571652470847,3000,12000,132,bert_sst2,native_raw,2
procrustes_shared_held_target,32.8221598524371,4.103957363994596,89.4232137619054,0.5482164528229695,3000,12000,132,bert_sst2,native_raw,2
probe_cosine_common,22.599733965872353,2.016170235802588,89.04270047036125,0.6261946180575538,3000,12000,132,bert_sst2,native_raw,2
probe_cosine_held_target,31.752579986754565,2.12432373853722,115.5275138021546,0.5194412511156447,3000,12000,132,bert_sst2,native_raw,2
training_geometry,0.1699884934294009,0.009789528715915291,0.3900245603569376,0.9997704184124431,0,12000,132,bert_sst2,shared_raw,2
direct_training,0.17079389765112116,0.010163074881958917,0.3861274428715485,0.9997234585422611,0,12000,132,bert_sst2,shared_raw,2
mean_only,4.443009086045978,0.08200868305898763,13.282872986040243,0.8831951495671863,0,12000,132,bert_sst2,shared_raw,2
variance_only,10.580688750797938,0.2021797179366875,44.26040466314197,0.8841969601310702,0,12000,132,bert_sst2,shared_raw,2
direct_calibration,0.2826581126502333,0.00776956654973324,1.0958384019332221,0.9994730059012903,3000,12000,132,bert_sst2,shared_raw,2
cka_common,20.78460852854079,12.844620642204248,51.497572705039175,0.2845592080901814,3000,12000,132,bert_sst2,shared_raw,2
cka_held_target,22.9956883085965,13.422886619032733,65.56458143930953,0.01031405724804895,3000,12000,132,bert_sst2,shared_raw,2
cca_shared_common,17.662453731679744,6.491674555389553,44.75068486820589,0.6047028765670236,3000,12000,132,bert_sst2,shared_raw,2
cca_shared_held_target,21.57194948590366,5.895563405629244,58.38599979602164,0.4460138315727398,3000,12000,132,bert_sst2,shared_raw,2
procrustes_shared_common,17.609069162379214,6.608765334664044,45.05919754281907,0.608640839992236,3000,12000,132,bert_sst2,shared_raw,2
procrustes_shared_held_target,21.509502072390944,5.240738381618076,58.062095861754706,0.4593758620243132,3000,12000,132,bert_sst2,shared_raw,2
probe_cosine_common,19.619509376924736,19.653703654988668,49.93281697247491,0.624097616286346,3000,12000,132,bert_sst2,shared_raw,2
probe_cosine_held_target,21.805752459815295,19.39562400249693,56.20548619254875,0.3365550979116202,3000,12000,132,bert_sst2,shared_raw,2
training_geometry,0.12480116524107485,0.00461590623246164,0.2509628682052036,0.9984033644138103,0,12000,132,bert_sst2,shared_center,2
direct_training,0.1253756880443513,0.005996374200997856,0.25150987080017895,0.9983616223069816,0,12000,132,bert_sst2,shared_center,2
mean_only,4.51919552683949,0.08953038843652703,13.492869071336916,,0,12000,132,bert_sst2,shared_center,2
variance_only,0.12480116524107482,0.00461590623246164,0.2509628682052036,0.9984033644138103,0,12000,132,bert_sst2,shared_center,2
direct_calibration,0.21031799546235133,0.0054723077415020395,0.33145817117097026,0.9960814597214757,3000,12000,132,bert_sst2,shared_center,2
cka_common,5.861257321065299,2.7342239566109665,10.562567303698986,0.32381838497664545,3000,12000,132,bert_sst2,shared_center,2
cka_held_target,6.887681118659209,2.8135436044610183,12.975901502251805,0.14714030959773344,3000,12000,132,bert_sst2,shared_center,2
cca_shared_common,4.899841776399597,0.5013422156328048,15.055650184455118,0.5483938649251576,3000,12000,132,bert_sst2,shared_center,2
cca_shared_held_target,6.46601679067497,0.6426902066969782,17.14407964110085,0.45947148339769006,3000,12000,132,bert_sst2,shared_center,2
procrustes_shared_common,4.89892009833646,0.5003565593962608,15.055650184455118,0.547334961790626,3000,12000,132,bert_sst2,shared_center,2
procrustes_shared_held_target,6.474360876279498,0.6273470426470728,17.14407964110085,0.4581885844038583,3000,12000,132,bert_sst2,shared_center,2
probe_cosine_common,5.936581585669779,3.0319110449035036,10.134191718803201,0.5498155606137499,3000,12000,132,bert_sst2,shared_center,2
probe_cosine_held_target,6.571020812834278,3.241180883147843,12.534853905111026,0.37571138488822986,3000,12000,132,bert_sst2,shared_center,2
training_geometry,0.010485069779834148,0.004682139251629292,0.028611846326530195,0.9989094874591057,0,12000,132,bert_sst2,shared_rms,2
direct_training,0.01069447737244661,0.005547079862560214,0.027930459970868057,0.9988729631156308,0,12000,132,bert_sst2,shared_rms,2
mean_only,0.4172482546617745,0.12698422331673143,1.048329144229337,,0,12000,132,bert_sst2,shared_rms,2
variance_only,0.010485069779834124,0.004682139251629296,0.028611846326529796,0.9989094874591057,0,12000,132,bert_sst2,shared_rms,2
direct_calibration,0.0164879407943691,0.005410221211278682,0.03182049558263068,0.998419017703871,3000,12000,132,bert_sst2,shared_rms,2
cka_common,0.4178530542545477,0.2829058916571527,0.7213768879010829,0.33062899776036564,3000,12000,132,bert_sst2,shared_rms,2
cka_held_target,0.4593390721093536,0.29039075204197584,0.9111064052829069,0.09137118788826665,3000,12000,132,bert_sst2,shared_rms,2
cca_shared_common,0.35568606796211755,0.14727124648828938,0.8647466578562634,0.634662437147423,3000,12000,132,bert_sst2,shared_rms,2
cca_shared_held_target,0.4235527806283264,0.16080223099569568,0.9539902644840584,0.5354457299507087,3000,12000,132,bert_sst2,shared_rms,2
procrustes_shared_common,0.35345918278100275,0.14204382878004024,0.8619254268936088,0.6356157456516718,3000,12000,132,bert_sst2,shared_rms,2
procrustes_shared_held_target,0.4125578080949428,0.15136571019808084,0.9483109877268958,0.5412517457252283,3000,12000,132,bert_sst2,shared_rms,2
probe_cosine_common,0.3604105557074383,0.18674771383171207,0.7365161413317488,0.6480387447055587,3000,12000,132,bert_sst2,shared_rms,2
probe_cosine_held_target,0.3994240155370596,0.2006247678051291,0.8678742492394785,0.5304477035858556,3000,12000,132,bert_sst2,shared_rms,2
training_geometry,0.31745592686674795,0.010565799992136596,0.7462691324890525,0.9984085821771638,0,12000,132,gpt2_medium_sst2,native_raw,0
direct_training,0.32104717135267524,0.017271517673494177,0.7491281003633472,0.9978137571548578,0,12000,132,gpt2_medium_sst2,native_raw,0
mean_only,4.981155711234308,0.09660413831402556,6.1783243920798,0.9658862631944191,0,12000,132,gpt2_medium_sst2,native_raw,0
variance_only,28.82989412405021,0.21805982242376387,34.221721872109526,0.8600595868574975,0,12000,132,gpt2_medium_sst2,native_raw,0
direct_calibration,0.2997898446719492,0.01555442819566033,0.42309288161496755,0.9987007769249633,3000,12000,132,gpt2_medium_sst2,native_raw,0
cka_common,41.27775248200865,4.788853279587409,83.35541443320751,0.36615595049638516,3000,12000,132,gpt2_medium_sst2,native_raw,0
cka_held_target,57.91023972394414,4.346941959636492,87.49153431902442,0.24033226964018248,3000,12000,132,gpt2_medium_sst2,native_raw,0
cca_shared_common,39.14213060191928,2.746361439264107,62.817427196022635,0.3676698276537552,3000,12000,132,gpt2_medium_sst2,native_raw,0
cca_shared_held_target,56.123486099054574,3.0674496350224847,107.26277699270877,0.2065268095134112,3000,12000,132,gpt2_medium_sst2,native_raw,0
procrustes_shared_common,42.97741022156612,2.9825727433051186,67.90384216457514,0.36795296409579537,3000,12000,132,gpt2_medium_sst2,native_raw,0
procrustes_shared_held_target,60.1173343508837,3.8290311835603874,135.69394738156282,0.21156577009841662,3000,12000,132,gpt2_medium_sst2,native_raw,0
probe_cosine_common,39.354770208536635,3.695707493773712,101.68587408772173,0.404484430146675,3000,12000,132,gpt2_medium_sst2,native_raw,0
probe_cosine_held_target,57.243169552547556,3.7779913389612645,140.3375393016357,0.2784335538175872,3000,12000,132,gpt2_medium_sst2,native_raw,0
training_geometry,0.21490467166496044,0.005910877790744232,0.17666765730887884,0.9994990947180581,0,12000,132,gpt2_medium_sst2,shared_raw,0
direct_training,0.21443560074121917,0.006244327180212263,0.1767515728379659,0.9995095302447652,0,12000,132,gpt2_medium_sst2,shared_raw,0
mean_only,2.241671044951149,0.07304920266160943,6.161243103070873,0.9730502522788579,0,12000,132,gpt2_medium_sst2,shared_raw,0
variance_only,42.43271464675934,0.19689466712321996,14.98301337155047,0.8377119064141962,0,12000,132,gpt2_medium_sst2,shared_raw,0
direct_calibration,0.39027729184842075,0.009251450458967428,0.29340475146583755,0.9992903841839156,3000,12000,132,gpt2_medium_sst2,shared_raw,0
cka_common,56.09697804815704,2.932554472035517,185.21852334558832,0.3622520535638663,3000,12000,132,gpt2_medium_sst2,shared_raw,0
cka_held_target,76.87298728440416,3.257060769036304,283.67781813853287,0.22396825366782677,3000,12000,132,gpt2_medium_sst2,shared_raw,0
cca_shared_common,53.55254295555578,3.333749619956013,112.69327000867005,0.36645709879611776,3000,12000,132,gpt2_medium_sst2,shared_raw,0
cca_shared_held_target,79.61630379766743,3.7603168262262185,178.105142120628,0.21885009573039765,3000,12000,132,gpt2_medium_sst2,shared_raw,0
procrustes_shared_common,56.96994959144448,3.3709361008488354,123.51791397188128,0.36703064426413146,3000,12000,132,gpt2_medium_sst2,shared_raw,0
procrustes_shared_held_target,83.13860724694011,3.8882415610569936,192.83875031497527,0.22389325486694833,3000,12000,132,gpt2_medium_sst2,shared_raw,0
probe_cosine_common,60.90308254480537,3.3340915545635426,167.22360603422578,0.37635096439050963,3000,12000,132,gpt2_medium_sst2,shared_raw,0
probe_cosine_held_target,83.4175595315649,4.505880737879078,182.8891552231324,0.21409206108273948,3000,12000,132,gpt2_medium_sst2,shared_raw,0
training_geometry,0.04218039499070471,0.0035904836143341237,0.07757853838623252,0.9975215624070582,0,12000,132,gpt2_medium_sst2,shared_center,0
direct_training,0.043510302023009886,0.004528257311997928,0.0809966512462561,0.9969163018580454,0,12000,132,gpt2_medium_sst2,shared_center,0
mean_only,2.220137205129761,0.07058122657817081,6.514705686915997,,0,12000,132,gpt2_medium_sst2,shared_center,0
variance_only,0.042180394990704626,0.003590483614334127,0.07757853838623092,0.9975215624070582,0,12000,132,gpt2_medium_sst2,shared_center,0
direct_calibration,0.062358769609854404,0.008215737131443801,0.11075559884729262,0.9905975904368832,3000,12000,132,gpt2_medium_sst2,shared_center,0
cka_common,2.29052924799261,0.4401120841903181,7.995881124916823,0.4924484149087,3000,12000,132,gpt2_medium_sst2,shared_center,0
cka_held_target,3.13531078482384,0.48882015289093517,9.742194511340061,0.38424136636501466,3000,12000,132,gpt2_medium_sst2,shared_center,0
cca_shared_common,2.2212325374164643,0.436029579799352,6.005281467206587,0.4933804985638915,3000,12000,132,gpt2_medium_sst2,shared_center,0
cca_shared_held_target,3.3287301442494095,0.5400598829537212,10.956680450245608,0.3833924098784681,3000,12000,132,gpt2_medium_sst2,shared_center,0
procrustes_shared_common,2.2364901287491605,0.4145602499192112,6.810547653756897,0.5025111009345657,3000,12000,132,gpt2_medium_sst2,shared_center,0
procrustes_shared_held_target,3.327602654331249,0.4985155373465321,10.859078795126695,0.3964913342958036,3000,12000,132,gpt2_medium_sst2,shared_center,0
probe_cosine_common,2.3213520113297936,0.4550059826977809,8.564318520048358,0.5190441302588297,3000,12000,132,gpt2_medium_sst2,shared_center,0
probe_cosine_held_target,3.422392354855346,0.5099645702823632,14.734984216790398,0.4145510357952111,3000,12000,132,gpt2_medium_sst2,shared_center,0
training_geometry,0.008527387257182136,0.0062575849386034554,0.02059821479971489,0.9980329032157074,0,12000,132,gpt2_medium_sst2,shared_rms,0
direct_training,0.008886848649129505,0.006675056891340021,0.02165735540137964,0.997871152551747,0,12000,132,gpt2_medium_sst2,shared_rms,0
mean_only,0.25077832290598123,0.15354388576635303,0.5572126049751445,,0,12000,132,gpt2_medium_sst2,shared_rms,0
variance_only,0.008527387257182144,0.006257584938603511,0.020598214799714826,0.9980329032157074,0,12000,132,gpt2_medium_sst2,shared_rms,0
direct_calibration,0.013608846654768844,0.011494548738304786,0.029692959215852334,0.996399743286043,3000,12000,132,gpt2_medium_sst2,shared_rms,0
cka_common,0.1212849013388879,0.07457833120511795,0.26387571757660155,0.779692473729876,3000,12000,132,gpt2_medium_sst2,shared_rms,0
cka_held_target,0.146872044230674,0.08252534364683914,0.3532820645519131,0.6858576761264971,3000,12000,132,gpt2_medium_sst2,shared_rms,0
cca_shared_common,0.11972170493572641,0.07464168386902079,0.255997417143485,0.7918341450930773,3000,12000,132,gpt2_medium_sst2,shared_rms,0
cca_shared_held_target,0.15270589714949814,0.0867437441555837,0.3089859626868326,0.7030437109920593,3000,12000,132,gpt2_medium_sst2,shared_rms,0
procrustes_shared_common,0.12008891076798285,0.0767713504088724,0.2566930035985265,0.7954860750709193,3000,12000,132,gpt2_medium_sst2,shared_rms,0
procrustes_shared_held_target,0.15267860850953513,0.08201366873681576,0.30898596268683265,0.7101122662284097,3000,12000,132,gpt2_medium_sst2,shared_rms,0
probe_cosine_common,0.12100268050144783,0.07279811420032004,0.2543873648919221,0.7918613655968316,3000,12000,132,gpt2_medium_sst2,shared_rms,0
probe_cosine_held_target,0.15776163705041324,0.08410584486882364,0.3710143514206381,0.7049015169674281,3000,12000,132,gpt2_medium_sst2,shared_rms,0
training_geometry,0.020922809167817972,0.00960794332393436,0.05539208048022662,0.9996608453820184,0,12000,132,gpt2_medium_sst2,shared_unit,0
direct_training,0.02125457255804028,0.00991438812113879,0.05817194391670766,0.9996191032751899,0,12000,132,gpt2_medium_sst2,shared_unit,0
mean_only,0.40988352688085944,0.10769581438877421,1.0164561995015335,0.9314020651907351,0,12000,132,gpt2_medium_sst2,shared_unit,0
variance_only,1.8179490249375565,0.3881358620259422,3.661202422443803,0.724935169290332,0,12000,132,gpt2_medium_sst2,shared_unit,0
direct_calibration,0.022876896369458676,0.018044238163681836,0.05243971607963505,0.9993582151075119,3000,12000,132,gpt2_medium_sst2,shared_unit,0
cka_common,2.0895383818706197,0.8295266279672868,4.036454702219088,0.4887213842724545,3000,12000,132,gpt2_medium_sst2,shared_unit,0
cka_held_target,2.892897600011275,0.8767170653765821,5.613096268524186,0.3072877773514735,3000,12000,132,gpt2_medium_sst2,shared_unit,0
cca_shared_common,2.186406452892991,0.9012238687913153,4.371127876163879,0.5006537253662445,3000,12000,132,gpt2_medium_sst2,shared_unit,0
cca_shared_held_target,2.983957493846742,0.9367707528859106,7.278457024026579,0.36493968486121137,3000,12000,132,gpt2_medium_sst2,shared_unit,0
procrustes_shared_common,2.1817550948245747,0.8785813201507903,4.366422181601703,0.5073260626357835,3000,12000,132,gpt2_medium_sst2,shared_unit,0
procrustes_shared_held_target,2.9664452086915616,0.91622032524505,7.203111008798882,0.3726176243844376,3000,12000,132,gpt2_medium_sst2,shared_unit,0
probe_cosine_common,2.2859741026205405,0.9541447825880163,4.985423094541096,0.5035852452022733,3000,12000,132,gpt2_medium_sst2,shared_unit,0
probe_cosine_held_target,3.045574210294941,0.9522403509483527,8.454699777718337,0.36546166146641607,3000,12000,132,gpt2_medium_sst2,shared_unit,0
training_geometry,0.0209228091678194,0.009607943323935442,0.05539208048020317,0.9996608453820184,0,12000,132,gpt2_medium_sst2,shared_clip100,0
direct_training,0.021254572558041872,0.00991438812114187,0.05817194391668061,0.9996191032751899,0,12000,132,gpt2_medium_sst2,shared_clip100,0
mean_only,0.4098835268807298,0.10769581438846937,1.016456199501169,0.9314020651907351,0,12000,132,gpt2_medium_sst2,shared_clip100,0
variance_only,1.8179490249334158,0.38813586202539857,3.6612024224445547,0.724935169290332,0,12000,132,gpt2_medium_sst2,shared_clip100,0
direct_calibration,0.022876896369455772,0.01804423816381806,0.05243971608007168,0.9993582151075119,3000,12000,132,gpt2_medium_sst2,shared_clip100,0
cka_common,2.0895383818661686,0.8295266279676279,4.036454702229809,0.4887213842724545,3000,12000,132,gpt2_medium_sst2,shared_clip100,0
cka_held_target,2.8928976000037117,0.8767170653771699,5.61309626852579,0.3072877773514735,3000,12000,132,gpt2_medium_sst2,shared_clip100,0
cca_shared_common,2.1864064528887193,0.9012238687919373,4.3711278761547865,0.5006537253662445,3000,12000,132,gpt2_medium_sst2,shared_clip100,0
cca_shared_held_target,2.9839574938392146,0.9367707528860508,7.278457024017881,0.36493968486121137,3000,12000,132,gpt2_medium_sst2,shared_clip100,0
procrustes_shared_common,2.181755094820326,0.8785813201511595,4.3664221815958495,0.5073260626357835,3000,12000,132,gpt2_medium_sst2,shared_clip100,0
procrustes_shared_held_target,2.9664452086844655,0.916220325245658,7.203111008792333,0.3726176243844376,3000,12000,132,gpt2_medium_sst2,shared_clip100,0
probe_cosine_common,2.2859741026153366,0.9541447825884929,4.985423094527068,0.5035852452022733,3000,12000,132,gpt2_medium_sst2,shared_clip100,0
probe_cosine_held_target,3.0455742102870826,0.9522403509508399,8.454699777686054,0.36546166146641607,3000,12000,132,gpt2_medium_sst2,shared_clip100,0
training_geometry,0.05732250433882602,0.010720088166825764,0.13074875020622054,0.9997912894658574,0,12000,132,gpt2_medium_sst2,shared_clip300,0
direct_training,0.05765959918740053,0.011398799332833977,0.1300210826744393,0.999749547359029,0,12000,132,gpt2_medium_sst2,shared_clip300,0
mean_only,1.2402699313182983,0.06537659330795717,3.007800056393253,0.9554924785941256,0,12000,132,gpt2_medium_sst2,shared_clip300,0
variance_only,15.761096017288793,0.7391208526036143,16.175558262641527,0.7182407789077133,0,12000,132,gpt2_medium_sst2,shared_clip300,0
direct_calibration,0.127386342705847,0.022070659376734025,0.18588100595342466,0.999629538801897,3000,12000,132,gpt2_medium_sst2,shared_clip300,0
cka_common,17.769170861572178,2.978607589112344,44.528528566242706,0.4609640245804215,3000,12000,132,gpt2_medium_sst2,shared_clip300,0
cka_held_target,25.793297075859638,3.2420380621237834,57.94558664293601,0.31471566169841053,3000,12000,132,gpt2_medium_sst2,shared_clip300,0
cca_shared_common,17.482720076068652,2.857984093145923,37.30335618810106,0.4660345269616148,3000,12000,132,gpt2_medium_sst2,shared_clip300,0
cca_shared_held_target,25.841107978950042,3.3272671213677842,51.50859486687053,0.32227813816131795,3000,12000,132,gpt2_medium_sst2,shared_clip300,0
procrustes_shared_common,17.614715946389712,3.106351372117637,37.029510546305254,0.4648740429270118,3000,12000,132,gpt2_medium_sst2,shared_clip300,0
procrustes_shared_held_target,26.267947925366137,3.3542946529156024,51.476360012722985,0.33029692344856965,3000,12000,132,gpt2_medium_sst2,shared_clip300,0
probe_cosine_common,20.05003716776003,2.5828278835815084,64.33450491541537,0.47338675262678814,3000,12000,132,gpt2_medium_sst2,shared_clip300,0
probe_cosine_held_target,28.809203182719454,3.0112084425810948,82.91422489638336,0.37176679467160595,3000,12000,132,gpt2_medium_sst2,shared_clip300,0
training_geometry,0.016870513316231517,0.005968472929071482,0.030173683123146344,0.9977981038647972,0,12000,132,gpt2_medium_sst2,separate_naive,0
direct_training,0.017584287612428865,0.0067592621800019875,0.03421723705882101,0.9985390262610028,0,12000,132,gpt2_medium_sst2,separate_naive,0
mean_only,0.5736971515847704,0.2120217267396285,1.1709707986003592,,0,12000,132,gpt2_medium_sst2,separate_naive,0
variance_only,0.016870513316231534,0.005968472929071482,0.030173683123146344,0.9977981038647972,0,12000,132,gpt2_medium_sst2,separate_naive,0
direct_calibration,0.022840700095069895,0.007795581411309038,0.04712433913003015,0.9984503242839922,3000,12000,132,gpt2_medium_sst2,separate_naive,0
cka_common,0.4519651646301911,0.15451977794924127,1.027492685145267,0.027560194262545603,3000,12000,132,gpt2_medium_sst2,separate_naive,0
cka_held_target,0.658335585692764,0.16701221391375023,1.5856468720352026,-0.1795638295092857,3000,12000,132,gpt2_medium_sst2,separate_naive,0
cca_shared_common,0.4529582729553648,0.15669714477025748,1.0832077276029328,-0.00497822401690095,3000,12000,132,gpt2_medium_sst2,separate_naive,0
cca_shared_held_target,0.6594086020972079,0.17138361784566414,1.6490303438624563,-0.19801107128357254,3000,12000,132,gpt2_medium_sst2,separate_naive,0
procrustes_shared_common,0.46104422681789575,0.1645194808338013,0.9563862827891052,-0.001961804038633182,3000,12000,132,gpt2_medium_sst2,separate_naive,0
procrustes_shared_held_target,0.6608453280853077,0.17654019399990217,1.5146752079104886,-0.18934920795888124,3000,12000,132,gpt2_medium_sst2,separate_naive,0
probe_cosine_common,0.5990407644878348,0.43986997127608873,0.5642577901444441,0.06657474392983347,3000,12000,132,gpt2_medium_sst2,separate_naive,0
probe_cosine_held_target,0.6215906604468842,0.44678622797660095,0.652063054607171,-0.6041057759060436,3000,12000,132,gpt2_medium_sst2,separate_naive,0
training_geometry,0.010559803968085271,0.004680323962072699,0.02509117732222673,0.9989512295659341,0,12000,132,gpt2_medium_sst2,separate_lift,0
direct_training,0.009659735953322793,0.0032329239953161615,0.016536249501248088,0.9993060374739763,0,12000,132,gpt2_medium_sst2,separate_lift,0
mean_only,0.16330228974674707,0.054134150563667646,0.34434422489784833,0.9142147527041056,0,12000,132,gpt2_medium_sst2,separate_lift,0
variance_only,1.2806442521514851,0.06074929375431983,1.2104584508831426,0.7456340365139078,0,12000,132,gpt2_medium_sst2,separate_lift,0
direct_calibration,0.01739496167179927,0.005825462206317855,0.028037685617036536,0.9986068571845991,3000,12000,132,gpt2_medium_sst2,separate_lift,0
cka_common,1.8369576679262307,0.2515458112874799,6.3771289740668085,0.5100152826366596,3000,12000,132,gpt2_medium_sst2,separate_lift,0
cka_held_target,2.1553252699637016,0.28571116478212133,8.136029623537862,0.37235486953940583,3000,12000,132,gpt2_medium_sst2,separate_lift,0
cca_shared_common,1.9060666078110864,0.22752599397473705,5.415956529413977,0.5075992912461482,3000,12000,132,gpt2_medium_sst2,separate_lift,0
cca_shared_held_target,2.3331260109583067,0.26009441025655,8.506177240517898,0.34963439835894644,3000,12000,132,gpt2_medium_sst2,separate_lift,0
procrustes_shared_common,1.9020754937578561,0.22479106962400325,5.369910489742692,0.51012875917586,3000,12000,132,gpt2_medium_sst2,separate_lift,0
procrustes_shared_held_target,2.295581980691312,0.26195205215077516,8.246950870375915,0.36043383897161263,3000,12000,132,gpt2_medium_sst2,separate_lift,0
probe_cosine_common,2.186827992402036,1.4303026253506093,1.9821086598095574,0.06021467863377678,3000,12000,132,gpt2_medium_sst2,separate_lift,0
probe_cosine_held_target,2.2773231563356875,1.5132481817409944,2.289952352791756,-0.21514170894286144,3000,12000,132,gpt2_medium_sst2,separate_lift,0
training_geometry,0.7335574600637652,0.011670510414976583,0.4295647217888881,0.9984972841541744,0,12000,132,gpt2_medium_sst2,native_raw,1
direct_training,0.7343116827407262,0.014849315495833133,0.431685125753949,0.9989981894361161,0,12000,132,gpt2_medium_sst2,native_raw,1
mean_only,6.939956598261078,0.09433037759843349,6.999986962884908,0.937418146337391,0,12000,132,gpt2_medium_sst2,native_raw,1
variance_only,27.485121877219324,0.31489203385173603,15.482251530295262,0.8594021486749488,0,12000,132,gpt2_medium_sst2,native_raw,1
direct_calibration,0.23797166830215852,0.008789742609081413,0.28444163592077404,0.9994469170845224,3000,12000,132,gpt2_medium_sst2,native_raw,1
cka_common,38.14484711598246,4.223550392583196,84.58804352628664,0.41241451925727685,3000,12000,132,gpt2_medium_sst2,native_raw,1
cka_held_target,57.41161426875583,4.965755770821573,141.77399801781638,0.3049552503944773,3000,12000,132,gpt2_medium_sst2,native_raw,1
cca_shared_common,38.00581096863073,1.794709767302382,52.170991424827214,0.4441754980338172,3000,12000,132,gpt2_medium_sst2,native_raw,1
cca_shared_held_target,56.981308699865004,1.962895782103875,70.57848154223626,0.30526941830189863,3000,12000,132,gpt2_medium_sst2,native_raw,1
procrustes_shared_common,39.244451972843756,1.7892690767121624,96.62770275844436,0.4382558526611773,3000,12000,132,gpt2_medium_sst2,native_raw,1
procrustes_shared_held_target,58.3786232496447,1.9893833323963863,123.97737464542075,0.3018991116348732,3000,12000,132,gpt2_medium_sst2,native_raw,1
probe_cosine_common,41.34010626277893,2.1273061673050924,131.15454323355783,0.44654362999159014,3000,12000,132,gpt2_medium_sst2,native_raw,1
probe_cosine_held_target,60.1782833583108,2.321456064574444,146.90185660939338,0.3382920257538321,3000,12000,132,gpt2_medium_sst2,native_raw,1
training_geometry,0.30562355448604145,0.006006620891208167,0.28492249130180314,0.9987112124516703,0,12000,132,gpt2_medium_sst2,shared_raw,1
direct_training,0.304824447442409,0.005522849094659839,0.27807246750444253,0.9989668828559949,0,12000,132,gpt2_medium_sst2,shared_raw,1
mean_only,2.3923066298949376,0.06620334781604109,6.370794585218344,0.940006156960757,0,12000,132,gpt2_medium_sst2,shared_raw,1
variance_only,54.99740787317921,0.1309928576407042,16.257050110928322,0.8423400625088048,0,12000,132,gpt2_medium_sst2,shared_raw,1
direct_calibration,0.3785710120701597,0.009116328265717524,0.559008084753583,0.9980015966355861,3000,12000,132,gpt2_medium_sst2,shared_raw,1
cka_common,71.1935419581579,2.0008079472106104,256.0344907780099,0.35892489304804837,3000,12000,132,gpt2_medium_sst2,shared_raw,1
cka_held_target,96.02022897834726,2.263704055409769,323.038454120737,0.23173048729316098,3000,12000,132,gpt2_medium_sst2,shared_raw,1
cca_shared_common,66.73607823192123,1.9728096337201206,128.79519752880466,0.36541912703318224,3000,12000,132,gpt2_medium_sst2,shared_raw,1
cca_shared_held_target,99.6783632750536,2.337347846098064,203.07787216592013,0.23132557970883136,3000,12000,132,gpt2_medium_sst2,shared_raw,1
procrustes_shared_common,75.28058438038164,1.9778400975619643,155.46450226414677,0.3640583046305764,3000,12000,132,gpt2_medium_sst2,shared_raw,1
procrustes_shared_held_target,107.95364404350852,2.376329698934375,238.4344960533286,0.22515891367049193,3000,12000,132,gpt2_medium_sst2,shared_raw,1
probe_cosine_common,83.2576076337923,2.532547039684152,234.94451087826695,0.36971261116148035,3000,12000,132,gpt2_medium_sst2,shared_raw,1
probe_cosine_held_target,111.37891184224549,2.815278109303323,464.2807479356788,0.23331852132783604,3000,12000,132,gpt2_medium_sst2,shared_raw,1
training_geometry,0.04178649734108457,0.0024611755032926605,0.14317176826577685,0.9976102643840689,0,12000,132,gpt2_medium_sst2,shared_center,1
direct_training,0.04176042781952415,0.00273773627702884,0.14190911009963625,0.998085080849243,0,12000,132,gpt2_medium_sst2,shared_center,1
mean_only,2.10028398147631,0.06445247992057174,6.332118022091427,,0,12000,132,gpt2_medium_sst2,shared_center,1
variance_only,0.04178649734108461,0.002461175503292664,0.14317176826577602,0.9976102643840689,0,12000,132,gpt2_medium_sst2,shared_center,1
direct_calibration,0.05005957240810627,0.004272249582818081,0.20596589724872041,0.9954814169358163,3000,12000,132,gpt2_medium_sst2,shared_center,1
cka_common,2.2144161611755946,0.4340681543894776,7.3786308878951345,0.5008431069903421,3000,12000,132,gpt2_medium_sst2,shared_center,1
cka_held_target,2.9532967331354625,0.47464801962529524,9.250586247642394,0.40290403671718394,3000,12000,132,gpt2_medium_sst2,shared_center,1
cca_shared_common,2.101133746469625,0.4328942275731654,6.139611050415648,0.5221519994178688,3000,12000,132,gpt2_medium_sst2,shared_center,1
cca_shared_held_target,3.2079430826497597,0.5272722394000853,12.13701027687026,0.4093481358140648,3000,12000,132,gpt2_medium_sst2,shared_center,1
procrustes_shared_common,2.147153183085017,0.4451295331947743,6.942997872668982,0.5305211067313197,3000,12000,132,gpt2_medium_sst2,shared_center,1
procrustes_shared_held_target,3.138024093809542,0.5452582230477021,11.121588552194316,0.42754789963227896,3000,12000,132,gpt2_medium_sst2,shared_center,1
probe_cosine_common,2.2886943942531297,0.47540074440798646,7.925188913564069,0.5467796973788324,3000,12000,132,gpt2_medium_sst2,shared_center,1
probe_cosine_held_target,3.3287440921399662,0.5424448063364906,15.508513569706892,0.4323419642312222,3000,12000,132,gpt2_medium_sst2,shared_center,1
training_geometry,0.005681012891470048,0.0034135533225121747,0.01408317444104762,0.9987790433752666,0,12000,132,gpt2_medium_sst2,shared_rms,1
direct_training,0.005747025318634519,0.003838626615573002,0.013540999718009107,0.9988155677187415,0,12000,132,gpt2_medium_sst2,shared_rms,1
mean_only,0.22368268153329546,0.12413810197156105,0.4057244693309744,,0,12000,132,gpt2_medium_sst2,shared_rms,1
variance_only,0.0056810128914700515,0.003413553322512187,0.014083174441047657,0.9987790433752666,0,12000,132,gpt2_medium_sst2,shared_rms,1
direct_calibration,0.009617179696335335,0.006127213867434679,0.01853125558805737,0.9967754222474993,3000,12000,132,gpt2_medium_sst2,shared_rms,1
cka_common,0.14815475587430182,0.0719589158520442,0.34442896886032154,0.7348767456174746,3000,12000,132,gpt2_medium_sst2,shared_rms,1
cka_held_target,0.1821803331777863,0.07701700637131792,0.49220167554883715,0.6149833697537167,3000,12000,132,gpt2_medium_sst2,shared_rms,1
cca_shared_common,0.1336268878207696,0.06681501218754711,0.35879051661556227,0.7455556908256076,3000,12000,132,gpt2_medium_sst2,shared_rms,1
cca_shared_held_target,0.1872360232144543,0.083119486668299,0.4020756493016902,0.646210563257706,3000,12000,132,gpt2_medium_sst2,shared_rms,1
procrustes_shared_common,0.1332740648155655,0.06679310260325895,0.35879051661556227,0.7497829732660533,3000,12000,132,gpt2_medium_sst2,shared_rms,1
procrustes_shared_held_target,0.18599143557418768,0.08187524506108718,0.4020756493016902,0.6540413008647731,3000,12000,132,gpt2_medium_sst2,shared_rms,1
probe_cosine_common,0.13164884926954185,0.07221959266169417,0.3572940581251166,0.7555719700174599,3000,12000,132,gpt2_medium_sst2,shared_rms,1
probe_cosine_held_target,0.19321321090685137,0.08347608331407036,0.5578684048809968,0.6493946448455004,3000,12000,132,gpt2_medium_sst2,shared_rms,1
training_geometry,0.4002344909180714,0.014872325927757113,0.8548727017710653,0.9995356190615329,0,12000,132,gpt2_medium_sst2,native_raw,2
direct_training,0.4025963289305713,0.021951833860869296,0.8508924123990858,0.9991234157566016,0,12000,132,gpt2_medium_sst2,native_raw,2
mean_only,7.498708220422417,0.0982731513283126,8.111665750766143,0.975189535253818,0,12000,132,gpt2_medium_sst2,native_raw,2
variance_only,30.2947004363582,0.27272154677973426,44.9658072027081,0.8608683401772995,0,12000,132,gpt2_medium_sst2,native_raw,2
direct_calibration,0.6671430471646561,0.013666982337214001,0.6878172256666745,0.9992956019472691,3000,12000,132,gpt2_medium_sst2,native_raw,2
cka_common,42.90586415840771,6.749819983485672,64.94456706982626,0.3405965160519457,3000,12000,132,gpt2_medium_sst2,native_raw,2
cka_held_target,58.73971131120493,7.138246391966227,84.74972711184476,0.1782906667298333,3000,12000,132,gpt2_medium_sst2,native_raw,2
cca_shared_common,45.867347017812804,6.797068604863269,96.27207972560893,0.35792676892702785,3000,12000,132,gpt2_medium_sst2,native_raw,2
cca_shared_held_target,61.61613411638413,8.675238735437668,127.49929026409035,0.19746195923468826,3000,12000,132,gpt2_medium_sst2,native_raw,2
procrustes_shared_common,46.176197289577836,7.978402106996059,102.6456162735328,0.3568279792399836,3000,12000,132,gpt2_medium_sst2,native_raw,2
procrustes_shared_held_target,61.89106319998241,10.059759857943208,127.49929026409035,0.20554426883779878,3000,12000,132,gpt2_medium_sst2,native_raw,2
probe_cosine_common,45.1632377513071,4.557043479449144,110.01308225645728,0.36637802447340606,3000,12000,132,gpt2_medium_sst2,native_raw,2
probe_cosine_held_target,60.69815377841761,7.507255645657746,133.43379964842077,0.2466305310577085,3000,12000,132,gpt2_medium_sst2,native_raw,2
training_geometry,0.23958165030329048,0.008047497227339283,0.3185238048542758,0.9995617078783007,0,12000,132,gpt2_medium_sst2,shared_raw,2
direct_training,0.24096541888349288,0.009229748272280798,0.32484075948727975,0.999582578931715,0,12000,132,gpt2_medium_sst2,shared_raw,2
mean_only,2.6107757224340635,0.06928625776932798,6.268890841644174,0.9650566388212027,0,12000,132,gpt2_medium_sst2,shared_raw,2
variance_only,31.989099987229594,0.23729117446038264,19.57895317991524,0.8572054703030998,0,12000,132,gpt2_medium_sst2,shared_raw,2
direct_calibration,0.19903856016680535,0.008615679046609842,0.245146618577408,0.9995721434050078,3000,12000,132,gpt2_medium_sst2,shared_raw,2
cka_common,42.37369797012206,3.486436441911389,159.71298463935352,0.3989855889114374,3000,12000,132,gpt2_medium_sst2,shared_raw,2
cka_held_target,54.134399505879585,3.8591391081435837,219.64461764208278,0.2508924739148115,3000,12000,132,gpt2_medium_sst2,shared_raw,2
cca_shared_common,43.50814279108581,4.090107108891836,111.8156024854169,0.3949398656596362,3000,12000,132,gpt2_medium_sst2,shared_raw,2
cca_shared_held_target,59.900874545070444,4.625188732254951,179.6961519317304,0.26846012682035175,3000,12000,132,gpt2_medium_sst2,shared_raw,2
procrustes_shared_common,43.69619930057034,4.092454822608438,113.62936688635737,0.39598564680124193,3000,12000,132,gpt2_medium_sst2,shared_raw,2
procrustes_shared_held_target,59.72609178998296,4.699580494049241,186.6795761790857,0.2733320596306086,3000,12000,132,gpt2_medium_sst2,shared_raw,2
probe_cosine_common,48.25582028023636,4.182430225740591,116.5247736578358,0.4173009691801257,3000,12000,132,gpt2_medium_sst2,shared_raw,2
probe_cosine_held_target,57.47901864167104,4.966525814068962,174.09969191966493,0.2654048019832841,3000,12000,132,gpt2_medium_sst2,shared_raw,2
training_geometry,0.07061792324113274,0.0052783969931679935,0.1154851450493571,0.9974589492468157,0,12000,132,gpt2_medium_sst2,shared_center,2
direct_training,0.07158515760126767,0.005795671101197591,0.12277613155223802,0.9978972413685149,0,12000,132,gpt2_medium_sst2,shared_center,2
mean_only,2.2299829735716723,0.06859543584480965,6.425119093064794,,0,12000,132,gpt2_medium_sst2,shared_center,2
variance_only,0.07061792324113281,0.005278396993168007,0.1154851450493567,0.9974589492468157,0,12000,132,gpt2_medium_sst2,shared_center,2
direct_calibration,0.1031063256466333,0.005233926831344531,0.16944716056860196,0.9969580439648739,3000,12000,132,gpt2_medium_sst2,shared_center,2
cka_common,2.309360604069784,0.38317263145052743,6.5933861879780595,0.5019154207527573,3000,12000,132,gpt2_medium_sst2,shared_center,2
cka_held_target,3.2451552090544133,0.4233968135415112,8.811400838851773,0.3922840519418527,3000,12000,132,gpt2_medium_sst2,shared_center,2
cca_shared_common,2.2328751306325083,0.42702157250335576,5.569228873054285,0.5082753603188221,3000,12000,132,gpt2_medium_sst2,shared_center,2
cca_shared_held_target,3.4114809228103677,0.4891305286144143,9.119927437862128,0.40700753921674276,3000,12000,132,gpt2_medium_sst2,shared_center,2
procrustes_shared_common,2.2382723491687373,0.42702157250335576,5.331795544167644,0.5142919715833877,3000,12000,132,gpt2_medium_sst2,shared_center,2
procrustes_shared_held_target,3.323737393843816,0.48913052861441436,9.199724967854767,0.4167271103603373,3000,12000,132,gpt2_medium_sst2,shared_center,2
probe_cosine_common,2.467550426343423,0.4304692073727182,8.689628923182994,0.5389412779961283,3000,12000,132,gpt2_medium_sst2,shared_center,2
probe_cosine_held_target,3.6045057199253985,0.5480752774070269,17.052599959935485,0.418231596691631,3000,12000,132,gpt2_medium_sst2,shared_center,2
training_geometry,0.007127265602889565,0.00368581518314845,0.012551409705347261,0.9986120749479527,0,12000,132,gpt2_medium_sst2,shared_rms,2
direct_training,0.007072048661080299,0.003868413978362021,0.01288628212691008,0.9985964216578921,0,12000,132,gpt2_medium_sst2,shared_rms,2
mean_only,0.2294131824399085,0.13646913665527496,0.47759782326866757,,0,12000,132,gpt2_medium_sst2,shared_rms,2
variance_only,0.007127265602889561,0.0036858151831484984,0.012551409705347212,0.9986120749479527,0,12000,132,gpt2_medium_sst2,shared_rms,2
direct_calibration,0.009316008732786133,0.0047976749611560315,0.015534057894238874,0.9979598545287576,3000,12000,132,gpt2_medium_sst2,shared_rms,2
cka_common,0.12842957410147054,0.06542077467299151,0.30480069501554446,0.7459324957838266,3000,12000,132,gpt2_medium_sst2,shared_rms,2
cka_held_target,0.16239726468176657,0.07472876012405438,0.42686510332103933,0.6252991712684773,3000,12000,132,gpt2_medium_sst2,shared_rms,2
cca_shared_common,0.12071597773122546,0.06435878259917278,0.29560050213924854,0.7683966110308417,3000,12000,132,gpt2_medium_sst2,shared_rms,2
cca_shared_held_target,0.16585164606980532,0.07483053544499779,0.3947345799582048,0.67794401786411,3000,12000,132,gpt2_medium_sst2,shared_rms,2
procrustes_shared_common,0.12030756507983265,0.063120172230387,0.29560050213924854,0.7709402463453714,3000,12000,132,gpt2_medium_sst2,shared_rms,2
procrustes_shared_held_target,0.16555023091919618,0.07314995128960795,0.39675688443502266,0.6737319575079956,3000,12000,132,gpt2_medium_sst2,shared_rms,2
probe_cosine_common,0.12008731105440844,0.0592722229311928,0.2736852306306714,0.7794758562154221,3000,12000,132,gpt2_medium_sst2,shared_rms,2
probe_cosine_held_target,0.16745155243194676,0.06795056306718336,0.4590184224986962,0.6818411678182122,3000,12000,132,gpt2_medium_sst2,shared_rms,2
training_geometry,0.006212509835945136,0.00317876361974525,0.008580406662211444,0.9868303652956122,0,12000,132,gpt2_allocine,native_raw,0
direct_training,0.009935235688283089,0.007844811611643963,0.013676403123446878,0.9669559046818988,0,12000,132,gpt2_allocine,native_raw,0
mean_only,0.09135317162546736,0.011606147637014489,0.17348697111943007,0.8245214006563945,0,12000,132,gpt2_allocine,native_raw,0
variance_only,0.38860781092997115,0.007062282353296615,0.2926146265329745,0.8720239182272126,0,12000,132,gpt2_allocine,native_raw,0
direct_calibration,0.009355157711800038,0.002130748902908315,0.016684631215215802,0.9865851304179949,3000,12000,132,gpt2_allocine,native_raw,0
cka_common,0.4852882627832499,0.037971366655015965,1.252814449337348,0.44102380355008847,3000,12000,132,gpt2_allocine,native_raw,0
cka_held_target,0.7171457752297317,0.042652105756628714,2.2086846461435714,0.3049462241989746,3000,12000,132,gpt2_allocine,native_raw,0
cca_shared_common,0.5754081569543746,0.08507051184851103,0.9865172164411891,0.4906179929347361,3000,12000,132,gpt2_allocine,native_raw,0
cca_shared_held_target,0.7377937782954764,0.0924971354104842,1.8754316450091126,0.34938096355052156,3000,12000,132,gpt2_allocine,native_raw,0
procrustes_shared_common,0.5741128563403062,0.07803019100855094,0.9865172164411891,0.48521727929285446,3000,12000,132,gpt2_allocine,native_raw,0
procrustes_shared_held_target,0.7371389504763978,0.08816828404142951,1.8499014022434592,0.3110755703393553,3000,12000,132,gpt2_allocine,native_raw,0
probe_cosine_common,0.6415781740309625,0.14241352401012386,1.9852219109748555,0.4849784151374889,3000,12000,132,gpt2_allocine,native_raw,0
probe_cosine_held_target,0.7898258715894321,0.1558449708450919,2.421221075006123,0.3003217262745403,3000,12000,132,gpt2_allocine,native_raw,0
training_geometry,0.0019468164680478599,0.0009092790735958431,0.004448909688034581,0.9931386411900673,0,12000,132,gpt2_allocine,shared_raw,0
direct_training,0.002215794725742476,0.0013194170278456128,0.003937662630460888,0.9880200153402242,0,12000,132,gpt2_allocine,shared_raw,0
mean_only,0.023396377569716683,0.002928493099942695,0.03900023206643091,0.9127746500185231,0,12000,132,gpt2_allocine,shared_raw,0
variance_only,0.08468844244192737,0.008217174285858863,0.11312098166709837,0.7815531194398208,0,12000,132,gpt2_allocine,shared_raw,0
direct_calibration,0.002231149562119535,0.0009259292771203048,0.0040559031677551375,0.9921837904963657,3000,12000,132,gpt2_allocine,shared_raw,0
cka_common,0.11209288673697787,0.015513734936787801,0.1642644662429932,0.5551613523537788,3000,12000,132,gpt2_allocine,shared_raw,0
cka_held_target,0.14889354350028963,0.015111708189243131,0.19732463015752313,0.4373982453379742,3000,12000,132,gpt2_allocine,shared_raw,0
cca_shared_common,0.11601490472216132,0.012048019330314831,0.16123941717252716,0.5650800002160761,3000,12000,132,gpt2_allocine,shared_raw,0
cca_shared_held_target,0.15116521771272146,0.015077698563292977,0.1917272329704868,0.45355458756895034,3000,12000,132,gpt2_allocine,shared_raw,0
procrustes_shared_common,0.11572859449104504,0.012257874947826186,0.16123941717252716,0.5704243058324858,3000,12000,132,gpt2_allocine,shared_raw,0
procrustes_shared_held_target,0.1504677094849063,0.015234355130410054,0.1917272329704868,0.4542483722248852,3000,12000,132,gpt2_allocine,shared_raw,0
probe_cosine_common,0.11053596642270924,0.01562846483494704,0.15689318710434455,0.5597566186454888,3000,12000,132,gpt2_allocine,shared_raw,0
probe_cosine_held_target,0.1485724278138038,0.01673871399549063,0.20667944106453387,0.4536357117084575,3000,12000,132,gpt2_allocine,shared_raw,0
training_geometry,0.0014385095759266349,0.0005906520467095268,0.0026687900538265473,0.9711405508914547,0,12000,132,gpt2_allocine,shared_center,0
direct_training,0.0019312023582746722,0.0012034848588325753,0.0034221595817908548,0.9612685426265176,0,12000,132,gpt2_allocine,shared_center,0
mean_only,0.02618089041829269,0.0028293537673613027,0.04358724008167677,,0,12000,132,gpt2_allocine,shared_center,0
variance_only,0.0014385095759266349,0.0005906520467095233,0.0026687900538265473,0.9711405508914547,0,12000,132,gpt2_allocine,shared_center,0
direct_calibration,0.0024806053934260186,0.0014354024958943283,0.005358692514009564,0.9053549905297592,3000,12000,132,gpt2_allocine,shared_center,0
cka_common,0.025757522552679057,0.006084738594730176,0.05178526758676506,0.7054905639099811,3000,12000,132,gpt2_allocine,shared_center,0
cka_held_target,0.03881083877242643,0.0070078761228934885,0.06259854803872064,0.5809272080318224,3000,12000,132,gpt2_allocine,shared_center,0
cca_shared_common,0.02486124995256464,0.005543010185384987,0.048866336905120274,0.6074752804523275,3000,12000,132,gpt2_allocine,shared_center,0
cca_shared_held_target,0.036417916162823874,0.006448279100393257,0.06676321933379774,0.4866707369953765,3000,12000,132,gpt2_allocine,shared_center,0
procrustes_shared_common,0.024835636312357957,0.005097387378388395,0.048866336905120274,0.6144539922276989,3000,12000,132,gpt2_allocine,shared_center,0
procrustes_shared_held_target,0.03630133137550601,0.005830157305078882,0.06762358601965932,0.48985752313443987,3000,12000,132,gpt2_allocine,shared_center,0
probe_cosine_common,0.02477461083271232,0.006348103561383687,0.04926032592242115,0.627290961761668,3000,12000,132,gpt2_allocine,shared_center,0
probe_cosine_held_target,0.03706832694987192,0.007446553576323996,0.05937090038451049,0.5042396323733622,3000,12000,132,gpt2_allocine,shared_center,0
training_geometry,0.0013251302146497178,0.0009610782456687269,0.002779476293823974,0.9131816355601008,0,12000,132,gpt2_allocine,shared_rms,0
direct_training,0.0016043760288734982,0.0011373488318772744,0.0035302772372214535,0.9045410194466038,0,12000,132,gpt2_allocine,shared_rms,0
mean_only,0.007100030734795665,0.002795700918019635,0.014189839029133575,,0,12000,132,gpt2_allocine,shared_rms,0
variance_only,0.001325130214649718,0.0009610782456687269,0.002779476293823973,0.9131816355601008,0,12000,132,gpt2_allocine,shared_rms,0
direct_calibration,0.001123976879958077,0.0009347581078357979,0.0023410461340374884,0.9071238123066165,3000,12000,132,gpt2_allocine,shared_rms,0
cka_common,0.003948549123968706,0.0009805822669208789,0.014960594249149025,0.9008133742747885,3000,12000,132,gpt2_allocine,shared_rms,0
cka_held_target,0.005780717584524595,0.0010196909300019105,0.024570893193261487,0.8841545027708593,3000,12000,132,gpt2_allocine,shared_rms,0
cca_shared_common,0.0047295735204837,0.0014264551903691697,0.014671644699234971,0.8386540041940337,3000,12000,132,gpt2_allocine,shared_rms,0
cca_shared_held_target,0.005874117596521416,0.0014864439195378535,0.017692717565062216,0.8047118686606707,3000,12000,132,gpt2_allocine,shared_rms,0
procrustes_shared_common,0.004759310551972539,0.0016027185837067534,0.014671644699234971,0.8312872406092865,3000,12000,132,gpt2_allocine,shared_rms,0
procrustes_shared_held_target,0.00589493276062565,0.0016930941372219,0.017692717565062216,0.7947036469771557,3000,12000,132,gpt2_allocine,shared_rms,0
probe_cosine_common,0.0052549310410458135,0.0019301001110398994,0.016639669499512188,0.761532054868542,3000,12000,132,gpt2_allocine,shared_rms,0
probe_cosine_held_target,0.0062211167985655605,0.0020827553250060025,0.020261144927780042,0.7052917900193915,3000,12000,132,gpt2_allocine,shared_rms,0
training_geometry,0.0015942398606401567,0.0010765081205393427,0.0038258891711928744,0.987070382409876,0,12000,132,gpt2_allocine,shared_unit,0
direct_training,0.0020459870749973386,0.0008804989967996944,0.00428143257454717,0.9812212696905342,0,12000,132,gpt2_allocine,shared_unit,0
mean_only,0.008841210982795496,0.0028708113674019856,0.01714050094277498,0.7698183696576625,0,12000,132,gpt2_allocine,shared_unit,0
variance_only,0.008142650513271269,0.005024228878036045,0.02012814258731971,0.7586158317375672,0,12000,132,gpt2_allocine,shared_unit,0
direct_calibration,0.0013114816561058291,0.0006839635815267548,0.0032780199466299494,0.9896479575065351,3000,12000,132,gpt2_allocine,shared_unit,0
cka_common,0.010802166447085731,0.005642354663251836,0.030674057057820017,0.7413709245156382,3000,12000,132,gpt2_allocine,shared_unit,0
cka_held_target,0.012660769447696662,0.006434195513850641,0.038179102525181405,0.6714559860871588,3000,12000,132,gpt2_allocine,shared_unit,0
cca_shared_common,0.011419910135396914,0.0065861417634470384,0.03214394074359542,0.7074120422045044,3000,12000,132,gpt2_allocine,shared_unit,0
cca_shared_held_target,0.013684564947504517,0.007490275003394607,0.044281561612329746,0.6074126660246105,3000,12000,132,gpt2_allocine,shared_unit,0
procrustes_shared_common,0.011595270871928168,0.006317246579446307,0.030812794668879335,0.7009654570261826,3000,12000,132,gpt2_allocine,shared_unit,0
procrustes_shared_held_target,0.01367324149640901,0.007378692031033345,0.039760806538584555,0.5878218408374546,3000,12000,132,gpt2_allocine,shared_unit,0
probe_cosine_common,0.011991188589014526,0.007379480024245771,0.025823207812196408,0.706903572938709,3000,12000,132,gpt2_allocine,shared_unit,0
probe_cosine_held_target,0.01323609382631488,0.008470885141165781,0.031220505518776184,0.603517179273486,3000,12000,132,gpt2_allocine,shared_unit,0
training_geometry,0.0015328574493700506,0.0008527274119523552,0.003612036920506389,0.9932377786937849,0,12000,132,gpt2_allocine,shared_clip100,0
direct_training,0.001964206202598306,0.0012624021876609145,0.004504697334958935,0.9885991870724692,0,12000,132,gpt2_allocine,shared_clip100,0
mean_only,0.008057909771675488,0.002659056156636662,0.020480367271060753,0.7923538895816918,0,12000,132,gpt2_allocine,shared_clip100,0
variance_only,0.019394300875401956,0.007753711449897503,0.05474542122229376,0.7854507886649307,0,12000,132,gpt2_allocine,shared_clip100,0
direct_calibration,0.0014792098725567944,0.0007656782630344606,0.0037866768485392416,0.9917976760082021,3000,12000,132,gpt2_allocine,shared_clip100,0
cka_common,0.018428762279677872,0.010035484898179698,0.03878182237890394,0.6456758350977184,3000,12000,132,gpt2_allocine,shared_clip100,0
cka_held_target,0.020196988448992936,0.01130270247094723,0.04621461720060245,0.5367153400226837,3000,12000,132,gpt2_allocine,shared_clip100,0
cca_shared_common,0.018512631202279948,0.010509962441912768,0.038420212616077226,0.6812957034581345,3000,12000,132,gpt2_allocine,shared_clip100,0
cca_shared_held_target,0.020717496755308876,0.012373568420874111,0.04548642357751789,0.5682470317442264,3000,12000,132,gpt2_allocine,shared_clip100,0
procrustes_shared_common,0.0185278953233719,0.010509962441912768,0.03842184512944864,0.6766834891346206,3000,12000,132,gpt2_allocine,shared_clip100,0
procrustes_shared_held_target,0.020858783494188467,0.011978552963477971,0.046246462205280094,0.5675911610484692,3000,12000,132,gpt2_allocine,shared_clip100,0
probe_cosine_common,0.01856182506054945,0.011529912189074131,0.04000966417120662,0.6750634310874868,3000,12000,132,gpt2_allocine,shared_clip100,0
probe_cosine_held_target,0.02083126019948722,0.013932768488597284,0.04672274002075343,0.5571484473611426,3000,12000,132,gpt2_allocine,shared_clip100,0
training_geometry,0.00121931780904155,0.0007309366822012622,0.0029593425671870814,0.9915785299473526,0,12000,132,gpt2_allocine,shared_clip300,0
direct_training,0.0015097317448872077,0.001230816622016046,0.002864893951233929,0.987070382409876,0,12000,132,gpt2_allocine,shared_clip300,0
mean_only,0.012398138200152353,0.002785794674247796,0.03294616911029446,0.897731838270207,0,12000,132,gpt2_allocine,shared_clip300,0
variance_only,0.03696456804995642,0.00855105947675669,0.0743495676959602,0.8008953681914709,0,12000,132,gpt2_allocine,shared_clip300,0
direct_calibration,0.0014435793516800655,0.0007441245437101868,0.0033132536205061555,0.991954208908809,3000,12000,132,gpt2_allocine,shared_clip300,0
cka_common,0.04859264711804247,0.014914177037209752,0.09362018833951159,0.6249980200420198,3000,12000,132,gpt2_allocine,shared_clip300,0
cka_held_target,0.056988080098778045,0.016653173954387937,0.10902508243538499,0.5254346612246976,3000,12000,132,gpt2_allocine,shared_clip300,0
cca_shared_common,0.045211395743443836,0.013750603958986987,0.10461919767015657,0.6770181756670187,3000,12000,132,gpt2_allocine,shared_clip300,0
cca_shared_held_target,0.054184463092835505,0.016092063773077987,0.12068224720039622,0.5848483863864893,3000,12000,132,gpt2_allocine,shared_clip300,0
procrustes_shared_common,0.045264176011865956,0.013750603958986987,0.10436916268662766,0.6731283722823973,3000,12000,132,gpt2_allocine,shared_clip300,0
procrustes_shared_held_target,0.05425438198904262,0.015086190093374623,0.12052976690559927,0.5864582605321176,3000,12000,132,gpt2_allocine,shared_clip300,0
probe_cosine_common,0.04441545868951978,0.011744251293094744,0.10222184707878078,0.6546711758283031,3000,12000,132,gpt2_allocine,shared_clip300,0
probe_cosine_held_target,0.05315788325253199,0.013489793810359753,0.12868208140300258,0.5703297766690164,3000,12000,132,gpt2_allocine,shared_clip300,0
training_geometry,0.0019044173911996803,0.001428247828359899,0.0040865587178841,0.9676133428644477,0,12000,132,gpt2_allocine,separate_naive,0
direct_training,0.0036434154822716277,0.0031778216075319943,0.006596133468991005,0.9698048034729431,0,12000,132,gpt2_allocine,separate_naive,0
mean_only,0.011646219805292481,0.007481333483173385,0.024044840661452207,,0,12000,132,gpt2_allocine,separate_naive,0
variance_only,0.0019044173911996803,0.0014282478283598973,0.0040865587178841,0.9676133428644477,0,12000,132,gpt2_allocine,separate_naive,0
direct_calibration,0.0017975842138068087,0.0013806802296247064,0.003822112326497864,0.9623329663506439,3000,12000,132,gpt2_allocine,separate_naive,0
cka_common,0.00658614799290349,0.004201435396807828,0.016920941914805785,0.31386740989803014,3000,12000,132,gpt2_allocine,separate_naive,0
cka_held_target,0.009175188478129986,0.0046586793152401315,0.022245004709792748,0.008307799153159764,3000,12000,132,gpt2_allocine,separate_naive,0
cca_shared_common,0.006941142002446402,0.004185059445234053,0.016775833119485002,0.20315451303580528,3000,12000,132,gpt2_allocine,separate_naive,0
cca_shared_held_target,0.008996527326395089,0.004846885200348637,0.022601041280666003,-0.09303588408937426,3000,12000,132,gpt2_allocine,separate_naive,0
procrustes_shared_common,0.0069482842181120665,0.00445109203519869,0.016819511841062864,0.1744563170624601,3000,12000,132,gpt2_allocine,separate_naive,0
procrustes_shared_held_target,0.009048954053353675,0.005155799781456839,0.022586123025149233,-0.15634009861959436,3000,12000,132,gpt2_allocine,separate_naive,0
probe_cosine_common,0.007673306240845143,0.005372480122085158,0.012173577224291576,0.1274806196962143,3000,12000,132,gpt2_allocine,separate_naive,0
probe_cosine_held_target,0.008601027097898265,0.00624568209741306,0.014453686903896678,-0.48487852443867446,3000,12000,132,gpt2_allocine,separate_naive,0
training_geometry,0.0009226825295738545,0.0006585209077620763,0.001841957457890026,0.9081569294506217,0,12000,132,gpt2_allocine,separate_lift,0
direct_training,0.0011193292827626135,0.0007398635064850305,0.002541092997422226,0.9463196506185657,0,12000,132,gpt2_allocine,separate_lift,0
mean_only,0.0030174217505044183,0.0013120839163892717,0.005462563509656769,0.808012397405728,0,12000,132,gpt2_allocine,separate_lift,0
variance_only,0.012495248000286523,0.000923520332391118,0.01008765903722082,0.6067476115688247,0,12000,132,gpt2_allocine,separate_lift,0
direct_calibration,0.0011208206326592453,0.0006211289908899028,0.0026273507724349364,0.9344388034625075,3000,12000,132,gpt2_allocine,separate_lift,0
cka_common,0.01363048842835719,0.0017624093848847503,0.07859408604796073,0.62824177185692,3000,12000,132,gpt2_allocine,separate_lift,0
cka_held_target,0.02001725361993405,0.0018654285444984877,0.08581886412344078,0.4762876863460876,3000,12000,132,gpt2_allocine,separate_lift,0
cca_shared_common,0.017472413171968754,0.005754490988600763,0.05610640627410144,0.622917991418992,3000,12000,132,gpt2_allocine,separate_lift,0
cca_shared_held_target,0.022158863731144902,0.006538346548145679,0.07795637642341825,0.42586461509394974,3000,12000,132,gpt2_allocine,separate_lift,0
procrustes_shared_common,0.017526616834175224,0.006723011277034112,0.05610640627410144,0.6229827741893522,3000,12000,132,gpt2_allocine,separate_lift,0
procrustes_shared_held_target,0.02223761580701676,0.007338503733963522,0.07794044401326825,0.4274364872637696,3000,12000,132,gpt2_allocine,separate_lift,0
probe_cosine_common,0.021960458656185178,0.012763595628983368,0.03040978335727544,-0.09561539173015207,3000,12000,132,gpt2_allocine,separate_lift,0
probe_cosine_held_target,0.0244007078418572,0.013919711685190416,0.03601079946332084,-0.45470191601715554,3000,12000,132,gpt2_allocine,separate_lift,0
training_geometry,0.015463819654064558,0.005168987421404165,0.019278882817644442,0.9692830271375871,0,12000,132,gpt2_allocine,native_raw,1
direct_training,0.01895606537928112,0.00974350102649037,0.023374876149293067,0.9515687205522478,0,12000,132,gpt2_allocine,native_raw,1
mean_only,0.09126005657896613,0.008382860639222493,0.24381451195994921,0.6545266705973816,0,12000,132,gpt2_allocine,native_raw,1
variance_only,0.4939507582878735,0.004525660118024249,0.1405750243993485,0.9093257084418191,0,12000,132,gpt2_allocine,native_raw,1
direct_calibration,0.013845981595351445,0.003638882623050819,0.02876607278561459,0.990613243726944,3000,12000,132,gpt2_allocine,native_raw,1
cka_common,0.5810101371241297,0.03748801198431424,2.74349837634442,0.49314502264819615,3000,12000,132,gpt2_allocine,native_raw,1
cka_held_target,0.9110868990880743,0.04456064161380785,4.1051893371236305,0.3647659260831258,3000,12000,132,gpt2_allocine,native_raw,1
cca_shared_common,0.8373830308907223,0.3038918408959022,2.4792878869186388,0.4802250410000948,3000,12000,132,gpt2_allocine,native_raw,1
cca_shared_held_target,1.0197995037566214,0.34443810070136344,3.110585025902885,0.25391623868470803,3000,12000,132,gpt2_allocine,native_raw,1
procrustes_shared_common,0.8372682909360867,0.2910265371901458,2.4792878869186388,0.48658245242279324,3000,12000,132,gpt2_allocine,native_raw,1
procrustes_shared_held_target,1.0203271659779982,0.3139599245835697,3.110585025902885,0.2687609269037438,3000,12000,132,gpt2_allocine,native_raw,1
probe_cosine_common,0.907441411778216,0.3715443026355989,1.913864117628009,0.47836903604647046,3000,12000,132,gpt2_allocine,native_raw,1
probe_cosine_held_target,1.0653135369159223,0.40290605295163484,2.494048663319609,0.19803078382354217,3000,12000,132,gpt2_allocine,native_raw,1
training_geometry,0.005962404446897718,0.003127319997914919,0.010160372744851615,0.965385357912477,0,12000,132,gpt2_allocine,shared_raw,1
direct_training,0.006684130847473283,0.0036533204669478366,0.01115875458634806,0.9458343986266846,0,12000,132,gpt2_allocine,shared_raw,1
mean_only,0.030804881524923167,0.0028860604009166226,0.05317571013187869,0.8830386166665796,0,12000,132,gpt2_allocine,shared_raw,1
variance_only,0.1965694293195971,0.004542547040567371,0.10391650649158354,0.8775025697484514,0,12000,132,gpt2_allocine,shared_raw,1
direct_calibration,0.003763199419955675,0.0020521398335092912,0.006441057432684559,0.974725154315351,3000,12000,132,gpt2_allocine,shared_raw,1
cka_common,0.2304074871347856,0.013761817476699544,0.8986964449807892,0.5811723040483968,3000,12000,132,gpt2_allocine,shared_raw,1
cka_held_target,0.35405042765457945,0.016897393801548144,1.3314259461652476,0.4527501983012697,3000,12000,132,gpt2_allocine,shared_raw,1
cca_shared_common,0.3049403409729434,0.07090512952038311,0.8060644430313167,0.5070889504050226,3000,12000,132,gpt2_allocine,shared_raw,1
cca_shared_held_target,0.38099797951019637,0.08030713518344959,1.38423132672449,0.2874351969852647,3000,12000,132,gpt2_allocine,shared_raw,1
procrustes_shared_common,0.3061024010347071,0.0700593407500214,0.7974569498334171,0.51627130971169,3000,12000,132,gpt2_allocine,shared_raw,1
procrustes_shared_held_target,0.3817488190799063,0.0753100169061298,1.384122117997581,0.301639961406918,3000,12000,132,gpt2_allocine,shared_raw,1
probe_cosine_common,0.2563029296570734,0.02485789032780565,0.8386777160784068,0.5378621054977136,3000,12000,132,gpt2_allocine,shared_raw,1
probe_cosine_held_target,0.3570678458688908,0.026678008477326567,1.5909410419219943,0.3481581917986812,3000,12000,132,gpt2_allocine,shared_raw,1
training_geometry,0.003251093325676325,0.001457883326947158,0.006729365083122065,0.9022399858076835,0,12000,132,gpt2_allocine,shared_center,1
direct_training,0.003981590993944739,0.002385632508743882,0.007412961731312895,0.8283199323777868,0,12000,132,gpt2_allocine,shared_center,1
mean_only,0.03537790169338987,0.002913788126591912,0.05608597468199359,,0,12000,132,gpt2_allocine,shared_center,1
variance_only,0.0032510933256763245,0.001457883326947158,0.006729365083122068,0.9022399858076835,0,12000,132,gpt2_allocine,shared_center,1
direct_calibration,0.0035352025509479616,0.0008799432042006994,0.009839171892687982,0.9732746161030611,3000,12000,132,gpt2_allocine,shared_center,1
cka_common,0.03472503412771466,0.006084595702331139,0.09538150389139007,0.4954466790748429,3000,12000,132,gpt2_allocine,shared_center,1
cka_held_target,0.054856177170631425,0.006980925632204435,0.16196724756320216,0.37503621873129406,3000,12000,132,gpt2_allocine,shared_center,1
cca_shared_common,0.0355032192056112,0.005094611455732819,0.10016750855980704,0.37368098353973905,3000,12000,132,gpt2_allocine,shared_center,1
cca_shared_held_target,0.050181459769509114,0.0057371038095471085,0.11421450847870238,0.2321991165615435,3000,12000,132,gpt2_allocine,shared_center,1
procrustes_shared_common,0.03537929850900303,0.004155660497519944,0.09355855173598163,0.3789562900676013,3000,12000,132,gpt2_allocine,shared_center,1
procrustes_shared_held_target,0.049897251806408006,0.004601901392174375,0.11055090282252425,0.2421593001181407,3000,12000,132,gpt2_allocine,shared_center,1
probe_cosine_common,0.034296214720452495,0.0053323664028215294,0.10867817295901687,0.44531505582871267,3000,12000,132,gpt2_allocine,shared_center,1
probe_cosine_held_target,0.051479560711053265,0.0059778136698736975,0.1830552945535843,0.3092143592143883,3000,12000,132,gpt2_allocine,shared_center,1
training_geometry,0.00193794063435225,0.0009771709006455168,0.003793835167551582,0.8896443050721875,0,12000,132,gpt2_allocine,shared_rms,1
direct_training,0.0022242254001252305,0.0011502613249179386,0.004986344050696709,0.8685019279635591,0,12000,132,gpt2_allocine,shared_rms,1
mean_only,0.007757822784271424,0.00261684144990714,0.014614984159010634,,0,12000,132,gpt2_allocine,shared_rms,1
variance_only,0.00193794063435225,0.0009771709006455168,0.003793835167551582,0.8896443050721875,0,12000,132,gpt2_allocine,shared_rms,1
direct_calibration,0.0022744041365653305,0.0014735145683584237,0.006531509482965931,0.8543722248021163,3000,12000,132,gpt2_allocine,shared_rms,1
cka_common,0.004317635801314332,0.0012735718708099066,0.014286094283586218,0.842087570738773,3000,12000,132,gpt2_allocine,shared_rms,1
cka_held_target,0.006167391028879961,0.0014151322042336644,0.019059525389214495,0.8006595737346182,3000,12000,132,gpt2_allocine,shared_rms,1
cca_shared_common,0.005858612738703659,0.0020452237610152045,0.021235789016095696,0.7773752673650306,3000,12000,132,gpt2_allocine,shared_rms,1
cca_shared_held_target,0.0072906269861329545,0.0021495050321505677,0.0260445237263342,0.716755965016864,3000,12000,132,gpt2_allocine,shared_rms,1
procrustes_shared_common,0.006169031029784014,0.002399217846949424,0.02120197864372302,0.7728858653032309,3000,12000,132,gpt2_allocine,shared_rms,1
procrustes_shared_held_target,0.007522213210350405,0.002312433724121884,0.027698851989728938,0.7131733017127027,3000,12000,132,gpt2_allocine,shared_rms,1
probe_cosine_common,0.005330736680487753,0.0015730206481315717,0.019084359392190463,0.780544356017124,3000,12000,132,gpt2_allocine,shared_rms,1
probe_cosine_held_target,0.007150694308442258,0.0019129494315246534,0.022483326446865952,0.7306959778050253,3000,12000,132,gpt2_allocine,shared_rms,1
training_geometry,0.010730953758716816,0.0021531741794140694,0.008457987004427755,0.9551846305562657,0,12000,132,gpt2_allocine,native_raw,2
direct_training,0.013864974120489714,0.006830977461147631,0.013767712135995832,0.8953734092343975,0,12000,132,gpt2_allocine,native_raw,2
mean_only,0.09510409719134139,0.011849951239248747,0.18620287594506738,0.7652945688301251,0,12000,132,gpt2_allocine,native_raw,2
variance_only,0.36805997020234127,0.0028885655759355745,0.08067046760810147,0.9096179031896187,0,12000,132,gpt2_allocine,native_raw,2
direct_calibration,0.00990859858541502,0.0025199918703901715,0.007281096867240499,0.96223904661028,3000,12000,132,gpt2_allocine,native_raw,2
cka_common,0.4483834189010049,0.033860347618839125,0.8809171144204303,0.4426441700312073,3000,12000,132,gpt2_allocine,native_raw,2
cka_held_target,0.7143418206272433,0.03757796013747241,1.5720810195497137,0.315197120415653,3000,12000,132,gpt2_allocine,native_raw,2
cca_shared_common,0.5439691085363428,0.03091700835031849,1.4331952066145677,0.4688773485330547,3000,12000,132,gpt2_allocine,native_raw,2
cca_shared_held_target,0.7310613928708977,0.03609028090179858,1.6725766830436244,0.3341812713598447,3000,12000,132,gpt2_allocine,native_raw,2
procrustes_shared_common,0.5439258230265613,0.031187816964375566,1.4331952066145677,0.46741809945908425,3000,12000,132,gpt2_allocine,native_raw,2
procrustes_shared_held_target,0.7312607236400172,0.03911155295018814,1.6725766830436244,0.3251209940045627,3000,12000,132,gpt2_allocine,native_raw,2
probe_cosine_common,0.6068187038869245,0.06931468761613532,1.7110441719147642,0.4540928540435438,3000,12000,132,gpt2_allocine,native_raw,2
probe_cosine_held_target,0.7637033499823689,0.07393968689853793,2.0329462122814914,0.31039709944095,3000,12000,132,gpt2_allocine,native_raw,2
training_geometry,0.004017884528909369,0.0010806384236488288,0.004729595881780278,0.9903627910859728,0,12000,132,gpt2_allocine,shared_raw,2
direct_training,0.004049031453840249,0.0009621692390836783,0.00459268830264981,0.9897731838270206,0,12000,132,gpt2_allocine,shared_raw,2
mean_only,0.02540696500510716,0.0029486533180175687,0.04512015152812087,0.8917574992303797,0,12000,132,gpt2_allocine,shared_raw,2
variance_only,0.10421828829671467,0.00425945374299652,0.12836498849219438,0.8521024977433171,0,12000,132,gpt2_allocine,shared_raw,2
direct_calibration,0.005170841428391332,0.0020051717806398514,0.008055527508522066,0.9632043328306886,3000,12000,132,gpt2_allocine,shared_raw,2
cka_common,0.13926903488774353,0.01046544529714807,0.2229723879929935,0.625954762004669,3000,12000,132,gpt2_allocine,shared_raw,2
cka_held_target,0.1826359501328386,0.014884818946026432,0.29748301623066464,0.522506012162012,3000,12000,132,gpt2_allocine,shared_raw,2
cca_shared_common,0.14295479097165306,0.01075629028778885,0.2654284522752238,0.5938246950325833,3000,12000,132,gpt2_allocine,shared_raw,2
cca_shared_held_target,0.18164407096557944,0.013296616526708062,0.31891841659321546,0.4851976995685438,3000,12000,132,gpt2_allocine,shared_raw,2
procrustes_shared_common,0.14342974804429248,0.011460088901385137,0.2654284522752238,0.5940158372518974,3000,12000,132,gpt2_allocine,shared_raw,2
procrustes_shared_held_target,0.1819986275901979,0.013296616526708062,0.31891841659321546,0.48561704409583845,3000,12000,132,gpt2_allocine,shared_raw,2
probe_cosine_common,0.14074477464915214,0.010325949920021437,0.3114762877157682,0.6209394212404007,3000,12000,132,gpt2_allocine,shared_raw,2
probe_cosine_held_target,0.18269853355645654,0.013119449441257779,0.3737773083565735,0.5304999472416129,3000,12000,132,gpt2_allocine,shared_raw,2
training_geometry,0.0012234021045966043,0.0006323831266666754,0.0027574814245387965,0.977600141923163,0,12000,132,gpt2_allocine,shared_center,2
direct_training,0.0018457460222009552,0.0015836240619399235,0.003051667441734622,0.9376790345050691,0,12000,132,gpt2_allocine,shared_center,2
mean_only,0.026020787323259107,0.002651448785403344,0.049210045596709676,,0,12000,132,gpt2_allocine,shared_center,2
variance_only,0.0012234021045966046,0.0006323831266666754,0.0027574814245387965,0.977600141923163,0,12000,132,gpt2_allocine,shared_center,2
direct_calibration,0.0034934434669931834,0.0010259515874083253,0.009141689338453168,0.9425628610040019,3000,12000,132,gpt2_allocine,shared_center,2
cka_common,0.024887117197383974,0.006419463411526228,0.056081385954606294,0.6832137093871645,3000,12000,132,gpt2_allocine,shared_center,2
cka_held_target,0.03470515544234054,0.007268587365356297,0.07135988702271381,0.5665353378367979,3000,12000,132,gpt2_allocine,shared_center,2
cca_shared_common,0.02439031212356984,0.005140432641374917,0.06079028137384906,0.5870885058784782,3000,12000,132,gpt2_allocine,shared_center,2
cca_shared_held_target,0.03268400700097067,0.00641973291510076,0.0737089569110486,0.47948770483980335,3000,12000,132,gpt2_allocine,shared_center,2
procrustes_shared_common,0.024487897550717567,0.005501081594882458,0.06042333380371987,0.5854437609736011,3000,12000,132,gpt2_allocine,shared_center,2
procrustes_shared_held_target,0.03268799956934992,0.006243127190626221,0.0737089569110486,0.47722449146581086,3000,12000,132,gpt2_allocine,shared_center,2
probe_cosine_common,0.02421752932656479,0.005538747808103064,0.07262697296455486,0.6208577444784877,3000,12000,132,gpt2_allocine,shared_center,2
probe_cosine_held_target,0.03434168589478935,0.005891969019391037,0.0823169963064526,0.5117604869651771,3000,12000,132,gpt2_allocine,shared_center,2
training_geometry,0.0007602336939493671,0.000488908676844404,0.0018520131826964023,0.9675402941774979,0,12000,132,gpt2_allocine,shared_rms,2
direct_training,0.0009980384741365607,0.0005788839361873436,0.002639932346425423,0.9645087736690787,0,12000,132,gpt2_allocine,shared_rms,2
mean_only,0.007477462256623829,0.003167872709957143,0.016624820689600504,,0,12000,132,gpt2_allocine,shared_rms,2
variance_only,0.0007602336939493672,0.0004889086768444044,0.0018520131826964016,0.9675402941774979,0,12000,132,gpt2_allocine,shared_rms,2
direct_calibration,0.0013476377957089536,0.0010041082404269675,0.0031842470238246604,0.9237841306945364,3000,12000,132,gpt2_allocine,shared_rms,2
cka_common,0.003640983935794941,0.0007983006587943948,0.014627650887383953,0.9321833225900488,3000,12000,132,gpt2_allocine,shared_rms,2
cka_held_target,0.0059132605678385046,0.0006860555250863829,0.0274140326864001,0.9066768603896743,3000,12000,132,gpt2_allocine,shared_rms,2
cca_shared_common,0.00417495707644721,0.0009049553799927968,0.013790598391893932,0.8937481350562667,3000,12000,132,gpt2_allocine,shared_rms,2
cca_shared_held_target,0.005644280098120288,0.0011468234926903143,0.01921242803750782,0.8505699459328234,3000,12000,132,gpt2_allocine,shared_rms,2
procrustes_shared_common,0.004284242811225904,0.0010901459219026578,0.013804378513184038,0.8871568612418409,3000,12000,132,gpt2_allocine,shared_rms,2
procrustes_shared_held_target,0.00573080546897462,0.0012411908356701417,0.01921242803750782,0.842131217639563,3000,12000,132,gpt2_allocine,shared_rms,2
probe_cosine_common,0.004769670677980305,0.0013576290401599222,0.01578668835858979,0.856057980401251,3000,12000,132,gpt2_allocine,shared_rms,2
probe_cosine_held_target,0.005921825106330608,0.001399839673251751,0.018748462608487823,0.7985295253200191,3000,12000,132,gpt2_allocine,shared_rms,2
training_geometry,0.006295122533553827,0.00023450388770561654,0.0030791561669651487,0.9990242782528839,0,12000,132,gpt2_nll,native_raw,0
direct_training,0.006333420125907377,0.00026780451533568814,0.003111336147514505,0.999212117733612,0,12000,132,gpt2_nll,native_raw,0
mean_only,0.07043103742200864,0.01589139838324171,0.16346412786147002,0.6102852551225391,0,12000,132,gpt2_nll,native_raw,0
variance_only,0.5173827976116487,0.004207784046657113,0.05938121155307738,0.9640339572039047,0,12000,132,gpt2_nll,native_raw,0
direct_calibration,0.0013668398098219757,0.0005447426261661189,0.001899990962570289,0.9990190604895304,3000,12000,132,gpt2_nll,native_raw,0
cka_common,0.6503016906845859,0.050776114039661924,1.9682679630360753,0.5051852936874144,3000,12000,132,gpt2_nll,native_raw,0
cka_held_target,1.0076277375982126,0.06055406616539648,3.820036022639413,0.23847873135310527,3000,12000,132,gpt2_nll,native_raw,0
cca_shared_common,0.9324829915155224,0.34064206655324597,1.661124148407785,0.6642225439559373,3000,12000,132,gpt2_nll,native_raw,0
cca_shared_held_target,1.1015128327880137,0.37167110761490796,2.0295234095217993,0.48508274711113214,3000,12000,132,gpt2_nll,native_raw,0
procrustes_shared_common,0.9279115168593337,0.2068340170462491,1.661124148407785,0.6834311270952633,3000,12000,132,gpt2_nll,native_raw,0
procrustes_shared_held_target,1.100387427478103,0.22753827635906684,2.029523409521799,0.528943517761806,3000,12000,132,gpt2_nll,native_raw,0
probe_cosine_common,0.9470977750289971,0.265935050475967,1.5829172884519211,0.6776722855029491,3000,12000,132,gpt2_nll,native_raw,0
probe_cosine_held_target,1.0973302220446617,0.297482793034953,1.92747570058855,0.514600174250333,3000,12000,132,gpt2_nll,native_raw,0
training_geometry,0.009829997363181289,0.0003406314719878612,0.024393648291011583,0.9995564901149472,0,12000,132,gpt2_nll,shared_raw,0
direct_training,0.009793511463110935,0.0002789584221513726,0.02426876205413976,0.9995877966950686,0,12000,132,gpt2_nll,shared_raw,0
mean_only,0.12238376845246093,0.015246135879131845,0.3925795569950212,0.8545704998095515,0,12000,132,gpt2_nll,shared_raw,0
variance_only,0.5724222243537901,0.008790633151433852,0.07585259102805898,0.9703004909915314,0,12000,132,gpt2_nll,shared_raw,0
direct_calibration,0.00390575033691581,0.0005799106436100189,0.01475697916865784,0.9995982322217756,3000,12000,132,gpt2_nll,shared_raw,0
cka_common,0.7494758598831687,0.08469430882544085,1.7689645431051744,0.5007693785498372,3000,12000,132,gpt2_nll,shared_raw,0
cka_held_target,1.1236535527953417,0.10491680199919473,3.5029905444920764,0.2637563764014907,3000,12000,132,gpt2_nll,shared_raw,0
cca_shared_common,1.059931755554282,0.537267674217864,1.645322735915908,0.6378624153214077,3000,12000,132,gpt2_nll,shared_raw,0
cca_shared_held_target,1.2322443495995332,0.6034734092173986,2.0177705822686973,0.4508084776236123,3000,12000,132,gpt2_nll,shared_raw,0
procrustes_shared_common,1.0556763042792106,0.3956703583487077,1.645322735915908,0.6491488871314535,3000,12000,132,gpt2_nll,shared_raw,0
procrustes_shared_held_target,1.2322372316523407,0.43453343364325525,2.0177705822686973,0.47361596423029745,3000,12000,132,gpt2_nll,shared_raw,0
probe_cosine_common,0.947979565564285,0.07223819667261547,2.7100573398065597,0.6623032691170512,3000,12000,132,gpt2_nll,shared_raw,0
probe_cosine_held_target,1.2153555646399183,0.08053061175429502,2.924941971224128,0.5169717502593599,3000,12000,132,gpt2_nll,shared_raw,0
training_geometry,0.0019529581454902167,0.000295480101367933,0.006908842780824861,0.9996243210385435,0,12000,132,gpt2_nll,shared_center,0
direct_training,0.0019122363523817495,0.000251384006421287,0.0068771076238637666,0.9996608453820184,0,12000,132,gpt2_nll,shared_center,0
mean_only,0.11858541668442264,0.014936287538855533,0.3224601197559686,,0,12000,132,gpt2_nll,shared_center,0
variance_only,0.0019529581454902187,0.000295480101367933,0.006908842780824861,0.9996243210385435,0,12000,132,gpt2_nll,shared_center,0
direct_calibration,0.002039303351509155,0.00038743781408126683,0.005575479728517422,0.9996608453820184,3000,12000,132,gpt2_nll,shared_center,0
cka_common,0.126078511657868,0.06614382775282573,0.3519016487044296,0.4886034208461197,3000,12000,132,gpt2_nll,shared_center,0
cka_held_target,0.17111931670522365,0.07353112785606286,0.44499501794974666,0.24826148413505011,3000,12000,132,gpt2_nll,shared_center,0
cca_shared_common,0.1156498026322369,0.038109572241764506,0.3557607217169374,0.6909719883380725,3000,12000,132,gpt2_nll,shared_center,0
cca_shared_held_target,0.13966673814516645,0.043674313188358384,0.4025221747910078,0.5828040395122545,3000,12000,132,gpt2_nll,shared_center,0
procrustes_shared_common,0.11561736615548582,0.03818959904779115,0.3123720633724426,0.6935876059896804,3000,12000,132,gpt2_nll,shared_center,0
procrustes_shared_held_target,0.13975955694627643,0.04481353184758427,0.40119707983275404,0.5872389722460816,3000,12000,132,gpt2_nll,shared_center,0
probe_cosine_common,0.11295160144706769,0.04547164753546804,0.32700301125678344,0.7008556219420368,3000,12000,132,gpt2_nll,shared_center,0
probe_cosine_held_target,0.14961198833615041,0.047345072110819175,0.4599067990010826,0.5940461295237596,3000,12000,132,gpt2_nll,shared_center,0
training_geometry,0.00208532668852368,0.0003673761970860584,0.0057998909348755965,0.9993216907640369,0,12000,132,gpt2_nll,shared_rms,0
direct_training,0.0020436532394570773,0.000343091485803527,0.005230413516772156,0.9993216907640369,0,12000,132,gpt2_nll,shared_rms,0
mean_only,0.18833172344969099,0.014229199968455716,0.22535088822373164,,0,12000,132,gpt2_nll,shared_rms,0
variance_only,0.002085326688523673,0.0003673761970860584,0.0057998909348755965,0.9993216907640369,0,12000,132,gpt2_nll,shared_rms,0
direct_calibration,0.0016982661744206942,0.00044774840783417223,0.005855508062836516,0.9991338512833087,3000,12000,132,gpt2_nll,shared_rms,0
cka_common,0.18295659392448382,0.04219906766430147,0.3997840434664936,0.6881648006826293,3000,12000,132,gpt2_nll,shared_rms,0
cka_held_target,0.2885348835984817,0.04427364449710953,0.7161632075037734,0.49120512464002986,3000,12000,132,gpt2_nll,shared_rms,0
cca_shared_common,0.2683492871239508,0.09782590574261756,0.5010353752776203,0.6046999669455477,3000,12000,132,gpt2_nll,shared_rms,0
cca_shared_held_target,0.30054415463497103,0.10315112601889949,0.5565423196028425,0.44092621204535076,3000,12000,132,gpt2_nll,shared_rms,0
procrustes_shared_common,0.2673102846653852,0.07833502167409834,0.4835866853904249,0.6087735455997556,3000,12000,132,gpt2_nll,shared_rms,0
procrustes_shared_held_target,0.2987910221235372,0.08255485014433067,0.5345230195030319,0.444331089023996,3000,12000,132,gpt2_nll,shared_rms,0
probe_cosine_common,0.24797215084747157,0.058023566141277766,0.8111353210576693,0.6132471674010807,3000,12000,132,gpt2_nll,shared_rms,0
probe_cosine_held_target,0.289941123117007,0.0613897479387754,0.975258090800816,0.4019081336532941,3000,12000,132,gpt2_nll,shared_rms,0
training_geometry,0.0005913760428987712,0.000250768243517887,0.001800821131960759,0.9995043124814115,0,12000,132,gpt2_nll,shared_unit,0
direct_training,0.0005906890847107957,0.0002479221585543539,0.0018104188803004264,0.9994886591913509,0,12000,132,gpt2_nll,shared_unit,0
mean_only,0.009731096278632634,0.006018033328270391,0.023708128166330122,0.9367450548647815,0,12000,132,gpt2_nll,shared_unit,0
variance_only,0.02975911288034593,0.006002412280592236,0.10015808580189456,0.838870249878687,0,12000,132,gpt2_nll,shared_unit,0
direct_calibration,0.0010453638999530438,0.00038453522667279694,0.003203426387513675,0.9994103927410475,3000,12000,132,gpt2_nll,shared_unit,0
cka_common,0.02230377705399334,0.007001180290850032,0.06004923539460608,0.8268268839540072,3000,12000,132,gpt2_nll,shared_unit,0
cka_held_target,0.02685967806645292,0.008333898222684703,0.08673640171950911,0.7663505341093207,3000,12000,132,gpt2_nll,shared_unit,0
cca_shared_common,0.02754935133059495,0.011039826989424963,0.07313131585785246,0.7842995728156443,3000,12000,132,gpt2_nll,shared_unit,0
cca_shared_held_target,0.03132890239498768,0.01180127481819956,0.09059462274377321,0.7157691242778248,3000,12000,132,gpt2_nll,shared_unit,0
procrustes_shared_common,0.02754935133059495,0.011039826989424963,0.07313131585785246,0.7842995728156443,3000,12000,132,gpt2_nll,shared_unit,0
procrustes_shared_held_target,0.03156958968975364,0.01180127481819956,0.09059462274377321,0.7022110101668698,3000,12000,132,gpt2_nll,shared_unit,0
probe_cosine_common,0.02764140038145946,0.01108025211771187,0.07517989536604798,0.7737271944107652,3000,12000,132,gpt2_nll,shared_unit,0
probe_cosine_held_target,0.033295722165835186,0.012728700041049087,0.08849091619897122,0.6644114801520641,3000,12000,132,gpt2_nll,shared_unit,0
training_geometry,0.0005108975638639474,0.00034374206373861006,0.0013507858350677805,0.9998121605192716,0,12000,132,gpt2_nll,shared_clip100,0
direct_training,0.0005060637559735886,0.00033097373920150646,0.001339255772566942,0.9998278138093323,0,12000,132,gpt2_nll,shared_clip100,0
mean_only,0.020408627934132416,0.011082123405766125,0.04582542623180952,0.7897710967216792,0,12000,132,gpt2_nll,shared_clip100,0
variance_only,0.03767736384272948,0.004690485009869169,0.12037164331219931,0.7705227677103931,0,12000,132,gpt2_nll,shared_clip100,0
direct_calibration,0.0010002442579134308,0.0004523259068451111,0.003025003399684953,0.999806942755918,3000,12000,132,gpt2_nll,shared_clip100,0
cka_common,0.02870686291162852,0.010695553921247374,0.08324827421276122,0.8739556550656631,3000,12000,132,gpt2_nll,shared_clip100,0
cka_held_target,0.03650490200509149,0.0132232733039899,0.09989321316079058,0.8113616918962938,3000,12000,132,gpt2_nll,shared_clip100,0
cca_shared_common,0.033619181902503244,0.010129831552103716,0.08460888322634261,0.8241045646429509,3000,12000,132,gpt2_nll,shared_clip100,0
cca_shared_held_target,0.038283962145695016,0.012634569652556016,0.09240686557675443,0.7591043398461267,3000,12000,132,gpt2_nll,shared_clip100,0
procrustes_shared_common,0.03342296683922338,0.012473124585749026,0.08438113243421405,0.8357145936463274,3000,12000,132,gpt2_nll,shared_clip100,0
procrustes_shared_held_target,0.037497012734963565,0.013447960820013056,0.09057817370700037,0.7748671708413101,3000,12000,132,gpt2_nll,shared_clip100,0
probe_cosine_common,0.028398861364975433,0.010299765823211243,0.07892508655431645,0.866150634082877,3000,12000,132,gpt2_nll,shared_clip100,0
probe_cosine_held_target,0.03470294779105937,0.011366695546259818,0.1056362168369493,0.8039030763041208,3000,12000,132,gpt2_nll,shared_clip100,0
training_geometry,0.0010972055074595201,0.00031774707783853006,0.002581371248616844,0.9997338940689682,0,12000,132,gpt2_nll,shared_clip300,0
direct_training,0.0010823368465756357,0.00026916624737076053,0.0025651766673975376,0.9997338940689682,0,12000,132,gpt2_nll,shared_clip300,0
mean_only,0.059557485070875764,0.01279294662807225,0.20287609555003175,0.8579411749359518,0,12000,132,gpt2_nll,shared_clip300,0
variance_only,0.23635275928137245,0.009098771363780551,0.0651067859458626,0.9387591115192561,0,12000,132,gpt2_nll,shared_clip300,0
direct_calibration,0.003108401470806293,0.0005380867905202327,0.00784789902666475,0.9997443295956753,3000,12000,132,gpt2_nll,shared_clip300,0
cka_common,0.39936420347969054,0.0455061032578451,0.7768796823596072,0.6884444652859365,3000,12000,132,gpt2_nll,shared_clip300,0
cka_held_target,0.47364987319941587,0.05531655676521188,0.8806323148887397,0.5675551588843207,3000,12000,132,gpt2_nll,shared_clip300,0
cca_shared_common,0.3944890493236133,0.131935538426527,0.6635794574311322,0.6862002768864555,3000,12000,132,gpt2_nll,shared_clip300,0
cca_shared_held_target,0.46232934973327183,0.14146345990871736,0.8115676534456383,0.5055500993287342,3000,12000,132,gpt2_nll,shared_clip300,0
procrustes_shared_common,0.39309751750697547,0.0891479795340223,0.6635794574311322,0.7077448778529732,3000,12000,132,gpt2_nll,shared_clip300,0
procrustes_shared_held_target,0.46251877413570824,0.09743679843692386,0.8115676534456383,0.5534633870482871,3000,12000,132,gpt2_nll,shared_clip300,0
probe_cosine_common,0.37489707911712616,0.06630292831063608,0.7885392824177874,0.7373737391585284,3000,12000,132,gpt2_nll,shared_clip300,0
probe_cosine_held_target,0.4538587754894576,0.07874354874853975,0.9975490964859133,0.6068366710932556,3000,12000,132,gpt2_nll,shared_clip300,0
training_geometry,0.04717315502464159,0.0005014188212804265,0.01351679784667212,0.9992590776037944,0,12000,132,gpt2_nll,separate_naive,0
direct_training,0.0471723837666164,0.0005005060571583722,0.013575087174361762,0.9992329887870265,0,12000,132,gpt2_nll,separate_naive,0
mean_only,0.4354047798450944,0.057818094885226795,0.2516899363505148,,0,12000,132,gpt2_nll,separate_naive,0
variance_only,0.04717315502464158,0.0005014188212804265,0.01351679784667212,0.9992590776037944,0,12000,132,gpt2_nll,separate_naive,0
direct_calibration,0.04138815421092301,0.0007443668532396731,0.011657940728012716,0.9991338512833087,3000,12000,132,gpt2_nll,separate_naive,0
cka_common,0.5977162033652053,0.050365051223765334,1.471507749415455,0.4570666777296719,3000,12000,132,gpt2_nll,separate_naive,0
cka_held_target,0.6804797260456628,0.054060355608661875,1.9281547318913717,0.2782482956521621,3000,12000,132,gpt2_nll,separate_naive,0
cca_shared_common,0.6872064264623362,0.4739154707332377,0.7373435964567108,0.26746293829197487,3000,12000,132,gpt2_nll,separate_naive,0
cca_shared_held_target,0.7263188962922652,0.45617724913267077,1.0538453947047228,0.1400474254508621,3000,12000,132,gpt2_nll,separate_naive,0
procrustes_shared_common,0.6864058673396034,0.44931692874603213,0.7373435964567108,0.26317505484502907,3000,12000,132,gpt2_nll,separate_naive,0
procrustes_shared_held_target,0.7273857383912709,0.4522728937527192,1.062516950007856,0.12992636139029903,3000,12000,132,gpt2_nll,separate_naive,0
probe_cosine_common,0.6974929667988871,0.417618912858209,0.5968255025484793,0.5751708495650336,3000,12000,132,gpt2_nll,separate_naive,0
probe_cosine_held_target,0.7094143575131537,0.4272181299081341,0.6555006754859136,0.3580751828675814,3000,12000,132,gpt2_nll,separate_naive,0
training_geometry,0.00380480676808616,0.00039514409875741636,0.005789853688917041,0.9992225532603193,0,12000,132,gpt2_nll,separate_lift,0
direct_training,0.0036274979296044446,0.00010954743025864792,0.005787095565668524,0.9997704184124431,0,12000,132,gpt2_nll,separate_lift,0
mean_only,0.03952387515709715,0.011276598602828203,0.0805296457797748,0.7401971270994975,0,12000,132,gpt2_nll,separate_lift,0
variance_only,0.0467466757998928,0.006447141766253338,0.05327842830847771,0.970138740327571,0,12000,132,gpt2_nll,separate_lift,0
direct_calibration,0.0030512643989533835,0.00039573346376561673,0.004922594883839859,0.9995617078783007,3000,12000,132,gpt2_nll,separate_lift,0
cka_common,0.0858094690460257,0.024616089272492224,0.23677764222311046,0.6590864722635024,3000,12000,132,gpt2_nll,separate_lift,0
cka_held_target,0.10518968417655365,0.02628867285169255,0.2544187091053294,0.43624248257997555,3000,12000,132,gpt2_nll,separate_lift,0
cca_shared_common,0.09429679316805857,0.03711174838834634,0.17589457232113295,0.7630489331465831,3000,12000,132,gpt2_nll,separate_lift,0
cca_shared_held_target,0.10453291839408682,0.041302263663430816,0.19947408450545032,0.6462414761076423,3000,12000,132,gpt2_nll,separate_lift,0
procrustes_shared_common,0.09426133528234927,0.03567460683875976,0.17589457232113292,0.763996489081025,3000,12000,132,gpt2_nll,separate_lift,0
procrustes_shared_held_target,0.10340288018739974,0.03863060819721494,0.1957905218675748,0.6495437292648706,3000,12000,132,gpt2_nll,separate_lift,0
probe_cosine_common,0.10847227790904787,0.0703187491839064,0.16949025212682658,0.14254382102858118,3000,12000,132,gpt2_nll,separate_lift,0
probe_cosine_held_target,0.11793777631594503,0.07535556687264285,0.20140867718610897,-0.13595665571906212,3000,12000,132,gpt2_nll,separate_lift,0
training_geometry,0.014150014717900184,0.00022725606540913938,0.005566935964156014,0.9996817164354325,0,12000,132,gpt2_nll,native_raw,1
direct_training,0.014229852249333102,0.00033809446133925905,0.005582678223535656,0.9995982322217756,0,12000,132,gpt2_nll,native_raw,1
mean_only,0.09978837036289397,0.015934288928561087,0.17152060964023325,0.842220053951673,0,12000,132,gpt2_nll,native_raw,1
variance_only,0.6844514232709502,0.005102439696688306,0.16348347057794516,0.9710414133877371,0,12000,132,gpt2_nll,native_raw,1
direct_calibration,0.009938715136319304,0.0015758634263627926,0.009633218695720194,0.9982103071697285,3000,12000,132,gpt2_nll,native_raw,1
cka_common,0.8637251660162181,0.06918076712979164,2.2424392915596694,0.49349510861319923,3000,12000,132,gpt2_nll,native_raw,1
cka_held_target,1.283113242683843,0.07790188604418116,4.341592132914061,0.22039332711428952,3000,12000,132,gpt2_nll,native_raw,1
cca_shared_common,1.2067690653801926,0.35016498684589703,2.1590016842660433,0.6438504540186375,3000,12000,132,gpt2_nll,native_raw,1
cca_shared_held_target,1.43047020722857,0.37711364305809236,2.6378221602961003,0.4644160270575328,3000,12000,132,gpt2_nll,native_raw,1
procrustes_shared_common,1.203102230131173,0.2674849616273589,2.1590016842660433,0.6599768081629654,3000,12000,132,gpt2_nll,native_raw,1
procrustes_shared_held_target,1.428671063481097,0.2881409754034694,2.6378221602961,0.4855935627823576,3000,12000,132,gpt2_nll,native_raw,1
probe_cosine_common,1.2262979531382767,0.2337303296997238,2.2252050049987355,0.655436862993447,3000,12000,132,gpt2_nll,native_raw,1
probe_cosine_held_target,1.4252777044538756,0.2613633228449851,2.8206604121573395,0.4795976701544819,3000,12000,132,gpt2_nll,native_raw,1
training_geometry,0.017700670045466275,0.0002031953895551158,0.01726774870049102,0.9998225960459788,0,12000,132,gpt2_nll,shared_raw,1
direct_training,0.01773143877170068,0.0002384884769823189,0.017271248975620063,0.9997860717025039,0,12000,132,gpt2_nll,shared_raw,1
mean_only,0.1790392919176202,0.014146475736515297,0.5912735945975688,0.7852264248407277,0,12000,132,gpt2_nll,shared_raw,1
variance_only,0.7015424295803752,0.007656261178046924,0.10526754746624792,0.9688134284357666,0,12000,132,gpt2_nll,shared_raw,1
direct_calibration,0.016771661403762298,0.0018643335856729105,0.08585139799562537,0.9981998716430214,3000,12000,132,gpt2_nll,shared_raw,1
cka_common,0.9241434196854165,0.09358813697137623,3.8640191033071796,0.4999905578637366,3000,12000,132,gpt2_nll,shared_raw,1
cka_held_target,1.3593509022597172,0.10839901546420014,4.578964103052195,0.31791892480528905,3000,12000,132,gpt2_nll,shared_raw,1
cca_shared_common,1.2626652857754794,0.536537499534494,2.0343932172234447,0.6168424972683704,3000,12000,132,gpt2_nll,shared_raw,1
cca_shared_held_target,1.482003954414877,0.6247223986503843,2.4795524687311623,0.4338150027533687,3000,12000,132,gpt2_nll,shared_raw,1
procrustes_shared_common,1.25917460029493,0.5005424286010542,2.0343932172234447,0.6294163455178531,3000,12000,132,gpt2_nll,shared_raw,1
procrustes_shared_held_target,1.4815538795033494,0.5604081791654536,2.4795524687311623,0.45817864060316876,3000,12000,132,gpt2_nll,shared_raw,1
probe_cosine_common,1.0847959835022711,0.1003127373677869,2.4142158262103317,0.652809582748014,3000,12000,132,gpt2_nll,shared_raw,1
probe_cosine_held_target,1.3970140195545333,0.10563091906615951,3.68666369100637,0.5131190861548265,3000,12000,132,gpt2_nll,shared_raw,1
training_geometry,0.0018601021850012348,0.00021937072111149689,0.004187234552712443,0.9998225960459788,0,12000,132,gpt2_nll,shared_center,1
direct_training,0.0018793138224303225,0.0002644715108698374,0.004165803586427445,0.999796507229211,0,12000,132,gpt2_nll,shared_center,1
mean_only,0.14905594110368917,0.014045078884946936,0.4692006495361192,,0,12000,132,gpt2_nll,shared_center,1
variance_only,0.0018601021850012328,0.00021937072111149602,0.004187234552712432,0.9998225960459788,0,12000,132,gpt2_nll,shared_center,1
direct_calibration,0.008422713885771527,0.0010465661351291532,0.018828308556346117,0.9987320835050845,3000,12000,132,gpt2_nll,shared_center,1
cka_common,0.15849176924566227,0.08251150383902987,0.4106525767023017,0.5208471752549512,3000,12000,132,gpt2_nll,shared_center,1
cka_held_target,0.2076549945443553,0.09375017337860783,0.5439003825837347,0.3143677183175745,3000,12000,132,gpt2_nll,shared_center,1
cca_shared_common,0.14543550196132699,0.05784210296760909,0.3836665870603466,0.6880160197039489,3000,12000,132,gpt2_nll,shared_center,1
cca_shared_held_target,0.1771987256035139,0.06411040699065582,0.5220630164132176,0.5836896774808674,3000,12000,132,gpt2_nll,shared_center,1
procrustes_shared_common,0.14534556520693623,0.05353583139472808,0.4111399550032475,0.6848791902135171,3000,12000,132,gpt2_nll,shared_center,1
procrustes_shared_held_target,0.17695373213317403,0.06071325170131516,0.47308856580275,0.5840164471912025,3000,12000,132,gpt2_nll,shared_center,1
probe_cosine_common,0.14146012551461398,0.05108347398751727,0.38264498276201736,0.7002996868132785,3000,12000,132,gpt2_nll,shared_center,1
probe_cosine_held_target,0.18303250050554468,0.05776693046380794,0.5745421914349725,0.60543816624367,3000,12000,132,gpt2_nll,shared_center,1
training_geometry,0.0010618326995185336,0.00019812833009294245,0.0014712176869911614,0.9998225960459788,0,12000,132,gpt2_nll,shared_rms,1
direct_training,0.0010609494887792877,0.00023496720682298407,0.0014668646459697404,0.9998225960459788,0,12000,132,gpt2_nll,shared_rms,1
mean_only,0.19709339178559449,0.014037968304173299,0.23167287188194619,,0,12000,132,gpt2_nll,shared_rms,1
variance_only,0.0010618326995185336,0.0001981283300929355,0.0014712176869911614,0.9998225960459788,0,12000,132,gpt2_nll,shared_rms,1
direct_calibration,0.004728835815975235,0.0008183285017992824,0.009883203640870957,0.9989616650926412,3000,12000,132,gpt2_nll,shared_rms,1
cka_common,0.19082956055493652,0.04063040880370633,0.3824215320970106,0.6953699288193783,3000,12000,132,gpt2_nll,shared_rms,1
cka_held_target,0.30121338269373776,0.042639348644123984,0.7255604455276337,0.4890304405024312,3000,12000,132,gpt2_nll,shared_rms,1
cca_shared_common,0.27974979070002853,0.07841193993752912,0.5652520372211216,0.6005335216865686,3000,12000,132,gpt2_nll,shared_rms,1
cca_shared_held_target,0.31251606922500513,0.08236741427902486,0.6325621294526707,0.4234943309799118,3000,12000,132,gpt2_nll,shared_rms,1
procrustes_shared_common,0.28054375932223835,0.07744939496328784,0.5251712773958472,0.601065280659588,3000,12000,132,gpt2_nll,shared_rms,1
procrustes_shared_held_target,0.3141357311446366,0.07660100064967763,0.5860382936558769,0.4269104788721092,3000,12000,132,gpt2_nll,shared_rms,1
probe_cosine_common,0.255709388956559,0.052725070308755714,0.8821294858761637,0.6114061207760989,3000,12000,132,gpt2_nll,shared_rms,1
probe_cosine_held_target,0.300821217700861,0.056964623453205326,1.0684250705523866,0.35702851569160104,3000,12000,132,gpt2_nll,shared_rms,1
training_geometry,0.007313716532672587,0.00047167682646208527,0.005662151474836646,0.999212117733612,0,12000,132,gpt2_nll,native_raw,2
direct_training,0.007448224828693404,0.0007684514171428167,0.005691375081090583,0.9991860289168444,0,12000,132,gpt2_nll,native_raw,2
mean_only,0.08406464805101833,0.01461355058892306,0.15197727000198505,0.6578242970368321,0,12000,132,gpt2_nll,native_raw,2
variance_only,0.6338812128498355,0.0032046623951282804,0.09802591340023824,0.9646705243330391,0,12000,132,gpt2_nll,native_raw,2
direct_calibration,0.022633384113215742,0.0005748859985683042,0.011696877442614995,0.9990868914131267,3000,12000,132,gpt2_nll,native_raw,2
cka_common,0.7967521729052156,0.06022126328066399,2.2163715610176595,0.48545680683506726,3000,12000,132,gpt2_nll,native_raw,2
cka_held_target,1.222108752006025,0.06354998590332211,4.462020897365753,0.20867758691658866,3000,12000,132,gpt2_nll,native_raw,2
cca_shared_common,1.111263486597315,0.3959183643543872,1.5259706056610747,0.6545310970191102,3000,12000,132,gpt2_nll,native_raw,2
cca_shared_held_target,1.3203560960621485,0.432218857722249,1.8345068521007732,0.47403553848015556,3000,12000,132,gpt2_nll,native_raw,2
procrustes_shared_common,1.0963604960997153,0.2977657128967069,1.8781487965139998,0.6741955176228721,3000,12000,132,gpt2_nll,native_raw,2
procrustes_shared_held_target,1.3087799873845036,0.3201141189011958,2.3221947366380005,0.5028719035235883,3000,12000,132,gpt2_nll,native_raw,2
probe_cosine_common,1.0950897520236766,0.2648539282860797,1.873772468443618,0.6677184417763424,3000,12000,132,gpt2_nll,native_raw,2
probe_cosine_held_target,1.3044704160365588,0.2914952961449325,2.4354600999445353,0.5034982769157476,3000,12000,132,gpt2_nll,native_raw,2
training_geometry,0.02435118522683067,0.00043338653293759424,0.11978202938813859,0.9994103927410475,0,12000,132,gpt2_nll,shared_raw,2
direct_training,0.02436636490428845,0.00046941550659969355,0.11983789917777876,0.9993738683975726,0,12000,132,gpt2_nll,shared_raw,2
mean_only,0.17290530072774035,0.014588189158184009,0.6409753934004407,0.7837654511017306,0,12000,132,gpt2_nll,shared_raw,2
variance_only,0.6716359979074834,0.00888493619449341,0.13942160545811438,0.9621555623966229,0,12000,132,gpt2_nll,shared_raw,2
direct_calibration,0.0415238458396304,0.000920029293176276,0.16551453730550508,0.9994938769547044,3000,12000,132,gpt2_nll,shared_raw,2
cka_common,0.8917194948670295,0.09740431928087621,2.848178853097982,0.4972581756773048,3000,12000,132,gpt2_nll,shared_raw,2
cka_held_target,1.3279841738055846,0.12241784315019257,5.4774676518673715,0.31774969990801033,3000,12000,132,gpt2_nll,shared_raw,2
cca_shared_common,1.2048262582699873,0.5744599000062922,1.8337047714997916,0.6082697330148109,3000,12000,132,gpt2_nll,shared_raw,2
cca_shared_held_target,1.4023846369311792,0.6860193004964346,2.2006815006851177,0.4371856154765615,3000,12000,132,gpt2_nll,shared_raw,2
procrustes_shared_common,1.1957126395042095,0.4965648295242175,1.962097410480406,0.6164062463933099,3000,12000,132,gpt2_nll,shared_raw,2
procrustes_shared_held_target,1.3936701600995463,0.533931319849444,2.3968840411420205,0.44956422780230465,3000,12000,132,gpt2_nll,shared_raw,2
probe_cosine_common,1.120231256537099,0.10225268952706168,2.416032887837112,0.6380504780717763,3000,12000,132,gpt2_nll,shared_raw,2
probe_cosine_held_target,1.3770207068766371,0.10589728092972475,3.3417161884147135,0.5187258027729298,3000,12000,132,gpt2_nll,shared_raw,2
training_geometry,0.010156000060524088,0.00043156305536279837,0.031073694664674606,0.9989147052224592,0,12000,132,gpt2_nll,shared_center,2
direct_training,0.010158356043556638,0.00045996407908903327,0.031044352256892768,0.9988833986423378,0,12000,132,gpt2_nll,shared_center,2
mean_only,0.14164807208643235,0.014954149651428595,0.44328480486023997,,0,12000,132,gpt2_nll,shared_center,2
variance_only,0.010156000060524088,0.00043156305536279837,0.031073694664674606,0.9989147052224592,0,12000,132,gpt2_nll,shared_center,2
direct_calibration,0.009652618412855644,0.0003307771157134917,0.02585559720326017,0.99885730982557,3000,12000,132,gpt2_nll,shared_center,2
cka_common,0.15079224633686503,0.07203656745120243,0.3789416605743575,0.5097558949337906,3000,12000,132,gpt2_nll,shared_center,2
cka_held_target,0.19536305384980862,0.08033382158322963,0.5331699456659411,0.3193889829616398,3000,12000,132,gpt2_nll,shared_center,2
cca_shared_common,0.13837170802639123,0.05637946765405846,0.3520436017677706,0.6752710286844602,3000,12000,132,gpt2_nll,shared_center,2
cca_shared_held_target,0.17125040537452255,0.0626822629398998,0.4989202653018251,0.5728821255071966,3000,12000,132,gpt2_nll,shared_center,2
procrustes_shared_common,0.13671488052048608,0.05251824185434699,0.40524262167325065,0.677448265248203,3000,12000,132,gpt2_nll,shared_center,2
procrustes_shared_held_target,0.16888917229191666,0.057454342965018404,0.49311789997011957,0.5760393433019556,3000,12000,132,gpt2_nll,shared_center,2
probe_cosine_common,0.13476414735944436,0.05461003136819527,0.40971539138398116,0.6838966102378368,3000,12000,132,gpt2_nll,shared_center,2
probe_cosine_held_target,0.1700454592679776,0.05606527874944317,0.5447932404889014,0.5977197427525085,3000,12000,132,gpt2_nll,shared_center,2
training_geometry,0.002676680407870758,0.0004273081752979215,0.005889376145964473,0.9985285907342956,0,12000,132,gpt2_nll,shared_rms,2
direct_training,0.0026956972180398283,0.0004694911798026691,0.005874380133483516,0.9985442440243564,0,12000,132,gpt2_nll,shared_rms,2
mean_only,0.19152378397166858,0.01442281600459663,0.22576132460996673,,0,12000,132,gpt2_nll,shared_rms,2
variance_only,0.0026766804078707535,0.0004273081752979215,0.005889376145964473,0.9985285907342956,0,12000,132,gpt2_nll,shared_rms,2
direct_calibration,0.005495648027211882,0.0007023782019456911,0.01160673624090979,0.997824192681565,3000,12000,132,gpt2_nll,shared_rms,2
cka_common,0.18553033953224077,0.04038218923802325,0.41851663749422396,0.6868026147044083,3000,12000,132,gpt2_nll,shared_rms,2
cka_held_target,0.2883961728700086,0.04258676480842252,0.7489826549557884,0.49009015582689075,3000,12000,132,gpt2_nll,shared_rms,2
cca_shared_common,0.2692145678320203,0.09064868979377036,0.4770843342482937,0.6048270410466352,3000,12000,132,gpt2_nll,shared_rms,2
cca_shared_held_target,0.30009480207039013,0.10256405862753673,0.5254406270631394,0.41865308533155365,3000,12000,132,gpt2_nll,shared_rms,2
procrustes_shared_common,0.26885962894646326,0.08591012378722021,0.44754911663912467,0.6070657730488781,3000,12000,132,gpt2_nll,shared_rms,2
procrustes_shared_held_target,0.29983287205542486,0.08657234437331285,0.5031265594508506,0.43343732324944645,3000,12000,132,gpt2_nll,shared_rms,2
probe_cosine_common,0.23709210927325775,0.05008038321266133,0.8073957493285904,0.6271375953463749,3000,12000,132,gpt2_nll,shared_rms,2
probe_cosine_held_target,0.28203152809731424,0.05384142377100633,1.0520793648191398,0.37691122792744464,3000,12000,132,gpt2_nll,shared_rms,2
