source,target,cka,cca_shared,procrustes_shared,probe_cosine,metric_rank,metric_examples,full_dim_cca_saturation_possible,train_raw,train_geometry,residual_correction,cal_raw,test_raw,cal_clipped,test_clipped,train_mean_term,train_variance_term,test_mean_term,test_variance_term,test_geometry,mean_fraction,aligned_cal_raw,aligned_test_raw,aligned_test_clipped,alignment_raw_reduction,bernstein_lo,bernstein_hi,bernstein_aligned_lo,bernstein_aligned_hi,betting_lo,betting_hi,betting_aligned_lo,betting_aligned_hi,prediction__training_geometry,prediction__direct_training,prediction__mean_only,prediction__variance_only,prediction__direct_calibration,prediction__cka_common,prediction__cka_held_target,prediction__cca_shared_common,prediction__cca_shared_held_target,prediction__procrustes_shared_common,prediction__procrustes_shared_held_target,prediction__probe_cosine_common,prediction__probe_cosine_held_target
0,0,1.0000000000000002,0.9999999999999998,1.0,0.41842286336354906,64,1024,False,2.3327197268046307,2.34051728999155,-0.007797563186911665,2.3307234228535165,2.320483710598332,0.23222713028016786,0.2153236498273674,1.7345375004530474,0.6059797895384903,1.7661011816388765,0.6024341862997162,2.368535367938591,0.7456511756360085,2.328937613897517,2.318594106048551,0.21539861447858208,0.0018896045497811542,0.1708653628519411,0.29358889770839464,0.17094895843293345,0.2936899190028885,0.19043412070459453,0.2736485121495207,0.19051798587315716,0.27374921993759926,2.34051728999155,2.3327197268046307,1.7345375004530474,0.6059797895384903,2.3307234228535165,0.886496806664342,0.7552034779198716,0.8256917077970942,0.7552034779198715,0.8256917077970942,0.7552034779198714,2.0275478794877815,2.1320908782258488
0,1,0.8523786226771787,0.8087107367198016,0.895110473253226,0.486683590140091,64,1024,False,5.004573594402074,5.016802534423779,-0.012228940021698085,5.025586771214186,5.064312519317158,0.24913638155952286,0.2374245025501162,4.264895511850546,0.7519070225732282,4.3589019374151325,0.768495428178459,5.127397365593579,0.8501197833163296,2.21233076293326,2.226855016795443,0.219199419509727,2.8374575025217155,0.18632798930310115,0.31194477381594454,0.17344233591095953,0.2964311560012458,0.20584077980311122,0.2918562636114075,0.19291837472701445,0.2763896841133828,5.016802534423779,5.004573594402074,4.264895511850546,0.7519070225732282,5.025586771214186,1.0483100785713741,0.8982746217340417,1.0344059660462177,0.8778556902489838,1.0344059660462177,0.8778556902489839,1.7518318843098788,1.3367053223344578
0,2,0.6868497098168022,0.6441717341813752,0.7889626685237336,0.48885645394523203,64,1024,False,6.688736888710221,6.699055761448577,-0.01031887273835288,6.69400433980956,6.8012432133287435,0.25789832231336957,0.2462836660306148,6.079678435006113,0.6193773264424178,6.2347620026503705,0.6426176294257234,6.877379632076114,0.9065606868016166,2.1182930544559095,2.1567689269218207,0.2231952708497034,4.644474286406923,0.19430773262249762,0.3214889120042415,0.1741753622795415,0.2982456883509178,0.21383675826655235,0.3013728129444644,0.19365192753321026,0.27817455238255206,6.699055761448577,6.688736888710221,6.079678435006113,0.6193773264424178,6.69400433980956,1.1535410585527814,0.9439513204105453,1.4662831759253232,0.9701074548406781,1.3888267886192973,0.9701074548406781,1.7518318843098788,1.0444105440310458
0,3,0.5309135991600118,0.5383665559242283,0.7100233758302302,0.4627281889365272,64,1024,False,6.395986541453413,6.404168435379598,-0.008181893926136536,6.418156736244633,6.5108468100685055,0.2594417194723616,0.24743722360921103,5.852451440509451,0.5517169948700564,6.017039687291637,0.5679607600685395,6.585000447360169,0.9137493209592387,2.066893400317457,2.120162959415439,0.22881151302879071,4.390683850653066,0.19560795216451712,0.3232754867802061,0.17967373533818912,0.30475348435983074,0.21516318343492458,0.3031675529491622,0.19920539748272859,0.2847046150782262,6.404168435379598,6.395986541453413,5.852451440509451,0.5517169948700564,6.418156736244633,1.4536174812777638,1.2302012619643123,1.6768756503065974,1.384692379739979,1.7200994579320974,1.5208695827048215,1.8604163996149077,1.490708392670305
0,4,0.46410255951211543,0.47348081637750883,0.6561333596952218,0.4267562935460473,64,1024,False,4.182700715988824,4.189085276087974,-0.00638456009910978,4.199258565186749,4.280876854657,0.25601441891645205,0.24433171921596614,3.694153362603523,0.4949319134844282,3.8336890383113356,0.5111551461218633,4.344844184433196,0.8823536300902945,2.0266700289850177,2.0734591386013514,0.23740925208321248,2.207417716055649,0.19265388546254203,0.31937495237036206,0.18679713184964192,0.31250924229784804,0.21223695669323206,0.29932801920949714,0.20631150826375233,0.2924249054485699,4.189085276087974,4.182700715988824,3.694153362603523,0.4949319134844282,4.199258565186749,1.8621135419582169,1.4528355269448014,1.6768756503065974,1.7076904350439839,1.7200994579320974,1.7570859479320315,2.0275478794877815,1.9133830144930637
0,5,0.40029643269140086,0.42405306421187,0.6145643341484271,0.433495572639256,64,1024,False,4.038811123729896,4.045522339708417,-0.006711215978503926,4.064007345796492,4.123648076974086,0.2580072327949901,0.2444112658542136,3.5484814639320503,0.49704087577638045,3.664093873450922,0.5161565172817727,4.1802503907326765,0.8765249760095621,2.011776254261533,2.036734889720404,0.24030827507871622,2.086913187253682,0.19467697498411732,0.3213374906058629,0.1926919048232582,0.3187959494823371,0.21429135178186698,0.30132548989058705,0.21219862265570555,0.2986921263000113,4.045522339708417,4.038811123729896,3.5484814639320503,0.49704087577638045,4.064007345796492,1.9598688082550897,1.9473313030566173,1.6768756503065974,1.688688670451527,1.7200994579320974,1.737084090466287,2.0275478794877815,1.8681945040374972
0,6,0.35595751134927955,0.38656023717216037,0.5810927713930298,0.43402679771822644,64,1024,False,4.6462378040687184,4.653749428438754,-0.007511624370029391,4.679569649363014,4.720481321671461,0.2631082714009745,0.2484443534041259,4.082247422673284,0.5715020057654703,4.187808792759952,0.5883507476267261,4.776159540386679,0.8768150974330531,1.980371470253892,1.9967302371317608,0.24702263697122054,2.7237510845397006,0.1997612467191036,0.32645529608284535,0.19809945047873423,0.3243854306947329,0.2194152757001575,0.30648995984665817,0.21763882476079743,0.3043156386411283,4.653749428438754,4.6462378040687184,4.082247422673284,0.5715020057654703,4.679569649363014,2.3541187344951147,2.0513236815436775,1.6768756503065974,1.6496292079627874,1.7200994579320974,1.6947806704136439,2.0275478794877815,1.8107547192064042
0,7,0.33008834548454724,0.35149447413679813,0.5482749967499772,0.39917698636785387,64,1024,False,5.538463721339976,5.545845084088286,-0.007381362748267003,5.57428498236277,5.643062906628895,0.27314206551575093,0.25640786779892477,4.8940212962739835,0.651823787814309,4.998430784799356,0.6828041028693973,5.681234887668756,0.879814139642168,1.9646440864018742,1.9809168253251976,0.25671067899528743,3.6621460813036975,0.20944583947264123,0.33683829155886064,0.2080588197495738,0.33509196764579446,0.22903450295416405,0.31679412721132394,0.22760992583062034,0.3150230281462427,5.545845084088286,5.538463721339976,4.8940212962739835,0.651823787814309,5.57428498236277,2.629784039987982,2.1188403982844273,2.2332404194262625,1.7344006480411438,2.2332404194262625,1.7782745097625097,2.755574539145516,2.0456353571455494
0,8,0.35474950245101966,0.3173339639483628,0.5139723568525466,0.375259338398175,64,1024,False,6.1491703826208735,6.156338956209941,-0.0071685735890682665,6.209787011325978,6.255542283127316,0.2790280840449121,0.26214820872196526,5.3981572285710815,0.7581817276389026,5.504015048670211,0.7932306932079218,6.29724574187812,0.8740352964260638,1.9438196976522812,1.938086269667784,0.2651903484510526,4.317456013459532,0.2151241462279338,0.34293202186189037,0.2163496952203935,0.3443544044128918,0.23466995015041903,0.3228377352206735,0.23586094433267135,0.32421853033883963,6.156338956209941,6.1491703826208735,5.3981572285710815,0.7581817276389026,6.209787011325978,2.3541187344951147,1.924421647368909,2.3805673969233734,1.952096353342894,2.3805673969233734,1.952096353342894,2.9561733949997766,2.4832169621556095
0,9,0.44987183852856333,0.2852975141484624,0.47983759563745937,0.3526972492618745,64,1024,False,6.98969931971306,6.997379064714338,-0.007679745001220068,7.069356433533445,7.123354997998802,0.27746203753974424,0.26263381893914434,6.038992530624326,0.9583865340899935,6.159285703955503,1.0119146276698423,7.17120033162534,0.858891875714691,1.9252272214141835,1.8997034268967685,0.2692935873745046,5.2236515711020335,0.21379038147567925,0.34113369360380924,0.21966893460340783,0.3478034956777232,0.23344231860392028,0.3211695215868531,0.23928493707353482,0.3277730712288758,6.997379064714338,6.98969931971306,6.038992530624326,0.9583865340899935,7.069356433533445,1.9598688082550897,1.5626187045415785,3.6464714828056666,2.189152924938286,3.6464714828056666,2.189152924938286,3.036914089731911,2.9960027489633956
0,10,0.4472222947742489,0.2574921404316456,0.4505407457140598,0.3616243721813151,64,1024,False,10.935048593510386,10.944645427162111,-0.009596833651694286,10.94107705224796,11.05146352773449,0.2838115667635825,0.2706868991270782,9.536246736412862,1.4083986907492663,9.648953849767453,1.467794563085493,11.116748412852877,0.867965477981997,1.9010453676565906,1.8824619866594783,0.2733189385828162,9.169001541075012,0.2196516281698945,0.3479715053572705,0.2222294956719507,0.3506077474553576,0.23927521884616,0.32794299110537395,0.24189818980084965,0.3306276889052242,10.944645427162111,10.935048593510386,9.536246736412862,1.4083986907492663,10.94107705224796,1.9598688082550897,1.7208898122776417,5.841506458339911,3.480830278548114,5.841506458339911,3.480830278548114,3.036914089731911,2.662145622693855
0,11,0.2656117093776173,0.232013540981362,0.42184376379201427,0.3243396090687589,64,1024,False,9.414430325608134,9.41618982222327,-0.0017594966151498112,9.376101140695875,9.502027070668696,0.2709815320800419,0.2592417629364418,6.81916689326625,2.5970229289571303,6.93869715333368,2.623675069230473,9.562372222564115,0.7256250846375331,1.8872588598109605,1.8630396201526698,0.27970005844798274,7.6389874505160265,0.20737331284849336,0.3345897513115904,0.2274400508189932,0.3566770435906701,0.22712985637917882,0.31473890557390405,0.24709287684527226,0.3366618873333209,9.41618982222327,9.414430325608134,6.81916689326625,2.5970229289571303,9.376101140695875,3.0311714658429563,2.9000147054186174,8.755875858966014,8.135650577236156,8.755875858966014,8.135650577236156,3.036914089731911,2.8974573640074603
1,0,0.8523786226771787,0.8087107367198016,0.895110473253226,0.3950402682427115,64,1024,False,0.9949377497002703,1.0008360165211512,-0.005898266820883623,0.9766867332252057,1.0180059096185425,0.17615231411057847,0.1722913923437355,0.540528840571954,0.4603071759491964,0.5614892285439133,0.48212110340917363,1.0436103319530874,0.5380257471130072,1.2833447686321597,1.3240548589289247,0.19320101632638179,-0.3060489493103822,0.11872680527213812,0.2335778229490188,0.14170863996639538,0.26087766193920414,0.13853151225339388,0.21416170229349518,0.1614105140324682,0.2411935262134648,1.0008360165211512,0.9949377497002703,0.540528840571954,0.4603071759491964,0.9766867332252057,1.0483100785713741,1.0525232165329135,1.0344059660462177,1.036714735359058,1.0344059660462177,1.036714735359058,2.755574539145516,3.0646725486112505
1,1,0.9999999999999998,0.9999999999999998,1.0,0.4795516606762675,64,1024,False,1.3687214016563205,1.3788009556734175,-0.01007955401709564,1.3839629312335189,1.4298871247087315,0.19837961451136948,0.18842835870151986,0.8531540052275878,0.5256469504458345,0.8799982360364311,0.5731466295467245,1.4531448655831551,0.6055819050657988,1.3821096341630994,1.4279117943498598,0.18849682804376752,0.001975330358871652,0.13918131787288313,0.25757791114985584,0.13924487871124325,0.2576568344053981,0.15893413674348267,0.23798628794611432,0.15899738030566368,0.23806438119208906,1.3788009556734175,1.3687214016563205,0.8531540052275878,0.5256469504458345,1.3839629312335189,0.886496806664342,0.8412726135216896,0.8256917077970942,0.8064409759544588,0.8256917077970942,0.8064409759544588,1.7518318843098788,1.3367053223344578
1,2,0.8473065065188471,0.8104434280271765,0.8964941810664667,0.4368093484093297,64,1024,False,1.4601286789036831,1.4672635037812622,-0.007134824877586659,1.487674558588558,1.5275359778325845,0.2057318975027315,0.19747068274515936,1.0168991723696432,0.45036433141162113,1.0551412473100252,0.4973492806542447,1.5524905279642753,0.6796442414973016,1.2953039686236656,1.3408546845404392,0.19317011988316835,0.18668129329214533,0.14579821508197616,0.2656655799234868,0.14185517492292382,0.2609491111329827,0.1655252049822593,0.24599428803048795,0.16159217659878777,0.24132172684767283,1.4672635037812622,1.4601286789036831,1.0168991723696432,0.45036433141162113,1.487674558588558,1.0483100785713741,0.9439513204105453,1.0344059660462177,0.8492272552179269,1.0344059660462177,0.8492272552179269,1.8604163996149077,2.161060337257945
1,3,0.6489092105163282,0.6779961244850812,0.8126549231414403,0.4239141152923468,64,1024,False,2.38694496695071,2.392681107669879,-0.005736140719179663,2.440618019446463,2.4470036807681073,0.24582797319529145,0.23523758830642086,2.007010455041318,0.38567065262856476,2.0603447938406756,0.42325180162227183,2.483596595462949,0.8295810992834051,1.2113751549109963,1.2504662818395722,0.2015996996874186,1.196537398928535,0.18302277536410483,0.3086331710264781,0.14748074570767164,0.26752762359424165,0.20259531705960399,0.28860890455689514,0.16721128572680755,0.2478577733199927,2.392681107669879,2.38694496695071,2.007010455041318,0.38567065262856476,2.440618019446463,1.1535410585527814,1.0536785177995818,1.156261193919322,0.9911333417177483,1.156261193919322,0.9911333417177483,2.0275478794877815,1.9957732533371138
1,4,0.5483273767982624,0.5929258674248798,0.7521284572653378,0.40726504156616145,64,1024,False,1.8036584949655754,1.8082755018952157,-0.004617006929640045,1.835530134545339,1.8499824790648711,0.23635642323737738,0.22734315315482778,1.456206668223002,0.3520688336721967,1.4952496603112233,0.3873003622638784,1.882550022575111,0.7942682225601073,1.1505783128759601,1.181944729303487,0.20897843910351716,0.6680377497613841,0.1743993716447634,0.2983134748299914,0.15265730424709234,0.2734463549750978,0.19401612175715854,0.27839193071849877,0.17230862259020796,0.2536644046267611,1.8082755018952157,1.8036584949655754,1.456206668223002,0.3520688336721967,1.835530134545339,1.3822747333472132,1.2916236531075882,1.4662831759253232,1.489558092552692,1.3888267886192973,1.3995102922549916,2.0275478794877815,2.362022273392726
1,5,0.48224404751600436,0.5289174712272176,0.7043217384581479,0.42096687226900176,64,1024,False,1.3183492147845262,1.3233413034972268,-0.004992088712698214,1.353884875088904,1.3629084440396562,0.216550509233602,0.20284271785175823,0.939547827889879,0.3837934756073393,0.9701401599716856,0.41071269537839966,1.3808528553500898,0.7025659223666698,1.12050970291195,1.1277806310911622,0.21210700290758844,0.23512781294849394,0.15649981701307802,0.276601201454126,0.16158947598897327,0.28307229749231266,0.17612909266608767,0.2568137434718665,0.18115953719825484,0.26317959272273583,1.3233413034972268,1.3183492147845262,0.939547827889879,0.3837934756073393,1.353884875088904,1.4536174812777638,1.5324706317612917,1.6768756503065974,1.688688670451527,1.7200994579320974,1.737084090466287,2.0275478794877815,1.9440769710741082
1,6,0.4300362422730732,0.4790627686286406,0.6638944019656503,0.39326454705698133,64,1024,False,0.8820454465335412,0.8869114308792796,-0.00486598434574245,0.9198851086808386,0.9378397165524004,0.17525535682855248,0.16947477295909225,0.42596987932457453,0.4609415515547093,0.4527691048686857,0.49365629430026553,0.9464253991689514,0.47839914827545693,1.0815147049164582,1.0885669869257137,0.2201360453606884,-0.15072727037331335,0.11929017365487095,0.23122054000223402,0.17017903191761893,0.29205215405195817,0.13915495530090993,0.21199824233190157,0.18976890746125719,0.27218179564079037,0.8869114308792796,0.8820454465335412,0.42596987932457453,0.4609415515547093,0.9198851086808386,1.9598688082550897,2.0513236815436775,1.6768756503065974,1.6496292079627874,1.7200994579320974,1.6947806704136439,2.755574539145516,3.0464962070587367
1,7,0.40499670185176834,0.4320619344214581,0.6239640094046857,0.36180962059900246,64,1024,False,0.8833276991343953,0.8879705282534693,-0.004642829119075589,0.9259956453644045,0.9531661879923605,0.16319624230251714,0.1652249358178011,0.2960827636853435,0.5918877645681272,0.3229104909105664,0.6292364339043958,0.9521469248149617,0.33913935181098254,1.0637870578831086,1.0669182699775295,0.23096044275968586,-0.11375208198516895,0.10832522708712966,0.21806725751790462,0.17730299556565404,0.299915216286004,0.12819023327028845,0.19891947561700363,0.19684090872760862,0.2799777557956986,0.8879705282534693,0.8833276991343953,0.2960827636853435,0.5918877645681272,0.9259956453644045,1.9598688082550897,2.0503564815914794,1.6768756503065974,1.7344006480411438,1.7200994579320974,1.7782745097625097,2.9561733949997766,3.1001442738321647
1,8,0.41242051942350505,0.38712885201616376,0.5837020219588978,0.3261288182668305,64,1024,False,1.0187578297454694,1.0227863225077924,-0.004028492762325455,1.0679706674374052,1.080927386712461,0.17001282066157483,0.1667159599307497,0.33231627474361886,0.6904700477641824,0.36804014976022575,0.7186894652335712,1.0867296149937973,0.33866763607277456,1.0461573886843951,1.0381758024957028,0.24093687198862346,0.042751584216758065,0.11500261955508989,0.22502302176805977,0.18804322066146828,0.31187913553899244,0.13492835163197014,0.20594631729909452,0.20751438406296074,0.29183986478165025,1.0227863225077924,1.0187578297454694,0.33231627474361886,0.6904700477641824,1.0679706674374052,1.9598688082550897,1.924421647368909,1.6768756503065974,1.7362547114089564,1.7200994579320974,1.7545034236795523,3.036914089731911,3.1264115180180245
1,9,0.4770338683668566,0.34462982551140253,0.5423030781253404,0.28380063543089756,64,1024,False,1.5951946331798645,1.5989279351648968,-0.003733301985030908,1.6365983309162726,1.664936421288187,0.1937009686700403,0.18771421941106453,0.7334371637044567,0.8654907714604421,0.7834766487803226,0.8998250141430267,1.6833016629233488,0.46544042938784835,1.0321765818013144,1.0113270511801962,0.24588295293664217,0.6536093701079908,0.13643598187552686,0.25096595546455375,0.1935279456653417,0.31738645223269213,0.15629192155756755,0.23165623375825817,0.21301158758433303,0.29736107123608235,1.5989279351648968,1.5951946331798645,0.7334371637044567,0.8654907714604421,1.6365983309162726,1.4536174812777638,1.5626187045415785,2.2332404194262625,2.189152924938286,2.2332404194262625,2.189152924938286,3.036914089731911,2.9960027489633956
1,10,0.424229145964748,0.30680548973322636,0.5047052189733756,0.2665206195704879,64,1024,False,2.0406328891273424,2.0443935393494055,-0.003760650222064627,2.0967211300753124,2.113465257151595,0.22392371282781923,0.208705762153824,1.1748352665068604,0.8695582728425372,1.2300515118402884,0.9137848977921782,2.143836409632466,0.5737618347713226,1.011868662774084,0.9905365489579295,0.2525678985418326,1.1229287081936654,0.1645184304231657,0.2833289952324728,0.19912416118251983,0.323355822928731,0.18428192320425296,0.2637678866740316,0.21869622363738017,0.30341183573182207,2.0443935393494055,2.0406328891273424,1.1748352665068604,0.8695582728425372,2.0967211300753124,1.9598688082550897,1.7208898122776417,2.3805673969233734,2.4373366502929854,2.3805673969233734,2.4373366502929854,3.036914089731911,2.9186217962365704
1,11,0.22296843487974496,0.27145165925349457,0.46583575552647344,0.25749502888420833,64,1024,False,1.8253674066094128,1.8257579879321195,-0.0003905813227129366,1.8554059922338102,1.8388327808844178,0.23594608331010736,0.22400632226739678,1.114131961423288,0.7116260265088278,1.1420123268715816,0.7188684803868236,1.8608808072584115,0.6136945055358378,0.9836856619425565,0.9715393126582835,0.26115805305254053,0.8672934682261343,0.1754571393158389,0.2964350273043758,0.20637650628682638,0.3320026475693242,0.19522300225798972,0.27681533733266406,0.22598174638551427,0.31205526585836196,1.8257579879321195,1.8253674066094128,1.114131961423288,0.7116260265088278,1.8554059922338102,3.0311714658429563,2.9000147054186174,4.684636281348688,6.398959829047796,4.684636281348688,6.398959829047796,3.036914089731911,2.8974573640074603
2,0,0.6868497098168022,0.6441717341813752,0.7889626685237336,0.4164852123182403,64,1024,False,0.473205382427275,0.4761690279892754,-0.0029636455620007467,0.46985635126523434,0.460331568700617,0.14534030782600757,0.13652978310738867,0.21379848357757164,0.2623705444117057,0.2127382483238387,0.27046562225523346,0.4832038705790711,0.4402660269854489,0.1883512182258581,0.18937263474866048,0.0778413535244621,0.27095893395195647,0.09160981552991292,0.1990708001221022,0.03306146882147056,0.12425130477731336,0.11144785590295214,0.17996679123461945,0.05305871486052638,0.10595155979535775,0.4761690279892754,0.473205382427275,0.21379848357757164,0.2623705444117057,0.46985635126523434,1.1535410585527814,1.1808884468442833,1.4662831759253232,1.5327116309026623,1.3888267886192973,1.4428838731695364,2.0275478794877815,2.1320908782258488
2,1,0.8473065065188471,0.8104434280271765,0.8964941810664667,0.5188272966159116,64,1024,False,0.605691496270728,0.6115589915965324,-0.0058674953258045955,0.6008656036912199,0.6074708447419284,0.14952320910392514,0.14083015130636506,0.27846034002988596,0.3330986515666485,0.2777963318080243,0.3476609120762227,0.6254572438842475,0.4441491956873645,0.2120912786403462,0.2243227017904209,0.08508354177569745,0.38314814295150745,0.09580961954423974,0.20323679866361055,0.0368005415487692,0.12834762034145342,0.11550103944318835,0.18398564395465655,0.05680065141496016,0.11003915864421288,0.6115589915965324,0.605691496270728,0.27846034002988596,0.3330986515666485,0.6008656036912199,1.0483100785713741,0.8982746217340417,1.0344059660462177,0.8778556902489838,1.0344059660462177,0.8778556902489839,1.1804940079677484,1.2157850274219235
2,2,0.9999999999999994,0.9999999999999997,0.9999999999999998,0.5320306724977635,64,1024,False,0.24339789046407673,0.24824452474439326,-0.004846634280316077,0.24353587358954004,0.2503777855788391,0.09486049383355907,0.09189802838093454,0.02006465324938934,0.22817987149500277,0.0205415261928758,0.2354497208985542,0.25599124709142945,0.08024308028601938,0.24295085941075031,0.2497705242135652,0.09179533556386411,0.00060726136527392,0.04806255836362762,0.14165842930349054,0.047989624471310416,0.14155760162056036,0.06805426641949452,0.12324628175701946,0.06798129856179003,0.12314656102535082,0.24824452474439326,0.24339789046407673,0.02006465324938934,0.22817987149500277,0.24353587358954004,0.886496806664342,0.9408046393971546,0.8256917077970942,0.8492272552179269,0.8256917077970942,0.8492272552179269,0.8906209655848782,1.0444105440310458
2,3,0.808684504515445,0.8548640316308643,0.9222150356562685,0.5532159268736291,64,1024,False,0.2999195507220422,0.3042838960669762,-0.004364345344933613,0.29440877457902626,0.3020289684787192,0.122326493241611,0.11328488318943768,0.12301492925940051,0.18126896680757348,0.12346977988401749,0.18496337005021235,0.3084331499342298,0.40031293624030406,0.20966564242705324,0.22062053494209138,0.09274393318883445,0.0814084335366278,0.0724026846632036,0.1722503018200184,0.04387356871482799,0.13575883818872142,0.09199958298995625,0.15316637430805713,0.06389877962647006,0.11745156036340632,0.3042838960669762,0.2999195507220422,0.12301492925940051,0.18126896680757348,0.29440877457902626,1.0483100785713741,1.0536785177995818,0.8256917077970942,0.8415585236987324,0.8256917077970942,0.8415585236987324,0.8050925315347081,0.7862474413671666
2,4,0.6815849236877836,0.7482066257939685,0.8579864145878753,0.537265320113297,64,1024,False,0.286945902161386,0.2903922704584075,-0.003446368297022854,0.2789830674361008,0.2820966893288195,0.12175337674461022,0.1118337314360326,0.1261215515250923,0.16427071893331685,0.12669536240432255,0.1665252715315643,0.2932206339358861,0.43208201518323236,0.18729747433852734,0.1936527415808978,0.08665631971191332,0.08844394774792169,0.07182110287953494,0.1716856506096855,0.04148848244154203,0.13262240119551943,0.09145129893295234,0.1526433594772243,0.061363691987935454,0.11420083252596669,0.2903922704584075,0.286945902161386,0.1261215515250923,0.16427071893331685,0.2789830674361008,1.1535410585527814,1.1986837811304252,1.0344059660462177,1.0612274978546763,1.0344059660462177,1.0612274978546763,0.8136522585121033,0.9393734915264218
2,5,0.6020738787285426,0.6640806596694322,0.8035219867700398,0.5156823694742616,64,1024,False,0.18725863595867853,0.19028004081181957,-0.003021404853140656,0.18358505409998827,0.18858520721109145,0.09811355313528194,0.09175085746274277,0.020154349473110476,0.17012569133870917,0.019824900399701584,0.17027754898184388,0.19010244938154514,0.10428534963225022,0.170967093627722,0.1723510206978593,0.08136399190012021,0.016234186513232163,0.05183708369569874,0.14439002257486516,0.042778606564304524,0.1333185442251818,0.07161145393183688,0.12579621003533248,0.06262713362229988,0.11488881165860221,0.19028004081181957,0.18725863595867853,0.020154349473110476,0.17012569133870917,0.18358505409998827,1.1535410585527814,1.21533258624761,1.156261193919322,1.3242369759332682,1.156261193919322,1.3242369759332682,1.1804940079677484,1.2992022603070943
2,6,0.5401807991330627,0.5933034804438309,0.7535315190001421,0.48413936179469913,64,1024,False,0.22633811825596395,0.22926135126157177,-0.0029232330056077776,0.22705113016948864,0.2266316090454936,0.10645388410014513,0.10984569283517231,0.016910407344478837,0.21235094391709175,0.017629650023569594,0.20637722673822725,0.22400687676179643,0.07870137862917728,0.15459654586436825,0.14916630715556725,0.07784123544163689,0.07746530188992634,0.058657844004387935,0.15424992419590233,0.041259936413281934,0.1293430372445183,0.07830318986816565,0.13540044658293482,0.06088711584015982,0.11077227344503626,0.22926135126157177,0.22633811825596395,0.016910407344478837,0.21235094391709175,0.22705113016948864,1.3822747333472132,1.4883353014310234,1.4662831759253232,1.6469364313761419,1.3888267886192973,1.5372163387255104,1.7518318843098788,1.8107547192064042
2,7,0.5002517654276091,0.5281687343351746,0.7044984660444686,0.45722357120643675,64,1024,False,0.5160830480454758,0.5189597123334065,-0.002876664287931893,0.5204202435072824,0.524566007180938,0.15623477041861616,0.1682509213508505,0.235072193377933,0.2838875189554751,0.23004956207317445,0.2810475900957404,0.511097152168918,0.45010926219589437,0.14298462565038958,0.136436951769108,0.07436703280126682,0.38812905541183007,0.10209035700212678,0.21037918383510557,0.03769663650593466,0.12444991668506644,0.1220411005342612,0.1913953546245466,0.05728132427611854,0.1059039883693913,0.5189597123334065,0.5160830480454758,0.235072193377933,0.2838875189554751,0.5204202435072824,1.4536174812777638,1.5085114364407333,1.6768756503065974,1.7344006480411438,1.7200994579320974,1.7782745097625097,1.8604163996149077,2.009304861404644
2,8,0.4781700251055018,0.46616272958939864,0.6548973945345973,0.42017574708772665,64,1024,False,0.9772774098227704,0.9798239469297493,-0.0025465371069830905,0.9960696185285968,0.9843615173403965,0.20133501559566155,0.2160646706195796,0.6726372803985262,0.30718666653121907,0.6591044554958101,0.3056022654327022,0.9647067209285158,0.6832174392456102,0.13848687795948242,0.12575482600856416,0.07288025643785215,0.8586066913318323,0.1429366471413797,0.2597333840499434,0.03947782776246951,0.12642867653064677,0.16292117984994547,0.24048372359538916,0.05890975330112269,0.10773667848843616,0.9798239469297493,0.9772774098227704,0.6726372803985262,0.30718666653121907,0.9960696185285968,1.4536174812777638,1.4968476493089715,1.6768756503065974,1.7362547114089564,1.7200994579320974,1.7545034236795523,2.0275478794877815,2.1068923611000265
2,9,0.47552293591367445,0.4087471463491728,0.6044212137703415,0.36203284370247957,64,1024,False,1.0038999610288013,1.0061717328581377,-0.0022717718293360834,1.023867550298215,1.01611275005876,0.18997010377087395,0.20284550404377838,0.6055846001567398,0.40058713270140694,0.5923966716253283,0.40473683113506514,0.9971335027603953,0.5940996566511689,0.13320117388694905,0.11757543994993985,0.0699437444528812,0.8985373101088201,0.1325403222059252,0.2473998853358227,0.039313135361613655,0.1254669997831028,0.15248986974620493,0.2281900510424748,0.05882706794363912,0.10688286697404692,1.0061717328581377,1.0038999610288013,0.6055846001567398,0.40058713270140694,1.023867550298215,1.4536174812777638,1.5626187045415785,1.6768756503065974,1.7377271785566997,1.7200994579320974,1.7873964856533973,2.9561733949997766,2.9960027489633956
2,10,0.39849642836977117,0.3576050403786162,0.5563152976118624,0.3313265261224442,64,1024,False,0.6028346739053322,0.6047200645089269,-0.001885390603592958,0.6325495741099003,0.6183715340874629,0.1598981160269992,0.1587159992905851,0.1831636575434356,0.42155640696549274,0.17881124888465008,0.4324337399510124,0.6112449888356625,0.2925361387833394,0.12240610603821754,0.11589218281966483,0.07430283325053104,0.5024793512677981,0.10571107349997784,0.21408515855402055,0.03678454099788738,0.12115354243504484,0.12553791278332938,0.19498025834036525,0.05631370402988978,0.10264754155650735,0.6047200645089269,0.6028346739053322,0.1831636575434356,0.42155640696549274,0.6325495741099003,1.9598688082550897,1.7208898122776417,1.6768756503065974,1.7303987562732899,1.7200994579320974,1.78098944396288,3.036914089731911,2.9186217962365704
2,11,0.1978408099399444,0.30983921763261135,0.5063581382492989,0.3126072593239711,64,1024,False,1.4156622925057691,1.4154335127377766,0.00022877976799372902,1.4469594865993474,1.4365454011454357,0.22437170917483285,0.22228686136806877,0.5714526274239312,0.8439808853138411,0.56971428524862,0.8880408403344632,1.4577551255830834,0.390816177045333,0.1056239285064247,0.10749844565031938,0.07422026040185832,1.3290469554951163,0.16445545719824756,0.28428796115141813,0.030744670426536613,0.11365696401821374,0.18429516088508535,0.26479223847127287,0.05035776830482064,0.0953141180871171,1.4154335127377766,1.4156622925057691,0.5714526274239312,0.8439808853138411,1.4469594865993474,3.0311714658429563,2.9000147054186174,2.3805673969233734,2.5672889789881785,2.3805673969233734,2.5672889789881785,3.036914089731911,2.8974573640074603
3,0,0.5309135991600118,0.5383665559242283,0.7100233758302302,0.35679948179348864,64,1024,False,0.7415772445834509,0.7449391552369281,-0.003361910653482792,0.7248621789059412,0.7171404397588276,0.16780065996898974,0.16115544685483416,0.2544228928857389,0.4905162623511933,0.2704423074635947,0.4766413374613671,0.7470836449249618,0.36199736040367786,0.4666547680313178,0.46606705225733813,0.16278481696187905,0.25107338750148944,0.11194213706697467,0.2236591828710048,0.11108277915578378,0.22258757099976662,0.13170220392930787,0.20430162351840409,0.13081149452773388,0.20320608136535157,0.7449391552369281,0.7415772445834509,0.2544228928857389,0.4905162623511933,0.7248621789059412,1.4536174812777638,1.4964854402408123,1.6768756503065974,1.6734087571674383,1.7200994579320974,1.7209999712198778,3.036914089731911,3.6298788257791097
3,1,0.6489092105163282,0.6779961244850812,0.8126549231414403,0.42834097221856426,64,1024,False,1.2745985727278477,1.2806694845295352,-0.006070911801699483,1.2445088896796361,1.2721067754489883,0.19998607957732906,0.18317841296052373,0.6285395055029919,0.6521299790265477,0.6509706278465531,0.6523677665372917,1.3033383943838452,0.49946401537131135,0.48965380283491006,0.506809169450665,0.15834909469254135,0.7652976059983233,0.1416172438534011,0.258354915301257,0.10933699207797357,0.219128951879252,0.16126990234624827,0.23871009264257737,0.12895766927977093,0.19970249885955127,1.2806694845295352,1.2745985727278477,0.6285395055029919,0.6521299790265477,1.2445088896796361,1.1535410585527814,1.1332328893237857,1.156261193919322,1.143654380239277,1.156261193919322,1.143654380239277,2.0275478794877815,2.008078422507243
3,2,0.808684504515445,0.8548640316308643,0.9222150356562685,0.5151936012374728,64,1024,False,0.5238012032080667,0.53059962016629,-0.006798416958228342,0.5004905626946292,0.5255663929147792,0.133427477240337,0.13091742174255597,0.12094386213007428,0.4096557580362184,0.1345409253922473,0.4081233871132431,0.5426643125054902,0.2479266137311842,0.5181581628444298,0.5369082056085418,0.15285487485030658,-0.011341812693762554,0.0814025618591637,0.18545239262151028,0.10568998123642058,0.21445106188932295,0.1014416276520933,0.16666148493095534,0.12545463629066944,0.19520313663815614,0.53059962016629,0.5238012032080667,0.12094386213007428,0.4096557580362184,0.5004905626946292,1.0483100785713741,0.9439513204105453,0.8256917077970942,0.8492272552179269,0.8256917077970942,0.8492272552179269,1.1804940079677484,1.0444105440310458
3,3,0.999999999999999,0.9999999999999998,1.0,0.544494290315143,64,1024,False,0.5693822737334897,0.575755869217682,-0.006373595484193412,0.5431917608316528,0.5727485473045715,0.15866740974260532,0.15241043263410015,0.26501221672434366,0.310743652493338,0.2780839689834801,0.3069286863988765,0.5850126553823577,0.47534692869460665,0.5425003426350232,0.5719997971997206,0.1524253534375211,0.0007487501048508705,0.10445273173848092,0.21288208774672973,0.10448187260232253,0.2129172987283214,0.12433766269532498,0.19377069079928333,0.12436618804349564,0.19380506267771125,0.575755869217682,0.5693822737334897,0.26501221672434366,0.310743652493338,0.5431917608316528,0.886496806664342,0.9177063562854957,0.8256917077970942,0.8415585236987324,0.8256917077970942,0.8415585236987324,0.8050925315347081,0.8000189199013644
3,4,0.860737651420931,0.8791453494592777,0.9361804518028825,0.555793649066984,64,1024,False,0.6288948757139218,0.6347556235358319,-0.005860747821914919,0.6099528406497402,0.6305117410467567,0.16698894610735596,0.16006425754802656,0.3501023846294306,0.28465323890640265,0.36521146156168016,0.2845672414214837,0.6497787029831623,0.5620551425969772,0.5117922044237754,0.5303100005856203,0.15061521370868258,0.10020174046113639,0.11163755934880253,0.22234033286590937,0.10126952563786351,0.2097215033921075,0.13146523465547943,0.20309456235554535,0.12111275400093291,0.19057488470571116,0.6347556235358319,0.6288948757139218,0.3501023846294306,0.28465323890640265,0.6099528406497402,1.0344970774906639,1.0673093135998788,0.8256917077970942,0.8145247063947982,0.8256917077970942,0.8145247063947982,0.8050925315347081,0.7953812050974869
3,5,0.7621073763052152,0.7828682276495138,0.8804174113577667,0.5741529427514055,64,1024,False,0.5794515626238311,0.5858019213316489,-0.006350358707815225,0.5629938751292205,0.586759815345067,0.15794865023206392,0.1514996081306607,0.2908924216894922,0.294909499642152,0.3044275064736765,0.2916988925460473,0.5961263990197233,0.5106761032128092,0.48713277102162145,0.50019693552075,0.15313939593075748,0.0865628798243171,0.10390963292083209,0.21198766754329573,0.10427566401577999,0.21263506788494962,0.12381083209038479,0.19292194274748908,0.12415368638903601,0.19354117813054472,0.5858019213316489,0.5794515626238311,0.2908924216894922,0.294909499642152,0.5629938751292205,1.0483100785713741,1.1014592489748387,1.0344059660462177,1.0784631224785648,1.0344059660462177,1.0784631224785648,0.8050925315347081,0.8200796135961747
3,6,0.6736355334356561,0.6967493798515434,0.826175365974406,0.5651014781707233,64,1024,False,0.4555354644302663,0.46243253231897175,-0.006897067888705729,0.4375201438291071,0.45834210988491836,0.12370544792310684,0.1282901332412321,0.09724252471594745,0.36519000760302395,0.10641768707154428,0.35466466108400596,0.4610823481555499,0.23079974216589053,0.4607179256525505,0.46766081576175295,0.1549860486442087,-0.009318705876834588,0.0732855802137392,0.17412531563247446,0.10711256334014961,0.21485649841728982,0.09336902909853961,0.15552745326567674,0.12691882639046526,0.19571864743193146,0.46243253231897175,0.4555354644302663,0.09724252471594745,0.36519000760302395,0.4375201438291071,1.1535410585527814,1.2151087942792766,1.0344059660462177,1.0836492015470387,1.0344059660462177,1.0836492015470387,0.8050925315347081,0.8114416122457313
3,7,0.6074851320674597,0.6154392281170283,0.7712033673339959,0.5472584071602155,64,1024,False,0.4756938664008066,0.48315239509660085,-0.007458528695795466,0.461904407569055,0.4945207662675019,0.11281198578950563,0.12370379082771227,0.0009662296827279536,0.48218616541387277,0.0032936429250339395,0.4816440432002094,0.4849376861252432,0.006791888977222739,0.4435788317496201,0.4506188684355766,0.16025177760005876,0.04390189783192533,0.06320016825145196,0.1624238033275593,0.10769192964226784,0.2155115324547465,0.08335290802642703,0.14395122023415752,0.12740236484387424,0.19628224265761673,0.48315239509660085,0.4756938664008066,0.0009662296827279536,0.48218616541387277,0.461904407569055,1.1535410585527814,1.2397161057921853,1.4662831759253232,1.5332417604824078,1.3888267886192973,1.4433516345634292,0.8050925315347081,0.8116443467653737
3,8,0.5441126607341008,0.5377597599272731,0.7143142900666473,0.5086481424963939,64,1024,False,0.5341118988875494,0.5411987815981188,-0.007086882710570079,0.532045159757064,0.539014580999178,0.1194081662430133,0.1235495549918121,0.016695280225028294,0.5245035013730909,0.01041488170891006,0.5182984164814551,0.528713298190365,0.019698543132085446,0.43166895830998814,0.4281287836042681,0.16373694729065816,0.11088579739490989,0.06908906311355144,0.16972726937247518,0.11178284338350608,0.21990856205420845,0.08916758677514736,0.15116931568627479,0.13147181595559232,0.20065574531327002,0.5411987815981188,0.5341118988875494,0.016695280225028294,0.5245035013730909,0.532045159757064,1.3822747333472132,1.4968476493089715,1.6768756503065974,1.7362547114089564,1.3888267886192973,1.572390827090367,1.1804940079677484,1.2194071560500372
3,9,0.47208972527077553,0.467123497724587,0.6572189240224717,0.4579091009118101,64,1024,False,0.7283270700859467,0.7353432523416759,-0.007016182255729918,0.7339393518864814,0.7384776397109993,0.12697273192247513,0.13504139798108536,0.017050229122618145,0.7182930232190583,0.02567257912100397,0.7174921042452598,0.7431646833662652,0.034544939628611715,0.41774001217585477,0.40774561578365803,0.16552074317622759,0.3307320239273413,0.07574508847651559,0.17820037536843467,0.11479495108364272,0.22323835965900768,0.0959050745004788,0.15964683116908418,0.13449879875406623,0.20398263004608452,0.7353432523416759,0.7283270700859467,0.017050229122618145,0.7182930232190583,0.7339393518864814,1.4536174812777638,1.5626187045415785,1.6768756503065974,1.7377271785566997,1.7200994579320974,1.7873964856533973,1.8604163996149077,1.9855805160291773
3,10,0.37288372228189265,0.4028870093307062,0.6003375807695233,0.42746858219111944,64,1024,False,1.2366873667386211,1.2440304960520747,-0.0073431293134547755,1.2303439441548414,1.256161251037733,0.16862161038474766,0.177324674054231,0.47123320717534745,0.7727972888767274,0.5066167604275323,0.7773258233844984,1.2839425838120329,0.3945789841500422,0.4007960647359009,0.3979383981162432,0.16994946072723027,0.8582228529214897,0.11365007073181571,0.2235931500376796,0.11976845807595485,0.2283552732319745,0.1335167075812933,0.20445281572028762,0.1395427740571904,0.209162068538717,1.2440304960520747,1.2366873667386211,0.47123320717534745,0.7727972888767274,1.2303439441548414,1.9598688082550897,1.7208898122776417,1.6768756503065974,1.7303987562732899,1.7200994579320974,1.78098944396288,2.0275478794877815,2.088871259128777
3,11,0.1781983612685045,0.344112192197625,0.5420788898146525,0.39195677257856015,64,1024,False,1.7363744437699475,1.7376044866596687,-0.0012300428897187479,1.7030335588150256,1.758000941347743,0.20788083757970569,0.21536389690426438,0.8656963471773482,0.8719081394823073,0.8960728045990759,0.8922811137060563,1.788353918305138,0.501060106406848,0.3838730814174018,0.3835305896009203,0.17226481914214076,1.3744703517468229,0.1490024392474148,0.2667592359119966,0.12235079230205653,0.23175536181983142,0.16863044513593195,0.2471130234262091,0.14212207546370337,0.21255318914336385,1.7376044866596687,1.7363744437699475,0.8656963471773482,0.8719081394823073,1.7030335588150256,3.0311714658429563,2.9000147054186174,2.2332404194262625,2.33928179154851,2.2332404194262625,2.33928179154851,2.755574539145516,2.8974573640074603
4,0,0.46410255951211543,0.47348081637750883,0.6561333596952218,0.3278661419093525,64,1024,False,1.8428921016920263,1.8459324065388694,-0.0030403048468537874,1.8708038167943444,1.8438250521835244,0.2294603011701922,0.21297869170981518,1.337715756548332,0.5082166499905585,1.4055447455984325,0.48947704987860036,1.8950217954770299,0.7417037360483855,0.8363047058346688,0.8273503578589276,0.20960711541742186,1.0164746943245968,0.16813548084696373,0.2907851214934207,0.1640328060617635,0.2857942568745623,0.18778209161246195,0.2709282216965221,0.18365144442213932,0.2659302760803257,1.8459324065388694,1.8428921016920263,1.337715756548332,0.5082166499905585,1.8708038167943444,1.8621135419582169,1.8592167836795077,1.6768756503065974,1.6734087571674383,1.7200994579320974,1.7209999712198778,3.036914089731911,3.6298788257791097
4,1,0.5483273767982624,0.5929258674248798,0.7521284572653378,0.42516718718663143,64,1024,False,3.0175387966981524,3.02398273917353,-0.0064439424753795,3.044220353062388,3.042936033149118,0.2439484369223622,0.2273125975065761,2.388526254051143,0.6354564851223637,2.4582871392307033,0.6376640429743771,3.0959511822050905,0.7940329141365171,0.8530916103598374,0.85974242692105,0.2074590194330598,2.1831936062280684,0.1816007695171083,0.3062961043276161,0.1614752616155668,0.28202823728448867,0.201149189248099,0.28627224551019026,0.18101850459061097,0.2621343891514698,3.02398273917353,3.0175387966981524,2.388526254051143,0.6354564851223637,3.044220353062388,1.3822747333472132,1.1332328893237857,1.4662831759253232,1.3610873641161854,1.3888267886192973,1.2914506965932333,2.0275478794877815,2.008078422507243
4,2,0.6815849236877836,0.7482066257939685,0.8579864145878753,0.5302458928645327,64,1024,False,1.4814887404437456,1.489142650571312,-0.007653910127569536,1.4954248942459498,1.5138025258854007,0.22350412278913087,0.20961227873415092,1.0855857806917724,0.403556869879553,1.1413484478424334,0.4079214839271947,1.5492699317696241,0.736700832074337,0.8784514642081038,0.8879984488622382,0.2037421212554836,0.6258040770231624,0.16303634696261365,0.2839718986156481,0.15685700753108195,0.2762215435912513,0.1826374416195904,0.26413383280305425,0.17641097628802527,0.25638729522324866,1.489142650571312,1.4814887404437456,1.0855857806917724,0.403556869879553,1.4954248942459498,1.1535410585527814,0.9439513204105453,1.0344059660462177,0.9701074548406781,1.0344059660462177,0.9701074548406781,1.1804940079677484,1.0444105440310458
4,3,0.860737651420931,0.8791453494592777,0.9361804518028825,0.5723666095412882,64,1024,False,1.206299752934843,1.2137471262945871,-0.0074473733597371135,1.2110705586363704,1.2293649178436517,0.22190426402869187,0.20837822767950798,0.8998911682039089,0.3138559580906807,0.9385825945244514,0.31657673468375985,1.25515932920821,0.7477796425387172,0.9019799469713566,0.9185382192420488,0.2001704447376222,0.31082669860160284,0.16168926346619672,0.282119264591187,0.1534703680663042,0.2721838421583004,0.18126611755724298,0.2622701545697055,0.17301978183968458,0.25236335413501365,1.2137471262945871,1.206299752934843,0.8998911682039089,0.3138559580906807,1.2110705586363704,1.0344970774906639,1.0092722944698487,0.8256917077970942,0.8415585236987324,0.8256917077970942,0.8415585236987324,0.8050925315347081,0.7862474413671666
4,4,0.9999999999999998,0.9999999999999996,0.9999999999999998,0.6022881381025358,64,1024,False,0.9296769354704473,0.9369664750167581,-0.007289539546310818,0.9341614352834657,0.9478639910179566,0.2088859394719877,0.19780308900019936,0.668608184407868,0.26835829060888655,0.702340747817683,0.270004726604653,0.9723454744223288,0.7223160556539271,0.9334734465376432,0.9471295597519488,0.19787390349373252,0.0007344312660078067,0.15002827651668393,0.26774360242729145,0.15010654511941735,0.2678355858437253,0.16956297509022988,0.24794246156670852,0.16964153959270334,0.24803433305351064,0.9369664750167581,0.9296769354704473,0.668608184407868,0.26835829060888655,0.9341614352834657,0.886496806664342,0.882163658608058,0.8256917077970942,0.8145247063947982,0.8256917077970942,0.8145247063947982,0.8050925315347081,0.7953812050974869
4,5,0.8769843735399382,0.8850572934671617,0.9395564924104725,0.6053824556158982,64,1024,False,0.7815129408980077,0.789058154054377,-0.007545213156362297,0.7789560051826651,0.7955870419217466,0.19117560492530003,0.1778876100545145,0.5090944862201391,0.27996366783423254,0.5362467131854699,0.2757380150349792,0.8119847282204503,0.6604147769634915,0.8998176567364548,0.9103135073497203,0.19880037392522726,-0.11472646542797371,0.13404929329485837,0.2483019165557417,0.15449222594495654,0.27279702722301946,0.15364423473511124,0.2286842286994215,0.1740438939887099,0.25299044072744437,0.789058154054377,0.7815129408980077,0.5090944862201391,0.27996366783423254,0.7789560051826651,1.0344970774906639,1.1014592489748387,0.8256917077970942,0.8199422202857916,0.8256917077970942,0.8199422202857916,0.8050925315347081,0.8200796135961747
4,6,0.7698222900747936,0.7866697703995074,0.8829717762401965,0.6259035242209826,64,1024,False,0.7561715999948815,0.765058547922727,-0.008886947927846386,0.7591267221641788,0.7757612831949398,0.17149058363044672,0.16530403009567982,0.4281139644457335,0.3369445834769865,0.45609211092324425,0.3299788987004777,0.7860710096237244,0.5802174426220933,0.8694684654399499,0.8744442844757938,0.20436069345764618,-0.09868300128085405,0.11657018359052077,0.22641098367037268,0.1576235080605322,0.27576194666960824,0.13625163243705174,0.2070515290106414,0.17720317119528772,0.25599841013900004,0.765058547922727,0.7561715999948815,0.4281139644457335,0.3369445834769865,0.7591267221641788,1.0483100785713741,1.0786074897299862,1.0344059660462177,1.0836492015470387,1.0344059660462177,1.0836492015470387,0.8050925315347081,0.8114416122457313
4,7,0.6768798703013741,0.6937726167887917,0.8251635446077283,0.6181613968032578,64,1024,False,0.5214561757810035,0.5314112123448823,-0.009955036563881704,0.5137408339297156,0.552161044966383,0.11390210955565995,0.11831650405834203,0.11323808514392464,0.41817312720095745,0.1349628637816265,0.41689269756638625,0.5518555613480135,0.24456193474240562,0.8410735195487655,0.8490403177704852,0.21504456310688086,-0.2968792728041022,0.06459754980059809,0.1632066693107218,0.16328847252539336,0.28202685660920634,0.08464377505879384,0.14466064478619955,0.18278577362070791,0.2621739489186439,0.5314112123448823,0.5214561757810035,0.11323808514392464,0.41817312720095745,0.5137408339297156,1.1535410585527814,1.2397161057921853,1.0344059660462177,1.0662394614263258,1.0344059660462177,1.066239461426326,0.8050925315347081,0.8116443467653737
4,8,0.5794900577695324,0.6038659358517804,0.7643021479186228,0.5772164795512599,64,1024,False,0.48649574419678887,0.49607438591892705,-0.009578641722137212,0.47588910075656826,0.504880932555242,0.10253855469313451,0.10735562161967736,0.008647534215299181,0.4874268517036278,0.014614286649206054,0.48458556584207835,0.49919985249128324,0.029275422611350313,0.8177005883426944,0.8138195829528617,0.2231514367273229,-0.3089386503976197,0.054915525826445016,0.150161583559824,0.172112879851587,0.2919165819015489,0.07489606865419773,0.13169132854091004,0.19150163751328364,0.2719247225250001,0.49607438591892705,0.48649574419678887,0.008647534215299181,0.4874268517036278,0.47588910075656826,1.1535410585527814,1.2234791145034594,1.4662831759253232,1.6128254418407422,1.3888267886192973,1.572390827090367,0.8050925315347081,0.8197756183812261
4,9,0.47860788400278004,0.5205925482384921,0.7013464700534356,0.5355707978487598,64,1024,False,0.768718801179544,0.7786089723733002,-0.00989017119375735,0.7779073904809048,0.7886500611088424,0.12371865035657413,0.12587970026240158,0.07587062971459455,0.7027383426587059,0.0878179866346678,0.7050521644825753,0.7928701511172442,0.11075960737192878,0.8027688054864197,0.7810492300261326,0.22944145922577325,0.0076008310827098136,0.07393468983052624,0.17350261088262203,0.17821567513862965,0.2987107445655619,0.0940874690641067,0.15503452473785728,0.19767211633734405,0.2787707822571974,0.7786089723733002,0.768718801179544,0.07587062971459455,0.7027383426587059,0.7779073904809048,1.4536174812777638,1.5626187045415785,1.6768756503065974,1.7377271785566997,1.7200994579320974,1.7873964856533973,0.8136522585121033,0.7950260534185858
4,10,0.36507902391578323,0.44508671636751745,0.6383439932120298,0.49866833057935567,64,1024,False,0.8498904443367116,0.8603812290451005,-0.010490784708389734,0.8633947922136174,0.8633348592318807,0.1318974936006349,0.13151808946429558,0.1279994649821559,0.7323817640629465,0.13949491592207736,0.7400763139545983,0.8795712298766769,0.15859422316670782,0.7859630151618162,0.7677407098001452,0.2385306693001987,0.0955941494317355,0.08139729502019943,0.18239769218107038,0.1866046458520924,0.30827281324470207,0.10123333992669359,0.16354842423606897,0.20618111548537854,0.2884143054179731,0.8603812290451005,0.8498904443367116,0.1279994649821559,0.7323817640629465,0.8633947922136174,1.9598688082550897,1.7208898122776417,1.6768756503065974,1.7303987562732899,1.7200994579320974,1.78098944396288,1.1804940079677484,1.1665053489118802
4,11,0.1626822078871403,0.37599839545870123,0.5735019683688451,0.451500961249558,64,1024,False,0.6744954101274375,0.676547227300201,-0.002051817172760939,0.6648165176512844,0.6862094359418852,0.12348516999720241,0.1313631029378045,0.11277065576509518,0.5637765715351061,0.12271159823003405,0.5702804356991523,0.6929920339291863,0.1770750488057896,0.7649973043748457,0.7521417234013976,0.24777518518901495,-0.0659322874595124,0.0736706364531554,0.1732997035412494,0.19387685143741729,0.3170743374514058,0.09345768152707024,0.15446952095226152,0.21347795007750392,0.2972061772670713,0.676547227300201,0.6744954101274375,0.11277065576509518,0.5637765715351061,0.6648165176512844,3.0311714658429563,2.9000147054186174,1.6768756503065974,1.649286318213872,1.7200994579320974,1.649286318213872,1.8604163996149077,2.0294534014889027
5,0,0.40029643269140086,0.42405306421187,0.6145643341484271,0.3010391894237238,64,1024,False,2.39948965038286,2.4023703260788145,-0.002880675695947509,2.443733007395103,2.4029858321938145,0.23410277939499308,0.21695457700478066,1.8248781699139411,0.5774921561648864,1.891695336026207,0.5658937846757456,2.45758912070195,0.7697362102115307,0.9695253340727136,0.9613882527971399,0.21669540160617562,1.4415975793966744,0.17209952444762094,0.2961060343423652,0.17098305840263622,0.29429578535644874,0.19170496564765926,0.2761630841487204,0.1905811457982054,0.2743584377167281,2.4023703260788145,2.39948965038286,1.8248781699139411,0.5774921561648864,2.443733007395103,1.9598688082550897,2.0775045711532045,1.6768756503065974,1.6734087571674383,1.7200994579320974,1.7209999712198778,3.036914089731911,3.6298788257791097
5,1,0.48224404751600436,0.5289174712272176,0.7043217384581479,0.3968242051196632,64,1024,False,4.560623207877956,4.566993038949448,-0.0063698310714805275,4.603982312643738,4.563900986238832,0.25009462573041336,0.23387207104721122,3.9046936886298456,0.6622993503195835,3.9739761673209077,0.6568111427103978,4.630787310031313,0.8581642604730286,0.9886014485892478,0.9885570758417774,0.21604014444149572,3.575343910397055,0.1870488005253747,0.313140450935452,0.16811073105800317,0.2904372851429673,0.20659047402295982,0.29306594790978124,0.1877056466692011,0.27053680643439293,4.566993038949448,4.560623207877956,3.9046936886298456,0.6622993503195835,4.603982312643738,1.4536174812777638,1.3283164984388516,1.6768756503065974,1.495732863058832,1.7200994579320974,1.5113477454234707,2.755574539145516,2.29347259577096
5,2,0.6020738787285426,0.6640806596694322,0.8035219867700398,0.511214056368828,64,1024,False,2.5660550172164522,2.574047330134261,-0.007992312917795898,2.5943191419480303,2.6016458291886075,0.24524725269677167,0.22962834354036085,2.131410212349049,0.4426371177852056,2.203649169632732,0.4435005795266068,2.64714974915934,0.8324610915315798,1.0128124947120163,1.0224036599447914,0.21401404689611914,1.579242169243816,0.182693364280539,0.30780114111300433,0.16508554587447047,0.2867018383522747,0.2022943258707528,0.28782211696670856,0.18471488113573287,0.2668681900249794,2.574047330134261,2.5660550172164522,2.131410212349049,0.4426371177852056,2.5943191419480303,1.1535410585527814,0.9439513204105453,1.156261193919322,0.9701074548406781,1.156261193919322,0.9701074548406781,1.1804940079677484,1.0444105440310458
5,3,0.7621073763052152,0.7828682276495138,0.8804174113577667,0.5616675092059182,64,1024,False,1.6852292182165114,1.6932333723136792,-0.008004154097169215,1.697820450259131,1.715854684945518,0.23535745764155608,0.22344437291075037,1.3393541536020421,0.35387921871164146,1.3896665921942826,0.3563230832864599,1.7459896754807411,0.7959191349809394,1.0396185310865402,1.0591074278243646,0.21124356790534338,0.6567472571211534,0.17374269813713278,0.2969722171459794,0.16081667826926188,0.2815316363197564,0.19337326157983625,0.277083769091405,0.18042193538713036,0.26170134128187783,1.6932333723136792,1.6852292182165114,1.3393541536020421,0.35387921871164146,1.697820450259131,1.0483100785713741,1.0536785177995818,1.0344059660462177,0.9911333417177483,1.0344059660462177,0.9911333417177483,0.8050925315347081,0.7862474413671666
5,4,0.8769843735399382,0.8850572934671617,0.9395564924104725,0.5870816758725854,64,1024,False,1.2272292523061827,1.2349931670570948,-0.007763914750909737,1.2344698853200682,1.2524253068852147,0.22681591484538008,0.21547330814284124,0.938589511485743,0.2964036555713433,0.9829471900521395,0.2970978213702928,1.2800450114224287,0.7679004888741028,1.0693724879202398,1.0895821137868706,0.20980707164946177,0.16284319309834405,0.1663321016322507,0.28729972805850945,0.16057249692225825,0.2805919998822931,0.18591764793382026,0.26744161287206225,0.18013520975364372,0.2607433606463019,1.2349931670570948,1.2272292523061827,0.938589511485743,0.2964036555713433,1.2344698853200682,1.0344970774906639,1.0440966670638265,0.8256917077970942,0.8145247063947982,0.8256917077970942,0.8145247063947982,0.8050925315347081,0.7953812050974869
5,5,1.0000000000000002,0.9999999999999998,1.0,0.6043677055411061,64,1024,False,1.096858397725078,1.1052472389349184,-0.008388841209836129,1.0986724193002824,1.1168629340219334,0.21728611408487916,0.204834484707523,0.802549146606502,0.3026980923284173,0.8390039181268248,0.2987088810070197,1.1377127991338505,0.7374479031663922,1.097902250995114,1.1160323551117237,0.2048990647368108,0.0008305789102096561,0.157689044382502,0.2768831837872563,0.15775552665745263,0.27696241145277967,0.17727429672231665,0.2570846030066605,0.177340205249493,0.25716278915206203,1.1052472389349184,1.096858397725078,0.802549146606502,0.3026980923284173,1.0986724193002824,0.886496806664342,0.8672081146065291,0.8256917077970942,0.8199422202857916,0.8256917077970942,0.8199422202857916,0.8050925315347081,0.8200796135961747
5,6,0.8805636390222923,0.887052418429117,0.9408107010740496,0.6310400414346761,64,1024,False,1.5034959861320858,1.5134822909474563,-0.009986304815363218,1.5157847869838714,1.5373911591312204,0.22877750514219342,0.2187839755706045,1.1484083801512497,0.36507391079620666,1.1978274172781922,0.36141980007748614,1.5592472173556908,0.7682087894372348,1.0532282371953532,1.0688272044742833,0.21057901822338101,0.4685639546569371,0.16857223991158288,0.28898277037280395,0.16093257743372105,0.28003167997509726,0.18817052109079668,0.2691556152931298,0.1805056585581042,0.26022290753462585,1.5134822909474563,1.5034959861320858,1.1484083801512497,0.36507391079620666,1.5157847869838714,1.0344970774906639,0.9657416904202057,0.8256917077970942,0.7832374953361083,0.8256917077970942,0.7832374953361083,0.8050925315347081,0.7845438278143807
5,7,0.7788767271190694,0.7848157687755422,0.8822557850657582,0.6176974904956088,64,1024,False,1.3981068871265079,1.409126461771516,-0.011019574645014185,1.3982935833860433,1.4617481066714624,0.20449593987263492,0.1983559248542824,0.9477118313558185,0.4614146304157086,1.0135600228847992,0.464590004793702,1.4781500276785091,0.6856949591758515,1.0189173734316723,1.0396279359477636,0.22024025809869624,0.4221201707236988,0.1466324697709349,0.26235940997433493,0.16816024495338855,0.28791475708154823,0.16618403649044922,0.24266517745127203,0.1876700364809949,0.2680330326402327,1.409126461771516,1.3981068871265079,0.9477118313558185,0.4614146304157086,1.3982935833860433,1.0483100785713741,1.0281702141609244,1.0344059660462177,1.0662394614263258,1.0344059660462177,1.066239461426326,0.8050925315347081,0.8116443467653737
5,8,0.6640937262633766,0.6825695397802756,0.8184613870055772,0.5808426413229139,64,1024,False,1.2010884566573328,1.211823945934103,-0.010735489276769374,1.1845776006428916,1.253279521732161,0.17190398611733002,0.17325730135068063,0.6579083733037306,0.5539155726303702,0.708372484143556,0.558332235478196,1.2667047196217525,0.5592246347318272,0.9843915961534314,0.9983859455559758,0.2271795254008761,0.25489357617618524,0.11714781122759438,0.22666016100706565,0.17606956141810742,0.29676399668054826,0.1370206576975761,0.20752891679148888,0.1955259710593964,0.2768145544177969,1.211823945934103,1.2010884566573328,0.6579083733037306,0.5539155726303702,1.1845776006428916,1.1535410585527814,1.2234791145034594,1.0344059660462177,1.0796506702040702,1.0344059660462177,1.0796506702040702,0.8050925315347081,0.8197756183812261
5,9,0.5179733931850218,0.5862852826249967,0.7509575351382298,0.5327372624837634,64,1024,False,1.5252992395840117,1.5361374658294853,-0.010838226245476387,1.5377060575802164,1.5692840231211251,0.1755110826323606,0.17734113855812006,0.7525481492539315,0.7835893165755583,0.7948315193318416,0.798823666596123,1.593655185927971,0.4987474871291046,0.9668651338747456,0.9529272716476033,0.2348039396591743,0.6163567514735219,0.12077425731086351,0.2302479079538577,0.18403807391374905,0.3056040050662073,0.14072261464752955,0.21118819359253393,0.2035237163945567,0.28566150179540273,1.5361374658294853,1.5252992395840117,0.7525481492539315,0.7835893165755583,1.5377060575802164,1.4536174812777638,1.5626187045415785,1.4662831759253232,1.4615216504816637,1.3888267886192973,1.3800691845627728,0.8906209655848782,0.7950260534185858
5,10,0.37707760752509006,0.4965242392535112,0.6807626034775015,0.49618003637138003,64,1024,False,1.8255642103797223,1.837111622200418,-0.011547411820689421,1.840290052080304,1.8720157901409733,0.19232078777384648,0.1922342373253941,0.9764004058207858,0.8607112163796234,1.0169886970549395,0.8885994911540317,1.9055881882089674,0.5336875529286269,0.9428533409883582,0.9329343256486258,0.24365826677184318,0.9390814644923475,0.13619853342643526,0.2484430421212577,0.19177902180551148,0.31442598320245857,0.15594801776023814,0.22907591277180472,0.21134564126987243,0.2945258356267004,1.837111622200418,1.8255642103797223,0.9764004058207858,0.8607112163796234,1.840290052080304,1.9598688082550897,1.7208898122776417,1.6768756503065974,1.7303987562732899,1.7200994579320974,1.78098944396288,1.210794329752014,1.1665053489118802
5,11,0.1725002341489182,0.41672016450342886,0.6090240555024373,0.4528058524651752,64,1024,False,2.3303613717659597,2.332747954774861,-0.0023865830089142693,2.300799752549282,2.361473206508958,0.22889048034615955,0.22681278124417406,1.530036838143138,0.8027111166317276,1.5610496787408752,0.8325078085807306,2.3935574873216066,0.6521880869833176,0.9180243336939102,0.9075008445855381,0.2523153061179401,1.45397236192342,0.1690881505164303,0.28869281017588877,0.19838074552023607,0.3223960778235564,0.1888015340155107,0.2690542447162443,0.21794028329168214,0.3024561402417021,2.332747954774861,2.3303613717659597,1.530036838143138,0.8027111166317276,2.300799752549282,3.0311714658429563,2.9000147054186174,1.6768756503065974,1.649286318213872,1.7200994579320974,1.649286318213872,1.8604163996149077,2.0294534014889027
6,0,0.35595751134927955,0.38656023717216037,0.5810927713930298,0.29675762431406066,64,1024,False,1.7725742911626903,1.7748299332773234,-0.0022556421146298663,1.8067793236973548,1.7461509590610391,0.2277805313366659,0.21196527717591618,1.30510952235969,0.46972041091761685,1.338448726899108,0.4484515711324828,1.7869002980315811,0.7490338036058981,0.8216702368157295,0.8089656533978059,0.21492641809934163,0.9371853056632332,0.16628171576186712,0.2892793469114647,0.16826185113559491,0.29113441090564085,0.18587703834782587,0.26935613854584517,0.1878335528963362,0.2711850351697649,1.7748299332773234,1.7725742911626903,1.30510952235969,0.46972041091761685,1.8067793236973548,2.3541187344951147,2.732581496231303,1.6768756503065974,1.6734087571674383,1.7200994579320974,1.7209999712198778,3.036914089731911,3.6298788257791097
6,1,0.4300362422730732,0.4790627686286406,0.6638944019656503,0.3866666721035005,64,1024,False,2.9057504963515663,2.91096035859604,-0.0052098622444563866,2.935680568112956,2.858954209256818,0.245869089362342,0.22809337688270068,2.3399469747369004,0.5710133838591385,2.3520921402071138,0.5535298083831949,2.9056219485903028,0.8094969620353603,0.8357428007785047,0.8242204919597431,0.2138608324274999,2.0347337172970748,0.1832906762833375,0.3084475024413465,0.1660076793461145,0.2877702143573148,0.20282216625491856,0.288393966446165,0.18548870218364755,0.2677785572668654,2.91096035859604,2.9057504963515663,2.3399469747369004,0.5710133838591385,2.935680568112956,1.9598688082550897,1.8614998412742416,1.6768756503065974,1.495732863058832,1.7200994579320974,1.5113477454234707,2.9561733949997766,2.961296601721482
6,2,0.5401807991330627,0.5933034804438309,0.7535315190001421,0.49530580239344923,64,1024,False,1.6229906776004657,1.62958810033196,-0.006597422731481026,1.648495401963883,1.6122318598921572,0.23532252730395575,0.21684900985407896,1.2748023294889668,0.3547857708429897,1.2937282092327833,0.35028036330117074,1.6440085725339495,0.7869351965961645,0.8614855400213844,0.8523350066825433,0.20665993938669536,0.759896853209614,0.1736949477398856,0.2969501068680259,0.16254755229956808,0.2833958774057228,0.1933096467255382,0.2770479724931647,0.1821189639813383,0.2635304280120181,1.62958810033196,1.6229906776004657,1.2748023294889668,0.3547857708429897,1.648495401963883,1.3822747333472132,1.3290305996238794,1.4662831759253232,0.9701074548406781,1.3888267886192973,0.9701074548406781,1.210794329752014,1.0444105440310458
6,3,0.6736355334356561,0.6967493798515434,0.826175365974406,0.5587013017937631,64,1024,False,1.0774847738916653,1.0844209256982886,-0.006936151806628545,1.0893099905716421,1.0728928156088762,0.21980004347462484,0.20271762918236705,0.7951423766624547,0.2892785490358392,0.8094715966209021,0.28394079030529973,1.093412386926204,0.7403168340688777,0.8881401022232625,0.8841576689798056,0.20253944367883514,0.18873514662907054,0.15962962726366844,0.2799704596855812,0.15727754878485728,0.2774527394882425,0.1792145911967964,0.2601382601351361,0.17692047348828055,0.25768780585349305,1.0844209256982886,1.0774847738916653,0.7951423766624547,0.2892785490358392,1.0893099905716421,1.1535410585527814,1.0536785177995818,1.0344059660462177,0.9911333417177483,1.0344059660462177,0.9911333417177483,0.8050925315347081,0.7862474413671666
6,4,0.7698222900747936,0.7866697703995074,0.8829717762401965,0.5888118881323108,64,1024,False,0.859838270941876,0.8666301592065485,-0.006791888264670188,0.8690843281232875,0.8624019988591529,0.210138341637092,0.19820134807482392,0.6295226246378494,0.23710753456870418,0.6491717951179957,0.23435515941749957,0.8835269545354977,0.7347504134260273,0.9166960511771557,0.9187307795720846,0.20238046641021246,-0.05632878071293168,0.1510685359703438,0.2692081473038402,0.15447404391630137,0.27338646542160144,0.170650230073079,0.24945284378918586,0.17408524760685395,0.2536338450809126,0.8666301592065485,0.859838270941876,0.6295226246378494,0.23710753456870418,0.8690843281232875,1.0483100785713741,1.0673093135998788,1.0344059660462177,1.0612274978546763,1.0344059660462177,1.0612274978546763,0.8050925315347081,0.7953812050974869
6,5,0.8805636390222923,0.887052418429117,0.9408107010740496,0.5967349104604589,64,1024,False,0.7519287647585999,0.7590494734525414,-0.007120708693940407,0.754682861713509,0.7563059809893313,0.19727210778234502,0.18028665811987532,0.5136326859766741,0.2454167874758598,0.5298441619709532,0.24233603929331404,0.7721802012642641,0.6861664687898725,0.9432040724093346,0.9450840901671518,0.19466032932261396,-0.18877810917782045,0.13962342195726107,0.254920793607429,0.15189575732825264,0.2697742133606911,0.15926206134463428,0.23532209286349826,0.17153828859591158,0.250091884379799,0.7590494734525414,0.7519287647585999,0.5136326859766741,0.2454167874758598,0.754682861713509,1.0344970774906639,1.1014592489748387,0.8256917077970942,0.8199422202857916,0.8256917077970942,0.8199422202857916,0.8050925315347081,0.8200796135961747
6,6,1.0000000000000002,0.9999999999999998,1.0,0.643656809168795,64,1024,False,0.9705026009522157,0.9795441123506516,-0.009041511398425883,0.9836865774009014,0.9854267039079427,0.2004380009695324,0.19116119049449476,0.6839800542563075,0.29556405809433944,0.7110520278374153,0.28962277137415243,1.0006747992115654,0.7105725340516772,0.9829200271391478,0.9846315773429581,0.1912321473846,0.000795126564984594,0.14263316491130867,0.25824283702775613,0.14271007172509861,0.25833386635900213,0.16226384312903974,0.23861914117151173,0.1623403840494575,0.2387093075813027,0.9795441123506516,0.9705026009522157,0.6839800542563075,0.29556405809433944,0.9836865774009014,0.886496806664342,0.8638701760748764,0.8256917077970942,0.7832374953361083,0.8256917077970942,0.7832374953361083,0.8050925315347081,0.7303553197936384
6,7,0.9022636734332037,0.8924692138832678,0.9437669287812414,0.6503409245801436,64,1024,False,0.7134643677617849,0.7239800068430556,-0.010515639081269222,0.712167010327315,0.7475248167793446,0.14296792764540087,0.1428795348472886,0.34026869072732435,0.3837113161157303,0.37267916988119104,0.3833519055488753,0.7560310754300673,0.49294160252499275,0.9340958543243791,0.9445647794195614,0.1954456404628901,-0.19703996264021684,0.09048617854847604,0.1954496767423257,0.1466511251206043,0.2628189880422976,0.11035663623624714,0.17649056465597823,0.16622067143180175,0.24312930016458267,0.7239800068430556,0.7134643677617849,0.34026869072732435,0.3837113161157303,0.712167010327315,0.9180172528902233,1.0281702141609244,0.8256917077970942,0.8080923332981516,0.8256917077970942,0.8080923332981516,0.712167010327315,0.8116443467653737
6,8,0.78234104698423,0.7818752024804061,0.8807067679826606,0.6337944254745043,64,1024,False,0.7599670392808923,0.7708239554221301,-0.010856916141233948,0.7571920926002271,0.7957167095535529,0.13378468641790275,0.1361172301542683,0.2927871409404017,0.4780368144817281,0.3252802818090067,0.4787548163778973,0.8040350981869044,0.40455980409625436,0.893452843588193,0.8945130930890173,0.20384468854954238,-0.09879638353546438,0.08256352468687121,0.18500584814893428,0.15144970916748662,0.267831155778489,0.10256662257597782,0.1662821424906724,0.17098292505397694,0.24811090694129234,0.7708239554221301,0.7599670392808923,0.2927871409404017,0.4780368144817281,0.7571920926002271,1.0483100785713741,1.1107443075723877,1.0344059660462177,1.0796506702040702,1.0344059660462177,1.0796506702040702,0.8050925315347081,0.8197756183812261
6,9,0.5850093568459284,0.6726960239878141,0.8107916892806171,0.592866839521378,64,1024,False,1.0016444028799754,1.0129427560284419,-0.011298353148467406,1.0167303444881146,1.0345348394790022,0.14084490693942747,0.13695357608297232,0.3048528592194194,0.708089896809017,0.3347573567370337,0.7177106245255254,1.0524679812625628,0.3180689224725409,0.8745520615472687,0.8462684527615975,0.21084604242555388,0.1882663867174047,0.08940217346363408,0.19228764041522087,0.16001509317941717,0.2773766117581916,0.10935872043046402,0.1734895476474776,0.17958816571626812,0.2576659816186293,1.0129427560284419,1.0016444028799754,0.3048528592194194,0.708089896809017,1.0167303444881146,1.1535410585527814,1.1588653274607104,1.156261193919322,1.1761941724094942,1.156261193919322,1.1761941724094942,0.8050925315347081,0.7950260534185858
6,10,0.4053408332303992,0.5682995568223264,0.7353803964549648,0.5484118649678696,64,1024,False,1.3095318133752156,1.3214569376682666,-0.011925124293050083,1.3347823888806156,1.3521543353058991,0.16423162661275076,0.15866868385581145,0.5376063860909966,0.7838505515772658,0.5766235375588794,0.8063465374772891,1.3829700750361644,0.4169457806553051,0.8462721540071005,0.8199014837741464,0.2209601181229746,0.5322528515317527,0.11049253040854899,0.2179707228169525,0.1696212519381592,0.28828126924283165,0.13033359922701493,0.1988862838843488,0.1892602169973543,0.2685787428636104,1.3214569376682666,1.3095318133752156,0.5376063860909966,0.7838505515772658,1.3347823888806156,1.9598688082550897,1.7208898122776417,1.4662831759253232,1.475049895061637,1.3888267886192973,1.3920058709568668,0.8050925315347081,0.7857238499698229
6,11,0.20769327712587937,0.47517410951876426,0.6564035146156868,0.5178556439526998,64,1024,False,4.490775466320164,4.493454899507242,-0.0026794331870683076,4.492603241306,4.550624009487981,0.2745622678744787,0.2608805047570625,3.3903639343132963,1.1030909651939198,3.4382712485563913,1.1658135452421536,4.604084793798532,0.7467871254646673,0.8199685067120694,0.7924087795042043,0.22998242370225194,3.7582152299837768,0.21126806027066003,0.33785647547829734,0.1768890344411583,0.2971262350594259,0.23101863900228636,0.3180216152322828,0.19653404768905602,0.2773942796702613,4.493454899507242,4.490775466320164,3.3903639343132963,1.1030909651939198,4.492603241306,3.0311714658429563,2.9000147054186174,1.6768756503065974,1.5694774539718797,1.7200994579320974,1.645696669571955,1.1804940079677484,0.8324339608104617
7,0,0.33008834548454724,0.35149447413679813,0.5482749967499772,0.24936884732428893,64,1024,False,2.6635036756446757,2.664777839929584,-0.0012741642849147415,2.699046245625457,2.6699889134023294,0.2440764321585317,0.22825016315759877,2.238974298978427,0.42580354095116846,2.2987426577435723,0.4227175584603572,2.72146021620392,0.84467251957481,0.8506573276922816,0.8548511941997701,0.2179309062735438,1.8151377192025593,0.18132267134588737,0.30683019297117603,0.16832434000357088,0.29130509452047587,0.20095384542946704,0.28685754047182854,0.18787457280996023,0.27133388623042265,2.664777839929584,2.6635036756446757,2.238974298978427,0.42580354095116846,2.699046245625457,2.629784039987982,2.732581496231303,2.2332404194262625,2.140079254186424,2.2332404194262625,2.140079254186424,3.036914089731911,3.6298788257791097
7,1,0.40499670185176834,0.4320619344214581,0.6239640094046857,0.3341650300516035,64,1024,False,4.992914193354648,4.996759757769193,-0.003845564414531057,5.0263526693385385,4.9870487443142055,0.2583552615447586,0.24325892159900403,4.466582472071186,0.5301772856979976,4.523248879645738,0.5238622158723876,5.047111095518135,0.8962055310536775,0.8713744018635605,0.8812308053896097,0.21660400302210894,4.105817938924596,0.19486807874418438,0.32184244434533277,0.16489303956659382,0.28639114507965246,0.21438154814677546,0.30171349908050615,0.18434612110286253,0.26638159238063963,4.996759757769193,4.992914193354648,4.466582472071186,0.5301772856979976,5.0263526693385385,1.9598688082550897,1.8614998412742416,1.6768756503065974,1.495732863058832,1.7200994579320974,1.5471706127534384,3.036914089731911,3.0640811283764298
7,2,0.5002517654276091,0.5281687343351746,0.7044984660444686,0.4538680455127502,64,1024,False,3.1175619785153574,3.123223458622591,-0.005661480107220861,3.1489519303901754,3.148131388726633,0.25760521163294886,0.24158502513355276,2.7890164812911173,0.3342069773314751,2.8548844742438777,0.3355827834998944,3.190467257743786,0.8948170420224831,0.900647560195986,0.9136588583263326,0.21108518117329697,2.2344725304003004,0.19424656205082863,0.3209638612150691,0.16157977677798477,0.28227350469156,0.21379253542545484,0.30087946348794503,0.1811282593262149,0.2623930849658791,3.123223458622591,3.1175619785153574,2.7890164812911173,0.3342069773314751,3.1489519303901754,1.4536174812777638,1.4452287543680176,1.6768756503065974,1.675099489355894,1.7200994579320974,1.7033052924196739,1.8604163996149077,1.8415065614620312
7,3,0.6074851320674597,0.6154392281170283,0.7712033673339959,0.5215296145698247,64,1024,False,2.2318994702419457,2.23809170733002,-0.006192237088070045,2.2460295076170986,2.259626166898629,0.2518433983342359,0.23822615573310146,1.9540986384559587,0.2839930688740523,2.009505915345872,0.2808587894741536,2.2903647048200266,0.8773737698266599,0.9284683173304881,0.9488457382603878,0.20581251787636354,1.3107804286382412,0.18873890102033009,0.31494789564814174,0.15699943056145707,0.2771581675601803,0.20825390784011688,0.29484621912706643,0.17664069218881195,0.25739399308076827,2.23809170733002,2.2318994702419457,1.9540986384559587,0.2839930688740523,2.2460295076170986,1.1535410585527814,1.0536785177995818,1.4662831759253232,1.384692379739979,1.3888267886192973,1.359159154184071,1.1804940079677484,1.1730281085446304
7,4,0.6768798703013741,0.6937726167887917,0.8251635446077283,0.5436851522478133,64,1024,False,1.3585264865378734,1.3644433183472686,-0.005916831809395141,1.3721701044142849,1.3853436695822596,0.24036095666632168,0.22846938118133608,1.12779141190219,0.23665190644507253,1.1756544925409869,0.23596384509194104,1.4116183376329219,0.8328416124944849,0.9671816030898583,0.988739553651707,0.2029487538425769,0.39660411593055267,0.17855574367393776,0.3021661696587056,0.15009485514812393,0.2685367977186306,0.19813054233964067,0.2822115468879929,0.16972101353894686,0.24881576986808795,1.3644433183472686,1.3585264865378734,1.12779141190219,0.23665190644507253,1.3721701044142849,1.1535410585527814,1.1986837811304252,1.0344059660462177,1.0612274978546763,1.0344059660462177,1.0612274978546763,0.8136522585121033,0.8140951046183553
7,5,0.7788767271190694,0.7848157687755422,0.8822557850657582,0.5616425950106693,64,1024,False,0.8468825186486713,0.8532943747799802,-0.006411856131304751,0.8486806312487891,0.8703772284647943,0.20500058974351423,0.1917088589346234,0.6058433086411772,0.2474510661387986,0.6406680456885611,0.2433753807987626,0.8840434264873268,0.7247020072692609,0.9958288336476382,1.017780986998991,0.1936398298251584,-0.14740375853419685,0.1462557326235485,0.26374544686348,0.14902812080193367,0.2669263581484468,0.1659648096174351,0.24414660321053816,0.1687856906792149,0.24735862700617872,0.8532943747799802,0.8468825186486713,0.6058433086411772,0.2474510661387986,0.8486806312487891,1.0483100785713741,1.1014592489748387,1.0344059660462177,1.0784631224785648,1.0344059660462177,1.0784631224785648,0.8050925315347081,0.8200796135961747
7,6,0.9022636734332037,0.8924692138832678,0.9437669287812414,0.6187410304241568,64,1024,False,1.1101115778457886,1.1186336056207378,-0.008522027774944391,1.1238674954531316,1.1452163406763436,0.21342263780155227,0.20392159564747245,0.8323060341947583,0.28632757142597853,0.8793655209528148,0.2818807310047459,1.1612462519575575,0.7572601586187551,1.0461569671206032,1.0749046118683316,0.18782224769459582,0.07031172880801195,0.15429124829945276,0.27255402730365175,0.1381700015938818,0.2536639462681475,0.17391951574245468,0.25284483911673306,0.15794170022854814,0.23420620775868883,1.1186336056207378,1.1101115778457886,0.8323060341947583,0.28632757142597853,1.1238674954531316,0.9180172528902233,0.8638701760748764,0.8256917077970942,0.7832374953361083,0.8256917077970942,0.7832374953361083,0.8050925315347081,0.8114416122457313
7,7,0.9999999999999994,0.9999999999999998,1.0,0.6283313713059117,64,1024,False,1.0603292969064866,1.0703377211175293,-0.01000842421104205,1.073214632281395,1.125786148472851,0.1918966322208218,0.18688821301116468,0.7154034710424311,0.3549342500750995,0.7810795793773971,0.35885706735819306,1.1399366467355905,0.6851956041716495,1.0723420380723594,1.1247941578171679,0.18695978542232672,0.000991990655683228,0.13461425111258446,0.24917901332905912,0.1346915998175134,0.24926752403171668,0.15442166270804591,0.2298047518634121,0.1544983959320234,0.22989223829790717,1.0703377211175293,1.0603292969064866,0.7154034710424311,0.3549342500750995,1.073214632281395,0.886496806664342,0.8695224588809736,0.8256917077970942,0.8080923332981516,0.8256917077970942,0.8080923332981516,0.8050925315347081,0.8116443467653737
7,8,0.884794546080654,0.8891273964205253,0.9420185006000035,0.6201999556629906,64,1024,False,0.9920566263840789,1.0026167550652916,-0.010560128681217713,1.0041830891850598,1.057422290081881,0.16707757802882983,0.1688298698373527,0.5706342441639406,0.43198251090135464,0.6301562416797765,0.43910159433169776,1.0692578360114717,0.5893398397063659,1.01946301804974,1.0564824906970132,0.19470911463220292,0.0009397993848678787,0.11201509231206626,0.22214006374559342,0.13585333683457018,0.2503571692953159,0.13197686777130002,0.20310209364106413,0.1556030649735476,0.23093565167073393,1.0026167550652916,0.9920566263840789,0.5706342441639406,0.43198251090135464,1.0041830891850598,1.0344970774906639,1.0388276472486073,0.8256917077970942,0.8346472787283752,0.8256917077970942,0.8346472787283752,0.8050925315347081,0.8197756183812261
7,9,0.665751231542723,0.7729073232732812,0.8744680594857013,0.5820417103522676,64,1024,False,1.1308329213410084,1.1418908789383024,-0.011057957597290672,1.1625693188271553,1.186485280216263,0.15925366292306348,0.1548699828141036,0.5124093112553748,0.6294815676829271,0.5644318076690803,0.6416129091636931,1.2060447168327708,0.46800238812981254,0.9967887738795717,0.9956517322842978,0.20040445713233052,0.19083354793196527,0.10533541077030124,0.21317191507582572,0.143924245458907,0.2591635917680992,0.12519215836073272,0.19410494530166034,0.16360943837935338,0.2396419234428322,1.1418908789383024,1.1308329213410084,0.5124093112553748,0.6294815676829271,1.1625693188271553,1.1535410585527814,1.1588653274607104,1.0344059660462177,1.0547494549644798,1.0344059660462177,1.0547494549644798,0.8050925315347081,0.7950260534185858
7,10,0.451616860548857,0.6548900606725769,0.7968937368407976,0.5490516393689251,64,1024,False,1.088967332301853,1.1010036774127832,-0.012036345110939742,1.1283503866396254,1.1347756720994324,0.15075796087909615,0.14417742751786358,0.4223275324280538,0.6786761449847392,0.46767672118124526,0.6924157173512671,1.1600924385325142,0.40313746184988825,0.9673235886437677,0.9586421816126638,0.20822260842874857,0.17613349048676863,0.09773510601376602,0.2037808157444263,0.15173937541728733,0.26773032842853295,0.11734674787294352,0.18452050381165463,0.17140071842004545,0.24815005644632038,1.1010036774127832,1.088967332301853,0.4223275324280538,0.6786761449847392,1.1283503866396254,1.8621135419582169,1.7208898122776417,1.156261193919322,1.1602484521021357,1.156261193919322,1.1602484521021357,0.8050925315347081,0.7857238499698229
7,11,0.23334668323782937,0.5445948965299136,0.7105007574528779,0.5237627875660383,64,1024,False,3.4040837409721663,3.40685273320075,-0.00276899222860559,3.458906120287746,3.44639508137438,0.264261691110411,0.25307038895311895,2.542789114128041,0.8640636190727028,2.5674082744410893,0.9177252135692904,3.4851334880103955,0.7366743005034162,0.9343603736236399,0.9186397079231251,0.21561592696850349,2.527755373451255,0.20173507405180918,0.3267883081690128,0.15933103499853982,0.27691850463165946,0.22140514508646447,0.3069348670396721,0.1789667041884968,0.25726712869800394,3.40685273320075,3.4040837409721663,2.542789114128041,0.8640636190727028,3.458906120287746,3.0311714658429563,2.9000147054186174,1.6768756503065974,1.3749157412525288,1.7200994579320974,1.3076112911323687,1.1804940079677484,0.8324339608104617
8,0,0.35474950245101966,0.3173339639483628,0.5139723568525466,0.24505884130006392,64,1024,False,0.3956747464851288,0.39556620895102135,0.00010853753410787045,0.3843229567623039,0.3891755530857426,0.13777797833839153,0.13643436089037217,0.16329439612559665,0.2322718128254221,0.17861760272371055,0.23287081687960914,0.4114884196033178,0.4340768639270605,0.7261125110787044,0.7313418352452907,0.2223581285770006,-0.34216628215954814,0.08439194751329994,0.19116400916348314,0.17340238040609546,0.2971938430193967,0.10423045711650047,0.1720986821455881,0.19293046717939433,0.2771713180045481,0.39556620895102135,0.3956747464851288,0.16329439612559665,0.2322718128254221,0.3843229567623039,2.3541187344951147,2.732581496231303,2.3805673969233734,2.7798162849555874,2.3805673969233734,2.7798162849555874,3.036914089731911,3.6298788257791097
8,1,0.41242051942350505,0.38712885201616376,0.5837020219588978,0.32131196044847743,64,1024,False,1.3969279765579623,1.3982933111277964,-0.0013653345698326873,1.387198541041753,1.3900221221631013,0.23296692609920286,0.22196656608437532,1.1127045103835091,0.2855888007442837,1.1408947345176266,0.2843279674369652,1.4252227019545953,0.8005027796378542,0.7428728411588889,0.7576331359360031,0.22089582328301616,0.6323889862270982,0.1714949410747188,0.2944389111236869,0.16889949892458245,0.29101920477072174,0.19103282564901747,0.2744645730344928,0.18829851130431052,0.27093086975219194,1.3982933111277964,1.3969279765579623,1.1127045103835091,0.2855888007442837,1.387198541041753,1.9598688082550897,1.8614998412742416,1.6768756503065974,1.495732863058832,1.7200994579320974,1.5471706127534384,3.036914089731911,3.0640811283764298
8,2,0.4781700251055018,0.46616272958939864,0.6548973945345973,0.45408486250891156,64,1024,False,1.0867464395477147,1.0897327784048867,-0.002986338857172754,1.076991576936125,1.095489153588617,0.23415080039926264,0.22180803242196062,0.9027873286956845,0.18694544970920202,0.9328135668980946,0.18946714818170465,1.1222807150798007,0.8311766872263916,0.7582700126117414,0.7774213087733295,0.21461904114730157,0.3180678448152876,0.1726927515342897,0.2956088492642356,0.16590153710298874,0.2871858036168724,0.19226259394054068,0.27567205870582256,0.18540754159766948,0.26723842319916,1.0897327784048867,1.0867464395477147,0.9027873286956845,0.18694544970920202,1.076991576936125,1.4536174812777638,1.4452287543680176,1.6768756503065974,1.675099489355894,1.7200994579320974,1.8248510954638661,1.8604163996149077,1.8415065614620312
8,3,0.5441126607341008,0.5377597599272731,0.7143142900666473,0.5201320699104272,64,1024,False,1.0130775529788543,1.0164782483196795,-0.0034006953408265888,1.0063062205851172,1.0224393173906428,0.234851627282428,0.22327293381281177,0.8570047987369906,0.15947344958268966,0.8816990148149375,0.1598634132614928,1.0415624280764335,0.8465157642478204,0.7767149067472169,0.8024414007747418,0.2097787051768941,0.21999791661590096,0.17329780707783338,0.29640544748702263,0.1602717248289925,0.2806967336040986,0.19288359072379535,0.2764789700304391,0.17988184089335846,0.2608836352083017,1.0164782483196795,1.0130775529788543,0.8570047987369906,0.15947344958268966,1.0063062205851172,1.3822747333472132,1.2302012619643123,1.6768756503065974,1.384692379739979,1.3888267886192973,1.359159154184071,1.1804940079677484,1.1730281085446304
8,4,0.5794900577695324,0.6038659358517804,0.7643021479186228,0.5410697191401093,64,1024,False,0.77578756483046,0.7788939277182328,-0.003106362887776002,0.7711873845221461,0.7860996843031132,0.22212330841202102,0.2116266743336744,0.6381694565549211,0.14072447116331063,0.6610058758708829,0.14343642429986458,0.8044423001707441,0.8216945773868224,0.796434023528151,0.8212815184801406,0.2058734729541599,-0.03518183417702747,0.16199685506638223,0.2822497617576598,0.15583147221286048,0.2748230150303382,0.1815892343656742,0.2624278908915585,0.17541450378485024,0.25503481119085336,0.7788939277182328,0.77578756483046,0.6381694565549211,0.14072447116331063,0.7711873845221461,1.1535410585527814,1.1986837811304252,1.4662831759253232,1.489558092552692,1.3888267886192973,1.3995102922549916,0.8136522585121033,0.874585340286859
8,5,0.6640937262633766,0.6825695397802756,0.8184613870055772,0.5591340130538514,64,1024,False,0.6476170140086323,0.6509482623902898,-0.0033312483816617705,0.6405003983296821,0.6544839931213571,0.20633112472957096,0.1953402756493093,0.5032601474426439,0.1476881149476468,0.5213198491259106,0.14587668031393763,0.6671965294398455,0.7813587543142531,0.8129596985795495,0.835357892247924,0.20097616193136367,-0.18087389912656693,0.14764438244129746,0.26501786701784447,0.15388763446294973,0.2722413831824713,0.167294499988202,0.245360354296281,0.17352343586389907,0.2525375218174304,0.6509482623902898,0.6476170140086323,0.5032601474426439,0.1476881149476468,0.6405003983296821,1.1535410585527814,1.21533258624761,1.0344059660462177,1.1845776006428916,1.0344059660462177,1.1845776006428916,0.8050925315347081,0.8200796135961747
8,6,0.78234104698423,0.7818752024804061,0.8807067679826606,0.6139342735613663,64,1024,False,0.8537790317859779,0.8586010350597094,-0.004822003273731873,0.8527348564407791,0.8640993566125654,0.21691353211494133,0.2088862527957904,0.6804709187030298,0.17813011635667028,0.7042346123666455,0.17225472412184956,0.876489336488491,0.803471968282061,0.8458633925396325,0.8713842718163679,0.19734601728733087,-0.007284915203802478,0.15763536192626573,0.2761917023036169,0.14709039610367208,0.26357823072990255,0.17721630262531107,0.2564176644591498,0.16674747986689908,0.2439573250740068,0.8586010350597094,0.8537790317859779,0.6804709187030298,0.17813011635667028,0.8527348564407791,1.0483100785713741,1.0786074897299862,1.0344059660462177,1.0836492015470387,1.0344059660462177,1.0836492015470387,0.8050925315347081,0.8114416122457313
8,7,0.884794546080654,0.8891273964205253,0.9420185006000035,0.6217078615516733,64,1024,False,1.1638524695137842,1.169591152803264,-0.005738683289474152,1.1668765922540276,1.1987560968853346,0.2361093532747421,0.22493015241660722,0.9584829526695889,0.21110820013366868,1.005053954613382,0.20910165948951914,1.2141556141029055,0.8277801815016761,0.8729692711944171,0.909889651073289,0.19319633238256867,0.28886644581204557,0.17562537474891554,0.2965933318005687,0.14443062519307864,0.25977525682943564,0.19511178322863998,0.27665578453888884,0.16420021005615126,0.2403341490207822,1.169591152803264,1.1638524695137842,0.9584829526695889,0.21110820013366868,1.1668765922540276,1.0344970774906639,1.0281702141609244,0.8256917077970942,0.8080923332981516,0.8256917077970942,0.8080923332981516,0.8050925315347081,0.8116443467653737
8,8,0.9999999999999996,0.9999999999999998,1.0,0.6099448652819208,64,1024,False,0.89044568546698,0.8965386235963639,-0.006092938129385841,0.8906112185353318,0.920090567675925,0.19420883536824884,0.1912994170770932,0.6545890233303882,0.24194960026597873,0.6918244825221896,0.2417574071228408,0.9335818896450272,0.7410431695341047,0.890091058970552,0.9195087583475803,0.19135719506032292,0.000581809328344729,0.137246273515852,0.2511713972206457,0.13731534210903112,0.2512525141890755,0.15704871044727042,0.231823660156806,0.15711715699580964,0.23190369928488508,0.8965386235963639,0.89044568546698,0.6545890233303882,0.24194960026597873,0.8906112185353318,0.886496806664342,0.8861227692215248,0.8256917077970942,0.8346472787283752,0.8256917077970942,0.8346472787283752,0.8050925315347081,0.8197756183812261
8,9,0.8251292670866489,0.8906437313319988,0.9425992766564522,0.5906201024680312,64,1024,False,1.1542940331731402,1.1612814031262848,-0.006987369953149433,1.1738021008027497,1.1737325624089154,0.20081254173859797,0.19411536573751337,0.820295656606133,0.34098574652015196,0.8549396246525536,0.34096208424578817,1.1959017088983446,0.7148912141283896,0.8835926522817636,0.8785466730752115,0.19547641119727766,0.29518588933370393,0.1435673990931421,0.25805768438405385,0.14389060298147172,0.25847282640224684,0.16333622582169482,0.2386456273306976,0.16364291834906908,0.23904021334601566,1.1612814031262848,1.1542940331731402,0.820295656606133,0.34098574652015196,1.1738021008027497,1.0483100785713741,1.0898342015817892,0.8256917077970942,0.8479895467332607,0.8256917077970942,0.8479895467332607,0.8050925315347081,0.7950260534185858
8,10,0.57398547311442,0.7634060906981783,0.8670667705901582,0.5641936978297166,64,1024,False,1.1202406462237011,1.1278928536483803,-0.007652207424681542,1.144232058035698,1.131864671643872,0.19281905964801047,0.18236247821774124,0.7389236204047919,0.3889692332435836,0.7674120382989462,0.3899240573637787,1.1573360956627232,0.6630848559678807,0.8612819493386007,0.8524591084182245,0.20122418124737435,0.2794055632256476,0.1362424333346388,0.24939568596138212,0.14931798966356924,0.26471037709522993,0.15603677622857504,0.23006384325708495,0.16896853797516087,0.24513384159217821,1.1278928536483803,1.1202406462237011,0.7389236204047919,0.3889692332435836,1.144232058035698,1.1535410585527814,1.1815806006591842,1.0344059660462177,1.0300129223666383,1.0344059660462177,1.0300129223666383,0.8050925315347081,0.7857238499698229
8,11,0.2833987554911966,0.6346862735315033,0.7747156690146737,0.538268455864041,64,1024,False,1.7646025886586574,1.7660901072859585,-0.0014875186272960425,1.84071940368549,1.7594363447014003,0.23253649458695597,0.21514555736259316,1.1608531894904146,0.6052369177955546,1.1555252040876367,0.623183322140746,1.7787085262283842,0.6496428094027523,0.8303485961023659,0.8144046493159919,0.2067428202298905,0.9450316953854084,0.1731451931938977,0.2919277959800142,0.15585212455775962,0.2727415934038352,0.192930536584754,0.27239902595465537,0.17544294190156506,0.25305810564168496,1.7660901072859585,1.7646025886586574,1.1608531894904146,0.6052369177955546,1.84071940368549,2.629784039987982,2.892805585422147,1.4662831759253232,1.3749157412525288,1.3888267886192973,1.3076112911323687,0.8136522585121033,0.7904526807664028
9,0,0.44987183852856333,0.2852975141484624,0.47983759563745937,0.22870802806605778,64,1024,False,0.24300015986575632,0.24232557248527573,0.0006745873804797536,0.2235865320778882,0.23144890525639455,0.11135288460031846,0.12525272817546798,0.05882077889264426,0.18350479359263128,0.04889993891858049,0.18447878279721638,0.23337872171579677,0.20953040859538904,0.23663878657042697,0.2464653401940191,0.12607170076837812,-0.015016434937624557,0.06106292933104683,0.1616428398695901,0.07577422711306735,0.1791133755277166,0.08125181874493137,0.14315685566543834,0.09535983824025607,0.15987835999112576,0.24232557248527573,0.24300015986575632,0.05882077889264426,0.18350479359263128,0.2235865320778882,1.9598688082550897,2.0775045711532045,3.6464714828056666,5.479542998743606,3.6464714828056666,5.479542998743606,3.036914089731911,3.6298788257791097
9,1,0.4770338683668566,0.34462982551140253,0.5423030781253404,0.2998671579046841,64,1024,False,0.31537223632386824,0.31580138917041223,-0.00042915284654602564,0.3080683753343841,0.3159518602783695,0.10715313864432933,0.11229540907686106,0.07620685771134376,0.2395945314590694,0.08584262388539825,0.24374595510869018,0.32958857899408844,0.2604538790372889,0.25539516808420193,0.2683426268800859,0.12729153204444224,0.0476092333982836,0.05726440734679973,0.15704186994185892,0.07479255440870869,0.17704045803298546,0.07710279957973398,0.1382497915183194,0.09432573451340431,0.1577978365094168,0.31580138917041223,0.31537223632386824,0.07620685771134376,0.2395945314590694,0.3080683753343841,1.4536174812777638,1.3283164984388516,2.2332404194262625,2.618274828244638,2.2332404194262625,2.618274828244638,3.036914089731911,3.0640811283764298
9,2,0.47552293591367445,0.4087471463491728,0.6044212137703415,0.43390119967536067,64,1024,False,0.2657540626273102,0.26773193738722895,-0.0019778747599187925,0.2607398401531841,0.2766621767795946,0.11322205982170735,0.11566800365499892,0.09975254542349402,0.16797939196373554,0.11054746165404977,0.17588368876801702,0.28643115042206535,0.3859477626338986,0.27134863181648616,0.2856241800170936,0.12402536455526023,-0.008962003237499017,0.06322381880027951,0.1632203008431352,0.07504561137915941,0.1771015329711981,0.08320487467426574,0.14455744125007186,0.09480992263706867,0.15810464075184427,0.26773193738722895,0.2657540626273102,0.09975254542349402,0.16797939196373554,0.2607398401531841,1.4536174812777638,1.4452287543680176,1.6768756503065974,1.803569888610297,1.7200994579320974,1.8248510954638661,2.0275478794877815,2.3240492640809314
9,3,0.47208972527077553,0.467123497724587,0.6572189240224717,0.5095919174691215,64,1024,False,0.39575607347469294,0.39830450556489,-0.002548432090196922,0.39366888762467933,0.41287652604454783,0.15887434836825118,0.15680459538296798,0.2549394116672733,0.14336509389761715,0.2699650431638169,0.1493039266630282,0.41926896982684486,0.643894641846046,0.287079315569611,0.31391422596678364,0.12752875431583222,0.09896230007776419,0.10426287071487075,0.2134858260216316,0.0758154894050029,0.17799600200657165,0.12409101986850146,0.19430781070695957,0.09565361426211894,0.15908374612627085,0.39830450556489,0.39575607347469294,0.2549394116672733,0.14336509389761715,0.39366888762467933,1.4536174812777638,1.2922323940703155,1.6768756503065974,1.7073594166836883,1.7200994579320974,1.5749179040637733,1.1804940079677484,1.1730281085446304
9,4,0.47860788400278004,0.5205925482384921,0.7013464700534356,0.5343214593365738,64,1024,False,0.3600217540121686,0.3623374502357291,-0.0023156962235620065,0.357599726749839,0.3759318992663333,0.15287091793239874,0.1516100389082636,0.233305581488348,0.12903186874737987,0.2476954216002162,0.13599925857318224,0.38369468017339803,0.6455534423575497,0.3056504570287785,0.3319275760737065,0.12427040746553988,0.044004323192626815,0.0990750475846199,0.2066667882801776,0.0747222278298704,0.17675761481228378,0.11890633461734978,0.18755873629561393,0.09464709104940994,0.15794918897154275,0.3623374502357291,0.3600217540121686,0.233305581488348,0.12903186874737987,0.357599726749839,1.4536174812777638,1.4528355269448014,1.6768756503065974,1.7076904350439839,1.7200994579320974,1.7570859479320315,0.8136522585121033,0.9393734915264218
9,5,0.5179733931850218,0.5862852826249967,0.7509575351382298,0.5503297734472027,64,1024,False,0.29813038120466984,0.3005660683840954,-0.0024356871794269635,0.2916996797301786,0.3113223989717643,0.13235430104543314,0.12904155749522686,0.16312767227440467,0.13743839610968692,0.17358612882500465,0.14128346550867238,0.31486959433367706,0.5512953043063601,0.31953297814699827,0.34801836813011644,0.11910768402143006,-0.03669596915835216,0.08091926429824856,0.18378933779261772,0.0733989952922066,0.1747885576934894,0.10087239046697505,0.1649886083250749,0.0933875481641735,0.15607833230751567,0.3005660683840954,0.29813038120466984,0.16312767227440467,0.13743839610968692,0.2916996797301786,1.4536174812777638,1.5324706317612917,1.4662831759253232,1.585721715887651,1.3888267886192973,1.4533636773774807,0.8050925315347081,0.8200796135961747
9,6,0.5850093568459284,0.6726960239878141,0.8107916892806171,0.5946340537100819,64,1024,False,0.39345330528719397,0.3970564381149884,-0.0036031328277931797,0.39193631584056865,0.40884740660144175,0.1449095710301041,0.14069736534574115,0.23118953952266746,0.16586689859232004,0.2440672742182178,0.16687935876595117,0.4109466329841687,0.5939147680706761,0.349800800288289,0.37908545856407605,0.11926762480324524,0.029761948037365704,0.0921851537109949,0.1976339883492133,0.0732648404289939,0.17368392958250636,0.11207817407557741,0.17867439547990216,0.0932415079587372,0.15499584789358778,0.3970564381149884,0.39345330528719397,0.23118953952266746,0.16586689859232004,0.39193631584056865,1.1535410585527814,1.2151087942792766,1.156261193919322,1.2654504622162865,1.156261193919322,1.2654504622162865,0.8050925315347081,0.8114416122457313
9,7,0.665751231542723,0.7729073232732812,0.8744680594857013,0.6097083038320262,64,1024,False,0.5028536053511028,0.5073400575372083,-0.004486452186102117,0.5029518476532783,0.5284229031041178,0.15821015634071797,0.15288994768383207,0.31972041259535394,0.187619644941854,0.34328786882940787,0.19162568122325546,0.5349135500526615,0.6417632695892853,0.37755945162757076,0.4139999807211647,0.11773117737124714,0.1144229223829531,0.1044262086910194,0.21199410399041654,0.06856874814670633,0.1675531474873584,0.12430507048702566,0.19295218126353575,0.08853081495908555,0.14890347190521425,0.5073400575372083,0.5028536053511028,0.31972041259535394,0.187619644941854,0.5029518476532783,1.1535410585527814,1.2397161057921853,1.0344059660462177,1.0662394614263258,1.0344059660462177,1.066239461426326,0.8050925315347081,0.8116443467653737
9,8,0.8251292670866489,0.8906437313319988,0.9425992766564522,0.5934856403307375,64,1024,False,0.3444561029135199,0.34917962471943104,-0.004723521805909023,0.340480400526305,0.3613944037014939,0.11495140611575437,0.11536354978211268,0.14265236966595954,0.20652725505347128,0.15761375573279707,0.20910790106756133,0.366721656800356,0.4297912403319074,0.40233251980697937,0.4295627048163389,0.11805111174356853,-0.06816830111484501,0.06596442627813645,0.1639383859533723,0.0691114679615573,0.16810329038548133,0.08591887118382147,0.1453466483799275,0.0890326167573221,0.14942942889319966,0.34917962471943104,0.3444561029135199,0.14265236966595954,0.20652725505347128,0.340480400526305,1.0483100785713741,1.1107443075723877,0.8256917077970942,0.8346472787283752,0.8256917077970942,0.8346472787283752,0.8050925315347081,0.8197756183812261
9,9,0.9999999999999992,1.0,1.0,0.5912708699003516,64,1024,False,0.4349915275815559,0.4409025261637751,-0.005910998582220198,0.44279928313868056,0.4417449047719932,0.12312066593821172,0.11812409957597504,0.16893713593625448,0.27196539022752114,0.18167906608406098,0.2723463171212843,0.45402538320534724,0.40015178182645994,0.44222739944116035,0.44118404941590916,0.11810057652955606,0.0005608553560840224,0.07351046922277195,0.1727308626536515,0.0734892524372037,0.17270240628952452,0.09339010631083511,0.15399912098655477,0.09336865085060708,0.15397064379794756,0.4409025261637751,0.4349915275815559,0.16893713593625448,0.27196539022752114,0.44279928313868056,0.886496806664342,0.9254766848164515,0.8256917077970942,0.8479895467332607,0.8256917077970942,0.8479895467332607,0.8050925315347081,0.7950260534185858
9,10,0.748481229964083,0.8834667701119137,0.9378432835041673,0.5699988963134442,64,1024,False,0.44947697184432583,0.4560314205257488,-0.006554448681424067,0.465227281437842,0.4503592038176169,0.12797624247583575,0.11973278557389488,0.16554826474363954,0.29048315578210837,0.17593586157590496,0.29129934630079074,0.4672352078766972,0.3765466698783843,0.4281708829355605,0.417399550718752,0.118624274046473,0.032959653098864894,0.07806484562204308,0.17788763932962842,0.07513435709191416,0.17396455181076012,0.0979036413191352,0.15908943696558708,0.09498114754387643,0.15521184101817198,0.4560314205257488,0.44947697184432583,0.16554826474363954,0.29048315578210837,0.465227281437842,1.0483100785713741,1.0826090666380526,0.8256917077970942,0.8710601545060308,0.8256917077970942,0.8710601545060308,0.8050925315347081,0.7857238499698229
9,11,0.34699617671329314,0.7435843312502258,0.8477633004486871,0.5558682695289227,64,1024,False,0.5686101634218126,0.5698667722851488,-0.0012566088633402187,0.6052958389458716,0.5602254530830337,0.15012408337367994,0.1383514002082119,0.23174133515017664,0.33812543713497467,0.23132036917209559,0.33820678732801157,0.5695271565001078,0.4061621408777402,0.3958594933407948,0.3809377692799232,0.11838697564724314,0.17928768380311055,0.09848762012732791,0.20176054662003196,0.07457453217401835,0.1730931309042441,0.11827871124114608,0.18281481848680414,0.0944015883069369,0.15434390873269876,0.5698667722851488,0.5686101634218126,0.23174133515017664,0.33812543713497467,0.6052958389458716,2.3541187344951147,2.703883313604963,1.0344059660462177,1.0522051789554787,1.0344059660462177,1.0522051789554787,0.8050925315347081,0.7904526807664028
10,0,0.4472222947742489,0.2574921404316456,0.4505407457140598,0.2679779641321922,64,1024,False,0.7724535092364634,0.772255266602992,0.00019824263347438534,0.7419358644318609,0.7597758856872051,0.20813216235188034,0.22445182469407982,0.5827640469572932,0.18949121964569274,0.5530464203800243,0.1935469834959314,0.7465934038759591,0.7407598533671331,0.09619175866697809,0.1049759589678786,0.06308390717705514,0.6547999267193265,0.14834489777158671,0.26791942693217397,0.015950776756267777,0.1018555353614439,0.16851767204207135,0.24869782830501208,0.035852395463734865,0.08362794187269174,0.772255266602992,0.7724535092364634,0.5827640469572932,0.18949121964569274,0.7419358644318609,1.9598688082550897,2.0775045711532045,5.841506458339911,10.158589096471918,5.841506458339911,10.158589096471918,3.036914089731911,3.6298788257791097
10,1,0.424229145964748,0.30680548973322636,0.5047052189733756,0.31859665852173213,64,1024,False,0.4775441088010654,0.4781681797535973,-0.0006240709525334588,0.46007759687996896,0.48464498084728885,0.17024063615070326,0.18711442607671844,0.22667468730953372,0.25149349244406655,0.21187378769084375,0.26374038700742525,0.4756141746982692,0.4454740816445536,0.11244925665747697,0.12214315748678861,0.07078064339464445,0.36250182336050024,0.11397932242976382,0.22650194987164268,0.022361079847550897,0.10946286398784602,0.1341528167758952,0.20754755142115755,0.04231912207615096,0.09125511036108946,0.4781681797535973,0.4775441088010654,0.22667468730953372,0.25149349244406655,0.46007759687996896,1.9598688082550897,1.8614998412742416,2.3805673969233734,2.764665356932054,2.3805673969233734,2.764665356932054,3.036914089731911,3.0640811283764298
10,2,0.39849642836977117,0.3576050403786162,0.5563152976118624,0.4266318585449554,64,1024,False,0.2491872388549011,0.25086309546045965,-0.0016758566055579207,0.23633930370457956,0.26431837164387023,0.11664561973615083,0.13546503589433137,0.0647216486136543,0.1861414468468065,0.057704719599175294,0.19988377233826107,0.2575884919374366,0.22401901251547637,0.12430601709202621,0.1334026034505831,0.07155324578540968,0.13091576819328712,0.06570373786574203,0.1675875016065596,0.026682451483456632,0.1148762255063206,0.08595173795765731,0.14910327836696524,0.0466658180084778,0.09665867354488,0.25086309546045965,0.2491872388549011,0.0647216486136543,0.1861414468468065,0.23633930370457956,1.9598688082550897,2.0348048736703293,1.6768756503065974,1.803569888610297,1.7200994579320974,1.8248510954638661,2.0275478794877815,2.3240492640809314
10,3,0.37288372228189265,0.4028870093307062,0.6003375807695233,0.4894917222450165,64,1024,False,0.15026217666668387,0.15232434946182996,-0.0020621727951454652,0.14359753521185517,0.17383872983123771,0.07571313381937561,0.09572189648067744,0.0004588570599506195,0.15186549240187883,0.0011055114698448045,0.16337615219743173,0.16448166366727676,0.006721183657779013,0.13551368298266445,0.15841590224152205,0.08188523529434653,0.015422827589715665,0.03075812619565914,0.12066814144309208,0.030665470834919543,0.12012001501836772,0.05083300402475288,0.1024740174980252,0.05058705237752292,0.10178767410252476,0.15232434946182996,0.15026217666668387,0.0004588570599506195,0.15186549240187883,0.14359753521185517,1.9598688082550897,2.038837124474361,1.6768756503065974,1.7182705780241567,1.7200994579320974,1.7360819352500383,1.210794329752014,1.490708392670305
10,4,0.36507902391578323,0.44508671636751745,0.6383439932120298,0.5083751234413904,64,1024,False,0.15026399750940428,0.1520228587931137,-0.0017588612837103538,0.14405061490272927,0.1692017097719432,0.07419603040103044,0.08864828797894922,0.014808305737029771,0.1372145530560849,0.01822184257680848,0.1465670415175369,0.1647888840943455,0.11057689162077249,0.14860122748126636,0.16991191250320495,0.08329660714379145,-0.0007102027312617387,0.029521382732386317,0.11887067806967457,0.03282431565199276,0.12382660544828397,0.04962101131968666,0.10073538027791074,0.05286129313753918,0.10555781432049116,0.1520228587931137,0.15026399750940428,0.014808305737029771,0.1372145530560849,0.14405061490272927,1.9598688082550897,2.038817425357366,1.6768756503065974,1.7076904350439839,1.7200994579320974,1.7570859479320315,1.1804940079677484,1.239827921568686
10,5,0.37707760752509006,0.4965242392535112,0.6807626034775015,0.5207540722891483,64,1024,False,0.14094998097374892,0.14273445648564098,-0.0017844755118917011,0.13155538508008055,0.15588158978749417,0.07115927448997827,0.08651528480061635,0.000622065281750829,0.14211239120388877,0.0012111046229837605,0.14768127510781337,0.148892379730797,0.008134094069646028,0.15835789288086033,0.1831782183348585,0.08392935215828157,-0.027296628547364338,0.027043323413821825,0.11527522556613473,0.034501623408014784,0.12589096288716944,0.04713781004102202,0.09717015374917537,0.05453571020188974,0.10759915630478645,0.14273445648564098,0.14094998097374892,0.000622065281750829,0.14211239120388877,0.13155538508008055,1.9598688082550897,1.9473313030566173,1.6768756503065974,1.688688670451527,1.7200994579320974,1.737084090466287,1.1804940079677484,1.2992022603070943
10,6,0.4053408332303992,0.5682995568223264,0.7353803964549648,0.5577477032450002,64,1024,False,0.1837575212026796,0.1865226280974277,-0.002765106894748363,0.1763696453696966,0.19768270500445775,0.08008214562396353,0.0900183762224902,0.015221332932118173,0.17130129516530931,0.017345868585291697,0.17321776529514485,0.1905636338804359,0.09102402295799472,0.17935975409138344,0.20398714838436297,0.08662335878201473,-0.006304443379905211,0.035206969303613465,0.12495732194431358,0.03772636609241365,0.1287252049790925,0.05532252633565804,0.10682910942705348,0.05767057379853213,0.11036879231687635,0.1865226280974277,0.1837575212026796,0.015221332932118173,0.17130129516530931,0.1763696453696966,1.9598688082550897,2.0513236815436775,1.4662831759253232,1.6469364313761419,1.3888267886192973,1.5372163387255104,0.8050925315347081,0.8114416122457313
10,7,0.451616860548857,0.6548900606725769,0.7968937368407976,0.5654697378518333,64,1024,False,0.2567302263011789,0.2601331494745256,-0.0034029231733469613,0.2500413992121486,0.27196562554326004,0.09793688339645817,0.09894237098356268,0.06725650945640746,0.19287664001811977,0.07517150918733331,0.19697596418016075,0.2721474733674939,0.27621608335060893,0.20115709730507444,0.22824018555688572,0.08577753225591747,0.04372543998637432,0.05065458854883054,0.1452191782440858,0.03864414856942999,0.12958189663870262,0.07070297971949913,0.1268487431370886,0.05857870980980806,0.11122248660831247,0.2601331494745256,0.2567302263011789,0.06725650945640746,0.19287664001811977,0.2500413992121486,1.8621135419582169,2.0503564815914794,1.156261193919322,1.3020848608958813,1.156261193919322,1.3020848608958813,0.8050925315347081,0.8116443467653737
10,8,0.57398547311442,0.7634060906981783,0.8670667705901582,0.545311626981061,64,1024,False,0.19998297563041664,0.20351250862520714,-0.00352953299479101,0.19158118739328636,0.208555579646217,0.07963885183157117,0.0857176527384272,0.0013476475324370192,0.20216486109277068,0.0025156508073807264,0.20456089664509958,0.20707654745248066,0.012148410036428732,0.22701221296874602,0.24428414199692094,0.08772858128673676,-0.03572856235070396,0.03510666641921629,0.12417103724392606,0.041839848990919803,0.13315323267104473,0.05510657482955139,0.1059724560691393,0.06168907992832828,0.11469560585101135,0.20351250862520714,0.19998297563041664,0.0013476475324370192,0.20216486109277068,0.19158118739328636,1.1535410585527814,1.2234791145034594,1.0344059660462177,1.0796506702040702,1.0344059660462177,1.0796506702040702,0.8050925315347081,0.8330722503186974
10,9,0.748481229964083,0.8834667701119137,0.9378432835041673,0.5511782004975139,64,1024,False,0.25547787293132374,0.26027621031381587,-0.004798337382492416,0.2584320881733565,0.25870900041595757,0.09226924147822367,0.09084041586921769,0.008917588541891704,0.2513586217719249,0.010898754429563614,0.25214620307050994,0.2630449575000739,0.04143304830148874,0.26805410084714615,0.2626906314899916,0.0912111910121677,-0.003981631074034042,0.04636097243502567,0.1381775105214217,0.05012695535838677,0.14284975938991282,0.06624119039770449,0.11973412986844778,0.06996686119964579,0.12433462719491217,0.26027621031381587,0.25547787293132374,0.008917588541891704,0.2513586217719249,0.2584320881733565,1.0483100785713741,1.0898342015817892,0.8256917077970942,0.8479895467332607,0.8256917077970942,0.8479895467332607,0.8050925315347081,0.7950260534185858
10,10,0.9999999999999997,0.9999999999999999,1.0,0.5333337382819919,64,1024,False,0.28426209724866414,0.28958668587253145,-0.005324588623865486,0.296998732295958,0.2814203287455439,0.10178582153380285,0.09261690091445517,0.03276831635402044,0.25681836951850934,0.035942539596173224,0.2574626297234189,0.29340516931959204,0.12250138496034048,0.2963058439585443,0.28078935763173457,0.09252785570498029,0.000630971113809331,0.055149502248528576,0.14842214081907712,0.055060701439122076,0.14830547554435003,0.07485416416602675,0.12972059821913717,0.07476519526244374,0.1296047903233557,0.28958668587253145,0.28426209724866414,0.03276831635402044,0.25681836951850934,0.296998732295958,0.886496806664342,0.9366921118043532,0.8256917077970942,0.8710601545060308,0.8256917077970942,0.8710601545060308,0.8136522585121033,0.8974761260573152
10,11,0.60188193910385,0.8664473796179574,0.9232102705938126,0.5199548048871778,64,1024,False,0.4632547492082679,0.46414257059786646,-0.0008878213895981939,0.498036171504865,0.4552970813913988,0.13987954090232418,0.12971170618401318,0.15147899483940738,0.3126635757584589,0.1476916795774478,0.3156758679090342,0.4633675474864838,0.3187354841283008,0.2683823289520485,0.2518255997851972,0.08973242291080662,0.2034714816062016,0.08930113220382392,0.19045794960082446,0.05190250505769545,0.14368051771850568,0.10902919090585783,0.17152410106064053,0.07163000840228051,0.125064768420998,0.46414257059786646,0.4632547492082679,0.15147899483940738,0.3126635757584589,0.498036171504865,1.1535410585527814,1.179761254034698,0.8256917077970942,0.8520111310421464,0.8256917077970942,0.8520111310421464,1.1804940079677484,0.8324339608104617
11,0,0.2656117093776173,0.232013540981362,0.42184376379201427,0.26983791900442844,64,1024,False,8.222245496595411,8.223408225038362,-0.0011627284429927076,8.135650577236156,8.11306434078943,0.2598239725024089,0.2783568451403226,7.90656792727278,0.31684029776564665,7.738286258543357,0.3057413619337104,8.044027620477081,0.9619915076925617,0.1241752184543762,0.13822592286550767,0.09395034844017718,7.974838417923922,0.19611659575170232,0.3235313492531155,0.03688821040043455,0.12947246424796321,0.2160328523023054,0.30378234437375795,0.056882940501964185,0.11108009867893998,8.223408225038362,8.222245496595411,7.90656792727278,0.31684029776564665,8.135650577236156,3.0311714658429563,2.732581496231303,8.755875858966014,10.158589096471918,8.755875858966014,10.158589096471918,3.036914089731911,3.6298788257791097
11,1,0.22296843487974496,0.27145165925349457,0.46583575552647344,0.30975312436792346,64,1024,False,7.586947172104797,7.5893429898004685,-0.002395817695741202,7.513866570463565,7.533681618582889,0.26341590497058975,0.28277888314919464,7.182810463162445,0.406532526638085,7.055644997382672,0.4161381469317565,7.471783144314414,0.9443053767896892,0.14204332460735378,0.1542707617809829,0.09828405328700927,7.379410856801907,0.1993871425170436,0.3274446674241359,0.039917254564701715,0.13298689359178056,0.2192997816382558,0.3076799266782473,0.05986888285406167,0.11454226881323848,7.5893429898004685,7.586947172104797,7.182810463162445,0.406532526638085,7.513866570463565,3.0311714658429563,2.7323251255349152,4.684636281348688,3.049449652615048,4.684636281348688,3.049449652615048,3.036914089731911,3.0640811283764298
11,2,0.1978408099399444,0.30983921763261135,0.5063581382492989,0.38842924967354664,64,1024,False,3.725029227889976,3.728243233014174,-0.0032140051241836437,3.6855361998973293,3.7172075026735873,0.26086992387048336,0.27834724594458776,3.4187861920331613,0.3094570409809578,3.3421780000504073,0.3312824690995886,3.6734604691500077,0.9098173311291261,0.15532535458926275,0.16841264255059507,0.09895476841157312,3.5487948601229924,0.1971481705170387,0.324591677223928,0.0438280831149544,0.1383484592665357,0.21712191487313248,0.3049045621883124,0.06382318752730498,0.11988532781833783,3.728243233014174,3.725029227889976,3.4187861920331613,0.3094570409809578,3.6855361998973293,3.0311714658429563,2.9875471502393314,2.3805673969233734,2.1815736998364077,2.3805673969233734,2.1815736998364077,2.9561733949997766,2.7677493662520707
11,3,0.1781983612685045,0.344112192197625,0.5420788898146525,0.44226477778737133,64,1024,False,1.4973753709708648,1.5009588635424076,-0.0035834925715244564,1.4784110235036672,1.530399817915546,0.23880450083535085,0.25527185899161,1.2223659285630069,0.27859293497939724,1.185550462100475,0.3045134778673684,1.4900639399678457,0.7956373081050859,0.1682491758733381,0.19831275780188903,0.11017624697593671,1.332087060113657,0.17678525493187516,0.3008237467388265,0.0425995893569887,0.13699299534597928,0.19681858779949835,0.28132038372859824,0.06257436914893333,0.11852314957650378,1.5009588635424076,1.4973753709708648,1.2223659285630069,0.27859293497939724,1.4784110235036672,3.0311714658429563,3.1346888286655754,2.2332404194262625,2.3822214431449225,2.2332404194262625,2.3822214431449225,1.8604163996149077,1.9005606897948248
11,4,0.1626822078871403,0.37599839545870123,0.5735019683688451,0.4603057214127353,64,1024,False,0.7922137887739416,0.7955070568467122,-0.0032932680727732356,0.7740023048915879,0.8187853158304215,0.19508807989580537,0.2157816177302427,0.5234922048828252,0.27201485196389114,0.49697019059916075,0.29284111294148635,0.789811303540647,0.6292264853279409,0.17879132051020669,0.20513827074786162,0.11034963008585143,0.6136470450825598,0.13613993256103485,0.2540362272305759,0.041977607271237685,0.13676228451740413,0.15628929163358407,0.2348746597999707,0.06203215380810434,0.11835671431617811,0.7955070568467122,0.7922137887739416,0.5234922048828252,0.27201485196389114,0.7740023048915879,3.0311714658429563,3.1816494099063806,1.6768756503065974,1.7076904350439839,1.7200994579320974,1.7570859479320315,1.8604163996149077,1.9133830144930637
11,5,0.1725002341489182,0.41672016450342886,0.6090240555024373,0.46767123892365836,64,1024,False,0.7062279157942581,0.7096057121190841,-0.003377796324827564,0.6855341894637227,0.7316878048645029,0.18557460422689848,0.21018672330853977,0.435600752775822,0.274004959343262,0.41734161903225403,0.28907001099091695,0.7064116300231722,0.590790979784073,0.19009532790488853,0.22217644262407665,0.11298993575532355,0.5095113622404263,0.12748142024188827,0.24366778821190868,0.04303663033330356,0.13838896333364098,0.14755350515042664,0.22450007420411566,0.063151061636745,0.1200215319331619,0.7096057121190841,0.7062279157942581,0.435600752775822,0.274004959343262,0.6855341894637227,3.0311714658429563,3.1875472842682386,1.6768756503065974,1.688688670451527,1.7200994579320974,1.737084090466287,1.7518318843098788,1.8681945040374972
11,6,0.20769327712587937,0.47517410951876426,0.6564035146156868,0.5013763360197145,64,1024,False,0.5683062795578712,0.5729239059296246,-0.004617626371755754,0.5482763289721309,0.5943085087850425,0.1543530334292669,0.17645589297094133,0.24505382332446626,0.3278700826051598,0.233207138063075,0.3385908490794705,0.5717979871425458,0.4078488265208563,0.2161119049511891,0.24696654608242727,0.11130148792178333,0.3473419627026152,0.09941888722698296,0.20928717963155086,0.04643918502522373,0.14091075181358192,0.11953970738250064,0.1904100361498422,0.06650429795263335,0.12253111798781902,0.5729239059296246,0.5683062795578712,0.24505382332446626,0.3278700826051598,0.5482763289721309,3.0311714658429563,3.196697808301011,1.6768756503065974,1.6496292079627874,1.7200994579320974,1.6947806704136439,1.1804940079677484,1.2185528839860862
11,7,0.23334668323782937,0.5445948965299136,0.7105007574528779,0.513255320332787,64,1024,False,0.3925572267107841,0.39819601481054123,-0.005638788099751279,0.37884044892077784,0.41255522958308066,0.10875427320701304,0.11832390489703713,0.03212508439576038,0.3660709304147781,0.02474415032499585,0.3814388472663302,0.4061829975913254,0.060918724987823795,0.24388149025902298,0.27111896556865617,0.10390244923643327,0.1414362640144245,0.059198400326416156,0.15831014608760993,0.04547263580854345,0.13949284683247476,0.07930310303345323,0.13983406682382338,0.06553240900393575,0.12113449554453837,0.39819601481054123,0.3925572267107841,0.03212508439576038,0.3660709304147781,0.37884044892077784,3.0311714658429563,3.2079935336377683,1.6768756503065974,1.7344006480411438,1.7200994579320974,1.7782745097625097,1.1804940079677484,1.2274705618835258
11,8,0.2833987554911966,0.6346862735315033,0.7747156690146737,0.486889928194763,64,1024,False,0.42016509331492397,0.4257376728729267,-0.005572579558001733,0.40508552827821304,0.4293921475013402,0.11296304705215823,0.11923302347298935,0.06004791911642907,0.3656897537564981,0.05138233429345244,0.37332604634543526,0.4247083806388874,0.12098262392693586,0.27830462253287996,0.2998793745737433,0.10096378285244831,0.1295127729275969,0.06326434162005418,0.1626617524842623,0.04943684064683805,0.1437938530844866,0.0833244083696627,0.14412604705285048,0.06953897292987676,0.1254842667694902,0.4257376728729267,0.42016509331492397,0.06004791911642907,0.3656897537564981,0.40508552827821304,2.629784039987982,3.0848838992190006,1.4662831759253232,1.6128254418407422,1.3888267886192973,1.572390827090367,1.7518318843098788,1.886975857036654
11,9,0.34699617671329314,0.7435843312502258,0.8477633004486871,0.48825832383940265,64,1024,False,0.44618119625560004,0.45308092560651575,-0.006899729350913103,0.4389576268761664,0.4495316482201326,0.10734938977670803,0.11006940722827124,0.012207014330631772,0.44087391127588255,0.009721893852256155,0.44485649883196093,0.45457839268421746,0.021386616717195522,0.32834318121025163,0.332054154877976,0.10279494067110498,0.11747749334215657,0.058682745465128625,0.15601603408828746,0.05707084672392266,0.15220572828918477,0.07860968384920852,0.13740157885331428,0.07711087758070789,0.13377917031903053,0.45308092560651575,0.44618119625560004,0.012207014330631772,0.44087391127588255,0.4389576268761664,2.3541187344951147,2.6894323266718283,1.0344059660462177,1.0547494549644798,1.0344059660462177,1.0547494549644798,1.7518318843098788,1.9159411664890929
11,10,0.60188193910385,0.8664473796179574,0.9232102705938126,0.4708613324833373,64,1024,False,0.47227695338339976,0.47997156022515713,-0.0076946068417551305,0.48990104851619376,0.46126729733167343,0.11444092961306884,0.10749366863616594,0.05375608427472997,0.42621547595042897,0.059165959083601165,0.4255805003247033,0.4847464594083056,0.12205547443465747,0.3771526580427995,0.3624857993657725,0.10485343582510208,0.09878149796590091,0.06596665967256188,0.1629151995535758,0.06295725006848339,0.1589898843193096,0.08563255857734475,0.14404104203276802,0.08287946774362354,0.14041241114318836,0.47997156022515713,0.47227695338339976,0.05375608427472997,0.42621547595042897,0.48990104851619376,1.1535410585527814,1.1815806006591842,0.8256917077970942,0.8710601545060308,0.8256917077970942,0.8710601545060308,1.7518318843098788,1.8822638836900996
11,11,0.9999999999999993,0.9999999999999998,1.0,0.4654442598678229,64,1024,False,0.40452745888404545,0.40618612546937055,-0.001658666585323436,0.41640339322785946,0.3945584062176948,0.11739280149646321,0.10816741544471953,0.018676480214930794,0.38750964525444115,0.01647803954397656,0.3801602542520933,0.39663829379607,0.04154424774842511,0.4134749274997956,0.3918924318915411,0.10790103791805787,0.002665974326153675,0.06871830493811187,0.16606729805481454,0.0684914614270085,0.16577412594199448,0.08856415897025727,0.14736155195714673,0.0883375332923606,0.14707096926576924,0.40618612546937055,0.40452745888404545,0.018676480214930794,0.38750964525444115,0.41640339322785946,0.886496806664342,0.9275071378865147,0.8256917077970942,0.8520111310421464,0.8256917077970942,0.8520111310421464,1.7518318843098788,1.9133533676174739
