source,target,cka,cca_shared,procrustes_shared,probe_cosine,metric_rank,metric_examples,full_dim_cca_saturation_possible,train_raw,train_geometry,residual_correction,cal_raw,test_raw,cal_clipped,test_clipped,train_mean_term,train_variance_term,test_mean_term,test_variance_term,test_geometry,mean_fraction,aligned_cal_raw,aligned_test_raw,aligned_test_clipped,alignment_raw_reduction,bernstein_lo,bernstein_hi,bernstein_aligned_lo,bernstein_aligned_hi,betting_lo,betting_hi,betting_aligned_lo,betting_aligned_hi,prediction__training_geometry,prediction__direct_training,prediction__mean_only,prediction__variance_only,prediction__direct_calibration,prediction__cka_common,prediction__cka_held_target,prediction__cca_shared_common,prediction__cca_shared_held_target,prediction__procrustes_shared_common,prediction__procrustes_shared_held_target,prediction__probe_cosine_common,prediction__probe_cosine_held_target
0,0,0.9999999999999997,0.9999999999999998,0.9999999999999999,0.15146673061937765,64,1024,True,7.30989006536703,7.312342070188008,-0.0024520048209995854,7.0344329047762315,7.438765484321339,0.21852969780766587,0.2319585766203387,4.142929524729603,3.1694125454583992,4.152437322535949,3.206193683545301,7.358631006081244,0.5642948150415933,7.026989444315548,7.429376621223121,0.23194181734166977,0.009388863098217293,0.1566667393914173,0.28039265622391446,0.15670696444485344,0.2804299182475724,0.17676947542349808,0.261011638220225,0.1768105798473698,0.2610499688453274,7.312342070188008,7.30989006536703,4.142929524729603,3.1694125454583992,7.0344329047762315,2.5581228267642837,2.342904654615614,2.057670461814038,1.8585999640955502,2.057670461814038,1.8585999640955502,4.924099746579026,4.950193995780162
0,1,0.9656763777915972,0.9006454932932362,0.9470060681953565,0.13970769342583422,64,1024,True,10.487212943675049,10.489966207726061,-0.0027532640510157867,10.219832176310783,10.728253588290046,0.23607202932228355,0.24602751245545995,6.120694570565405,4.369271637160642,6.183016852466092,4.46375086084464,10.646767713310728,0.5807412182700298,6.912571496002464,7.21170791160207,0.24298843399917025,3.5165456766879766,0.17326937779207607,0.298874680852491,0.1723976872447585,0.29702033487257723,0.19335821131244302,0.2794193503432325,0.19243638350599213,0.27755219279788435,10.489966207726061,10.487212943675049,6.120694570565405,4.369271637160642,10.219832176310783,2.7252845040750886,2.217819483073622,2.9425647970496116,2.399102473177857,2.8563294568378885,2.363670131150582,4.924099746579026,5.74584340892907
0,2,0.9081888935598185,0.8015028592568643,0.8889198825327644,0.12403863751338312,64,1024,True,10.766572904093715,10.770049982628027,-0.00347707853440746,10.427072003735287,11.098497018320833,0.2429330487734745,0.24867085276480513,4.711326474478647,6.058723508149435,4.827630248150726,6.165568035353583,10.993198283504288,0.4391470183335789,6.730740725789737,7.08489359045782,0.24980750097851345,4.013603427863013,0.18029681725452218,0.3055692802924268,0.1816946371929182,0.3068428436413856,0.20019740995485336,0.28593196108704433,0.20155074868671363,0.2871769539488014,10.770049982628027,10.766572904093715,4.711326474478647,6.058723508149435,10.427072003735287,3.0520300986736597,2.68430911661079,3.5222900372514445,3.257207526280409,3.5222900372514445,3.257207526280409,10.427072003735287,17.533658435301636
0,3,0.8342942947194492,0.7222526681966015,0.83767511376306,0.10090954040499128,64,1024,True,11.8219546235952,11.825037149787294,-0.003082526192084017,11.213501376994861,12.364590447073235,0.2247389325366224,0.24769328763467224,3.6984462648966794,8.12659088489064,4.019987734427516,8.208740334878998,12.228728069306497,0.32873310385546034,6.468496454499648,6.860262129124819,0.24488722252578637,5.504328317948416,0.1630400652439371,0.28643779982930767,0.17675468250339427,0.3022280857932723,0.18293138742592419,0.26686225218873005,0.1965512367678457,0.2824973305541789,11.825037149787294,11.8219546235952,3.6984462648966794,8.12659088489064,11.213501376994861,4.0964045260452195,3.0355958009984216,6.018620105976636,5.9474043333397315,6.018620105976636,3.861580268080758,19.472507904481027,19.988695812448913
0,4,0.7877681863976151,0.665091271551213,0.7980881205872197,0.08537399557996408,64,1024,True,13.091352050822504,13.093458881672074,-0.002106830849492065,12.359687702740862,13.457371376657084,0.22139869002653068,0.25104598477891354,2.6441701280609418,10.449288753611095,2.8436094317774145,10.452966158961996,13.296575590739435,0.21386028397852164,6.370256105678854,6.750681473638278,0.25353749325910235,6.706689903018806,0.15965741783435558,0.28313996221870574,0.18374876342410537,0.3096839749818294,0.17982594791101292,0.26383549611637136,0.2035295903624501,0.2899368271464482,13.093458881672074,13.091352050822504,2.6441701280609418,10.449288753611095,12.359687702740862,4.0964045260452195,3.677118395954669,6.393178891620528,6.021253437922119,6.393178891620528,6.021253437922119,19.472507904481027,19.917059167089786
0,5,0.7220919968246258,0.6224475904580764,0.7664448701962218,0.09827570515165118,64,1024,True,14.798992968610046,14.805962767356805,-0.006969798746702374,13.686141055674481,14.787165794312477,0.21207480499243805,0.24585614483673243,1.1116986400562179,13.694264127300542,1.2343588952172244,13.359609277576157,14.593968172793403,0.08458007312352239,6.24786496766336,6.608257197758804,0.2579376757710975,8.178908596553672,0.150836989819717,0.2733126201651591,0.18634243129909334,0.312560370504531,0.1711513290720177,0.25417626990383724,0.20603418871905887,0.2927175027289195,14.805962767356805,14.798992968610046,1.1116986400562179,13.694264127300542,13.686141055674481,5.4811393019062535,5.160869519843331,8.790445886951211,8.34538268979455,8.922778022276802,8.393515463010395,19.472507904481027,19.834155832531433
0,6,0.6699448450020274,0.5876109113652093,0.7405101256794893,0.06780399709868788,64,1024,True,18.947701383944114,18.95030879330725,-0.0026074093630711493,17.991380982467444,18.48785302624324,0.2207013470314717,0.2541695663179514,0.015080185333463201,18.93522860797371,0.004458082123155378,18.330951488132783,18.335409570255937,0.00024314058031119014,6.227956785788749,6.454631451923887,0.2635986775694732,12.033221574319352,0.1590105249029386,0.2823921691600048,0.1939771125646916,0.32060104909510334,0.17909211795631563,0.26303755491244374,0.21372180086473236,0.300799436707166,18.95030879330725,18.947701383944114,0.015080185333463201,18.93522860797371,17.991380982467444,6.820400631683581,6.273656686294635,10.63144203864974,9.159454249886199,10.63144203864974,9.611924761397415,36.26360117103566,37.40561493282118
0,7,0.6123375437590232,0.5494278596226285,0.7102203865083471,0.07675399745534436,64,1024,True,29.40919049628522,29.417250292506413,-0.00805979622116302,29.143438992052314,28.382726295357013,0.23045560189698044,0.2545075359819023,2.427154487589158,26.99009580491733,2.1351266182498336,26.03613263717341,28.171259255423205,0.07579095413843823,6.053588503637821,6.344534165574194,0.2705432068382409,22.03819212978282,0.16840884402044415,0.29250235977351674,0.2031448347163351,0.3295669046601479,0.18881016171508236,0.2734191538329469,0.22291042630240554,0.30979421329539036,29.417250292506413,29.40919049628522,2.427154487589158,26.99009580491733,29.143438992052314,14.542917813356798,11.80254419299864,20.680643713006994,19.47167295885766,21.868187054197282,20.41313666662628,36.26360117103566,38.3439768157001
0,8,0.5699859010645039,0.50910244492998,0.6773678454760759,0.08795832002240342,64,1024,True,47.60307140736941,47.61842767895315,-0.015356271583705791,49.212985268220265,45.543265495897685,0.24397735061902023,0.2625961376923952,7.966356417575665,39.652071261377635,6.908275021189285,38.42578063607959,45.33405565726876,0.15238599152515106,5.911970937656237,6.245799985503258,0.275332923516169,39.297465510394424,0.18182887932314903,0.30612582191489146,0.2086905615732838,0.3362400109321674,0.20208873386582127,0.2868809851061087,0.22871508602111135,0.3166629732513684,47.61842767895315,47.60307140736941,7.966356417575665,39.652071261377635,49.212985268220265,19.504277214676172,12.380115192390857,39.08577842699601,37.960533222415535,39.08577842699601,37.960533222415535,19.472507904481027,17.613728069247323
0,9,0.5480144405174628,0.4730668828959478,0.6474711580687034,0.08009421930099826,64,1024,True,80.09071090150925,80.1085907535389,-0.01787985203008314,84.51827539239736,76.28286912548182,0.24501068671862306,0.2504321059449966,22.049310940486958,58.05927981305206,20.039856797504918,56.06948012213864,76.10933691964375,0.26330352632901005,5.809723096451104,6.099615785372295,0.27575440901933634,70.18325334010953,0.18240500767528217,0.30761636576196394,0.20881719514835317,0.33663983136023135,0.20284919936966617,0.28850496640370693,0.22872100940003293,0.316936046750925,80.1085907535389,80.09071090150925,22.049310940486958,58.05927981305206,84.51827539239736,22.36437864865697,16.747289610597115,42.36181968926007,33.64160088854196,42.36181968926007,33.64160088854196,36.26360117103566,33.87407518473746
0,10,0.5011126968038141,0.4393237376214504,0.6181691599931092,0.07279734897212167,64,1024,True,118.65685360242938,118.67828108312118,-0.021427480691612072,125.14298935474525,115.20646164268193,0.2403422557406562,0.24976617405885115,28.762657760330757,89.91562332279024,26.188178631398912,88.89937949078868,115.08755812218818,0.22755004153963354,5.724339923799372,5.9613570338964115,0.28479758197433586,109.24510460878552,0.17805893634752157,0.30262557513379085,0.21508549763821844,0.3433930693723633,0.19824635446275352,0.28328843729104847,0.23490890762332128,0.32359028680366464,118.67828108312118,118.65685360242938,28.762657760330757,89.91562332279024,125.14298935474525,22.36437864865697,13.032267605673432,62.65450560415932,37.84024388547682,62.65450560415932,37.84024388547682,36.26360117103566,30.475249370434845
0,11,0.2562176205194547,0.40788622198627794,0.5878941395178665,0.08038518135513553,64,1024,True,180.93897909492816,180.98651338976936,-0.04753429484150762,189.71412908109224,176.21986959519438,0.24197416046935508,0.2594791867191514,28.52976019922664,152.4567531905417,25.713703036659908,150.4762291957766,176.18993223243672,0.14594308943111106,5.562694302945475,5.75004752880247,0.2921744985885373,170.4698220663919,0.1798066793713337,0.30414164156737644,0.21984680355904024,0.34768231558725843,0.20000491805694764,0.28486054947279627,0.23964111076202244,0.32786063593812287,180.98651338976936,180.93897909492816,28.52976019922664,152.4567531905417,189.71412908109224,95.07844884398853,17.992678019317992,95.07844884398853,41.917259938401145,95.07844884398853,41.917259938401145,36.26360117103566,20.560122488703797
1,0,0.9656763777915972,0.9006454932932362,0.9470060681953565,0.08767464887600825,64,1024,True,2.8398126785061426,2.8341748665253994,0.005637811980762032,2.6225779910154112,2.7643429944170053,0.18793016145375638,0.19921887111969833,0.09412102280787492,2.7400538437175035,0.07311036137978211,2.693644256351329,2.7667546177311197,0.026424591798363508,3.1155007715053045,3.3202693321560233,0.21388214624612192,-0.555926337739018,0.12791170391980822,0.24794861898770454,0.13995226508520675,0.261566326979256,0.14780042562779272,0.22845717654854525,0.15993624844122678,0.24212339239602443,2.8341748665253994,2.8398126785061426,0.09412102280787492,2.7400538437175035,2.6225779910154112,2.7252845040750886,2.730175290411264,2.9425647970496116,2.961387550345741,2.8563294568378885,2.8686321655653875,19.472507904481027,30.786336485480565
1,1,1.0000000000000004,0.9999999999999998,1.0,0.09773885512767212,64,1024,True,3.585734203860391,3.580997184417172,0.004737019443218608,3.4097560273400163,3.523711257283035,0.21044743646877112,0.2241685483417323,0.012435011708489518,3.568562172708684,0.004707263287678567,3.5185163280176686,3.5232235913053445,0.0013360671458079502,3.40015911860516,3.514433381795067,0.224251079584547,0.00927787548796788,0.14908881664277263,0.2718060562947696,0.14925969280034007,0.2719866470401528,0.16898480049712816,0.25224989230628125,0.16915526358934585,0.2524296394112753,3.580997184417172,3.585734203860391,0.012435011708489518,3.568562172708684,3.4097560273400163,2.3240964785291567,2.2034676397723945,2.057670461814038,2.003587039192999,2.057670461814038,2.003587039192999,19.472507904481027,23.002774943376846
1,2,0.9590331848924849,0.897381308976752,0.9456039530885489,0.059904443239228784,64,1024,True,4.7360209255674866,4.72856430849154,0.007456617075925261,4.540823679763245,4.66109495486811,0.23155697749870527,0.24155858853172157,0.00016319689978066315,4.728401111591802,0.004040902789702876,4.659949128715641,4.663990031505364,0.0008664046797712862,3.1799651393391457,3.2673800307036944,0.22851236217950505,1.3937149241644158,0.169231525584298,0.29388242941311254,0.15853895596337048,0.28197033330347876,0.1891644110000925,0.27430762027506717,0.17864998402365018,0.26260981474479195,4.72856430849154,4.7360209255674866,0.00016319689978066315,4.728401111591802,4.540823679763245,2.7252845040750886,2.610525656742078,2.9425647970496116,2.933660042260132,2.8563294568378885,2.838832414779271,36.26360117103566,38.24627476424019
1,3,0.888459275028913,0.8070737806014199,0.8923593614561905,0.059746051571987396,64,1024,True,6.20508004559907,6.200031388305844,0.005048657293244314,5.891962268948808,6.0684438353008945,0.23347474193278275,0.24989164022316823,0.25409916059846177,5.945932227707369,0.2715657966881685,5.7888315692998695,6.060397365988065,0.044809899465048264,2.9641737139514737,3.055077712169962,0.22021548231451418,3.0133661231309326,0.17061488307424588,0.2963346007913196,0.1599991388613141,0.2837692424416245,0.19078969460679218,0.27695776211476186,0.18007486809801776,0.2643781899823807,6.200031388305844,6.20508004559907,0.25409916059846177,5.945932227707369,5.891962268948808,3.0520300986736597,2.938255079241388,3.5189154068702484,3.5568406569474833,3.5189154068702484,3.5568406569474833,36.26360117103566,38.161828602416094
1,4,0.8449923181000097,0.7434500253401137,0.852105909847907,0.0427212576118132,64,1024,True,8.018547497949129,8.011545264653456,0.007002233295659127,7.58693752897598,7.895953028403975,0.2297128598097749,0.25511695497901143,0.39138552005208016,7.620159744601414,0.4522898548038741,7.425694311042523,7.877984165846353,0.05741187660222764,2.8338481539256604,2.9518181702521185,0.22839725371240618,4.944134858151856,0.1667652999247609,0.2926604196947889,0.16473623926187358,0.2886180157467141,0.18701549916295335,0.2733567220129771,0.1848470588811324,0.2692436859215377,8.011545264653456,8.018547497949129,0.39138552005208016,7.620159744601414,7.58693752897598,3.280309517747723,2.938445993392199,3.86326616630788,3.609184944227495,3.86326616630788,3.6143937447820225,36.26360117103566,38.05589264866439
1,5,0.7840096811506485,0.6936893741866197,0.8183829174101203,0.020317010694530655,64,1024,True,11.261135125618745,11.25076521701245,0.010369908606296156,10.62842330444975,11.20297247910788,0.2376679188853474,0.269338223415094,1.2834108847008823,9.967354332311617,1.4708247431135235,9.693131253278699,11.16395599639219,0.13174762992516667,2.710015997650502,2.82338913151167,0.2368890767225851,8.37958334759621,0.17458797510774374,0.30074786266295106,0.17099855525424743,0.29461930037155826,0.1948889811974368,0.2814907085194136,0.19102361774275778,0.27517138834809884,11.25076521701245,11.261135125618745,1.2834108847008823,9.967354332311617,10.62842330444975,4.0964045260452195,3.9086262702498216,6.018620105976636,5.788785117858703,6.018620105976636,5.646328276855119,36.26360117103566,39.025126419136534
1,6,0.7341266360017266,0.6538963726514131,0.7906690470132464,-0.006091814572470165,64,1024,True,16.64561893306609,16.63057932936732,0.01503960369868377,15.94190234780027,16.74708529754624,0.26012337982495165,0.2823559432129049,3.7929074805362153,12.837671848831121,4.1265928891012775,12.559222775160585,16.685815664261867,0.24731142739037482,2.6737182097705503,2.697543733647812,0.24081836839827808,14.049541563898426,0.19647982222172036,0.32376693742818297,0.17678394646298443,0.2994808485346906,0.21680099530203734,0.3044673390686512,0.1968428178006434,0.28009070432017324,16.63057932936732,16.64561893306609,3.7929074805362153,12.837671848831121,15.94190234780027,5.4811393019062535,4.391783292531966,8.790445886951211,8.908534348297902,8.128785210323251,5.727218078809423,43.79969817803185,53.085630121442385
1,7,0.6781881040359634,0.6094495778871807,0.7576584746147177,-0.012283375371439155,64,1024,True,21.74318037639693,21.727090972840394,0.01608940355643186,21.421900973242053,21.954173838672407,0.2650035469855891,0.2869105620991167,4.654578217094942,17.072512755745414,4.962288499363393,16.926696174759964,21.88898467412335,0.22670254345920832,2.5551872644054856,2.581598716770222,0.24795467135285856,19.372575121902184,0.20084337601226399,0.3291637179589142,0.17906772890297235,0.30171661228657176,0.22123658960481407,0.3099028529104544,0.19931616020039655,0.28252032046293607,21.727090972840394,21.74318037639693,4.654578217094942,17.072512755745414,21.421900973242053,6.820400631683581,5.6134231155390575,10.63144203864974,8.170786182578825,10.63144203864974,8.178422722988929,43.79969817803185,51.25896391296178
1,8,0.6317038107052163,0.5637848563051024,0.7225677881018926,-0.02096570727048658,64,1024,True,34.589144788544104,34.57189940458377,0.01724538396020382,33.973794459233766,34.75405878767971,0.268918160048685,0.27810745342339765,9.316563003422178,25.25533640116175,9.823888800627481,24.933084655362073,34.75697345598956,0.2826451161827084,2.433275022135927,2.4829053555252223,0.2373382072756027,32.27115343215449,0.20424814082596127,0.33358817927140877,0.1772653401463246,0.2999627571885645,0.2246664503181819,0.31434424719191156,0.19749761063576443,0.2807570949589717,34.57189940458377,34.589144788544104,9.316563003422178,25.25533640116175,33.973794459233766,14.542917813356798,8.122910084944651,20.680643713006994,18.78162217783174,17.118013689436115,11.498579624674784,43.79969817803185,50.92174230800462
1,9,0.5998744761600787,0.5228275736291806,0.6902502526036508,-0.04054548407148266,64,1024,True,55.67940953373838,55.65564907317492,0.02376046056385302,54.64713937066327,56.16102106931796,0.27664674952901963,0.28157028882426166,15.734543342730397,39.921105730444296,16.535419762672948,39.6379977793691,56.173417542042074,0.294363784263211,2.239142437631052,2.2997071995679295,0.23523758814154933,53.861313869750035,0.21164275206789399,0.3416507469901453,0.1743924373668082,0.297050518480717,0.2321066413205699,0.3224214375950396,0.19473176018800586,0.27793648866645526,55.65564907317492,55.67940953373838,15.734543342730397,39.921105730444296,54.64713937066327,14.542917813356798,10.0868931958783,39.08577842699601,33.64160088854196,39.08577842699601,33.64160088854196,59.12753763865496,63.607935906646645
1,10,0.534487751452296,0.4843490875044399,0.6580915412036817,-0.03948668477970704,64,1024,True,64.2302003672721,64.20451897636997,0.025681390902071003,63.607935906646645,64.6575901190319,0.2840988920704419,0.2872632440846448,8.01354110388194,56.190977872488155,8.59085920303219,56.10453464218272,64.69539384521487,0.13278934855217062,2.130741408955962,2.1488541031311366,0.239845334807842,62.50873601590076,0.21960663518446835,0.3485911489564155,0.16876449755050277,0.2905793430264974,0.2402447770073195,0.32954682727722684,0.18887371641903883,0.2712731644496671,64.20451897636997,64.2302003672721,8.01354110388194,56.190977872488155,63.607935906646645,22.36437864865697,13.032267605673432,39.08577842699601,36.361094262590385,39.08577842699601,36.361094262590385,59.12753763865496,54.06055132274682
1,11,0.26448418315885736,0.44556455986380084,0.6229221988346811,-0.0029751006003090868,64,1024,True,104.18039653330774,104.16457197722536,0.015824556082883474,103.86119493185132,105.52133848823122,0.2759987249378806,0.29065068766562496,19.255647246776714,84.90892473044848,20.108411218631197,85.52314804558343,105.63155926421442,0.19036366933043533,1.9408617712755156,1.9961152574110324,0.23619347299723847,103.52522323082019,0.21168385696994158,0.3403135929058196,0.1666202568948429,0.2870447582420568,0.23218046872352716,0.32113794715405675,0.18704129977413686,0.2680692695794278,104.16457197722536,104.18039653330774,19.255647246776714,84.90892473044848,103.86119493185132,52.1557790976453,17.992678019317992,52.1557790976453,29.802921021706368,52.1557790976453,28.39133421398647,43.79969817803185,24.329814725856643
2,0,0.9081888935598185,0.8015028592568643,0.8889198825327644,0.06240610691874335,64,1024,True,3.5953309198058045,3.585374167023499,0.009956752782315061,3.529893953586241,3.586693735513575,0.2036431462486439,0.22573079050863226,1.9464787070912848,1.6388954599322003,1.931448885290528,1.6318755290318208,3.563324414322349,0.5420356556723559,4.953722199078195,5.012479032164027,0.229048933857296,-1.425785296650452,0.14284431317307017,0.26444197932421765,0.15171743363133922,0.27449932131829025,0.16278711258928524,0.2449654834344983,0.17171220528689446,0.255039682968345,3.585374167023499,3.5953309198058045,1.9464787070912848,1.6388954599322003,3.529893953586241,3.0520300986736597,3.020172508346154,3.5222900372514445,3.521203763489331,3.5222900372514445,3.521203763489331,36.26360117103566,43.69251063321407
2,1,0.9590331848924849,0.897381308976752,0.9456039530885489,0.09610655703430485,64,1024,True,4.406700833694161,4.397944005857911,0.008756827836236164,4.360694599736515,4.4857454114196065,0.2111230609310476,0.2273774993158712,2.1818772060820346,2.216066799775875,2.223371842577818,2.2331463618519387,4.456518204429752,0.4989033457482121,5.083556248046898,5.148828871322694,0.2335839516578718,-0.6630834599030875,0.15007363880702168,0.2721724830550735,0.15654481206586224,0.27987011651587906,0.17014363329508342,0.2528307890970609,0.17656501437886618,0.26043296072020894,4.397944005857911,4.406700833694161,2.1818772060820346,2.216066799775875,4.360694599736515,2.7252845040750886,2.217819483073622,2.9425647970496116,2.399102473177857,2.8563294568378885,2.363670131150582,19.472507904481027,23.002774943376846
2,2,0.9999999999999991,0.9999999999999998,1.0,0.13424033001563737,64,1024,True,5.243359938054332,5.239824952855484,0.0035349851988536597,5.281919434048662,5.356028913981291,0.21915034742836717,0.23937527158060987,2.4396988224179132,2.800126130437567,2.484883129033774,2.8169337535435783,5.301816882577364,0.46868520434938177,5.276721865251499,5.35036415281685,0.23939881349973777,0.0056647611644411455,0.15744213192195208,0.2808585629347823,0.15750811433402845,0.28093402502443443,0.17735012475895928,0.26131097078177845,0.17741657225997187,0.2613865282255574,5.239824952855484,5.243359938054332,2.4396988224179132,2.800126130437567,5.281919434048662,2.7252845040750886,2.263476086255142,2.057670461814038,1.928700502924653,2.057670461814038,1.928700502924653,4.924099746579026,5.2691520463599915
2,3,0.9472091731601641,0.9095798827373205,0.9524202501403454,0.1466472447337061,64,1024,True,5.869494573210316,5.86995504456989,-0.0004604713596123166,5.927877972775806,6.015319107913302,0.21872157755680383,0.232305138017116,2.3151749683066307,3.554780076263279,2.458365070106414,3.5104612085380933,5.968826278644508,0.4118674183737003,5.092467351429254,5.220275332441212,0.23719002597239444,0.7950437754720898,0.15755346261870673,0.2798896924949009,0.16550924730540423,0.2893994551656337,0.17751695254992228,0.2604340052785119,0.185437469088356,0.2698554820672143,5.86995504456989,5.869494573210316,2.3151749683066307,3.554780076263279,5.927877972775806,2.7252845040750886,2.6975236350026734,2.9425647970496116,2.072450176478004,2.8563294568378885,2.071829279001654,4.924099746579026,5.146480122118493
2,4,0.9070038287310442,0.8403415045977585,0.9129834881126733,0.1316905252547508,64,1024,True,7.077534491292011,7.07795604533205,-0.00042155404006359516,7.265161995957193,7.3203138418235,0.23169232707658285,0.23218601112888912,2.6332656077025267,4.4446904376295295,2.849753383259178,4.4235551217978974,7.2733085050570905,0.3918097769780782,5.051809760398956,5.182067786477319,0.24038439699235303,2.1382460553461815,0.16996544282721257,0.29341921132595317,0.17437193214419125,0.2988765382131301,0.18975356787268538,0.27374377640808234,0.1942357327134232,0.27925662922643824,7.07795604533205,7.077534491292011,2.6332656077025267,4.4446904376295295,7.265161995957193,3.0520300986736597,2.9179604378572868,3.5189154068702484,3.2978462126176424,3.5189154068702484,2.8617898813215317,4.924099746579026,5.1064873199987435
2,5,0.8498425017530665,0.7822878128062145,0.8775484564635638,0.13249178497015587,64,1024,True,7.798016038575441,7.800392020394743,-0.0023759818192765694,7.92280249211982,7.899097658213616,0.23235369212296575,0.22545846489386906,2.058825493045517,5.741566527349232,2.2397874193825276,5.620242873074755,7.860030292457287,0.2849591332404778,4.95888624329911,5.060795067656169,0.24321343460871148,2.838302590557447,0.17095683516106644,0.2937505490848651,0.17866816002912012,0.3036470899540034,0.19059823881980265,0.2739582265203353,0.19838923686620547,0.2838726828849758,7.800392020394743,7.798016038575441,2.058825493045517,5.741566527349232,7.92280249211982,3.280309517747723,2.995283127296426,3.86326616630788,3.6399025733628783,3.86326616630788,3.528172037089089,4.924099746579026,5.344733268188054
2,6,0.8014998085351897,0.7321956817866142,0.8454149386331611,0.09201805800808073,64,1024,True,9.443136853098617,9.442273861510715,0.0008629915879429172,9.701402998843355,9.81771860557701,0.2380134706275617,0.23152092976988548,1.8265564409610526,7.615717420549635,2.0491105092373894,7.728987912931779,9.778098422169153,0.20956124808394175,4.927811925943638,5.006913004785335,0.2500179818189144,4.810805600791675,0.1763930041261778,0.2996339371289456,0.18543216304953652,0.31083660082763054,0.19604753149906173,0.27982526751293335,0.20521914627897786,0.2911146507249214,9.442273861510715,9.443136853098617,1.8265564409610526,7.615717420549635,9.701402998843355,4.0964045260452195,3.3975944736434855,3.86326616630788,3.6881503771567856,3.86326616630788,3.6881503771567856,19.472507904481027,20.08320196108338
2,7,0.7443369518418417,0.6783744634546064,0.8084245279788767,0.05583101019924316,64,1024,True,12.230553073926227,12.226368965853656,0.004184108072522627,12.178128680052378,12.341036288468196,0.23824106182868354,0.23231093036680597,1.4850972946223362,10.741271671231331,1.6842560289066573,10.671252479950072,12.355508508856753,0.136316204848982,4.781005715434983,4.923389698252168,0.25542601475007437,7.417646590216028,0.1767953657374663,0.2996867579199008,0.19348105937685375,0.31890651254650126,0.19646017154445872,0.2798850041508558,0.21327268522873055,0.29916978054097854,12.226368965853656,12.230553073926227,1.4850972946223362,10.741271671231331,12.178128680052378,5.4811393019062535,3.7444954701684945,6.018620105976636,5.964300445268144,6.018620105976636,5.964300445268144,36.26360117103566,38.3439768157001
2,8,0.6896658202027891,0.6244381244256889,0.7699664425372197,0.05511796429629109,64,1024,True,16.11128091329391,16.109461796958524,0.0018191163354157498,15.773309051573529,16.043570049990144,0.23757344241424921,0.2267334800327729,0.8074660468635112,15.301995750094987,0.9627643556136376,15.151951670380194,16.114716025993804,0.05974441957653196,4.692198596920208,4.843668524255257,0.25842486973530926,11.199901525734887,0.17644401513361593,0.29870286969488247,0.19975855806681778,0.32529187682619065,0.1963668660100666,0.2792090590373846,0.21969728019757895,0.305693232199701,16.109461796958524,16.11128091329391,0.8074660468635112,15.301995750094987,15.773309051573529,6.423128137811183,4.6286589428824,8.790445886951211,8.130591782378035,8.922778022276802,8.1616079079105,36.26360117103566,37.54424442850205
2,9,0.637939019671422,0.5752837238421612,0.7333127160744037,0.02597263098681042,64,1024,True,24.202693341503906,24.197113518916076,0.0055798225880040265,23.851816744147058,24.509045490367534,0.2464668725675918,0.23593266199417656,0.03678857161288913,24.16032494730303,0.07192570591042899,24.533003417013944,24.604929122924382,0.0029232234545807285,4.624882353559465,4.745616276798611,0.2575522187623772,19.763429213568923,0.18496541433281496,0.30796833080236863,0.20172235187749138,0.32766913597569364,0.20484493259573355,0.28839867442002287,0.22157802328729304,0.30794610801240196,24.197113518916076,24.202693341503906,0.03678857161288913,24.16032494730303,23.851816744147058,12.053248667597746,5.288505235046693,14.307666300933864,11.1262828198628,14.307666300933864,11.1262828198628,36.26360117103566,33.87407518473746
2,10,0.5557220733954407,0.5297297917253063,0.6968610769250825,0.02808880267190333,64,1024,True,34.63654820063317,34.63314713145748,0.003401069176027811,34.209489996338284,34.28674211353492,0.2420471828685947,0.2328385351845295,0.036135625606737484,34.59701150585055,0.06843156699317281,34.34133129873416,34.40976286572736,0.0019887253295003573,4.519981691238697,4.60170639250231,0.26735324260353105,29.685035721032612,0.18016526285266488,0.3039291028845245,0.20096986349458076,0.3270363358214802,0.20027688702975865,0.28453266435099067,0.22095979861478554,0.30744096831040224,34.63314713145748,34.63654820063317,0.036135625606737484,34.59701150585055,34.209489996338284,19.504277214676172,13.032267605673432,20.680643713006994,18.747951386816805,21.868187054197282,19.399926465769084,36.26360117103566,30.475249370434845
2,11,0.2689363458704601,0.4858151461227303,0.6576129730146373,0.05762256761553985,64,1024,True,50.66062589202142,50.67232610996075,-0.011700217939293907,50.52404380799333,51.007719181107724,0.24801878690603488,0.24884315189539769,2.937917129757929,47.73440898020253,2.5593121304040634,48.65034118286734,51.20965331327138,0.04997714229283403,4.328390594852973,4.370939595152205,0.27101683610192673,46.63677958595552,0.1860182866963793,0.3100192871156905,0.20633625245525014,0.332396419133169,0.20580310784862377,0.2902977353078313,0.22634353618923342,0.31281477320590056,50.67232610996075,50.66062589202142,2.937917129757929,47.73440898020253,50.52404380799333,25.484977002883255,17.992678019317992,39.08577842699601,20.954791904263462,39.08577842699601,24.08779456969853,36.26360117103566,24.329814725856643
3,0,0.8342942947194492,0.7222526681966015,0.83767511376306,0.06801891646331219,64,1024,True,0.8201241911262074,0.8095020121668013,0.01062217895940807,0.8295070085227834,0.7670301174020279,0.1775070190669755,0.16342549125251357,0.05901246416642985,0.7504895480003673,0.06808260795103512,0.7247694328573857,0.792852040808421,0.08587050855240985,1.7048100754810733,1.562353963842318,0.1950017938637504,-0.7953238464402902,0.11992103972394165,0.23509299841000936,0.13899228276153705,0.257534853957044,0.13956270512426272,0.2155675720787258,0.15882836905802833,0.23806972490274347,0.8095020121668013,0.8201241911262074,0.05901246416642985,0.7504895480003673,0.8295070085227834,4.0964045260452195,4.5299440237369355,6.018620105976636,6.4177826519346235,6.018620105976636,6.4177826519346235,36.26360117103566,43.69251063321407
3,1,0.888459275028913,0.8070737806014199,0.8923593614561905,0.11958578978333884,64,1024,True,1.173876935183152,1.1647138741702567,0.00916306101290653,1.2233345418250474,1.132034327958377,0.1924754252812509,0.1856686559687993,0.1150595776126565,1.0496542965575935,0.11999658253217448,1.0284456863249782,1.1484422688571498,0.10448638628704146,1.7865417393583256,1.6796607572265465,0.2027813436037531,-0.5476264292681694,0.13382209026144054,0.25112876030106124,0.14959630152371195,0.26850380749796066,0.1537615920024109,0.2318298760947073,0.1695927005057456,0.24918857926968485,1.1647138741702567,1.173876935183152,0.1150595776126565,1.0496542965575935,1.2233345418250474,3.0520300986736597,3.173943135796901,3.5189154068702484,3.6555376367581762,3.5189154068702484,3.6555376367581762,19.472507904481027,23.002774943376846
3,2,0.9472091731601641,0.9095798827373205,0.9524202501403454,0.16371516961772456,64,1024,True,1.4416384074307234,1.4372510225120516,0.004387384918684554,1.4867819909676518,1.3734547525248002,0.19288640560038492,0.19880583649599282,0.0978365276102687,1.3394144949017723,0.10030856255241924,1.2798536864305083,1.3801622489829268,0.07267881919414831,1.895684179383864,1.7363288452603072,0.20484334108572935,-0.36287409273550697,0.13381505648588626,0.2519577547148836,0.14459060267672585,0.2633979058075611,0.1538414718088461,0.23272613944573095,0.16475425010139588,0.24425973565666936,1.4372510225120516,1.4416384074307234,0.0978365276102687,1.3394144949017723,1.4867819909676518,2.7252845040750886,2.610525656742078,2.9425647970496116,2.933660042260132,2.8563294568378885,2.838832414779271,4.924099746579026,5.2691520463599915
3,3,1.0000000000000002,0.9999999999999998,1.0,0.19069379497732553,64,1024,True,1.9847387814015844,1.9850517706612358,-0.0003129892596551268,2.0332374803004103,1.885098994613686,0.19959307546662997,0.20020757041333903,0.195774568809143,1.78927720185209,0.19677677377125433,1.7122081687798345,1.9089849425510916,0.10307926971298666,2.0291799233056045,1.8810497891583715,0.20021559262412378,0.0040492054553145085,0.13995025282815965,0.2592358981051003,0.13999919691560714,0.2592777856530007,0.1599465003091609,0.23992934970010538,0.1599961103129317,0.23997223525657319,1.9850517706612358,1.9847387814015844,0.195774568809143,1.78927720185209,2.0332374803004103,2.390961149453479,2.4132657266662934,2.057670461814038,2.072450176478004,2.057670461814038,2.071829279001654,2.8158205116665465,3.095365197260461
3,4,0.9598578602178599,0.9264763398342163,0.9616918423084564,0.1920858974016263,64,1024,True,2.452688493828689,2.454700692062853,-0.002012198234157859,2.54233548035699,2.3218176213957493,0.19951626593134822,0.19782321263228145,0.19733443015253008,2.2573662619103194,0.18506863305991836,2.1685776161069725,2.3536462491668986,0.07863060692549938,1.9454895267444283,1.7603668893563045,0.20442748070142042,0.5614507320394448,0.1401453236846647,0.25888720817803174,0.14194585122688275,0.26086299582877615,0.1602559412640403,0.23970603730413131,0.16199528246943373,0.2416197560596629,2.454700692062853,2.452688493828689,0.19733443015253008,2.2573662619103194,2.54233548035699,2.7252845040750886,2.8250414965941695,2.057670461814038,2.1088498139506657,2.057670461814038,2.1113401112566037,2.8158205116665465,3.046226036983691
3,5,0.9107737442031607,0.8632627766974081,0.9263246287352962,0.17935463265917093,64,1024,True,3.39482133224404,3.3976969233692484,-0.0028755911252246443,3.561107104843339,3.182172740776582,0.21245265243329056,0.20886247509334604,0.3690877963990366,3.0286091269702218,0.3402233545217661,2.8736613886645657,3.213884743186325,0.10586047158133624,1.8623086392685746,1.660086757298118,0.20255217181188714,1.522085983478464,0.1519396127065008,0.2729656921600803,0.14794299043896836,0.2674513985376372,0.1719985710005858,0.25364423198334407,0.16795211796124931,0.24815703088825103,3.3976969233692484,3.39482133224404,0.3690877963990366,3.0286091269702218,3.561107104843339,2.7252845040750886,2.8130326878111545,2.9425647970496116,3.009320800870658,2.8563294568378885,2.9096052035847912,2.8158205116665465,2.897186037185315
3,6,0.8612853875316321,0.8063518913577605,0.8927082259245422,0.15144062773752107,64,1024,True,4.6262756015671425,4.628668260001301,-0.002392658434183742,4.795727270792297,4.441430688455006,0.21100454262433804,0.21467023785965053,0.45636187044890153,4.17230638955239,0.39021914356723536,4.076526733269296,4.4667458768365265,0.08736094560266307,1.749299102901884,1.5814002137344945,0.2063395329352792,2.860030474720512,0.151023441221242,0.2709856440274341,0.15402229701153722,0.27296779504358937,0.17093312987708487,0.25155929870379623,0.17406705796020105,0.25372520840755897,4.628668260001301,4.6262756015671425,0.45636187044890153,4.17230638955239,4.795727270792297,3.0520300986736597,3.123122145373767,3.5189154068702484,3.377047421990021,3.5189154068702484,3.377047421990021,4.924099746579026,5.290616980443403
3,7,0.7989643506847409,0.745539689243907,0.8543482846067137,0.12691449672347854,64,1024,True,6.879269472785474,6.8816194264083075,-0.002349953622876681,7.0541381140102315,6.528415999868355,0.20991264667126958,0.20388842010097175,0.627740896286169,6.253878530122205,0.543748992327681,6.040212994861895,6.583961987189578,0.0825868972794275,1.6894763203128826,1.506191456930754,0.21135268294315626,5.022224542937601,0.15024436704656627,0.26958092629597286,0.16790587512280603,0.2875149946971586,0.1701674851065036,0.25020030797168147,0.18824329592462163,0.2685139910172438,6.8816194264083075,6.879269472785474,0.627740896286169,6.253878530122205,7.0541381140102315,4.0964045260452195,3.7444954701684945,3.86326616630788,3.715048979211833,3.86326616630788,3.715048979211833,7.0541381140102315,6.185884309229613
3,8,0.7320154268709318,0.6839674238202358,0.8133025510363827,0.13162741734159342,64,1024,True,10.349751040300355,10.355960855441062,-0.006209815140641227,10.507666827295967,9.752140986523019,0.2060776522284397,0.1978814503939055,0.9736240110975836,9.382336844343422,0.8791400101928,8.972502545094612,9.851642555287428,0.08923791187703627,1.597142994123163,1.462193295115422,0.21235322125635459,8.289947691407598,0.14676689839949023,0.2653884060573892,0.16516346518248634,0.283596535500249,0.1668476189370267,0.2462114646768896,0.1854066929736291,0.2645493819291005,10.355960855441062,10.349751040300355,0.9736240110975836,9.382336844343422,10.507666827295967,5.4811393019062535,4.6286589428824,6.018620105976636,5.673308819721303,6.018620105976636,5.65974566320554,4.924099746579026,4.879384289182532
3,9,0.6588214139856144,0.6276378142714323,0.7736171012745756,0.1034514130550822,64,1024,True,17.196353788959993,17.20182653845074,-0.005472749490800898,17.472281940772053,16.490034648875334,0.2131931770202226,0.2030080419418952,2.9050699871906946,14.296756551260149,2.771419474511582,13.823024339873111,16.594443814384665,0.16700887993059552,1.5119624554975637,1.3721177756965226,0.20470765308898708,15.11791687317881,0.1530860499700729,0.2733003040703723,0.16701241726215282,0.2851336543227392,0.1730737880934612,0.2539730721982778,0.18715818112104898,0.26601920393295586,17.20182653845074,17.196353788959993,2.9050699871906946,14.296756551260149,17.472281940772053,6.820400631683581,5.288505235046693,8.790445886951211,7.941817016911532,8.922778022276802,8.00118806387659,19.472507904481027,19.597522027212836
3,10,0.5639840355465511,0.5765090539126548,0.7349791773042269,0.08418380248126543,64,1024,True,32.41073443304198,32.41651433540209,-0.005779902360242865,32.823895240987376,31.242947303645376,0.22789955736185372,0.22132242170342756,10.796098672812288,21.620415662589824,10.44209665080397,20.906257343744702,31.348353994548738,0.3330987219494771,1.42127821869774,1.269809427636581,0.21082240274135505,29.973137876008796,0.16687799174334506,0.2889211229803624,0.1644437048380996,0.281875825241868,0.18727702050819062,0.2698777962650638,0.18462072627153248,0.26282137771340786,32.41651433540209,32.41073443304198,10.796098672812288,21.620415662589824,32.823895240987376,19.504277214676172,13.032267605673432,14.307666300933864,9.15556069420729,14.307666300933864,9.15556069420729,19.472507904481027,18.63804619594938
3,11,0.26114767101280184,0.5269976340789035,0.6919404232783217,0.12350656563108521,64,1024,True,171.46686541857204,171.49468890096998,-0.02782348239769067,171.24876589567248,167.51420778001082,0.306343512309423,0.3016383300430295,130.47599414220016,41.01869475877023,128.06176945148846,39.62561209388297,167.68738154537073,0.7636935365756137,1.2501965731817086,1.1435111697739215,0.21260123937375147,166.3706966102369,0.24132057284273084,0.3713664517761152,0.16106991478975452,0.27716441297856376,0.26168476491147885,0.35200353558320785,0.181456884216459,0.25834386303904466,171.49468890096998,171.46686541857204,130.47599414220016,41.01869475877023,171.24876589567248,59.663510345452025,17.992678019317992,39.08577842699601,14.140099910675625,39.08577842699601,13.057868502359952,19.472507904481027,4.2793845653047295
4,0,0.7877681863976151,0.665091271551213,0.7980881205872197,0.04533920119972464,64,1024,True,0.4480699127444295,0.43587090045496635,0.012199012289464847,0.4266700805001939,0.42908357356821203,0.1351683789620304,0.13871258324858363,0.0015316013404324874,0.43433929911453417,0.0019987525693114837,0.44544838712274765,0.4474471396920608,0.004467013848131988,1.1312390107380466,1.0899187270025765,0.16462012885416286,-0.6608351534343645,0.08179699512310998,0.18853976280095083,0.10865437729572756,0.22168245415254395,0.10165169976244215,0.16954497475671815,0.12876688052347163,0.2026823290725588,0.43587090045496635,0.4480699127444295,0.0015316013404324874,0.43433929911453417,0.4266700805001939,4.0964045260452195,4.5299440237369355,6.393178891620528,9.692845976691508,6.393178891620528,9.433848121878386,36.26360117103566,43.69251063321407
4,1,0.8449923181000097,0.7434500253401137,0.852105909847907,0.1466307008498651,64,1024,True,0.6272582697450926,0.6176839097479062,0.009574359997185691,0.6413293473214051,0.619711047601874,0.15825222935623384,0.15981254064261832,0.01879823626183841,0.5988856734860714,0.019299176815594232,0.6156023043463288,0.6349014811619236,0.030397120479661036,1.2122239295422952,1.1635288736029115,0.17210491605064415,-0.5438178260010375,0.10349519640004569,0.213009262312422,0.11472645576984054,0.22731363474633354,0.12343571638484718,0.19400505283556413,0.1346793043121579,0.20819868992111878,0.6176839097479062,0.6272582697450926,0.01879823626183841,0.5988856734860714,0.6413293473214051,3.280309517747723,3.6573066849514824,3.86326616630788,4.078061954240312,3.86326616630788,4.0780619542403125,4.924099746579026,5.74584340892907
4,2,0.9070038287310442,0.8403415045977585,0.9129834881126733,0.19334450352341373,64,1024,True,0.8029927658331452,0.7975985942634373,0.0053941715697019684,0.8250819424922109,0.8135148180620732,0.16260801054635035,0.1714622780244021,0.02237210900804426,0.7752264852553952,0.022561630520729545,0.7987555375206272,0.8213171680413575,0.02747005833877011,1.3017555389380655,1.247017376880087,0.1783947047358023,-0.4335025588180138,0.10692245107958079,0.21829357001311991,0.11291135610900156,0.22617443804308002,0.12689460680121556,0.19925040144880768,0.13304428096307674,0.2072123047983041,0.7975985942634373,0.8029927658331452,0.02237210900804426,0.7752264852553952,0.8250819424922109,3.0520300986736597,2.68430911661079,3.5189154068702484,3.257207526280409,3.5189154068702484,3.257207526280409,2.8158205116665465,3.1247213117169896
4,3,0.9598578602178599,0.9264763398342163,0.9616918423084564,0.20389547206176523,64,1024,True,1.1290468431404623,1.126872775725223,0.0021740674152409523,1.157244542790881,1.1329858599512908,0.17116538115588578,0.1788366416749149,0.06402163928309063,1.0628511364421303,0.062421234772179694,1.0836978791538678,1.146119113926047,0.05446313041439026,1.3839739930319699,1.3486569415815057,0.17664794748278392,-0.21567108163021498,0.11417297800663348,0.22815778430513808,0.11425762301270845,0.22861207905216716,0.13420254684751853,0.20906541903241305,0.13433373950101668,0.20956204602407524,1.126872775725223,1.1290468431404623,0.06402163928309063,1.0628511364421303,1.157244542790881,2.7252845040750886,2.6975236350026734,2.057670461814038,2.072450176478004,2.057670461814038,2.071829279001654,2.8158205116665465,3.095365197260461
4,4,1.0000000000000002,0.9999999999999999,1.0,0.2362958067589147,64,1024,True,1.4408089145564549,1.4419598861280034,-0.0011509715715472067,1.4831802904945317,1.4281392518984906,0.1774099494269611,0.1758408226344309,0.09653476690951172,1.3454251192184845,0.0820580396620137,1.3618262392858644,1.4438842789478745,0.05683145170179948,1.4799914642320515,1.4250412521736795,0.1758256424182974,0.0030979997248110624,0.12010875138001956,0.23471114747390262,0.12007584958585993,0.2346684604694244,0.14004483301687287,0.21551368091604672,0.14001415695383912,0.21547379147523316,1.4419598861280034,1.4408089145564549,0.09653476690951172,1.3454251192184845,1.4831802904945317,2.390961149453479,2.485449924876532,2.057670461814038,2.1088498139506657,2.057670461814038,2.1113401112566037,2.792013360758677,3.046226036983691
4,5,0.9537275838183431,0.929881293007426,0.9635450113687378,0.2185178112114445,64,1024,True,1.967868687578023,1.969674370773368,-0.0018056831953434517,1.9618320043301,1.9222014249197825,0.17764394911049558,0.18543948644596833,0.1739013070395505,1.795773063733818,0.147382052970713,1.7906536879425945,1.9380357409133064,0.07604712847104599,1.3635591255165196,1.33353495625869,0.1760911858466447,0.5886664686610925,0.11948600694861333,0.23580189127237783,0.11520032239797373,0.22994271956045553,0.13962594391341554,0.2167521548908553,0.13535732263699174,0.21096737811603816,1.969674370773368,1.967868687578023,0.1739013070395505,1.795773063733818,1.9618320043301,2.7252845040750886,2.8130326878111545,2.057670461814038,2.1405404233897642,2.057670461814038,2.14578642586432,2.8158205116665465,2.897186037185315
4,6,0.9041220453240886,0.8689446091591597,0.9297007439855832,0.2034166342977895,64,1024,True,2.681395292332694,2.6843258776722596,-0.002930585339569283,2.6874931541563725,2.674260311514,0.177249800253527,0.18646680913209096,0.27869216474781067,2.405633712924447,0.23626756451425623,2.4453484381719934,2.681616002686247,0.08810641205809507,1.2828983290783302,1.266186889411379,0.17727797474488238,1.4080734221026208,0.11911562279192822,0.23538397771512576,0.11912925710187472,0.23380305486051006,0.1393501487109461,0.21644360808568308,0.1393848728548619,0.21493502654629992,2.6843258776722596,2.681395292332694,0.27869216474781067,2.405633712924447,2.6874931541563725,3.0520300986736597,3.123122145373767,2.9425647970496116,3.095624995547858,2.8563294568378885,3.0082385689301625,2.8158205116665465,2.878901125840343
4,7,0.8389054430601675,0.8047461702278018,0.8917740714255523,0.1983558483855312,64,1024,True,3.7857848406308854,3.7912677861171002,-0.00548294548622953,3.814205931769183,3.7317736208529864,0.18026674951013072,0.1876353691343542,0.2994671212931225,3.491800664823979,0.26535389014430255,3.4695373441759,3.7348912343202088,0.0710472871889668,1.2364523313135454,1.1764558844522215,0.17897321776350142,2.555317736400765,0.12287266172075312,0.23766083729950832,0.13147011116268126,0.24557668146622208,0.1431580823409604,0.21881849911005702,0.1517874147175462,0.2267864405803266,3.7912677861171002,3.7857848406308854,0.2994671212931225,3.491800664823979,3.814205931769183,3.280309517747723,3.558365172027604,3.5189154068702484,3.486105348548145,3.5189154068702484,3.486105348548145,2.8158205116665465,2.8336634152244438
4,8,0.7664199955857486,0.7388593749949859,0.8504527652637538,0.185415733189807,64,1024,True,5.634221725571839,5.641924634837228,-0.007702909265432911,5.782468649609805,5.5859139740380925,0.1797303945742437,0.1904305595723437,0.37713629013527483,5.264788344701962,0.33092738807646976,5.260293992454127,5.591221380530599,0.059186958546983026,1.1679720459560525,1.1182632849138512,0.1781702906707219,4.467650689124241,0.1224886441490265,0.2369721449994609,0.13049723120118012,0.2439272355394541,0.14287118758511497,0.21824116152129136,0.15085345812985906,0.22520030855230289,5.641924634837228,5.634221725571839,0.37713629013527483,5.264788344701962,5.782468649609805,4.0964045260452195,4.194832761463877,3.86326616630788,3.9618366742032713,3.86326616630788,3.9618366742032713,2.8158205116665465,2.873227502031663
4,9,0.6849887807164655,0.6772073819811564,0.8087352565436077,0.161132191456443,64,1024,True,9.005847025616317,9.014588925611935,-0.00874189999565208,9.25149754739804,8.904438846903668,0.1877233847073182,0.18582498330395575,0.9696308212300476,8.044958104381902,0.8804645967603324,8.01813568774544,8.898600284505735,0.09894416746568555,1.0980005808200564,1.0492275447177222,0.17951837278589083,7.855211302185946,0.12937330891853155,0.24607346049610485,0.13414964020212522,0.2473861209750562,0.14962214828119613,0.2271332326272386,0.15454133637831546,0.2286873816192383,9.014588925611935,9.005847025616317,0.9696308212300476,8.044958104381902,9.25149754739804,6.423128137811183,5.288505235046693,6.018620105976636,5.769937225867296,6.018620105976636,5.769937225867296,4.924099746579026,4.813140828609305
4,10,0.5792298331750988,0.6208053446490942,0.7675517705763053,0.13873853931497823,64,1024,True,15.574504127994983,15.584662429049533,-0.010158301054619215,16.167721956451814,15.41770923115629,0.1968120406672932,0.20700317080584216,3.344691523770359,12.23997090527925,3.1391690975151847,12.275213792749183,15.414382890264285,0.20365194765584044,1.043477843526911,0.971787552163376,0.1902714496517482,14.445921678992915,0.13784687841573443,0.255777202918852,0.13054884314623139,0.24294115498802155,0.15801652915979503,0.2367076122900471,0.1509460010784096,0.2242624594946392,15.584662429049533,15.574504127994983,3.344691523770359,12.23997090527925,16.167721956451814,14.542917813356798,13.032267605673432,8.790445886951211,8.11978442608752,8.922778022276802,8.11978442608752,4.924099746579026,4.654858255631099
4,11,0.2600812510564516,0.5664276786403865,0.7224102719016239,0.16566354450278234,64,1024,True,65.79815676943208,65.82730788523122,-0.029151115799798778,66.45180545787649,63.69616549407535,0.27298025150111405,0.27174697044350543,38.249369780253474,27.5779381049783,36.99079451789514,26.74308615101575,63.73388066891098,0.580394511202878,0.933629457032834,0.8722631912070689,0.18782986185000164,62.823902302868284,0.20970369761093616,0.33625680539129194,0.1265921828137559,0.23709172360560465,0.23005006198218325,0.3169970491435379,0.14721642613585573,0.21868556882691337,65.82730788523122,65.79815676943208,38.249369780253474,27.5779381049783,66.45180545787649,59.663510345452025,17.992678019317992,20.680643713006994,11.542744530718007,21.868187054197282,13.057868502359952,4.924099746579026,1.7671063946454584
5,0,0.7220919968246258,0.6224475904580764,0.7664448701962218,0.0873241024664976,64,1024,True,0.42931076221796155,0.41813147342353546,0.011179288794425802,0.38656794981865056,0.4167138914319626,0.13375762006382888,0.1491494731748511,0.10480933462006252,0.3133221388034741,0.10022030308904673,0.321634836924364,0.421855140013411,0.23757042070380052,0.8508281311356856,0.86522840505271,0.149042475727504,-0.44851451362074746,0.08017061577808214,0.1873446243495756,0.0866227610739794,0.19633175916769577,0.09985610612784512,0.16815430511633167,0.10667439863027539,0.1774148621771019,0.41813147342353546,0.42931076221796155,0.10480933462006252,0.3133221388034741,0.38656794981865056,5.4811393019062535,5.944282152096036,8.790445886951211,10.074285535371056,8.922778022276802,11.855163346487924,19.472507904481027,30.786336485480565
5,1,0.7840096811506485,0.6936893741866197,0.8183829174101203,0.18789497833700938,64,1024,True,0.5124354343775502,0.5033679264062608,0.009067507971291145,0.48611727975106644,0.5048106534892249,0.14069781907922818,0.15213169460705675,0.0682943735398625,0.4350735528663986,0.06696815318384458,0.4383591602034866,0.5053273133873315,0.13252430931338505,0.9047832684404029,0.9274951114664124,0.15846765445306094,-0.42268445797718746,0.08728970225361125,0.1941059359048451,0.09010777701706298,0.19896795070378565,0.106918631674489,0.1748779163172003,0.11021443251956953,0.18014117818529485,0.5033679264062608,0.5124354343775502,0.0682943735398625,0.4350735528663986,0.48611727975106644,4.0964045260452195,4.357439739450848,6.018620105976636,6.437394799144192,6.018620105976636,6.501377969357326,2.8158205116665465,2.8664662340994913
5,2,0.8498425017530665,0.7822878128062145,0.8775484564635638,0.23073611766264396,64,1024,True,0.6450650332973866,0.6396743567559223,0.005390676541460749,0.6158938390682045,0.6451669674533625,0.1529923897246325,0.16572771317564647,0.08798690075927734,0.5516874559966495,0.08610040150627701,0.5589416109320136,0.6450420124382932,0.13348030026883506,0.9764964358809635,0.9869437934887223,0.16609981162255524,-0.34177682603535975,0.09794537494134485,0.20803940450792013,0.09506849636059796,0.20481852113727295,0.11743950913660228,0.18853998779377434,0.11495413080410799,0.18574429101863643,0.6396743567559223,0.6450650332973866,0.08798690075927734,0.5516874559966495,0.6158938390682045,3.280309517747723,3.6609403289876536,3.86326616630788,4.325786669905317,3.86326616630788,4.272684014028143,2.792013360758677,3.1247213117169896
5,3,0.9107737442031607,0.8632627766974081,0.9263246287352962,0.25055224856201674,64,1024,True,0.7800425774011283,0.7782149216852311,0.0018276557159002526,0.7546040391937978,0.7659413032621109,0.15830235881909147,0.1636314040479812,0.045797610302660635,0.7324173113825702,0.04418012092365931,0.7253075511150501,0.7694876720387098,0.05741498210959874,1.0532260016097916,1.070243821987282,0.16580994695625811,-0.3043025187251712,0.10301164109031669,0.21359307654786625,0.09673815757444063,0.2071865061530073,0.12224435787356924,0.19376628418103792,0.11639844902674668,0.1878319885727251,0.7782149216852311,0.7800425774011283,0.045797610302660635,0.7324173113825702,0.7546040391937978,2.7252845040750886,2.938255079241388,2.9425647970496116,3.5568406569474833,2.8563294568378885,3.5568406569474833,2.2603468090642913,2.51130393737604
5,4,0.9537275838183431,0.929881293007426,0.9635450113687378,0.267227463795837,64,1024,True,0.9424919853975213,0.94285273734814,-0.00036075195062314035,0.9130936774115728,0.9372330304155727,0.16037048284825622,0.16628492154287544,0.02191726207444381,0.9209354752736936,0.025045366794908885,0.9191310074070221,0.9441763742019327,0.026526152824019284,1.1111683070171103,1.1429715641620926,0.16678767381021095,-0.20573853374651985,0.10464737803994362,0.21609358765656883,0.10055490636523651,0.21137894067777552,0.12435832636401756,0.19675684267713223,0.12035814695991576,0.19215783203253523,0.94285273734814,0.9424919853975213,0.02191726207444381,0.9209354752736936,0.9130936774115728,2.7252845040750886,2.8250414965941695,2.057670461814038,2.1088498139506657,2.057670461814038,2.1113401112566037,1.6620003975060438,2.153957307360724
5,5,0.9999999999999998,0.9999999999999997,0.9999999999999999,0.27994137835063465,64,1024,True,1.248659641802684,1.2516457921682844,-0.0029861503655999886,1.1988132958889484,1.2137228685608883,0.15588438686644038,0.17286544122494482,0.01134189348569776,1.2403038986825752,0.01679247870446222,1.2063985623309557,1.2231910410354172,0.013728418653432566,1.1962194212242503,1.2111763656228924,0.1728306192290801,0.0025465029379958537,0.10005037790725582,0.21171839582562493,0.10000461413736261,0.21165646343380562,0.11988015177485067,0.19249822459823918,0.11983279851119732,0.19243532394466456,1.2516457921682844,1.248659641802684,0.01134189348569776,1.2403038986825752,1.1988132958889484,2.5246904913021226,2.631080315539056,2.057670461814038,2.1405404233897642,2.057670461814038,2.14578642586432,1.6102733604741668,1.751933654394379
5,6,0.9536433885966358,0.9328893244626448,0.9651794645881706,0.2713362353225048,64,1024,True,1.6825219165377,1.687423944854364,-0.0049020283166632496,1.6430529693295517,1.6477970716058161,0.15499432978356456,0.16756097116801338,0.0037861002345857793,1.6836378446197844,0.008870517890946165,1.6538888520285964,1.6627593699195395,0.0053348175637557265,1.1100958312426097,1.1305586979847635,0.17021374936193007,0.5172383736210526,0.09925903513449051,0.2107296244326386,0.10660132380135938,0.21852858377299694,0.11921034266561037,0.19164290263142902,0.12639634476363426,0.1992610703309765,1.687423944854364,1.6825219165377,0.0037861002345857793,1.6836378446197844,1.6430529693295517,2.7252845040750886,2.841867218914892,2.057670461814038,2.1319613303033713,2.057670461814038,2.136461324683458,1.6620003975060438,1.6714741115942897
5,7,0.8904448055590567,0.8667868749529816,0.9284989980868362,0.2791252843141401,64,1024,True,2.4244130705798708,2.433239313695598,-0.008826243115727439,2.4298545457770064,2.3371202449954622,0.16641451699589999,0.16767859325785495,0.002394047019686867,2.4308452666759117,0.005118621440111931,2.3442697206368,2.3493883420769133,0.002178703855994685,1.0576646949736135,1.0573063385238337,0.1709430704011605,1.2798139064716285,0.1107953299502385,0.22203370404156147,0.11937869392019486,0.23050823130016018,0.13069884862488834,0.20291127377277007,0.13914319906325545,0.21121303352265386,2.433239313695598,2.4244130705798708,0.002394047019686867,2.4308452666759117,2.4298545457770064,3.0520300986736597,3.09350846886677,2.9425647970496116,3.1051615565463635,2.8563294568378885,3.0191374957855968,1.6620003975060438,1.2063301536040019
5,8,0.8120202549933113,0.7967966371650914,0.8871724968677404,0.26350731954443063,64,1024,True,3.8341465865661575,3.8455497995088828,-0.011403212942724516,3.9906013503171445,3.7320819194184898,0.1614509477542279,0.16540492317332742,0.0015835513981827787,3.8439662481106747,0.004965530216202092,3.7430550039986197,3.7480205342148145,0.001324840718153199,1.0146427720120894,1.007098687130876,0.1729992648998875,2.724983232287614,0.1060020047303198,0.21689989077813604,0.11705813079304388,0.22817649469066248,0.1259565919972374,0.19786351994116558,0.13703720110788709,0.20914552204339998,3.8455497995088828,3.8341465865661575,0.0015835513981827787,3.8439662481106747,3.9906013503171445,4.0964045260452195,4.194832761463877,3.5222900372514445,3.492757236258641,3.5222900372514445,3.492757236258641,2.2603468090642913,1.5418961646987384
5,9,0.7159821324056228,0.7304006252132966,0.8445933790537463,0.23661503120507776,64,1024,True,5.969045301954892,5.9823508178365,-0.013305515881605319,6.276965952713295,5.894568686532281,0.16051206018275344,0.16211569855280758,0.06470793695178383,5.917642880884717,0.049636698189172344,5.855672310597523,5.905309008786678,0.008405436212620963,0.9751543509673022,0.9436464989411902,0.16543158850154957,4.950922187591091,0.10473116236994633,0.21629295799556053,0.12008373094126802,0.2311637671300355,0.12486004074889934,0.19741963309206767,0.14034089750930434,0.21240253282303456,5.9823508178365,5.969045301954892,0.06470793695178383,5.917642880884717,6.276965952713295,5.4811393019062535,5.288505235046693,3.86326616630788,3.7023528472141853,3.86326616630788,3.7023528472141853,2.792013360758677,1.7673480424140489
5,10,0.5987955504383317,0.6682182482004883,0.8013289895398783,0.2101970235609519,64,1024,True,8.84026316191047,8.856017525362823,-0.015754363452405787,9.493909597457888,8.896983675832196,0.17493764849148913,0.18089306754510165,0.010388959405192171,8.84562856595762,0.005653116046017957,8.889505987121597,8.895159103167627,0.0006355272548194044,0.948601177130585,0.8831756008230262,0.17102994756806564,8.01380807500917,0.11836334396715342,0.23151195301582483,0.11952843187657204,0.22980598150969433,0.13860878707055235,0.21269414387643337,0.139674813261081,0.21095837366010528,8.856017525362823,8.84026316191047,0.010388959405192171,8.84562856595762,9.493909597457888,14.542917813356798,13.032267605673432,6.018620105976636,5.751290145093463,6.018620105976636,5.751290145093462,2.8158205116665465,2.7082890365974004
5,11,0.2736015288126043,0.6078295451421231,0.7530623290314085,0.23057270857027357,64,1024,True,22.12562777380724,22.16194541180535,-0.03631763799806833,22.966767483407452,22.63297678802984,0.25110416541769287,0.2378762453194607,8.392486148376442,13.769459263428844,8.817864604053266,13.805134702320176,22.622999306373337,0.389774339142074,0.8634510176012681,0.7907055837282722,0.1658706168673264,21.842271204301568,0.19033229621503897,0.31187603462034674,0.11840740481291548,0.22765459187280676,0.21045679856615607,0.29260206309118075,0.13852143192343647,0.2087412955588661,22.16194541180535,22.12562777380724,8.392486148376442,13.769459263428844,22.966767483407452,22.36437864865697,17.992678019317992,10.63144203864974,7.948420878903055,10.63144203864974,7.915627364099382,2.8158205116665465,1.7671063946454584
6,0,0.6699448450020274,0.5876109113652093,0.7405101256794893,0.08254207831827648,64,1024,True,0.22471647489449803,0.21293140842926733,0.011785066465229853,0.2075955726658489,0.21389135743122112,0.11743406063686616,0.12393471548771036,0.015652303624254977,0.197279104805012,0.017555795525249215,0.2041133980977091,0.22166919362295862,0.07919817471393975,0.9234922550220944,0.8697580324330129,0.15091533339821886,-0.6558666750017917,0.06635282309787809,0.16851529817585426,0.09986506456599895,0.21252171387546107,0.08620248627994442,0.14968252705875784,0.11996026464476017,0.19353019470145227,0.21293140842926733,0.22471647489449803,0.015652303624254977,0.197279104805012,0.2075955726658489,6.820400631683581,7.555156749352218,10.63144203864974,15.04440923724058,10.63144203864974,15.04440923724058,19.472507904481027,37.521196686744304
6,1,0.7341266360017266,0.6538963726514131,0.7906690470132464,0.15337767725465695,64,1024,True,0.32167893791701246,0.310175694427554,0.011503243489460085,0.3156680728462321,0.3110925172664202,0.1435047233288334,0.14878037051820317,0.022162671014273782,0.28801302341327845,0.02488388013376701,0.2925835741170429,0.31746745425080936,0.07838246031389395,0.9377434212505454,0.9089303437903196,0.1612660626517217,-0.5978378265238994,0.08995928284463536,0.19705016381303145,0.09537542474930422,0.20701019192057046,0.10999049980455311,0.17823377614695346,0.11553672421723604,0.1881321096807369,0.310175694427554,0.32167893791701246,0.022162671014273782,0.28801302341327845,0.3156680728462321,5.4811393019062535,5.950727595457166,8.790445886951211,9.560880233688028,8.128785210323251,9.560880233688026,4.924099746579026,5.74584340892907
6,2,0.8014998085351897,0.7321956817866142,0.8454149386331611,0.1723430504499113,64,1024,True,0.39798669214859106,0.3887112319252201,0.009275460223371739,0.3855247920155888,0.39723271822645545,0.14272694092164637,0.15907180087187944,0.02571231963866881,0.36299891228655007,0.02890218720503478,0.36874027083756633,0.39764245804260123,0.07268385611362044,1.0005307948891813,0.9694852606275595,0.17012807163289342,-0.572252542401104,0.08854068854113785,0.1969131933021549,0.09940181266236635,0.21135114789773618,0.10854382978868671,0.17802562389260856,0.11960157591238385,0.19251532973430585,0.3887112319252201,0.39798669214859106,0.02571231963866881,0.36299891228655007,0.3855247920155888,4.0964045260452195,4.365177623122809,3.86326616630788,4.471336780717801,3.86326616630788,4.471336780717801,2.8158205116665465,3.1247213117169896
6,3,0.8612853875316321,0.8063518913577605,0.8927082259245422,0.1748114541863794,64,1024,True,0.5764567646748141,0.5695380420921181,0.006918722582694086,0.5703280345013508,0.5681478468843962,0.15234432949780125,0.16894322947050527,0.059548087552090054,0.5099899545400298,0.06245807860360447,0.5103420724776531,0.572800151081257,0.10903991293595908,1.0377284652908623,1.024567310377981,0.16953056129781258,-0.45641946349358486,0.09671427501056909,0.2079743839850334,0.09681633113305023,0.20892274042649445,0.11669885308219818,0.18896076686360175,0.11694001484283945,0.19000234059785726,0.5695380420921181,0.5764567646748141,0.059548087552090054,0.5099899545400298,0.5703280345013508,3.0520300986736597,3.0355958009984216,3.5189154068702484,3.5568406569474833,3.5189154068702484,3.5568406569474833,2.8158205116665465,3.095365197260461
6,4,0.9041220453240886,0.8689446091591597,0.9297007439855832,0.19990652176561982,64,1024,True,0.71981079435978,0.714592528984928,0.005218265374853491,0.7158734528193477,0.6937300912591301,0.16010717228475238,0.17318250170223026,0.08644475858169622,0.6281477704032312,0.08340941084680933,0.6238166579198068,0.7072260687666153,0.11793882399198502,1.0976787702651702,1.0673359684534098,0.16856564649648761,-0.37360587719427973,0.1041364772361218,0.21607786733338297,0.10080996681149658,0.21291158568883656,0.12405577459867345,0.19697173010354163,0.12078605366696138,0.1938331729543279,0.714592528984928,0.71981079435978,0.08644475858169622,0.6281477704032312,0.7158734528193477,3.0520300986736597,2.9179604378572868,2.9425647970496116,3.0735466408278627,2.8563294568378885,2.8617898813215317,2.8158205116665465,3.046226036983691
6,5,0.9536433885966358,0.9328893244626448,0.9651794645881706,0.20170551456325278,64,1024,True,1.0016165902018095,0.9975647324616033,0.004051857740205028,0.9856989120665808,0.9623879337255172,0.17389593055864308,0.18654164785119495,0.13130117539608677,0.8662635570655178,0.12401323574186732,0.8526875204712393,0.9767007562131057,0.12697157747957036,1.14889293009362,1.1051451156375018,0.1715337100853266,-0.1427571819119846,0.11655443081914259,0.2312374302981436,0.1018127429913384,0.2146769701020504,0.13632672960375203,0.21186391350784106,0.1215662196627818,0.1953437022966682,0.9975647324616033,1.0016165902018095,0.13130117539608677,0.8662635570655178,0.9856989120665808,2.7252845040750886,2.8130326878111545,2.057670461814038,2.1405404233897642,2.057670461814038,2.14578642586432,2.8158205116665465,2.897186037185315
6,6,1.0000000000000002,0.9999999999999999,1.0,0.23769024727638968,64,1024,True,1.2592035028401987,1.2588283537824028,0.0003751490577936668,1.2419068280913423,1.2129616197386475,0.16544996974366008,0.17341820517103604,0.12345974415078137,1.1353686096316196,0.10988795651492006,1.1123127651698015,1.2222007216847226,0.08990990969424957,1.2396894977951518,1.2108204415590413,0.17335140873195304,0.002141178179606129,0.1087970057458555,0.22210293374146467,0.10875839596738072,0.22204854573362265,0.12881087170535466,0.20305003831890645,0.1287721372427768,0.20299607310880674,1.2588283537824028,1.2592035028401987,0.12345974415078137,1.1353686096316196,1.2419068280913423,2.390961149453479,2.510594347337688,2.057670461814038,2.1319613303033713,2.057670461814038,2.136461324683458,2.2603468090642913,2.878901125840343
6,7,0.9507103587466047,0.9361328177711323,0.9669516918604225,0.25901716633450395,64,1024,True,1.8279929687949867,1.8315429296360426,-0.0035499608410590605,1.8321212002309069,1.8001942778861315,0.17198147367646485,0.1744371897376171,0.1478450152067383,1.683697914429306,0.1330917428359704,1.658695461589381,1.7917872044253533,0.07427876619905567,1.1659344564359746,1.1483366406351134,0.1735976427359336,0.6518576372510181,0.1157238137915823,0.2282391335613474,0.11232161130766531,0.22393598958529876,0.13594589317654027,0.2094178711922723,0.13253792571049416,0.20516207670152653,1.8315429296360426,1.8279929687949867,0.1478450152067383,1.683697914429306,1.8321212002309069,2.7252845040750886,2.855481672898125,2.057670461814038,2.111659829611236,2.057670461814038,2.1143944761050504,2.2603468090642913,2.3317177438698553
6,8,0.8797845064680956,0.8673204736652167,0.92904238382405,0.2256818350682692,64,1024,True,2.6463358029370965,2.6508533436799744,-0.0045175407428595755,2.689591035269311,2.6595387414752834,0.17307182524703663,0.17350220536332814,0.2155973863178791,2.435255957362098,0.19362750223036576,2.457433901138534,2.651061403368902,0.07303772820362019,1.0988738476684412,1.102281890677749,0.17567054195402632,1.5572568507975344,0.11667423640917075,0.2294694140849025,0.11589450863171562,0.22748847242645864,0.13685972523671808,0.21060741633118596,0.13599007211450953,0.2085880553640891,2.6508533436799744,2.6463358029370965,0.2155973863178791,2.435255957362098,2.689591035269311,3.0520300986736597,3.076192702900616,2.9425647970496116,3.077303454043429,2.8563294568378885,2.987299664353672,2.8158205116665465,2.873227502031663
6,9,0.772948788598332,0.7979569784179237,0.887399839794115,0.19292662350740017,64,1024,True,4.044101417358333,4.0493198671614765,-0.005218449803148636,4.060871017598011,4.068627517291373,0.1720627747159859,0.17112845944662422,0.3901131991538659,3.659206668007629,0.3433841939926231,3.722498283733343,4.065882477725979,0.08445502197217358,1.048774359690159,1.0121104564911803,0.17076626935700476,3.0565170608001924,0.11573743240122568,0.22838811703074613,0.11641472593215255,0.22715601479945838,0.13588966542010894,0.20948976640647743,0.13640583342930768,0.20817976439138874,4.0493198671614765,4.044101417358333,0.3901131991538659,3.659206668007629,4.060871017598011,4.0964045260452195,4.0984947324244665,3.5222900372514445,3.666148856091174,3.5222900372514445,3.666148856091174,2.8158205116665465,2.9165295142570278
6,10,0.6388696313540121,0.7292442047223127,0.8422008365637446,0.15164407045805417,64,1024,True,5.314551859759417,5.319531107329426,-0.004979247569992322,5.2782219331875995,5.553280539302564,0.17422659619490416,0.18099911020084133,0.12452003505720088,5.195011072272202,0.09401488424526534,5.449612180275118,5.543627064520389,0.01695909251308901,0.9913153846397528,0.9616622143852137,0.17450304733599217,4.59161832491735,0.11782907496776547,0.23062411742204286,0.12003922975603193,0.22973483381423127,0.13788839041808387,0.21160897645313526,0.14011916868912522,0.21087920064019272,5.319531107329426,5.314551859759417,0.12452003505720088,5.195011072272202,5.2782219331875995,6.820400631683581,7.753571969653197,3.86326616630788,3.768935781849232,3.86326616630788,3.768935781849232,4.924099746579026,4.654858255631099
6,11,0.30270832984827645,0.6619194466311776,0.7902855820589532,0.1642742240290106,64,1024,True,24.543245398198977,24.55866056669055,-0.015415168491688459,24.32068259839728,25.588030527894734,0.278348459872776,0.27255699996130145,15.673421424127714,8.88523914256283,16.252832405995115,9.29028964638797,25.54312205238318,0.6362899716277526,0.9142763586914899,0.8950972607330574,0.17615339258679447,24.692933267161678,0.21550225635660647,0.34119466338894555,0.11615930120649215,0.22447750601090805,0.2354662519210251,0.3216205876888125,0.1364212297849008,0.20582268184807617,24.55866056669055,24.543245398198977,15.673421424127714,8.88523914256283,24.32068259839728,22.36437864865697,17.992678019317992,8.790445886951211,5.314144667038274,8.922778022276802,5.900406603304556,4.924099746579026,1.7671063946454584
7,0,0.6123375437590232,0.5494278596226285,0.7102203865083471,0.0808883955126211,64,1024,True,0.6819163847051058,0.6699408352605746,0.011975549444532513,0.6701962509254794,0.6649497159635559,0.22921814779221547,0.22323688205399173,0.5192886100011744,0.1506522252593992,0.530142085606497,0.15711207573605993,0.6872541613425535,0.7713915977909287,1.4890133683054667,1.3966355618078794,0.19183861043353648,-0.7316858458443235,0.16721173835031128,0.29122455723411966,0.13439403036502995,0.253669999378735,0.18710274691693485,0.27161182874260703,0.1545442461138009,0.234480075952888,0.6699408352605746,0.6819163847051058,0.5192886100011744,0.1506522252593992,0.6701962509254794,14.542917813356798,16.08433132029361,20.680643713006994,23.53927906473292,21.868187054197282,26.10778521485164,19.472507904481027,42.25271420286936
7,1,0.6781881040359634,0.6094495778871807,0.7576584746147177,0.15163972611160684,64,1024,True,0.7335329526480419,0.7216184034812562,0.011914549166784201,0.7348697301101879,0.7170425334422762,0.23020058066033763,0.22101474975802538,0.5097335695855022,0.2118848338957552,0.5194888532236037,0.21740317414287283,0.7368920273664785,0.7049728236037033,1.5081782515981206,1.4456037842635256,0.1910429914207255,-0.7285612508212495,0.16900544542099014,0.29139571589968516,0.136647239062862,0.2557005749125387,0.18912678798369598,0.2720721669102204,0.1569256239599781,0.23664510883099865,0.7216184034812562,0.7335329526480419,0.5097335695855022,0.2118848338957552,0.7348697301101879,6.820400631683581,7.4965707318584025,10.63144203864974,12.610756500357649,10.63144203864974,12.610756500357649,4.924099746579026,5.74584340892907
7,2,0.7443369518418417,0.6783744634546064,0.8084245279788767,0.18356752331591902,64,1024,True,0.6910319904622687,0.6816773593052993,0.009354631156969323,0.6815531246972857,0.6752508638911408,0.21056197288482864,0.21073153338851994,0.42023669164785,0.26144066765744944,0.42922714776862686,0.26154419489262726,0.6907713426612532,0.6213737039452073,1.5784380292886568,1.4992430431843378,0.19103152478706317,-0.823992179293197,0.1503981317139797,0.2707258140556776,0.13628071225649352,0.25485091173456215,0.17066569817689015,0.2516390348027926,0.15653580595972016,0.23578815793734975,0.6816773593052993,0.6910319904622687,0.42023669164785,0.26144066765744944,0.6815531246972857,5.4811393019062535,5.917465318016159,6.018620105976636,6.4243657428144445,6.018620105976636,6.984021669214167,2.8158205116665465,3.1247213117169896
7,3,0.7989643506847409,0.745539689243907,0.8543482846067137,0.18572376300483096,64,1024,True,0.8701707585875388,0.8631472234110864,0.0070235351764516485,0.8564813801567353,0.848555973646042,0.20484244708142502,0.20340030222343283,0.4765303393755668,0.386616884035516,0.4801398936176543,0.3894929558741827,0.8696328494918373,0.5521179356302146,1.62804290640296,1.5709513049630237,0.1863146485580781,-0.7223953313169817,0.14513228779134035,0.2645526063715097,0.13185341684318042,0.24996329355165098,0.16536752088723006,0.2454546903463779,0.15215909805556294,0.2309632330434397,0.8631472234110864,0.8701707585875388,0.4765303393755668,0.386616884035516,0.8564813801567353,4.0964045260452195,4.328950193265798,3.86326616630788,4.063718485384623,3.86326616630788,3.861580268080758,2.8158205116665465,3.095365197260461
7,4,0.8389054430601675,0.8047461702278018,0.8917740714255523,0.20665262894363773,64,1024,True,1.0279041651709129,1.0223153157704545,0.005588849400452221,1.0248626526526086,0.9945040677447532,0.21013735234397174,0.19979922425163033,0.5345550541125478,0.48776026165790987,0.5303869873792193,0.4955538208578249,1.0259408082370467,0.5169762067371355,1.72329978575719,1.6350865548122666,0.18815943555985173,-0.6405824870675134,0.15027438964885628,0.27000031503908717,0.12789304205919072,0.24510548596250908,0.17045705732016359,0.25085359832883114,0.14818378296331502,0.2261370860869647,1.0223153157704545,1.0279041651709129,0.5345550541125478,0.48776026165790987,1.0248626526526086,3.280309517747723,2.938445993392199,3.5189154068702484,3.5547251366423045,3.5189154068702484,3.6143937447820225,2.8158205116665465,3.046226036983691
7,5,0.8904448055590567,0.8667868749529816,0.9284989980868362,0.18829500906045482,64,1024,True,1.2621008737189463,1.2566830786484562,0.0054177950704957225,1.2559264281191471,1.2066483523632334,0.21205892643559124,0.20922367971379474,0.5815802696445984,0.6751028090038569,0.5599548593900654,0.678539870630297,1.2384947300203633,0.4521253468562266,1.7771220260332363,1.6557872860497203,0.18855207264701904,-0.44913893368648683,0.15168763352612985,0.2724302193450526,0.12516512681318903,0.24283552497767807,0.17181708022690145,0.25319042161572725,0.1453369650625973,0.22374766083521536,1.2566830786484562,1.2621008737189463,0.5815802696445984,0.6751028090038569,1.2559264281191471,3.0520300986736597,2.995283127296426,2.9425647970496116,3.009320800870658,2.8563294568378885,2.9096052035847912,2.8158205116665465,2.897186037185315
7,6,0.9507103587466047,0.9361328177711323,0.9669516918604225,0.239098693321298,64,1024,True,1.4681428687838343,1.466860155206803,0.0012827135770200144,1.4758617420245663,1.4102522687436105,0.19408431753070007,0.19823300963120288,0.5873449168228267,0.879515238383984,0.556165878045315,0.8870100372951285,1.4431759153404433,0.38537635788781593,1.9166059626276368,1.800106708987036,0.18999199608206108,-0.3898544402434254,0.13522279959620373,0.25294583546519644,0.1261301136650857,0.24290389749758257,0.1553405460435897,0.23380714793893276,0.14620588591787964,0.22375613600888755,1.466860155206803,1.4681428687838343,0.5873449168228267,0.879515238383984,1.4758617420245663,2.7252845040750886,2.841867218914892,2.057670461814038,2.1319613303033713,2.057670461814038,2.136461324683458,2.2603468090642913,2.878901125840343
7,7,1.0000000000000002,0.9999999999999996,0.9999999999999998,0.2813097001037671,64,1024,True,1.9734405914761044,1.9770982880986403,-0.0036576966225418703,2.0217334250593852,1.9291444283510222,0.19065758386182718,0.19236313399352947,0.633211421975208,1.3438868661234329,0.6047446238757292,1.3518764818991316,1.9566211057748664,0.3090759994824019,2.019081202485898,1.9264190995666446,0.19233574803167772,0.0027253287843775897,0.13268582522999095,0.24862934249366342,0.13271419778590904,0.24865684900391805,0.15284760871873004,0.22959619561879663,0.15287650167010725,0.22962419256509747,1.9770982880986403,1.9734405914761044,0.633211421975208,1.3438868661234329,2.0217334250593852,2.390961149453479,2.44065725661563,2.057670461814038,2.111659829611236,2.057670461814038,2.1143944761050504,1.6102733604741668,1.1988132958889484
7,8,0.9411591811596127,0.9367573029416255,0.9672690111244113,0.25605603885328404,64,1024,True,2.6679217591596602,2.673270266109178,-0.005348506949519063,2.7446150498918964,2.6125501316201785,0.17988855113788127,0.17764493876551732,0.6868223703470544,1.986447895762129,0.6440322463480117,1.9938588514760964,2.637891097824111,0.2441466392904725,1.9285983363889652,1.8434060020429972,0.19310463011030463,0.7691441295771813,0.12275337738163997,0.23702372489412257,0.1390780893811785,0.25546660018374573,0.14281162727274932,0.21798424943699501,0.15919414142263122,0.23639835958601907,2.673270266109178,2.6679217591596602,0.6868223703470544,1.986447895762129,2.7446150498918964,2.7252845040750886,2.8011509980511384,2.057670461814038,2.0913346816595833,2.057670461814038,2.0923019239836878,2.2603468090642913,1.5418961646987384
7,9,0.8374660340171687,0.8686976050127342,0.9290100649055651,0.24461700339586148,64,1024,True,3.8131830826996587,3.821243290784292,-0.008060208084642268,3.782717453700386,3.6838057074593933,0.1729942636239684,0.17322569191827358,0.8895331309778733,2.9317101598064164,0.817561466246379,2.908254211341711,3.7258156775881006,0.21943153848545344,1.829614897187787,1.7380405149020433,0.19384720918080417,1.94576519255735,0.11570151755210772,0.23028700969582905,0.1396645726971268,0.25583645119010323,0.13573636838555103,0.21121198751643533,0.15972563560353592,0.23671746237960178,3.821243290784292,3.8131830826996587,0.8895331309778733,2.9317101598064164,3.782717453700386,3.280309517747723,3.208536955468771,2.9425647970496116,2.893144052540743,2.8563294568378885,2.8075721938451257,2.2603468090642913,1.7673480424140489
7,10,0.6900019294971661,0.7966981837880092,0.8845083553308402,0.20461865176144572,64,1024,True,4.316082245840093,4.324955275244716,-0.008873029404622078,4.220906816780858,4.277695234042852,0.16360325217317725,0.16664555853950055,0.23212544574611338,4.092829829498616,0.1939710233278656,4.136833867742505,4.33080489107038,0.044788677441417755,1.7378004328008878,1.6725948535985329,0.19719919487426632,2.6051003804443194,0.10710605673839674,0.22010044760795777,0.14586132914440111,0.26180815537026025,0.12703829396923538,0.20096580249810359,0.16597471784916706,0.24272148845921038,4.324955275244716,4.316082245840093,0.23212544574611338,4.092829829498616,4.220906816780858,5.4811393019062535,5.5957058914631075,3.5222900372514445,3.4792098558784224,3.5222900372514445,3.4792098558784224,2.8158205116665465,2.7082890365974004
7,11,0.33495451525261116,0.7224844609615466,0.8299032298359028,0.21823326992733058,64,1024,True,17.434544757929753,17.45672205730226,-0.022177299372529914,17.282026613572267,17.908693994041574,0.2697412498880227,0.26179812593621277,10.67097858721552,6.785743470086847,11.072292622525385,6.863765028700794,17.93605765122615,0.6173203073847422,1.6490667911472665,1.5931404942282297,0.20169377769789568,16.315553499813344,0.20703376758020786,0.3324487321958376,0.14938530644090547,0.26500753930099563,0.22704252675612224,0.31293160898349015,0.16960390517488122,0.2460133399363258,17.45672205730226,17.434544757929753,10.67097858721552,6.785743470086847,17.282026613572267,22.36437864865697,17.992678019317992,6.018620105976636,3.60997044562752,6.018620105976636,4.184651948640146,2.8158205116665465,1.7671063946454584
8,0,0.5699859010645039,0.50910244492998,0.6773678454760759,0.11761239195817015,64,1024,True,0.24307568727266168,0.23151742692255228,0.011558260350109916,0.2278859768219706,0.23118687113465186,0.14320147020436907,0.14191691595832703,0.0936986136373655,0.13781881328518777,0.10149745339534536,0.1413017066673162,0.2427991600626616,0.41803049635406847,0.8335371020911997,0.7985648000581724,0.14746466957482168,-0.5673779289235206,0.08993189615840999,0.19647104425032816,0.0938721676372932,0.2042511620392554,0.10992078558047069,0.17761790092481533,0.11402534439548617,0.1854087655665353,0.23151742692255228,0.24307568727266168,0.0936986136373655,0.13781881328518777,0.2278859768219706,19.504277214676172,23.359555462247013,39.08577842699601,43.4033220325709,39.08577842699601,43.4033220325709,19.472507904481027,29.03948480460735
8,1,0.6317038107052163,0.5637848563051024,0.7225677881018926,0.15422994272730545,64,1024,True,0.26655864975308186,0.25398989383745546,0.012568755915625665,0.26223291963846546,0.2500448857423357,0.15441444143236505,0.1481752849125889,0.07390487361267364,0.18008502022478123,0.07995127335089938,0.1804889855660753,0.2604402589169747,0.3069850785872046,0.8732832417977265,0.8418259688405992,0.15310016241351745,-0.5917810830982635,0.10130733806941006,0.20752154479532003,0.10168096700477156,0.21194994164007616,0.12141168187372386,0.1887860306087532,0.12172012114024255,0.19298776316281874,0.25398989383745546,0.26655864975308186,0.07390487361267364,0.18008502022478123,0.26223291963846546,14.542917813356798,18.115863313261364,20.680643713006994,23.597559540631064,17.118013689436115,23.597559540631064,4.924099746579026,5.74584340892907
8,2,0.6896658202027891,0.6244381244256889,0.7699664425372197,0.16601522324256188,64,1024,True,0.294300708773518,0.28349632028727806,0.01080438848623815,0.27790251900973656,0.2768774328180221,0.14983991789457765,0.15125400276102544,0.048372006687204976,0.2351243136000737,0.052635392079469774,0.23014135328869056,0.2827767453681609,0.18613762603053224,0.9390470709715625,0.8851941211718345,0.1588105324621967,-0.6083166883538125,0.09685107504983834,0.20282876073931697,0.10324927134468005,0.21405701786010578,0.11684092567156767,0.1840029143204447,0.12324610064388253,0.19505254050454823,0.28349632028727806,0.294300708773518,0.048372006687204976,0.2351243136000737,0.27790251900973656,6.423128137811183,7.2014320268516006,8.790445886951211,9.564313465854982,8.922778022276802,9.883319744862032,2.8158205116665465,4.404259279084915
8,3,0.7320154268709318,0.6839674238202358,0.8133025510363827,0.16731976748873936,64,1024,True,0.365416216897791,0.35676935083570044,0.008646866062089498,0.34588694449487745,0.3453054310299281,0.15457181171627182,0.15688324681394258,0.04122895291016212,0.3155403979255381,0.040681724374977295,0.30962309019685336,0.35030481457183027,0.11613235868511158,0.9989487283384512,0.9433803030230093,0.1583344156519178,-0.5980748719930813,0.10095352182671673,0.2081901016058269,0.10497758188181175,0.21580497632565235,0.12097303542395821,0.18932920887164073,0.12486332653497811,0.19668043740239227,0.35676935083570044,0.365416216897791,0.04122895291016212,0.3155403979255381,0.34588694449487745,5.4811393019062535,5.947980425307287,6.018620105976636,6.137753070783499,6.018620105976636,6.512164918223187,2.8158205116665465,3.095365197260461
8,4,0.7664199955857486,0.7388593749949859,0.8504527652637538,0.18065615039517266,64,1024,True,0.445944904235106,0.43811316322020494,0.007831741014902438,0.4363491771432435,0.4245491276722874,0.16474220939462872,0.162443736451994,0.04511370183345295,0.3929994613867524,0.040919316714291415,0.39674550105667267,0.4376648177709648,0.09349464488074292,1.0749486375012205,1.0076825363035675,0.15825078344828336,-0.58313340863128,0.11006403435191293,0.21942038443734452,0.10411629700239573,0.21501087544193226,0.13031286186014768,0.20071338544948958,0.12404493697249563,0.1959363989008125,0.43811316322020494,0.445944904235106,0.04511370183345295,0.3929994613867524,0.4363491771432435,4.0964045260452195,5.504318482498835,3.86326616630788,4.074953906459199,3.86326616630788,4.074953906459199,2.8158205116665465,3.046226036983691
8,5,0.8120202549933113,0.7967966371650914,0.8871724968677404,0.15339247891115176,64,1024,True,0.5737481582346983,0.5655664111016434,0.008181747133054555,0.5688378403670495,0.559067357986344,0.17154015982404486,0.1717261942093897,0.06273569914041882,0.5028307119612221,0.05349282258085125,0.5213370547990256,0.5748298773798748,0.09305852859401854,1.1197065132242963,1.0507019677730076,0.16014947894877937,-0.4916346097866636,0.11593889724432437,0.22714142240376534,0.10239518840018054,0.21371441046566175,0.1359236975404201,0.208121385119739,0.12229482014663517,0.19460625325882575,0.5655664111016434,0.5737481582346983,0.06273569914041882,0.5028307119612221,0.5688378403670495,4.0964045260452195,3.9086262702498216,3.5222900372514445,3.6399025733628783,3.5222900372514445,3.528172037089089,4.924099746579026,5.344733268188054
8,6,0.8797845064680956,0.8673204736652167,0.92904238382405,0.17388698251860019,64,1024,True,0.7234925153716479,0.7173566826274226,0.0061358327442277505,0.7486732639709153,0.7042857052714678,0.1695191849755858,0.1670821002716392,0.07867703032111556,0.638679652306304,0.06560977269963877,0.6591034131979191,0.7247131858975562,0.09053205319892334,1.2591886799377783,1.1703756089721962,0.16157234358061429,-0.46608990370072834,0.11400022250997843,0.22503814744119316,0.10739477864633701,0.2187967030498385,0.13409309262351599,0.2061587528223754,0.12741433968767524,0.19982325792079791,0.7173566826274226,0.7234925153716479,0.07867703032111556,0.638679652306304,0.7486732639709153,3.0520300986736597,3.123122145373767,2.9425647970496116,3.095624995547858,2.8563294568378885,3.0082385689301625,2.8158205116665465,2.878901125840343
8,7,0.9411591811596127,0.9367573029416255,0.9672690111244113,0.202558055543295,64,1024,True,0.9802800943677388,0.9773037597331777,0.002976334634560291,1.0145044314585467,0.972171769152636,0.16853586475946433,0.16559311562273182,0.07585923832023121,0.9014445214129516,0.06539232755215384,0.926186458663373,0.99157878621553,0.06594768712401652,1.3263371547240994,1.2519392219499028,0.15731286741940112,-0.2797674527972668,0.11341392426828818,0.2236578052506405,0.10690950269885463,0.2170159183346022,0.13361996638559503,0.20490639873605687,0.12709357691346668,0.19824757116293767,0.9773037597331777,0.9802800943677388,0.07585923832023121,0.9014445214129516,1.0145044314585467,2.7252845040750886,2.855481672898125,2.057670461814038,2.111659829611236,2.057670461814038,2.1143944761050504,2.8158205116665465,2.8336634152244438
8,8,0.9999999999999996,0.9999999999999996,0.9999999999999998,0.19724705396529538,64,1024,True,1.3796750574475067,1.3790293863315957,0.0006456711159072521,1.4432486269109799,1.3702929214538055,0.1653126644682218,0.16491861459240506,0.12367067493588496,1.255358711395714,0.10736364344043557,1.293340082180967,1.4007037256214023,0.07664978787202498,1.44033506128906,1.3673905556832588,0.16486663435539417,0.0029023657705467,0.10987924762813588,0.2207460813083077,0.10984016303804174,0.22069208987803574,0.1300541820091894,0.20195709585823352,0.13001556253584567,0.20190416445984738,1.3790293863315957,1.3796750574475067,0.12367067493588496,1.255358711395714,1.4432486269109799,2.5915551622264448,2.6747568193815217,2.057670461814038,2.0913346816595833,2.057670461814038,2.0923019239836878,2.8158205116665465,2.873227502031663
8,9,0.9270627153107988,0.942130604768318,0.9698153645134574,0.19893963914471308,64,1024,True,2.0909958793704053,2.0930126383852805,-0.0020167590148774625,2.0837838488528675,2.0561577678785903,0.16756845284299632,0.16813145697932777,0.3248442826748172,1.7681683557104546,0.2880060857188186,1.81039749293419,2.0984035786530093,0.13725009271271504,1.3163482773699684,1.251988822196848,0.16055480443938663,0.8041689456817422,0.11115701537743562,0.22397989030855703,0.1073801395718217,0.21748833964889597,0.13120092914323322,0.20498228316137102,0.1275204154662788,0.1986863062629709,2.0930126383852805,2.0909958793704053,0.3248442826748172,1.7681683557104546,2.0837838488528675,2.7252845040750886,2.810760153864204,2.057670461814038,2.1007849206700984,2.057670461814038,2.102573922908161,2.8158205116665465,2.9165295142570278
8,10,0.7712122364807955,0.8701309669115188,0.9277373554419026,0.157965862384168,64,1024,True,3.3953936420371185,3.397434841274424,-0.0020411992373223845,3.2882905151709485,3.3202331992090954,0.18522125221205807,0.190236323434603,0.7873527735682945,2.610082067706138,0.7188583218452799,2.6495048562731114,3.3683631781183814,0.21341473108218842,1.2115958747888196,1.1612896297025728,0.1648750269470447,2.1589435695065227,0.1278168892231933,0.24262561520092285,0.10886004325596807,0.2186478070021908,0.14754623900080333,0.2232046764329425,0.12900786577665713,0.19985706266743364,3.397434841274424,3.3953936420371185,0.7873527735682945,2.610082067706138,3.2882905151709485,4.0964045260452195,4.143940644331941,2.9425647970496116,2.9411716663980094,2.8563294568378885,2.94117166639801,4.924099746579026,4.654858255631099
8,11,0.3769830003860239,0.790067066694538,0.8713220457264952,0.17949994604522582,64,1024,True,7.611275831276125,7.622323542570686,-0.011047711294553442,7.609572864445591,7.866144409336181,0.23422259716880053,0.2318998840846147,3.246598847400976,4.375724695169693,3.4378823344019724,4.447611867936392,7.8854942023383625,0.4359755072018826,1.1185270936004075,1.067182630364767,0.16347509667108878,6.798961778971414,0.17413353980212704,0.29431165453547403,0.10843728967804503,0.21653989610710253,0.19400671907351352,0.27483896964986343,0.1285309371742187,0.19773357975645922,7.622323542570686,7.611275831276125,3.246598847400976,4.375724695169693,7.609572864445591,22.36437864865697,17.992678019317992,3.86326616630788,3.1935996522757817,3.86326616630788,3.3891902910609146,2.8158205116665465,1.7671063946454584
9,0,0.5480144405174628,0.4730668828959478,0.6474711580687034,0.1200626666624741,64,1024,True,0.22064799571644217,0.20900956410144084,0.011638431615002082,0.2053639861227703,0.21401964476426516,0.13425296699881584,0.14155812496841455,0.06436171855867041,0.14464784554277166,0.07434871117965024,0.14493073690149375,0.21927944808114427,0.3390591860306832,0.882862735396177,0.9234437899587172,0.16028765719497393,-0.7094241451944521,0.08173549156450931,0.18677044243312235,0.10555477558097155,0.217106675143521,0.1017526242430904,0.16800011069426546,0.1255198627623031,0.197998427960556,0.20900956410144084,0.22064799571644217,0.06436171855867041,0.14464784554277166,0.2053639861227703,22.36437864865697,25.526789159036365,42.36181968926007,62.94327786256266,42.36181968926007,62.94327786256266,19.472507904481027,29.03948480460735
9,1,0.5998744761600787,0.5228275736291806,0.6902502526036508,0.13726453426921462,64,1024,True,0.24300805624568927,0.2298300548782057,0.013178001367483105,0.24003870783860845,0.22995518995057307,0.15555202866106874,0.15310732325642754,0.049809574328232256,0.18002048054997263,0.05906757612609175,0.17719855103743842,0.23626612716353013,0.25000442016475977,0.9368591855599757,0.9593197832996326,0.16683812733575884,-0.7293645933490596,0.10195699092080882,0.20914706640132866,0.1026779949517873,0.21381908557805468,0.1220226694495068,0.19034491830825573,0.12286275032238336,0.1949780176873901,0.2298300548782057,0.24300805624568927,0.049809574328232256,0.18002048054997263,0.24003870783860845,14.542917813356798,18.115863313261364,39.08577842699601,46.682449013649865,39.08577842699601,47.51087183807158,4.924099746579026,5.74584340892907
9,2,0.637939019671422,0.5752837238421612,0.7333127160744037,0.1476027867055927,64,1024,True,0.26556535436521683,0.2540298151081642,0.011535539257053716,0.25468059104843377,0.25145020893204423,0.15103693189834,0.15823114814433678,0.020888901872444576,0.23314091323571776,0.02805888306407414,0.2262090158721505,0.2542678989362253,0.11035165343900444,0.9985817011521734,1.0240442164668233,0.16392147084152348,-0.772594007534779,0.09747828522717149,0.2045955785695085,0.10534864754592735,0.2166187201262493,0.11756346892070724,0.1858237551059574,0.12545845084241591,0.1977073227026267,0.2540298151081642,0.26556535436521683,0.020888901872444576,0.23314091323571776,0.25468059104843377,12.053248667597746,15.38918135251955,14.307666300933864,22.119477467675456,14.307666300933864,19.362614707673096,4.924099746579026,5.2691520463599915
9,3,0.6588214139856144,0.6276378142714323,0.7736171012745756,0.13327424920974332,64,1024,True,0.32775313131704575,0.31785814986783334,0.00989498144921438,0.31607474444838557,0.3114202530136361,0.15982662402341577,0.16171857301168352,0.00778574682524263,0.3100724030425896,0.010717736962605093,0.3002605926785696,0.3109783296411751,0.03446457820701475,1.069818317494422,1.115061909875561,0.17793985598519088,-0.8036416568619249,0.10585839998585492,0.21379484806097662,0.1061635706998744,0.21735545817810917,0.12584777027223026,0.19490547353052534,0.126261036748474,0.19843605787900742,0.31785814986783334,0.32775313131704575,0.00778574682524263,0.3100724030425896,0.31607474444838557,6.820400631683581,7.54310350804305,8.790445886951211,9.560843263542376,8.922778022276802,9.87907838647996,4.924099746579026,5.146480122118493
9,4,0.6849887807164655,0.6772073819811564,0.8087352565436077,0.14922642873057862,64,1024,True,0.3937898580154557,0.38459919753548766,0.009190660479968422,0.3898034332634245,0.3677817670479734,0.17459762783158977,0.16797423131190253,0.002006771283335349,0.38259242625215373,0.0029247464036786814,0.37651648573046514,0.3794412321341446,0.007708035279214701,1.1347403013390982,1.1748272656727012,0.17595323418218206,-0.8070454986247279,0.11955518562814,0.22964007003503956,0.1045898844266041,0.21500158010861298,0.1395844825601671,0.21070343421888538,0.12471601719153114,0.1961422849126393,0.38459919753548766,0.3937898580154557,0.002006771283335349,0.38259242625215373,0.3898034332634245,6.423128137811183,7.192824264216702,6.018620105976636,6.021253437922119,6.018620105976636,6.021253437922119,4.924099746579026,5.1064873199987435
9,5,0.7159821324056228,0.7304006252132966,0.8445933790537463,0.12987792408000115,64,1024,True,0.47874261705304866,0.4693650184617831,0.009377598591263804,0.47883536876725674,0.4632577539934459,0.18037024497673879,0.1791198594993402,0.0004276311474002558,0.4689373873143882,0.0004110887343863217,0.4697479914518642,0.4701590801862496,0.0008743609380541419,1.2071903722913588,1.2152962326970078,0.18269924439871682,-0.7520384787035619,0.12486245059157522,0.23587803936190235,0.10596540079051767,0.21670257640736287,0.1448857137002051,0.2169118784077,0.12603841871896293,0.1977907554610283,0.4693650184617831,0.47874261705304866,0.0004276311474002558,0.4689373873143882,0.47883536876725674,5.4811393019062535,5.160869519843331,3.86326616630788,4.452674665367466,3.86326616630788,4.452674665367466,4.924099746579026,5.344733268188054
9,6,0.772948788598332,0.7979569784179237,0.887399839794115,0.144115076394079,64,1024,True,0.6000966347194926,0.5923109140511018,0.007785720668391462,0.6266888336934776,0.5889128655144829,0.18676092212379938,0.17848325886035135,0.0006132376154056351,0.5916976764356946,0.0007444398957228382,0.5972995291792144,0.5980439690749355,0.00124479124314948,1.3211445484673505,1.3306236807515046,0.1752227501750297,-0.7417108152370218,0.13079102266022882,0.24273082158736994,0.10966275434261416,0.22102267059629213,0.15091589075746015,0.22382646873302292,0.12972042182082077,0.20206993261672324,0.5923109140511018,0.6000966347194926,0.0006132376154056351,0.5916976764356946,0.6266888336934776,4.0964045260452195,4.27873308598808,3.5222900372514445,3.6881503771567856,3.5222900372514445,3.6881503771567856,4.924099746579026,5.290616980443403
9,7,0.8374660340171687,0.8686976050127342,0.9290100649055651,0.1596712745613305,64,1024,True,0.8317943515351072,0.8262301295078388,0.005564222027269825,0.8537268963741952,0.8210427476430482,0.18968038279729013,0.1810153846595719,0.028717513783665796,0.7975126157241755,0.025735000094877603,0.8004567509550318,0.8261917510499096,0.031148943404692712,1.405073234309644,1.4149680394741755,0.17194909462287822,-0.5939252918311273,0.13361174627586622,0.24574901931871404,0.11524096523397906,0.22673005008655037,0.15373071774229174,0.22683182366745314,0.13520133989368333,0.20766503879713127,0.8262301295078388,0.8317943515351072,0.028717513783665796,0.7975126157241755,0.8537268963741952,3.280309517747723,3.7444954701684945,2.9425647970496116,3.1051615565463635,2.8563294568378885,3.0191374957855968,4.924099746579026,5.266104514174337
9,8,0.9270627153107988,0.942130604768318,0.9698153645134574,0.17412048761407217,64,1024,True,1.1760161431882716,1.1735516777585553,0.00246446542971488,1.1886240787372864,1.1701342662383083,0.1805019565962883,0.1784668953214416,0.07274140102079163,1.1008102767377599,0.06716206300703574,1.104509408120444,1.171671471127478,0.0573215825955094,1.5282776668103146,1.5265427991907394,0.1720754831198863,-0.35640853295243113,0.12458339601219579,0.2364205171803808,0.11587201890706014,0.2275066094373734,0.14461048188240966,0.2174338338227244,0.13575315038178815,0.20834120170911774,1.1735516777585553,1.1760161431882716,0.07274140102079163,1.1008102767377599,1.1886240787372864,2.7252845040750886,2.8011509980511384,2.057670461814038,2.0913346816595833,2.057670461814038,2.0923019239836878,2.8158205116665465,2.873227502031663
9,9,0.9999999999999989,0.9999999999999994,0.9999999999999998,0.19655520428352677,64,1024,True,1.691516814203165,1.6926746054148856,-0.001157791211722383,1.6572721635149938,1.6644426901189366,0.17721514592794596,0.1801284173111992,0.13636304091211832,1.5563115645027656,0.1319422656647253,1.5445000259524952,1.6764422916172195,0.0787037324961804,1.6535515934185092,1.660688333416917,0.18001908458093974,0.0037543567020197344,0.12132832852680651,0.2331019633290854,0.12125996710613887,0.23301981854693085,0.1412830700937775,0.21402790013235062,0.14121516772866016,0.2139466904263827,1.6926746054148856,1.691516814203165,0.13636304091211832,1.5563115645027656,1.6572721635149938,2.7252845040750886,2.810760153864204,2.057670461814038,2.1007849206700984,2.057670461814038,2.102573922908161,2.8158205116665465,2.9165295142570278
9,10,0.8702866840609832,0.9392597070154618,0.9673950475996869,0.16653550311642631,64,1024,True,2.423881458019627,2.425881558240397,-0.002000100220780593,2.377331918918602,2.379861248096064,0.18806918924022967,0.18893719081468172,0.17001382077547675,2.2558677374649343,0.17590790085343233,2.215137487613296,2.391045388466724,0.0735694528016612,1.5459755211402328,1.5211945029543776,0.17733468080164533,0.8586667451416865,0.13113849531392618,0.24499988316653315,0.12374051233964956,0.2357547712539983,0.15115966775192646,0.2259115747147007,0.14372286630532471,0.21668755841528764,2.425881558240397,2.423881458019627,0.17001382077547675,2.2558677374649343,2.377331918918602,3.0520300986736597,3.097009977323997,2.057670461814038,2.052702481837737,2.057670461814038,2.052702481837737,2.8158205116665465,2.7082890365974004
9,11,0.43983518747076916,0.8562110289972331,0.9123849216421429,0.18050409352091148,64,1024,True,9.288705893902137,9.298527298058044,-0.009821404155853069,9.130267778106537,9.218383205846532,0.2525658778232034,0.2540984451376088,4.495541428670066,4.802985869387922,4.5684338679098495,4.622460582243373,9.190894450153232,0.4970608565560976,1.4229384730195576,1.3838514279568481,0.17856894318474634,7.8345317778896835,0.19147135960953096,0.3136603960368758,0.12424013528571394,0.23520908999853013,0.2116693924908759,0.2944482491511735,0.14433280601951992,0.2162924204749288,9.298527298058044,9.288705893902137,4.495541428670066,4.802985869387922,9.130267778106537,22.36437864865697,17.992678019317992,3.5189154068702484,2.82180989466054,3.5189154068702484,2.8407632037404693,2.8158205116665465,1.7671063946454584
10,0,0.5011126968038141,0.4393237376214504,0.6181691599931092,0.13011536167557716,64,1024,True,0.18503646942261193,0.1731953079886717,0.01184116143394018,0.16602185357338978,0.1671446237287507,0.12137619584105193,0.12265024955250235,0.061336803009273654,0.1118585049793981,0.06752371656826477,0.11269937239563489,0.18022308896389969,0.3746674022538276,0.9771590065354929,0.9893542130270512,0.1841968686133778,-0.8222095892983005,0.07016860605871948,0.1725837856233844,0.11819801558455705,0.23469682244506057,0.09029122120409738,0.15401376816589618,0.1383611026176368,0.21560525752283866,0.1731953079886717,0.18503646942261193,0.061336803009273654,0.1118585049793981,0.16602185357338978,22.36437864865697,25.526789159036365,62.65450560415932,125.14298935474525,62.65450560415932,125.14298935474525,4.924099746579026,5.281426648813204
10,1,0.534487751452296,0.4843490875044399,0.6580915412036817,0.12753817984844282,64,1024,True,0.24267471105097674,0.22878235214649467,0.013892358904480519,0.23266655992578297,0.21908255772062304,0.15139028237568666,0.1434201677335806,0.08953509150022104,0.13924726064627355,0.09521595727670767,0.1370259773426249,0.23224193461933268,0.4099860666109933,1.0289117043935527,1.0286891897046433,0.1854824239226103,-0.8096066319840203,0.09797646819040856,0.20480409656096477,0.12470269071519911,0.24065371689325726,0.11826694317278452,0.18623414814646821,0.14497569711238611,0.22170221037231386,0.22878235214649467,0.24267471105097674,0.08953509150022104,0.13924726064627355,0.23266655992578297,22.36437864865697,23.839826121239053,39.08577842699601,49.44385842838892,39.08577842699601,47.51087183807158,4.924099746579026,6.7787943205329615
10,2,0.5557220733954407,0.5297297917253063,0.6968610769250825,0.1545351129358427,64,1024,True,0.2676177880851998,0.2556113369713287,0.012006451113872878,0.2511341781365481,0.2477524916492966,0.15068996916981134,0.14671552431581272,0.08251643692968522,0.17309490004164316,0.09000944145204962,0.17171639271794054,0.26172583416998974,0.3439073629758264,1.079134152731093,1.0682027475376754,0.18316699904557007,-0.8204502558883788,0.0969711595992077,0.20440877874041496,0.12008409954995594,0.23622083686009623,0.11732980120723369,0.1858906797351665,0.14028395317291142,0.21718832816259237,0.2556113369713287,0.2676177880851998,0.08251643692968522,0.17309490004164316,0.2511341781365481,19.504277214676172,23.061149904402928,20.680643713006994,34.209489996338284,21.868187054197282,34.209489996338284,4.924099746579026,5.2691520463599915
10,3,0.5639840355465511,0.5765090539126548,0.7349791773042269,0.15263852060088956,64,1024,True,0.3119528795679475,0.3019068115365972,0.010046068031349074,0.3002726275525905,0.29451046391504976,0.1600630778020244,0.14865883639738803,0.0740050611691491,0.22790175036744892,0.07797335872352529,0.22818715431352324,0.3061605130370484,0.2546813040977945,1.1463438780254978,1.1498451977601318,0.18381656839485522,-0.8553347338450821,0.10583178234341616,0.2142943732606326,0.12014936963463098,0.23567599639459902,0.126014971814584,0.19554467610578286,0.1402933805147768,0.21660411082120845,0.3019068115365972,0.3119528795679475,0.0740050611691491,0.22790175036744892,0.3002726275525905,19.504277214676172,22.597878525667426,14.307666300933864,18.97679752539429,14.307666300933864,18.233283991011017,4.924099746579026,5.146480122118493
10,4,0.5792298331750988,0.6208053446490942,0.7675517705763053,0.1578130098780359,64,1024,True,0.373319995161776,0.363580502494141,0.00973949266763332,0.3689935939868708,0.35317952234055866,0.17351082513028265,0.15606754630928826,0.07156120813292845,0.2920192943612132,0.07286061794855075,0.30409762954570285,0.37695824749425416,0.1932856448502598,1.1971944767290064,1.1854745385392629,0.1806325267606665,-0.8322950161987042,0.11824830999484144,0.22877334026572388,0.12211617492609193,0.2364846273991431,0.13847077648097184,0.21000839015323436,0.14243137554149143,0.21764830763277132,0.363580502494141,0.373319995161776,0.07156120813292845,0.2920192943612132,0.3689935939868708,14.542917813356798,16.202104383546217,8.790445886951211,11.422339169764323,8.922778022276802,10.080143653981649,4.924099746579026,5.1064873199987435
10,5,0.5987955504383317,0.6682182482004883,0.8013289895398783,0.13893489579872892,64,1024,True,0.4607294055155982,0.45085728870069564,0.009872116814902882,0.46171228531950986,0.4479639853174688,0.18221989992450346,0.1710923341201061,0.09581249096664587,0.3550447977340471,0.09332233229726786,0.37559963010416597,0.46892196240143585,0.19901463309448544,1.248019336858469,1.2241726053426507,0.1834254738508032,-0.7762086200251819,0.12621103843157894,0.238228761417428,0.12376742184047598,0.23830260427627534,0.14644132895045914,0.21942997778387507,0.1440454455296276,0.21942927122290712,0.45085728870069564,0.4607294055155982,0.09581249096664587,0.3550447977340471,0.46171228531950986,14.542917813356798,16.18356064527969,6.018620105976636,7.426755793566315,6.018620105976636,7.426755793566315,4.924099746579026,5.344733268188054
10,6,0.6388696313540121,0.7292442047223127,0.8422008365637446,0.13911917768833143,64,1024,True,0.5943323147684828,0.5854081223815752,0.008924192386909753,0.6212576500774952,0.5764434262717696,0.19194703804687996,0.17970044933569132,0.12132053823245982,0.46408758414911444,0.11418887518128593,0.48797414199986305,0.6021630171811507,0.1896311661845784,1.3968975610677168,1.3133737252633566,0.18132204576604066,-0.736930298991587,0.13509431496449525,0.24879976112926466,0.11982909882781762,0.23405453960435407,0.15522248740307987,0.22983176823618123,0.13988089411577675,0.2149499616934918,0.5854081223815752,0.5943323147684828,0.12132053823245982,0.46408758414911444,0.6212576500774952,6.820400631683581,6.273656686294635,3.86326616630788,5.2782219331875995,3.86326616630788,5.2782219331875995,4.924099746579026,5.290616980443403
10,7,0.6900019294971661,0.7966981837880092,0.8845083553308402,0.13656644265986345,64,1024,True,0.7304029072252042,0.7226970559800519,0.00770585124514646,0.7534484819334902,0.7260550871713446,0.18848656986025056,0.1789964725387351,0.11521622080671769,0.6074808351733368,0.11167719495080172,0.639140510619507,0.7508177055703086,0.1487407584054955,1.4723999488567334,1.4167550346449869,0.1794837456545504,-0.6906999474736423,0.13202296171655575,0.24495017800394536,0.12269319827582377,0.23659794383662264,0.1520304439472966,0.22587938830110943,0.14294889645680087,0.2177214020921383,0.7226970559800519,0.7304029072252042,0.11521622080671769,0.6074808351733368,0.7534484819334902,5.4811393019062535,5.6134231155390575,3.5222900372514445,3.715048979211833,3.5222900372514445,3.715048979211833,4.924099746579026,5.266104514174337
10,8,0.7712122364807955,0.8701309669115188,0.9277373554419026,0.14952625689317134,64,1024,True,0.9928219424818473,0.9877882011165782,0.005033741365269833,1.0397200469288341,0.986223381476866,0.1848413123962647,0.18225585258720517,0.1732638516621466,0.8145243494544274,0.1712245269402463,0.844293995275391,1.0155185222156378,0.16860798025295698,1.6210994249390156,1.5021734784754992,0.18167795172116072,-0.5159500969986333,0.12793567231895606,0.24174695247357333,0.1199871136937275,0.23427282267312022,0.14796942081011366,0.22269544129812857,0.1403225246758666,0.21547297824872658,0.9877882011165782,0.9928219424818473,0.1732638516621466,0.8145243494544274,1.0397200469288341,4.0964045260452195,4.194832761463877,2.9425647970496116,3.077303454043429,2.8563294568378885,2.987299664353672,4.924099746579026,4.879384289182532
10,9,0.8702866840609832,0.9392597070154618,0.9673950475996869,0.17778393900778536,64,1024,True,1.3410112748115193,1.3392266529779773,0.001784621833552167,1.3991757679094183,1.3128973498508827,0.18260173465786775,0.17811973676046886,0.2592184551293534,1.0800081978486176,0.25151140564577845,1.0945829138292493,1.3460943194750308,0.18684530645955513,1.7681337754564572,1.623434844607317,0.17982607679988116,-0.31053749475643433,0.1255359042720625,0.239667565043673,0.12315453231299679,0.23762262738435652,0.14586052185768494,0.22087011278927093,0.14341555638384307,0.21874859325907892,1.3392266529779773,1.3410112748115193,0.2592184551293534,1.0800081978486176,1.3991757679094183,3.0520300986736597,3.1622203873912755,2.057670461814038,2.1007849206700984,2.057670461814038,2.102573922908161,2.8158205116665465,2.9165295142570278
10,10,1.0000000000000004,0.9999999999999997,0.9999999999999998,0.18249885629976523,64,1024,True,1.803846399747972,1.8048265355806643,-0.000980135832687276,1.8572405241407008,1.7187111958259702,0.1810047676430966,0.18654857192218674,0.27346312805135464,1.5313634075293223,0.2522815395040181,1.502568222428506,1.7548497619325283,0.14376247185183139,1.8531714306955864,1.714820923030688,0.18646101028456816,0.0038902727952823124,0.12405774731070368,0.2379517879754895,0.12392085594531135,0.2377953122545148,0.1444532540772343,0.21921304622810567,0.14431535264884587,0.21905621027690358,1.8048265355806643,1.803846399747972,0.27346312805135464,1.5313634075293223,1.8572405241407008,2.3240964785291567,2.375969362350096,2.057670461814038,2.052702481837737,2.057670461814038,2.052702481837737,2.8158205116665465,2.7082890365974004
10,11,0.6401554081594109,0.9217164675037717,0.9512874748581892,0.19484938577040328,64,1024,True,3.2341406696198605,3.2417163949888255,-0.007575725368965351,3.2632141634421106,3.080615605133815,0.20459970308214273,0.20278312896139228,0.309734368356954,2.9319820266318777,0.2695048040260833,2.8233886771560472,3.092893481182135,0.08713678814540869,1.739430237306546,1.6433493436261748,0.19073247762354592,1.4372662615076401,0.14660784318321915,0.26259156298106634,0.12904610370349232,0.24238765785375002,0.16703601048357086,0.24379276699619368,0.14934554600040428,0.22355725017405348,3.2417163949888255,3.2341406696198605,0.309734368356954,2.9319820266318777,3.2632141634421106,6.820400631683581,7.215643572599301,2.0802113949323786,2.0338163558191775,2.8563294568378885,2.770622863388701,2.8158205116665465,1.7671063946454584
11,0,0.2562176205194547,0.40788622198627794,0.5878941395178665,0.17164770454528452,64,1024,True,0.4641030106483381,0.4522064023252767,0.011896608323060595,0.44276860688479974,0.4395877997738461,0.23205713379595458,0.23434617414999734,0.3839726501858907,0.06823375213938483,0.37112251827319687,0.06951919782355487,0.4406417160967523,0.8422319193031397,0.7326987524705609,0.7522468488110734,0.1678422917213284,-0.3126590490372273,0.17014918822489394,0.2939650793670152,0.10681879999338333,0.22131606380360547,0.18994161777663976,0.27426622484927066,0.12712127977283671,0.20245884604082676,0.4522064023252767,0.4641030106483381,0.3839726501858907,0.06823375213938483,0.44276860688479974,95.07844884398853,189.71412908109224,95.07844884398853,189.71412908109224,95.07844884398853,189.71412908109224,2.8158205116665465,2.867408596553106
11,1,0.26448418315885736,0.44556455986380084,0.6229221988346811,0.15440593363014254,64,1024,True,0.46920975163758405,0.4550466133209609,0.014163138316621705,0.4503632634392861,0.44606561274626433,0.23322942005701347,0.2327550884496046,0.36832414943816355,0.08672246388279854,0.3583654837277236,0.08920531010479904,0.4475707938325233,0.8006900554414204,0.7722461961391737,0.7864504700036008,0.1713157446063262,-0.34038485725733647,0.17181939747636948,0.29463944263765746,0.11404511160656476,0.22725704808893832,0.19159517926891567,0.27496954610251123,0.13436132846982218,0.2084555293477024,0.4550466133209609,0.46920975163758405,0.36832414943816355,0.08672246388279854,0.4503632634392861,52.1557790976453,68.50304726273188,52.1557790976453,76.39006871339,52.1557790976453,76.39006871339,4.924099746579026,5.74584340892907
11,2,0.2689363458704601,0.4858151461227303,0.6576129730146373,0.175530164443838,64,1024,True,0.4694742815741312,0.4569173549205773,0.01255692665355468,0.44591019777318214,0.4476554861584748,0.22192654183213617,0.2256556918955506,0.35402631562335635,0.10289103929722088,0.34009609704317356,0.10551582603901041,0.4456119230821849,0.7632113941000837,0.8177104096228474,0.8008855430152159,0.17153664118161432,-0.3532300568567411,0.16149056672255446,0.2823625169417179,0.10979408547730572,0.22351466463778508,0.18124661800538888,0.2627449593273923,0.13002048364432994,0.20463060120528098,0.4569173549205773,0.4694742815741312,0.35402631562335635,0.10289103929722088,0.44591019777318214,25.484977002883255,50.52404380799333,39.08577842699601,43.194137586427914,39.08577842699601,45.08256106217115,2.8158205116665465,3.1247213117169896
11,3,0.26114767101280184,0.5269976340789035,0.6919404232783217,0.17740238251042098,64,1024,True,0.4892408483456001,0.47867134648270265,0.010569501862899604,0.4704125784045296,0.47271155500500944,0.20894958362431282,0.21386492278581357,0.34985932539502607,0.12881202108767395,0.340391248996416,0.13142648277727972,0.4718177317736981,0.7214464952743249,0.8830810804607699,0.8809693592269391,0.17677841745657008,-0.40825780422192964,0.1492437830237091,0.2686553842249165,0.1121501405093877,0.22577824536336272,0.16901677543501137,0.24912780457088957,0.13250543005415238,0.20701635150180664,0.47867134648270265,0.4892408483456001,0.34985932539502607,0.12881202108767395,0.4704125784045296,59.663510345452025,79.39454293446785,39.08577842699601,43.19191009727961,39.08577842699601,43.19191009727961,2.8158205116665465,3.095365197260461
11,4,0.2600812510564516,0.5664276786403865,0.7224102719016239,0.18925485266813435,64,1024,True,0.5012880921096726,0.4910505615466093,0.010237530563063297,0.48305744985458543,0.49091208649103535,0.20068994313243518,0.20520495493283214,0.3306953991850885,0.16035516236151848,0.32454277055238623,0.16819317946375129,0.4927359500161382,0.6586545401076515,0.9320649932434862,0.9155111103361624,0.17077152931508555,-0.42459902384512704,0.14195185353189674,0.25942803273297366,0.10907523876927609,0.22201150385464258,0.1617127951758448,0.2399636945920065,0.12949636681878474,0.20334539726900402,0.4910505615466093,0.5012880921096726,0.3306953991850885,0.16035516236151848,0.48305744985458543,59.663510345452025,79.39032797731784,20.680643713006994,23.566013179171623,21.868187054197282,26.145212975065824,2.8158205116665465,3.046226036983691
11,5,0.2736015288126043,0.6078295451421231,0.7530623290314085,0.1650323617771363,64,1024,True,0.48688226800031553,0.47647502941464875,0.010407238585669346,0.4661374900054528,0.48520864261325886,0.1870113514391088,0.19410197708217009,0.27823240813006095,0.19824262128458653,0.27517190391729074,0.20731027497611115,0.48248217889340034,0.5703255290141758,0.947816155726235,0.9506389545116654,0.1716399632794403,-0.4654303118984065,0.1296590942684331,0.24436360860978448,0.10420359026040546,0.21650440585769967,0.14942770118796034,0.22501664629089646,0.12449002557696076,0.1977490077188122,0.47647502941464875,0.48688226800031553,0.27823240813006095,0.19824262128458653,0.4661374900054528,22.36437864865697,23.82426139256707,10.63144203864974,13.721914679513581,10.63144203864974,13.721914679513581,4.924099746579026,5.344733268188054
11,6,0.30270832984827645,0.6619194466311776,0.7902855820589532,0.16132273476861664,64,1024,True,0.4735301934808613,0.46390424979374545,0.009625943687115838,0.45810481263522224,0.4689925585671758,0.17986403062714135,0.1793540867547258,0.20949222358211866,0.25441202621162545,0.21070197153865838,0.26961391670535545,0.4803158882440147,0.43867374928812586,1.0698123934653025,0.9982416039878184,0.16508052843179397,-0.5292490454206425,0.1240819855657312,0.2356460756885515,0.11331331607049182,0.22549313329782583,0.1438195941664162,0.21637949988507899,0.1335205593641149,0.2066450244456064,0.46390424979374545,0.4735301934808613,0.20949222358211866,0.25441202621162545,0.45810481263522224,22.36437864865697,23.824796904391754,8.790445886951211,8.908534348297902,8.922778022276802,9.611924761397415,4.924099746579026,5.290616980443403
11,7,0.33495451525261116,0.7224844609615466,0.8299032298359028,0.1490248299045987,64,1024,True,0.5267309787228989,0.5179633224068776,0.008767656316025545,0.5109474604027909,0.523438151383673,0.17452898270082468,0.17041504457001028,0.1808922734385153,0.3370710489683609,0.1837103044543204,0.35318261499325143,0.5368929194475744,0.3421730810742402,1.1131938976896223,1.0668500194339952,0.16409072239216424,-0.5434118680503222,0.1197992550668824,0.22925871033476697,0.11495914036231847,0.2273244946791193,0.13970545108168153,0.2102309402253013,0.13521170646708924,0.20851414800563361,0.5179633224068776,0.5267309787228989,0.1808922734385153,0.3370710489683609,0.5109474604027909,22.36437864865697,23.821274061207248,6.018620105976636,5.964300445268144,6.018620105976636,5.964300445268144,4.924099746579026,5.266104514174337
11,8,0.3769830003860239,0.790067066694538,0.8713220457264952,0.17236913498410572,64,1024,True,0.5742309263213493,0.5682047902489743,0.006026136072374588,0.5640765724704789,0.560020032936631,0.16154747010697884,0.15568834950594737,0.11276531899609993,0.4554394712528747,0.11600625359350951,0.4618847502249307,0.5778910038184412,0.2007407155103521,1.2173588607882808,1.1272056785418743,0.1680096568861967,-0.5671856456052432,0.10782035817068218,0.2152745820432755,0.1186601937185,0.23150076421716104,0.12793288594548358,0.19654831835214281,0.1390063727812958,0.21276477062201593,0.5682047902489743,0.5742309263213493,0.11276531899609993,0.4554394712528747,0.5640765724704789,22.36437864865697,23.817732120402738,3.86326616630788,3.9618366742032713,3.86326616630788,3.9618366742032713,2.8158205116665465,2.873227502031663
11,9,0.43983518747076916,0.8562110289972331,0.9123849216421429,0.20314259303901536,64,1024,True,0.6414777332732045,0.6382370051318377,0.0032407281413713383,0.6482216516572474,0.6362591198647076,0.15635132825140285,0.1526023384821046,0.03946664047315501,0.5987703646586784,0.041348372941504855,0.6102575327181148,0.6516059056596186,0.06345610526603197,1.3419921843242735,1.2421726112980183,0.16991565918835844,-0.6059134914333106,0.10286736044317338,0.20983529605963233,0.12183736387607806,0.23445097526441272,0.12285484787571477,0.1909586584806675,0.14198572804161813,0.21551389076194027,0.6382370051318377,0.6414777332732045,0.03946664047315501,0.5987703646586784,0.6482216516572474,22.36437864865697,20.958322872948777,3.5189154068702484,3.666148856091174,3.5189154068702484,3.666148856091174,2.8158205116665465,2.9165295142570278
11,10,0.6401554081594109,0.9217164675037717,0.9512874748581892,0.20300422903771528,64,1024,True,0.8634264503802125,0.8623280926660016,0.0010983577142076907,0.8972086264226462,0.8426192120820729,0.16765331949961937,0.156749497365746,3.081410778296244e-05,0.862297278558218,2.1572308418350235e-06,0.866725001856899,0.8667271590877417,2.4889387845023554e-06,1.4396784132748501,1.3400211883843247,0.17530389472845964,-0.4974019763022518,0.11289458030038006,0.22241205869885866,0.12963263130748978,0.2428239052838668,0.13286321448686067,0.2033534542642883,0.1498108314262936,0.22386651993292617,0.8623280926660016,0.8634264503802125,3.081410778296244e-05,0.862297278558218,0.8972086264226462,6.820400631683581,7.753571969653197,2.0802113949323786,2.9411716663980094,2.8563294568378885,2.94117166639801,2.8158205116665465,2.7082890365974004
11,11,0.9999999999999997,0.9999999999999999,1.0,0.21791841299829426,64,1024,True,1.46823205672428,1.4720478319481771,-0.0038157752239018857,1.5174153822890208,1.4129274582612958,0.1905657569739674,0.1812736128547623,0.17198143546109274,1.3000663964870882,0.14888650877880918,1.2774002932633532,1.4262868020421635,0.10438749665609529,1.5123635070769679,1.4081857390556722,0.18110484386289996,0.004741719205623607,0.13380661097099944,0.24732490297693538,0.1336731101492788,0.24717245671100502,0.15415027982817264,0.22851942812849302,0.15401628393738065,0.22836698411265388,1.4720478319481771,1.46823205672428,0.17198143546109274,1.3000663964870882,1.5174153822890208,2.5581228267642837,2.595469173812438,2.057670461814038,2.0338163558191775,2.057670461814038,2.079280664995039,2.8158205116665465,1.7671063946454584
