source,target,cka,cca_shared,procrustes_shared,probe_cosine,metric_rank,metric_examples,full_dim_cca_saturation_possible,train_raw,train_geometry,residual_correction,cal_raw,test_raw,cal_clipped,test_clipped,train_mean_term,train_variance_term,test_mean_term,test_variance_term,test_geometry,mean_fraction,aligned_cal_raw,aligned_test_raw,aligned_test_clipped,alignment_raw_reduction,bernstein_lo,bernstein_hi,bernstein_aligned_lo,bernstein_aligned_hi,betting_lo,betting_hi,betting_aligned_lo,betting_aligned_hi,prediction__training_geometry,prediction__direct_training,prediction__mean_only,prediction__variance_only,prediction__direct_calibration,prediction__cka_common,prediction__cka_held_target,prediction__cca_shared_common,prediction__cca_shared_held_target,prediction__procrustes_shared_common,prediction__procrustes_shared_held_target,prediction__probe_cosine_common,prediction__probe_cosine_held_target
0,0,0.9999999999999998,0.9999999999999991,0.9999999999999996,0.39107913302359815,64,1024,False,3.059114405840847,3.0676315848359432,-0.008517178995095737,2.9110407208955347,2.9756581812286744,0.20721974537457136,0.22555702831237745,1.9986662445552201,1.068965340280721,1.9675722200204682,1.029607113711408,2.997179333731878,0.6564746386298429,2.9085257844213595,2.973073061196823,0.2256266229814764,0.0025851200318514067,0.14656660279921122,0.26787288794993147,0.1466470121356624,0.26796318060787033,0.16647963192372117,0.24831815958896186,0.1665596531383926,0.2484077492626966,3.0676315848359432,3.059114405840847,1.9986662445552201,1.068965340280721,2.9110407208955347,0.9026063405427059,0.7082377403114222,0.7727615873287584,0.6602205802989282,0.7727615873287584,0.6602205802989282,7.127060733277861,9.513897764335372
0,1,0.8265129903445819,0.8126988574901611,0.897688037734121,0.4466893916087083,64,1024,False,3.03778977470247,3.052190908542548,-0.014401133840064346,2.835701432382451,2.985980553066363,0.19171016021017356,0.21312971032611938,1.448116589852052,1.6040743186904973,1.44514432770155,1.55447222281943,2.9996165505209826,0.4817763548646086,2.7472460380699006,2.8600351257300844,0.23257775323936267,0.12594542733627856,0.1324975198302042,0.25092280059014294,0.15584099322826922,0.27798217719336327,0.15247437862853985,0.23155418097303482,0.175768574612448,0.2584227592233219,3.052190908542548,3.03778977470247,1.448116589852052,1.6040743186904973,2.835701432382451,1.0704490185391844,0.9793621549006021,1.2259697265671865,1.1948845076768853,1.2490148660816267,1.1845302038840546,7.127060733277861,7.904419016349284
0,2,0.6476904834304721,0.6441370383241738,0.7895957584989755,0.4318045454080769,64,1024,False,3.932820323420736,3.9517547177034484,-0.01893439428269769,3.6908920647074774,3.865226828786439,0.18301383752052322,0.20915058416824328,1.6126108054809167,2.33914391222253,1.59337085527643,2.2910015713465204,3.884372426622942,0.4102003310382111,2.5913061413306853,2.71095067847931,0.23268880758503951,1.1542761503071288,0.12448263652407078,0.24154503851697567,0.1578199793774231,0.28042662515190525,0.1445247807278065,0.22231055017618928,0.17772897794202436,0.26084264629753307,3.9517547177034484,3.932820323420736,1.6126108054809167,2.33914391222253,3.6908920647074774,1.3250368079765773,1.0075315019289828,2.262339912566748,2.282354748634098,2.44238212547634,2.562862213227429,7.127060733277861,7.487697391966848
0,3,0.5022836128030316,0.52928608917566,0.7038102519294687,0.3993246063236128,64,1024,False,5.941493200915736,5.963342456458896,-0.02184925554317339,5.7206991136799274,5.683567177958801,0.1897525051031375,0.2142553178248997,2.225629050958143,3.7377134055007355,2.14274906031282,3.5537728335929115,5.69652189390572,0.37615041251841513,2.5202544639788775,2.5846578228064114,0.23459428024325618,3.098909355152389,0.13063956651307365,0.24886544369320132,0.15625552902091058,0.27941678828345584,0.15057060785329668,0.22946029417653335,0.1761945641846978,0.2598383828517399,5.963342456458896,5.941493200915736,2.225629050958143,3.7377134055007355,5.7206991136799274,2.3478187075723396,1.7808129331146916,6.917600204005029,7.568028905221106,6.917600204005029,7.568028905221106,7.127060733277861,7.419720953164687
0,4,0.45529049322434284,0.4552493721729249,0.6432463148197652,0.3636861261140771,64,1024,False,7.813944845727424,7.837808739217759,-0.023863893490394233,7.720550070055786,7.544709019451483,0.1928383227962105,0.21333192759075048,2.5981456769721203,5.239663062245669,2.5301502157800155,5.028567611498494,7.558717827278535,0.3347327249932518,2.4595335665048914,2.509964417472938,0.23958042892894926,5.034744601978545,0.13382520860657499,0.251851436985846,0.16702854326458544,0.2907172683329829,0.15358087673666887,0.2322616835590452,0.18697619402519194,0.27113328851555707,7.837808739217759,7.813944845727424,2.5981456769721203,5.239663062245669,7.720550070055786,2.866381132261099,2.215139582429764,9.889489467377198,10.725768046539878,9.889489467377198,10.725768046539882,7.127060733277861,7.345061160147664
0,5,0.3980047908645885,0.4059761450837767,0.6000784337661011,0.35169422255614596,64,1024,False,9.629700198368125,9.658418682207104,-0.028718483838948084,9.512637781911275,9.269634246446701,0.20072772122162266,0.21676238289347988,2.742453346669522,6.915965335537619,2.70195813528132,6.574508795699107,9.276466930980403,0.2912701738048192,2.4211027611324454,2.4610156284812263,0.2384821439722697,6.808618617965475,0.14198935557497772,0.2594660868682676,0.17159665730037735,0.2954522790282682,0.16174860576575156,0.239890392171219,0.19162342786876252,0.27594009831227595,9.658418682207104,9.629700198368125,2.742453346669522,6.915965335537619,9.512637781911275,7.445513021145962,7.323917446983298,9.889489467377198,10.258772109531204,9.889489467377198,10.258772109531204,9.512637781911275,10.572591507416663
0,6,0.3695239005453496,0.36686479430869867,0.5636096878571546,0.3657348652656385,64,1024,False,13.334884865756187,13.372602099740512,-0.03771723398429471,13.183519257750143,12.66635355150905,0.20566905988620382,0.21791848321790414,3.240973136399614,10.13162896334086,3.2946146794262514,9.390233237728651,12.684847917154917,0.2597283547223797,2.3746084513601473,2.4130426221088834,0.24630974592033864,10.253310929400168,0.14684666627407367,0.264491453498334,0.17786042746298325,0.3026183457492871,0.16681966540636495,0.24516020058945287,0.19793543710693484,0.2831338441974367,13.372602099740512,13.334884865756187,3.240973136399614,10.13162896334086,13.183519257750143,7.445513021145962,7.528206393545473,9.889489467377198,10.326610972001879,9.889489467377198,10.326610972001879,7.127060733277861,7.12994891435003
0,7,0.34016768598979635,0.3322923277414491,0.5299745369507833,0.3483055046952777,64,1024,False,19.158921922794114,19.205363832059238,-0.04644190926507182,18.66018636449515,18.031485486148366,0.20788513118901192,0.21319103617434387,3.620204481690462,15.585159350368718,3.643594316784328,14.437594612208734,18.08118892899309,0.2015129829732515,2.3260995367441994,2.3651825327050537,0.2597616751209393,15.666302953443312,0.14906346830906764,0.2667067940689562,0.18800020143787732,0.31394664132230177,0.16909751245839288,0.24744415224267868,0.20809660671511665,0.29445461607247125,19.205363832059238,19.158921922794114,3.620204481690462,15.585159350368718,18.66018636449515,16.025487919997296,15.886819580813201,14.949471269068232,14.492878565988757,14.949471269068232,14.492878565988757,12.923182390696706,18.449288287502533
0,8,0.35020656196507577,0.30131068290227225,0.49835052347830877,0.33352588418295553,64,1024,False,29.855121236745546,29.909935689634388,-0.05481445288884379,29.254138156682792,28.686120100135998,0.20893086388422755,0.2250932791920161,5.759490649175413,24.15044504045913,5.6301440709207435,23.065860414719655,28.696004485640458,0.19619958150404107,2.2668993061736216,2.3371772727512825,0.26816692187884483,26.348942827384715,0.1500009685036474,0.2678607592648077,0.197625561623341,0.32413532389996913,0.16974982515966985,0.2482808202621527,0.21767667337553576,0.3045927631537779,29.909935689634388,29.855121236745546,5.759490649175413,24.15044504045913,29.254138156682792,16.025487919997296,16.12116503828324,14.949471269068232,13.360063837111058,14.949471269068232,13.360063837111058,80.75432691444317,223.9566789201346
0,9,0.40603528096572084,0.27275449501207316,0.4686216776878156,0.34536244618489137,64,1024,False,44.74849675978656,44.819890830112584,-0.07139407032585232,44.03752885177689,43.69020764270536,0.21028075971333507,0.21984556344629166,6.789191141600786,38.03069968851156,6.344467281880402,37.350686033552535,43.69515331543304,0.14519842134618507,2.236054576527898,2.282111571258439,0.2762681905639073,41.40809607144692,0.1509597773819922,0.2696017420446779,0.20546160424619392,0.333329004473702,0.17082867179851746,0.2501181918778457,0.22550637093081605,0.3137359648462734,44.819890830112584,44.74849675978656,6.789191141600786,38.03069968851156,44.03752885177689,7.445513021145962,2.2776895672943778,60.94879459788775,63.36468970447502,60.94879459788775,63.36468970447502,26.210655980146306,11.410049296636378
0,10,0.36678407217073244,0.24633550996158046,0.44082672801676737,0.33666991445224603,64,1024,False,129.90621616606384,130.00636342249766,-0.10014725643467683,132.25451567220355,128.88964769952784,0.24541587196128903,0.26009752330251307,59.40831304975835,70.59805037273894,58.940653663546485,70.09944817859345,129.04010184213988,0.45676229964271914,2.1958295963161283,2.2312482413321915,0.2830787794904946,126.65839945819565,0.18385662574040715,0.30697511818217094,0.2073617390013287,0.3357325693881571,0.20359260283294134,0.28721860237419605,0.22734627628233284,0.3160623724834295,130.00636342249766,129.90621616606384,59.40831304975835,70.59805037273894,132.25451567220355,16.025487919997296,6.400218904658848,66.25733092298002,56.18809210677444,66.25733092298002,56.18809210677444,80.75432691444317,28.237750556141286
0,11,0.20423815949672783,0.22412257503193134,0.41370807980847724,0.3325351714845238,64,1024,False,1311.8310916796788,1311.8699644467138,-0.03887276703750723,1338.2498984625881,1319.166615244916,0.2866703626115049,0.29434796666285223,1120.1626725211472,191.70729192557658,1120.2373042267234,199.329010379955,1319.5663146066786,0.8489435444255267,2.1781995909678145,2.232917773298118,0.2907262700659939,1316.933697471618,0.22127362520613472,0.35206710001687513,0.2130156081893893,0.34254532737675764,0.24121977563481778,0.332289817808487,0.23295151896309108,0.32279766372812446,1311.8699644467138,1311.8310916796788,1120.1626725211472,191.70729192557658,1338.2498984625881,138.43641566805954,11.729570930303534,669.4212753417623,44.36910468896554,669.4212753417623,44.36910468896554,218.37963446361064,41.325859741567484
1,0,0.8265129903445819,0.8126988574901611,0.897688037734121,0.3689017341763411,64,1024,False,1.3050612936649992,1.3098202602647457,-0.004758966599745169,1.2318908364890497,1.2587010063013688,0.20221312079142698,0.2093243119236868,0.868374682143961,0.4414455781207952,0.8529598191240867,0.42319063342677926,1.2761504525508631,0.6683849991348026,1.3213252469206245,1.38914972041901,0.2064258437866923,-0.13044871411764114,0.14262411728857852,0.2618021242942754,0.13857777484347905,0.2572908413394938,0.16254580968961818,0.24233899898536038,0.1584615176980151,0.23781189137662295,1.3098202602647457,1.3050612936649992,0.868374682143961,0.4414455781207952,1.2318908364890497,1.0704490185391844,1.0619520807523493,1.2259697265671865,1.2258096965692984,1.2490148660816267,1.2499161307970255,7.127060733277861,9.513897764335372
1,1,1.0000000000000002,0.9999999999999998,1.0,0.45895375404075145,64,1024,False,1.5018654822449928,1.5115061846689324,-0.00964070242394658,1.4194180326095849,1.5032377054727273,0.20000878470154884,0.2075168004377872,0.8893116053258145,0.6221945793431229,0.8919039344096478,0.6228671721875366,1.5147711065971832,0.5888044276294927,1.4174106900331938,1.5012882416340116,0.20754512802870734,0.0019494638387156371,0.14111056610729744,0.25890700329580024,0.14114495458526166,0.25894692830051125,0.1610515424690675,0.23952669047139352,0.16108649544912623,0.2395669646502938,1.5115061846689324,1.5018654822449928,0.8893116053258145,0.6221945793431229,1.4194180326095849,0.8723698531054918,0.8456500879353738,0.7727615873287584,0.738727037577136,0.7727615873287584,0.738727037577136,7.127060733277861,7.904419016349284
1,2,0.8171737274331037,0.8039931599836769,0.8928287291109871,0.42509180753971754,64,1024,False,2.0387203754585124,2.0508340601671566,-0.012113684708634545,1.9575824945090596,2.0217914143720646,0.1967795778057751,0.20527647146439185,1.085046663116306,0.9657873970508457,1.0851781403012484,0.9572925161242094,2.042470656425445,0.5313066001155841,1.3018679786860767,1.384031108496618,0.2093851562090115,0.6377603058754466,0.1381027677414881,0.2554563878700621,0.13860306329678326,0.25683993657652016,0.15790623258362757,0.23594482320186216,0.15861520999897039,0.2375226566582569,2.0508340601671566,2.0387203754585124,1.085046663116306,0.9657873970508457,1.9575824945090596,1.0704490185391844,1.0075315019289828,1.2259697265671865,1.2181820231071978,1.2490148660816267,1.2233986932268273,7.127060733277861,7.487697391966848
1,3,0.6081705088982429,0.6584726401253241,0.799555815320164,0.37755614151314715,64,1024,False,2.593436494334909,2.606854998512578,-0.013418504177657902,2.528475262334264,2.571739785084871,0.18942191885026774,0.19967784917210113,1.0512604055655723,1.5555945929470096,1.0815336281725536,1.508001647087649,2.5895352752601832,0.41765549151049375,1.2221773012488786,1.3178856252740703,0.2123954391984698,1.2538541598108006,0.13147167778290425,0.24737215991763123,0.14075997899031784,0.25973272966701394,0.15125055130920373,0.22787607046484482,0.16083983294811333,0.2404433091141982,2.606854998512578,2.593436494334909,1.0512604055655723,1.5555945929470096,2.528475262334264,1.4621466514654742,1.4706526559624749,2.262339912566748,2.3474628413750755,1.695053661438838,1.2839273072683413,7.127060733277861,7.419720953164687
1,4,0.5308401734282173,0.5654810666358059,0.7335305240748639,0.35830035047922937,64,1024,False,3.2697620851650195,3.2853021627646184,-0.01554007759960374,3.2396718864483436,3.265977229796439,0.19684067916997167,0.20183844458519162,1.0050017515525997,2.280300411211998,1.042462152879322,2.256288600665862,3.298750753545176,0.3160172534281304,1.1703448657387334,1.269095079541941,0.21768859385098605,1.9968821502544982,0.13867667439054743,0.2550046839493959,0.14551844524706975,0.26503674815817435,0.15842025672463933,0.23546376441663597,0.16560319696873194,0.24574025994661497,3.2853021627646184,3.2697620851650195,1.0050017515525997,2.280300411211998,3.2396718864483436,2.1033212344271304,1.6197547761978262,2.262339912566748,2.3097119715056516,2.44238212547634,2.5241024757636685,7.127060733277861,7.345061160147664
1,5,0.46621489521534853,0.5001308478177444,0.6824172399704882,0.35440637799015,64,1024,False,3.8169609902883366,3.836350870110224,-0.01938987982187209,3.699538944179074,3.7432430211386163,0.19624769552018176,0.196245309971552,0.6547397096559638,3.181611160454256,0.6427055874162982,3.1319544820760488,3.7746600694923544,0.170268468043199,1.1300207637501822,1.2142542215828371,0.21862337207365298,2.528988799555779,0.1386576662436422,0.2538377247967213,0.1488146967952778,0.2684011477126952,0.15847786322410684,0.23442338041058974,0.16891237457457464,0.24910884031123715,3.836350870110224,3.8169609902883366,0.6547397096559638,3.181611160454256,3.699538944179074,2.3478187075723396,2.4059953889458336,6.917600204005029,7.730493998537199,6.917600204005029,7.730493998537199,7.127060733277861,8.691299496999727
1,6,0.4257660431183122,0.4483169673692872,0.639399765164041,0.356366417710032,64,1024,False,5.028308153227726,5.053042021297207,-0.02473386806950763,4.910099977232526,4.93582956829769,0.19690502929995576,0.18491927282633627,0.24407981218415728,4.808962209113075,0.24794767672138565,4.7343129379003965,4.982260614621793,0.04976609934729549,1.0948592522048401,1.1773901440947705,0.22492320977317817,3.758439424202919,0.13955556627442178,0.25425449232548974,0.15645179716456828,0.2767193888752877,0.15938764403836103,0.23488251058734022,0.17649311052809935,0.25735989908571355,5.053042021297207,5.028308153227726,0.24407981218415728,4.808962209113075,4.910099977232526,2.866381132261099,2.639301260597607,9.889489467377198,10.326610972001879,9.889489467377198,10.326610972001879,7.127060733277861,7.12994891435003
1,7,0.39347699336776715,0.4023251348845439,0.5978798808823873,0.3477517859748931,64,1024,False,7.374718901512285,7.406328652202263,-0.031609750690011304,7.186178416898262,7.327063452455219,0.1957499827196628,0.18481979355644776,7.771328786760674e-05,7.40625093891437,0.0005313191101320773,7.353346632187705,7.353877951297849,7.225019420376802e-05,1.0619910416666782,1.1317313254966386,0.2343900689383584,6.19533212695858,0.13861905373017042,0.25288091170915517,0.16704885893118532,0.28862185660727935,0.15879019316344056,0.23388182893540943,0.18719607934326632,0.26931963153765537,7.406328652202263,7.374718901512285,7.771328786760674e-05,7.40625093891437,7.186178416898262,7.445513021145962,7.460767997866417,9.889489467377198,9.989612098876414,9.889489467377198,9.989612098876414,12.923182390696706,19.909542839710134
1,8,0.38626681469190594,0.3616212691680898,0.5595463988875876,0.30905894743294127,64,1024,False,11.526346726605363,11.560831173171161,-0.03448444656569274,11.540224716423223,11.503053767492517,0.19777174488562865,0.18157479363137402,0.1937949635871646,11.367036209583974,0.2546710091465323,11.256476904499381,11.511147913645951,0.022123858633128258,1.0304563210617856,1.1015008723587563,0.2449437886222699,10.401552895133761,0.1403701899752252,0.2551732997960321,0.1730283403536928,0.2949987711304477,0.16047322447411716,0.2361032960106968,0.1931082356677507,0.2756373844531481,11.560831173171161,11.526346726605363,0.1937949635871646,11.367036209583974,11.540224716423223,7.445513021145962,7.204647627306124,9.889489467377198,9.88391143313933,9.889489467377198,9.88391143313933,218.37963446361064,252.85286942147522
1,9,0.4126460105270207,0.32380119092878046,0.5220255440166449,0.2815971473377574,64,1024,False,21.748586402759784,21.787989483130826,-0.03940308037118234,22.163003674095197,21.831422190524925,0.21978132267824438,0.189914531173075,2.736517849442317,19.051471633688614,3.0568675395109794,18.807103015746648,21.86397055525762,0.13981301025745738,1.0169117797650484,1.0706020765029918,0.2501765300291705,20.760820114021932,0.16091396280411074,0.278648682552378,0.18065221803101023,0.3042417837622028,0.18103897967375815,0.25949291238794103,0.20070835905062268,0.2848164847891894,21.787989483130826,21.748586402759784,2.736517849442317,19.051471633688614,22.163003674095197,7.445513021145962,2.2776895672943778,14.949471269068232,13.99247609318875,14.949471269068232,13.99247609318875,218.37963446361064,298.4193854887684
1,10,0.34121256208973066,0.28933052574442125,0.48686924727255854,0.24583223523268738,64,1024,False,36.96009833247729,37.009392900499925,-0.049294568022742236,38.34576610266292,36.61960737923107,0.22863071819225755,0.19840571272176644,8.441805965397403,28.567586935102717,8.835238825934614,27.88291292953807,36.71815175547271,0.24062319053457673,0.9858429628869096,1.0429385262214235,0.2571877673894769,35.57666885300964,0.16847203545345055,0.28878940093106453,0.1832739170156945,0.30803096209226816,0.1884704421609058,0.2694155289864284,0.20334697080397746,0.2885812556341989,37.009392900499925,36.96009833247729,8.441805965397403,28.567586935102717,38.34576610266292,16.025487919997296,6.400218904658848,60.94879459788775,56.18809210677444,60.94879459788775,56.18809210677444,218.37963446361064,286.19980262661477
1,11,0.17567221181680162,0.2596457015090224,0.45408494999978877,0.22346068486364168,64,1024,False,46.64268967534509,46.660091975502766,-0.017402300157747543,44.64837615262999,44.99408762107543,0.22811598764919427,0.19872718797440408,0.03769409876259029,46.62239787674026,0.027548219298124066,45.11525964455779,45.14280786385579,0.0006102460303578263,0.9731836321837746,1.0300742064193533,0.2675491850035857,43.96401341465608,0.16813842696338677,0.2880935483350018,0.19205775962283306,0.3180805963077418,0.18810103936993983,0.2687095604997012,0.2120634136517765,0.29852844374545384,46.660091975502766,46.64268967534509,0.03769409876259029,46.62239787674026,44.64837615262999,138.43641566805954,11.729570930303534,60.94879459788775,16.7289402778338,60.94879459788775,16.7289402778338,218.37963446361064,59.312662009537796
2,0,0.6476904834304721,0.6441370383241738,0.7895957584989755,0.35701573538475917,64,1024,False,0.6453948013105256,0.6468445922135205,-0.0014497909029961933,0.6044701738871776,0.6092437294972358,0.17828023031308138,0.18588725441222373,0.4328045837258258,0.21404000848769317,0.4198195573212839,0.19939694984755504,0.6192165071688398,0.6779850867360889,0.8469589963944342,0.8741229979668423,0.19680629030898722,-0.2648792684696065,0.12063209794358186,0.23592836268258088,0.12680460010902297,0.24363200880098293,0.14058460554952035,0.21664954187144758,0.14675337098015007,0.22429726739937905,0.6468445922135205,0.6453948013105256,0.4328045837258258,0.21404000848769317,0.6044701738871776,1.3250368079765773,1.463989673394154,2.262339912566748,2.341286090599108,2.44238212547634,2.5504945932168788,7.127060733277861,9.513897764335372
2,1,0.8171737274331037,0.8039931599836769,0.8928287291109871,0.4596040933281117,64,1024,False,0.7904922531144166,0.7947680456248363,-0.004275792510415512,0.7353059008027667,0.7579765380345485,0.18077385930381887,0.18663212234233115,0.5134539577471338,0.28131408787770285,0.4975291945542947,0.2696091142592763,0.767138308813573,0.6485521435160166,0.8940971282544479,0.9196116772067002,0.18855412071017996,-0.16163513917215178,0.12311458902693999,0.23843312958069773,0.12419618723447517,0.23977184418598135,0.14319726084067952,0.21928876692982158,0.14423805393016664,0.2205810797822778,0.7947680456248363,0.7904922531144166,0.5134539577471338,0.28131408787770285,0.7353059008027667,1.0704490185391844,0.9793621549006021,1.2259697265671865,1.1948845076768853,1.2490148660816267,1.1845302038840546,7.127060733277861,7.904419016349284
2,2,1.0000000000000002,0.9999999999999993,0.9999999999999997,0.45439283249822116,64,1024,False,1.0142040116571345,1.020441191898636,-0.006237180241506423,0.9466046343686042,0.9673179507055286,0.1748161141850784,0.17603887081623082,0.5978177875682923,0.42262340433035045,0.5902139684589327,0.39735223770129674,0.9875662061602264,0.5976449627147066,0.9455530618817943,0.9663209453801489,0.17612294866731884,0.0009970053253797184,0.11776871598378613,0.23186351238637065,0.11781930092052618,0.23192635674479778,0.13790340495324926,0.21282790083205327,0.13795346816186793,0.21288979624659987,1.020441191898636,1.0142040116571345,0.5978177875682923,0.42262340433035045,0.9466046343686042,0.8723698531054918,0.864562623865013,0.7727615873287584,0.7636119532740298,0.7727615873287584,0.7636119532740298,7.127060733277861,7.487697391966848
2,3,0.7918607166001095,0.8427451734221573,0.9157773488111557,0.42806805529083547,64,1024,False,1.2215012310400335,1.2292856461227324,-0.007784415082700399,1.1329388084595693,1.1853386157494241,0.16945411927040013,0.1710727500712622,0.6305803042285193,0.598705341894211,0.6267401796318856,0.5773177259465962,1.2040579055784837,0.520523287732388,0.8839122077781814,0.9255603339229809,0.17760664638540763,0.25977828182644325,0.11278185948038061,0.22612637906041966,0.11969720700041046,0.2346775233943698,0.1330028664015117,0.20719220845785458,0.13996694498200668,0.21573031924344832,1.2292856461227324,1.2215012310400335,0.6305803042285193,0.598705341894211,1.1329388084595693,1.0704490185391844,1.0653714549532578,1.2259697265671865,1.2532958689668718,1.2490148660816267,1.258267752168854,7.127060733277861,7.419720953164687
2,4,0.6792223272346724,0.7273807825009404,0.8464105773797745,0.4103033128929965,64,1024,False,1.5655257601961676,1.574833477186565,-0.009307716990405428,1.4829427416675345,1.5460244115142177,0.17396569627988792,0.17651807087731977,0.7520929651119156,0.8227405120746605,0.7561854317079273,0.8111818632361748,1.567367294944107,0.48245579332117755,0.8558803396635251,0.8942442411795458,0.18539640200403013,0.6517801703346718,0.11681345220834446,0.23111794035143138,0.1230798945637966,0.23835189754972974,0.13702405680669472,0.2121497805128456,0.1432552686528652,0.21930743977281963,1.574833477186565,1.5655257601961676,0.7520929651119156,0.8227405120746605,1.4829427416675345,1.0704490185391844,1.063570325829069,1.2259697265671865,1.2632073574479177,1.271893305709762,1.3326898747550844,7.127060733277861,7.345061160147664
2,5,0.5912042819757068,0.6389497168461825,0.7875643294488424,0.3834442343597569,64,1024,False,2.0680572937734243,2.0789085588625014,-0.010851265089088687,1.9591433290762494,2.043748571736554,0.18255274259584156,0.18252420803361288,0.9351881556472978,1.1437204032152022,0.9478069942348619,1.1125335244105274,2.0603405186453876,0.4600244404541521,0.817160959989554,0.854576378666117,0.18656323379946718,1.189172193070437,0.124987837526092,0.24011764766559113,0.12935114005387666,0.2451721056087522,0.14505194150842726,0.2209857953930623,0.14949154362693662,0.22608724965539295,2.0789085588625014,2.0680572937734243,0.9351881556472978,1.1437204032152022,1.9591433290762494,1.4621466514654742,1.450174036125022,2.262339912566748,2.364082486370727,2.44238212547634,2.5920656193450133,7.127060733277861,7.331714047404061
2,6,0.535281674976883,0.5650406072548376,0.7342350020815641,0.3909781512472919,64,1024,False,3.28340688103658,3.297874317565639,-0.014467436529073827,3.169147540892007,3.1960375951978706,0.20399767452487258,0.1912047834250634,1.559907606024642,1.7379667115410078,1.5523580331330378,1.6655704738373482,3.217928506970395,0.4824091118775497,0.7880874376102006,0.8150704658123014,0.19514664972517115,2.380967129385569,0.14559903437766025,0.2623963146720849,0.1385881324615839,0.25549927957664065,0.16564114820357645,0.24318107766157482,0.1586737365942099,0.23632785634254105,3.297874317565639,3.28340688103658,1.559907606024642,1.7379667115410078,3.169147540892007,1.9461468730937805,1.4765099596309825,2.262339912566748,2.3108958854713406,2.44238212547634,2.5255823682207796,7.127060733277861,7.12994891435003
2,7,0.485133892030561,0.49975622265846686,0.6826832965635975,0.3579571409151147,64,1024,False,5.6518510389127705,5.669100901682489,-0.017249862769706914,5.483733325929723,5.518243502848807,0.21766771076525362,0.20705002846221313,2.84527837737461,2.82382252430788,2.7927279971750005,2.753093913213246,5.545821910388221,0.5035733282281873,0.7676121268474099,0.7785898894412917,0.20503781828692505,4.739653613407516,0.1581926922519451,0.27714272927856215,0.14466197866119745,0.26283677394315047,0.17819147778936895,0.25780844656401314,0.16481800853216555,0.24367994105705293,5.669100901682489,5.6518510389127705,2.84527837737461,2.82382252430788,5.483733325929723,2.3478187075723396,1.9454892344823962,6.917600204005029,7.562544340493837,6.917600204005029,7.562544340493837,7.127060733277861,7.165277649727817
2,8,0.443218565697116,0.44117789402985086,0.6332220501235339,0.34294040289803895,64,1024,False,8.618025476783822,8.63913671665621,-0.021111239872397602,8.38378310851572,8.516680238719784,0.22330400568023417,0.2209015694176605,4.339007827399107,4.300128889257091,4.249868701994526,4.275237443799412,8.525106145793949,0.498512115780669,0.7407717989322639,0.7552004048825086,0.21565151027553411,7.761479833837276,0.1637772086833755,0.2828308026770928,0.15349918217421454,0.272234147811209,0.18366763977246592,0.2633838294786983,0.17358393140602857,0.25301040458725765,8.63913671665621,8.618025476783822,4.339007827399107,4.300128889257091,8.38378310851572,2.866381132261099,2.2702760545113096,9.889489467377198,9.88391143313933,9.889489467377198,9.88391143313933,26.210655980146306,68.61786600629455
2,9,0.3996135026066673,0.38713624011631165,0.5848416743815188,0.2851701235794284,64,1024,False,14.707357490034141,14.72915937480508,-0.021801884770906093,14.397510127337256,14.657433382097324,0.2346332719761976,0.2311633141156998,7.724825702004245,7.004333672800806,7.587589659440617,7.080481630768207,14.668071290208864,0.5172861182168808,0.7235868710956135,0.7392816278202556,0.2248367964176012,13.918151754277067,0.17414286075311908,0.2951236831992761,0.1628304923941047,0.2830885106147311,0.19412430527881952,0.2756991995192948,0.18289096672378946,0.26378791798924794,14.72915937480508,14.707357490034141,7.724825702004245,7.004333672800806,14.397510127337256,7.445513021145962,2.2776895672943778,9.889489467377198,9.895533754904536,9.889489467377198,9.895533754904536,218.37963446361064,298.4193854887684
2,10,0.30789813355027845,0.34126573668295046,0.5408945870332829,0.23070730370007972,64,1024,False,60.19370008562324,60.21863592227669,-0.02493583665325287,59.312662009537796,59.54223956141775,0.2711139610584067,0.27590384785924454,48.0160354142246,12.202600508052424,47.45540148714571,12.160655941988807,59.61605742913445,0.7960171056859286,0.7036442576689191,0.7237333895058283,0.23374028494618967,58.81850617191192,0.2068014995300691,0.33542642258674427,0.16640310326528412,0.2874284246977673,0.2268539815704571,0.31581193818419706,0.18645233755523805,0.26808891257678624,60.21863592227669,60.19370008562324,48.0160354142246,12.202600508052424,59.312662009537796,16.025487919997296,6.400218904658848,14.949471269068232,9.708866212275021,14.949471269068232,9.708866212275021,218.37963446361064,286.19980262661477
2,11,0.15434597917212464,0.3001120971566429,0.49779757350538983,0.22012712641053625,64,1024,False,360.1202937910788,360.12958272921264,-0.009288938136689033,358.63602648604933,356.6095811525466,0.28721585692672685,0.296621485472466,315.1696949931898,44.95988773602654,312.27201093820776,44.48997932916688,356.7619902673765,0.875295069141683,0.6826451740216322,0.7089922838131847,0.2445032746355971,355.9005888687334,0.22180086156991857,0.35263085228353513,0.17637948883083887,0.2992164095982067,0.24169718516350258,0.3328063333465252,0.19637009723373922,0.2797690388833871,360.12958272921264,360.1202937910788,315.1696949931898,44.95988773602654,358.63602648604933,138.43641566805954,11.729570930303534,60.94879459788775,13.165978114993518,60.94879459788775,13.165978114993518,358.63602648604933,59.312662009537796
3,0,0.5022836128030316,0.52928608917566,0.7038102519294687,0.40768666936501613,64,1024,False,0.8398847477745318,0.840796908220843,-0.000912160446315411,0.8051284505316352,0.812721835871016,0.20829510638017637,0.21933987092167792,0.6811815555562374,0.15961535266461319,0.664712255574427,0.15661207534088165,0.8213243309153093,0.8093176234456017,0.9809603441989011,0.9966217569947368,0.2129231653023852,-0.18389992112372078,0.14772564451704057,0.2688645682433122,0.14147093010626535,0.2610364590453864,0.1677324501433759,0.2494114825312863,0.16137262837582966,0.24153327709791483,0.840796908220843,0.8398847477745318,0.6811815555562374,0.15961535266461319,0.8051284505316352,2.3478187075723396,2.5192287361324177,6.917600204005029,7.387790338887598,6.917600204005029,7.387790338887598,7.127060733277861,9.513897764335372
3,1,0.6081705088982429,0.6584726401253241,0.799555815320164,0.48375280566798534,64,1024,False,0.9030871519047569,0.9058303880407155,-0.002743236135968215,0.8616320605434122,0.886799350010997,0.20286480434244344,0.21530238321217204,0.685625675955211,0.2202047120855136,0.6692440812918102,0.22198173803505097,0.8912258193268597,0.7509253735459419,1.0026063506873961,1.0279891319214853,0.21285961679533436,-0.14118978191048837,0.1429778864386953,0.2627517222461916,0.14211681816472665,0.261288395998432,0.16298273271968355,0.24334878382796887,0.16206737851462094,0.24185229835711652,0.9058303880407155,0.9030871519047569,0.685625675955211,0.2202047120855136,0.8616320605434122,1.4621466514654742,1.508340081536402,2.262339912566748,2.397143771675956,1.695053661438838,2.4873359442384775,3.9913564265816848,4.797387642014727
3,2,0.7918607166001095,0.8427451734221573,0.9157773488111557,0.5048008767082238,64,1024,False,1.0253247644979502,1.0300566308463472,-0.0047318663483893394,0.9915290091917923,1.0174673433168846,0.20159368664068153,0.20548828384269405,0.7510643924293586,0.27899223841699455,0.7427010751671514,0.28495787860059085,1.0276589537677374,0.7227116276700201,1.052834849663987,1.0715749644117945,0.20071693521841705,-0.05410762109490985,0.14210499842179758,0.2610823748595655,0.13727779450183764,0.2550374956232043,0.16219819251273293,0.24179925175121753,0.15733626540168189,0.2357680044879089,1.0300566308463472,1.0253247644979502,0.7510643924293586,0.27899223841699455,0.9915290091917923,1.0704490185391844,1.0075315019289828,1.2259697265671865,1.2181820231071978,1.2490148660816267,1.2233986932268273,3.9913564265816848,4.4686790058124775
3,3,1.000000000000001,0.9999999999999992,0.9999999999999996,0.5134949009689134,64,1024,False,1.1301761373326118,1.1371010073824472,-0.006924870049833221,1.0900371288422204,1.1279682558542872,0.19105278904158957,0.1943772672366016,0.7545689110270755,0.3825320963553635,0.754311399251465,0.3845918252073342,1.1389032244588013,0.6623138674577977,1.0890954808723008,1.1270101099448127,0.19444536117967695,0.0009581459094745171,0.13251698943114748,0.24958858865203165,0.13254727385999865,0.24962931320077814,0.15262415647157468,0.23038272499252344,0.1526547027824563,0.23042330937460065,1.1371010073824472,1.1301761373326118,0.7545689110270755,0.3825320963553635,1.0900371288422204,0.7514239033566351,0.8296379797816432,0.7727615873287584,0.7560628746175236,0.7727615873287584,0.7560628746175236,3.9913564265816848,4.27758768069403
3,4,0.8501029436734056,0.8672302287952023,0.9297613949511659,0.5081897905284565,64,1024,False,1.2511592399544513,1.259920714889285,-0.008761474934833278,1.2222211870366777,1.245100217308368,0.18167722737182176,0.18764076986422443,0.7380555236915674,0.5218651911977198,0.7301529305564395,0.5305959869522255,1.2607489175086632,0.5791422228616923,1.0462692402189582,1.0772533940932607,0.19936751421339996,0.16784682321510735,0.124174634172509,0.23917982057113452,0.1349444625095924,0.25218318257924693,0.1442123399247066,0.21999794474686496,0.15501837171905208,0.23294385926419636,1.259920714889285,1.2511592399544513,0.7380555236915674,0.5218651911977198,1.2222211870366777,0.9041285750597499,0.8645210545162288,1.2259697265671865,1.2632073574479177,1.0990184927495723,0.9997461140129631,3.9913564265816848,4.106737061562726
3,5,0.7456409065725699,0.7622631005332752,0.8683072747066309,0.5073450202094,64,1024,False,1.4029158558287047,1.4142252485289348,-0.01130939270023099,1.3574513531369667,1.406049831228559,0.17433774550057068,0.17585680395957082,0.7068984978630702,0.7073267506658708,0.6981883715219533,0.7223504303924853,1.4205388019144372,0.49149545973754194,0.9986555174772436,1.0358090673897866,0.19946683411797952,0.37024076383877236,0.11772806645312403,0.23094742454801734,0.13821119475313015,0.2559709692077521,0.1377638230478624,0.211834089619515,0.15829751533601666,0.23673359125677962,1.4142252485289348,1.4029158558287047,0.7068984978630702,0.7073267506658708,1.3574513531369667,1.0704490185391844,1.0933706123383862,1.2259697265671865,1.293364182605572,1.2490148660816267,1.2917771096077666,3.9913564265816848,4.101102471308548
3,6,0.6573429466480906,0.6701070775388744,0.809223456502863,0.5139861222229012,64,1024,False,1.7350776317786125,1.7499823423804364,-0.01490471060182689,1.6962456085691429,1.725277000170223,0.1733481290893133,0.17044764732342382,0.6835961128224708,1.0663862295579656,0.665236851736039,1.0809925648112897,1.74622941654733,0.38095615927221915,0.9641165787256537,0.9951388567052991,0.20708572500091502,0.7301381434649238,0.11720300641742505,0.22949325176120156,0.14907350599411634,0.2678640610252876,0.1371567985479487,0.21034980148397153,0.16909174126340076,0.24853170767892152,1.7499823423804364,1.7350776317786125,0.6835961128224708,1.0663862295579656,1.6962456085691429,1.2314628465805375,1.0891027758032445,1.2259697265671865,1.2500888432737614,1.271893305709762,1.2928910186767415,3.9913564265816848,4.086986043998874
3,7,0.5777315721379428,0.5875875426013624,0.75162712693916,0.4967538166380496,64,1024,False,2.4268756163814804,2.4460084413179417,-0.019132824936451017,2.3840449950027107,2.426061781609928,0.17346773862494078,0.1689218489242773,0.6573967316226045,1.7886117096953245,0.61840073530356,1.8218896132268447,2.440290348530402,0.2534127693763879,0.9378558207470088,0.9498171870516562,0.21556637430207135,1.4762445945582718,0.11798248645043424,0.2289529907994473,0.15688468493955576,0.2766937380052101,0.13793712779443013,0.2098638291208772,0.17695456212823046,0.25738610605185386,2.4460084413179417,2.4268756163814804,0.6573967316226045,1.7886117096953245,2.3840449950027107,1.4621466514654742,1.391231394270302,2.262339912566748,2.350594874553884,2.44238212547634,2.4458137213865534,3.9913564265816848,4.2081620967532505
3,8,0.5015193888699073,0.5125043364312479,0.6947698762982094,0.4789628550009659,64,1024,False,3.2407363878966824,3.2642163895317964,-0.023480001635113438,3.1842833373914576,3.2800883801090404,0.15602484781354867,0.1624025296401929,0.4272672037682558,2.836949185763538,0.39219041133241767,2.8974879178693977,3.289678329201822,0.11921846821648827,0.9117015675373532,0.9219037501299066,0.2248894207238611,2.358184629979134,0.10155426553042497,0.21049543009667238,0.16462745535248247,0.2849039193977033,0.1216181699273875,0.19155983620294137,0.18467186365887756,0.26556789513415424,3.2642163895317964,3.2407363878966824,0.4272672037682558,2.836949185763538,3.1842833373914576,2.3478187075723396,2.228699336114686,6.917600204005029,7.204778424513766,6.917600204005029,7.204778424513766,3.9913564265816848,4.175794099784399
3,9,0.3946969214685494,0.44483393230890234,0.6382937882144152,0.42203607417002575,64,1024,False,5.206232312639554,5.2322762240745675,-0.026043911435017112,5.224317331706287,5.389509600733559,0.15902994210844584,0.17060883081058856,0.20331036442318232,5.028965859651375,0.17331066580377089,5.221152685536198,5.394463351339974,0.03212750824615777,0.895980921141531,0.9020050249291653,0.23178596952524672,4.487504575804394,0.10421092984166827,0.21384895437522342,0.1693476971764249,0.29056980303841307,0.12439948753308272,0.19502305164496647,0.18941653970978223,0.27123050461523235,5.2322762240745675,5.206232312639554,0.20331036442318232,5.028965859651375,5.224317331706287,7.445513021145962,3.608594254581029,9.889489467377198,9.895533754904536,9.889489467377198,9.895533754904536,7.127060733277861,7.171310579826037
3,10,0.28716273944147364,0.3864302196336612,0.5851488461786934,0.3853619629485502,64,1024,False,9.357913967624416,9.392527959393798,-0.034613991769369766,9.502936931116244,9.52967686923344,0.18530491838784974,0.19616549221841964,1.5415242542980545,7.851003705095716,1.4467557216719507,8.110578316847368,9.557334038519322,0.15137649430699301,0.8760055619680035,0.8851103316020843,0.24101416545155432,8.644566537631356,0.12820504436013597,0.2424047924155635,0.173268747698714,0.295544618473774,0.14826629675371805,0.22329159855144098,0.193316919314384,0.2761491525598103,9.392527959393798,9.357913967624416,1.5415242542980545,7.851003705095716,9.502936931116244,16.025487919997296,6.400218904658848,9.889489467377198,9.708866212275021,9.889489467377198,9.708866212275021,7.127060733277861,7.362523504096165
3,11,0.13668447587620286,0.33731547577973586,0.536365313524058,0.3728810243392081,64,1024,False,18.863323145566437,18.876459408244493,-0.013136262678087481,18.4961842960008,18.758566596619865,0.21885907627429435,0.21701238741116352,5.727228087880354,13.149231320364175,5.514064127909627,13.2717582030303,18.785822330939858,0.2935226380177182,0.8569554970510189,0.8701893317911845,0.25469700096010894,17.88837726482868,0.15910989834591904,0.27860825420266966,0.18402766601856235,0.30835922261260224,0.17926795815583318,0.2594138216591091,0.2040074353935779,0.2888417391877738,18.876459408244493,18.863323145566437,5.727228087880354,13.149231320364175,18.4961842960008,138.43641566805954,11.729570930303534,14.949471269068232,13.165978114993518,14.949471269068232,13.165978114993518,7.127060733277861,3.1914355936511987
4,0,0.45529049322434284,0.4552493721729249,0.6432463148197652,0.37263757287779836,64,1024,False,0.9378946600507385,0.9375828709612882,0.0003117890894519682,0.8883483310040143,0.9125800002935549,0.22221086676055143,0.23446764259965072,0.8381664055162075,0.09941646544507711,0.8237562838743476,0.09767140695292269,0.9214276908272703,0.8939999221585886,0.8807065113551381,0.9125554903816686,0.22067028130084168,2.450991188629459e-05,0.16030031126118408,0.28412142225991877,0.1482653701621785,0.26957233080836424,0.1803019755461719,0.26457083496643463,0.1682204236421967,0.25006212887819856,0.9375828709612882,0.9378946600507385,0.8381664055162075,0.09941646544507711,0.8883483310040143,2.866381132261099,3.086162554622997,9.889489467377198,10.987743891603252,9.889489467377198,10.987743891603252,7.127060733277861,9.513897764335372
4,1,0.5308401734282173,0.5654810666358059,0.7335305240748639,0.47812667386433816,64,1024,False,1.0273657364938653,1.028513424873393,-0.001147688379527839,0.9669705824059172,1.0112295742120125,0.22212599508111963,0.23605382178632045,0.8937199588125861,0.13479346606081422,0.8802971508432617,0.13478015053076978,1.0150773013740264,0.8672217866084445,0.899217153153502,0.9431541305215615,0.2190008979893997,0.06807544369045104,0.16038331449892254,0.28386867566331675,0.14689093235514927,0.26750206950126004,0.1804308872015099,0.26437819971033605,0.16689032060821773,0.24806198410806246,1.028513424873393,1.0273657364938653,0.8937199588125861,0.13479346606081422,0.9669705824059172,2.1033212344271304,2.447205619626956,2.262339912566748,2.397143771675956,2.44238212547634,3.2396718864483436,3.9913564265816848,4.797387642014727
4,2,0.6792223272346724,0.7273807825009404,0.8464105773797745,0.525231760019307,64,1024,False,1.0583964715451568,1.0613103924470404,-0.002913920901876352,1.0013672971003127,1.0419271168705297,0.22020892505808928,0.22977051780982755,0.8898161320559218,0.1714942603911181,0.8787889604014935,0.17104705088738853,1.049836011288883,0.8370726008175361,0.931727950705326,0.9674733758017371,0.21256131539245499,0.07445374106879266,0.15895017606079317,0.2814676740553854,0.14364999664078648,0.26312095499667437,0.17904055597318802,0.26205788360675797,0.1637382888875436,0.2438169577580993,1.0613103924470404,1.0583964715451568,0.8898161320559218,0.1714942603911181,1.0013672971003127,1.0704490185391844,1.0075315019289828,1.2259697265671865,1.2181820231071978,1.271893305709762,1.2927029986797196,0.9087326314824001,0.9029424982541607
4,3,0.8501029436734056,0.8672302287952023,0.9297613949511659,0.5333583679244402,64,1024,False,1.0451304117327511,1.0497875194839883,-0.004657107751236478,0.975815798462467,1.032269310709565,0.2067986666202645,0.21514705845409715,0.8122291113831042,0.23755840810088164,0.8045281152710851,0.23487826769324355,1.0394063829643334,0.7740265294278956,0.9507791312256338,1.0032535707112236,0.20801654897361652,0.029015739998341505,0.14664851080299068,0.2669488224375383,0.1390450536938634,0.2576648655052248,0.16677682307636132,0.24765793035476236,0.15918067054008134,0.23843860324996058,1.0497875194839883,1.0451304117327511,0.8122291113831042,0.23755840810088164,0.975815798462467,0.9041285750597499,0.893887543145076,1.2259697265671865,1.2532958689668718,1.0990184927495723,1.2222211870366777,0.9087326314824001,0.9375696566334346
4,4,0.9999999999999997,0.9999999999999999,1.0,0.5394893462794154,64,1024,False,1.047589829475726,1.0539216989478044,-0.006331869472081087,0.9862689214583785,1.0333869692752362,0.19388191302319974,0.201830380676289,0.753062537296045,0.30085916165175963,0.7453694662614522,0.301158749150214,1.0465282154116669,0.7122306453708469,0.9855595763653996,1.0326456234189163,0.20191017242701778,0.0007413458563199082,0.1352526674870828,0.25251115855931666,0.13532235294380773,0.2525931743932541,0.15534732121159323,0.23330672727024648,0.15541695434512803,0.23338820753997425,1.0539216989478044,1.047589829475726,0.753062537296045,0.30085916165175963,0.9862689214583785,0.9026063405427059,0.8645210545162288,0.7727615873287584,0.7615243592166732,0.7727615873287584,0.7615243592166732,0.9087326314824001,0.9347131357771025
4,5,0.8564107915479773,0.8752928964702178,0.9343192525418484,0.5339987473962077,64,1024,False,1.0904030561669489,1.09861318431309,-0.00821012814614006,1.0236764295634593,1.081035396257263,0.18155770819245895,0.187184896506637,0.6935503521863454,0.4050628321267448,0.6859141891253697,0.40948746781620243,1.0954016569415688,0.6261759645685454,0.9500980701634274,1.0000247907032833,0.20385541892758777,0.08101060555397965,0.12423330822263362,0.23888210816228428,0.1400614632567651,0.25792847645211203,0.14435243529442232,0.21979862056468846,0.16018116250052117,0.23872955674596597,1.09861318431309,1.0904030561669489,0.6935503521863454,0.4050628321267448,1.0236764295634593,0.9041285750597499,0.9031776975258939,1.2259697265671865,1.293364182605572,1.0532312546150147,1.101144021919479,0.9087326314824001,0.9464843547599187
4,6,0.7432209563587995,0.7700686391134786,0.8733517471373486,0.5578013405863892,64,1024,False,1.1523789859670173,1.1639616668119486,-0.011582680844923992,1.1034026231388607,1.1493230216438788,0.16859887340574686,0.1696778303319934,0.5848107988912778,0.5791508679206675,0.5747678120587789,0.5909506422770303,1.1657184543358117,0.49305885989963405,0.9211342356548671,0.9671333712047302,0.21078635929871517,0.1821896504391486,0.11300109858078204,0.22419664823071167,0.14649401316001626,0.2648333555741415,0.1328558856548625,0.20498647451313445,0.16657193235732848,0.24557978374650702,1.1639616668119486,1.1523789859670173,0.5848107988912778,0.5791508679206675,1.1034026231388607,1.0704490185391844,1.0891027758032445,1.2259697265671865,1.2500888432737614,1.2490148660816267,1.2928910186767415,0.7406201938983886,0.7003110350938919
4,7,0.6444034157254253,0.674118549073991,0.8126648955209037,0.5402499378385425,64,1024,False,1.424634492976374,1.4397220407693627,-0.015087547792983854,1.361221479283537,1.4241497788597992,0.15722790344027493,0.15892722534182596,0.5155569965315513,0.9241650442378145,0.4887785070203931,0.94454512293931,1.4333236299597043,0.34101056928373835,0.8911425112974743,0.9250102793012018,0.2211620507149992,0.4991394995585974,0.1030728848514237,0.21138292202912617,0.1577479639266794,0.27755396758663103,0.12304487064102432,0.1923990253417287,0.17783885198878124,0.25827102650509914,1.4397220407693627,1.424634492976374,0.5155569965315513,0.9241650442378145,1.361221479283537,1.3250368079765773,1.3177998737151853,1.2259697265671865,1.2425052972452035,1.271893305709762,1.2851429965717789,0.9087326314824001,0.8828867055562386
4,8,0.5433861930011624,0.5851930990112377,0.7511846509435784,0.5288747826186896,64,1024,False,1.7859048992975637,1.8050719668543025,-0.019167067556747637,1.7564758451156506,1.793731046836444,0.14138489666196224,0.1460437247818076,0.26832859052533,1.5367433763289764,0.24371859053091766,1.5556554691014748,1.799374059632395,0.1354463176937809,0.8695436136054533,0.895006117625438,0.2306269730613078,0.898724929211006,0.08922875537135815,0.19354103795256633,0.16746399881234675,0.28806472030076924,0.10912532539077802,0.17462840829830384,0.18756113280687714,0.2687638992429129,1.8050719668543025,1.7859048992975637,0.26832859052533,1.5367433763289764,1.7564758451156506,1.4621466514654742,1.5300105917140294,2.262339912566748,2.3729319599621657,2.44238212547634,2.6031274613343114,0.9087326314824001,0.8084385882229341
4,9,0.42351447875086723,0.5045663702682621,0.688554450355544,0.47215776299252504,64,1024,False,2.8891339216450462,2.910903811127011,-0.02176988948194774,2.9260637905197693,2.9442206026345143,0.15012523110542106,0.14786707360892445,0.04099225941923327,2.869911551707779,0.028811606258226874,2.9179390165649948,2.9467506228232274,0.009777415854288683,0.8493059574749492,0.8701342086593687,0.23897519420444194,2.0740863939751457,0.09712450568071938,0.20312595653012272,0.1718824571149019,0.29350646781228695,0.11721693728759419,0.18435172351746587,0.19200230541900964,0.27419958855898585,2.910903811127011,2.8891339216450462,0.04099225941923327,2.869911551707779,2.9260637905197693,2.866381132261099,2.2776895672943778,6.917600204005029,7.224641466580819,6.917600204005029,7.224641466580819,3.9913564265816848,4.266934405626691
4,10,0.3033644900879314,0.43519687634245924,0.6300825872189977,0.42562599498770337,64,1024,False,4.589116594028801,4.61772926900943,-0.028612674980644542,4.686261135077593,4.642357353964601,0.15886256562928774,0.15702018518721947,0.16564601300135387,4.452083256008091,0.1390716709225995,4.521137448302511,4.660209119225113,0.0298423670192989,0.8290391920757458,0.8537446133865826,0.24666539756035005,3.7886127405780186,0.1049162386404474,0.21280889261812808,0.17616081002547165,0.298820941174876,0.12511306926899124,0.1940553894310142,0.19622909939062083,0.2794297788932454,4.61772926900943,4.589116594028801,0.16564601300135387,4.452083256008091,4.686261135077593,16.025487919997296,6.400218904658848,9.889489467377198,9.708866212275021,9.889489467377198,9.708866212275021,7.127060733277861,7.362523504096165
4,11,0.12869931056836548,0.3767925346195764,0.5745736894716204,0.41097058516105767,64,1024,False,8.362423964115695,8.373252160418343,-0.010828196302651107,8.096499292960887,8.201575953088193,0.18512498888062556,0.18885611116992337,1.5942380093031807,6.779014151115151,1.478094913152168,6.7304453168186225,8.208540229970794,0.18006793799406487,0.813939733150602,0.8416088744554417,0.25895696426057613,7.359967078632751,0.1284693011227856,0.24178067663846553,0.18625265738841865,0.3108245163245338,0.14863916307513136,0.2228154107942828,0.2062617231058539,0.2913231309867115,8.373252160418343,8.362423964115695,1.5942380093031807,6.779014151115151,8.096499292960887,138.43641566805954,11.729570930303534,9.889489467377198,5.078018325393415,9.889489467377198,5.17534556492197,7.127060733277861,1.9073030852790533
5,0,0.3980047908645885,0.4059761450837767,0.6000784337661011,0.3765701197040571,64,1024,False,0.8635838632614453,0.8630401868935523,0.0005436763678991776,0.8112382773734998,0.8449168171014835,0.22514794534035715,0.23858116636490692,0.7877982102117592,0.07524197668179158,0.7798541816649356,0.07445027579652375,0.8543044574614606,0.9128527597552848,0.9441913840813542,0.9876100177112991,0.22857710998897418,-0.1426932006098156,0.1630111660515508,0.2872847246291635,0.15346889239861897,0.27626605420119377,0.1829815785458777,0.26768967960379086,0.17345285369083285,0.25673324615490856,0.8630401868935523,0.8635838632614453,0.7877982102117592,0.07524197668179158,0.8112382773734998,7.445513021145962,8.825845025261673,9.889489467377198,10.987743891603252,9.889489467377198,10.987743891603252,7.127060733277861,9.513897764335372
5,1,0.46621489521534853,0.5001308478177444,0.6824172399704882,0.48367882472957957,64,1024,False,1.0570089679603887,1.057753643113585,-0.0007446751531990438,0.9934694413500617,1.046180915157412,0.22871387079914837,0.24476938726717742,0.9585435197899805,0.09921012332360431,0.9512570814261567,0.10021136680791129,1.0514684482340653,0.9046938907427865,0.9600538681035673,1.019496547349699,0.2278908807185681,0.026684367807712883,0.1663360121150998,0.29109172948319695,0.15215314066052588,0.27410624738457673,0.18635182595608057,0.2715291507120128,0.1721263812869438,0.2545945381280035,1.057753643113585,1.0570089679603887,0.9585435197899805,0.09921012332360431,0.9934694413500617,2.3478187075723396,3.1725589609467373,6.917600204005029,7.373302570363103,6.917600204005029,7.373302570363103,3.9913564265816848,4.797387642014727
5,2,0.5912042819757068,0.6389497168461825,0.7875643294488424,0.5391153411643884,64,1024,False,1.1668850520405778,1.169317227532254,-0.002432175491674924,1.1059067901596427,1.1594663381734676,0.22885297028351018,0.24318582367470215,1.0455739905515182,0.12374323698073508,1.041501334621541,0.1260441639928878,1.1675454986144267,0.8920434671347134,0.9923988417434417,1.0508837466788015,0.2230541754726482,0.10858259149466609,0.16665003834806075,0.2910559022189596,0.1481279325328466,0.2689070075483255,0.18673520193988224,0.27157923829508945,0.16821073452592827,0.24955759666045196,1.169317227532254,1.1668850520405778,1.0455739905515182,0.12374323698073508,1.1059067901596427,1.4621466514654742,1.4895497177197692,2.262339912566748,2.282354748634098,2.44238212547634,2.562862213227429,0.9087326314824001,0.9029424982541607
5,3,0.7456409065725699,0.7622631005332752,0.8683072747066309,0.5526646183539035,64,1024,False,1.172958909708423,1.1771048113213716,-0.004145901612954119,1.0993553731654808,1.1713222709879165,0.22051144499631478,0.23335544455716298,1.000467342565326,0.17663746875605219,0.998055082369862,0.1803330798867079,1.1783881622565704,0.8469663174981518,1.0166161861174503,1.0928173010458644,0.2169988083278205,0.07850496994205214,0.15884832226574738,0.2821745677268822,0.14282310024239236,0.26283487908037784,0.17896983289392665,0.26276727190997917,0.16300213641807204,0.24360682208498474,1.1771048113213716,1.172958909708423,1.000467342565326,0.17663746875605219,1.0993553731654808,1.0704490185391844,1.0653714549532578,1.2259697265671865,1.2532958689668718,1.2490148660816267,1.2839273072683413,0.7406201938983886,0.6925208101533091
5,4,0.8564107915479773,0.8752928964702178,0.9343192525418484,0.556612826312157,64,1024,False,1.1513990177144877,1.1570678997515613,-0.005668882037079591,1.0827860796665698,1.1530281391208221,0.21250413674695662,0.22328150272550185,0.9301557451437661,0.22691215460779499,0.9277451033664136,0.23647276260922734,1.1642178659756381,0.796882723139577,1.048063091567536,1.1205974707914634,0.21033960255335085,0.0324306683293587,0.15200262408506332,0.2730056494088499,0.14216999427593519,0.26112321431523006,0.17213223356520757,0.2536957868360332,0.1623306712062913,0.24192066412069835,1.1570678997515613,1.1513990177144877,0.9301557451437661,0.22691215460779499,1.0827860796665698,0.9041285750597499,0.8645210545162288,1.2259697265671865,1.2632073574479177,1.0532312546150147,0.9997461140129631,0.7406201938983886,0.7605683429359849
5,5,0.9999999999999998,0.9999999999999998,0.9999999999999999,0.5674105127728942,64,1024,False,1.1518081550291102,1.1596028277582815,-0.007794672729164406,1.081829538242435,1.1566496752434277,0.1971064454200164,0.2037223055566133,0.8431391655012688,0.3164636622570095,0.8399326900815628,0.32655250906798394,1.1664851991495488,0.7200543056130791,1.0810158253649325,1.155793509391704,0.20381764067434627,0.0008561658517236559,0.13833852797673132,0.25587436286330145,0.13841598776513253,0.255967385611328,0.15853123494889587,0.23675963876303285,0.15860810530284652,0.23685152709367685,1.1596028277582815,1.1518081550291102,0.8431391655012688,0.3164636622570095,1.081829538242435,0.9026063405427059,0.8826926519094026,0.7727615873287584,0.756494853070144,0.7727615873287584,0.756494853070144,0.6609529368411546,0.6194374104786149
5,6,0.8750323477680526,0.8765743281338321,0.9350628488849109,0.5890798339486828,64,1024,False,1.187438586671178,1.1983821699229633,-0.010943583251785146,1.1237530225122019,1.2091058838927977,0.17756136250662968,0.17989926539025608,0.7287809222136884,0.4696012477092785,0.728510670868939,0.49046976345187104,1.2189804343208073,0.597639347078488,1.0327123519575263,1.1154495390725372,0.20898574960888988,0.09365634482026053,0.12112188675841931,0.23400083825484005,0.14449350557575769,0.2627092729700226,0.1411757040041266,0.2149192848301027,0.16460292356350692,0.24349157136748545,1.1983821699229633,1.187438586671178,0.7287809222136884,0.4696012477092785,1.1237530225122019,0.9041285750597499,0.926595296933264,1.2259697265671865,1.2500888432737614,0.9570195041356886,0.8446862522844336,0.5596399546881577,0.5335710701165985
5,7,0.760680733788201,0.7691513619876725,0.8729950821069888,0.5633460323703604,64,1024,False,1.3431731184304554,1.3572040874295477,-0.014030968999091054,1.2652078958610962,1.3753737945520177,0.15908145650062552,0.16546157636552547,0.5746240571544419,0.7825800302751027,0.5641317984948271,0.8113280777846413,1.3754598762794696,0.4101404978971595,0.9987457508410148,1.0677109737678048,0.22114886117284954,0.3076628207842129,0.10474306261418156,0.21341985038706948,0.155284674862691,0.2746644687608666,0.12476072552817641,0.19446262514247792,0.17545783897367073,0.2554728532122681,1.3572040874295477,1.3431731184304554,0.5746240571544419,0.7825800302751027,1.2652078958610962,1.0704490185391844,1.06779130706217,1.2259697265671865,1.2425052972452035,1.2490148660816267,1.2851429965717789,0.6847150339573912,0.6406084619228007
5,8,0.6329491093765125,0.6651482519481035,0.807098170398528,0.5424214822494822,64,1024,False,1.672956135012828,1.6904691108850405,-0.017512975872214676,1.6043540997236923,1.7238971263324097,0.1424892550192858,0.15412026233181117,0.3634368032619008,1.3270323076231347,0.35143001981896804,1.3655420423857991,1.7169720622047695,0.20468010374478404,0.9666358331850267,1.0324061442190111,0.23217869658758988,0.6914909821133985,0.08984976289242083,0.19512874714615078,0.1658781844089604,0.2861504872848053,0.10976302155177109,0.1761599151577684,0.18602033963543363,0.26690537458489416,1.6904691108850405,1.672956135012828,0.3634368032619008,1.3270323076231347,1.6043540997236923,1.3250368079765773,1.2691733496271544,1.2259697265671865,1.2427258067312816,1.271893305709762,1.2804953944390636,0.9087326314824001,0.7921703820547255
5,9,0.4733336213058899,0.5706254428691808,0.73939439852611,0.4825890123269712,64,1024,False,2.5424834355039625,2.5623582187398743,-0.01987478323591917,2.5289524633555973,2.625385832947795,0.14506093578368504,0.15067238218277446,0.1289787599353936,2.4333794588044952,0.11500359061990569,2.504508539739281,2.619512130359191,0.043902675344410884,0.944000125673967,0.996571474001932,0.24050364903381902,1.6288143589458628,0.09244711534871924,0.19767475621865083,0.1727537512600938,0.29465458674419165,0.11254462178476388,0.17889906116761267,0.19288874973426573,0.2753583617231925,2.5623582187398743,2.5424834355039625,0.1289787599353936,2.4333794588044952,2.5289524633555973,2.3478187075723396,2.2776895672943778,2.262339912566748,2.249644076814898,2.44238212547634,2.437289752659913,3.9913564265816848,4.266934405626691
5,10,0.32613674588208913,0.4889937230566873,0.6749019155679384,0.43434851056814017,64,1024,False,4.5161485912389425,4.54228629717619,-0.02613770593726698,4.5328569053078205,4.606781332930765,0.15973790448103264,0.1680986677522123,0.6048362248856487,3.937450072290556,0.5699156530267468,4.038776304681661,4.6086919577084196,0.12366104271159101,0.9158331506989166,0.9700533395139371,0.24958379830662383,3.6367279934168284,0.10539948667303728,0.214076322289028,0.17692168635294728,0.29975812950437897,0.12554653519327985,0.19524902365083108,0.19698361545306398,0.2803573509081616,4.54228629717619,4.5161485912389425,0.6048362248856487,3.937450072290556,4.5328569053078205,16.025487919997296,6.400218904658848,6.917600204005029,7.101041996212507,6.917600204005029,7.101041996212507,7.127060733277861,7.362523504096165
5,11,0.14992805803151693,0.4208230099305855,0.6137688342668277,0.4129430868205003,64,1024,False,46.50714047808386,46.5168341573879,-0.009693679304356497,46.22443800583381,45.96244679668616,0.2862308753100076,0.2907971269435679,38.85057156971133,7.666262587677156,38.429525639587126,7.595993453893502,46.02551909348077,0.8349612648916421,0.902531763951141,0.9530012006887945,0.26065050853437777,45.00944559599736,0.2211607048786447,0.35130104574137055,0.18675363956088561,0.3113634635217266,0.2410793036033283,0.33151352949789725,0.2067358516724198,0.29183762827597093,46.5168341573879,46.50714047808386,38.85057156971133,7.666262587677156,46.22443800583381,138.43641566805954,11.729570930303534,9.889489467377198,3.113629512322546,9.889489467377198,3.113629512322546,7.127060733277861,1.9073030852790533
6,0,0.3695239005453496,0.36686479430869867,0.5636096878571546,0.4276749930071294,64,1024,False,0.551395288184095,0.5507207063770905,0.0006745818070048126,0.5125211881026692,0.5483288036694204,0.2155234345264409,0.23129342157934252,0.4997094067496065,0.051011299627484394,0.4996257057052045,0.05069634278101357,0.5503220484862189,0.9078787722198923,0.6747329368928832,0.7206359453554446,0.21870207746316672,-0.17230714168602423,0.15419907882683048,0.2768477902260513,0.1450097384191732,0.2657088903519703,0.1741386053035967,0.25727797055151314,0.16499113846657565,0.2462424580444349,0.5507207063770905,0.551395288184095,0.4997094067496065,0.051011299627484394,0.5125211881026692,7.445513021145962,8.825845025261673,9.889489467377198,10.987743891603252,9.889489467377198,10.987743891603252,7.127060733277861,9.513897764335372
6,1,0.4257660431183122,0.4483169673692872,0.639399765164041,0.4709470597268946,64,1024,False,0.6831217640776064,0.6829740694052525,0.0001476946723531826,0.6377606573226904,0.6851782562601062,0.22302093718346078,0.23930456698210817,0.6164968223737837,0.06647724703146045,0.6153113516729933,0.06813826592522294,0.6834496175982168,0.9003024302439799,0.6867009495117944,0.7426330518065077,0.21589731569895373,-0.05745479554640154,0.16116590978641654,0.284875964580505,0.1411461463184978,0.26050537598351686,0.18116067269147607,0.26532722498086514,0.16112071445968468,0.24108350210008211,0.6829740694052525,0.6831217640776064,0.6164968223737837,0.06647724703146045,0.6377606573226904,2.866381132261099,3.1725589609467373,9.889489467377198,11.016658935500272,9.889489467377198,11.016658935500272,3.9913564265816848,4.797387642014727
6,2,0.535281674976883,0.5650406072548376,0.7342350020815641,0.5369732982026901,64,1024,False,0.7652686099624545,0.7665201986844163,-0.001251588721958706,0.7231462052955541,0.7726568854268574,0.22456272160624208,0.23904185007019566,0.687309678412042,0.0792105202723769,0.6909976304580816,0.08167729934810403,0.772674929806187,0.8942928051663422,0.7157668831364995,0.7732951174748138,0.21093463931477174,-0.000638232047956433,0.16280112311539274,0.2863243200970914,0.13573566771317214,0.2536850471992223,0.1828655463832547,0.26685942902986426,0.15582173723669257,0.23443808919546427,0.7665201986844163,0.7652686099624545,0.687309678412042,0.0792105202723769,0.7231462052955541,1.9461468730937805,2.4585966699154227,2.262339912566748,3.169147540892007,2.44238212547634,2.562862213227429,0.9087326314824001,0.9029424982541607
6,3,0.6573429466480906,0.6701070775388744,0.809223456502863,0.5584231479004825,64,1024,False,0.8235099872742278,0.8262905297941764,-0.002780542519947391,0.7666800845919323,0.833477713465281,0.21682681561942024,0.23122286591013688,0.7082618856019475,0.11802864419222799,0.7122290927048245,0.12091496573282408,0.8331440584376478,0.8548690775523635,0.7353601887397325,0.8086909523883535,0.20297183372579128,0.024786761076927455,0.15557853432130728,0.2780750969175332,0.12959740182611335,0.2463478961021489,0.1756708066095598,0.2586711325420765,0.14981803538830718,0.22726698475162266,0.8262905297941764,0.8235099872742278,0.7082618856019475,0.11802864419222799,0.7666800845919323,1.2314628465805375,1.3780666366326582,1.2259697265671865,1.2532958689668718,1.271893305709762,1.2839273072683413,0.7406201938983886,0.6922598660089887
6,4,0.7432209563587995,0.7700686391134786,0.8733517471373486,0.5755066353130546,64,1024,False,0.8356996825543791,0.8399411905478453,-0.0042415079934661785,0.7817717641929127,0.8465104275214118,0.2089368167515055,0.2229985523366513,0.6910287788755466,0.14891241167230537,0.6959823988180237,0.15347519202602813,0.8494575908440555,0.8193256571248806,0.769297026995028,0.8351794688032408,0.19477706270984238,0.011330958718171025,0.14873500216158148,0.2691386313414295,0.12474155168648018,0.24003233302982066,0.16887715987104457,0.24985939506586874,0.14499329874524847,0.22103744206833653,0.8399411905478453,0.8356996825543791,0.6910287788755466,0.14891241167230537,0.7817717641929127,1.0704490185391844,1.063570325829069,1.2259697265671865,1.2632073574479177,1.2490148660816267,1.273606608286296,0.6609529368411546,0.6638850289026318
6,5,0.8750323477680526,0.8765743281338321,0.9350628488849109,0.5827353556976993,64,1024,False,0.8501555744675046,0.8560843350094213,-0.00592876054191893,0.7902859857591754,0.861351340016595,0.19555760552342746,0.20225571385993596,0.6452984392758332,0.2107858957335917,0.6492328797956167,0.21489702705569608,0.864129906851312,0.7513139802801989,0.793405507476498,0.8608349080231072,0.18612321433088835,0.0005164319934877204,0.13685455341913666,0.25426065762771827,0.12363220389587291,0.23809955548123923,0.15702816014527343,0.23512598064553458,0.14377126689942088,0.21903824254695792,0.8560843350094213,0.8501555744675046,0.6452984392758332,0.2107858957335917,0.7902859857591754,0.9041285750597499,0.9031776975258939,1.2259697265671865,1.293364182605572,0.9570195041356886,1.101144021919479,0.5596399546881577,0.5389080408432465
6,6,0.9999999999999999,0.9999999999999999,1.0,0.624117492983861,64,1024,False,0.8863580149496949,0.8953886193791899,-0.009030604429494328,0.8258304764974773,0.8995515018330119,0.17379867016978823,0.17855855002046592,0.583987082250219,0.31140153712897145,0.5851150291719154,0.31752781840429495,0.9026428475762107,0.6482243012760524,0.8250959701873456,0.8987651913897865,0.17864413137377508,0.0007863104432254131,0.11753641154646802,0.23006092879310844,0.11760477237812361,0.23014350023856933,0.13764549830375472,0.21106514737766702,0.13771333581098588,0.21114665752247674,0.8953886193791899,0.8863580149496949,0.583987082250219,0.31140153712897145,0.8258304764974773,0.9026063405427059,0.926595296933264,0.7727615873287584,0.789934567621182,0.7727615873287584,0.783513864610093,0.5435734193676275,0.47273483082633033
6,7,0.8876133171335442,0.8838744596358156,0.9391621749386241,0.6074200598502201,64,1024,False,0.9697402540721349,0.9817691383768592,-0.01202888430472719,0.8990865188096917,0.9930975760244245,0.14652799879904765,0.16026457278528777,0.45586875701907215,0.5259003813577868,0.4551397057895352,0.535286928498145,0.9904266342876777,0.4595390410889698,0.7829811401372971,0.8515212017584477,0.18895125290808584,0.1415763742659768,0.09299563167442053,0.20006036592367477,0.12155972635230482,0.23488496890997712,0.11309591839381028,0.1812569468820584,0.14167116006137803,0.21586524484155234,0.9817691383768592,0.9697402540721349,0.45586875701907215,0.5259003813577868,0.8990865188096917,0.9026063405427059,0.9656339084218886,0.7727615873287584,0.8047440215881434,0.7727615873287584,0.8047440215881433,0.5596399546881577,0.5477152202809078
6,8,0.7599341747021985,0.770189130262932,0.8738304940633472,0.5769710418740503,64,1024,False,1.2155583202572176,1.2304493573268371,-0.014891037069621796,1.133642099401904,1.234279504462084,0.13277229914119418,0.1461988328765963,0.3193412787074093,0.9111080786194353,0.3164616300771394,0.9137317114974137,1.2301933415745514,0.2572454421449666,0.7426111526092958,0.807595707200739,0.19910830345810726,0.426683797261345,0.08109897167038263,0.18444562661200573,0.12870842963857965,0.24262462300478732,0.10106969432672486,0.16563290920021245,0.14886435372318374,0.2236227157554822,1.2304493573268371,1.2155583202572176,0.3193412787074093,0.9111080786194353,1.133642099401904,1.0704490185391844,1.0671230669148306,1.2259697265671865,1.2427258067312816,1.2490148660816267,1.2804953944390636,0.6609529368411546,0.55696696846138
6,9,0.5591993934102232,0.6628596399663833,0.8044886430275875,0.5304717183449511,64,1024,False,1.8035880146506988,1.8214009671004145,-0.017812952449732335,1.759240387618971,1.8503059284453443,0.13490270449791766,0.14526600918087487,0.10396798678872989,1.7174329803116846,0.09718272953364837,1.745808917487578,1.8429916470212278,0.05273096581350323,0.7144962263957785,0.7667201330240778,0.20430168144655617,1.0835857954212664,0.08287342001843145,0.18693198897740387,0.13525121081611058,0.2502039820390941,0.10289166542497696,0.16813353561155964,0.1554447579474072,0.23120948961150134,1.8214009671004145,1.8035880146506988,0.10396798678872989,1.7174329803116846,1.759240387618971,1.4621466514654742,1.4392932871459745,1.2259697265671865,1.2343261067331057,1.271893305709762,1.2992440337865112,0.9087326314824001,0.9130735612816527
6,10,0.366946945205857,0.5661800904912053,0.734807530573478,0.4826696610653906,64,1024,False,3.100003450229511,3.123850558796666,-0.02384710856715501,3.0918311971127186,3.1515021955136358,0.14357290793622285,0.157148378222697,0.32538194844977947,2.798468610346875,0.3085920885944553,2.844580117026295,3.1531722056207547,0.09786718532034751,0.6827643509849114,0.731319452990877,0.21249834173819818,2.420182742522759,0.0901900711383277,0.196955744734118,0.1398169725826653,0.25591742965947323,0.11038348209694959,0.17823580750700785,0.15998435381334275,0.23685743105306756,3.123850558796666,3.100003450229511,0.32538194844977947,2.798468610346875,3.0918311971127186,7.445513021145962,6.400218904658848,2.262339912566748,2.231834498736356,2.44238212547634,2.4041792389094936,3.9913564265816848,4.324416203413361
6,11,0.18903205291931285,0.48358662517359474,0.6652752580289172,0.46212581186779683,64,1024,False,118.42169813468725,118.43062007776649,-0.008921943078788996,119.2237150744517,117.82722404489179,0.2879149358223648,0.2959758401682958,108.99756945471246,9.433050623054864,108.6231463122331,9.349930248739343,117.97307656097294,0.9207452198306667,0.6689601978679255,0.7117417321923605,0.2229901737718036,117.11548231269943,0.22242557706424948,0.35340429458048017,0.1488756293172835,0.2668014490261529,0.24234929656086024,0.3335993572618463,0.16898219785798574,0.2476308781915577,118.43062007776649,118.42169813468725,108.99756945471246,9.433050623054864,119.2237150744517,138.43641566805954,11.729570930303534,9.889489467377198,2.2799551710477908,9.889489467377198,2.27995517104779,7.127060733277861,1.2759226020015024
7,0,0.34016768598979635,0.3322923277414491,0.5299745369507833,0.3999082307040835,64,1024,False,0.10663505496596129,0.10552553802877745,0.0011095169371846052,0.08920970628413287,0.10889251989621863,0.07723515806731972,0.09485365845686636,0.06331838482362152,0.042207153205155494,0.06384927839280015,0.042322941812300535,0.10617222020510102,0.6013746182330708,0.26589660662526676,0.2956601184872246,0.1318877357849777,-0.186767598591006,0.031961278923350836,0.1225090372112886,0.06543167439181544,0.16755893133941527,0.051690771513676737,0.1038790958627942,0.08541178018640494,0.14877867009636248,0.10552553802877745,0.10663505496596129,0.06331838482362152,0.042207153205155494,0.08920970628413287,16.025487919997296,18.82530378307778,14.949471269068232,17.145875231447473,14.949471269068232,17.145875231447473,7.127060733277861,9.513897764335372
7,1,0.39347699336776715,0.4023251348845439,0.5978798808823873,0.43755708911345315,64,1024,False,0.16963378966269724,0.16880794284327083,0.0008258468194260622,0.14553131499583105,0.1776648999429066,0.10779067602362254,0.12713811255564555,0.11363693065376382,0.05517101218950812,0.1139790883873962,0.05717121294682307,0.17115030133421866,0.6659590284028789,0.28596173691853044,0.32111965995117125,0.12838749465073385,-0.14345476000826465,0.0581053850045265,0.15747596704271857,0.0630584478517714,0.16378678455754644,0.07801722394651733,0.13871790091798175,0.08300667661387706,0.14503404686547583,0.16880794284327083,0.16963378966269724,0.11363693065376382,0.05517101218950812,0.14553131499583105,7.445513021145962,8.88766693581285,9.889489467377198,11.016658935500272,9.889489467377198,11.016658935500272,7.127060733277861,7.904419016349284
7,2,0.485133892030561,0.49975622265846686,0.6826832965635975,0.5053311496554219,64,1024,False,0.24704391753645127,0.24733723835310537,-0.00029332081665383865,0.22234009959105586,0.2581514262241822,0.13975822896594614,0.15531240715981212,0.18271609659777208,0.06462114175533401,0.18527416427813592,0.0665586774830469,0.2518328417611831,0.7357029487592973,0.3158092055466725,0.3540102608982034,0.12872610580781224,-0.09585883467402123,0.08659449926445638,0.1929219586674359,0.0646556508153396,0.1648038833496831,0.10668530233670026,0.17408277310460107,0.08463986103015486,0.14610050806368235,0.24733723835310537,0.24704391753645127,0.18271609659777208,0.06462114175533401,0.22234009959105586,2.3478187075723396,2.6472758389584214,6.917600204005029,7.4326202120368725,6.917600204005029,7.4326202120368725,3.9913564265816848,4.4686790058124775
7,3,0.5777315721379428,0.5875875426013624,0.75162712693916,0.5331142994576744,64,1024,False,0.33031473871049144,0.3319741843328899,-0.0016594456224000135,0.293745986632679,0.3436524405339085,0.1500503575178102,0.16535297322468537,0.24158045133348163,0.09039373299940841,0.24442060599295995,0.0941389852197754,0.3385595912127352,0.7219426427041534,0.3416216539763004,0.3909436676137958,0.12770578343453737,-0.04729122707988731,0.09539865637015238,0.20470205866546803,0.06643239936372505,0.1671163558093302,0.11556047043268336,0.18583622603910044,0.08646576431056019,0.14843850610486697,0.3319741843328899,0.33031473871049144,0.24158045133348163,0.09039373299940841,0.293745986632679,1.4621466514654742,1.4706526559624749,2.262339912566748,2.3474628413750755,2.44238212547634,2.56877248658479,0.9087326314824001,0.9375696566334346
7,4,0.6444034157254253,0.674118549073991,0.8126648955209037,0.5432773041947402,64,1024,False,0.36709233628088084,0.3698673221672282,-0.002774985886346659,0.3312850412081183,0.37827065512007074,0.14565088718269747,0.15762233966319655,0.252967731106093,0.11689959106113298,0.2542053299971239,0.12239208140616095,0.3765974114032842,0.6750055159696913,0.3828532463384486,0.4255285875947502,0.12545968359143386,-0.047257932474679465,0.0917681015624425,0.19953367280295245,0.062209307933323854,0.162678368657928,0.11188871028571157,0.180680195466266,0.08224263614101801,0.14402824086573673,0.3698673221672282,0.36709233628088084,0.252967731106093,0.11689959106113298,0.3312850412081183,1.3250368079765773,1.5237871613302691,1.2259697265671865,1.2632073574479177,1.271893305709762,1.3326898747550844,0.7406201938983886,0.7938953424511278
7,5,0.760680733788201,0.7691513619876725,0.8729950821069888,0.5507212933063433,64,1024,False,0.4097444516636649,0.41385996642248507,-0.004115514758818185,0.3708579955557712,0.4223663091587603,0.1398251375759141,0.14724317968563824,0.24570458604806666,0.16815538037441835,0.24627508628892295,0.1746568628891118,0.4209319491780336,0.5850710234037394,0.41259156322261104,0.4577204911526894,0.12554406825752928,-0.035354181993929146,0.08688784060754193,0.1927624345442863,0.06625836843158045,0.16660141875819154,0.10695923407183727,0.17394157876697136,0.08622347569325939,0.14789975802705158,0.41385996642248507,0.4097444516636649,0.24570458604806666,0.16815538037441835,0.3708579955557712,1.0704490185391844,1.0933706123383862,1.2259697265671865,1.293364182605572,1.2490148660816267,1.2917771096077666,0.7406201938983886,0.7835829823545228
7,6,0.8876133171335442,0.8838744596358156,0.9391621749386241,0.6086370762527559,64,1024,False,0.44763656573754457,0.45469104273148264,-0.007054476993939392,0.4105790528964173,0.46013231942679433,0.1276912367784856,0.13156226217922148,0.21968859156994622,0.23500245116153878,0.21856374883429086,0.24264868110190582,0.4612124299361953,0.47388954557128316,0.45957882274320516,0.5086102877515644,0.12200968918319569,-0.04847796832477003,0.07661844234298873,0.17876403121398246,0.06912630682068392,0.1690450712095798,0.09668412926839665,0.16012026678799884,0.08913719916745322,0.1504227626573993,0.45469104273148264,0.44763656573754457,0.21968859156994622,0.23500245116153878,0.4105790528964173,0.9026063405427059,0.926595296933264,0.7727615873287584,0.789934567621182,0.7727615873287584,0.8446862522844336,0.5435734193676275,0.48581089099706126
7,7,1.0,0.9999999999999998,1.0,0.6078885041451095,64,1024,False,0.5254704458620051,0.5354806094401287,-0.01001016357811983,0.48666284563947554,0.5405424134918633,0.11671405514499222,0.1254016762700198,0.1532570694688132,0.3822235399713169,0.1487879832816832,0.38822396346251653,0.5370119467441994,0.2770664306143583,0.4857470039933267,0.5395795219221918,0.12537699621222365,0.0009628915696714424,0.0669860515274648,0.16644205876251966,0.06695729907875325,0.1664052079390131,0.08700494434742723,0.1478537962611881,0.08697613172989804,0.14781715528806672,0.5354806094401287,0.5254704458620051,0.1532570694688132,0.3822235399713169,0.48666284563947554,0.9026063405427059,0.9461602715977746,0.7727615873287584,0.8047440215881434,0.7727615873287584,0.8047440215881433,0.5435734193676275,0.5477152202809078
7,8,0.8777113562732741,0.883865312495351,0.9392375090175255,0.5858477049312586,64,1024,False,0.7068329784763426,0.719694285572289,-0.012861307095949487,0.6735878212636901,0.7266030454173363,0.10707729087169916,0.12128501869973589,0.07732192350809376,0.6423723620641985,0.07266717132847325,0.6472872366848642,0.7199544080133372,0.10093301814623667,0.43619245133554524,0.4870663682141457,0.12753116481608467,0.23953667720319066,0.05823896948177401,0.15591561226162431,0.06403199553909843,0.16265551478930335,0.07815146464417921,0.13725919060379965,0.08410415590333287,0.14413707893982064,0.719694285572289,0.7068329784763426,0.07732192350809376,0.6423723620641985,0.6735878212636901,0.9026063405427059,0.9280528426848187,0.7727615873287584,0.8187551779252615,0.7727615873287584,0.8187551779252615,0.5596399546881577,0.55696696846138
7,9,0.661841404931025,0.7689800851045785,0.8722513780781158,0.549399714517889,64,1024,False,1.184928354544647,1.2009032949729912,-0.01597494042833927,1.1698579993958635,1.2302507095256867,0.11500081901080744,0.12867575960376812,0.0022508448564795658,1.198652450116506,0.0008889142329854247,1.2201969265462005,1.221085840779185,0.000727970305853519,0.3895803004365975,0.43829021430076415,0.12757711981565625,0.7919604952249226,0.06496198634609475,0.16503965167552015,0.05971074268301488,0.15773481386142568,0.0848760955632315,0.14630278984986944,0.07983317648177035,0.13925558757182444,1.2009032949729912,1.184928354544647,0.0022508448564795658,1.198652450116506,1.1698579993958635,1.0704490185391844,1.107355568759572,1.2259697265671865,1.2343261067331057,1.2490148660816267,1.2531810169598245,0.7406201938983886,0.6934017624948373
7,10,0.4248997126794618,0.6605695823623139,0.8012375674212581,0.5178677419496647,64,1024,False,2.0350265525307294,2.05754823560704,-0.02252168307630905,2.042956904628604,2.115654064920096,0.1188239375519327,0.135024814748649,0.05633948021615921,2.0012087553908797,0.0689647250392474,2.0411526456149622,2.1101173706542125,0.03268288579505217,0.34981610354910836,0.4013338892293966,0.12774229642331045,1.7143201756906996,0.06766798352880248,0.16997989157506294,0.05462785202575031,0.1520653398339497,0.08775869885721477,0.15135262244439218,0.07486267604690511,0.13370926069183042,2.05754823560704,2.0350265525307294,0.05633948021615921,2.0012087553908797,2.042956904628604,2.866381132261099,2.957872713109154,2.262339912566748,2.231834498736356,1.271893305709762,1.26189389869751,0.9087326314824001,0.8653166140361305
7,11,0.2217086227609652,0.5620899911599349,0.7247268281192523,0.5140486734874545,64,1024,False,67.65395468621486,67.66279462527497,-0.008839939060411896,67.45624972913402,66.77926307116823,0.28778104114729597,0.29647413500865644,59.4127560925126,8.250038532762165,58.94568633875368,7.972007792835529,66.91769413158904,0.880868462425514,0.3237105864308306,0.36932048106055354,0.12600211834378935,66.40994259010768,0.22226759710544325,0.3532944851891487,0.05518658920481183,0.15224954346701858,0.24216808341589058,0.33346540229103994,0.07547364661877509,0.1339796359243337,67.66279462527497,67.65395468621486,59.4127560925126,8.250038532762165,67.45624972913402,34.03419358667433,11.729570930303534,6.917600204005029,1.7422147318512926,6.917600204005029,1.7422147318512926,3.9913564265816848,0.9293538590487708
8,0,0.35020656196507577,0.30131068290227225,0.49835052347830877,0.42714773920304266,64,1024,False,0.14587578293866238,0.14426759531230654,0.0016081876263559576,0.1302382075830722,0.14554850160681423,0.12172748909221537,0.1361382833096754,0.1181273761637268,0.02614021914857886,0.1188137729322103,0.02600778872882871,0.14482156166103874,0.8204149407689663,0.22673379698641025,0.2342279503379322,0.12043098682913961,-0.08867944873111797,0.07051236965282678,0.17294260853160395,0.061569110946562436,0.16145455472342896,0.09034981621516636,0.15396355627308367,0.08147099689813331,0.14266810825938592,0.14426759531230654,0.14587578293866238,0.1181273761637268,0.02614021914857886,0.1302382075830722,16.025487919997296,18.82530378307778,14.949471269068232,29.254138156682792,14.949471269068232,29.254138156682792,7.127060733277861,9.513897764335372
8,1,0.38626681469190594,0.3616212691680898,0.5595463988875876,0.4231126246182033,64,1024,False,0.20107993988476025,0.19926427723494927,0.0018156626498104283,0.1823739458132248,0.204432129405829,0.1476279214998644,0.16320096117412036,0.16435600746884083,0.03490826976610813,0.1645822361228345,0.03609049506798,0.20067273119081516,0.8201524698756254,0.24829024633134764,0.25655265755973655,0.12100500778619486,-0.05212052815390755,0.09341903943022774,0.20183680356950107,0.06452416869812355,0.1641040444627849,0.11336180256330408,0.18276731856167316,0.0843324322195258,0.14524259741301648,0.19926427723494927,0.20107993988476025,0.16435600746884083,0.03490826976610813,0.1823739458132248,7.445513021145962,8.88766693581285,9.889489467377198,11.540224716423223,9.889489467377198,11.540224716423223,7.127060733277861,7.904419016349284
8,2,0.443218565697116,0.44117789402985086,0.6332220501235339,0.492669876845857,64,1024,False,0.2751717479169868,0.2739826529028461,0.0011890950141410779,0.2591034278847699,0.280558842423415,0.1748232818008123,0.18634381992400426,0.23366803457716945,0.04031461832567664,0.23459297753452213,0.04214532162413089,0.2767382991586535,0.8477069427966327,0.27698964005788657,0.28799225782544774,0.1247667168878576,-0.007433415402032739,0.1180822411542629,0.2315643224473617,0.0652545504686637,0.16453633850267824,0.13813948723691283,0.2124290609790478,0.08496907566586742,0.14557342993066413,0.2739826529028461,0.2751717479169868,0.23366803457716945,0.04031461832567664,0.2591034278847699,2.866381132261099,3.15607865496958,9.889489467377198,10.622547211877132,9.889489467377198,10.62254721187713,3.9913564265816848,4.4686790058124775
8,3,0.5015193888699073,0.5125043364312479,0.6947698762982094,0.5138830060733907,64,1024,False,0.3318860129726518,0.33158981758780237,0.000296195384849407,0.30935687973721016,0.33881321573715323,0.17839269463407223,0.18877234917787483,0.277186188049108,0.05440362953869707,0.27878313075065086,0.05806159740338152,0.33684472815403355,0.8276309748958515,0.3002808646888277,0.31873141498556773,0.1255240397611034,0.0200818007515855,0.12118493226549812,0.23560045700264634,0.06750318015345726,0.16760930527124335,0.141253772075288,0.21644747995014768,0.08726618445507484,0.1486613648594357,0.33158981758780237,0.3318860129726518,0.277186188049108,0.05440362953869707,0.30935687973721016,2.3478187075723396,2.377571804539232,6.917600204005029,7.568028905221106,6.917600204005029,7.568028905221106,3.9913564265816848,4.27758768069403
8,4,0.5433861930011624,0.5851930990112377,0.7511846509435784,0.5230484816912048,64,1024,False,0.3598722767814351,0.3602644541208455,-0.0003921773394098306,0.33756675990707563,0.3655883378514177,0.17293820704057994,0.18216925445237142,0.2875794819162364,0.07268497220461007,0.2871996547466562,0.0771517719821121,0.36435142672876797,0.7882490191549452,0.32822118833332364,0.34908863352244973,0.12818332902187676,0.016499704328967968,0.11658669407865911,0.22928972000250075,0.062029678423033904,0.16197671711860273,0.13659918036137242,0.21014745673164725,0.0817675812941161,0.14301179113681428,0.3602644541208455,0.3598722767814351,0.2875794819162364,0.07268497220461007,0.33756675990707563,1.4621466514654742,1.5486527969699666,2.262339912566748,2.3097119715056516,2.44238212547634,2.5241024757636685,0.9087326314824001,0.9347131357771025
8,5,0.6329491093765125,0.6651482519481035,0.807098170398528,0.5204208933102034,64,1024,False,0.3836197855132705,0.3846418840786377,-0.0010220985653699127,0.35799798904946134,0.3906369644352273,0.16413982197998817,0.1727805542149654,0.2814099373799155,0.10323194669872125,0.280921118428692,0.10782966281663048,0.3887507812453221,0.722625218986804,0.34140200162191314,0.37078565031009725,0.1271193587230441,0.019851314125130026,0.10875876850588695,0.21952087545408938,0.06274262876134463,0.16249758470564113,0.1287187955385889,0.20040104223880917,0.0824499163281871,0.14352206554758595,0.3846418840786377,0.3836197855132705,0.2814099373799155,0.10323194669872125,0.35799798904946134,1.3250368079765773,1.450174036125022,1.2259697265671865,1.2952181261070335,1.271893305709762,1.3421929454528618,0.9087326314824001,0.9464843547599187
8,6,0.7599341747021985,0.770189130262932,0.8738304940633472,0.5777503031413613,64,1024,False,0.4069321265684587,0.4098256313823352,-0.0028935048138773282,0.37930509197511303,0.41532558153735233,0.15261247117486548,0.15839559025667194,0.26753237356725196,0.1422932578150836,0.2639484091802365,0.14868733159819653,0.4126357407784332,0.6396644378945471,0.37607023947708423,0.41282877512523136,0.12519779708323994,0.0024968064121209665,0.0988473031620365,0.20637763918769447,0.06454267812949753,0.16391626589771402,0.11870292247476755,0.1873002420179546,0.0843496857851278,0.14506601419998333,0.4098256313823352,0.4069321265684587,0.26753237356725196,0.1422932578150836,0.37930509197511303,1.0704490185391844,1.0891027758032445,1.2259697265671865,1.2500888432737614,1.2490148660816267,1.2928910186767415,0.5596399546881577,0.6207855022079798
8,7,0.8777113562732741,0.883865312495351,0.9392375090175255,0.584454509451483,64,1024,False,0.4168600181391711,0.4217228068272778,-0.004862788688108502,0.38883401512756266,0.43190040311205297,0.1299281573068677,0.14299913920719826,0.204183706243656,0.21753910058362147,0.19802418826750215,0.2259226714203007,0.4239468596878032,0.4670967215403559,0.4019343468110983,0.4487021996825742,0.12723247597415657,-0.01680179657052122,0.07856980552400729,0.1812865090897281,0.06170535942335656,0.16047971529967175,0.0984089290650445,0.16236821761413012,0.08136181737791048,0.14149887156236218,0.4217228068272778,0.4168600181391711,0.204183706243656,0.21753910058362147,0.38883401512756266,0.9026063405427059,0.9656339084218886,0.7727615873287584,0.8047440215881434,0.7727615873287584,0.8047440215881433,0.5596399546881577,0.5544659383601476
8,8,1.0000000000000007,0.9999999999999998,1.0,0.5585989536082864,64,1024,False,0.45621792647071174,0.4629822107900927,-0.006764284319383004,0.4304144398307323,0.4747144534105611,0.11176391280531603,0.13076290136655708,0.12565003170378627,0.3373321790863084,0.1167229769161789,0.3490492058750645,0.46577218279124305,0.2506010045870292,0.4296898680699187,0.47397959100004156,0.13073219990463675,0.0007348624105195656,0.06229911835702112,0.16122870725361094,0.06227224395302282,0.16119270870054347,0.08209178975812392,0.14241763036261545,0.08206407267425675,0.14238103372917976,0.4629822107900927,0.45621792647071174,0.12565003170378627,0.3373321790863084,0.4304144398307323,0.8118968782310635,0.8605966147110169,0.7727615873287584,0.8187551779252615,0.7727615873287584,0.8187551779252615,0.6847150339573912,0.7687814451476912
8,9,0.8309040484611747,0.8934324698109453,0.944098557474164,0.5212228398579271,64,1024,False,0.6052621323008124,0.6141741792678311,-0.008912046967019924,0.5820986367261486,0.6373578110047448,0.1045856136227817,0.1210736048573349,0.012127811746736532,0.602046367521095,0.007887095526587336,0.6177980169689906,0.6256851124955805,0.01260553490737411,0.39606561432474763,0.43448276997512736,0.12897097212543301,0.2028750410296174,0.05589740695255638,0.153273820293007,0.060388762951988015,0.15916501162709973,0.07566891159513034,0.13450956145243254,0.08023340109502897,0.14040832940372638,0.6141741792678311,0.6052621323008124,0.012127811746736532,0.602046367521095,0.5820986367261486,0.9041285750597499,0.9571656171614072,0.7727615873287584,0.8355333812668877,0.7727615873287584,0.8355333812668877,0.9087326314824001,0.9130735612816527
8,10,0.539513630074174,0.7769571850740762,0.875611543773994,0.48210893695346957,64,1024,False,1.2731883031316364,1.2858836055207217,-0.012695302389078122,1.2574587084401732,1.3333968020394003,0.12438736703830515,0.14042251201178388,0.23007089017080284,1.0558127153499086,0.2595161391268705,1.061624503286289,1.3211406424131562,0.19643339308133465,0.3574229853927437,0.3940933346821044,0.12827821944847478,0.9393034673572959,0.07299369626845913,0.17578103780815119,0.054265587641825416,0.15211656560143877,0.09278389730025083,0.1568158893933287,0.07418524708918994,0.13346497075690422,1.2858836055207217,1.2731883031316364,0.23007089017080284,1.0558127153499086,1.2574587084401732,1.4621466514654742,1.570409773599904,1.2259697265671865,1.2489364936732028,1.2490148660816267,1.26189389869751,3.9913564265816848,4.324416203413361
8,11,0.2760498852022338,0.6623177630798249,0.7948858809217094,0.46350163218826496,64,1024,False,17.086815829968387,17.09157901588963,-0.004763185921156591,16.63945156033855,16.51397047479738,0.27297298158529654,0.2788282550416475,11.872768885823767,5.2188101300658,11.637200829178315,4.94837197629263,16.585572805470967,0.7016460007543203,0.3276785989186503,0.36034955373699024,0.12649900273395365,16.153620921060387,0.2085539242139529,0.33739203895664016,0.055869034452995556,0.15390822873249582,0.22849464110913686,0.31767727423721226,0.07580807583144633,0.13525268496596254,17.09157901588963,17.086815829968387,11.872768885823767,5.2188101300658,16.63945156033855,16.025487919997296,11.729570930303534,2.262339912566748,1.0689664906310048,2.44238212547634,1.3154901183290508,7.127060733277861,1.2759226020015024
9,0,0.40603528096572084,0.27275449501207316,0.4686216776878156,0.4428725248634664,64,1024,False,0.3329876157391341,0.33095604760178265,0.0020315681373542986,0.30779953622607126,0.33072709430469704,0.22048601162454842,0.236101481998541,0.3170734536239854,0.013882593977797031,0.31982358346459233,0.01347930186963667,0.33330288533423036,0.9595584002937112,0.17155211615016178,0.18215495141237137,0.10549344760229311,0.14857214289232568,0.15900222696187963,0.2819697962872172,0.045876348603588704,0.14184557709964152,0.17885095395467943,0.2622990952877444,0.06580008238233859,0.12325928363861749,0.33095604760178265,0.3329876157391341,0.3170734536239854,0.013882593977797031,0.30779953622607126,7.445513021145962,8.825845025261673,60.94879459788775,69.61179389241084,60.94879459788775,69.61179389241084,7.127060733277861,9.513897764335372
9,1,0.4126460105270207,0.32380119092878046,0.5220255440166449,0.4745757161784178,64,1024,False,0.4046953246446447,0.40244620462858954,0.002249120016053774,0.3763250826254952,0.4055215545683368,0.2298556340362831,0.24555874528724747,0.3846374509150569,0.01780875371353558,0.38726505812283796,0.01804110017078502,0.4053061582936235,0.9554877225484552,0.18331147467618905,0.19609746297841654,0.10547109985382072,0.20942409158992023,0.16766953547539087,0.2920417325971753,0.04852262584040015,0.14421703988312523,0.18757566954445792,0.2723818577360362,0.06844157163868658,0.1256249316065805,0.40244620462858954,0.4046953246446447,0.3846374509150569,0.01780875371353558,0.3763250826254952,7.445513021145962,8.88766693581285,14.949471269068232,17.182460012787022,14.949471269068232,17.182460012787022,3.9913564265816848,4.797387642014727
9,2,0.3996135026066673,0.38713624011631165,0.5848416743815188,0.5480837418034359,64,1024,False,0.4864245176601621,0.48454454368619143,0.0018799739739746217,0.4603741498713482,0.4889732024869214,0.23820566321308828,0.25127063710294656,0.4657509713539554,0.018793572332233402,0.46930274510879805,0.018970979600743385,0.4882737247095412,0.9611468349806691,0.20566355799788597,0.2201367970587664,0.10802831820541506,0.268836405428155,0.17552506759079495,0.3008862588353816,0.049161712165961324,0.14441104103441252,0.19552134077093797,0.28128552583802957,0.06892615639662836,0.12564928620122373,0.48454454368619143,0.4864245176601621,0.4657509713539554,0.018793572332233402,0.4603741498713482,7.445513021145962,7.856403542985648,9.889489467377198,10.622547211877132,9.889489467377198,10.62254721187713,0.7406201938983886,0.7723934630650757
9,3,0.3946969214685494,0.44483393230890234,0.6382937882144152,0.5701663982281998,64,1024,False,0.533284279731914,0.5321010857430041,0.0011831939889124553,0.5019067044583128,0.5370325270209929,0.23804539382839593,0.24887891504418713,0.5088080906040273,0.02329299513897359,0.5137680247163052,0.024245955806674473,0.5380139805229776,0.9549343387264695,0.22264787984380704,0.24284470654303322,0.10926302466094309,0.29418782047795966,0.17531683031357698,0.3007739573432149,0.050815577099967243,0.14674389173308122,0.19527933805511566,0.28113002825557487,0.070731759602495,0.12813128202833468,0.5321010857430041,0.533284279731914,0.5088080906040273,0.02329299513897359,0.5019067044583128,7.445513021145962,7.853960451539355,9.889489467377198,10.6170261685007,9.889489467377198,10.6170261685007,0.6609529368411546,0.6808337158890099
9,4,0.42351447875086723,0.5045663702682621,0.688554450355544,0.5768236642554231,64,1024,False,0.5512304557256447,0.5505195512251108,0.0007109045005354926,0.5196094650590563,0.5536970898351428,0.236575874476616,0.24586216455489165,0.5205658349319237,0.02995371629318313,0.5234567349577998,0.03150264506885214,0.5549593800266512,0.9432343227222529,0.2433014895553086,0.2661046075123083,0.1129569244752735,0.28759248232283446,0.1743717578727219,0.29877999108051007,0.048534211473644145,0.14488539570599668,0.19432744180812733,0.2791752938355785,0.06845704298029887,0.12629502827621764,0.5505195512251108,0.5512304557256447,0.5205658349319237,0.02995371629318313,0.5196094650590563,2.866381132261099,2.9260637905197693,6.917600204005029,7.409753337770104,6.917600204005029,7.409753337770104,0.6609529368411546,0.6638850289026318
9,5,0.4733336213058899,0.5706254428691808,0.73939439852611,0.57450197132426,64,1024,False,0.5640466898465571,0.5637258151502119,0.00032087469634891323,0.5306850199776523,0.5685055446257308,0.2304978690006809,0.2359316472677826,0.520758513963187,0.04296730118702313,0.5255250618870032,0.044327181573006656,0.5698522434600057,0.9222128506437764,0.254086414393507,0.2833121259828074,0.1133087939610834,0.28519341864292336,0.1691425813046915,0.2918531566966703,0.050997310411070695,0.1477075333360295,0.1891466161760036,0.27236068431375315,0.0709052080710535,0.12908891242113896,0.5637258151502119,0.5640466898465571,0.520758513963187,0.04296730118702313,0.5306850199776523,2.3478187075723396,2.4059953889458336,2.262339912566748,2.364082486370727,2.44238212547634,2.5920656193450133,0.6609529368411546,0.6194374104786149
9,6,0.5591993934102232,0.6628596399663833,0.8044886430275875,0.6236038759606675,64,1024,False,0.5581764373495537,0.5590749767383991,-0.0008985393888408259,0.5220598909784369,0.5638116980858197,0.2157605880090539,0.22083425763125902,0.5002083724099824,0.058866604328414014,0.504561128741597,0.06156564996070374,0.5661267787023031,0.891251125583868,0.28281748515997135,0.32052384476514806,0.11483975560480102,0.2432878533206716,0.15600361321275005,0.2755175628053578,0.05219197747067342,0.1481854070042033,0.17599628787866095,0.25612444434227655,0.07218789895705413,0.12969018800504273,0.5590749767383991,0.5581764373495537,0.5002083724099824,0.058866604328414014,0.5220598909784369,1.4621466514654742,1.4765099596309825,1.2259697265671865,1.759240387618971,1.271893305709762,1.392577627545209,0.5435734193676275,0.47273483082633033
9,7,0.661841404931025,0.7689800851045785,0.8722513780781158,0.6201263896908231,64,1024,False,0.5108457303026703,0.512979987587163,-0.0021342572844941796,0.47273483082633033,0.5189833135600541,0.18123145145483507,0.19203257812305277,0.41741070607636377,0.09556928151080278,0.4208210528594373,0.09937679339909761,0.5201978462585354,0.8089634662775816,0.30638196234679665,0.35426050817844035,0.11465800631379526,0.16472280538161377,0.12463864652337796,0.23782425638629218,0.049126602120745475,0.14499608955244653,0.1447191384722828,0.2187529032016755,0.06909632207680261,0.12649089899059618,0.512979987587163,0.5108457303026703,0.41741070607636377,0.09556928151080278,0.47273483082633033,1.0704490185391844,1.218056012721237,1.2259697265671865,1.2425052972452035,1.2490148660816267,1.2851429965717789,0.5435734193676275,0.5477152202809078
9,8,0.8309040484611747,0.8934324698109453,0.944098557474164,0.5936633591079342,64,1024,False,0.46872214652587174,0.47235796541505853,-0.003635818889187887,0.43239146075129975,0.4797859880969948,0.14400395055133677,0.1598898539533722,0.315834578892355,0.1565233865227044,0.31547731852923194,0.1626258270412808,0.4781031455705147,0.6598520035938619,0.33722776101797386,0.3864900824541173,0.11825860957388895,0.09329590564287749,0.0911813096587404,0.19682659144393316,0.05204848258883289,0.14828118316983963,0.11123574656812707,0.17800689556315774,0.0721250862479792,0.1298730008493294,0.47235796541505853,0.46872214652587174,0.315834578892355,0.1565233865227044,0.43239146075129975,0.9041285750597499,0.9773196262910645,0.7727615873287584,0.8187551779252615,0.7727615873287584,0.8187551779252615,0.5596399546881577,0.55696696846138
9,9,0.9999999999999994,0.9999999999999996,0.9999999999999998,0.5633911947242449,64,1024,False,0.39907035631671495,0.40461948816080046,-0.005549131844086129,0.362343494596395,0.4179592795684842,0.09999308212022898,0.11955556012027728,0.11194887578702828,0.29267061237377384,0.10963256034465098,0.30493875573011,0.41457131607476233,0.2644480119432099,0.3617697411146349,0.4173507364322389,0.11952989829942808,0.0006085431362453098,0.05160910871031914,0.1483770555301388,0.05157767580466273,0.14833327401265012,0.07170264558226336,0.1299598608238739,0.0716709688786068,0.12991616179351695,0.40461948816080046,0.39907035631671495,0.11194887578702828,0.29267061237377384,0.362343494596395,0.9026063405427059,0.9571656171614072,0.7727615873287584,0.8355333812668877,0.7727615873287584,0.8355333812668877,0.6609529368411546,0.6934017624948373
9,10,0.7199540391226538,0.8955013275420849,0.9444992919776866,0.5170212150754322,64,1024,False,0.6177021026049647,0.6258625017117725,-0.00816039910680901,0.599412689815321,0.6481020223889915,0.10063865469091698,0.11291635948964872,0.08731388670381268,0.5385486150079591,0.09116254640926283,0.550943421758965,0.6421059681682267,0.1419743016395371,0.33564948755237983,0.38824461435448854,0.12258181692384967,0.25985740803450297,0.05241233967757465,0.14886496970425933,0.04686765831250285,0.14360206446043222,0.07233595242723823,0.13027679045626428,0.06701144211547216,0.12523481930111302,0.6258625017117725,0.6177021026049647,0.08731388670381268,0.5385486150079591,0.599412689815321,1.0704490185391844,1.095240404261493,0.7727615873287584,0.8087974873813651,0.7727615873287584,0.8087974873813651,0.9087326314824001,0.8653166140361305
9,11,0.3407404918330884,0.7717236610101619,0.8655225214949771,0.49517604539332494,64,1024,False,4.279623928579572,4.282653413456965,-0.003029484877406645,4.04828167824931,4.16595376444753,0.21362671122088867,0.2231000244802893,2.243183972677754,2.0394694407792286,2.216911775279276,1.9876173041191074,4.2045290793983785,0.5272675568214863,0.30396232731976147,0.3519709246268682,0.11772961321531017,3.813982839820662,0.15304702609096546,0.2742063963508119,0.04735504131876216,0.14373148673175346,0.17316112132539274,0.2549605760650593,0.06754102897684788,0.1254163378107478,4.282653413456965,4.279623928579572,2.243183972677754,2.0394694407792286,4.04828167824931,16.025487919997296,11.729570930303534,1.2259697265671865,1.0444511736697182,1.271893305709762,1.0548955842563854,3.9913564265816848,1.0109225913780862
10,0,0.36678407217073244,0.24633550996158046,0.44082672801676737,0.4612930121386893,64,1024,False,0.28347069448065465,0.2812325866881908,0.002238107792463401,0.26014617375648014,0.28060014955187257,0.21636788119993602,0.23244211353377325,0.2701116112125005,0.01112097547569007,0.2721651860315426,0.010580164706447709,0.2827453507379906,0.9625805882260032,0.1363079760658777,0.1515249959281037,0.09880061505490496,0.12907515362376887,0.1552857815635717,0.27744998083630035,0.03764292955037991,0.13086745059730892,0.17512774758506566,0.25779914960003225,0.05756841831316706,0.11237295043974882,0.2812325866881908,0.28347069448065465,0.2701116112125005,0.01112097547569007,0.26014617375648014,16.025487919997296,18.82530378307778,66.25733092298002,132.25451567220355,66.25733092298002,132.25451567220355,7.127060733277861,9.513897764335372
10,1,0.34121256208973066,0.28933052574442125,0.48686924727255854,0.5169270310681663,64,1024,False,0.341738416388708,0.33925760078309,0.002480815605620061,0.31508858899514064,0.34083585602521155,0.22698913270408447,0.2434086375165705,0.32467210897291154,0.014585491810178347,0.32601023040881066,0.014432845224306417,0.34044307563311704,0.9576057019298576,0.14467195939927732,0.1580197492062647,0.09848463454032519,0.18281610681894686,0.16508424014186496,0.288894025266304,0.04038031252709567,0.1333845071557632,0.18498289099079557,0.2692442719853716,0.06026971657411195,0.11484870257845614,0.33925760078309,0.341738416388708,0.32467210897291154,0.014585491810178347,0.31508858899514064,16.025487919997296,16.852351042681622,60.94879459788775,77.39392646631987,60.94879459788775,77.39392646631987,0.9087326314824001,1.4313271465555757
10,2,0.30789813355027845,0.34126573668295046,0.5408945870332829,0.5794422914273946,64,1024,False,0.37540050313345147,0.37309295850666696,0.0023075446267835998,0.35046332268508795,0.3754006471371162,0.23103481439746085,0.24573889671350377,0.35749785844587,0.015595100060797772,0.3587134982916081,0.015130832861042007,0.37384433115265,0.9595263814369206,0.16310885283359325,0.17777819107325332,0.10154480375689585,0.19762245606386286,0.1690416690898901,0.2930279597050316,0.04149634385760986,0.134344114121163,0.18901407123485114,0.2734484114989755,0.0612201218973496,0.1156300520451623,0.37309295850666696,0.37540050313345147,0.35749785844587,0.015595100060797772,0.35046332268508795,16.025487919997296,16.850489214592677,14.949471269068232,16.571583263110803,14.949471269068232,16.571583263110803,0.5596399546881577,0.5805576178884647
10,3,0.28716273944147364,0.3864302196336612,0.5851488461786934,0.5835791274190039,64,1024,False,0.39010480149694104,0.3882817696520736,0.0018230318448661988,0.36111800108492237,0.3905908361113819,0.22774383405564486,0.24149994259471963,0.37025327372291805,0.018028495929156327,0.3724739647136901,0.018078735355507903,0.39055270006919734,0.9537098697504739,0.1725791031215211,0.19201050610586656,0.10271108872723747,0.19858033000551534,0.1660003427445195,0.28948732536677024,0.043624769469307816,0.13688611989233113,0.18594788774498738,0.2698980253408081,0.0634441836955375,0.11829806856258074,0.3882817696520736,0.39010480149694104,0.37025327372291805,0.018028495929156327,0.36111800108492237,16.025487919997296,16.849928442045314,9.889489467377198,10.6170261685007,9.889489467377198,10.6170261685007,0.5596399546881577,0.5794921500484813
10,4,0.3033644900879314,0.43519687634245924,0.6300825872189977,0.5800536720677406,64,1024,False,0.40173235981954036,0.4001865695732411,0.0015457902463005884,0.372801435451359,0.4017253601993249,0.22451026083427428,0.23780138496148326,0.3778708361705215,0.022315733402718592,0.37929055086698277,0.02259421740678013,0.40188476827376385,0.9437793636622976,0.1870313750028234,0.20667555299327728,0.10336130511836895,0.19504980720604764,0.1634382879877353,0.28558223368081326,0.041674992252390006,0.1355182190003053,0.18337303973385133,0.26603665883885697,0.06148540619324194,0.11690627349162241,0.4001865695732411,0.40173235981954036,0.3778708361705215,0.022315733402718592,0.372801435451359,16.025487919997296,16.849313524447084,9.889489467377198,10.725768046539878,9.889489467377198,10.725768046539882,0.5596399546881577,0.5783238066118377
10,5,0.32613674588208913,0.4889937230566873,0.6749019155679384,0.5597199447193328,64,1024,False,0.4113814667971485,0.40990413589918673,0.00147733089796101,0.3809359294449494,0.4122206352611352,0.21867147026906278,0.22897414376151948,0.37968001086057424,0.030224125038616583,0.3822840197888302,0.03085009438051499,0.41313411416934626,0.9253266837028364,0.1952775043266426,0.21859958216108905,0.10450237841136296,0.19362105310004618,0.15844790752652987,0.2788950330115957,0.04349653030293141,0.1376469987621064,0.1784035010059597,0.25943137483409373,0.06340220190759283,0.11912900523020653,0.40990413589918673,0.4113814667971485,0.37968001086057424,0.030224125038616583,0.3809359294449494,16.025487919997296,16.84888539318426,6.917600204005029,7.730493998537199,6.917600204005029,7.730493998537199,0.6847150339573912,0.7811510727441369
10,6,0.366946945205857,0.5661800904912053,0.734807530573478,0.5847371804156428,64,1024,False,0.4159450533147835,0.4150903984586678,0.0008546548561188786,0.3844128261496311,0.4166547796861105,0.2079556954248494,0.21788866046410935,0.3758158402606064,0.039274558198060756,0.37827563535356384,0.04008505838786003,0.418360693741422,0.9041854098926567,0.21695153623592348,0.24361771195218512,0.10431973642023841,0.17303706773392535,0.14895375459785265,0.26695763625184615,0.04422763997277715,0.13782412521196064,0.16887950347881997,0.24755314785579685,0.06421154557756381,0.11941753074643202,0.4150903984586678,0.4159450533147835,0.3758158402606064,0.039274558198060756,0.3844128261496311,7.445513021145962,7.528206393545473,2.262339912566748,2.3108958854713406,2.44238212547634,2.5255823682207796,0.5596399546881577,0.5335710701165985
10,7,0.4248997126794618,0.6605695823623139,0.8012375674212581,0.5659035059901701,64,1024,False,0.4121901495235455,0.4119194764561742,0.00027067306737330076,0.3755355903880529,0.41259749722464,0.1860829725716329,0.1991135535165248,0.3519797322633061,0.05993974419286687,0.3545655289721073,0.06046427599814652,0.41502980497025505,0.8543134124970104,0.23210689489418895,0.268150316659598,0.10460575947604257,0.14444718056504202,0.1291915878087364,0.24297435733452938,0.03927447405816446,0.1324717624998597,0.1492012444869033,0.22381289598706644,0.0592929186168476,0.11412958601431455,0.4119194764561742,0.4121901495235455,0.3519797322633061,0.05993974419286687,0.3755355903880529,2.866381132261099,3.1431417480247705,2.262339912566748,2.350594874553884,1.271893305709762,1.8110214091687602,0.6609529368411546,0.6406084619228007
10,8,0.539513630074174,0.7769571850740762,0.875611543773994,0.5434798494617906,64,1024,False,0.3910591597888526,0.39194238638038215,-0.0008832265915257972,0.3534501748326371,0.3930763431072493,0.1575811849584154,0.17226577267730678,0.30210431834235935,0.08983806803801948,0.3020152064153405,0.09133499153383429,0.3933501979491756,0.7678023501449048,0.25608226463735606,0.295046294161099,0.1071185142088554,0.0980300489461503,0.10359729107337781,0.21156507884345296,0.04331317151540405,0.13683671864725677,0.12357260995486286,0.19257953298074426,0.06336524407379329,0.11851802542514633,0.39194238638038215,0.3910591597888526,0.30210431834235935,0.08983806803801948,0.3534501748326371,1.4621466514654742,1.5300105917140294,1.2259697265671865,1.2427258067312816,1.2490148660816267,1.2804953944390636,0.7406201938983886,0.7857589599449146
10,9,0.7199540391226538,0.8955013275420849,0.9444992919776866,0.5242412899688604,64,1024,False,0.34689849374651643,0.3494030556669813,-0.002504561920463579,0.3067221337155317,0.34953725924437745,0.1173636123906721,0.13459597394760434,0.19252771293308527,0.1568753427338955,0.18952429320437023,0.1612176615528341,0.3507419547572051,0.5403525031260235,0.28346013014756427,0.32640890043048215,0.11039944421443826,0.0231283588138953,0.06717526010773489,0.1675519646736093,0.044684784737944905,0.13930462389781337,0.08730044740514131,0.14900205605954397,0.0647194345438038,0.12092205847147852,0.3494030556669813,0.34689849374651643,0.19252771293308527,0.1568753427338955,0.3067221337155317,1.0704490185391844,1.107355568759572,0.7727615873287584,0.8355333812668877,0.7727615873287584,0.8355333812668877,0.9087326314824001,0.9130735612816527
10,10,1.0000000000000002,0.9999999999999998,1.0,0.48063185817833354,64,1024,False,0.34233609595113285,0.3465238499765587,-0.004187754025426171,0.29746428389527657,0.34207848363714,0.09103755359648659,0.11651879236330147,0.08234804911027567,0.26417580086628206,0.07927142856768234,0.26592003898524985,0.3451914675529322,0.22964480880607727,0.2968504073962964,0.3414364983672984,0.11648766488472838,0.0006419852698416051,0.043380465586032244,0.13869464160694095,0.0433407203849273,0.13863761334712688,0.06349899795168312,0.12038396044954425,0.06345890603552107,0.12032711452775402,0.3465238499765587,0.34233609595113285,0.08234804911027567,0.26417580086628206,0.29746428389527657,0.8723698531054918,0.8905282378839461,0.7727615873287584,0.8087974873813651,0.7727615873287584,0.8087974873813651,3.9913564265816848,4.324416203413361
10,11,0.6157698684751548,0.8807404698899427,0.9294856454888765,0.4447708145773107,64,1024,False,5.139876945025469,5.141263444675986,-0.0013864996504643456,4.98317580099712,5.033761807088616,0.2779822208422525,0.28247627350630095,4.356439232738702,0.7848242119372891,4.316407342249158,0.7582333552210548,5.07464069747023,0.8505838343197263,0.2716043192048885,0.3154622730103248,0.11500976400734016,4.718299534078291,0.21325255004752952,0.34271189163697546,0.044284148056006715,0.13968495705834652,0.23315342383284587,0.3229314545242232,0.064342605874117,0.1213277879942325,5.141263444675986,5.139876945025469,4.356439232738702,0.7848242119372891,4.98317580099712,1.4621466514654742,1.1978692966553508,1.2259697265671865,0.7749151987429697,1.2490148660816267,0.940887947411167,7.127060733277861,1.2759226020015024
11,0,0.20423815949672783,0.22412257503193134,0.41370807980847724,0.4473990640034243,64,1024,False,0.6248820672142059,0.6225469214539977,0.002335145760210565,0.5926522209365984,0.6196696728021123,0.24296759149135308,0.25620393424454,0.6125853891759199,0.00996153227807191,0.6156862214566559,0.00968032476812091,0.6253665462247786,0.9845205586602592,0.09781494563909873,0.10721014437731179,0.07577533183585329,0.5124595284248005,0.17945819104310307,0.3064769919396031,0.021503751535838653,0.1083692019623514,0.19939290235925,0.28675290108367335,0.041351741274411324,0.0900618161103921,0.6225469214539977,0.6248820672142059,0.6125853891759199,0.00996153227807191,0.5926522209365984,138.43641566805954,149.039782087069,669.4212753417623,1338.2498984625881,669.4212753417623,1338.2498984625881,7.127060733277861,9.513897764335372
11,1,0.17567221181680162,0.2596457015090224,0.45408494999978877,0.5161423068486856,64,1024,False,0.6722564057659906,0.6696704980435392,0.002585907722455043,0.6385183095079824,0.6690063769552348,0.24721680711864602,0.26163064715721174,0.6571746548457922,0.012495843197742504,0.6599008322761895,0.012555501665513863,0.6724563339417076,0.9813288967152379,0.10925256117342591,0.11270896262424875,0.07589279268636069,0.556297414330986,0.18339260867656088,0.31104100556073117,0.024839446976465243,0.11230992686631615,0.203346759910346,0.2913194310021936,0.044749114917067345,0.09405199591128621,0.6696704980435392,0.6722564057659906,0.6571746548457922,0.012495843197742504,0.6385183095079824,138.43641566805954,149.03625392640967,60.94879459788775,77.39392646631987,60.94879459788775,77.39392646631987,0.9087326314824001,2.3490134037199546
11,2,0.15434597917212464,0.3001120971566429,0.49779757350538983,0.5649013030145986,64,1024,False,0.6937207481528349,0.6912036173099833,0.0025171308428524925,0.6612527552536706,0.6921816982363824,0.2507231770009788,0.26458418402005707,0.6773087661472876,0.013894851162694425,0.6801707444890438,0.01353094653238105,0.6937016910214274,0.9804945746745114,0.12852621937100056,0.1323025069112668,0.08338920390337898,0.5598791913251157,0.18686152623126145,0.31458482777069613,0.02904461274332462,0.11864489178515963,0.2068454551481409,0.29489717441174434,0.04873291666444857,0.10006554573919857,0.6912036173099833,0.6937207481528349,0.6773087661472876,0.013894851162694425,0.6612527552536706,138.43641566805954,149.03450512289078,60.94879459788775,68.82708509708982,60.94879459788775,68.82708509708982,0.6609529368411546,0.6609154595395902
11,3,0.13668447587620286,0.33731547577973586,0.536365313524058,0.5593362778602128,64,1024,False,0.6992591818737487,0.6971331135205349,0.0021260683532102497,0.6623018706927871,0.6987232527951034,0.2510459860502462,0.26246669394955646,0.6799984464468163,0.017134667073715994,0.6844396135605688,0.016851908569111486,0.7012915221296802,0.975970180677594,0.14186093298481003,0.14711173567982552,0.08719337769535727,0.5516115171152779,0.18712274554752795,0.31496922655296444,0.03275704731902025,0.12353239263131187,0.20707038752152584,0.2952375036693411,0.052509128967358265,0.10498098528478295,0.6971331135205349,0.6992591818737487,0.6799984464468163,0.017134667073715994,0.6623018706927871,138.43641566805954,149.03442442170314,14.949471269068232,16.53693453555439,14.949471269068232,16.53693453555439,0.6847150339573912,0.6921860883789259
11,4,0.12869931056836548,0.3767925346195764,0.5745736894716204,0.5498759473706225,64,1024,False,0.7042818736656262,0.7023421638208429,0.0019397098447881227,0.6681524175573048,0.7049056133169105,0.2538536862115337,0.26472854081627784,0.681238220432783,0.02110394338805222,0.6859411174067411,0.02140322737278409,0.7073443447795265,0.9697414314106709,0.1525627416226436,0.1578848898005305,0.08723201571123074,0.54702072351638,0.19007449181088792,0.3176328806121795,0.03243346672613191,0.1236050491434013,0.20999817245319718,0.297892374539515,0.052099769316555467,0.10494316068798071,0.7023421638208429,0.7042818736656262,0.681238220432783,0.02110394338805222,0.6681524175573048,138.43641566805954,149.03397437963665,9.889489467377198,10.725768046539878,9.889489467377198,10.725768046539882,0.7406201938983886,0.7605683429359849
11,5,0.14992805803151693,0.4208230099305855,0.6137688342668277,0.5250973785405795,64,1024,False,0.7040947814797662,0.7021118119219406,0.001982969557827409,0.6649924568389449,0.7029874249453422,0.2545776483836537,0.26166831218616227,0.6744773315927408,0.027634480329206287,0.6794262965408008,0.028237204315884393,0.7076635008566827,0.9600979783729151,0.1653777291170262,0.16933454441892512,0.09055779590216621,0.533652880526417,0.19107849399959276,0.31807680276771466,0.03540135909283301,0.12745363329670933,0.211027270728664,0.29838502513302956,0.05524877937568817,0.1089623150328407,0.7021118119219406,0.7040947814797662,0.6744773315927408,0.027634480329206287,0.6649924568389449,138.43641566805954,149.03421745353805,9.889489467377198,10.258772109531204,9.889489467377198,10.258772109531204,0.9087326314824001,0.9464843547599187
11,6,0.18903205291931285,0.48358662517359474,0.6652752580289172,0.5336345955672943,64,1024,False,0.6866030618566286,0.6849701517347886,0.001632910121836704,0.6468115515318481,0.6851216373497191,0.25276089132527446,0.26015736772056813,0.6483630273233058,0.0366071244114798,0.6532977655662999,0.03800200094573479,0.6912997665120327,0.9450281877896868,0.18871943195175925,0.19744797483926102,0.09516443662409911,0.4876736625104581,0.1896210823198542,0.31590070033069473,0.038714781176674984,0.13094521493633882,0.20960244224988855,0.2962707021724782,0.05843825305782957,0.11229844898480223,0.6849701517347886,0.6866030618566286,0.6483630273233058,0.0366071244114798,0.6468115515318481,138.43641566805954,149.03561598471555,9.889489467377198,10.326610972001879,9.889489467377198,10.326610972001879,0.9087326314824001,0.9218286854799278
11,7,0.2217086227609652,0.5620899911599349,0.7247268281192523,0.5079360568219612,64,1024,False,0.6597577091568755,0.6584333729248933,0.0013243362319821771,0.6121374442146419,0.6573548692719691,0.24279794114373246,0.25127320635995853,0.6050840749313687,0.05334929799352245,0.6106344103642792,0.05524098289308831,0.6658753932573702,0.9170400596681314,0.20612506303620665,0.2279043706674475,0.09459320991491176,0.42945049860452156,0.18087774295852538,0.30471813932893954,0.038285436410913413,0.12995334232081493,0.20090276596602052,0.2852256404949003,0.058009579304780345,0.11133871351921698,0.6584333729248933,0.6597577091568755,0.6050840749313687,0.05334929799352245,0.6121374442146419,34.03419358667433,67.45624972913402,6.917600204005029,7.562544340493837,6.917600204005029,7.562544340493837,3.9913564265816848,4.2081620967532505
11,8,0.2760498852022338,0.6623177630798249,0.7948858809217094,0.49178485135072775,64,1024,False,0.6062046576834381,0.6059201077185554,0.0002845499648833817,0.5563630321094759,0.6036370581103653,0.2172374326892226,0.22814981679988833,0.5313321931838216,0.07458791453473552,0.5309324216719218,0.07797034069178999,0.6089027623637112,0.8719494383814012,0.23547170227375788,0.25744690075634563,0.0938755608214739,0.34619015735401965,0.15800258247932086,0.27647228289912434,0.039907223956427304,0.1318986019774211,0.1780366910097655,0.25718896217586007,0.05963349887315417,0.11329141687019728,0.6059201077185554,0.6062046576834381,0.5313321931838216,0.07458791453473552,0.5563630321094759,16.025487919997296,16.63945156033855,2.262339912566748,2.3729319599621657,2.44238212547634,2.6031274613343114,3.9913564265816848,4.175794099784399
11,9,0.3407404918330884,0.7717236610101619,0.8655225214949771,0.46459372016028805,64,1024,False,0.5101712937424692,0.5111410608373862,-0.0009697670949151225,0.4563374868795603,0.5062050315772688,0.16828972834636394,0.1841132975504073,0.3858906289537034,0.12525043188367904,0.3806419114814039,0.1325267539604363,0.5131686654418358,0.7417481563370067,0.26961626127180727,0.299974742875086,0.0971550657612064,0.2062302887021828,0.11293122324063867,0.2236482334520892,0.04224248340902299,0.13524447377769155,0.13311913956567878,0.204798082500929,0.06202831448899815,0.11667835891421419,0.5111410608373862,0.5101712937424692,0.3858906289537034,0.12525043188367904,0.4563374868795603,16.025487919997296,16.844916890161386,1.2259697265671865,1.2343261067331057,1.271893305709762,1.2992440337865112,3.9913564265816848,6.74529954558832
11,10,0.6157698684751548,0.8807404698899427,0.9294856454888765,0.41292632927083395,64,1024,False,0.4221527602688857,0.42404604930053846,-0.0018932890316527243,0.3676771288776175,0.4183080533520546,0.12215663568035294,0.1488614902949076,0.21826334560031396,0.20578270370022525,0.21246692337047468,0.2128385071778551,0.42530543054832953,0.49956315652153666,0.2977418097214041,0.3302870434992341,0.1033800941618062,0.08802100985282052,0.07060224662415879,0.1737110247365471,0.043390658411428217,0.13814075699891892,0.09081290278118104,0.15518991807766724,0.0632291170040844,0.11954289403365692,0.42404604930053846,0.4221527602688857,0.21826334560031396,0.20578270370022525,0.3676771288776175,1.4621466514654742,1.570409773599904,1.2259697265671865,1.2489364936732028,1.2490148660816267,1.26189389869751,7.127060733277861,7.362523504096165
11,11,1.0000000000000002,0.9999999999999999,1.0,0.37800746985602807,64,1024,False,0.3608418464638605,0.36135795269757714,-0.000516106233718116,0.3246049005933921,0.3601575435563577,0.09557889339457672,0.11118990610682376,0.00019359189071213687,0.3611643608068644,0.0005896524158215656,0.36159365556736967,0.3621833079831917,0.0016280496721536664,0.3223650743501497,0.3576818355752411,0.1109335354293696,0.002475707981116626,0.04738334605485563,0.1437744407342978,0.0472034205570145,0.1435141564118535,0.06731861450680299,0.12525347006885568,0.06713614019827219,0.12499279226176441,0.36135795269757714,0.3608418464638605,0.00019359189071213687,0.3611643608068644,0.3246049005933921,0.8723698531054918,0.8894426132160215,0.7727615873287584,0.7749151987429697,0.7727615873287584,0.7963487813674619,7.127060733277861,3.1914355936511987
