source,target,cka,cca_shared,procrustes_shared,probe_cosine,metric_rank,metric_examples,full_dim_cca_saturation_possible,train_raw,train_geometry,residual_correction,cal_raw,test_raw,cal_clipped,test_clipped,train_mean_term,train_variance_term,test_mean_term,test_variance_term,test_geometry,mean_fraction,aligned_cal_raw,aligned_test_raw,aligned_test_clipped,alignment_raw_reduction,bernstein_lo,bernstein_hi,bernstein_aligned_lo,bernstein_aligned_hi,betting_lo,betting_hi,betting_aligned_lo,betting_aligned_hi,prediction__training_geometry,prediction__direct_training,prediction__mean_only,prediction__variance_only,prediction__direct_calibration,prediction__cka_common,prediction__cka_held_target,prediction__cca_shared_common,prediction__cca_shared_held_target,prediction__procrustes_shared_common,prediction__procrustes_shared_held_target,prediction__probe_cosine_common,prediction__probe_cosine_held_target
0,0,1.0000000000000007,0.9999999999999999,1.0,0.3884402136827294,64,1024,False,2.9865240691880115,2.993559711875778,-0.007035642687774589,2.910417647684998,2.901879937621607,0.22285401960510542,0.2385950058573349,2.3171320134868805,0.6764276983888762,2.26591941033738,0.6797518129487188,2.9456712232861,0.7692370392272053,2.908331798773661,2.8999552121569154,0.23865876302623173,0.00192472546469169,0.16103509278601685,0.284672946424194,0.16108529069461622,0.28473363835595533,0.18085622532089474,0.2649578868440585,0.18090689726523124,0.2650186820901581,2.993559711875778,2.9865240691880115,2.3171320134868805,0.6764276983888762,2.910417647684998,0.8597039705451806,0.6033647609027034,0.7839386301237262,0.7106117674491996,0.7839386301237262,0.7106117674491995,2.2127017052991143,2.4308863140329477
0,1,0.8542238833724225,0.81385328824035,0.8982724270048865,0.47424494263604683,64,1024,False,3.6785607468689867,3.690404210910401,-0.011843464041417723,3.569741028569772,3.6385437252414174,0.22495924678665805,0.23938880603623192,2.842087396961997,0.8483168139483794,2.8037192734618563,0.864941519461685,3.6686607929235553,0.764235079697181,2.7759681263597047,2.8128249424081333,0.2441338038835496,0.8257187828332841,0.16307529748686894,0.28684319608644715,0.16488268199169454,0.28935667088778916,0.18291486865200568,0.2671535435656551,0.18481447971134912,0.26973102139891125,3.690404210910401,3.6785607468689867,2.842087396961997,0.8483168139483794,3.569741028569772,0.9147021342098084,0.8209264284856947,0.9421795588096025,0.8461459733076158,0.9421795588096025,0.8461459733076158,1.4439517517824427,1.207900172401358
0,2,0.6774551387863519,0.6509903915939024,0.7940155446999084,0.48414346839656525,64,1024,False,4.9986276432686845,5.008891645496351,-0.010264002227669588,4.852311897969082,4.927319833480682,0.23625595965035176,0.25448012505385426,4.313573245320731,0.6953184001756311,4.272603465923192,0.6896797366883975,4.962283202611605,0.86101564370098,2.6587037396201243,2.6970163585636016,0.24439338560648502,2.23030347491708,0.17322602155242006,0.29928589774828346,0.16800708149116267,0.2929610939233074,0.1932076436787611,0.27966691386245657,0.18803659408877138,0.2734211618808331,5.008891645496351,4.9986276432686845,4.313573245320731,0.6953184001756311,4.852311897969082,1.1428910179191698,0.8652276618664366,1.1614437610805983,0.8658639948666849,1.2377113408606264,0.8658639948666849,1.4439517517824427,1.1812289476921092
0,3,0.5335130498068535,0.5433623135139034,0.7138557755523658,0.4603168763325277,64,1024,False,4.965792461536725,4.9740992000316435,-0.008306738494881815,4.855038939624455,4.880034340244186,0.23784407698546023,0.2533130471937237,4.3420045577557325,0.6320946422758931,4.293530618323577,0.620616038290771,4.914146656614339,0.8737082790446586,2.6217082532344116,2.6400592962248113,0.24410499420741974,2.2399750440193746,0.17465118586438066,0.3010369681065398,0.1703357487489315,0.2960172428981749,0.19468729828804499,0.2814491366589209,0.19037025780562544,0.2764505838495097,4.9740992000316435,4.965792461536725,4.3420045577557325,0.6320946422758931,4.855038939624455,1.2410910925283953,0.9754277780723668,1.4541962333351186,1.14617658478261,1.4359099306526546,1.1165375167787317,1.4439517517824427,1.400620949946271
0,4,0.48106050224506536,0.47620133851340885,0.6600633179881568,0.42853835995451356,64,1024,False,3.2153880585551784,3.2220286683097226,-0.006640609754561991,3.1234134994141143,3.158005661781671,0.23133576719004215,0.24490361247084794,2.654234896721622,0.5677937715880993,2.6088568408865105,0.5741019906725152,3.182958831559048,0.8196326056811309,2.5732924481956663,2.591670794867491,0.2511612693778508,0.5663348669141799,0.16904770718080803,0.29362382719927627,0.17570015335739664,0.3017510921910343,0.18894065863423748,0.27395614448323613,0.19567643075424712,0.28212821982015157,3.2220286683097226,3.2153880585551784,2.654234896721622,0.5677937715880993,3.1234134994141143,1.2410910925283953,1.1980237413022967,1.4541962333351186,1.4782457905690722,1.4359099306526546,1.4570346651713157,1.608741017007152,1.4321918175049049
0,5,0.41047044264547244,0.42849212548595994,0.6187714631396312,0.41339066244592615,64,1024,False,3.2250206947513598,3.231374295882228,-0.006353601130869736,3.1163184549920584,3.1595566047466335,0.23094151656200074,0.24253529176542699,2.6519055525259723,0.5794687433562538,2.610826649209658,0.5751145350982619,3.1859411843079246,0.8194836307930156,2.533530949418758,2.5605066616251326,0.2531470808466265,0.5990499431215008,0.16861193861418494,0.29327109450981653,0.17976370924038432,0.3064024588982811,0.18865653681132244,0.27377116926800227,0.19978990212257486,0.28680449587409385,3.231374295882228,3.2250206947513598,2.6519055525259723,0.5794687433562538,3.1163184549920584,2.162878128887035,1.3058236462145567,1.4541962333351186,1.4444021298603846,1.4359099306526546,1.428263363410817,2.2127017052991143,2.181970623059806
0,6,0.3658048496764522,0.38986795161298754,0.5841122946682198,0.4138790211983143,64,1024,False,4.0300661793892205,4.037201889049713,-0.0071357096604826725,3.8981665785435107,3.984101363488589,0.239435541443342,0.25278956887543813,3.379542069385862,0.6576598196638472,3.3762473924596743,0.6419444637290709,4.018191856188744,0.8402404646905153,2.4983247547743312,2.5510030525226735,0.26206619034850676,1.4330983109659154,0.17648932820623103,0.302381754680453,0.18769634155519752,0.31524196525705195,0.19655594704818213,0.28286403013044037,0.20771794924803544,0.2956165338764549,4.037201889049713,4.0300661793892205,3.379542069385862,0.6576598196638472,3.8981665785435107,2.162878128887035,2.171910886183272,1.5941321227530696,1.4493000750780185,1.4359099306526546,1.4058257927914382,2.2127017052991143,2.1266949960349013
0,7,0.3273401745000056,0.3544495603343737,0.549224904448091,0.38058903363157737,64,1024,False,4.821691353423803,4.828677496495967,-0.00698614307215556,4.642610753281044,4.763595288647807,0.2505222788095444,0.2625131420158669,4.059588407237357,0.7690890892585919,4.044591572053735,0.7534489250410843,4.798040497094831,0.8429673685544541,2.4782606839392862,2.5277296712142827,0.2715909979427028,2.235865617433524,0.1870653672813522,0.31397919033773664,0.19905358931118788,0.3274865682821244,0.2072054319214658,0.29450119744433323,0.21909005090856226,0.3078519589980715,4.828677496495967,4.821691353423803,4.059588407237357,0.7690890892585919,4.642610753281044,2.162878128887035,2.1182473513840807,1.5941321227530696,1.4737214486641097,1.9148128616484066,1.4737214486641097,2.2127017052991143,2.069765878947236
0,8,0.32896799495037865,0.3217841566557589,0.5167393754337162,0.350092982244502,64,1024,False,6.860034358786216,6.866528844122354,-0.006494485336118253,6.626076084368087,6.733397662805494,0.2638999397015252,0.27678673522377006,5.995824913642901,0.8707039304794862,5.927872181091396,0.8313022761537551,6.759174457245139,0.8770112709159811,2.4391114444930166,2.4876289817742503,0.2819470460826137,4.245768681031244,0.19989923105438528,0.3279006483486651,0.20828250676683122,0.33714303538641466,0.2199616898506065,0.3083209770557005,0.22831861178565305,0.31750625733548077,6.866528844122354,6.860034358786216,5.995824913642901,0.8707039304794862,6.626076084368087,2.162878128887035,2.092137585163344,2.553316176612505,1.5038501270488736,2.553316176612505,1.6711193183221387,3.965949865291322,2.164971281136769
0,9,0.3949334602850855,0.28963160770941493,0.48490047087222826,0.32641013613888226,64,1024,False,8.899581278735674,8.906480645719952,-0.0068993669842030095,8.706123237477456,8.748539670535092,0.26911543613812067,0.2822582576878894,7.854710776367515,1.0517698693523925,7.766468672256839,1.0117261734141658,8.778194845671036,0.8847455324014447,2.4359965587753516,2.464564439234368,0.2861359096647697,6.283975231300723,0.20459735034256596,0.33363352193367535,0.21117858505260478,0.34092432820762164,0.22454453640966676,0.3139124949229881,0.231166333440342,0.3212122665499919,8.906480645719952,8.899581278735674,7.854710776367515,1.0517698693523925,8.706123237477456,2.162878128887035,1.4656166812988232,4.581330152791346,2.2537763039686096,4.581330152791346,2.2537763039686096,4.471957533228034,4.070992481656525
0,10,0.3714199566385266,0.2578729803844464,0.45016529852496334,0.3416728403912697,64,1024,False,17.041364659919083,17.05031990332068,-0.008955243401727103,17.061751276706897,16.89310180079872,0.2776091405290873,0.28882324229911915,15.205648684017175,1.8446712193036434,15.143517596093492,1.7947542560017027,16.9382718520952,0.8940414776859481,2.419127498685028,2.4457794804128574,0.2901724082965852,14.447322320385863,0.21259889154460715,0.34261938951356746,0.2135840350470465,0.34350031099468514,0.2325269076100085,0.3228460005848319,0.2335566220644978,0.3237706415602588,17.05031990332068,17.041364659919083,15.205648684017175,1.8446712193036434,17.061751276706897,2.162878128887035,1.642707173619898,9.10212782882719,4.340695275668914,9.10212782882719,4.340695275668914,4.471957533228034,2.3291810717204844
0,11,0.20187645128522028,0.2331952086172847,0.4222904527547396,0.2956287399198271,64,1024,False,19.096633038863693,19.098104034436897,-0.0014709955731722058,19.35357973284339,19.106995565833838,0.2728356628260802,0.29150465669005576,14.445049567567745,4.653054466868991,14.397298288779165,4.70805596233245,19.105354251111667,0.7535740033682674,2.393406586091082,2.445913720123069,0.29591998292720073,16.66108184571077,0.20809087221601086,0.3375804534361495,0.22050233148189138,0.35124880743744624,0.22773995880561415,0.31755209947004914,0.24035576364258304,0.33138441059418255,19.098104034436897,19.096633038863693,14.445049567567745,4.653054466868991,19.35357973284339,4.274812678185758,4.438112436181599,14.922511802603871,10.491443872364353,14.922511802603871,10.491443872364353,4.471957533228034,3.953858792670706
1,0,0.8542238833724225,0.81385328824035,0.8982724270048865,0.399070907642239,64,1024,False,1.5123928050892579,1.5183885558286672,-0.0059957507394020875,1.4196537067425443,1.4594359491568833,0.19150757974599034,0.20694065671801137,1.0075583029426438,0.5108302528860122,0.9916215546813978,0.5038839201465328,1.4955054748279295,0.6630678197921623,2.1115125899649803,2.2002250827654417,0.23665613292477744,-0.7407891336085584,0.13208063887594065,0.25093452061604005,0.15759095534151457,0.28100572541318797,0.15218376523989718,0.23167560993897496,0.1775756102433661,0.2614673948046402,1.5183885558286672,1.5123928050892579,1.0075583029426438,0.5108302528860122,1.4196537067425443,0.9147021342098084,0.8998506173706102,0.9421795588096025,0.9230805928922848,0.9421795588096025,0.9230805928922848,2.2127017052991143,2.4308863140329477
1,1,0.9999999999999992,0.9999999999999996,0.9999999999999998,0.4618593125059956,64,1024,False,2.328409590398412,2.3378725799966116,-0.009462989598209796,2.1858747250469968,2.311128075587116,0.21715579071095492,0.23211868189057144,1.7647681313357595,0.5731044486608534,1.7521672306471372,0.5902887427492356,2.3424559733963664,0.7480043384152234,2.184148133774267,2.3092605724726836,0.23218833085943602,0.0018675031144326226,0.15564270962476104,0.27866887179714883,0.155708640246618,0.27875018342119734,0.1757170345299528,0.25924224187474465,0.17578247209166875,0.2593225150121725,2.3378725799966116,2.328409590398412,1.7647681313357595,0.5731044486608534,2.1858747250469968,0.9147021342098084,0.8128946277135332,0.7839386301237262,0.7355960061608549,0.7839386301237262,0.7355960061608546,1.4439517517824427,1.207900172401358
1,2,0.8375509777206596,0.8143456864733267,0.8989373307983018,0.42563627038762125,64,1024,False,2.450951228707677,2.457795679579842,-0.006844450872149264,2.3133459768133258,2.4002144718095195,0.22752739225051877,0.24193634437743303,1.9773515246115123,0.480444154968309,1.9465398072883937,0.48548116757036175,2.432020974858758,0.8003795310200568,2.1061014668957565,2.201463170237875,0.2340889398296437,0.19875130157164467,0.1652113172479484,0.2898434672530891,0.15881893708265432,0.2823928413681111,0.1852748838282423,0.2703595340208267,0.1788682192491251,0.26293440017616376,2.457795679579842,2.450951228707677,1.9773515246115123,0.480444154968309,2.3133459768133258,0.9147021342098084,0.8652276618664366,0.9421795588096025,0.8047915093986049,0.9421795588096025,0.8047915093986049,1.608741017007152,1.4913068570394568
1,3,0.6433826885272539,0.6787056562205905,0.8127816577839114,0.39548187005500274,64,1024,False,3.5168239750965262,3.521914950505063,-0.005090975408532858,3.357267002756331,3.4716952966913603,0.24142199750522708,0.25561030332014323,3.1141404720689425,0.40777447843612086,3.0965919614354203,0.41131309667803423,3.5079050581134434,0.882746799054126,2.0332813592889543,2.1353281176153267,0.23879538234693834,1.3363671790760336,0.17787047399241893,0.3049735210180352,0.16077794936733186,0.28527810834457534,0.19789993901213165,0.2853611493992503,0.18087503177957842,0.2658289277678705,3.521914950505063,3.5168239750965262,3.1141404720689425,0.40777447843612086,3.357267002756331,1.1428910179191698,0.9754277780723668,1.1614437610805983,0.9065138739257619,1.0661092863555635,0.8815410258823985,2.2127017052991143,2.146226036124063
1,4,0.5667672336190047,0.5932983933235143,0.7538004568804457,0.3737908437903528,64,1024,False,2.812382601302886,2.8162809692630586,-0.003898367960185851,2.694174456861121,2.7786124143021693,0.23683032459490352,0.25279844531532253,2.4336379860285797,0.38264298323448187,2.4135802000478037,0.3938651715162194,2.807445371564019,0.8597069152242153,1.9946812326667631,2.090049706411044,0.24261655598217405,0.6885627078911254,0.17387368962903732,0.29978695956076973,0.1679250199665643,0.29290981876688416,0.19390621221828042,0.28022532165050507,0.18798153963143704,0.27340617022127844,2.8162809692630586,2.812382601302886,2.4336379860285797,0.38264298323448187,2.694174456861121,1.1428910179191698,1.0900478070516249,1.266800268315453,1.1409002224863092,1.266800268315453,1.1836379002753072,2.2127017052991143,2.1843797787366435
1,5,0.4931148863506572,0.5308148462120685,0.7060400707026645,0.37626792707525464,64,1024,False,1.9138178261595566,1.917751364598882,-0.003933538439338461,1.8007822714350996,1.8681034320834708,0.219731833692871,0.23218451878580423,1.4927769120706322,0.4249744525282505,1.464904057550696,0.428115339437122,1.8930193969878197,0.7738452442070363,1.9432783003468488,2.042710970972015,0.24354826046680617,-0.17460753888854397,0.15823048445699206,0.28123318292874994,0.17222999975527314,0.2977404019808614,0.17833817523205653,0.2618546726225759,0.1922604672581656,0.2781986794580007,1.917751364598882,1.9138178261595566,1.4927769120706322,0.4249744525282505,1.8007822714350996,1.2410910925283953,1.2588496177792214,1.4541962333351186,1.4444021298603846,1.4359099306526546,1.428263363410817,2.2127017052991143,2.181970623059806
1,6,0.44205300388882235,0.47912484010604917,0.6649861795568095,0.3507480297348878,64,1024,False,1.3187994968968995,1.3225422703153713,-0.0037427734184807835,1.2327814881995,1.289670849659519,0.18326781852934187,0.1967432489601169,0.8207858492244088,0.5017564210909777,0.8137855298378589,0.49912257893135875,1.3129081087692176,0.6198343390541933,1.9086842587379367,2.0242299136116806,0.2515441873563146,-0.7345590639521615,0.12514084570421358,0.24139479135447017,0.17991099178837172,0.3063596975138915,0.1452384341173456,0.22227102689794265,0.19990681366471108,0.2867590305759222,1.3225422703153713,1.3187994968968995,0.8207858492244088,0.5017564210909777,1.2327814881995,1.2410910925283953,1.2414234767015513,1.4541962333351186,1.4493000750780185,1.4359099306526546,1.4058257927914382,2.2127017052991143,3.53452186642543
1,7,0.40093298039610525,0.4310617943392882,0.6226524631410004,0.3218895438071256,64,1024,False,1.4986755339906768,1.5021855190655924,-0.0035099850749223034,1.3748983467608187,1.4595567957162985,0.18292609132327542,0.19528991010332947,0.8729200108931593,0.6292655081724347,0.8564128070949348,0.6235029645741731,1.4799157716691007,0.5786902359510924,1.8845825024740286,1.988095936422806,0.2615097208652786,-0.5285391407065074,0.12497791099857918,0.24087427164797165,0.19156145479829564,0.3188096198026955,0.14511864717496792,0.22180483866395662,0.21160878778755432,0.29923687878181227,1.5021855190655924,1.4986755339906768,0.8729200108931593,0.6292655081724347,1.3748983467608187,2.162878128887035,2.1182473513840807,1.4541962333351186,1.4737214486641097,1.4359099306526546,1.4737214486641097,4.471957533228034,4.654137485373164
1,8,0.38876856330626963,0.3869860572716117,0.5826133911485243,0.28461360904972105,64,1024,False,1.7029827569883458,1.7057913304017318,-0.0028085734133764125,1.5644375321294732,1.6320984858632355,0.1915001515170533,0.20399086449763107,1.008969885019668,0.6968214453820489,0.964651521336425,0.6797917641772405,1.6444432855136701,0.5866128250419408,1.8604642169709262,1.94800501177926,0.27240428571799474,-0.3159065259160245,0.1333219242538666,0.24967837878024,0.20224757847811306,0.3299839005851537,0.15342207897629123,0.23056270958477398,0.22227948653016938,0.3103900983915082,1.7057913304017318,1.7029827569883458,1.008969885019668,0.6968214453820489,1.5644375321294732,2.162878128887035,2.092137585163344,1.5941321227530696,1.5038501270488736,1.4359099306526546,1.475291972441243,4.471957533228034,4.6429881215279485
1,9,0.4256525725333289,0.34393997912185165,0.5410300928618075,0.24915151878605163,64,1024,False,2.3970045535611044,2.399616371496285,-0.0026118179351803344,2.233192092620146,2.304416319540031,0.2137858862577707,0.22185653445208925,1.5514940255033045,0.848122345992999,1.4984879928037917,0.8285063738476073,2.3269943666513933,0.6439585820571434,1.854572340001631,1.9267490953194792,0.27908285473322375,0.3776672242205519,0.15370368768641507,0.27386808482912633,0.20566805482456668,0.3345122991247526,0.17360195139190182,0.25441813366342103,0.22567952816461911,0.31486348682665266,2.399616371496285,2.3970045535611044,1.5514940255033045,0.848122345992999,2.233192092620146,1.2410910925283953,1.244026545070501,1.5941321227530696,1.5449736635325253,1.9148128616484066,1.851137015454059,4.471957533228034,4.472814350884035
1,10,0.3642484159638449,0.3025426295297068,0.4988963562208304,0.22985550328054188,64,1024,False,2.5106403854470796,2.51303551187414,-0.0023951264270519685,2.3534449097597925,2.4153483059747707,0.22248917303375376,0.23366028936576538,1.6856100998208625,0.8274254120532654,1.648058975958516,0.7973379021587905,2.4453968781172994,0.6739433548419959,1.8358144683354791,1.9100994944071836,0.2843730226908242,0.505248811567587,0.16164218395993968,0.28333616210756785,0.20891276541378134,0.3380194521320282,0.18148871271841927,0.2637737073819153,0.2288966198102571,0.31833542553067673,2.51303551187414,2.5106403854470796,1.6856100998208625,0.8274254120532654,2.3534449097597925,2.162878128887035,1.642707173619898,2.553316176612505,2.5932904299830475,2.553316176612505,2.5932904299830475,4.471957533228034,4.550902048217155
1,11,0.18477003278725082,0.26774611286757916,0.4618285743092546,0.21231135162312345,64,1024,False,1.3592895715180864,1.3591701261953681,0.00011944532271533925,1.276767738514599,1.3008701494405202,0.19588607906540437,0.20033439959970759,0.6380472130250631,0.7211229131703093,0.6216919581691709,0.704754946733901,1.3264469049030694,0.4686896670127941,1.8043453741620394,1.8931284305751728,0.29016924496462243,-0.5922582811346526,0.13797119022134696,0.25380096790946177,0.21591550106116247,0.3457950231066222,0.15789183540618978,0.2345533434927347,0.23577283246413572,0.3259720839050715,1.3591701261953681,1.3592895715180864,0.6380472130250631,0.7211229131703093,1.276767738514599,4.274812678185758,4.438112436181599,5.699155845907199,9.441933203651393,5.699155845907199,9.441933203651393,4.471957533228034,3.953858792670706
2,0,0.6774551387863519,0.6509903915939024,0.7940155446999084,0.4199144863258331,64,1024,False,0.3418664298317233,0.34487584275934524,-0.0030094129276217138,0.32384706387043777,0.3196783349483305,0.10606254764196378,0.1109382392516545,0.07200731273852691,0.2728685300208178,0.06630671638106726,0.25980426079918517,0.32611097718025217,0.20332561925512055,0.1842482849123326,0.18736651140567562,0.08289106475059572,0.13231182354265486,0.05655453495181623,0.15557056033211134,0.0323683023652809,0.1232974735804353,0.07663514174055308,0.1370515708840685,0.052319872949738055,0.1049579117752728,0.34487584275934524,0.3418664298317233,0.07200731273852691,0.2728685300208178,0.32384706387043777,1.1428910179191698,1.175652776081119,1.1614437610805983,1.2107141550341372,1.2377113408606264,1.310271196975236,1.608741017007152,2.1164969165328698
2,1,0.8375509777206596,0.8143456864733267,0.8989373307983018,0.5313961016749483,64,1024,False,0.4660375520142251,0.47209746976080147,-0.0060599177465768105,0.44272452075776525,0.45929708300195504,0.11490566432334771,0.12533004471123643,0.15341272014067264,0.31868474962013005,0.14516634820558633,0.3147320791427624,0.45989842734834846,0.3156487162667129,0.21560685310944863,0.21773520914936934,0.08780937506499674,0.2415618738525857,0.06416125411719761,0.16565007452949781,0.03791608416214669,0.12973908174627807,0.08421970237395726,0.14701522587711224,0.05801369214168517,0.11153752970130881,0.47209746976080147,0.4660375520142251,0.15341272014067264,0.31868474962013005,0.44272452075776525,0.9147021342098084,0.8209264284856947,0.9421795588096025,0.8461459733076158,0.9421795588096025,0.8461459733076158,0.7383244717817851,0.7441205492528443
2,2,0.9999999999999998,0.9999999999999997,0.9999999999999999,0.533021662095497,64,1024,False,0.2504123736300058,0.2552643151771535,-0.00485194154714884,0.24143980474770535,0.23798293207952997,0.08866124915200194,0.09272668372093644,0.02146136355901801,0.23380295161813464,0.019325468168261556,0.2238638051769929,0.24318927334525475,0.07946677870460706,0.2408390618372117,0.23744475555541464,0.09264659377610718,0.0005381765241153358,0.04210973789439814,0.13521276040960573,0.04202838361128154,0.13510417386178614,0.062126668279233854,0.11686383772757836,0.06204488048388157,0.11675591245875694,0.2552643151771535,0.2504123736300058,0.02146136355901801,0.23380295161813464,0.24143980474770535,0.8963694129882658,0.8652276618664366,0.7839386301237262,0.8047915093986049,0.7839386301237262,0.8047915093986049,0.7383244717817851,0.6996597739331736
2,3,0.8129398570709552,0.8574847276941215,0.9238653659792064,0.5326315679058735,64,1024,False,0.32368606737201383,0.327704313286624,-0.004018245914612333,0.28918259853873923,0.309580764210653,0.10507013107963066,0.11704275588892252,0.14062170021281972,0.18708261307380458,0.1377826937686377,0.18094085182606046,0.318723545594698,0.4322953094398863,0.2023541360652693,0.20990491294092306,0.08812603985373911,0.09967585126972994,0.05518772384672903,0.1549525383125323,0.036865596793245,0.12919188347807206,0.07509038078569574,0.1362184982135659,0.05689693938620621,0.11087659362965496,0.327704313286624,0.32368606737201383,0.14062170021281972,0.18708261307380458,0.28918259853873923,0.9147021342098084,0.9307252849247502,0.7839386301237262,0.8061424729220179,0.7839386301237262,0.8061424729220179,0.7383244717817851,0.7065034940616499
2,4,0.7087994957388859,0.7528299282232722,0.8617422594248384,0.5146356926293462,64,1024,False,0.28444946074110483,0.2875535877417933,-0.0031041270006888486,0.25267802381535515,0.2781357598211654,0.10254098089766986,0.11665832883215407,0.12035308934359375,0.16720049839819826,0.11957164923407927,0.16553291502342637,0.28510456425750597,0.4193957734260696,0.17793198614104574,0.19405086998386195,0.08780479730131457,0.08408488983730344,0.053248109900518426,0.1518338518948213,0.03411077262089436,0.12556313717192946,0.0730430221374263,0.13301866013352992,0.0539780116014299,0.10712147749291034,0.2875535877417933,0.28444946074110483,0.12035308934359375,0.16720049839819826,0.25267802381535515,0.9147021342098084,0.9585554717996774,0.9421795588096025,0.9680974563043189,0.9421795588096025,0.9680974563043189,0.7383244717817851,0.7523250856789507
2,5,0.6197949715722815,0.6696794193372666,0.8077616053800338,0.4913048053379978,64,1024,False,0.21755863419484878,0.2201772836898799,-0.002618649495031221,0.19102832571901002,0.21355720026316005,0.08680712558599883,0.09942854871156612,0.044661624834666826,0.17551565885521123,0.045421053511597316,0.17052414951809503,0.2159452030296927,0.21033601522212036,0.15574319222743008,0.17134413236298815,0.07953512898263819,0.0422130679001719,0.039949687839078867,0.1336645633329188,0.03215355146034774,0.12218053315699828,0.059846873497008346,0.11517552589066327,0.052036832727026194,0.10382130828656955,0.2201772836898799,0.21755863419484878,0.044661624834666826,0.17551565885521123,0.19102832571901002,1.1428910179191698,1.2048318971211445,1.1614437610805983,1.218527021984221,1.0661092863555635,1.1911208521607854,0.8747747634144319,1.388693061465239
2,6,0.5578367372855405,0.5959190504907086,0.7562354458008,0.47952730723322795,64,1024,False,0.20627079454808742,0.20907710251624034,-0.00280630796815272,0.20225389697909762,0.20408168634551468,0.09353036774182893,0.09777025356768401,1.1864755731046655e-07,0.2090769838686841,2.0181435523438768e-07,0.20096057630881436,0.2009607781231694,1.0042474811213913e-06,0.14372544339499996,0.15675528133487657,0.07936983322659869,0.04732640501063812,0.04701291538924278,0.14004782009441508,0.0346374875484615,0.12322800162848196,0.066884511616081,0.12154833647946361,0.05441995897854213,0.10483966789615806,0.20907710251624034,0.20627079454808742,1.1864755731046655e-07,0.2090769838686841,0.20225389697909762,1.1428910179191698,1.223133659765662,1.1614437610805983,1.4493000750780185,1.2377113408606264,1.4058257927914382,1.4439517517824427,1.5106067703549553
2,7,0.5017138425603227,0.5288996147158893,0.7048375013729145,0.4671371244221757,64,1024,False,0.37031111240396725,0.37343445574480605,-0.0031233433408382003,0.3833882839912435,0.3792392060144821,0.13587539779217714,0.13442663983319134,0.09280520338216211,0.2806292523626429,0.09275883660437456,0.2765249415698533,0.3692837781742278,0.25118578742608894,0.13136191759189542,0.14166163865432121,0.07567618022963546,0.23757756736016086,0.08489034223444848,0.1868604533499058,0.03297458925559243,0.11941144217227814,0.10482935677282512,0.16807840334513457,0.0528108912621974,0.10117443552735494,0.37343445574480605,0.37031111240396725,0.09280520338216211,0.2806292523626429,0.3833882839912435,1.2410910925283953,1.3197503441671017,1.4541962333351186,1.4737214486641097,1.4359099306526546,1.4737214486641097,1.4439517517824427,1.5228475003303408
2,8,0.4582088382749033,0.4668853241523221,0.6547700557879357,0.4288453720134752,64,1024,False,0.6607785389970455,0.6635749190343236,-0.0027963800372758627,0.688348707589511,0.682971754024353,0.17398695761296507,0.1751578620484822,0.3498414016580139,0.31373351737631006,0.35062601536604027,0.3163845178019825,0.6670105331680238,0.5256678836850025,0.12297553631917511,0.13223291698184178,0.07609846077583346,0.5507388370425111,0.1191678737768662,0.2288060414490639,0.03396628261326702,0.11962028188068853,0.13910609207960078,0.20975791782984743,0.05378493940952467,0.10140232643607305,0.6635749190343236,0.6607785389970455,0.3498414016580139,0.31373351737631006,0.688348707589511,1.2410910925283953,1.3045910341500695,1.4541962333351186,1.5038501270488736,1.4359099306526546,1.475291972441243,1.455753921130842,1.6855432817152798
2,9,0.428191935481535,0.40678497281251147,0.602620461027913,0.3710863166411311,64,1024,False,0.7597032881665212,0.7622024015293546,-0.0024991133628333006,0.8021415401661526,0.7895179825885862,0.1685320348681283,0.1718587315785034,0.34992833736695095,0.4122740641624036,0.3508049171930781,0.42130015333967213,0.7721050705327508,0.45434867685951535,0.11485686941741248,0.12379405244295576,0.07558417821244227,0.6657239301456305,0.11392278090633524,0.22314128882992135,0.03233400145112299,0.11717512160325165,0.13383417300792644,0.20408212507754797,0.052195125026628375,0.0990066100639524,0.7622024015293546,0.7597032881665212,0.34992833736695095,0.4122740641624036,0.8021415401661526,1.2410910925283953,1.244026545070501,1.4541962333351186,1.5155561288958426,1.4359099306526546,1.4818397202396802,2.2127017052991143,2.2956758326598767
2,10,0.34274598271975476,0.35219350161652185,0.5505007247006295,0.34018062475894806,64,1024,False,0.5121882603033737,0.5144015894857294,-0.0022133291823600845,0.5334882285156172,0.5257115600210833,0.13684860870612323,0.14166537350890437,0.11048918408231705,0.4039124054034128,0.11284200498151123,0.4036083351265667,0.5164503401080782,0.21849536386769858,0.10820924255344146,0.11468771110175682,0.07489232406069958,0.41102384891932653,0.08509322535899788,0.18860399205324857,0.031206188573159974,0.11543759926626125,0.10485120059456676,0.1696074081628467,0.051080828285194,0.09729385887476383,0.5144015894857294,0.5121882603033737,0.11048918408231705,0.4039124054034128,0.5334882285156172,2.162878128887035,1.642707173619898,1.5941321227530696,1.687242546294511,1.4359099306526546,1.489771902741557,4.471957533228034,2.3291810717204844
2,11,0.17026174462068708,0.30541414052947,0.5029027299342276,0.3050123658575665,64,1024,False,0.5830455196305346,0.5827952874692506,0.00025023216128320947,0.5811883819272722,0.5708233229508488,0.16272722340810206,0.16114377697507723,0.10746596202307529,0.4753293254461739,0.10159645084980568,0.47251181939487574,0.5741082702446797,0.1769639214681687,0.10128644279851565,0.10582822482561204,0.07167363446705644,0.46499509812523676,0.10864174643990171,0.2168127003763024,0.03164984357577493,0.11484433039092184,0.12845892849145457,0.1977197316591628,0.05127089583402267,0.0965041901145014,0.5827952874692506,0.5830455196305346,0.10746596202307529,0.4753293254461739,0.5811883819272722,4.274812678185758,4.438112436181599,2.553316176612505,2.9477417355495517,2.553316176612505,2.9477417355495517,4.471957533228034,3.953858792670706
3,0,0.5335130498068535,0.5433623135139034,0.7138557755523658,0.38442125641047986,64,1024,False,0.4631258147339435,0.46667597514489195,-0.0035501604109479763,0.42243448358555136,0.44589599154058707,0.11392565246879331,0.12959195950282865,0.028040456029509154,0.43863551911538434,0.02071888182879716,0.42579998987038,0.44651887169917637,0.04640090966358002,0.3280536361314691,0.3600866101255241,0.14386933290390913,0.08580938141506295,0.06312767459910769,0.16472363033847892,0.07941639425176844,0.18487926803166682,0.08315661456435919,0.14605648486758582,0.09944208773958962,0.16603012907580705,0.46667597514489195,0.4631258147339435,0.028040456029509154,0.43863551911538434,0.42243448358555136,1.2410910925283953,1.2834257275517933,1.4541962333351186,1.5023966608895292,1.4359099306526546,1.4811676375731906,2.2127017052991143,2.4308863140329477
3,1,0.6433826885272539,0.6787056562205905,0.8127816577839114,0.4774584543115236,64,1024,False,0.7468047656466539,0.753504801706768,-0.006700036060112988,0.6808699026368717,0.7454792061023138,0.13387499368022177,0.15714248006853293,0.20330396692778963,0.5502008347789786,0.18397321496752642,0.5498164627475337,0.7337896777150588,0.2507165480174087,0.3537203280990876,0.39778662442183715,0.1452161251612305,0.3476925816804766,0.08055558635056438,0.18719440100987916,0.07539862654814691,0.1792196728204137,0.10062138437933754,0.16837815679173218,0.09538213272753637,0.1604023925756337,0.753504801706768,0.7468047656466539,0.20330396692778963,0.5502008347789786,0.6808699026368717,1.1428910179191698,1.1174356790356104,1.1614437610805983,1.174279602674619,1.0661092863555635,1.1211434840296624,1.4439517517824427,1.207900172401358
3,2,0.8129398570709552,0.8574847276941215,0.9238653659792064,0.5526290978024402,64,1024,False,0.404795309440483,0.41180220619254754,-0.007006896752065795,0.3804898471623013,0.41477174782299253,0.10391653902684951,0.12139463284100294,0.05000410137418247,0.36179810481836666,0.04311583573259671,0.3644476148529696,0.4075634505855661,0.10578925973526357,0.38686143211432084,0.4242432960135508,0.1416392161660592,-0.009471548190558288,0.05495283826353885,0.1528802397901602,0.07266486690916053,0.17552673740987873,0.07485193098546006,0.13422965439531254,0.09255088994541438,0.15664627947990084,0.41180220619254754,0.404795309440483,0.05000410137418247,0.36179810481836666,0.3804898471623013,0.9147021342098084,0.8652276618664366,0.7839386301237262,0.8047915093986049,0.7839386301237262,0.8047915093986049,0.7383244717817851,0.6996597739331736
3,3,0.9999999999999993,0.9999999999999998,0.9999999999999999,0.567085889115587,64,1024,False,0.45632862786342815,0.4626158892680989,-0.006287261404671439,0.41032825512816895,0.45818887106029016,0.12520986005750634,0.13660841538467283,0.17923340711151928,0.28338248215657913,0.17332949388021104,0.2845274175196143,0.4578569113998265,0.37856694867897267,0.40965955547864374,0.4575171972584334,0.13661246643805808,0.0006716738018567869,0.07380546450351837,0.1766142556114943,0.07378310786488078,0.17658723788505903,0.09379185167927062,0.15783219899458345,0.0937692266452359,0.15780501729022944,0.4626158892680989,0.45632862786342815,0.17923340711151928,0.28338248215657913,0.41032825512816895,0.9147021342098084,0.9307252849247502,0.7839386301237262,0.8061424729220179,0.7839386301237262,0.8061424729220179,0.7383244717817851,0.7065034940616499
3,4,0.8649523707124777,0.8820081029263247,0.9377440316588552,0.5810255384355282,64,1024,False,0.5081891133361726,0.5140292477877287,-0.005840134451555957,0.45980043520226394,0.5165916155547156,0.1382296357015705,0.15318586554071112,0.2589607309187451,0.25506851686898446,0.25422621186375577,0.2610338161804649,0.5152600280442194,0.4933940108428868,0.3782792815423336,0.4316543361575734,0.1378169244531678,0.08493727939714213,0.085370055540463,0.19108921586267802,0.07237318054501848,0.17448611387890653,0.10537607152946293,0.17220671902759932,0.09234737959195627,0.15572337787307333,0.5140292477877287,0.5081891133361726,0.2589607309187451,0.25506851686898446,0.45980043520226394,0.9147021342098084,0.9585554717996774,0.7839386301237262,0.7892976800515411,0.7839386301237262,0.7892976800515411,0.7383244717817851,0.7373954550190962
3,5,0.76685053731067,0.7846215743035629,0.8812945730792727,0.5809983000513814,64,1024,False,0.4355848662256977,0.44152904548301897,-0.005944179257321508,0.38998791657844095,0.4518574409220886,0.11927206124857537,0.13513934857901774,0.17913211819895405,0.26239692728406255,0.1749537638148949,0.2695299437246332,0.4444837075395287,0.39361119619741286,0.3485991811251715,0.404812994975151,0.13606547255283616,0.04704444594693763,0.06868310918469228,0.16986101331245845,0.07231217133315775,0.17469476429619035,0.0886361348311766,0.15114399768935982,0.09224253721913556,0.15590785937092733,0.44152904548301897,0.4355848662256977,0.17913211819895405,0.26239692728406255,0.38998791657844095,0.9147021342098084,0.9506480390896884,0.9421795588096025,0.9847497530017424,0.9421795588096025,0.9847497530017424,0.7383244717817851,0.7572340549639277
3,6,0.6782821739762702,0.6957282331020211,0.825262016561982,0.5752485521925118,64,1024,False,0.3868439823728315,0.3933876667391634,-0.00654368436633348,0.3583269903743496,0.40464256508253515,0.10651221345563563,0.12031106837177824,0.07641397336766279,0.31697369337150555,0.07422769028298531,0.3214902510966029,0.3957179413795881,0.18757726784943324,0.3297669723622822,0.3799167965874602,0.13654775399429944,0.024725768495074962,0.0581124924313687,0.15491193447990256,0.07602210995265193,0.177443186335603,0.07803641963982955,0.1363371921106591,0.09587225514405873,0.15860824479022995,0.3933876667391634,0.3868439823728315,0.07641397336766279,0.31697369337150555,0.3583269903743496,0.9147021342098084,0.9537606893459227,0.9421795588096025,0.9795057064863286,0.9421795588096025,0.9795057064863286,0.7383244717817851,0.7530606179875899
3,7,0.596906965269359,0.612773564521418,0.7682846043871484,0.5659807507558376,64,1024,False,0.4168758666870294,0.4241695147604924,-0.0072936480734624755,0.39977208889640503,0.44726754056633006,0.11082256492071192,0.12149746865509792,0.00395559735710165,0.4202139174033955,0.003229755035078417,0.42717488004567067,0.4304046350807489,0.007503996871391679,0.3109911712184118,0.3502651504844736,0.1383040663269337,0.09700239008185646,0.06213127053667809,0.15951385930474576,0.0797259866251369,0.18153311407778544,0.08204196948645404,0.14088642904971493,0.0995311991791823,0.1626351120066829,0.4241695147604924,0.4168758666870294,0.00395559735710165,0.4202139174033955,0.39977208889640503,1.1428910179191698,1.2256582899611512,1.1614437610805983,1.2753775328983268,1.2377113408606264,1.305209528640172,0.7383244717817851,0.744443337815465
3,8,0.5220792709181259,0.5354099082310197,0.7116268539233261,0.5217108436711599,64,1024,False,0.44732935645675864,0.4541443069129249,-0.006814950456165691,0.4402798389068624,0.48433530322829016,0.10733297749850543,0.12426115210502049,0.0008368258475048445,0.4533074810654197,0.001320594351787736,0.46487925998231383,0.46619985433410266,0.002832678602343214,0.29931157494731264,0.3293960660548005,0.1429522840083275,0.15493923717348967,0.058465063138628676,0.15620089185838218,0.08356982651466349,0.1855151618235138,0.07849451472429791,0.13767967049352592,0.10341727839841042,0.16665079457015963,0.4541443069129249,0.44732935645675864,0.0008368258475048445,0.4533074810654197,0.4402798389068624,1.2410910925283953,1.3045910341500695,1.4541962333351186,1.5038501270488736,1.4359099306526546,1.475291972441243,0.7383244717817851,0.7587149247891382
3,9,0.42737474056395774,0.4624013134695973,0.6529085767469005,0.4579104232561275,64,1024,False,0.6432715222114104,0.6497085341957326,-0.006437011984315199,0.635513395958031,0.6832890469002374,0.1179341099061045,0.13621832852724522,0.029660338802679893,0.6200481953930463,0.02700295757515738,0.6422761019544558,0.6692790595296123,0.04034633564381321,0.2857446706253988,0.31072445303496926,0.14652706400252455,0.37256459386526813,0.06791933038850761,0.1679488894237014,0.08429472001181114,0.186959293866311,0.08794920099171577,0.14936674336058786,0.10431167304341216,0.1682380613638088,0.6497085341957326,0.6432715222114104,0.029660338802679893,0.6200481953930463,0.635513395958031,1.2410910925283953,1.244026545070501,1.4541962333351186,1.5119354508796572,1.4359099306526546,1.4818397202396802,1.4439517517824427,1.5126586406228286
3,10,0.3219304012409916,0.39584372718245764,0.5933167399016318,0.42329018589848744,64,1024,False,0.9209443710514089,0.9275157243295794,-0.006571353278181077,0.9012805765007401,0.9402873599862844,0.15614521014222021,0.16916136302442297,0.34927546391052405,0.578240260419062,0.34286546234512494,0.59375200186551,0.9366174642106346,0.3660677655995729,0.2769342860582463,0.2977226432357079,0.14860142603011442,0.6425647167505766,0.10233604677154079,0.20995437351289964,0.08670034357735541,0.18921691884460762,0.12239149628294399,0.1910710739539354,0.10670941247371957,0.1704992329250672,0.9275157243295794,0.9209443710514089,0.34927546391052405,0.578240260419062,0.9012805765007401,2.162878128887035,2.1258834769801576,1.4541962333351186,1.5045406804142216,1.4359099306526546,1.489771902741557,1.608741017007152,1.7266510904248875
3,11,0.1540187760515743,0.3383509837506395,0.5359215328731017,0.3704586687677032,64,1024,False,0.6213951721581666,0.622267694820909,-0.0008725226627453987,0.6073072766581613,0.6094330774639959,0.14303548424822857,0.14782404118803857,0.16149179543994927,0.4607758993809606,0.15365833074598323,0.4551541496924021,0.6088124804383853,0.2523902444236016,0.2680410452959665,0.2836727868521387,0.14874323160646308,0.3257602906118572,0.0907863516874344,0.19528461680902273,0.09055721316555539,0.19334910651317028,0.11073202018451411,0.17644455161644146,0.11048769171611639,0.17454105900833383,0.622267694820909,0.6213951721581666,0.16149179543994927,0.4607758993809606,0.6073072766581613,4.274812678185758,4.438112436181599,1.5941321227530696,2.1317471146427143,1.9148128616484066,2.176313978646456,2.2127017052991143,2.3071366716897583
4,0,0.48106050224506536,0.47620133851340885,0.6600633179881568,0.36793643976455936,64,1024,False,1.136379983885573,1.1401580425837985,-0.003778058698226622,1.043716460909692,1.106102862362272,0.1840493697727278,0.194130946034878,0.6422440501702044,0.49791399241359763,0.6281324082425223,0.4914032646753448,1.1195356729178674,0.5610651124723955,0.7055541236144378,0.7472980562498812,0.21665988119403481,0.35880480611239074,0.1256206473562585,0.24247809218919708,0.14161673011997908,0.2617306210320227,0.14561008844611933,0.22318677754810778,0.16160906603909098,0.24230691623233724,1.1401580425837985,1.136379983885573,0.6422440501702044,0.49791399241359763,1.043716460909692,1.2410910925283953,1.2834257275517933,1.4541962333351186,1.5023966608895292,1.4359099306526546,1.4811676375731906,2.2127017052991143,2.4308863140329477
4,1,0.5667672336190047,0.5932983933235143,0.7538004568804457,0.4792517336764942,64,1024,False,2.1280209165079262,2.1356573198398476,-0.007636403331922028,1.9917681478649978,2.124371380581544,0.21447866422991563,0.2262931735543368,1.5457554329160619,0.5899018869237734,1.534614755041902,0.5936829093625118,2.1282976644044163,0.7210526895312593,0.722099212150021,0.7792840108423035,0.2124712039009732,1.3450873697392405,0.15342860232687383,0.2755287261329574,0.13912444441794888,0.25845832430386084,0.17348835392476758,0.25611632711661514,0.15918766956747277,0.23913812712271465,2.1356573198398476,2.1280209165079262,1.5457554329160619,0.5899018869237734,1.9917681478649978,1.1428910179191698,1.1174356790356104,1.266800268315453,1.174279602674619,1.266800268315453,1.1990764580422655,1.4439517517824427,1.207900172401358
4,2,0.7087994957388859,0.7528299282232722,0.8617422594248384,0.5813815339534681,64,1024,False,1.3765832353415066,1.3851696655208392,-0.00858643017933221,1.2931708999952773,1.3801659547901381,0.20304309067793963,0.21226161528381884,0.9933414679623405,0.39182819755848974,0.9929439341266373,0.39793192410813494,1.390875858234776,0.7138983168395976,0.7489562628396021,0.8021402363017748,0.20512700101944492,0.5780257184883634,0.1432200533688507,0.2628661279870286,0.13298755855496333,0.2503557449784167,0.16334332826954778,0.24361410860001342,0.1530944266851293,0.231153749715304,1.3851696655208392,1.3765832353415066,0.9933414679623405,0.39182819755848974,1.2931708999952773,0.9147021342098084,0.8652276618664366,0.9421795588096025,0.8658639948666849,0.9421795588096025,0.8658639948666849,0.7383244717817851,0.6996597739331736
4,3,0.8649523707124777,0.8820081029263247,0.9377440316588552,0.6094466495034856,64,1024,False,1.1369139002064932,1.14496151192952,-0.00804761172302572,1.0528012811503946,1.1445774893556993,0.195252244335704,0.21006823762053992,0.8313992035979286,0.31356230833160464,0.8384003139766207,0.31971748192444144,1.1581177959010618,0.7239335384914899,0.7650217801240363,0.834557182836134,0.20029803491668444,0.31002030651956525,0.13590697759096765,0.2545975110804404,0.12728740163707325,0.2440850445515778,0.15603948404168477,0.23537359900365118,0.14742725616088137,0.22493257924361387,1.14496151192952,1.1369139002064932,0.8313992035979286,0.31356230833160464,1.0528012811503946,0.9147021342098084,0.9307252849247502,0.7839386301237262,0.8061424729220179,0.7839386301237262,0.8061424729220179,0.7383244717817851,0.7065034940616499
4,4,1.0000000000000007,1.0,1.0,0.6264152955248916,64,1024,False,0.8580535628548126,0.8656685434781635,-0.007614980623353554,0.7967646440260382,0.8744321556545607,0.1811117218953125,0.19460876443067907,0.6013382518565196,0.26433029162164934,0.6110422725686359,0.27664473445480287,0.8876870070234384,0.6883532908942329,0.796116202494803,0.8737019965611497,0.19469549014708137,0.0007301590934110092,0.12353956933179158,0.2386838744588334,0.12360609719785191,0.23876316519308982,0.14372541152260965,0.21963016779045574,0.1437913113331888,0.2197083239152562,0.8656685434781635,0.8580535628548126,0.6013382518565196,0.26433029162164934,0.7967646440260382,0.8597039705451806,0.8675713863600734,0.7839386301237262,0.7892976800515411,0.7839386301237262,0.7892976800515411,0.7383244717817851,0.7373954550190962
4,5,0.8690655476920907,0.8855341015991577,0.939800235566833,0.6255817480434408,64,1024,False,0.820508626560282,0.828332260623536,-0.007823634063252254,0.7596995441016017,0.8359627644611881,0.1718678433235101,0.186118579718284,0.5551791340329931,0.2731531265905456,0.5628425661056472,0.28119481110491895,0.8440373772105635,0.6668455465393849,0.7630916199082334,0.839661122305484,0.19632103351534508,-0.003698357844295841,0.11498219947627034,0.22875348717074986,0.12525701588930518,0.24112153568783787,0.13514445060718572,0.2097630300122546,0.14542588100448484,0.2220558580957004,0.828332260623536,0.820508626560282,0.5551791340329931,0.2731531265905456,0.7596995441016017,0.9147021342098084,0.9506480390896884,0.7839386301237262,0.7870461121048166,0.7839386301237262,0.7870461121048166,0.7383244717817851,0.7572340549639277
4,6,0.7584836398014843,0.7851199146551411,0.8819476654344885,0.646230349515782,64,1024,False,0.890381396911973,0.8996057052786571,-0.009224308366685119,0.834829688343466,0.9117634010875292,0.16726424127221573,0.17671489209218308,0.575210524905955,0.3243951803726954,0.5839821089785064,0.33443325933594165,0.9184153683144515,0.6358583807784887,0.7369926485615369,0.8098034992400898,0.19756650641183213,0.10195990184743942,0.11139618727380898,0.22313229527062248,0.1307520925100486,0.24672894765494696,0.13142009316652548,0.20408965143724345,0.15085393798653968,0.22759901256358717,0.8996057052786571,0.890381396911973,0.575210524905955,0.3243951803726954,0.834829688343466,0.9147021342098084,0.9526894556898206,0.9421795588096025,0.9795057064863286,0.9421795588096025,0.9795057064863286,0.7011626146473663,0.6343290777993162
4,7,0.6591814297901386,0.6892695589401676,0.8216076259781819,0.6448188507899532,64,1024,False,0.6881652218096219,0.6986186170155897,-0.010453395205969088,0.6373861427403439,0.7154535189922752,0.12975613161864477,0.14226586129406796,0.28860167583921803,0.41001694117637194,0.29261165310148884,0.42306119920635327,0.7156728523078397,0.40886230651044003,0.7101130411179171,0.7740650572813289,0.20929342884469815,-0.058611538289053744,0.07853801271218747,0.18097425052510208,0.1410333646260971,0.2583459457410972,0.09860851945268223,0.16232983256486477,0.1611900272037019,0.2392185401331517,0.6986186170155897,0.6881652218096219,0.28860167583921803,0.41001694117637194,0.6373861427403439,1.1428910179191698,1.2256582899611512,0.9421795588096025,0.9746324569431559,0.9421795588096025,0.9746324569431559,0.7011626146473663,0.744443337815465
4,8,0.5605650485251762,0.6007738798595195,0.7614105069508663,0.6040149189763221,64,1024,False,0.6185472305262033,0.6286425468329245,-0.010095316306720175,0.5858917965099841,0.6439052054925983,0.108495350495704,0.12681904493646062,0.14155543567526113,0.4870871111576659,0.13988578138634478,0.501845866246103,0.6417316476324472,0.2179817403464954,0.6954294502769732,0.741503536734287,0.21845076397182253,-0.09759833124168871,0.059972634347132125,0.15701806664427587,0.15131106338385303,0.26940010318610014,0.079960973438574,0.1385028694930952,0.17149120988324285,0.2502787314078887,0.6286425468329245,0.6185472305262033,0.14155543567526113,0.4870871111576659,0.5858917965099841,1.1428910179191698,1.3045910341500695,1.1614437610805983,1.2393136423339257,1.2377113408606264,1.3500675425993587,0.7383244717817851,0.7587149247891382
4,9,0.4494493712323021,0.5152871851498126,0.6965775314491198,0.538427176546501,64,1024,False,1.0190396853991786,1.0288353347917647,-0.00979564939258567,0.9869534827657326,1.040285785170211,0.13048622522110553,0.14677674384883613,0.32590520996380484,0.7029301248279618,0.31970047523215744,0.7260406373542936,1.0457411125864524,0.3057166552832908,0.6817556571779212,0.7161084169929689,0.2276129772824645,0.3241773681772421,0.07930015930176475,0.1816722911404463,0.15748039882670722,0.2770403783171688,0.09953712177230045,0.16317950596567243,0.17761240582331084,0.25782417391747003,1.0288353347917647,1.0190396853991786,0.32590520996380484,0.7029301248279618,0.9869534827657326,1.2410910925283953,1.244026545070501,1.4541962333351186,1.5119354508796572,1.4359099306526546,1.4818397202396802,0.7383244717817851,0.7275854029689603
4,10,0.33135765596019506,0.43800686421179724,0.6317245890707719,0.49731421435928264,64,1024,False,1.1390716925645863,1.1492790493835452,-0.010207356818953147,1.1129127097272933,1.142154010336356,0.14126888236504573,0.15325827937588518,0.41936307974861914,0.729915969634927,0.41220324468726643,0.7392648202058962,1.1514680648931643,0.3579806138397,0.6646697288344391,0.6961814448080308,0.23635392439471278,0.4459725655283253,0.08890467272783631,0.19363309200225515,0.16514613053494973,0.2856011034523913,0.10915775714238407,0.1750505692398292,0.18521341696032323,0.26628919473296264,1.1492790493835452,1.1390716925645863,0.41936307974861914,0.729915969634927,1.1129127097272933,2.162878128887035,1.642707173619898,1.4541962333351186,1.456575772133542,1.4359099306526546,1.456575772133542,0.8747747634144319,0.8133607158145134
4,11,0.14378747727084937,0.3706542820643832,0.5668359857312706,0.44650921330556104,64,1024,False,1.175411352873725,1.177394659968718,-0.0019833070949876507,1.1378556543446736,1.139165206956879,0.1671437192521894,0.17519176123419716,0.5631208425643794,0.6142738174043468,0.5500500804920373,0.5964727705374702,1.146522851029511,0.4797550088060821,0.6507951652400111,0.6864943966102419,0.24754900790417075,0.45267081034663703,0.11228417909503416,0.22200325940934465,0.175198723438938,0.2971239522664865,0.1325036119960714,0.2032448511235998,0.19514775923016714,0.27765381881181384,1.177394659968718,1.175411352873725,0.5631208425643794,0.6142738174043468,1.1378556543446736,4.274812678185758,4.438112436181599,1.5941321227530696,1.6764490611724931,1.4359099306526546,1.3844452706154087,1.4439517517824427,1.4430655732712643
5,0,0.41047044264547244,0.42849212548595994,0.6187714631396312,0.3431079515774496,64,1024,False,1.4126791395224014,1.4163794223289488,-0.0037002828065595206,1.3058236462145567,1.3704161488171964,0.19580024931983597,0.20284339702755524,0.8468044267997723,0.5695749955291787,0.8321957697130354,0.5564759073113943,1.3886716770244314,0.5992746762836111,0.7526810108287602,0.7920868837349286,0.2207771090521385,0.5783292650822678,0.13636817732763845,0.2552323213120335,0.14654047178293994,0.26771074207226325,0.15643693758465815,0.23593797632929636,0.16653100473922677,0.24824908511072863,1.4163794223289488,1.4126791395224014,0.8468044267997723,0.5695749955291787,1.3058236462145567,2.162878128887035,2.414718719356413,1.4541962333351186,1.5023966608895292,1.4359099306526546,1.4811676375731906,3.965949865291322,5.539227632011021
5,1,0.4931148863506572,0.5308148462120685,0.7060400707026645,0.4447979312937539,64,1024,False,3.400377144474704,3.4078278604699324,-0.007450715995255519,3.2290366569845093,3.3739333649038494,0.22894447080075453,0.24452841167837255,2.794741055712982,0.6130868047569584,2.7747257480259413,0.6122204140235018,3.3869461620494694,0.8192411733958391,0.7680044924076314,0.8220213219258456,0.21601623938973136,2.551912042978004,0.16642588927741458,0.2914630523240945,0.14353959964038462,0.26394217153023836,0.18645092356018722,0.27190402350970544,0.16356287795497337,0.2445449017905048,3.4078278604699324,3.400377144474704,2.794741055712982,0.6130868047569584,3.2290366569845093,1.2410910925283953,1.1174356790356104,1.4541962333351186,1.3206708118189945,1.4359099306526546,1.3206708118189945,1.4439517517824427,1.207900172401358
5,2,0.6197949715722815,0.6696794193372666,0.8077616053800338,0.5435600503058564,64,1024,False,2.1683320524282883,2.1768162990012305,-0.008484246572942009,2.0595844505516245,2.1664717965776874,0.22268184483212344,0.2361351293045674,1.751348684345896,0.42546761465534433,1.753039720484476,0.42973624030180274,2.1827759607862696,0.8031239815619942,0.7964327648965529,0.8504355116162985,0.21122792406949392,1.316036284961389,0.16091289044278156,0.2844507992214653,0.13676432012332643,0.25543105101495767,0.1810142867907416,0.2650356062440551,0.15685205317276996,0.23616490997665096,2.1768162990012305,2.1683320524282883,1.751348684345896,0.42546761465534433,2.0595844505516245,1.1428910179191698,0.9773857257492996,1.1614437610805983,0.8658639948666849,1.0661092863555635,0.8658639948666849,0.7383244717817851,0.6996597739331736
5,3,0.76685053731067,0.7846215743035629,0.8812945730792727,0.5747971189583855,64,1024,False,1.484570318374038,1.4926323720864614,-0.008062053712421411,1.3867433254375676,1.492012661514533,0.21053497495992837,0.2257174222121538,1.146153482720574,0.3464788893658682,1.154156492973228,0.3540433690842333,1.5081998620574693,0.7652543419535529,0.8166335516110924,0.8872376429371631,0.2066064376548976,0.6047750185773699,0.14979639415843288,0.27127355576142387,0.13091107593631632,0.24863339579987784,0.16993389763956657,0.2519554806058295,0.15103792201989563,0.2294324475733447,1.4926323720864614,1.484570318374038,1.146153482720574,0.3464788893658682,1.3867433254375676,0.9147021342098084,0.9307252849247502,0.9421795588096025,0.9065138739257619,0.9421795588096025,0.8815410258823985,0.7383244717817851,0.7065034940616499
5,4,0.8690655476920907,0.8855341015991577,0.939800235566833,0.5916712351541483,64,1024,False,1.0240789219303106,1.0317270480230591,-0.007648126092748893,0.9505564630918745,1.0387808532659777,0.19392407586071564,0.2082316603736335,0.7428142945822065,0.28891275344084894,0.7504868265278031,0.30405619971137243,1.0545430262391726,0.7116701811629932,0.8414463510828961,0.9201589770537101,0.20148489288293986,0.11862187621226761,0.13524662282628597,0.2526015288951453,0.12953920656469164,0.24579392507078546,0.15538516512606293,0.23341701786557678,0.1497037674926105,0.22667485588317504,1.0317270480230591,1.0240789219303106,0.7428142945822065,0.28891275344084894,0.9505564630918745,0.9147021342098084,0.9481208346271964,0.7839386301237262,0.7892976800515411,0.7839386301237262,0.7892976800515411,0.7383244717817851,0.7373954550190962
5,5,0.9999999999999999,0.9999999999999999,1.0,0.607664925665393,64,1024,False,0.9376373807136856,0.9458854007797075,-0.008248020066028079,0.8687874725670104,0.9531845003185199,0.18244254528660003,0.19513040709013812,0.6494837539042668,0.2964016468754439,0.6558944628336125,0.3072036861018389,0.9630981489354487,0.6810255668735312,0.8680533162938358,0.9523800303382909,0.1952053290395305,0.0008044699802289834,0.12471394358832641,0.24017114698487366,0.12478825775083309,0.24025903649744884,0.14489827912620967,0.22112021379143698,0.14497221331839683,0.22120717041252647,0.9458854007797075,0.9376373807136856,0.6494837539042668,0.2964016468754439,0.8687874725670104,0.8917862326828802,0.9122815781325065,0.7839386301237262,0.7870461121048166,0.7839386301237262,0.7870461121048166,0.7383244717817851,0.7572340549639277
5,6,0.8812416154438574,0.8865925292172501,0.9405159293344767,0.6325202534694311,64,1024,False,1.245697847135513,1.2555242488807863,-0.00982640174527526,1.1669999255107313,1.2786483252210528,0.19511207438140082,0.20021145676078883,0.9027742051132053,0.35275004376757846,0.9168933419388641,0.37144342703409766,1.2883367689729672,0.7116876301448655,0.8244391504469635,0.9179662148474618,0.19441483542174462,0.360682110373591,0.13658990403716564,0.253634244725636,0.13000847691100115,0.24598888082831288,0.1567405192690785,0.23450958827743307,0.1501642746879952,0.22690491176763317,1.2555242488807863,1.245697847135513,0.9027742051132053,0.35275004376757846,1.1669999255107313,0.9147021342098084,0.8956020151671154,0.7839386301237262,0.7640691389208027,0.7839386301237262,0.7640691389208029,0.7383244717817851,0.7116664395303698
5,7,0.7706569483367287,0.7819034501895208,0.8804487943005547,0.6219831954700799,64,1024,False,1.255513806808394,1.2663751139673147,-0.010861307158923942,1.1629612284393847,1.2893250668590077,0.18063219255020602,0.18684745896121224,0.8160521674918467,0.4503229464754608,0.8228132686846759,0.47027256448212784,1.2930858331668025,0.636317595924459,0.7899563372101496,0.8732058220708863,0.20388504004549274,0.41611924478812146,0.12393707399291969,0.23732731110749233,0.1391484002036587,0.25611001191109206,0.14403475749713834,0.2182918173930375,0.15930006490089,0.23699394534196472,1.2663751139673147,1.255513806808394,0.8160521674918467,0.4503229464754608,1.1629612284393847,0.9147021342098084,0.9110660921485086,0.9421795588096025,0.9642278110942641,0.9421795588096025,0.9642278110942641,0.7383244717817851,0.744443337815465
5,8,0.647807006190374,0.6798472742725721,0.816591793907208,0.5774923284169979,64,1024,False,1.163424521314409,1.1737660338326767,-0.010341512518266571,1.0786422724911673,1.199069475361456,0.156027955400319,0.17440827536999964,0.6241752813104142,0.5495907525222722,0.6236375287861435,0.5748900487428275,1.1985275775289752,0.5203364031655473,0.7685969768708935,0.836277061078901,0.21572809476616844,0.36279241428255493,0.10199498223735462,0.21006092856328337,0.14920745982018402,0.26681997369089644,0.1220737555049709,0.19117321772500873,0.16935942645795876,0.24768397098523565,1.1737660338326767,1.163424521314409,0.6241752813104142,0.5495907525222722,1.0786422724911673,1.1428910179191698,1.168960863415795,0.9421795588096025,0.9802618674496066,0.9421795588096025,0.9802618674496066,0.7383244717817851,0.7587149247891382
5,9,0.4953606305004021,0.5806663923388589,0.7470443334600295,0.5005397960753378,64,1024,False,1.56840440252894,1.5779887442826657,-0.009584341753730543,1.486010447747697,1.5977491464017863,0.1589289986991502,0.18154738113343996,0.7899177047680496,0.7880710395146244,0.7828149433039332,0.822953651092455,1.6057685943963822,0.487501714777401,0.7511687512699541,0.8025782624801865,0.22572880160557401,0.7951708839215998,0.10425254150590273,0.21360545589239766,0.15583703292509282,0.2750381614337355,0.12442884502524976,0.19476739322999492,0.17597261550690746,0.25584120005805744,1.5779887442826657,1.56840440252894,0.7899177047680496,0.7880710395146244,1.486010447747697,1.2410910925283953,1.244026545070501,1.266800268315453,1.222958232429004,1.266800268315453,1.2327936380500857,0.8747747634144319,0.798838025455486
5,10,0.3484477499213973,0.49069912581028696,0.6766727408444924,0.4620173077096845,64,1024,False,1.9247517119177846,1.9347184080050683,-0.00996669608726989,1.8381864589032373,1.9382093461770598,0.17339429043042834,0.1999108897482303,1.0800446727797972,0.8546737352252725,1.0708217339105106,0.8755516560351425,1.946373389945651,0.5501625430362113,0.728948843200788,0.7749562188146248,0.2348165026854632,1.163253127362435,0.11714174209351717,0.2296468387673395,0.16246963083225513,0.28266046159762553,0.1374537110386882,0.21084896694083,0.18256174324051244,0.26338642465270823,1.9347184080050683,1.9247517119177846,1.0800446727797972,0.8546737352252725,1.8381864589032373,2.162878128887035,1.642707173619898,1.4541962333351186,1.456575772133542,1.4359099306526546,1.456575772133542,1.4439517517824427,1.4673063451356845
5,11,0.16094152856000127,0.4120764503749832,0.6052428206493441,0.42099890567958215,64,1024,False,2.1345979030538,2.1365851751028133,-0.001987272048995056,2.0600091496318327,2.096013874971814,0.21360653829824647,0.22591370657706197,1.4259233896734402,0.710661785429368,1.4096289868062126,0.6920367782049558,2.101665765011166,0.6707198691028415,0.7135031817353769,0.7582450662110191,0.24326107859458615,1.3377688087607948,0.1543107785777036,0.27290229801878935,0.17104005887931867,0.2924739507153944,0.17449553149344865,0.2537659381268895,0.19102362779085524,0.2730619659268996,2.1365851751028133,2.1345979030538,1.4259233896734402,0.710661785429368,2.0600091496318327,4.274812678185758,4.438112436181599,1.4541962333351186,1.3757930611774336,1.4359099306526546,1.3757930611774336,1.608741017007152,1.5335296615697054
6,0,0.3658048496764522,0.38986795161298754,0.5841122946682198,0.3384517754102636,64,1024,False,1.2400635407054672,1.243038486366089,-0.0029749456606327413,1.1613568550793785,1.2387575479128574,0.1992037210336683,0.21054201784420976,0.8098634678158647,0.43317501855023316,0.8278593370077554,0.41711353081572594,1.2449728678234802,0.6649617500942473,0.6670156608028242,0.7101986590216035,0.2230042128122611,0.5285588888912539,0.13962716591974955,0.25878027614758703,0.147759507355874,0.26900057701244523,0.15959406906040385,0.23937071437831037,0.1677419340921915,0.24952170940377982,1.243038486366089,1.2400635407054672,0.8098634678158647,0.43317501855023316,1.1613568550793785,2.162878128887035,2.414718719356413,1.5941321227530696,1.6254950526662615,1.4359099306526546,1.4811676375731906,4.471957533228034,5.539227632011021
6,1,0.44205300388882235,0.47912484010604917,0.6649861795568095,0.4334602177309349,64,1024,False,2.3273705950978565,2.3335066599546144,-0.00613606485676524,2.223159134672173,2.3533066632264337,0.2272800022149032,0.23968977037190806,1.83926811986325,0.494238540091367,1.8615609750372897,0.4899614193939441,2.3515223944312247,0.7916407598097978,0.6802620316469788,0.7313940816149037,0.2167328421299448,1.62191258161153,0.16510969803858178,0.2894503063912246,0.1461965502513916,0.2666975571008723,0.18513503692520317,0.26992189451266313,0.1662174325538217,0.24728540419164347,2.3335066599546144,2.3273705950978565,1.83926811986325,0.494238540091367,2.223159134672173,1.2410910925283953,1.1174356790356104,1.4541962333351186,1.3206708118189945,1.4359099306526546,1.3206708118189945,1.455753921130842,1.207900172401358
6,2,0.5578367372855405,0.5959190504907086,0.7562354458008,0.5187984335229727,64,1024,False,1.6133028305810613,1.6201156983969398,-0.006812867815872245,1.53868667747933,1.6502714891572439,0.22041666197910592,0.23335677684927725,1.2935494001366095,0.3265662982603247,1.330319894795648,0.32867840788302943,1.658998302678676,0.8018814079843647,0.7021609207197235,0.7564874171262838,0.21218896981587307,0.8937840720309601,0.15888758039141904,0.2819457435667928,0.13873172461186112,0.257423916005596,0.17902612401667284,0.2625847553863423,0.15883764184400206,0.23817136631259928,1.6201156983969398,1.6133028305810613,1.2935494001366095,0.3265662982603247,1.53868667747933,1.1428910179191698,1.0322146911227719,1.1614437610805983,0.8658639948666849,1.2377113408606264,0.8658639948666849,0.7383244717817851,0.6996597739331736
6,3,0.6782821739762702,0.6957282331020211,0.825262016561982,0.5604674200345456,64,1024,False,1.0284112027550225,1.0350967086648766,-0.006685505909860574,0.9537606893459227,1.054156775482802,0.19729292247566943,0.21270609866064377,0.7650994890788739,0.26999721958600514,0.7924180244629587,0.2728843061150068,1.0653023305779585,0.7438433219544804,0.7168742040720854,0.7857128249145261,0.205592906291752,0.26844395056827597,0.137865122463047,0.25672072248829186,0.13201716763235,0.24944129383662605,0.15804118601954542,0.23753474169643596,0.15216689804947237,0.230273556393513,1.0350967086648766,1.0284112027550225,0.7650994890788739,0.26999721958600514,0.9537606893459227,0.9147021342098084,0.9307252849247502,0.9421795588096025,0.9065138739257619,0.9421795588096025,0.8815410258823985,0.7383244717817851,0.7065034940616499
6,4,0.7584836398014843,0.7851199146551411,0.8819476654344885,0.5877071775557119,64,1024,False,0.7976371114123973,0.8041372254043686,-0.006500113991968325,0.7406665211686124,0.8237566616075502,0.18596501509687877,0.19788087510471708,0.5819289892363735,0.22220823616799146,0.6062633161387154,0.2293941683760431,0.8356574845147622,0.7254925940030943,0.7396278765478694,0.8127207817880491,0.19770949860925183,0.01103587981950116,0.12812945532950884,0.2438005748642487,0.1286572971636364,0.24430674305569097,0.1483706002982217,0.22477914553746814,0.14886572666000575,0.2252534140716307,0.8041372254043686,0.7976371114123973,0.5819289892363735,0.22220823616799146,0.7406665211686124,0.9147021342098084,0.9585554717996774,0.9421795588096025,0.9680974563043189,0.9421795588096025,0.9680974563043189,0.7383244717817851,0.7373954550190962
6,5,0.8812416154438574,0.8865925292172501,0.9405159293344767,0.5873299731879058,64,1024,False,0.6953034156291837,0.7019455739521594,-0.006642158322975203,0.6394268602131257,0.7169225823429526,0.16942559623720724,0.1778003385051859,0.4700253104278623,0.23192026352429468,0.48894656186801344,0.236356761903668,0.7253033237716827,0.6741270112005281,0.7602206201038043,0.8378548475876468,0.19069159913297448,-0.12093226524469425,0.11295320709727584,0.22589798537713862,0.12309386836171958,0.23810019909582086,0.13320536488026846,0.2070131796572241,0.14331533323274925,0.21911043194268132,0.7019455739521594,0.6953034156291837,0.4700253104278623,0.23192026352429468,0.6394268602131257,0.9147021342098084,0.9506480390896884,0.7839386301237262,0.7870461121048166,0.7839386301237262,0.7870461121048166,0.7383244717817851,0.7572340549639277
6,6,1.0000000000000004,0.9999999999999998,1.0,0.6325964267663878,64,1024,False,0.8514076944053167,0.8598974639136276,-0.008489769508309559,0.795547793971877,0.8832213120408846,0.17465210377508233,0.18019084856617698,0.5857719195104608,0.2741255444031679,0.604810942295996,0.2839863104915105,0.8887972527875047,0.6804824614378003,0.794863969693645,0.8824533055188803,0.18028407081246647,0.0007680065220042609,0.11814259595292242,0.23116161159724224,0.11821286409437273,0.23124680752204116,0.13838239070173586,0.21227168819314102,0.1384520320498268,0.21235570989665575,0.8598974639136276,0.8514076944053167,0.5857719195104608,0.2741255444031679,0.795547793971877,0.8688703311559518,0.8723699130418888,0.7839386301237262,0.7640691389208027,0.7839386301237262,0.7640691389208029,0.7383244717817851,0.7111499525903209
6,7,0.893384644211416,0.8907050034327402,0.9428946258580313,0.6439262375596254,64,1024,False,0.6888288216752462,0.6987981558839472,-0.009969334208703393,0.6312720128582885,0.7195965849416939,0.13514025166570307,0.14734290173507086,0.34216869403241396,0.3566294618515362,0.3563480715425781,0.3645020579739684,0.7208501295165473,0.4943441874409735,0.750330341202554,0.8332592259684665,0.19089034848759084,-0.11366264102677259,0.08311646798918756,0.18716403534221857,0.1242065455166216,0.23801902430147281,0.10331132025021361,0.16857296362286434,0.14430373623326886,0.21896112987451488,0.6987981558839472,0.6888288216752462,0.34216869403241396,0.3566294618515362,0.6312720128582885,0.9147021342098084,0.9110660921485086,0.7839386301237262,0.7744294182004313,0.7839386301237262,0.7744294182004315,0.7011626146473663,0.744443337815465
6,8,0.7703828321851713,0.7796777923090286,0.8795291811562,0.6189285068093657,64,1024,False,0.753674874254888,0.7637211621796091,-0.010046287924718985,0.6916967516489779,0.7741337107908903,0.12613023975275758,0.1436304364061389,0.31001650736317227,0.4537046548164421,0.32028562423164797,0.4556880016422523,0.7759736258739023,0.41275323484215326,0.7184360824098808,0.7871978809404985,0.20072806477406463,-0.013064170149608145,0.07554403158762757,0.1767164479178876,0.13341880362610903,0.24783308182582464,0.09560551420872798,0.15807888472772902,0.15357605614553904,0.22881112370669143,0.7637211621796091,0.753674874254888,0.31001650736317227,0.4537046548164421,0.6916967516489779,0.9147021342098084,0.9511144517910214,0.9421795588096025,0.9802618674496066,0.9421795588096025,0.9802618674496066,0.7383244717817851,0.7587149247891382
6,9,0.5752695229507423,0.6681154462802095,0.8082146128855643,0.5641658148773558,64,1024,False,0.9259877434469148,0.9360953829788294,-0.010107639531911895,0.8759836169745003,0.9491407164291359,0.12650843479456902,0.1404413699931278,0.2657242845868324,0.6703710983919969,0.27064694781095056,0.6822415355363162,0.9528884833472671,0.284027934580795,0.6946331092677827,0.7508173876697911,0.2085287680950148,0.19832332875934477,0.07595126487996645,0.1770656047091716,0.1403658511328092,0.25625557793852727,0.0960234300364391,0.15843036970909452,0.16045374317036476,0.23711942817317322,0.9360953829788294,0.9259877434469148,0.2657242845868324,0.6703710983919969,0.8759836169745003,1.1428910179191698,1.165398830051003,1.1614437610805983,1.17823553426331,1.0661092863555635,1.0932700962671438,0.7383244717817851,0.7275854029689603
6,10,0.3825480851549733,0.5626203840934982,0.7321228150263641,0.5169875013794155,64,1024,False,1.0730950628862652,1.0835020605042394,-0.010406997617981832,1.0351118040660408,1.083263639948146,0.1343512272361012,0.15038625811409326,0.3538419556198791,0.7296601048843604,0.35443451347711585,0.7345364337058536,1.0889709471829685,0.325476556003623,0.6698623025502904,0.716598751203626,0.21908733603981856,0.36666488874451986,0.08257860035369825,0.18612385411850418,0.14574906933691292,0.262675395065611,0.10271172194916289,0.16744959740753984,0.16580482923745876,0.2434674856485799,1.0835020605042394,1.0730950628862652,0.3538419556198791,0.7296601048843604,1.0351118040660408,2.162878128887035,1.642707173619898,1.266800268315453,1.3131379611653353,1.266800268315453,1.3131379611653353,0.7383244717817851,0.7325051123252311
6,11,0.19903936856967347,0.46894742423811986,0.6529197906722102,0.4903667036991908,64,1024,False,3.7691371672158898,3.77145237678467,-0.0023152095687883167,3.763882507409491,3.7272339214416395,0.25744726221470726,0.26424937189683784,2.7870403326802213,0.984412044104494,2.7801293196246815,0.9634716203613816,3.7436009399860595,0.7426350629228751,0.6531835068787625,0.6950076787446388,0.22945682829799827,3.032226242697001,0.19469234244943923,0.3202021819799753,0.1558785196937845,0.27430220675797623,0.21467650520207826,0.3006325330788968,0.17585389521264005,0.2549763259739848,3.77145237678467,3.7691371672158898,2.7870403326802213,0.984412044104494,3.763882507409491,4.274812678185758,4.438112436181599,1.4541962333351186,1.2770391061606758,1.4359099306526546,1.2770391061606758,1.1444693006114277,0.7255689827590324
7,0,0.3273401745000056,0.3544495603343737,0.549224904448091,0.2863296467849375,64,1024,False,1.726943362589781,1.7289591240402664,-0.002015761450486294,1.6505522314684598,1.735208622412264,0.21860255923050992,0.2342296476527176,1.3389228635994312,0.39003626044082906,1.361565279131627,0.37725056805337864,1.7388158471849977,0.7830416782409081,0.6790945636972083,0.7154863611514244,0.21806363746023752,1.0197222612608396,0.15695335607677885,0.280251762384241,0.14277948267721505,0.26332643366137976,0.17683721495995997,0.26061055614991346,0.16275461889017606,0.2438656933954917,1.7289591240402664,1.726943362589781,1.3389228635994312,0.39003626044082906,1.6505522314684598,2.162878128887035,2.414718719356413,1.5941321227530696,1.6254950526662615,1.9148128616484066,1.9676649876843961,4.471957533228034,5.539227632011021
7,1,0.40093298039610525,0.4310617943392882,0.6226524631410004,0.36653826185800614,64,1024,False,3.4265048136311105,3.431094928930257,-0.004590115299154094,3.316731818380768,3.4628876204704597,0.23507574794151928,0.25239708410427864,2.9669077644649957,0.46418716446526537,2.999659305808568,0.4580695683250091,3.457728874133593,0.8675229941388034,0.6951062331320336,0.7388362509852047,0.20997912333994567,2.724051369485255,0.17199615159229167,0.29815534429074686,0.1397906645683334,0.25911719036204334,0.19199200401635608,0.2785307206431753,0.15983951967791654,0.23977220260712784,3.431094928930257,3.4265048136311105,2.9669077644649957,0.46418716446526537,3.316731818380768,2.162878128887035,2.007558135146895,1.4541962333351186,1.3206708118189945,1.4359099306526546,1.3206708118189945,2.2127017052991143,2.3257371356137284
7,2,0.5017138425603227,0.5288996147158893,0.7048375013729145,0.46984534022347496,64,1024,False,2.5817379212348275,2.5876222598280654,-0.005884338593254772,2.5055311627812524,2.6382346496032634,0.2379690115688702,0.25256376264226604,2.2785107051375393,0.30911155469052665,2.3310744693871825,0.30798220236786555,2.639056671755049,0.8832983748836855,0.719424415305784,0.7652249609025834,0.205314177003689,1.87300968870068,0.17483613952718519,0.30110188361055523,0.13479055684369395,0.2525943987607731,0.19487036913778866,0.2815211759589147,0.15487977599696023,0.2333523708221037,2.5876222598280654,2.5817379212348275,2.2785107051375393,0.30911155469052665,2.5055311627812524,1.2410910925283953,1.2433155023173679,1.4541962333351186,1.4377551127138577,1.4359099306526546,1.4377551127138577,1.4439517517824427,1.425661843851778
7,3,0.596906965269359,0.612773564521418,0.7682846043871484,0.5104604301366814,64,1024,False,1.942013193981898,1.9478388109248963,-0.005825616942987664,1.859491555752959,1.9831585719392713,0.2326731456346114,0.2475280675808574,1.6811320918857775,0.26670671903911025,1.7212514254775872,0.26861608019723193,1.9898675056748223,0.8650080573549848,0.7382731518631118,0.7941736395243476,0.20089365845136603,1.1889849324149235,0.16988679935391138,0.2954594919153114,0.1281619648987563,0.24462846790105408,0.1899251462164102,0.27589731152693275,0.14826991932204692,0.2254472968779737,1.9478388109248963,1.942013193981898,1.6811320918857775,0.26670671903911025,1.859491555752959,1.1428910179191698,0.9754277780723668,1.1614437610805983,1.0505901192145963,1.2377113408606264,1.1165375167787317,0.7490942181094671,0.7065034940616499
7,4,0.6591814297901386,0.6892695589401676,0.8216076259781819,0.5325422777859636,64,1024,False,1.3001928807767136,1.3057708855177292,-0.005578004741018073,1.2370824890663643,1.3310525822565913,0.22064959496362072,0.2356312138382641,1.0778049860160281,0.22796589950170285,1.1056889269929286,0.23333193445608175,1.3390208614490111,0.8257443620381059,0.7684220635993082,0.8236356982699108,0.192631390649497,0.5074168839866805,0.15933477429255266,0.28196441563468877,0.12143478889384626,0.2359690845112615,0.17940705488581443,0.2625419991018134,0.14163604356872384,0.21696105333103333,1.3057708855177292,1.3001928807767136,1.0778049860160281,0.22796589950170285,1.2370824890663643,1.1428910179191698,1.0900478070516249,0.9421795588096025,0.9680974563043189,0.9421795588096025,0.9680974563043189,0.7383244717817851,0.7373954550190962
7,5,0.7706569483367287,0.7819034501895208,0.8804487943005547,0.538609940459414,64,1024,False,0.8093823589734905,0.8151779660709035,-0.005795607097409236,0.7553711646697825,0.8324713628246597,0.1822451449914884,0.19270716000991184,0.5780299610470246,0.23714800502387687,0.5957662605478462,0.24067439967984805,0.8364406602276934,0.7122636295390858,0.7945377643448528,0.856494010619553,0.18629428118644978,-0.02402264779489327,0.12437727269002723,0.24011301729294954,0.11728493951752887,0.23114230494706683,0.14463891244668048,0.22113298840849893,0.1375118062715046,0.2122062768394244,0.8151779660709035,0.8093823589734905,0.5780299610470246,0.23714800502387687,0.7553711646697825,0.9147021342098084,0.9506480390896884,0.9421795588096025,0.9847497530017424,0.9421795588096025,0.9847497530017424,0.7383244717817851,0.7572340549639277
7,6,0.893384644211416,0.8907050034327402,0.9428946258580313,0.5948753652359301,64,1024,False,0.9826768066003774,0.9905168393175432,-0.007840032717162012,0.9257444333674976,1.0058929759671977,0.190435050762454,0.19639241251813175,0.7173485932390583,0.2731682460784873,0.7341169583957884,0.2789756306723193,1.0130925890681102,0.7246296797719776,0.8400433980858351,0.9090099708810759,0.1751502003944308,0.0968830050861218,0.13225761786294532,0.2486124836619627,0.11467393726124134,0.2267595277869455,0.15242613994632848,0.22953401142876828,0.13490808529604692,0.20789536731899716,0.9905168393175432,0.9826768066003774,0.7173485932390583,0.2731682460784873,0.9257444333674976,0.9147021342098084,0.8956020151671154,0.7839386301237262,0.7640691389208027,0.7839386301237262,0.7640691389208029,0.7383244717817851,0.7530606179875899
7,7,0.9999999999999993,0.9999999999999998,1.0,0.6154697225876359,64,1024,False,0.9191644879149367,0.9286617928553618,-0.009497304940420658,0.8629497240153502,0.9340870984638215,0.16984512756818165,0.178832366032787,0.5848172638791366,0.34384452897622575,0.5972704318434109,0.34287875005893276,0.9401491819023438,0.6352932527525735,0.8621389065579098,0.933185599149829,0.17889702301828997,0.0009014993139925265,0.11403960334671323,0.22565065178965008,0.11410432890612357,0.2257281366192803,0.1341991220251657,0.2067362338566454,0.13426388547668466,0.2068131918349536,0.9286617928553618,0.9191644879149367,0.5848172638791366,0.34384452897622575,0.8629497240153502,0.9147021342098084,0.9110660921485086,0.7839386301237262,0.7744294182004313,0.7839386301237262,0.7744294182004315,0.7383244717817851,0.744443337815465
7,8,0.8833648608908922,0.8866599014480935,0.9407273114309335,0.5916144912275478,64,1024,False,0.8387022123488794,0.8482797059747104,-0.009577493625838717,0.7845699906037064,0.8454958838235045,0.14193782227519647,0.15901626278619022,0.4202096345261148,0.4280700714485989,0.42544597223146174,0.42475779996219687,0.8502037721936608,0.5004047101952318,0.8212541608419774,0.8805135434663368,0.18625905229248144,-0.03501765964283232,0.08917637525242622,0.19469926929796671,0.1191427285738604,0.2307949777020458,0.10934741950040916,0.17602694001834607,0.1392861770291347,0.21186134908202803,0.8482797059747104,0.8387022123488794,0.4202096345261148,0.4280700714485989,0.7845699906037064,0.9147021342098084,0.9299830445927325,0.7839386301237262,0.7975431040112949,0.7839386301237262,0.7975431040112949,0.7383244717817851,0.7587149247891382
7,9,0.672189857955678,0.7686918320779612,0.8722091289291962,0.5344905973452354,64,1024,False,0.923050496167647,0.9325559112824744,-0.009505415114826866,0.869610927699844,0.9262099665968813,0.1257836782593486,0.14341231074714833,0.3080403557248866,0.6245155555575882,0.30607197762573546,0.6270028059917502,0.9330747836174854,0.32802513046072185,0.7846429236048863,0.8359791970027215,0.19324060118266118,0.09023076959415977,0.07471211799042402,0.1768552385282732,0.12232384047937751,0.23502398829600774,0.09485606173984706,0.15828933787997812,0.14236894293571822,0.21593400185520295,0.9325559112824744,0.923050496167647,0.3080403557248866,0.6245155555575882,0.869610927699844,1.1428910179191698,1.165398830051003,0.9421795588096025,0.9640600943706751,0.9421795588096025,0.9640600943706751,0.7383244717817851,0.7275854029689603
7,10,0.43314619038298235,0.6508580674734019,0.79481642285515,0.5025093763422285,64,1024,False,0.8789927960793635,0.8891896508371019,-0.010196854757745044,0.8278975967706534,0.8754806849789163,0.1135404446243465,0.1357745820189033,0.20761614243543594,0.6815735084016677,0.2017718529837882,0.6810635187065028,0.8828353716902886,0.22854980606120603,0.7519461056249628,0.7948665699883091,0.2003968696837469,0.08061411499060722,0.06371038238099117,0.16337050686770183,0.12431515178954188,0.2376466140051634,0.08392586072295671,0.14495100558997365,0.1443690837259055,0.2185482131826575,0.8891896508371019,0.8789927960793635,0.20761614243543594,0.6815735084016677,0.8278975967706534,1.2410910925283953,1.2576188323587052,1.1614437610805983,1.1810641236870656,1.0661092863555635,1.1001395277248363,0.8278975967706534,0.8133607158145134
7,11,0.22851907590398116,0.5393065368312974,0.7082535970938673,0.48295089355516113,64,1024,False,3.5762610097549685,3.5785819985528478,-0.002320988797843119,3.496096644569821,3.479711622049733,0.2494276311190213,0.25495847395168625,2.4457783852954136,1.1328036132574135,2.424451833027569,1.0840487100164002,3.5085005430439713,0.6910222196870796,0.7251195705601727,0.7657046388268094,0.20717213882051633,2.714006983222924,0.18684942794078857,0.31200583429725404,0.13371507525897924,0.2482389871319885,0.20678245864837663,0.2924029008936486,0.15371063593192957,0.22905953929875977,3.5785819985528478,3.5762610097549685,2.4457783852954136,1.1328036132574135,3.496096644569821,2.162878128887035,2.1916651404853025,1.4541962333351186,1.2770391061606758,1.4359099306526546,1.2770391061606758,1.4439517517824427,1.4430655732712643
8,0,0.32896799495037865,0.3217841566557589,0.5167393754337162,0.29000740061908126,64,1024,False,0.21428735678893998,0.21495694583982528,-0.0006695890508867073,0.2089580583645298,0.21898910730383006,0.08958566680206849,0.10138132031952245,0.003222536443515133,0.2117344093963132,0.0043064644057282525,0.20883155151228391,0.2131380159180126,0.020205050643733177,0.7047635491451211,0.7272403835118125,0.23179673262214098,-0.5082512762079825,0.043004989853518555,0.13616634375061842,0.15591915487959512,0.2787583528355659,0.06295977416448295,0.11769617343088612,0.1758552679384593,0.2591770750732394,0.21495694583982528,0.21428735678893998,0.003222536443515133,0.2117344093963132,0.2089580583645298,2.162878128887035,2.414718719356413,2.553316176612505,3.0221878002621,2.553316176612505,3.0221878002621,4.471957533228034,5.539227632011021
8,1,0.38876856330626963,0.3869860572716117,0.5826133911485243,0.36662855461385147,64,1024,False,0.9226010428500652,0.9249377932275221,-0.002336750377453383,0.88215001528946,0.944622025125729,0.2004054888605127,0.2146556092301602,0.6714582515582409,0.2534795416692751,0.6830592913295436,0.2562315288299264,0.939290820159473,0.7272074597871335,0.717076197816037,0.7470571515527243,0.22514578552870002,0.19756487357300467,0.1404672423287967,0.2603437353922287,0.15316870203068078,0.27484014078322994,0.1605108689109329,0.24098404073447455,0.17314138290385017,0.2553341663297033,0.9249377932275221,0.9226010428500652,0.6714582515582409,0.2534795416692751,0.88215001528946,2.162878128887035,2.242794366893344,1.5941321227530696,1.7676860001694665,1.4359099306526546,1.4209746476232963,2.2127017052991143,2.3257371356137284
8,2,0.4582088382749033,0.4668853241523221,0.6547700557879357,0.4815553039182801,64,1024,False,0.9316497393683455,0.9351732125295737,-0.003523473161221201,0.8972638319216982,0.9618714880621627,0.21213088128479957,0.22408730023216056,0.7593268986098585,0.17584631391970984,0.7823675905995635,0.17993989855827988,0.9623074891578428,0.8130120563482754,0.7358637268814617,0.7654643385315816,0.2186249770789077,0.19640714953058114,0.15138642054670376,0.2728753420228954,0.14802989592281665,0.2682981673653667,0.1714834713129676,0.2535132482953486,0.16805797443521442,0.24889743537642062,0.9351732125295737,0.9316497393683455,0.7593268986098585,0.17584631391970984,0.8972638319216982,1.2410910925283953,1.2460496563032035,1.4541962333351186,1.4377551127138577,1.4359099306526546,1.4377551127138577,1.4439517517824427,1.2258866579601952
8,3,0.5220792709181259,0.5354099082310197,0.7116268539233261,0.5031257897114307,64,1024,False,0.9098637691189686,0.9130149339354598,-0.003151164816490387,0.8608612147638998,0.9368759104473826,0.21238366725035557,0.22545627546002198,0.7546424031598881,0.15837253077556446,0.7789903620568563,0.16361909404813052,0.9426094561049846,0.826418997827341,0.7492473862834845,0.7861651850959601,0.21379539442146742,0.1507107253514225,0.15156459167692943,0.2732027428237817,0.14248419085929118,0.2615665405119182,0.1716226931239362,0.2537986299867043,0.16252287868701387,0.24222462224861374,0.9130149339354598,0.9098637691189686,0.7546424031598881,0.15837253077556446,0.8608612147638998,1.2410910925283953,0.9754277780723668,1.4541962333351186,1.419632277186348,1.4359099306526546,1.1165375167787317,0.7490942181094671,0.7065034940616499
8,4,0.5605650485251762,0.6007738798595195,0.7614105069508663,0.5313426095719593,64,1024,False,0.7567471856817111,0.7597416953721318,-0.0029945096904216346,0.7128099577835612,0.7779465675926828,0.20331438004291666,0.21425360783702957,0.6163508910465122,0.14339080432561616,0.6353039936471435,0.14926465765705157,0.784568651304195,0.8097493987187385,0.7659739682144652,0.8070347896710213,0.20851193052249808,-0.0290882220783385,0.14366195548817784,0.2629668045976555,0.13915137720351614,0.2568851694049973,0.16381900932174176,0.24373941853264114,0.15922985885845264,0.23763380273157964,0.7597416953721318,0.7567471856817111,0.6163508910465122,0.14339080432561616,0.7128099577835612,1.1428910179191698,1.0900478070516249,1.1614437610805983,1.1409002224863092,1.2377113408606264,1.1836379002753072,0.7383244717817851,0.7373954550190962
8,5,0.647807006190374,0.6798472742725721,0.816591793907208,0.5365792646998898,64,1024,False,0.6546461458968673,0.6576353842145648,-0.002989238317697973,0.6081726092719362,0.6750563304966554,0.18889472947865663,0.19884310361975518,0.5078689929265712,0.14976639128800048,0.5255753392691704,0.15259678095316606,0.6781721202223362,0.7749881241016846,0.773088594904688,0.8279360168954494,0.20341962998113258,-0.152879686398794,0.13048837005147532,0.24730108890583793,0.13522530030724622,0.2522816788136133,0.1506134883602499,0.2281260067029507,0.15531549142906442,0.23307553517952329,0.6576353842145648,0.6546461458968673,0.5078689929265712,0.14976639128800048,0.6081726092719362,1.1428910179191698,1.2048318971211445,0.9421795588096025,1.0786422724911673,0.9421795588096025,1.0786422724911673,0.7383244717817851,0.7572340549639277
8,6,0.7703828321851713,0.7796777923090286,0.8795291811562,0.5878190187963622,64,1024,False,0.8263001805176438,0.8306580078338347,-0.004357827316194175,0.7748806011462906,0.8455864608129628,0.1998956840656889,0.20686599285821983,0.6541526373296366,0.17650537050420326,0.6699722693477853,0.17965136253666608,0.8496236318844486,0.7885518295457483,0.8014555733555646,0.8597334174913139,0.19499107816297018,-0.014146956678351086,0.14092908657397157,0.2588622815574062,0.13091916758543398,0.24615506854889346,0.16091629841685062,0.23951331986609148,0.15097546135802986,0.22698324152588611,0.8306580078338347,0.8263001805176438,0.6541526373296366,0.17650537050420326,0.7748806011462906,0.9147021342098084,0.9526894556898206,0.9421795588096025,0.9795057064863286,0.9421795588096025,0.9795057064863286,0.7383244717817851,0.7530606179875899
8,7,0.8833648608908922,0.8866599014480935,0.9407273114309335,0.602865211236723,64,1024,False,1.1669672555198178,1.1723682175935055,-0.005400962073683118,1.1143428754264963,1.1859067173989166,0.2211112925765722,0.22684933733147095,0.960204321414952,0.21216389617855877,0.9759520657643674,0.2140617703222865,1.1900138360866541,0.8201182508715813,0.8215644919856574,0.882610008225355,0.1963824937850134,0.30329670917356166,0.16069106179010934,0.28153152336303505,0.13007686981422298,0.24459903967651367,0.18071422185312258,0.26211750067886896,0.1501384833973134,0.22546857091219863,1.1723682175935055,1.1669672555198178,0.960204321414952,0.21216389617855877,1.1143428754264963,0.9147021342098084,0.9110660921485086,0.7839386301237262,0.7744294182004313,0.7839386301237262,0.7744294182004315,0.7383244717817851,0.744443337815465
8,8,1.0000000000000002,0.9999999999999996,0.9999999999999998,0.5791294343934223,64,1024,False,0.8915542809270696,0.897046713889451,-0.005492432962389221,0.8437027206457258,0.8983372395279615,0.18503982839746277,0.1961629080170204,0.6479194735458544,0.24912724034359837,0.6514064504053708,0.2490370178244445,0.9004434682298115,0.7234284809528083,0.8432003438938795,0.8977794226116971,0.19621813371633498,0.000557816916264442,0.12830899286687214,0.2417706639280534,0.12837374990057981,0.24184532693912852,0.14821587965707295,0.22249935631407425,0.14828045351896435,0.2225734850144363,0.897046713889451,0.8915542809270696,0.6479194735458544,0.24912724034359837,0.8437027206457258,0.8780366917667232,0.8844637660526524,0.7839386301237262,0.7975431040112949,0.7839386301237262,0.7975431040112949,0.7383244717817851,0.7587149247891382
8,9,0.834710918713453,0.8885914010602654,0.9414633621550406,0.5346557167415863,64,1024,False,1.0764690874171625,1.082239918196786,-0.00577083077962995,1.0104287917246333,1.070595195815983,0.17422639239105753,0.19263981304127956,0.7228442387140019,0.35939567948278567,0.7152479986268996,0.3616942613382907,1.0769422599651863,0.6641470255332175,0.8164308401690402,0.864197546721583,0.2014850814164168,0.20639764909439995,0.11797605203725609,0.23047673274485897,0.12926528956099542,0.243554324073618,0.13805761867115507,0.21143893125554314,0.1492646713013528,0.22436840784939704,1.082239918196786,1.0764690874171625,0.7228442387140019,0.35939567948278567,1.0104287917246333,0.9147021342098084,0.9402283143740722,0.7839386301237262,0.8073753794673871,0.7839386301237262,0.8073753794673875,0.7383244717817851,0.7275854029689603
8,10,0.5396959858770651,0.7603926552056018,0.8655272807214458,0.5010396879403525,64,1024,False,0.9345492284578253,0.9405754305317382,-0.0060262020739071075,0.8582980282920746,0.9107121213730608,0.14579487650497072,0.17257809625048162,0.49879059582365964,0.44178483470807395,0.4829347201304636,0.4371345913510737,0.9200693114815403,0.5248894991974232,0.7934894032644436,0.823609919992616,0.2066083462600178,0.08710220138044478,0.09166207612971118,0.19992767688023028,0.13138612549895637,0.24641295159270968,0.11193573388300138,0.18127616704441607,0.15141983165085549,0.22723802410473581,0.9405754305317382,0.9345492284578253,0.49879059582365964,0.44178483470807395,0.8582980282920746,1.1428910179191698,1.1829486033930072,0.9421795588096025,0.9455348200303035,0.9421795588096025,0.9455348200303035,0.8582980282920746,0.8133607158145134
8,11,0.2813543608551182,0.6314715049166212,0.773908582442433,0.4910843016866173,64,1024,False,1.5254406663666833,1.5265942124038556,-0.0011535460371608118,1.4109708477674314,1.4443894373305555,0.17433235022369184,0.1869464486123505,0.6168881590184004,0.9097060533854451,0.5984182964536076,0.8672484501918818,1.4656667466454865,0.4082908327034264,0.7681177307453574,0.7952729709405648,0.21305404016778898,0.6491164663899907,0.11757566060975323,0.23108903983763046,0.14155868677324215,0.25772187830824544,0.1377496071290807,0.21216012710647192,0.16150284978357377,0.23843421033234335,1.5265942124038556,1.5254406663666833,0.6168881590184004,0.9097060533854451,1.4109708477674314,2.162878128887035,2.1916651404853025,1.1614437610805983,1.1467656971578435,1.2377113408606264,1.218460284537648,1.1444693006114277,0.7255689827590324
9,0,0.3949334602850855,0.28963160770941493,0.48490047087222826,0.2530243779228105,64,1024,False,0.4300022654675532,0.4297620998479868,0.00024016561956643456,0.4565370681052364,0.42996640611765885,0.1818653148511502,0.17917893546614208,0.26066986167952333,0.16909223816846472,0.25065207729011346,0.16580534611187747,0.4164574234019919,0.6018672334918802,0.2855031776463005,0.30045736592682126,0.1541997074311517,0.1295090401908376,0.12559701309354035,0.23813361660876006,0.08850133118600084,0.1963893283182967,0.1456148568468052,0.21899248741101474,0.10851355500199134,0.1774169662821805,0.4297620998479868,0.4300022654675532,0.26066986167952333,0.16909223816846472,0.4565370681052364,2.162878128887035,2.414718719356413,4.581330152791346,6.701478309763952,4.581330152791346,6.701478309763952,4.471957533228034,5.539227632011021
9,1,0.4256525725333289,0.34393997912185165,0.5410300928618075,0.33236028142032603,64,1024,False,0.23514043206963478,0.23625889289192367,-0.0011184608222910173,0.22346770121991524,0.25344422997033006,0.08933677393962046,0.1037899531481217,0.02499763205497176,0.21126126083695407,0.02768678088129383,0.2142043633395971,0.24189114422089172,0.11445967139669502,0.2955468639947459,0.3167348227972267,0.14791411973937738,-0.06329059282689664,0.042486133437204934,0.13618741444203597,0.08834855908122302,0.19514058977082782,0.06257588358130306,0.11788869218435138,0.10840327207552036,0.17626023526099743,0.23625889289192367,0.23514043206963478,0.02499763205497176,0.21126126083695407,0.22346770121991524,1.2410910925283953,2.007558135146895,1.5941321227530696,1.7676860001694665,1.9148128616484066,2.2530818937341053,4.471957533228034,4.3843889964740566
9,2,0.428191935481535,0.40678497281251147,0.602620461027913,0.4475965129264031,64,1024,False,0.24359692157527058,0.24587717535387837,-0.0022802537786069943,0.22557039396250242,0.26101198083897803,0.10546584511361007,0.11853415894877753,0.09850833440527969,0.1473688409485991,0.10624028577175533,0.15058956382460617,0.25682984959636146,0.41366019541234994,0.3107435388880106,0.3310827342156501,0.14653927261117797,-0.07007075337667207,0.05668639204682328,0.15424529818039687,0.08476822258837759,0.1902308295108227,0.07685994214989478,0.13585922308266163,0.10478776314266725,0.17135518301802222,0.24587717535387837,0.24359692157527058,0.09850833440527969,0.1473688409485991,0.22557039396250242,1.2410910925283953,1.2460496563032035,1.4541962333351186,1.5796195895851368,1.4359099306526546,1.5452330125467268,1.4439517517824427,1.425661843851778
9,3,0.42737474056395774,0.4624013134695973,0.6529085767469005,0.4767430588590748,64,1024,False,0.38145120008592887,0.3835440739444388,-0.002092873858509897,0.34364580657584587,0.4007524595344977,0.14730281401951054,0.1568920240313612,0.2505876489289814,0.13295642501545796,0.2634216339601474,0.13969727819844768,0.4031189121585947,0.6534588827638835,0.3233637852262811,0.3505532901089442,0.1425081447395628,0.05019916942555347,0.09306368921540223,0.20154193882361884,0.08284111195901474,0.18772420171608134,0.11317228594998596,0.18265653480193578,0.10284506215975853,0.16885917184845312,0.3835440739444388,0.38145120008592887,0.2505876489289814,0.13295642501545796,0.34364580657584587,1.2410910925283953,1.2172882084213035,1.4541962333351186,1.4373620187487228,1.4359099306526546,1.4755551150656627,1.4439517517824427,1.400620949946271
9,4,0.4494493712323021,0.5152871851498126,0.6965775314491198,0.5075493928362126,64,1024,False,0.36563126676749735,0.3676085411578813,-0.0019772743903855076,0.3317728038335797,0.38168586568846496,0.14476942208048105,0.1558970008823402,0.24636418143491365,0.12124435972296771,0.25685515179398427,0.12761744774797656,0.384472599541962,0.6680714102903207,0.34176114151096815,0.3732473696829643,0.14413362161793314,0.008438496005500673,0.09116547840819611,0.19837336575276598,0.07834543728842215,0.18203402598566643,0.11128144434042042,0.17951846082723932,0.09844714767677942,0.16331813756551128,0.3676085411578813,0.36563126676749735,0.24636418143491365,0.12124435972296771,0.3317728038335797,1.2410910925283953,1.1980237413022967,1.4541962333351186,1.4782457905690722,1.4359099306526546,1.4570346651713157,0.7490942181094671,0.8483191766968818
9,5,0.4953606305004021,0.5806663923388589,0.7470443334600295,0.5126101800346535,64,1024,False,0.2890535226709659,0.29094562172865146,-0.0018920990576844039,0.2551953076018656,0.30437834248192513,0.11963290496471232,0.1334467547341271,0.16416120830840578,0.126784413420245,0.17331066723089167,0.13043798874500187,0.30374865597589323,0.5705726225325136,0.35034830688177243,0.3920974961734983,0.14147518823256225,-0.08771915369157318,0.0689229059388697,0.17034290399055496,0.07618890346729532,0.17935234218598498,0.08895103462418774,0.1516508331260411,0.09625726458034478,0.16065247749065747,0.29094562172865146,0.2890535226709659,0.16416120830840578,0.126784413420245,0.2551953076018656,1.2410910925283953,1.2588496177792214,1.266800268315453,1.4444021298603846,1.266800268315453,1.428263363410817,0.7383244717817851,0.7572340549639277
9,6,0.5752695229507423,0.6681154462802095,0.8082146128855643,0.5590763874286279,64,1024,False,0.3657140586747015,0.3687141802823445,-0.0030001216076405517,0.3252715336989164,0.38313964263172634,0.130921686273365,0.14274441997296705,0.22094448573443382,0.14776969454790986,0.23067160694779712,0.15184144945507216,0.38251305640287003,0.6030424402163397,0.3792011061052284,0.4239744352126209,0.13579270699634483,-0.04083479258089456,0.07914780293234155,0.18269556961438846,0.07539547971855393,0.17737441084658973,0.09923423609870952,0.16399908505991334,0.09547542809013976,0.15872720132756513,0.3687141802823445,0.3657140586747015,0.22094448573443382,0.14776969454790986,0.3252715336989164,1.1428910179191698,1.213276789227104,1.1614437610805983,1.255985039419562,1.0661092863555635,1.171943251020799,0.7383244717817851,0.7530606179875899
9,7,0.672189857955678,0.7686918320779612,0.8722091289291962,0.580318935674706,64,1024,False,0.5304947142146326,0.534480214034735,-0.003985499820104536,0.4878675651551863,0.5499438549186351,0.1561707273216027,0.16888378591561087,0.362845557039317,0.1716346569954198,0.37540597504294315,0.17466352580190794,0.5500695008448508,0.6824700778108179,0.4013437331571743,0.45210870626517924,0.13647698020119056,0.09783514865345583,0.1017773712681139,0.2105640833750915,0.07034300880316523,0.17131034735104766,0.12190902167640161,0.1917215467619826,0.09043051965272753,0.15272317480412312,0.534480214034735,0.5304947142146326,0.362845557039317,0.1716346569954198,0.4878675651551863,1.1428910179191698,1.2256582899611512,0.9421795588096025,0.9642278110942641,0.9421795588096025,0.9642278110942641,0.7383244717817851,0.744443337815465
9,8,0.834710918713453,0.8885914010602654,0.9414633621550406,0.5589995792837263,64,1024,False,0.3905593200681097,0.3946726897907635,-0.004113369722649533,0.35622238415738894,0.4026285156519693,0.11602843748891288,0.13390064428459428,0.19902709411234532,0.1956455956784161,0.2038260426519283,0.19762186114905717,0.4014479038009857,0.5077272560700012,0.4301734155359048,0.4780540588504538,0.13750960188813405,-0.07542554319848455,0.06617619654286361,0.16588067843496215,0.06843896178130963,0.1688775276892232,0.08623431866726605,0.14732393417943968,0.08850926686864113,0.15029663514724234,0.3946726897907635,0.3905593200681097,0.19902709411234532,0.1956455956784161,0.35622238415738894,0.9147021342098084,0.9511144517910214,0.7839386301237262,0.7975431040112949,0.7839386301237262,0.7975431040112949,0.7383244717817851,0.7587149247891382
9,9,1.0000000000000002,0.9999999999999999,1.0,0.5334062041579679,64,1024,False,0.49716957373465,0.5019189763117795,-0.004749402577126617,0.4533817739469749,0.506479786184595,0.11530726258999376,0.13795785212810727,0.22983184981700838,0.27208712649477185,0.23149921144244825,0.27740814418473486,0.5089073556271827,0.45489460681334865,0.4528391615586837,0.505877179132455,0.13794446236865215,0.0006026070521399918,0.06504966216739906,0.16556486301258844,0.06505111282939292,0.16556199995934667,0.08515763843752211,0.14702322677476332,0.0851590595630114,0.1470203726858017,0.5019189763117795,0.49716957373465,0.22983184981700838,0.27208712649477185,0.4533817739469749,0.8780366917667232,0.9132619717650092,0.7839386301237262,0.8073753794673871,0.7839386301237262,0.8073753794673875,0.7383244717817851,0.7275854029689603
9,10,0.7125845054488981,0.8830756763156571,0.9378938563125993,0.5057561006701538,64,1024,False,0.4842541308887968,0.4892967703955233,-0.005042639506727662,0.4381324237761761,0.4836898730173718,0.10816346185975849,0.13036957642984853,0.17627828207739665,0.3130184883181274,0.17228954641314861,0.31682152917259093,0.4891110755857394,0.3522503476471509,0.43309235270930974,0.4744821194015609,0.13903337270767208,0.009207753615810943,0.058369935084771105,0.1579569886347459,0.06442532226435609,0.16549207449438774,0.07855080821900629,0.13951588967756834,0.08461674776481232,0.14701212116051465,0.4892967703955233,0.4842541308887968,0.17627828207739665,0.3130184883181274,0.4381324237761761,0.9147021342098084,0.9348607498976484,0.7839386301237262,0.8261961382508078,0.7839386301237262,0.8261961382508078,0.7490942181094671,0.8133607158145134
9,11,0.3431059670401338,0.7409080995968782,0.8464524381388099,0.5000063649356,64,1024,False,0.7701622897368922,0.7710484921922713,-0.0008862024553780879,0.7091475704637275,0.7407274594025094,0.14249520989435746,0.15552282622137792,0.25209792494440314,0.5189505672478639,0.24629794813716627,0.50919087423851,0.755488822375677,0.3260113728257005,0.4048268238934067,0.4419763290019931,0.13584756485257474,0.2987511304005163,0.08901239634194487,0.19597802344677007,0.0696503363554966,0.17088924976273556,0.10915312802535482,0.17726211716944817,0.08976548749342328,0.15234061447699787,0.7710484921922713,0.7701622897368922,0.25209792494440314,0.5189505672478639,0.7091475704637275,2.162878128887035,2.1916651404853025,0.9421795588096025,0.9515008383434375,0.9421795588096025,0.9515008383434375,0.8747747634144319,0.7255689827590324
10,0,0.3714199566385266,0.2578729803844464,0.45016529852496334,0.2860333926158065,64,1024,False,1.100726133902903,1.1008606319489558,-0.0001344980460480522,1.142504380947481,1.1083635697493388,0.2475221246585324,0.24174690404354984,0.9344089949887631,0.1664516369601874,0.9228365290808134,0.1637812318293725,1.0866177609101837,0.8492742915483157,0.1419692920093012,0.1532877676288326,0.09368833250980409,0.9550758021205062,0.18570344065018435,0.30934080866688046,0.036924842028360556,0.1296168184619247,0.20568243169691414,0.28977654640038963,0.05685449156590039,0.11114280656329356,1.1008606319489558,1.100726133902903,0.9344089949887631,0.1664516369601874,1.142504380947481,2.162878128887035,2.414718719356413,9.10212782882719,17.061751276706897,9.10212782882719,17.061751276706897,4.471957533228034,5.539227632011021
10,1,0.3642484159638449,0.3025426295297068,0.4988963562208304,0.3528219338629501,64,1024,False,0.7214487370045409,0.7227821220443181,-0.0013333850397774206,0.7436918275078985,0.7414441103869757,0.22300341463713824,0.22402617258157514,0.5067219682183004,0.21606015382601232,0.5030015915813453,0.21663160272066947,0.7196331943020171,0.6989694132567272,0.15090789924668815,0.16332193509921944,0.09405167424067347,0.5781221752877562,0.16330313371914124,0.28270369555513525,0.041357686121226464,0.13427881640535422,0.18324891365045914,0.2632663954864256,0.061292884885915555,0.11581028424552642,0.7227821220443181,0.7214487370045409,0.5067219682183004,0.21606015382601232,0.7436918275078985,2.162878128887035,2.242794366893344,2.553316176612505,2.9152410464334264,2.553316176612505,2.9152410464334264,2.2127017052991143,2.3257371356137284
10,2,0.34274598271975476,0.35219350161652185,0.5505007247006295,0.4429457738964289,64,1024,False,0.31849792845174113,0.3205324250476623,-0.002034496595919868,0.32182065417113614,0.32924261070972355,0.16059633813049942,0.1628720964143086,0.15590266261361665,0.16462976243404484,0.1512327140860251,0.16464821775172492,0.31588093183775096,0.47876493590852215,0.16234270169522785,0.173884754436981,0.09734980901337209,0.15535785627274254,0.10644806629092235,0.2147446099700765,0.0431206095217446,0.13611012458726154,0.12644788104080362,0.19576133276132168,0.06294047210394638,0.11753202276304364,0.3205324250476623,0.31849792845174113,0.15590266261361665,0.16462976243404484,0.32182065417113614,2.162878128887035,2.231276624296574,1.5941321227530696,1.7174807712008655,1.4359099306526546,1.5452330125467268,1.4439517517824427,1.425661843851778
10,3,0.3219304012409916,0.39584372718245764,0.5933167399016318,0.4587049790058409,64,1024,False,0.15146538477459126,0.15313074009636513,-0.0016653553217739479,0.1297789513789734,0.16359653943047692,0.07387800770420942,0.09597489825017823,0.006114441044439196,0.14701629905192629,0.005141563465337671,0.1513703291701229,0.1565118926354607,0.03285094428774899,0.17061876230903755,0.18845884289835477,0.09875553951707775,-0.02486230346787785,0.029432938707915093,0.11832307670050375,0.04273123710009598,0.1356609823901676,0.04928019605722511,0.09996199120359961,0.062497785103914794,0.11702413197781425,0.15313074009636513,0.15146538477459126,0.006114441044439196,0.14701629905192629,0.1297789513789734,2.162878128887035,2.239626263548407,1.4541962333351186,1.5681122887613645,1.4359099306526546,1.4789023704413116,1.4439517517824427,1.400620949946271
10,4,0.33135765596019506,0.43800686421179724,0.6317245890707719,0.48778519050379676,64,1024,False,0.13351195306807676,0.13504387630451384,-0.0015319232364376365,0.1137670080371917,0.14429017013045195,0.06740039621864644,0.08198548647798554,0.00010593188056151849,0.1349379444239521,0.00029746218601077413,0.13944094533672535,0.1397384075227363,0.0021287074275723027,0.1845570700167711,0.20530001280484653,0.10229792904546801,-0.06100984267439458,0.024322391679674628,0.11047840075761825,0.04354247142843071,0.1368573683856078,0.0441656011462328,0.0922406314566615,0.06338102314475691,0.11828735641029198,0.13504387630451384,0.13351195306807676,0.00010593188056151849,0.1349379444239521,0.1137670080371917,2.162878128887035,2.2403224349980495,1.4541962333351186,1.4782457905690722,1.4359099306526546,1.4570346651713157,1.1444693006114277,1.4021448737549866
10,5,0.3484477499213973,0.49069912581028696,0.6766727408444924,0.48908996559725454,64,1024,False,0.14308355846963225,0.1444425091974574,-0.0013589507278252257,0.12709734885339624,0.15114290596765662,0.07713485804607682,0.088732847050851,0.005448739989637493,0.13899376920781978,0.0043621985350472845,0.14123980807655478,0.14560200661160205,0.029959741878307945,0.19488838175938364,0.22095832719556074,0.10278202725157021,-0.06981542122790413,0.03249060995177233,0.12177910614038132,0.04553093018314856,0.13935559475718107,0.05229261038766708,0.1033690123949782,0.06537988992204191,0.12079870633169776,0.1444425091974574,0.14308355846963225,0.005448739989637493,0.13899376920781978,0.12709734885339624,2.162878128887035,2.239742854962563,1.4541962333351186,1.4444021298603846,1.4359099306526546,1.428263363410817,1.1444693006114277,1.3988122885509353
10,6,0.3825480851549733,0.5626203840934982,0.7321228150263641,0.5262745460040936,64,1024,False,0.16224919868897802,0.16449707191681145,-0.0022478732278341214,0.13854144575099545,0.172137124541577,0.07071031146406409,0.08598988308510318,0.001104933671860336,0.16339213824495102,0.0016360009611197167,0.16485595959148955,0.16649196055260926,0.009826306061203249,0.2176841465085873,0.24415732972976809,0.10168200826228227,-0.07202020518819108,0.02694326993514995,0.11447735299297823,0.04751733936118775,0.14105545113046236,0.04688946836540708,0.09630651725456119,0.06740386427554768,0.12255125037336256,0.16449707191681145,0.16224919868897802,0.001104933671860336,0.16339213824495102,0.13854144575099545,2.162878128887035,2.171910886183272,1.266800268315453,1.4493000750780185,1.266800268315453,1.4058257927914382,0.7383244717817851,0.7530606179875899
10,7,0.43314619038298235,0.6508580674734019,0.79481642285515,0.5395932178525935,64,1024,False,0.24531793559018145,0.24831934439255046,-0.003001408802370042,0.21097186173659999,0.2549164710861044,0.08645812936045849,0.1030859306434315,0.06308395529705076,0.18523538909550044,0.06732570463474122,0.18508365105436095,0.25240935568910294,0.2667322074926077,0.2341639005776809,0.2667794949761915,0.10394111842943571,-0.011863023890087143,0.040208957821746494,0.1327073008991705,0.043908218760076737,0.13732500824215677,0.06027475481823785,0.11443557739403332,0.06388255467754789,0.11891822734469315,0.24831934439255046,0.24531793559018145,0.06308395529705076,0.18523538909550044,0.21097186173659999,1.2410910925283953,1.3197503441671017,1.1614437610805983,1.2753775328983268,1.0661092863555635,1.1882717755868437,0.7383244717817851,0.744443337815465
10,8,0.5396959858770651,0.7603926552056018,0.8655272807214458,0.5161301920280411,64,1024,False,0.2059430244405394,0.20900748615483955,-0.003064461714299325,0.18030655356856626,0.208488479826543,0.0747878038098467,0.09130942399952452,0.011197653699378862,0.19780983245545972,0.011922367600246668,0.19413466699213053,0.20605703459237731,0.057859551477247716,0.2600936143880219,0.28900810139656324,0.10710776809201324,-0.08051962157002024,0.030185578488540407,0.119390029131153,0.04533042605629021,0.1389977479390371,0.05022307322360575,0.1012431591443601,0.06535256346251117,0.12063960909290472,0.20900748615483955,0.2059430244405394,0.011197653699378862,0.19780983245545972,0.18030655356856626,1.1428910179191698,1.3045910341500695,0.9421795588096025,0.9802618674496066,0.9421795588096025,0.9802618674496066,0.7383244717817851,0.7587149247891382
10,9,0.7125845054488981,0.8830756763156571,0.9378938563125993,0.5026069066127216,64,1024,False,0.2854071437159663,0.2892764329486816,-0.0038692892327160666,0.2552130924207207,0.2855866626923694,0.08349701639142647,0.10068983889615739,0.03406249667489291,0.2552139362737893,0.0337836037705278,0.25342442386301967,0.2872080276335467,0.11762764449478702,0.28817390593523506,0.32042921662025853,0.1084828451735338,-0.03484255392788915,0.037518822911120145,0.12947520987173278,0.04414771685494377,0.1381181020252109,0.05758296658314066,0.11122192538459785,0.06418538828438614,0.1197493193030823,0.2892764329486816,0.2854071437159663,0.03406249667489291,0.2552139362737893,0.2552130924207207,0.9147021342098084,0.9402283143740722,0.7839386301237262,0.8073753794673871,0.7839386301237262,0.8073753794673875,0.7490942181094671,0.798838025455486
10,10,1.0,0.9999999999999998,1.0,0.48512512710732647,64,1024,False,0.3438344104686181,0.34809742451503745,-0.004263014046419014,0.3066287909896278,0.3387759639804724,0.0930380761967409,0.11059250821190521,0.08535159542645825,0.2627458290885786,0.08226895885988032,0.26308178845033914,0.34535074731021986,0.23821856330306473,0.3060254706048285,0.338119377984795,0.11054412576522626,0.0006565859956773612,0.04551886673749677,0.14055728565598502,0.04547398293744227,0.14049236650163438,0.06559612569253659,0.12219113017636118,0.06555080601538066,0.12212642168015009,0.34809742451503745,0.3438344104686181,0.08535159542645825,0.2627458290885786,0.3066287909896278,0.8872030523774945,0.9226225461730235,0.7839386301237262,0.8261961382508078,0.7839386301237262,0.8261961382508078,1.1444693006114277,1.4367445847894138
10,11,0.6187446633523495,0.8631623071391862,0.9212844306840982,0.47963409427727716,64,1024,False,0.6853210137464045,0.6859679190360976,-0.0006469052896937562,0.640685549134537,0.6488640671647397,0.15475180171583203,0.16207466872833654,0.3166179316426964,0.3693499873934008,0.30932038221319785,0.35612727372359654,0.6654476559367963,0.4648305234132147,0.2842495781116692,0.3115961432323177,0.10704356150245069,0.33726792393242194,0.10018341596117775,0.2093201874704863,0.04775433072093418,0.14233306268516735,0.12036206001357641,0.19056827674648957,0.06787575032649329,0.12402688122529071,0.6859679190360976,0.6853210137464045,0.3166179316426964,0.3693499873934008,0.640685549134537,1.1428910179191698,1.1629792366705551,0.7839386301237262,0.7984574381518065,0.7839386301237262,0.7984574381518065,1.4439517517824427,1.4430655732712643
11,0,0.20187645128522028,0.2331952086172847,0.4222904527547396,0.2757098706106161,64,1024,False,10.338439636233456,10.339746959783769,-0.0013073235503336723,10.491443872364353,10.394404998632481,0.2739448380685289,0.26609783015372285,10.031930876853004,0.30781608293081814,10.04289075964532,0.3028137289422027,10.345704488587536,0.9707304872977714,0.20526947046109997,0.21081706233493666,0.12637508782028262,10.183587936297545,0.2103073686998742,0.33758230743718354,0.06897347211036269,0.1690351300345428,0.23021624077955494,0.3178275804966688,0.08881519347050926,0.15018909566424554,10.339746959783769,10.338439636233456,10.031930876853004,0.30781608293081814,10.491443872364353,4.274812678185758,3.796610278633558,14.922511802603871,19.35357973284339,14.922511802603871,19.35357973284339,4.471957533228034,5.539227632011021
11,1,0.18477003278725082,0.26774611286757916,0.4618285743092546,0.3195000207850782,64,1024,False,10.00426379159761,10.006927132573361,-0.0026633409756997954,10.121543953299799,10.070712290622108,0.2792061855588917,0.27043047088351335,9.615781060426357,0.391146072147016,9.633078414493326,0.3960887244065982,10.029167138899902,0.9605063193263301,0.2268605013120617,0.2235039367017081,0.1251838786729915,9.8472083539204,0.21553929108222095,0.3428730800355625,0.07354696650467141,0.1735082826418277,0.23545717092201812,0.3231382969825063,0.09334657655563205,0.15463067797827534,10.006927132573361,10.00426379159761,9.615781060426357,0.391146072147016,10.121543953299799,4.274812678185758,3.825064118561601,5.699155845907199,3.4798093480324304,5.699155845907199,3.4798093480324304,4.471957533228034,4.3843889964740566
11,2,0.17026174462068708,0.30541414052947,0.5029027299342276,0.37835202707660237,64,1024,False,4.756434879285717,4.759474702604914,-0.0030398233192242166,4.80653779774745,4.786999952046208,0.2804537128069068,0.27121991582025845,4.459762516526196,0.29971218607874084,4.457674946922071,0.3029764349582977,4.76065138188037,0.9363581975123269,0.24006639131060045,0.23853623081613298,0.12648718456074307,4.548463721230075,0.2165799473002391,0.34432747831357446,0.0695248158270307,0.16969122698124128,0.23650530823942972,0.32458748289354844,0.08956568662688369,0.15106223041948397,4.759474702604914,4.756434879285717,4.459762516526196,0.29971218607874084,4.80653779774745,4.274812678185758,4.233910745911781,2.553316176612505,2.102671852385516,2.553316176612505,2.102671852385516,2.2127017052991143,2.0601231116256824
11,3,0.1540187760515743,0.3383509837506395,0.5359215328731017,0.3942456603314049,64,1024,False,2.1272531595720094,2.1299204491969337,-0.002667289624919194,2.1317471146427143,2.1458994473473583,0.2636030606805604,0.26173793953420316,1.8310138413209465,0.2989066078759853,1.8224632246334818,0.3058539374845748,2.1283171621180585,0.8562930643381191,0.25823009860519686,0.2624723934544556,0.12905973596281392,1.8834270538929028,0.20072186927145713,0.32648425208966364,0.07005904426591818,0.17049557756004463,0.22069377658772282,0.3068697691705893,0.09016303693351801,0.15192273206776008,2.1299204491969337,2.1272531595720094,1.8310138413209465,0.2989066078759853,2.1317471146427143,4.274812678185758,4.439663875381377,1.5941321227530696,1.5681122887613645,1.9148128616484066,1.8714260110495453,2.2127017052991143,2.146226036124063
11,4,0.14378747727084937,0.3706542820643832,0.5668359857312706,0.42229968958069874,64,1024,False,1.3331477309358757,1.3357606174547305,-0.002612886518859022,1.3296970305792857,1.351841734854509,0.24624643166122828,0.24263520949648043,1.044401992534436,0.2913586249202843,1.0369799847024046,0.3009485654802892,1.3379285501826936,0.7750637988559295,0.2716535023651964,0.2764859113082438,0.12673206731310785,1.0753558235462652,0.18450339125005327,0.3079894720724033,0.07124129001971927,0.17184737981599402,0.20444706822308945,0.28842096524022054,0.09122886200930225,0.1531631408724934,1.3357606174547305,1.3331477309358757,1.044401992534436,0.2913586249202843,1.3296970305792857,4.274812678185758,4.501360035693948,1.5941321227530696,1.6144732836895146,1.4359099306526546,1.4570346651713157,1.608741017007152,1.4321918175049049
11,5,0.16094152856000127,0.4120764503749832,0.6052428206493441,0.42658739741428553,64,1024,False,1.2056695246876954,1.2082493126687457,-0.002579787981051436,1.2095938222403297,1.2163930946927495,0.24153113887297312,0.2361755663206471,0.9135715018310127,0.2946778108377315,0.9074705090653784,0.29697218218028437,1.204442691245667,0.7534360212081557,0.29104062295755895,0.29990374224029354,0.12702936969358106,0.916489352452456,0.1801054272615641,0.30295685048438215,0.07316815777467077,0.17434748289239738,0.20006074226694182,0.2834211863737437,0.09316205373761477,0.1556424811569741,1.2082493126687457,1.2056695246876954,0.9135715018310127,0.2946778108377315,1.2095938222403297,4.274812678185758,4.510598744027714,1.4541962333351186,1.4444021298603846,1.4359099306526546,1.428263363410817,1.608741017007152,1.6752655494682893
11,6,0.19903936856967347,0.46894742423811986,0.6529197906722102,0.4596655615730099,64,1024,False,0.9796752100478303,0.9833761115030867,-0.0037009014552593857,0.9762234623972584,0.9943233968516962,0.21552124604558412,0.2153349625562256,0.6400090268347284,0.34336708466836496,0.6369537263825336,0.34474771907649254,0.9817014454590276,0.6488263100037551,0.32899058222554084,0.33052015977938376,0.12705958087267955,0.6638032370723125,0.15613698037303714,0.2749055117181311,0.07211432756817394,0.1726800765112858,0.17613579679164104,0.2555524463459733,0.0921517132082954,0.15404055108956527,0.9833761115030867,0.9796752100478303,0.6400090268347284,0.34336708466836496,0.9762234623972584,4.274812678185758,4.528550310169488,1.4541962333351186,1.4493000750780185,1.4359099306526546,1.4058257927914382,1.4439517517824427,1.5106067703549553
11,7,0.22851907590398116,0.5393065368312974,0.7082535970938673,0.47324565946004177,64,1024,False,0.5011211662940769,0.5058193227237233,-0.004698156429647626,0.4768300960250936,0.5144536323828397,0.1376166167192002,0.14020074740427246,0.12044638422341743,0.38537293850030574,0.11798476674447367,0.39062797108147435,0.5086127378259484,0.23197367657128765,0.35044462872077187,0.3614889296778018,0.12187840405916837,0.15296470270503792,0.08508397533075715,0.19014925810764324,0.06872922008122778,0.16802829336691594,0.10503125998366158,0.17127430963591905,0.08870644571288722,0.14940042774833273,0.5058193227237233,0.5011211662940769,0.12044638422341743,0.38537293850030574,0.4768300960250936,2.162878128887035,3.496096644569821,1.4541962333351186,1.4737214486641097,1.4359099306526546,1.4737214486641097,1.4439517517824427,1.5228475003303408
11,8,0.2813543608551182,0.6314715049166212,0.773908582442433,0.450134416143823,64,1024,False,0.5058666911101938,0.5105489580911362,-0.004682266980942067,0.49107762559797613,0.5188323544971492,0.13005524195220752,0.13745395725381868,0.12211041658135513,0.3884385415097845,0.12534701925825806,0.3901922884598988,0.5155393077181577,0.24313765678326227,0.389629533186619,0.3920391427492848,0.1177815312623882,0.12679321174786434,0.07806207623175075,0.18204840767266428,0.06814271779351307,0.1676938179515644,0.09806909752660431,0.16327955601445865,0.08811343718116404,0.14904511838540202,0.5105489580911362,0.5058666911101938,0.12211041658135513,0.3884385415097845,0.49107762559797613,2.162878128887035,2.092137585163344,1.1614437610805983,1.2393136423339257,1.2377113408606264,1.3500675425993587,1.4439517517824427,1.4820667168298212
11,9,0.3431059670401338,0.7409080995968782,0.8464524381388099,0.4426539389404757,64,1024,False,0.5049197708903772,0.510608071427079,-0.005688300536698148,0.4896153364536173,0.5186853151271013,0.11079190432324433,0.12276314953765535,0.03458742295713803,0.47602064846993647,0.03741883610370191,0.481202181358657,0.5186210174623581,0.0721506357123635,0.43456745378906086,0.4459218237090908,0.12036800164936419,0.07276349141801047,0.060577192204543745,0.16100661644194492,0.06805758113870826,0.16837515303460698,0.08062854656600393,0.14245278243470239,0.08810733875725418,0.14980637034750544,0.510608071427079,0.5049197708903772,0.03458742295713803,0.47602064846993647,0.4896153364536173,2.162878128887035,2.2239812033277704,0.9421795588096025,0.9640600943706751,0.9421795588096025,0.9640600943706751,1.4439517517824427,1.5126586406228286
11,10,0.6187446633523495,0.8631623071391862,0.9212844306840982,0.43620969108464575,64,1024,False,0.4915391494386564,0.49814851041018815,-0.006609360971532421,0.46610195617416617,0.4979314951446975,0.09775959334557659,0.11272571252247301,0.026665766628447073,0.4714827437817423,0.02316489958866455,0.4830345875593197,0.5061994871479844,0.04576239244962418,0.47323920848277407,0.4888823435853588,0.12534027551530025,0.009049151559338664,0.04916299531883821,0.14635619137231498,0.0681763699443719,0.16921165485598988,0.06916467759583611,0.12786391999543412,0.08823340805975022,0.1506291826517554,0.49814851041018815,0.4915391494386564,0.026665766628447073,0.4714827437817423,0.46610195617416617,1.1428910179191698,1.1829486033930072,0.7839386301237262,0.8261961382508078,0.7839386301237262,0.8261961382508078,1.4439517517824427,1.4673063451356845
11,11,1.0000000000000004,0.9999999999999998,1.0,0.43764566314129755,64,1024,False,0.5299483381289624,0.5313784067882994,-0.0014300686593371542,0.5206650863266679,0.5354229831216614,0.12616520876800158,0.13048839378440355,0.03682545271415714,0.4945529540741462,0.04166218119066264,0.4978536990704897,0.5395158802611536,0.07722141778383981,0.517927884260087,0.5324584210996053,0.1303670917294326,0.002964562022056083,0.07505818961885787,0.1772722279171453,0.07496094993299411,0.17713977016944937,0.09504003961774288,0.15859267222549533,0.09494252918375423,0.15846116335160332,0.5313784067882994,0.5299483381289624,0.03682545271415714,0.4945529540741462,0.5206650863266679,0.8688703311559518,0.9041868815953803,0.7839386301237262,0.7984574381518065,0.7839386301237262,0.7984574381518065,1.4439517517824427,1.4430655732712643
