source,target,cka,cca_shared,procrustes_shared,probe_cosine,metric_rank,metric_examples,full_dim_cca_saturation_possible,train_raw,train_geometry,residual_correction,cal_raw,test_raw,cal_clipped,test_clipped,train_mean_term,train_variance_term,test_mean_term,test_variance_term,test_geometry,mean_fraction,aligned_cal_raw,aligned_test_raw,aligned_test_clipped,alignment_raw_reduction,bernstein_lo,bernstein_hi,bernstein_aligned_lo,bernstein_aligned_hi,betting_lo,betting_hi,betting_aligned_lo,betting_aligned_hi,prediction__training_geometry,prediction__direct_training,prediction__mean_only,prediction__variance_only,prediction__direct_calibration,prediction__cka_common,prediction__cka_held_target,prediction__cca_shared_common,prediction__cca_shared_held_target,prediction__procrustes_shared_common,prediction__procrustes_shared_held_target,prediction__probe_cosine_common,prediction__probe_cosine_held_target
0,0,0.9999999999999996,0.9999999999999999,1.0,0.4051115497822822,64,1024,False,3.050034066420199,3.058728481503059,-0.008694415082855535,3.0242084515630316,2.9300221119742065,0.2245410100013841,0.2071735786306015,1.969737466583688,1.0889910149193596,1.9496569235735697,1.0429842552428856,2.9926411788164415,0.6514836918553125,3.0217062243494697,2.927623467864568,0.20721721539802934,0.002398644109638415,0.16372572095883298,0.2853562990439352,0.16377836689887665,0.2854169332790157,0.1833958898059791,0.2655554212324205,0.18344866603729315,0.26561592179496074,3.058728481503059,3.050034066420199,1.969737466583688,1.0889910149193596,3.0242084515630316,0.9935948170662613,0.7713019450008821,0.8910813936897908,0.748872923164908,0.8443954819597848,0.7280344567216989,4.538173604707352,5.222601910450654
0,1,0.8252083947053833,0.8107031220367669,0.8963872174323598,0.42581537564793237,64,1024,False,3.142193559267102,3.1555812707248867,-0.013387711457782118,3.0710458171940433,3.073531435637509,0.20194462523458037,0.2007906236641379,1.5119736741530947,1.6436075965717798,1.5058267078349485,1.6277453102098924,3.13357201804484,0.48054638577430675,2.841835146231424,2.7989237007182823,0.2154259554519388,0.27460773491922685,0.14227419198616922,0.2616150584829915,0.1684883702205643,0.290706748560489,0.1620194733259268,0.2419773913352401,0.18806269660126418,0.27078363938926486,3.1555812707248867,3.142193559267102,1.5119736741530947,1.6436075965717798,3.0710458171940433,1.0998182561910164,0.9985225953972259,1.1764187222851046,1.0948777290541754,1.179906916152204,1.1147733768579036,4.538173604707352,5.487382610321772
0,2,0.6575745975116684,0.639779443199228,0.786773091186346,0.40872301020323437,64,1024,False,4.004330137827339,4.021798599192199,-0.017468461364845245,3.9569430534972003,4.046072434984977,0.1979646358291931,0.20011615207322453,1.628435839053359,2.393362760138877,1.643104097314804,2.471428705345638,4.114532802660445,0.3993415962688103,2.709243224352148,2.677917474297073,0.21475280857197257,1.3681549606879035,0.1385703856965641,0.2573588859618221,0.17132719183532194,0.2942590215697364,0.15836040651629446,0.23777477056864882,0.19093358527607052,0.27435136698477436,4.021798599192199,4.004330137827339,1.628435839053359,2.393362760138877,3.9569430534972003,1.4107827935647634,1.0465512661703487,1.6967944279974851,1.448834033103368,1.7509618333472983,1.604883186472429,4.538173604707352,4.901088194354521
0,3,0.499343778423108,0.5253680349391071,0.7014238271619786,0.38996470550034973,64,1024,False,5.797146520294542,5.8178894500689315,-0.02074292977441006,5.745642942254825,6.011179824623483,0.20279826081889069,0.2030391061001819,2.0976451585193976,3.720244291549549,2.138885893357595,3.9238126892905543,6.062698582648144,0.35279436445665174,2.6083196767043186,2.5920205825624842,0.22020365181188986,3.4191592420609984,0.14347368387047144,0.26212283776730994,0.17539623730354587,0.29918039730830587,0.16327826706401538,0.24255583034391748,0.19497574650449678,0.2792211249397951,5.8178894500689315,5.797146520294542,2.0976451585193976,3.720244291549549,5.745642942254825,2.5434101957875104,2.1121102162703713,5.258724008139656,5.533443114946428,6.1343385454064245,6.646566444026582,4.538173604707352,5.188362827607666
0,4,0.44067860938308395,0.45456617828437296,0.6424595895153085,0.3459299230962316,64,1024,False,7.313533901986985,7.3354609210786474,-0.021927019091673012,7.25419575113707,7.617550642392659,0.20901114907763207,0.20934057281393614,2.1518329098522306,5.1836280112263875,2.2561016588845693,5.4193107979968715,7.675412456881426,0.29393881717220954,2.5463995010519507,2.513857395584745,0.22201228572946644,5.1036932468079135,0.14978757193391184,0.2682347262213523,0.18102386716524915,0.30560402631067035,0.16964898497826653,0.2487388759473106,0.2005561163969105,0.2855766817665426,7.3354609210786474,7.313533901986985,2.1518329098522306,5.1836280112263875,7.25419575113707,8.557512976260176,8.675996360362278,8.262797091500575,8.93741627170255,8.262797091500575,8.93741627170255,5.275476063467886,5.538095822077145
0,5,0.39326121744560183,0.40586221575089976,0.599881463263153,0.3361260254961752,64,1024,False,8.710015853372273,8.73653382463365,-0.026517971261382448,8.659900250362124,9.04938400547982,0.20925271711641222,0.21133597429881334,1.9787952348729814,6.757738589760698,2.048918112567881,7.026716848782846,9.075634961350717,0.22576030451790477,2.4679185763286395,2.460126866861872,0.22670789344327594,6.589257138617947,0.1500198522700295,0.26848558196279493,0.1846062157310534,0.30935794265573463,0.16996892809402198,0.24908074186532758,0.2041248138921219,0.28931353022926487,8.73653382463365,8.710015853372273,1.9787952348729814,6.757738589760698,8.659900250362124,8.558582914961013,8.928815731545356,8.262797091500575,8.550778043270643,8.262797091500575,8.550778043270643,12.282297203114165,15.980173047017963
0,6,0.3645459377141578,0.3684514349228455,0.5649181493463977,0.3433425164690925,64,1024,False,11.319231827070636,11.35330634907035,-0.03407452199967117,11.291677434373447,11.44306902934421,0.2006213038683914,0.20953382535993445,1.6190238712544673,9.734282477815876,1.6223054744679632,9.855118822432988,11.477424296900965,0.14134752122965466,2.4187747250486353,2.3981439082298963,0.235172808557698,9.044925121114314,0.1420719123089172,0.2591706954278656,0.18892133381741372,0.3139291819324965,0.1621417963251588,0.239956152618106,0.20850205731403548,0.29394952119037043,11.35330634907035,11.319231827070636,1.6190238712544673,9.734282477815876,11.291677434373447,8.558582914961013,8.831015594509033,8.262797091500575,8.585456114086966,8.262797091500575,8.585456114086966,5.275476063467886,4.940479583467586
0,7,0.34994075457150176,0.3333699914551417,0.531349216322383,0.3367581626503603,64,1024,False,15.985003330808281,16.028207362285034,-0.04320403147675905,15.904694155866208,16.16735642736667,0.18918202850018523,0.2102706650866594,1.0509628060681953,14.977244556216773,1.0391590526215582,15.129265003637547,16.168424056259067,0.06427089300761396,2.38196119259149,2.3567074364607667,0.2466429966621237,13.810648990905904,0.13110405810293912,0.24725999889743133,0.198194693269015,0.32386886068412263,0.15101776597293792,0.2279320933885174,0.21778255318349693,0.30388192095415434,16.028207362285034,15.985003330808281,1.0509628060681953,14.977244556216773,15.904694155866208,8.558582914961013,8.378297606528795,17.341096998713198,17.628377567282595,16.180835331389893,16.22028407075042,12.282297203114165,6.916990290887932
0,8,0.3839479293589372,0.3026277538007267,0.498900389897612,0.3219463116443481,64,1024,False,24.11566413087546,24.166917979989982,-0.051253849114604406,24.087661211989637,24.228577325272298,0.19312343281260633,0.21220450011987327,0.9618230699579432,23.20509491003208,0.9175124522419584,23.307551829038633,24.22506428128056,0.03787451053126609,2.3386162070141414,2.3019362128900953,0.2563586649934808,21.926641112382203,0.13490192112526353,0.25134494449994915,0.2041774892135615,0.3304092499981002,0.15470262348389952,0.23189203122456092,0.2237576799816452,0.31040691648377106,24.166917979989982,24.11566413087546,0.9618230699579432,23.20509491003208,24.087661211989637,8.558582914961013,8.215419236639658,57.38506915709531,60.412106243014016,57.38506915709531,60.412106243014016,17.67326934945696,18.185038220029806
0,9,0.46888933042516046,0.27224957101518593,0.4675527740224668,0.3145489139792122,64,1024,False,36.328753691962035,36.39074392804251,-0.06199023608049611,35.99210151979189,36.51997554224444,0.19160229636227472,0.20198982001717236,0.10848645523431961,36.282257472808254,0.08064681258573692,36.438550439580794,36.51919725216652,0.0022083402334631685,2.2987658131817734,2.2516310464993827,0.26150620860606066,34.268344495745055,0.1335741526839251,0.24963044004062432,0.20796199870096155,0.33465659288476035,0.15352886227628915,0.23036372577189468,0.22748988392413594,0.3145898647198919,36.39074392804251,36.328753691962035,0.10848645523431961,36.282257472808254,35.99210151979189,7.4364034710779165,2.2564230057424512,57.38506915709531,59.32988439685016,57.38506915709531,59.32988439685016,17.67326934945696,13.093561306873227
0,10,0.44277486932713406,0.2467692599944063,0.4413025443825058,0.29493707676786396,64,1024,False,63.07622352856433,63.15883797366395,-0.0826144450991375,62.51942845143236,63.82004163557967,0.20792137923137508,0.2170623223599123,4.370210890364958,58.78862708329862,3.8624320895607376,60.01892944285739,63.8813615324183,0.06046258246391075,2.247344494554786,2.212377438676664,0.2675310422350846,61.60766419690301,0.14814890173063702,0.2676938567321131,0.21415068817746263,0.34164293758823283,0.16788331060524797,0.2480768097739201,0.2337808055599453,0.32165643697226187,63.15883797366395,63.07622352856433,4.370210890364958,58.78862708329862,62.51942845143236,8.557512976260176,4.930917588488027,57.38506915709531,57.801561571995855,57.38506915709531,57.801561571995855,62.51942845143236,89.0713512537434
0,11,0.2647073340981263,0.22556673698432222,0.4155231607647537,0.2917702755264811,64,1024,False,532.0643927029579,532.0956630064745,-0.031270303523549495,529.8808491335765,525.4944846047435,0.29166176658284204,0.2770490942094252,422.13450443915787,109.96115856732106,416.33361064394825,109.62233690635047,525.9559475503003,0.7915750598183545,2.243261943147588,2.2003882300784148,0.27456590952699655,523.2940963746652,0.22711668190139092,0.3562068512642932,0.21809594054801437,0.34644032881217346,0.2467904713776079,0.33621916666743346,0.23772889091924299,0.3264357294610818,532.0956630064745,532.0643927029579,422.13450443915787,109.96115856732106,529.8808491335765,78.32545877648244,7.310151522342934,265.10586633557904,21.017524170916996,265.10586633557904,21.017524170916996,135.63202371044088,34.318097600628725
1,0,0.8252083947053833,0.8107031220367669,0.8963872174323598,0.40996280383537426,64,1024,False,1.4001059699595184,1.405589219283244,-0.0054832493237149645,1.4310816951846081,1.3972224859551843,0.22793546357262906,0.21057364661605338,0.9952493518374326,0.41033986744580647,1.0409642743251868,0.3961496656139891,1.437113939939182,0.7243435926654779,1.5726335851772293,1.5390540665166494,0.20768680068723613,-0.14183158056146516,0.16740738705975394,0.2884635400855042,0.16264677790692195,0.2829281458914688,0.18699392559210537,0.2685939192742808,0.18230366791249253,0.2631599438536796,1.405589219283244,1.4001059699595184,0.9952493518374326,0.41033986744580647,1.4310816951846081,1.0998182561910164,1.0823833383492485,1.1764187222851046,1.1642919140517949,1.179906916152204,1.1706041465584112,4.538173604707352,5.222601910450654
1,1,1.0,0.9999999999999997,0.9999999999999999,0.47797521077777294,64,1024,False,1.6190995113363136,1.6291803220202195,-0.010080810683915127,1.6608680190991354,1.6526743155196337,0.2227080238357269,0.20346033486161275,1.0524482931207082,0.5767320288995215,1.09591513754741,0.5975272811455854,1.6934424186929995,0.6471522890003183,1.6588834145129667,1.650604086185102,0.2034933697381223,0.0020702293345318257,0.1628975323612667,0.2825185153101871,0.16294323097465002,0.2825732689575172,0.18247201427584514,0.26268726676062215,0.1825171164018684,0.26274112401733873,1.6291803220202195,1.6190995113363136,1.0524482931207082,0.5767320288995215,1.6608680190991354,0.9356490638891983,0.8950421846404217,0.8910813936897908,0.8397622853291679,0.8443954819597848,0.8014232431629769,4.538173604707352,5.487382610321772
1,2,0.8289074992775005,0.8034239737409454,0.8925884525094447,0.431000352189122,64,1024,False,2.214852949339173,2.2270247115134287,-0.01217176217425524,2.2580346606775694,2.3082426657730117,0.2159294257771195,0.20004349251155867,1.3248473233297609,0.9021773881836694,1.4142072972264657,0.9491373498162496,2.3633446470427186,0.5983923246218363,1.5367217208555715,1.5471467582458038,0.20381201467157128,0.7610959075272079,0.15619548237670394,0.27566336917753503,0.1633106971874595,0.2840960149580816,0.17590677378029795,0.2559785139746964,0.18290828441240592,0.26425052189733833,2.2270247115134287,2.214852949339173,1.3248473233297609,0.9021773881836694,2.2580346606775694,1.0998182561910164,0.9924498758493429,1.1764187222851046,1.1357572195923091,1.179906916152204,1.1504601151679836,4.538173604707352,4.901088194354521
1,3,0.6166196090790066,0.6580107638929742,0.7993335337360654,0.38810962693830525,64,1024,False,2.8054806829253582,2.819078933803494,-0.013598250878147474,2.910030731148426,2.975915927985886,0.2089461646020362,0.1935145201058577,1.3641826265553219,1.4548963072481722,1.4623597202586778,1.5633688703637445,3.025728590622429,0.4833082930144282,1.4464049875596798,1.4630810001253467,0.21063375029062528,1.5128349278605393,0.14995979569064183,0.26793253351343055,0.16472532264396858,0.28611760541797604,0.16968228823679965,0.24831638155592373,0.18431693952879868,0.2662382748312666,2.819078933803494,2.8054806829253582,1.3641826265553219,1.4548963072481722,2.910030731148426,1.4107827935647634,1.402235210862625,1.6967944279974851,1.4283085472272266,1.7509618333472983,1.6295430102267527,4.538173604707352,5.267270469198294
1,4,0.5153413911582232,0.56688403687091,0.7333479513829622,0.36479715617525044,64,1024,False,3.4211648155157666,3.4367069330885363,-0.015542117572742032,3.4438597814834075,3.6014089801299214,0.20428829433137471,0.1903901601197721,1.3000025924940963,2.1367043405944255,1.3863377848625864,2.2623756745540704,3.648713459416649,0.3799524956624662,1.3736431195254348,1.3966413143363354,0.2136363577693833,2.204767665793586,0.14519863751316547,0.26337795114958396,0.16791010866136952,0.2903957765751621,0.16504291313322028,0.24388789740623906,0.18754579108644975,0.27053342697035987,3.4367069330885363,3.4211648155157666,1.3000025924940963,2.1367043405944255,3.4438597814834075,2.1940731277059675,1.8802646945800987,5.258724008139656,5.657687204418317,2.1080701432625686,1.8057076315879153,5.275476063467886,5.538095822077145
1,5,0.4604142610159224,0.5028566934744756,0.6835974507605,0.36115801513481255,64,1024,False,3.898611674592495,3.918000594324917,-0.01938891973244466,3.9353024294236607,4.10486826856945,0.20453717812238245,0.19072706663305275,0.8955912942847033,3.0224093000402186,0.9532841539368337,3.163802008333257,4.117086162270078,0.2315434062743084,1.3324577087854677,1.355842270687875,0.21550248694935253,2.749025997881575,0.145927441030478,0.2631469152142869,0.17407803929657953,0.29693320943484247,0.1658520447308547,0.24377288000687258,0.19366388834896497,0.27701897046063095,3.918000594324917,3.898611674592495,0.8955912942847033,3.0224093000402186,3.9353024294236607,7.4364034710779165,7.754685383955575,5.258724008139656,5.6505991313991135,6.1343385454064245,6.802774465963496,5.275476063467886,5.577164344746569
1,6,0.4190964701973177,0.453029139214767,0.6418534049128684,0.3609424929304454,64,1024,False,4.920200239567489,4.944681014657578,-0.024480775090129248,5.047805034444213,5.2226060167576485,0.19504397022652414,0.19240118584897592,0.3318024851514288,4.612878529506184,0.39225985840661143,4.841706239978256,5.233966098384856,0.07494505142623267,1.2983596424086667,1.3119175707447968,0.22402344497814033,3.910688446012852,0.13750922212597852,0.2525787183270698,0.18143874371209073,0.304937678450332,0.15750479608686874,0.23335657193820225,0.20107618678594008,0.28506688264315017,4.944681014657578,4.920200239567489,0.3318024851514288,4.612878529506184,5.047805034444213,8.557512976260176,8.831015594509033,8.262797091500575,8.585456114086966,8.262797091500575,8.585456114086966,5.275476063467886,4.940479583467586
1,7,0.40455771570545884,0.40664595944418,0.6005671936821959,0.340059201372322,64,1024,False,7.240151757927013,7.269947656459791,-0.02979589853273787,7.329332896341128,7.551463162875771,0.18549833984858302,0.18810108003907222,0.0014606536099940673,7.26848700284977,0.0014603540193306838,7.5379618205385235,7.539422174557876,0.0001936957482310402,1.280435741621373,1.2785564209578595,0.234931843040764,6.272906741917911,0.12830570090619473,0.24269097879097132,0.19277916322192779,0.31742079561403924,0.14851534975605318,0.22372489470581058,0.2123646567997639,0.29746877448633313,7.269947656459791,7.240151757927013,0.0014606536099940673,7.26848700284977,7.329332896341128,8.557512976260176,8.378297606528795,8.262797091500575,8.297369839469443,8.262797091500575,8.297369839469443,5.275476063467886,5.13855227460967
1,8,0.4162718561195061,0.3658548589163421,0.5623587930342707,0.3052269979874633,64,1024,False,11.752266010272203,11.78535685717502,-0.03309084690284385,11.892877701533997,11.895362936007349,0.18495396760302787,0.19175376186355747,0.34963730859370845,11.435719548581309,0.2699383803883044,11.604373919377695,11.874312299765984,0.02273296958794189,1.2638735197536874,1.2460505175383196,0.24628744969694616,10.649312418469028,0.12765251046433634,0.2422554247417194,0.20107585414606766,0.3265573350467734,0.14771493742591701,0.2231652615373605,0.2205980018043192,0.3065183997969143,11.78535685717502,11.752266010272203,0.34963730859370845,11.435719548581309,11.892877701533997,8.557512976260176,8.215419236639658,8.262797091500575,8.061865270146535,8.262797091500575,8.061865270146535,17.67326934945696,33.63037452655695
1,9,0.4682949636494384,0.32683410227099413,0.5250311210075522,0.2831588373906754,64,1024,False,23.314789186671124,23.35301651524867,-0.038227328577453513,23.489212870496264,23.20544320478144,0.19573911449919768,0.21634190494834393,4.304958421137522,19.048058094111173,4.11583722284016,19.034600186838777,23.15043740967895,0.17778658562707642,1.245372603059941,1.2160297543120486,0.25247042493195143,21.98941345046939,0.1369775582801151,0.25450067071828025,0.2050383668336846,0.3306835742133726,0.15708290005568415,0.23535333492327482,0.22461756586562842,0.31070708650076995,23.35301651524867,23.314789186671124,4.304958421137522,19.048058094111173,23.489212870496264,7.4364034710779165,2.2564230057424512,17.341096998713198,16.111473824356587,16.180835331389893,15.136781397231841,135.63202371044088,212.57508473391684
1,10,0.3979738771925138,0.292237399729128,0.4898538063535117,0.26051274604168506,64,1024,False,47.665719940133954,47.71601001075558,-0.05029007062147897,48.08578571375285,47.67949534650027,0.22028769020848935,0.23562108048155478,19.398305929440625,28.31770408131482,19.29680329805599,28.273526607017725,47.57032990507376,0.4056478762405604,1.2216214939487435,1.1989846411518734,0.258441188565444,46.480510705348394,0.1592923462273865,0.2812830341895922,0.20761037630032325,0.33370675414358736,0.17919418173551094,0.2617729388657608,0.22727581889921566,0.3138079956843285,47.71601001075558,47.665719940133954,19.398305929440625,28.31770408131482,48.08578571375285,8.558582914961013,4.930917588488027,57.38506915709531,57.801561571995855,57.38506915709531,57.801561571995855,135.63202371044088,158.6540586423227
1,11,0.20730195755916894,0.26198556762420827,0.45622058891750894,0.26653118723111,64,1024,False,56.1653939178882,56.185208550117544,-0.01981463222949907,59.758619354421214,55.351455001768045,0.22400729612526304,0.21217029489494807,2.538472938756004,53.64673561136198,2.427955285518248,52.825751739572375,55.25370702509064,0.04394194373991444,1.198911489827416,1.179954944520343,0.2679744610234415,54.171500057247705,0.16506677118058774,0.2829478210699383,0.21459892016467935,0.3419634003857038,0.18490970316634048,0.2635054392958409,0.23424038037046557,0.32200629674480297,56.185208550117544,56.1653939178882,2.538472938756004,53.64673561136198,59.758619354421214,78.32545877648244,7.310151522342934,57.38506915709531,17.039018729281985,57.38506915709531,17.039018729281985,135.63202371044088,34.318097600628725
2,0,0.6575745975116684,0.639779443199228,0.786773091186346,0.3429248257612903,64,1024,False,0.5836071123002868,0.5848637102971134,-0.0012565979968269662,0.591440057674149,0.5615245833451125,0.187042657194385,0.17670861242267244,0.36941444960452047,0.21544926069259313,0.3717369083200385,0.2191076139165199,0.590844522236559,0.6291619780325297,0.9831351099541579,0.9464148525585525,0.19541063688409357,-0.38489026921344005,0.12973559409911226,0.24434972028965776,0.15233681943895183,0.2714001572463881,0.14923114964767592,0.224612588477612,0.1718641331535764,0.2515368525564554,0.5848637102971134,0.5836071123002868,0.36941444960452047,0.21544926069259313,0.591440057674149,1.4107827935647634,1.4497991143214595,1.6967944279974851,1.8196115802556336,1.7509618333472983,1.8540748602193344,5.275476063467886,9.310505165357288
2,1,0.8289074992775005,0.8034239737409454,0.8925884525094447,0.42131121926050474,64,1024,False,0.8104148972689575,0.8139911959924572,-0.0035762987235051624,0.8170635712571083,0.7870480615536896,0.1983317888727148,0.1851856880362271,0.510314839487058,0.30367635650539976,0.5161515778646929,0.30568292156981675,0.8218344994345086,0.6280480780739294,1.0332579634898957,1.0077203110915656,0.19190521615253966,-0.220672249537876,0.14041576360025732,0.2562478141451723,0.14802277961708388,0.2655879828245445,0.15990267675806535,0.23646562719659414,0.16750343039166182,0.24573488796158927,0.8139911959924572,0.8104148972689575,0.510314839487058,0.30367635650539976,0.8170635712571083,1.0998182561910164,0.9985225953972259,1.1764187222851046,1.0948777290541754,1.179906916152204,1.1147733768579036,4.538173604707352,5.487382610321772
2,2,0.9999999999999997,0.9999999999999998,1.0,0.4280111496356315,64,1024,False,1.0756478515676349,1.081290133053362,-0.005642281485725491,1.0902695061321892,1.0611316692016852,0.20072319746709286,0.1849725371946176,0.6522113944720371,0.4290787385813168,0.6709418569334279,0.42470047915260223,1.0956423360860317,0.6123730663149041,1.0891100012860635,1.0600393428150903,0.1850502443849795,0.001092326386594955,0.1423773518283778,0.2590690431058079,0.14243657052222355,0.25914050418939716,0.16199220831913408,0.23938435913441936,0.1620517950359499,0.23945578435086645,1.081290133053362,1.0756478515676349,0.6522113944720371,0.4290787385813168,1.0902695061321892,0.9791083787719955,0.9750586932766616,0.8910813936897908,0.8778021861936308,0.8443954819597848,0.8314547438454477,4.538173604707352,4.901088194354521
2,3,0.78825817993225,0.8366867056053825,0.9118079646127513,0.4193202301082446,64,1024,False,1.3494029280401298,1.356987986493759,-0.007585058453625613,1.34309209294324,1.3354201205752951,0.1975112806586773,0.18070831974755852,0.7504931027926561,0.6064948837011095,0.7639966098415926,0.5998557781525691,1.3638523879941675,0.5601754387549306,1.0183139057055046,1.0029007693243588,0.18669595354322832,0.33251935125093635,0.1393800495603777,0.2556425117569769,0.1431108405694925,0.2601204781771368,0.1590721299071447,0.2360569162920001,0.16273671000817558,0.2404316562897293,1.356987986493759,1.3494029280401298,0.7504931027926561,0.6064948837011095,1.34309209294324,1.0998182561910164,1.0974094466905757,1.1595474860533423,1.105292835351708,1.179906916152204,1.1933676259943018,4.538173604707352,4.714723175235135
2,4,0.653954214348172,0.7210354582470206,0.8406308938875489,0.3853300334498868,64,1024,False,1.7413371244230884,1.7498292446059043,-0.008492120182825247,1.7143157958628108,1.7024553719979474,0.20169063265658174,0.1816600667614048,0.9177004210308193,0.8321288235750953,0.9247042562229794,0.8160231265779958,1.7407273828009768,0.5312171597686092,0.9699270530408165,0.9484800745990779,0.18728442723290553,0.7539752973988695,0.14293959359128838,0.2604416717218751,0.1463262349506976,0.2646091411750733,0.16245508849533508,0.24063469310931396,0.16590445494512096,0.24484511732589453,1.7498292446059043,1.7413371244230884,0.9177004210308193,0.8321288235750953,1.7143157958628108,1.4107827935647634,1.3679342394808054,1.1764187222851046,1.2022759706955528,1.179906916152204,1.2022759706955528,5.275476063467886,5.538095822077145
2,5,0.5788211841582018,0.63559661346473,0.7839519033064677,0.36080281840259054,64,1024,False,2.3891472694991718,2.3990871451929023,-0.009939875693725847,2.3920137596105553,2.3183516012362717,0.21373828804530168,0.18560944830830897,1.2507148720315175,1.148372273161375,1.2577418913210432,1.0932350039725218,2.350976895293562,0.5349869213257373,0.9408646149977135,0.9057950877932085,0.1903364470500622,1.412556513443063,0.15450068470648806,0.27297589138411527,0.15536385086670235,0.27494489989268633,0.1741051376448013,0.25322881372994743,0.17490588354849024,0.25510338892490836,2.3990871451929023,2.3891472694991718,1.2507148720315175,1.148372273161375,2.3920137596105553,1.4107827935647634,1.4123109176277269,1.6967944279974851,1.6548185636803283,1.7509618333472983,1.6926843855051843,5.275476063467886,5.577164344746569
2,6,0.5250769565758088,0.5651724820088302,0.7331594151962169,0.3436783365631329,64,1024,False,3.86790653343602,3.8799253657505877,-0.012018832314586883,3.841899961589907,3.7199916254231526,0.2239948201612865,0.19799205733749986,2.0841263424707797,1.7957990232798209,2.0910450545284833,1.6807370876001453,3.771782142128644,0.5543917903350538,0.9083912163613331,0.8696285246285359,0.1993808577467308,2.850363100794617,0.1641447144325026,0.2838449258900704,0.16071206283489206,0.28052300084417436,0.18381736769515555,0.26413660660909954,0.18029644642956555,0.2607276143244235,3.8799253657505877,3.86790653343602,2.0841263424707797,1.7957990232798209,3.841899961589907,2.1940731277059675,1.5957143354229524,5.258724008139656,5.3420665991131715,2.2800761121493665,2.1034114939985455,5.275476063467886,4.940479583467586
2,7,0.4926627000104875,0.5004694764575558,0.6829880618126414,0.3096315927087109,64,1024,False,6.499920628459647,6.513911149871418,-0.01399052141175348,6.536762477297062,6.450100808910919,0.23081597303582108,0.21649194231621405,3.5578354547367392,2.9560756951346336,3.696124778324813,2.8065579493427433,6.50268272766754,0.568399987069734,0.8873050182249504,0.8507002687871991,0.208980842065459,5.599400540123719,0.1701116116974687,0.29152033437417346,0.16711830643614206,0.28768296485983463,0.1897446868242696,0.27171457601798465,0.18669852791936137,0.2678670243258239,6.513911149871418,6.499920628459647,3.5578354547367392,2.9560756951346336,6.536762477297062,3.396355702561954,2.1339869135334175,5.258724008139656,5.482629310057718,6.1343385454064245,6.578814704174969,17.67326934945696,20.457396067496934
2,8,0.47104529480336066,0.4422586707870033,0.6344521286311962,0.2982404029644971,64,1024,False,9.707008342792543,9.724547581250222,-0.017539238457635047,9.856943836672206,9.776588507330523,0.2372258520256817,0.22905136391184377,5.2601237781506525,4.464423803099583,5.55618340319866,4.291534247625483,9.84771765082413,0.5642102668056976,0.8643159745252372,0.8326716063961759,0.21828614637807459,8.943916900934347,0.17625791565797289,0.2981937883933905,0.17467189235156663,0.2956728919550079,0.19599959854531335,0.27847415568248834,0.1942023342999164,0.2757971371320309,9.724547581250222,9.707008342792543,5.2601237781506525,4.464423803099583,9.856943836672206,5.098450404461075,2.4723298800748417,8.262797091500575,8.061865270146535,8.262797091500575,8.061865270146535,17.67326934945696,53.245308019468
2,9,0.45173680508567443,0.3894553042610852,0.587995523866276,0.2605989521453197,64,1024,False,16.524391241883258,16.543643826738833,-0.019252584855620168,16.945651479957554,16.624050177275787,0.24845056102924645,0.23482518097047306,9.117779354514425,7.42586447222441,9.553760078115825,7.164965976005006,16.71872605412087,0.5714406736009047,0.8514959591009315,0.8060799789108122,0.22671963292426278,15.817970198364975,0.1869166516397942,0.3099844704186987,0.1794446772404715,0.3010385114793179,0.20655854228971293,0.2901282734310371,0.1990462265603128,0.2812231349889771,16.543643826738833,16.524391241883258,9.117779354514425,7.42586447222441,16.945651479957554,7.4364034710779165,2.2564230057424512,8.262797091500575,8.01621778388252,8.262797091500575,8.01621778388252,135.63202371044088,212.57508473391684
2,10,0.3624118357049425,0.34285605759232723,0.5433594351853452,0.22008729052527545,64,1024,False,62.34953327989102,62.37263951608899,-0.023106236198520307,63.67429731703914,63.56721091059688,0.282706942198587,0.2728605434231149,49.620683665604304,12.751955850484956,50.90324935295493,12.867191458758978,63.77044081171399,0.7982263993320948,0.8353418893264163,0.7977258727240414,0.2334344235859399,62.76948503787283,0.21854049771440953,0.34687338668276446,0.18219440361550848,0.3043695957352322,0.2381752785804565,0.3268508148175897,0.20183831576287048,0.2845821303417324,62.37263951608899,62.34953327989102,49.620683665604304,12.751955850484956,63.67429731703914,8.558582914961013,4.930917588488027,17.341096998713198,8.340714106624805,16.180835331389893,8.008017919308596,259.969791422699,456.2652855283589
2,11,0.17848151098944706,0.3032212274799232,0.5026252080110705,0.2379178897121735,64,1024,False,453.427178531405,453.43705564554165,-0.00987711413456976,456.2652855283589,459.87042221392585,0.29455590733751374,0.2846361588222169,409.3767594806871,44.060296164856155,414.60172763290046,45.84573551840709,460.4474631513069,0.900432211734564,0.8106891587331403,0.7835426398028459,0.24257595915831642,459.08687957412303,0.22960313073942146,0.35950868393560603,0.18991430601790094,0.3133306044962858,0.24928025062399684,0.33950030904088635,0.20956021499296185,0.29351259813120123,453.43705564554165,453.427178531405,409.3767594806871,44.060296164856155,456.2652855283589,78.32545877648244,7.310151522342934,57.38506915709531,14.302969374784835,57.38506915709531,12.909826899907074,259.969791422699,56.79861716036952
3,0,0.499343778423108,0.5253680349391071,0.7014238271619786,0.40109973307865177,64,1024,False,0.7376832797295618,0.7385806609610739,-0.0008973812315124474,0.7451266005373025,0.7118925416450798,0.21438432891599807,0.2021627687432585,0.5632617740782451,0.17531888688282588,0.5765895411088015,0.16933309496241764,0.745922636071219,0.7729883948095523,0.982876792015178,0.9466445736007624,0.19597496102196366,-0.23475203195568262,0.1544904219102534,0.2742782359217427,0.14598840944870284,0.26451905145564186,0.17409102565579815,0.2544650698910118,0.1656037974607898,0.24476393710938282,0.7385806609610739,0.7376832797295618,0.5632617740782451,0.17531888688282588,0.7451266005373025,2.5434101957875104,3.142838060870913,5.258724008139656,5.524229737998618,6.1343385454064245,6.548893310396357,4.538173604707352,5.222601910450654
3,1,0.6166196090790066,0.6580107638929742,0.7993335337360654,0.46252059645824484,64,1024,False,0.8399626113481633,0.8424667782941645,-0.0025041669460045286,0.8450313104875289,0.8178184943988727,0.20667282966625738,0.19730503018618914,0.5804353350817756,0.26203144321238336,0.5941409668220794,0.25650958813838204,0.8506505549604649,0.6984548042171005,1.0126417827061254,0.9877627478421217,0.19755752053484987,-0.16994425344324904,0.14762921485931602,0.26571644447319875,0.14724491225078845,0.2651817231888427,0.1671945350972237,0.2459311252750922,0.16682123903592583,0.2454095536377281,0.8424667782941645,0.8399626113481633,0.5804353350817756,0.26203144321238336,0.8450313104875289,1.4107827935647634,1.454025744285294,1.6967944279974851,1.7914347743874803,1.7509618333472983,1.8333191536072775,4.538173604707352,5.487382610321772
3,2,0.78825817993225,0.8366867056053825,0.9118079646127513,0.48873958214360547,64,1024,False,0.965822216653836,0.970400764613438,-0.00457854795959989,0.9760028791634446,0.9487575352844271,0.20299379128383543,0.1926728640869843,0.6438381936354394,0.32656257097800107,0.6667897616944285,0.31529580244204763,0.9820855641364721,0.6789528184142725,1.0519176409131556,1.0287478206282603,0.19090072927636204,-0.07999028534383323,0.1441754199016249,0.26181216266604596,0.141397296549712,0.25829655975919,0.16387311453581788,0.24219092915882356,0.1610637463745661,0.23866334637568798,0.970400764613438,0.965822216653836,0.6438381936354394,0.32656257097800107,0.9760028791634446,1.0998182561910164,1.0465512661703487,1.1595474860533423,1.1357572195923091,1.179906916152204,1.1504601151679836,4.538173604707352,4.901088194354521
3,3,0.9999999999999998,0.9999999999999999,1.0,0.4915079626464542,64,1024,False,1.0936774563748421,1.1003164296032029,-0.006638973228360118,1.0919458313715704,1.0704961146765837,0.19491905215858701,0.1853378412858084,0.6681939672915819,0.43212246231161117,0.6824235879265756,0.41975659713532065,1.1021801850618993,0.6191579173492855,1.0909418397041348,1.0695224373582304,0.18538277318165447,0.0009736773183532943,0.1369682284008895,0.2528698759162845,0.1370053193510745,0.2529144944145165,0.15668133999133715,0.2333173296210589,0.15671779637341388,0.2333610469213454,1.1003164296032029,1.0936774563748421,0.6681939672915819,0.43212246231161117,1.0919458313715704,0.9646219404777298,0.9585415555465306,0.8910813936897908,0.8776904311776722,0.8443954819597848,0.8313665162012698,4.538173604707352,4.714723175235135
3,4,0.8476380331079689,0.8651093455145704,0.9284824951049255,0.4717066133921366,64,1024,False,1.242086042405073,1.2501054596919299,-0.008019417286860678,1.2345827915399714,1.2031507060787046,0.18667250689625636,0.17837273930035702,0.6630925405151079,0.5870129191768313,0.6715147216893101,0.5680239689387476,1.239538690628054,0.5417456726171771,1.0389975743972106,1.0121046531031725,0.18657356127991714,0.191046052975532,0.1290442070664356,0.24430080672607712,0.13790065547956643,0.2548426244079754,0.14884164422983304,0.22487122830352746,0.1575858189171413,0.23523568006203277,1.2501054596919299,1.242086042405073,0.6630925405151079,0.5870129191768313,1.2345827915399714,1.028808682852391,0.9939398311137555,1.028808682852391,0.9595042127672114,1.179906916152204,1.1843197940898882,4.538173604707352,4.615001298036826
3,5,0.744758794800491,0.7620168235331166,0.8680106886167419,0.4869912373938203,64,1024,False,1.4640478950896965,1.4750057116856539,-0.01095781659595877,1.4729902225092604,1.424523768179617,0.18817883704937982,0.17268192277512703,0.6734729003319461,0.801532811353708,0.6910270971986573,0.7591608685958693,1.4501879657945331,0.47650864129192755,1.0074201235864284,0.976022292739106,0.18704941188666385,0.448501475440511,0.13074205353667012,0.24561562056208952,0.14449001111285464,0.26209888657392216,0.15060586164327106,0.22626961633068277,0.16410059095505858,0.24238624504505424,1.4750057116856539,1.4640478950896965,0.6734729003319461,0.801532811353708,1.4729902225092604,1.0998182561910164,1.1171784078655504,1.1764187222851046,1.199702905401594,1.179906916152204,1.199702905401594,4.538173604707352,4.609456939177075
3,6,0.6593079171840834,0.6714657559960266,0.8100083745134062,0.4754259144073611,64,1024,False,1.8767884220216484,1.8904806963752026,-0.01369227435354671,1.8874653259102727,1.839012691124133,0.1820817469728475,0.17728710059883657,0.6774557594518271,1.2130249369233834,0.7003947683105202,1.1664065371094345,1.8668013054199524,0.3751844217577085,0.9697351940332166,0.9412544109812832,0.1945986651003891,0.8977582801428498,0.12538417435068921,0.2387793195950058,0.15094380732670382,0.2690185064939172,0.1453007619638811,0.21955647154391045,0.17059894130943576,0.249352546146838,1.8904806963752026,1.8767884220216484,0.6774557594518271,1.2130249369233834,1.8874653259102727,1.3257374487297078,1.11920642996892,1.3257374487297078,1.1976080445648312,1.2698082516426439,1.2654702301386191,4.538173604707352,4.599817983284029
3,7,0.5950895667018635,0.5892293363947851,0.7529214516396305,0.44632972690292166,64,1024,False,2.7013662296996555,2.718222835935919,-0.016856606236278795,2.718020500745894,2.7077049381933276,0.17674960608332507,0.17215215886333382,0.6677478776532547,2.0504749582826642,0.7486276554183848,1.9864959519106191,2.735123607329009,0.2737088932333332,0.9373487444540531,0.9108460565837948,0.20392837152220936,1.7968588816095328,0.12029699595218704,0.2332022162144631,0.1551968914164992,0.27405285909345356,0.1402845016637002,0.21407695489324396,0.17486620111594675,0.25438814860535786,2.718222835935919,2.7013662296996555,0.6677478776532547,2.0504749582826642,2.718020500745894,1.4107827935647634,1.3844178525263817,1.6967944279974851,1.5902510422460665,1.7509618333472983,1.6969260834613236,4.538173604707352,4.580502746659943
3,8,0.52807223600473,0.514069811349366,0.6960995608601804,0.4427606501817984,64,1024,False,3.5749868176670674,3.596707909867353,-0.0217210922002792,3.692591378443883,3.576411740158397,0.16465663584621076,0.1616201339249073,0.4454578860395661,3.1512500238277976,0.531648160535591,3.068769207500433,3.6004173680360108,0.14766292520847366,0.913091107389685,0.880557075502076,0.2126813109083151,2.695854664656321,0.10911856060612202,0.2201947110862995,0.16222025685897806,0.2814000982735571,0.12909141492127674,0.2011235164682148,0.181883522462158,0.26172780707565835,3.596707909867353,3.5749868176670674,0.4454578860395661,3.1512500238277976,3.692591378443883,2.0344453717800155,1.378601186277689,5.258724008139656,5.350849456945291,6.1343385454064245,6.322165250557389,4.538173604707352,4.6227420510272434
3,9,0.4401626263622492,0.4483460175236101,0.6421414505405845,0.4090829840144999,64,1024,False,5.745247496824401,5.770634195682958,-0.025386698858553117,5.991004701113023,5.657100638395977,0.1730397672179979,0.17143748859842436,0.21048714374606936,5.560147051936904,0.2787300639098204,5.4146000231137075,5.69333008702353,0.04895729909374363,0.8938714076425452,0.8533048843985354,0.2195194906776706,4.803795753997441,0.1167716729907224,0.22930786144527343,0.16725647031094437,0.2870114262111012,0.13665649516769918,0.21009556806529872,0.18692985871894052,0.2673362715431722,5.770634195682958,5.745247496824401,0.21048714374606936,5.560147051936904,5.991004701113023,8.557512976260176,8.790831910364462,8.262797091500575,8.01621778388252,8.262797091500575,8.01621778388252,4.538173604707352,4.67972091906521
3,10,0.33605669099004504,0.3907020617488668,0.5901994908031539,0.37633451524175765,64,1024,False,10.050146717450886,10.083880514490408,-0.033733797039570725,10.548351192872445,10.072323761712303,0.19210646922816557,0.18569989243203613,1.5152233582241013,8.568657156266305,1.7380394395124685,8.413321897297227,10.151361336809714,0.1712124494288453,0.8770874002533063,0.8465180237433089,0.22646639291074583,9.225805737968994,0.13442559241145458,0.24978734604487657,0.17211284429965398,0.2924503287854686,0.1541928198930691,0.23033744107669918,0.191772862621292,0.27273872655496234,10.083880514490408,10.050146717450886,1.5152233582241013,8.568657156266305,10.548351192872445,8.558582914961013,4.930917588488027,8.262797091500575,8.30524844216659,8.262797091500575,8.008017919308596,5.275476063467886,4.763193589014699
3,11,0.1589575962997299,0.34290192337349396,0.5427778573605179,0.3879167175861626,64,1024,False,24.393288135955455,24.406760587122957,-0.013472451167616611,25.028556032832743,24.768876273015692,0.23554543328342087,0.22790398219130906,10.339631878962374,14.06712870816067,11.073439138452093,13.809234210241009,24.882673348693192,0.44502610243178137,0.8537306405805695,0.8238664239480263,0.23597725434917724,23.945009849067667,0.1748598011211812,0.2962310654456605,0.18156703261386098,0.30332101264303035,0.19477058771735756,0.27673590808262816,0.20121961062250193,0.28356321783940075,24.406760587122957,24.393288135955455,10.339631878962374,14.06712870816067,25.028556032832743,78.32545877648244,7.310151522342934,12.70005032941998,5.315596533108697,16.180835331389893,12.909826899907074,5.275476063467886,3.367655557688659
4,0,0.44067860938308395,0.45456617828437296,0.6424595895153085,0.3651912024838682,64,1024,False,0.6692934187458717,0.6689250967410756,0.0003683220047941568,0.6720865570863926,0.6500657213160866,0.22748873077786172,0.2108177293410563,0.5615935241420346,0.1073315725990429,0.5741456443672535,0.10605398948500261,0.6801996338522527,0.8440840244438659,0.7344791592956001,0.7174556865113574,0.1963779561375161,-0.06738996519527074,0.16632852131044507,0.2886489402452784,0.15046134943754852,0.26944772355250135,0.18589915979100624,0.26871916578966193,0.17003015932277776,0.24962638299621176,0.6689250967410756,0.6692934187458717,0.5615935241420346,0.1073315725990429,0.6720865570863926,8.557512976260176,10.181580863429872,8.262797091500575,9.179528122703703,8.262797091500575,9.179528122703703,5.275476063467886,7.022922193250757
4,1,0.5153413911582232,0.56688403687091,0.7333479513829622,0.4658538530744239,64,1024,False,0.7685604565295795,0.7695354371833284,-0.0009749806537497451,0.7722805050417301,0.7564644205729181,0.22483419225536935,0.20975800368267913,0.6154394466726889,0.15409599051064116,0.6281717002672345,0.15585547990406998,0.7840271801712992,0.8012116367317617,0.7613014047951366,0.7566544127470338,0.19473264514176342,-0.00018999217411574953,0.1640926814283366,0.2855757030824021,0.1460313050589535,0.26369192614141274,0.1836338220309699,0.26564858146593906,0.1655479395049042,0.24387143425701652,0.7695354371833284,0.7685604565295795,0.6154394466726889,0.15409599051064116,0.7722805050417301,2.1940731277059675,2.72350011292669,5.258724008139656,5.812926974875486,2.1080701432625686,2.6680040019273803,4.538173604707352,5.487382610321772
4,2,0.653954214348172,0.7210354582470206,0.8406308938875489,0.5128202111494161,64,1024,False,0.8104801619560893,0.8132421073683387,-0.002761945412252154,0.8199632146036951,0.8100019784662283,0.21989407862938462,0.2061628295774035,0.6296311490394207,0.18361095832892363,0.6512035587566232,0.18559004991775327,0.8367936086743764,0.778212873528325,0.7907649420099766,0.7883085477072372,0.18945683751345466,0.021693430758991106,0.15980224929649112,0.2799859079622781,0.14237380032791713,0.25888161254223363,0.1793983145907987,0.2601653748206445,0.16198488174995873,0.2392000753461616,0.8132421073683387,0.8104801619560893,0.6296311490394207,0.18361095832892363,0.8199632146036951,1.4107827935647634,1.3618534195204994,1.1764187222851046,1.194838118891466,1.179906916152204,1.194838118891466,2.6234490335095946,2.9535027113294476
4,3,0.8476380331079689,0.8651093455145704,0.9284824951049255,0.5146182169339067,64,1024,False,0.8160593825402788,0.8204947355480784,-0.004435353007799881,0.8230345741648107,0.8148801562998207,0.20486244039069834,0.19339438262571756,0.5712706060621868,0.2492241294858883,0.589628366844663,0.25144727476310014,0.8410756416077613,0.7010408311404153,0.822179206766686,0.8177088895020084,0.1857504912952876,-0.002828733202187683,0.14618150768037275,0.26354337310102394,0.13942217173170707,0.2553459418023344,0.165806790930219,0.24385081585933222,0.1590361287817359,0.23569110906828428,0.8204947355480784,0.8160593825402788,0.5712706060621868,0.2492241294858883,0.8230345741648107,1.028808682852391,1.0974094466905757,1.028808682852391,1.105292835351708,1.179906916152204,1.1933676259943018,2.6234490335095946,2.9609587671504105
4,4,0.9999999999999996,0.9999999999999997,1.0,0.5218866069135482,64,1024,False,0.8501406220793217,0.8562485401930734,-0.00610791811375647,0.8537822593951181,0.8425578460290257,0.19425941672611077,0.18453013223014222,0.5363539673208049,0.3198945728722713,0.551788040627944,0.31887830626249947,0.8706663468904399,0.6337537250620048,0.8529927082658051,0.841773541638106,0.18457911620608206,0.000784304390919699,0.13645616987048048,0.25206266358174106,0.13651162000361705,0.2521301737939519,0.15599448317516362,0.232345316268038,0.15604955375602003,0.2324120083503658,0.8562485401930734,0.8501406220793217,0.5363539673208049,0.3198945728722713,0.8537822593951181,0.9935948170662613,0.9939398311137555,0.8910813936897908,0.893568002642769,0.8443954819597848,0.8439014410421356,2.6234490335095946,2.80422442034232
4,5,0.8670266496920419,0.8739981770211287,0.9335643025113638,0.5214894001280477,64,1024,False,0.9461192047571768,0.9541996893351478,-0.008080484577969359,0.9440532556006871,0.9373260946449035,0.18828657130990303,0.17530245024224997,0.5151372639217001,0.4390624254134476,0.5327802742997113,0.4252073657722532,0.9579876400719647,0.5561452486586241,0.812759693872497,0.8046441118238623,0.1843085441530886,0.13268198282104116,0.13119781721394358,0.2453753254058625,0.1414352216654572,0.2579602670089607,0.15081635305978125,0.22579337353818119,0.1610141206983826,0.23824990495631937,0.9541996893351478,0.9461192047571768,0.5151372639217001,0.4390624254134476,0.9440532556006871,1.01611340136627,1.0918428852615563,1.01611340136627,1.0918428852615563,1.01611340136627,1.1548770876707217,2.6234490335095946,2.7974435899659666
4,6,0.7597403480451945,0.7677505728246039,0.871779623898798,0.5321893666783724,64,1024,False,1.071975464589372,1.0829820639715368,-0.011006599382162986,1.0839253494456718,1.073953205361765,0.1717227592665545,0.16628779282387365,0.4485816639491394,0.6344004000224048,0.4720298272768024,0.6199388440057602,1.0919686712825614,0.4322741482339272,0.7803272377770367,0.7699191759874252,0.18893290619991876,0.3040340293743399,0.1165131214028144,0.22693239713029462,0.1425840734496805,0.2584937945860136,0.1362940478429664,0.2076628522190731,0.16223670436738757,0.23889929316646885,1.0829820639715368,1.071975464589372,0.4485816639491394,0.6344004000224048,1.0839253494456718,1.0998182561910164,1.11920642996892,1.1764187222851046,1.1976080445648312,1.179906916152204,1.2192879682156155,2.6234490335095946,2.7415908921517573
4,7,0.6659827070717516,0.673352681304551,0.8119517820439923,0.5042944543482066,64,1024,False,1.3857455774031413,1.3996062677616765,-0.013860690358533333,1.386751720031015,1.4178735379743175,0.16043603978992554,0.1604169913584191,0.3952470017876225,1.0043592659740606,0.445338351874475,0.9895812622205646,1.434919614095045,0.3103577005289838,0.7515186545822163,0.7424632282909728,0.1977191684575209,0.6754103096833447,0.10597774237161786,0.21489433720823323,0.14894993558839445,0.26581964895926735,0.12601315562642412,0.1959554463319364,0.16860690051544225,0.24621477015898563,1.3996062677616765,1.3857455774031413,0.3952470017876225,1.0043592659740606,1.386751720031015,1.0998182561910164,1.060589704929746,1.1764187222851046,1.1771160644823102,1.179906916152204,1.1808554794861323,2.6234490335095946,4.182291980999956
4,8,0.5639187663158529,0.5838390352067621,0.7498383386120548,0.49478879256354436,64,1024,False,1.804003073786931,1.8218432121695531,-0.017840138382616114,1.8318810855354102,1.840220052290082,0.14519323232128206,0.14864915696452322,0.1925450964518617,1.6292981157176882,0.22858118532262867,1.6213044456711165,1.8498856309937415,0.12356503639624303,0.7254327317047946,0.7051105161073903,0.20499520450935083,1.1351095361826917,0.0926266606810511,0.19775980396151302,0.15554491467048875,0.2724680221412249,0.1126605374229257,0.1789648129415582,0.17513762651651632,0.2528018665179843,1.8218432121695531,1.804003073786931,0.1925450964518617,1.6292981157176882,1.8318810855354102,1.4107827935647634,1.378601186277689,1.6967944279974851,1.68178479938216,1.7509618333472983,1.8725659313409533,4.538173604707352,4.6227420510272434
4,9,0.4522082759159918,0.5059755342647196,0.6903122128174832,0.4650868004746612,64,1024,False,3.0503107612425873,3.0718546937483535,-0.021543932505781578,3.1419455529085547,3.0695612925220654,0.15924645482222574,0.14940135598411539,0.006186087081382818,3.065668606666994,0.013257696703210716,3.0647919967883026,3.0780496934915162,0.004307174354996246,0.7056638345542233,0.6739887285777711,0.21102506396339243,2.3955725639442944,0.10557164434191349,0.212921265302538,0.16048314739004368,0.2779642603744489,0.12573131531098625,0.19417487684404477,0.18007245749322465,0.2582759628785425,3.0718546937483535,3.0503107612425873,0.006186087081382818,3.065668606666994,3.1419455529085547,7.4364034710779165,2.2564230057424512,5.258724008139656,5.383240387859133,6.1343385454064245,6.364522621752415,4.538173604707352,4.67972091906521
4,10,0.3369822888513776,0.4378769181413031,0.6330259628088128,0.4163129426570722,64,1024,False,4.77090552850062,4.798710885076076,-0.027805356575464638,4.8735078728123185,4.791872193921633,0.16174527664629648,0.15060682651229892,0.014047376478441386,4.784663508597662,0.0053542058572812285,4.8075720916155,4.812926297472794,0.0011124637125843073,0.6891085569920613,0.6661241464244841,0.2186480478829991,4.125748047497149,0.1072211661938302,0.21626938709876276,0.16513392959262646,0.28346479320285384,0.1271461103897309,0.1972262099661748,0.1847975335258525,0.26382334223308135,4.798710885076076,4.77090552850062,0.014047376478441386,4.784663508597662,4.8735078728123185,8.558582914961013,4.930917588488027,8.262797091500575,8.30524844216659,8.262797091500575,8.008017919308596,4.538173604707352,4.615398009106993
4,11,0.14741165296430417,0.37952487376064364,0.5781830431927524,0.4195066697197366,64,1024,False,14.260890016081985,14.271720974929346,-0.010830958847299968,14.183224024230423,13.91726073326789,0.20771859241714796,0.2161464143022912,6.998491057787134,7.273229917142165,6.553914068684285,7.293063090267042,13.846977158951379,0.47331009457522694,0.6692640308077985,0.6499316109163527,0.22869618356687219,13.267329122351537,0.148054932989154,0.2673822518451419,0.17340868203422452,0.2933055280675082,0.1680445786259952,0.2480607730030897,0.19308012331748614,0.2736317491871887,14.271720974929346,14.260890016081985,6.998491057787134,7.273229917142165,14.183224024230423,78.32545877648244,7.310151522342934,8.262797091500575,5.315596533108697,8.262797091500575,5.957568610665502,4.538173604707352,1.801399215963567
5,0,0.39326121744560183,0.40586221575089976,0.599881463263153,0.3374031854987258,64,1024,False,0.6851458148228442,0.6842914225135691,0.0008543923092759401,0.681977420365742,0.6580440051077373,0.2347054357858907,0.21762520871124547,0.6057994189774513,0.07849200353612197,0.611562637908596,0.07749531174331474,0.6890579496519087,0.8875344058036614,0.962886182145953,0.9458044599699873,0.2142190497137997,-0.28776045486225,0.17273105897948055,0.29667981259230086,0.16795537711170394,0.29078658973309085,0.19229294495016802,0.27668817019002745,0.1874931060083327,0.2708047073247144,0.6842914225135691,0.6851458148228442,0.6057994189774513,0.07849200353612197,0.681977420365742,8.558582914961013,10.19382474140079,8.262797091500575,9.179528122703703,8.262797091500575,9.179528122703703,5.275476063467886,11.701609145082296
5,1,0.4604142610159224,0.5028566934744756,0.6835974507605,0.4482654221286543,64,1024,False,0.8811898208562869,0.8814828015580521,-0.0002929807017614635,0.8779200434642964,0.8545545411657938,0.23876406746417175,0.2230622710245135,0.7714637485029985,0.11001905305505043,0.7771033154804213,0.10877801127062088,0.8858813267510409,0.8772092739898225,0.98990340685682,0.9817501060953975,0.21376728731003947,-0.1271955649296037,0.17658707773848353,0.30094105718986,0.1646751142270162,0.2867709772087474,0.19615076486661565,0.2809400447222288,0.18418098679103423,0.266784795516287,0.8814828015580521,0.8811898208562869,0.7714637485029985,0.11001905305505043,0.8779200434642964,7.4364034710779165,8.777931967901099,5.258724008139656,5.812926974875486,6.1343385454064245,6.5386784301712035,4.538173604707352,5.487382610321772
5,2,0.5788211841582018,0.63559661346473,0.7839519033064677,0.51612764930014,64,1024,False,1.001839199351813,1.0039255297276126,-0.002086330375794813,1.005767081946092,0.9842487069201116,0.23957223207823014,0.22349016325608625,0.872131047364835,0.13179448236277982,0.8863915772008764,0.1294505692339005,1.0158421464347733,0.8725682236278341,1.0189333182980627,1.0131886972695476,0.20931027248771325,-0.028939990349436062,0.1774522244944981,0.3016922396619622,0.16129092874200357,0.28237537972437304,0.1970484761550324,0.2817303851552424,0.18082679174403893,0.26245865837699967,1.0039255297276126,1.001839199351813,0.872131047364835,0.13179448236277982,1.005767081946092,1.4107827935647634,1.4642655420679918,1.6967944279974851,1.5317464090442914,1.7509618333472983,1.604883186472429,2.6234490335095946,2.9535027113294476
5,3,0.744758794800491,0.7620168235331166,0.8680106886167419,0.53244726036173,64,1024,False,1.0348256845679173,1.0386911457774655,-0.003865461209554448,1.0370763352961176,1.0179108167758464,0.23250337267320983,0.21783844374805492,0.8561833813044358,0.18250776447302372,0.8712961239692952,0.17764221388873144,1.0489383378580248,0.830645703872849,1.0515425880909308,1.044124999631117,0.2052763771746849,-0.026214182855270662,0.1710020317178571,0.29400471362856256,0.15855200638144062,0.2789658835972882,0.190583554947807,0.27407397460046923,0.17814169133635005,0.259130039390584,1.0386911457774655,1.0348256845679173,0.8561833813044358,0.18250776447302372,1.0370763352961176,1.0998182561910164,1.0974094466905757,1.1764187222851046,1.183054074046485,1.179906916152204,1.1933676259943018,2.6234490335095946,2.9609587671504105
5,4,0.8670266496920419,0.8739981770211287,0.9335643025113638,0.5446926614315082,64,1024,False,1.0506079531737098,1.0561203715358203,-0.005512418362117175,1.0494713285610449,1.0322063937524792,0.22369999240339347,0.2112863378902398,0.8187420451873313,0.23737832634848796,0.8338313726698146,0.23022172614339184,1.0640530988132084,0.7836369948077105,1.0837736292013775,1.0735869828191533,0.20295689083542467,-0.04138058906667408,0.163118246099986,0.28428173870680096,0.1554679143272138,0.2751671836459493,0.18260587041731924,0.26432185796875274,0.17497029744117754,0.25527355051599443,1.0561203715358203,1.0506079531737098,0.8187420451873313,0.23737832634848796,1.0494713285610449,1.01611340136627,0.9939398311137555,1.01611340136627,0.9595042127672114,1.01611340136627,1.004994092301345,2.6234490335095946,2.80422442034232
5,5,0.9999999999999997,0.9999999999999996,0.9999999999999998,0.5516497386104318,64,1024,False,1.124905007421696,1.1324351206672165,-0.0075301132455168115,1.1182990350493902,1.1054369537331887,0.21343845677761328,0.19879632887419735,0.7969569176161186,0.33547820305109716,0.8122256991665575,0.31855377813676194,1.1307794773033222,0.7182883271843151,1.1174643582662964,1.1046035339696276,0.19886205390463257,0.0008334197635611051,0.15369484902388858,0.273182064531338,0.15376583736534763,0.2732675687987315,0.17326007861993276,0.25336032595077995,0.17333081690594554,0.2534450782186468,1.1324351206672165,1.124905007421696,0.7969569176161186,0.33547820305109716,1.1182990350493902,0.9791083787719955,0.9757387712604232,0.8910813936897908,0.8759335509324842,0.8443954819597848,0.8299795054813845,2.6234490335095946,2.7974435899659666
5,6,0.8760024047074475,0.8748102908369486,0.934062880627653,0.5614092941134827,64,1024,False,1.265529023958897,1.2758020094774059,-0.01027298551851101,1.2602828467803984,1.2575189533499311,0.19302440297378165,0.18811733039763856,0.7718867794212371,0.5039152300561686,0.7956945609441654,0.48813204280244227,1.2838266037466153,0.619783511746894,1.0677931218291588,1.059508866982257,0.20448412799666213,0.19801008636767414,0.13545361027859593,0.2505951956689674,0.15681047562235123,0.27617689888459396,0.15512276815570658,0.2310366882593371,0.17646920491824858,0.25646523262548726,1.2758020094774059,1.265529023958897,0.7718867794212371,0.5039152300561686,1.2602828467803984,1.01611340136627,1.0321867978226962,1.01611340136627,0.9596376451760505,1.01611340136627,0.9174322650415494,0.8192360166988387,0.6461734675404734
5,7,0.7701115314590904,0.7696227716759289,0.8732976538876502,0.5284315062179153,64,1024,False,1.5410440153557832,1.553892632540877,-0.012848617185096136,1.518998715053883,1.5822426248270336,0.17082211588124194,0.17354121961220229,0.7164911771265041,0.8374014554143745,0.769462017526066,0.8376255021508161,1.6070875196768815,0.47879285235241753,1.0299981788408374,1.034118092533292,0.21439573315247268,0.5481245322937416,0.11524349080277542,0.22640074095970847,0.16466922265486034,0.2848986288815488,0.13518899455084465,0.20729581037448952,0.18432558346103178,0.2651695330860093,1.553892632540877,1.5410440153557832,0.7164911771265041,0.8374014554143745,1.518998715053883,1.0998182561910164,1.060589704929746,1.1764187222851046,1.1771160644823102,1.179906916152204,1.1808554794861323,2.6234490335095946,2.747135418972928
5,8,0.6486568526116976,0.666550095631266,0.808187576112462,0.5161800286488151,64,1024,False,1.9845765278070124,2.0011073905695556,-0.016530862762540968,1.972255116438986,2.04628478556742,0.1596500400128444,0.16694428585190124,0.6081963209606989,1.3929110696088571,0.662387134780492,1.403117465413817,2.0655046001943185,0.32069022490590243,0.9952217000570572,0.9932635404313969,0.22567497798722977,1.0530212451360232,0.10571663091072335,0.21358344911496546,0.17406792306903535,0.2947344701377757,0.1257208131646621,0.19466517076216405,0.19363127061660634,0.2749078572014696,2.0011073905695556,1.9845765278070124,0.6081963209606989,1.3929110696088571,1.972255116438986,1.4107827935647634,1.3310857651127803,1.443823604484308,1.5310987900894721,1.2698082516426439,1.1972041634874337,2.6234490335095946,2.713539720124643
5,9,0.49333706263778393,0.5755852098965383,0.7439189510198954,0.4926307749909467,64,1024,False,2.948227906240538,2.9686958821203517,-0.02046797587981688,2.984838140840059,3.020082226866414,0.16220303665948643,0.16461319722319473,0.4193989909325789,2.5492968911877916,0.4597577995356103,2.581180391340002,3.0409381908756146,0.15118945887000307,0.9776153072258146,0.9538543690289154,0.23356023310468566,2.0662278578374984,0.10866181055574567,0.2157442627632272,0.1808250894499031,0.30229509090023404,0.1286887702299282,0.1968567326621269,0.20044675125245703,0.28250319161452353,2.9686958821203517,2.948227906240538,0.4193989909325789,2.5492968911877916,2.984838140840059,2.5434101957875104,2.2564230057424512,1.841435620178957,1.605997943590246,1.841435620178957,1.669967315360418,4.538173604707352,4.67972091906521
5,10,0.3545058546888928,0.4948016834138053,0.6810975216095772,0.44507821334585956,64,1024,False,5.084792449758907,5.111563554511919,-0.02677110475300139,5.1811339427628775,5.223137458463658,0.18251678550604963,0.1793828373261428,1.019660403368549,4.0919031511433746,1.1058911671924643,4.161079255759644,5.266970422952113,0.2099672256318875,0.958544871186208,0.9401648526319116,0.2422953113698297,4.282972605831746,0.12695046950758632,0.23808310150451295,0.18746654036568577,0.3100750339631587,0.14660547360108467,0.2186640528962016,0.20711706096335547,0.29027341416076524,5.111563554511919,5.084792449758907,1.019660403368549,4.0919031511433746,5.1811339427628775,8.558582914961013,4.930917588488027,5.258724008139656,5.263288129632408,6.1343385454064245,6.207661976379006,4.538173604707352,4.615398009106993
5,11,0.16127395845218345,0.4259141500040657,0.6196366852492916,0.4380637352875212,64,1024,False,23.52212397315807,23.532252128704,-0.010128155546018038,23.68942333892906,24.02283355992665,0.27540737547146893,0.26617108475819584,17.079337102990184,6.4529150257139785,17.482040187878805,6.646511766980295,24.128551954859173,0.7245374782782251,0.9336285927811601,0.9178136257702604,0.25212105056397377,23.105019934156388,0.21210256185734738,0.3387121890855905,0.19495898935893752,0.31889839848349655,0.23176560481806519,0.31879174895584583,0.2146292990873917,0.29908373450598447,23.532252128704,23.52212397315807,17.079337102990184,6.4529150257139785,23.68942333892906,78.32545877648244,7.310151522342934,8.262797091500575,3.276281565958898,8.262797091500575,3.276281565958898,4.538173604707352,1.801399215963567
6,0,0.3645459377141578,0.3684514349228455,0.5649181493463977,0.3757386465021037,64,1024,False,0.5197317005171495,0.5187424666153245,0.0009892339018265765,0.5160515169713754,0.49404527656548136,0.22701849625721118,0.21237457876079224,0.46023759544752846,0.05850487116779317,0.4625747096337522,0.057812933107548974,0.5203876427412996,0.8889041007910944,0.7082467827362023,0.6926838000485962,0.1992276287888044,-0.19863852348311484,0.16579542948098747,0.2882415630334349,0.1516555489532363,0.2714056960621976,0.18536994853639044,0.26831334661255823,0.17121509392745793,0.2515502001697314,0.5187424666153245,0.5197317005171495,0.46023759544752846,0.05850487116779317,0.5160515169713754,8.558582914961013,10.19382474140079,8.262797091500575,9.179528122703703,8.262797091500575,9.179528122703703,5.275476063467886,7.022922193250757
6,1,0.4190964701973177,0.453029139214767,0.6418534049128684,0.4359351423769813,64,1024,False,0.6465851182612824,0.6460613701490272,0.0005237481122567779,0.642554749082123,0.6190346080936721,0.2311339482604573,0.21839690316007587,0.5639650678416963,0.08209630230732884,0.564103836185093,0.08022331870265408,0.6443271548877492,0.875492879519206,0.7301995714342676,0.7165616842578361,0.19905659774667686,-0.097527076164164,0.16976518086513592,0.2925027156557787,0.14691528541908683,0.2652720122494944,0.18928881828469457,0.2725153861101717,0.16635038662934676,0.24533973486541072,0.6460613701490272,0.6465851182612824,0.5639650678416963,0.08209630230732884,0.642554749082123,8.557512976260176,9.585976068591082,8.262797091500575,9.098796956290192,8.262797091500575,9.098796956290192,4.538173604707352,5.487382610321772
6,2,0.5250769565758088,0.5651724820088302,0.7331594151962169,0.5171622614106323,64,1024,False,0.7171939567420873,0.7182199078571878,-0.0010259511150967412,0.7182522627088261,0.6926453521940934,0.23301487700784215,0.2168484250922506,0.6233393992145116,0.09488050864267457,0.6279813025436277,0.09085743936102263,0.7188387419046487,0.8736052551643455,0.7561330846114912,0.7420268597074148,0.1915268229262294,-0.04938150751332138,0.17158004889842643,0.2944497051172579,0.1438922640313116,0.26141288191117695,0.19115445430361433,0.2745141391278594,0.16345164445374394,0.24164073971041944,0.7182199078571878,0.7171939567420873,0.6233393992145116,0.09488050864267457,0.7182522627088261,2.1940731277059675,2.604525861609298,5.258724008139656,5.855176934748634,2.2800761121493665,3.841899961589907,2.6234490335095946,2.9535027113294476
6,3,0.6593079171840834,0.6714657559960266,0.8100083745134062,0.5398377408921202,64,1024,False,0.762663476595839,0.7653106057537488,-0.0026471291579121237,0.7640095715491431,0.7398468831580286,0.22567763170587848,0.21007226278566088,0.6307470103001603,0.1345635954535933,0.638154994912025,0.12713785352053056,0.7652928484325532,0.8338703232613142,0.7886955184913161,0.7749444711088043,0.1874522174517622,-0.035097587950775666,0.1648331940046998,0.28652206940705716,0.14077322491875321,0.25759991681713407,0.1843925742432475,0.26661067241366254,0.16041273576411186,0.2379438904899871,0.7653106057537488,0.762663476595839,0.6307470103001603,0.1345635954535933,0.7640095715491431,1.3257374487297078,1.402235210862625,1.3257374487297078,1.4283085472272266,1.2698082516426439,1.3420652059417155,2.6234490335095946,2.9609587671504105
6,4,0.7597403480451945,0.7677505728246039,0.871779623898798,0.5654229568935049,64,1024,False,0.7777074215991661,0.781955477767695,-0.004248056168529903,0.7761203811003979,0.7587462813809582,0.21689533319358595,0.2032410851750146,0.6124884289135603,0.16946704885413238,0.623386579751518,0.1616935013345042,0.7850800810860203,0.7940420280300223,0.8176604598017044,0.8098223118035771,0.18292622673034686,-0.05107603042261888,0.15694180738806704,0.27684885899910483,0.1347689627065966,0.25050939630039654,0.1764129485527519,0.25691266905050725,0.1543571417860221,0.2308445987291634,0.781955477767695,0.7777074215991661,0.6124884289135603,0.16946704885413238,0.7761203811003979,1.0998182561910164,1.1306913296083605,1.1764187222851046,1.2022759706955528,1.179906916152204,1.2022759706955528,0.713169537771272,0.6936852504778772
6,5,0.8760024047074475,0.8748102908369486,0.934062880627653,0.5705147704578015,64,1024,False,0.8178581649387611,0.8237765692484597,-0.005918404309698078,0.8106461745229497,0.798204581944151,0.2059187284673941,0.18769576512924452,0.5856266808310748,0.23814988841738774,0.5972316196356623,0.22313170399699075,0.8203633236326535,0.7280086791192212,0.84451527469599,0.8318082986057254,0.17715841697925597,-0.03360371666157436,0.14713366136431766,0.2647037955704705,0.13454858677634535,0.24967902944813947,0.1666809284943156,0.2449323899418232,0.15421952903852798,0.23012809340434615,0.8237765692484597,0.8178581649387611,0.5856266808310748,0.23814988841738774,0.8106461745229497,1.01611340136627,1.0918428852615563,1.01611340136627,1.0918428852615563,1.01611340136627,1.1548770876707217,0.6434496478883048,0.6100103425613759
6,6,1.0,0.9999999999999996,0.9999999999999999,0.6023157117142144,64,1024,False,0.8889665201164823,0.897778014525575,-0.008811494409087291,0.8902429924078488,0.8786818364054887,0.18445539456317886,0.17536052007401348,0.5480000354672545,0.3497779790583185,0.5687557022623179,0.33297361364358946,0.9017293159059071,0.630738839505209,0.889410142309031,0.8778252042255811,0.1754265802830561,0.0008566321799076126,0.12777963698016917,0.24113115214618855,0.12783661060871163,0.24119931498893224,0.1474615607658052,0.22165129025961505,0.14751868380699307,0.22171921713015763,0.897778014525575,0.8889665201164823,0.5480000354672545,0.3497779790583185,0.8902429924078488,0.9356490638891983,0.9567286244288469,0.8910813936897908,0.8911372871085869,0.8443954819597848,0.8535618366720038,0.49949167434863445,0.46685609604605893
6,7,0.8969222325912203,0.8856774502304541,0.9401205817885259,0.5816133729934679,64,1024,False,1.0306709410978305,1.0422468277304247,-0.011575886632596812,1.024218355560149,1.055524314853215,0.15792484531720352,0.1539839331865327,0.4541052697121468,0.5881415580182825,0.4994288365612707,0.5745061888965247,1.0739350254577935,0.4650456728966222,0.8384740250231254,0.8430327751208678,0.18015785371388002,0.21249153973234713,0.10374853049546826,0.2121011601389388,0.13052900528432276,0.24413943855654718,0.12364544494630536,0.19305382038874086,0.15017418197385268,0.22463159719336545,1.0422468277304247,1.0306709410978305,0.4541052697121468,0.5881415580182825,1.024218355560149,0.9935948170662613,1.0584983560986494,0.9016794607228314,0.9940809976971103,0.8443954819597848,0.8773625436261892,0.5605401734066525,0.4955672528247465
6,8,0.770790035269083,0.7740606289603165,0.8762315398080598,0.5656657633024523,64,1024,False,1.331288633974286,1.3462154647965092,-0.01492683082222567,1.3412624143409286,1.368758219845884,0.14674436053643183,0.14829657799357254,0.3560357710147736,0.9901796937817356,0.4035964433528225,0.9795546667165816,1.3831511100694038,0.29179490253423634,0.799426539996578,0.7955273596420976,0.18908930953499484,0.5732308602037864,0.09397172705169318,0.19951699402117049,0.13596981279824222,0.24942563020172498,0.11399605235055787,0.18070263203117065,0.15561675826756982,0.22993690571456682,1.3462154647965092,1.331288633974286,0.3560357710147736,0.9901796937817356,1.3412624143409286,1.0998182561910164,1.117108769185656,1.1764187222851046,1.2084990315882118,1.179906916152204,1.1972041634874337,0.713169537771272,0.6252680974883567
6,9,0.566384799316989,0.6704154930825703,0.8100581870864466,0.5397986264197646,64,1024,False,1.985889410166544,2.0045097892561197,-0.018620379089579635,2.031479905303329,2.014982506810106,0.14834579488524932,0.14598891356951726,0.14255610799456334,1.86195368126155,0.1706941030611089,1.8641602291467956,2.0348543322079005,0.08388517072664302,0.7777116874948984,0.7494199362221083,0.19158182234504204,1.2655625705879978,0.09567437532026765,0.201017214450231,0.14136481629515635,0.25540183642104314,0.11558249074732885,0.18208523515204433,0.16108817241183715,0.23597004568728153,2.0045097892561197,1.985889410166544,0.14255610799456334,1.86195368126155,2.031479905303329,1.4107827935647634,1.3890024447626537,1.443823604484308,1.3598727043673051,1.2698082516426439,1.1895135870792233,2.6234490335095946,2.6413874919400873
6,10,0.39023825253315003,0.5747990388598023,0.7420428645053267,0.5059354444538003,64,1024,False,3.3844705406651556,3.4100922329048746,-0.02562169223973563,3.479253426760218,3.4765066824493513,0.16107580869808685,0.15755031894875213,0.3754668738668263,3.0346253590380643,0.43799809543378193,3.0795232123965386,3.5175213078303145,0.12451896011511268,0.7500991748774526,0.7254060878978231,0.1985766652363592,2.751100594551528,0.10711759952227438,0.2150340178738993,0.14752071530209465,0.2624429944724986,0.12678505785152083,0.19575453447032487,0.16723515984631376,0.2429637091117911,3.4100922329048746,3.3844705406651556,0.3754668738668263,3.0346253590380643,3.479253426760218,8.558582914961013,4.930917588488027,1.9062010066654596,1.6141510851464207,1.9062010066654596,1.6685041218064132,2.6234490335095946,2.791843955824218
6,11,0.19918228544865135,0.4930465146303914,0.6736715640088047,0.5033649748446315,64,1024,False,86.87776186390137,86.88759281628143,-0.009830952380623866,87.42659061070557,87.67417130660097,0.2958811324727918,0.2839408625984777,78.78192306385935,8.105669752421706,79.27266519721881,8.639905031062387,87.91257022828158,0.9017216194609301,0.7267573030487274,0.7005020852439432,0.20687031365179473,86.97366922135703,0.2308669526049641,0.3608953123406195,0.15560216231596538,0.2723262442115346,0.2505429111843114,0.34088064514799044,0.17524405977019342,0.2527178239179193,86.88759281628143,86.87776186390137,78.78192306385935,8.105669752421706,87.42659061070557,78.32545877648244,7.310151522342934,8.262797091500575,2.533684440723086,8.262797091500575,2.533684440723086,4.538173604707352,1.4025555322646681
7,0,0.34994075457150176,0.3333699914551417,0.531349216322383,0.3593532063520212,64,1024,False,0.12856504826663756,0.12718412699353798,0.00138092127310001,0.1187513934171355,0.11236143177753302,0.10077785507173169,0.0955514068273277,0.08095959369205241,0.04622453330148513,0.0827679642447808,0.046249504399653994,0.12901746864443503,0.6415252532421382,0.3049344034470342,0.30711974450529195,0.12614163094709788,-0.19475831272775893,0.05256498011592712,0.14899073002753627,0.07383978922037326,0.17767164607421726,0.07202645573852351,0.1298695028963266,0.0935405944037484,0.15854037057579262,0.12718412699353798,0.12856504826663756,0.08095959369205241,0.04622453330148513,0.1187513934171355,8.558582914961013,10.19382474140079,17.341096998713198,20.785566119772408,16.180835331389893,18.475418751100285,5.275476063467886,7.022922193250757
7,1,0.40455771570545884,0.40664595944418,0.6005671936821959,0.411544849953699,64,1024,False,0.19201935395770853,0.19081609457148185,0.0012032593862274937,0.18191884943013634,0.17578990614190448,0.12579893374045528,0.12257228878912266,0.12660633302283517,0.06420976154864608,0.1289773881558188,0.06268886542320583,0.1916662535790241,0.6729269537406665,0.32520592713394003,0.33323312514150194,0.12636894448744934,-0.15744321899959746,0.07459472443765586,0.1770031430432547,0.0703569737179833,0.17281106331902285,0.09409620039514266,0.15771784878597828,0.090007537517522,0.15369160752015887,0.19081609457148185,0.19201935395770853,0.12660633302283517,0.06420976154864608,0.18191884943013634,8.557512976260176,9.585976068591082,8.262797091500575,9.098796956290192,8.262797091500575,9.098796956290192,4.538173604707352,5.487382610321772
7,2,0.4926627000104875,0.5004694764575558,0.6829880618126414,0.48159039343759413,64,1024,False,0.2642399179769543,0.2641345959441525,0.00010532203280231922,0.2559489278268464,0.24885976464266257,0.15476722080540847,0.14575469495699614,0.19116885998878544,0.0729657359553675,0.19700039926248736,0.0705339593119572,0.2675343585744451,0.7363555107919693,0.3570481110603124,0.3629818770843162,0.12174565090379026,-0.1141221124416536,0.10060766187607727,0.20892677973473966,0.07261981708670079,0.17480283115662096,0.12009319804928964,0.18941174905194202,0.09224989677022677,0.1556695237813983,0.2641345959441525,0.2642399179769543,0.19116885998878544,0.0729657359553675,0.2559489278268464,3.396355702561954,6.536762477297062,5.258724008139656,5.855176934748634,6.1343385454064245,6.586522362143315,4.538173604707352,4.901088194354521
7,3,0.5950895667018635,0.5892293363947851,0.7529214516396305,0.5122034527326198,64,1024,False,0.3361293235295213,0.3374821041793297,-0.0013527806498065756,0.32904304583809446,0.324163306276955,0.16489869884965475,0.15562646893668186,0.2405444201610453,0.09693768401828434,0.24918197177179405,0.09365685120002869,0.3428388229718224,0.7268195871512314,0.3895011919734142,0.4003734905875924,0.126779514785995,-0.07621018431063742,0.10965015955226175,0.22014723814704773,0.07631902386333819,0.17972987385228542,0.12923937219602522,0.20067509914224502,0.09609368327073753,0.16071327390091028,0.3374821041793297,0.3361293235295213,0.2405444201610453,0.09693768401828434,0.32904304583809446,1.4107827935647634,1.4239328089747547,1.6967944279974851,1.8405484560715433,1.7509618333472983,1.8405484560715433,2.6234490335095946,2.9609587671504105
7,4,0.6659827070717516,0.673352681304551,0.8119517820439923,0.5391619608716206,64,1024,False,0.3701808006730649,0.37285249200602955,-0.0026716913329662764,0.3630565207581264,0.3611675080685524,0.16006799325714285,0.15249034111176565,0.24945585626827535,0.12339663573775457,0.2606025922728148,0.12088071095799023,0.38148330323080465,0.6831297466121218,0.42743383787914035,0.44459913481069635,0.12574330946427328,-0.08343162674214394,0.10516931121824606,0.21496667529603963,0.07459374644143868,0.17807551822922257,0.12478159052261617,0.1955505189325777,0.09445254202728393,0.1591557963329251,0.37285249200602955,0.3701808006730649,0.24945585626827535,0.12339663573775457,0.3630565207581264,1.0998182561910164,1.3460755391634767,1.1764187222851046,1.3460755391634767,1.179906916152204,1.282801970352463,2.6234490335095946,2.80422442034232
7,5,0.7701115314590904,0.7696227716759289,0.8732976538876502,0.5556868433947426,64,1024,False,0.42372711088990395,0.42790770938830835,-0.004180598498401795,0.4141635597311612,0.4201151022170868,0.15393245323527605,0.14716766976869952,0.250974409958686,0.1769332994296182,0.2632306111174389,0.17053823315150524,0.4337688442689443,0.6068453615221643,0.4549094470344747,0.4731963120507769,0.12605828287681015,-0.05308120983369008,0.09963735186724873,0.20822755460330336,0.07563082561375506,0.17880571655081573,0.11938383406231878,0.18900583173672203,0.09557890092401067,0.15999566040409263,0.42790770938830835,0.42372711088990395,0.250974409958686,0.1769332994296182,0.4141635597311612,1.0998182561910164,1.1171784078655504,1.1764187222851046,1.199702905401594,1.179906916152204,1.199702905401594,2.6234490335095946,2.7974435899659666
7,6,0.8969222325912203,0.8856774502304541,0.9401205817885259,0.6043792325935231,64,1024,False,0.4672174126270107,0.4741731137970844,-0.006955701170070707,0.46289706780363493,0.47254452262116337,0.13923423341920071,0.13847473046831407,0.22955895410886862,0.24461415968821454,0.24509311294378833,0.2407132192953712,0.485806332239161,0.5045078597763722,0.510370425008523,0.5301089097661732,0.12717388685886272,-0.05756438714500983,0.08671003179514107,0.19175843504326034,0.07499367040908117,0.17724949316495697,0.10650352244556416,0.172719477530336,0.09489696116361301,0.15843468339880928,0.4741731137970844,0.4672174126270107,0.22955895410886862,0.24461415968821454,0.46289706780363493,0.9935948170662613,1.0321867978226962,0.9016794607228314,0.9596376451760505,0.8443954819597848,0.9174322650415494,0.4842571308832871,0.46685609604605893
7,7,1.0000000000000002,0.9999999999999998,1.0,0.5993546451386538,64,1024,False,0.5501179139204605,0.5598656871624532,-0.009747773241996464,0.5389936240019331,0.5689312437894148,0.12226415018515835,0.12726714561370386,0.16391617269860784,0.3959495144638466,0.1896245270729824,0.39312699175056326,0.582751518823544,0.32539516577459204,0.5380849956261347,0.567932220931276,0.12723608869470815,0.0009990228581387983,0.07179036770107428,0.17273793266924242,0.07177717090054651,0.1727184754850416,0.09166455995000433,0.15395077116409084,0.09165110216417816,0.15393134949408704,0.5598656871624532,0.5501179139204605,0.16391617269860784,0.3959495144638466,0.5389936240019331,0.9066761873006668,0.9558678636727472,0.8910813936897908,0.9145539116689814,0.8443954819597848,0.8773625436261892,0.49949167434863445,0.4955672528247465
7,8,0.8789506340284994,0.8865612433761969,0.9406277493569264,0.5838198197336113,64,1024,False,0.7348120501228321,0.747611284856255,-0.012799234733424756,0.7339574988068605,0.7532648125496653,0.11778524642576955,0.12204314157329009,0.09058383124892513,0.6570274536073322,0.11187167092834685,0.651163703484865,0.763035374413209,0.14661400333422106,0.4981575492165103,0.5083325004301226,0.126747922589862,0.2449323121195427,0.06846935040910618,0.16710114244243293,0.07466648295748012,0.1750307391165889,0.08820797799853608,0.1482318466369179,0.09444947646261426,0.15617380027106265,0.747611284856255,0.7348120501228321,0.09058383124892513,0.6570274536073322,0.7339574988068605,0.9935948170662613,1.0285659826122049,0.9016794607228314,0.9449040000583441,0.8443954819597848,0.8925709751135642,0.5605401734066525,0.5131657572018947
7,9,0.6549228268907588,0.7768541064904358,0.877201240875336,0.5707501396088763,64,1024,False,1.2076583009553177,1.2243866133532038,-0.016728312397889362,1.2256926578683969,1.2142123439797887,0.12178326304916469,0.13064307410076295,0.004672405566592193,1.2197142077866128,0.010320249510707275,1.2152531638679664,1.2255734133786738,0.008420751786917686,0.46651891824306047,0.45912306268517744,0.12636215135885726,0.7550892812946113,0.07177008015236606,0.17179644594596333,0.07484594668269232,0.1749558937150461,0.09172755590407178,0.15310352268716088,0.09459108064766042,0.15606253587611718,1.2243866133532038,1.2076583009553177,0.004672405566592193,1.2197142077866128,1.2256926578683969,1.4107827935647634,1.3890024447626537,1.1764187222851046,1.2141252891375225,1.179906916152204,1.1895135870792233,0.6434496478883048,0.5444908397850312
7,10,0.4469973331927617,0.6693029929605144,0.807504591997033,0.5526867509079973,64,1024,False,2.0326891087194503,2.056837697939085,-0.024148589219627505,2.069591502114197,2.030307265351179,0.1309770759404357,0.13543268456904903,0.021127757676649397,2.035709940262437,0.011016223027047039,2.0366189247332094,2.04763514776026,0.005379973594952587,0.4319432450729928,0.42793952363367704,0.12595624534450706,1.6023677417175017,0.08003186438592742,0.181922287494944,0.07344526693617179,0.17316564992565184,0.0997370246986975,0.1628955445048632,0.09309396459138952,0.1541791647541686,2.056837697939085,2.0326891087194503,0.021127757676649397,2.035709940262437,2.069591502114197,7.4364034710779165,4.930917588488027,1.443823604484308,1.354428190537181,1.2698082516426439,1.189814618417632,2.6234490335095946,2.791843955824218
7,11,0.23001428012956468,0.5726801480305344,0.7330696748448708,0.5583337051834193,64,1024,False,53.09998864731917,53.10944437554209,-0.009455728222991743,53.99154455831955,53.376993951541365,0.29650181477176824,0.28357581119001063,46.594188121275955,6.515256254265986,46.590461511839266,6.944881413877116,53.5353429257163,0.8702748308997759,0.3978866705124856,0.39525671703126164,0.12476190074750175,52.981737234510106,0.2316364040576276,0.3613672254859089,0.07256896629286505,0.17210350050746318,0.25129641674720915,0.3413466303536552,0.09232218057877617,0.1532591008945019,53.10944437554209,53.09998864731917,46.594188121275955,6.515256254265986,53.99154455831955,78.32545877648244,7.310151522342934,5.258724008139656,1.6574278827971298,6.1343385454064245,1.8552707474925787,2.6234490335095946,0.6609683731547777
8,0,0.3839479293589372,0.3026277538007267,0.498900389897612,0.408690458124492,64,1024,False,0.21996182922777033,0.218051416306578,0.0019104129211936565,0.21271480029426348,0.20065171708576884,0.18581645922373285,0.1742415488577421,0.19765067940351114,0.020400736903066184,0.20031632436705943,0.020669118003762928,0.22098544237082254,0.9064684180911813,0.22870810762516583,0.23011303626164079,0.11660180153971525,-0.02946131917587194,0.1285239008020589,0.24310901764540682,0.06855612111906129,0.16969790569136275,0.14804064637428382,0.22339272618410178,0.08818906335363863,0.15059506547549972,0.218051416306578,0.21996182922777033,0.19765067940351114,0.020400736903066184,0.21271480029426348,8.558582914961013,10.19382474140079,57.38506915709531,76.41208469439567,57.38506915709531,76.41208469439567,4.538173604707352,5.222601910450654
8,1,0.4162718561195061,0.3658548589163421,0.5623587930342707,0.44299296523553744,64,1024,False,0.2778441571176748,0.27566361833861436,0.002180538779059733,0.2698403110052531,0.2571081660305526,0.19996239890780268,0.1886441721304781,0.24661796989336915,0.029045648445247978,0.24899442776882005,0.028308370880102407,0.2773027986489232,0.8979153076780061,0.24861348422755186,0.25367738965660974,0.11871402808529648,0.0034307763739428454,0.14159050739054418,0.2583342904250612,0.06888159938527907,0.16942980300450924,0.1610801419155905,0.23852495144092245,0.08846723841270432,0.15030499745626003,0.27566361833861436,0.2778441571176748,0.24661796989336915,0.029045648445247978,0.2698403110052531,8.557512976260176,9.585976068591082,8.262797091500575,11.892877701533997,8.262797091500575,11.892877701533997,4.538173604707352,5.487382610321772
8,2,0.47104529480336066,0.4422586707870033,0.6344521286311962,0.5115309836469079,64,1024,False,0.3475488434891553,0.34588994222604363,0.001658901263112937,0.33995697224994276,0.3277651693776526,0.2154521806142834,0.20204883581359817,0.3132466252191536,0.032643317006892276,0.31866114250341465,0.031051633796157194,0.34971277629957326,0.9112081802537322,0.27098061385479205,0.27623743817544993,0.11561301623990454,0.051527731202202665,0.15586071665209994,0.27504364457646685,0.06934608987066565,0.16991914680589942,0.1754369603804662,0.25523776615591487,0.08898011998098809,0.15085638922755606,0.34588994222604363,0.3475488434891553,0.3132466252191536,0.032643317006892276,0.33995697224994276,5.098450404461075,8.202669709195293,8.262797091500575,8.859869715788557,8.262797091500575,8.859869715788557,2.6234490335095946,2.9535027113294476
8,3,0.52807223600473,0.514069811349366,0.6960995608601804,0.5447769734994334,64,1024,False,0.38318317264575347,0.38256696802069157,0.0006162046250626858,0.3762993651161478,0.36634111641347694,0.21291810285920357,0.19995910457391444,0.34068949469562093,0.041877473325064925,0.3481419371534237,0.03986931739097201,0.3880112545443958,0.8972470078534531,0.296880541598657,0.3084138692552672,0.12101010211121817,0.05792724715820974,0.15347181308189273,0.2723643926365144,0.07238520675875999,0.17387774701331177,0.17312128214689437,0.2526492065007915,0.09200668893754482,0.15477038622339023,0.38256696802069157,0.38318317264575347,0.34068949469562093,0.041877473325064925,0.3762993651161478,2.0344453717800155,2.1121102162703713,5.258724008139656,5.533443114946428,6.1343385454064245,6.646566444026582,2.6234490335095946,2.9609587671504105
8,4,0.5639187663158529,0.5838390352067621,0.7498383386120548,0.5697337929951112,64,1024,False,0.3969448999952955,0.3971111055829467,-0.00016620558765206942,0.38777365349150184,0.38304161352278904,0.20521426894904016,0.1909033435499756,0.34193218619908544,0.0551789193838591,0.3508281821421857,0.05403250757741223,0.40486068971959843,0.8665404941763178,0.31663364942306993,0.3358042822396963,0.12055906077397316,0.047237331283092765,0.14659008292945563,0.2638384549686247,0.07113548814114945,0.17262218298355672,0.1661943267681636,0.24414406654977938,0.09084784520382527,0.15361842609854648,0.3971111055829467,0.3969448999952955,0.34193218619908544,0.0551789193838591,0.38777365349150184,1.4107827935647634,1.8318810855354102,1.6967944279974851,1.8420947151673879,1.7509618333472983,1.8057076315879153,0.6434496478883048,0.6936852504778772
8,5,0.6486568526116976,0.666550095631266,0.808187576112462,0.580748640371626,64,1024,False,0.4085404102732796,0.40948417479927,-0.0009437645259893383,0.39898934625970145,0.39828405768550973,0.19470522962065334,0.17994295693921084,0.330404670978612,0.07907950382065754,0.33982716746330416,0.07565440605668143,0.41548157351998444,0.8179115251352023,0.33282340736492194,0.353018329211892,0.11955674151492073,0.045265728473617706,0.13697136573922103,0.25243909350208565,0.07233589281373466,0.1736818153072815,0.15664970481884666,0.23289055130589986,0.09214794891158817,0.1547863554151263,0.40948417479927,0.4085404102732796,0.330404670978612,0.07907950382065754,0.39898934625970145,1.4107827935647634,1.4123109176277269,1.443823604484308,1.6548185636803283,1.2698082516426439,1.466114185906514,0.5605401734066525,0.5928503388360428
8,6,0.770790035269083,0.7740606289603165,0.8762315398080598,0.6224816580296542,64,1024,False,0.4154793842981506,0.4179958028192101,-0.0025164185210592837,0.41152717651431625,0.4090197283735892,0.17525602875134502,0.16491959453829966,0.30593708006225684,0.11205872275695179,0.31688502153374964,0.10746422360578876,0.42434924513953787,0.7467552379633644,0.3735805971956482,0.388561442025699,0.11985137216170394,0.02045828634789021,0.11984202195622302,0.23067003554646703,0.07438600854110992,0.17492826278500762,0.13953565066913143,0.211302835472452,0.09431552046589786,0.15619227824208792,0.4179958028192101,0.4154793842981506,0.30593708006225684,0.11205872275695179,0.41152717651431625,1.0998182561910164,1.11920642996892,1.1764187222851046,1.1976080445648312,1.179906916152204,1.2192879682156155,0.4842571308832871,0.46685609604605893
8,7,0.8789506340284994,0.8865612433761969,0.9406277493569264,0.6169271384355699,64,1024,False,0.4131895519344014,0.41736289437924157,-0.004173342444839104,0.40953441798839824,0.41629508319066116,0.1472876587281195,0.14254963949180582,0.23488007565927077,0.1824828187199702,0.25394685467650385,0.1760615850070922,0.430008439683598,0.5905624895719699,0.4018981660767865,0.41809827496180607,0.1206026499707948,-0.0018031917711449075,0.09486461604278078,0.1997107014134582,0.07376588077590424,0.17345882796851123,0.11475114800123265,0.1807825489086099,0.09368767462001415,0.15475421927840216,0.41736289437924157,0.4131895519344014,0.23488007565927077,0.1824828187199702,0.40953441798839824,0.9935948170662613,1.0584983560986494,0.9016794607228314,0.9940809976971103,0.8443954819597848,0.8773625436261892,0.4842571308832871,0.47143803432195386
8,8,0.9999999999999998,0.9999999999999998,0.9999999999999999,0.6001529831942052,64,1024,False,0.4325927557291151,0.43878447769653695,-0.006191721967420349,0.43310069932065337,0.43421704926027005,0.12579312471293344,0.12275920747236783,0.1441415582180952,0.29464291947844207,0.1595163800092464,0.2866219707702191,0.44613835077946434,0.3575491318568547,0.4325299883476564,0.43364364775784875,0.12274636038166523,0.0005734015024213002,0.07614316153654693,0.17544308788931995,0.07612731962805389,0.1754193755380231,0.09598218059545616,0.15666836733726086,0.09596594148752047,0.15664454270154238,0.43878447769653695,0.4325927557291151,0.1441415582180952,0.29464291947844207,0.43310069932065337,0.9646219404777298,1.0029896162845584,0.8910813936897908,0.9449040000583441,0.8443954819597848,0.8925709751135642,0.49949167434863445,0.501573650486304
8,9,0.8224015812511114,0.8962938646190153,0.9457410476083031,0.57660028382966,64,1024,False,0.542244871449794,0.5509225734533189,-0.008677702003521344,0.5533378720510354,0.5345464075079588,0.11347172642376942,0.11176463996379546,0.009996847217955974,0.5409257262353631,0.014345718753140483,0.529323805780521,0.543669524533659,0.0263868363146633,0.41946148773804726,0.40366461116573576,0.12346161447067205,0.13088179634222302,0.06507991739436471,0.1618635354531741,0.07884704450838309,0.17782824033501943,0.08495976675476413,0.1432105780550046,0.09861333432490937,0.15898688846937148,0.5509225734533189,0.542244871449794,0.009996847217955974,0.5409257262353631,0.5533378720510354,1.0998182561910164,1.1710709178962635,0.8910813936897908,0.9633539364915488,0.8443954819597848,0.9131914923036165,0.5605401734066525,0.5444908397850312
8,10,0.5789373288924218,0.7831251362111359,0.8793874867594333,0.5388033156173331,64,1024,False,1.4718855767319294,1.4843900098760716,-0.012504433144143602,1.4687073373452753,1.4455678018449183,0.14596190367177062,0.14153384900395574,0.4940616821418551,0.9903283277342125,0.46021349475958456,0.9773510143895257,1.4375645091491125,0.3201341517758968,0.3945281752175606,0.3827458980008866,0.1253604855114772,1.0628219038440316,0.09310088047681665,0.1988229268667246,0.07891772871294178,0.1774657521510023,0.11304446308349725,0.17992756248713704,0.09852066675375681,0.15845406471635215,1.4843900098760716,1.4718855767319294,0.4940616821418551,0.9903283277342125,1.4687073373452753,1.4107827935647634,1.4904150192241277,1.1764187222851046,1.1625002168060488,1.179906916152204,1.189814618417632,2.6234490335095946,2.791843955824218
8,11,0.2818625544338993,0.6712737357399645,0.8008454369509038,0.5274267291597509,64,1024,False,3.3738242338729862,3.378554522144695,-0.004730288271709401,3.651856741294082,3.4451380801303517,0.16920041403422775,0.1669393909775948,0.12124778567562053,3.25730673646906,0.127144614920521,3.3056165148999233,3.4327611298204403,0.03703858500843944,0.36485715157753174,0.35493404769059295,0.1245864831592522,3.090204032439759,0.11481554186468099,0.22358528620377452,0.07708079290380715,0.175526043678097,0.13482389941782458,0.20464465978875523,0.09679646265431074,0.15666087569115916,3.378554522144695,3.3738242338729862,0.12124778567562053,3.25730673646906,3.651856741294082,8.558582914961013,7.310151522342934,1.443823604484308,1.1279740968108933,1.7509618333472983,1.1722452213377554,2.6234490335095946,0.8879654692782242
9,0,0.46888933042516046,0.27224957101518593,0.4675527740224668,0.40793450435308,64,1024,False,0.5042652009700195,0.5020868504922531,0.0021783504777693036,0.49709231155148986,0.4806873487768069,0.25156835197487215,0.23855331604538724,0.48769303973681766,0.014393810755434748,0.49137603828421694,0.014441634738762317,0.5058176730229775,0.971448932077736,0.18343899790027318,0.18761074755553955,0.09919197185865306,0.29307660122126733,0.18830099646270654,0.31483570748703776,0.05283469292394111,0.15111200444028677,0.20783870055311127,0.2947362307095318,0.07246951292472659,0.13212610589835094,0.5020868504922531,0.5042652009700195,0.48769303973681766,0.014393810755434748,0.49709231155148986,7.4364034710779165,8.067249940125773,57.38506915709531,76.41208469439567,57.38506915709531,76.41208469439567,4.538173604707352,5.222601910450654
9,1,0.4682949636494384,0.32683410227099413,0.5250311210075522,0.4552163923576853,64,1024,False,0.5874230404293002,0.5848891531163344,0.002533887312960728,0.5796019304597154,0.5633321959949479,0.25601762370016773,0.24424580316320021,0.5649927023249706,0.019896450791373414,0.5683796986978821,0.019533835057534744,0.5879135337554177,0.9667743061930226,0.20468570190793356,0.21143202264084046,0.10322072214540669,0.3519001733541074,0.19259345629510938,0.3194417911052261,0.05526446087936414,0.15322000167696825,0.21215543664584402,0.29935987937642494,0.07484215210570255,0.13419552175764693,0.5848891531163344,0.5874230404293002,0.5649927023249706,0.019896450791373414,0.5796019304597154,7.4364034710779165,8.777931967901099,17.341096998713198,23.489212870496264,16.180835331389893,23.489212870496264,4.538173604707352,5.487382610321772
9,2,0.45173680508567443,0.3894553042610852,0.587995523866276,0.534070663081574,64,1024,False,0.6674727340446632,0.6653218922300899,0.0021508418145769906,0.6617489792636863,0.6454224033331368,0.2601147489613671,0.2458334622128933,0.6433017526355085,0.022020139594576243,0.6506899366003283,0.021209489028901664,0.671899425629229,0.968433536002746,0.22900779217503114,0.23349056837724105,0.10188023745976409,0.4119318349558958,0.19652540024031223,0.323704097682422,0.05716955641974364,0.15526214239527733,0.2160855891997926,0.303612735340721,0.07671863210271113,0.13620889124285895,0.6653218922300899,0.6674727340446632,0.6433017526355085,0.022020139594576243,0.6617489792636863,7.4364034710779165,8.202669709195293,8.262797091500575,8.859869715788557,8.262797091500575,8.859869715788557,2.6234490335095946,2.9535027113294476
9,3,0.4401626263622492,0.4483460175236101,0.6421414505405845,0.5686207394828796,64,1024,False,0.6936291658445232,0.6923857527336768,0.0012434131108536503,0.6868501887794222,0.6742069433208243,0.2586976146201699,0.24437472236367733,0.6662386045507179,0.02614714818295344,0.675717000184994,0.02503847151515883,0.7007554717001517,0.9642693171493758,0.24936276791203224,0.2626203891283984,0.10741689141750697,0.4115865541924259,0.19511865872974543,0.32227657051059433,0.059781063667843484,0.1590538144478234,0.21464626886154292,0.3021528185272473,0.07939488937699934,0.14002822835027473,0.6923857527336768,0.6936291658445232,0.6662386045507179,0.02614714818295344,0.6868501887794222,8.557512976260176,9.033052559972544,8.262797091500575,8.860998458726776,8.262797091500575,8.860998458726776,0.6434496478883048,0.6347695397100814
9,4,0.4522082759159918,0.5059755342647196,0.6903122128174832,0.5889226028221703,64,1024,False,0.698140050066902,0.6974797611560362,0.0006602889108646716,0.6901770943373269,0.6810237179770734,0.2592184328957842,0.2424399875214582,0.6645741005671328,0.032905660588900196,0.6749080858225777,0.03259237499319335,0.707500460815774,0.9539330688836356,0.26900466332499173,0.2872638865341259,0.10976337579182012,0.3937598314429475,0.19576581959349332,0.32267104619807513,0.06157391266406281,0.16107295136474867,0.21530114619235974,0.30257040959986625,0.0812464566406561,0.14211102415720234,0.6974797611560362,0.698140050066902,0.6645741005671328,0.032905660588900196,0.6901770943373269,7.4364034710779165,8.049696778054333,5.258724008139656,5.657687204418317,6.1343385454064245,6.553120195488663,0.49949167434863445,0.5009143275493074
9,5,0.49333706263778393,0.5755852098965383,0.7439189510198954,0.5944424788376075,64,1024,False,0.7041354592639395,0.7039917579793429,0.0001437012845986589,0.698033099517855,0.6916186096815321,0.2543222514160656,0.23649124667653892,0.6567303873775416,0.04726137060179912,0.6676237831316634,0.04595000723460722,0.7135737903662688,0.9356058086003693,0.28688192186934863,0.30667153670021496,0.10941137955435122,0.38494707298131714,0.19145330566835694,0.3171911971637743,0.06154188906727032,0.16102066512775307,0.21096760966611328,0.2971091982035432,0.08128206383844372,0.14211986668669851,0.7039917579793429,0.7041354592639395,0.6567303873775416,0.04726137060179912,0.698033099517855,2.5434101957875104,3.1585358945440625,1.841435620178957,2.265746718056993,1.841435620178957,2.2026760881392233,0.49949167434863445,0.49824796706808605
9,6,0.566384799316989,0.6704154930825703,0.8100581870864466,0.6260500560565376,64,1024,False,0.6800397492433403,0.6809999032076739,-0.0009601539643331325,0.6781793063991631,0.671185070290798,0.24040130310114932,0.22548581552972083,0.6146510308506707,0.06634887235701273,0.6250275726977464,0.06497855293388946,0.690006125631635,0.9058290201780356,0.3272495397469219,0.3431393193179725,0.11179357133775931,0.3280457509728255,0.1790917354206158,0.30171087078168285,0.06564334909109128,0.16458898742591904,0.19863898879702901,0.28177254918409744,0.08555070923466701,0.14589627672103234,0.6809999032076739,0.6800397492433403,0.6146510308506707,0.06634887235701273,0.6781793063991631,1.4107827935647634,1.5297830971773778,1.443823604484308,1.5532013613536146,1.2698082516426439,1.2654702301386191,0.4842571308832871,0.46685609604605893
9,7,0.6549228268907588,0.7768541064904358,0.877201240875336,0.625644634685614,64,1024,False,0.6092060935319276,0.6115052392840257,-0.0022991457520979922,0.6102562300235089,0.6114832292392898,0.20944442841792985,0.1987678496024832,0.504752251087297,0.10675298819672402,0.5224337428267636,0.10452011716202747,0.6269538599887915,0.8332889805257815,0.36013106829318403,0.38043377987145255,0.11257968436644025,0.23104944936783722,0.1510757325562299,0.2678131242796298,0.0636592224797283,0.16199374547236836,0.17064560575818177,0.24811418752506142,0.08355274808127433,0.14331455598585308,0.6115052392840257,0.6092060935319276,0.504752251087297,0.10675298819672402,0.6102562300235089,1.4107827935647634,1.3844178525263817,1.1764187222851046,1.1771160644823102,1.179906916152204,1.1808554794861323,0.4842571308832871,0.47143803432195386
9,8,0.8224015812511114,0.8962938646190153,0.9457410476083031,0.6000080116956401,64,1024,False,0.5410795473575036,0.5449039677404587,-0.003824420382959438,0.5471448641375888,0.5428351290108581,0.16723711496146404,0.16293546298572686,0.3670575745270068,0.17784639321345397,0.38356587252121416,0.17488707050703398,0.5584529430282491,0.6868365138185182,0.3993665051420267,0.4023802177697944,0.1137767421123364,0.14045491124106368,0.11278521861707282,0.22168901130585528,0.06681887146210443,0.1646747673233041,0.1325556662559393,0.2024900722099119,0.08662608543818351,0.1459228070161771,0.5449039677404587,0.5410795473575036,0.3670575745270068,0.17784639321345397,0.5471448641375888,1.0998182561910164,1.117108769185656,0.8910813936897908,0.9449040000583441,0.8443954819597848,0.8925709751135642,0.49949167434863445,0.501573650486304
9,9,0.9999999999999994,0.9999999999999998,0.9999999999999998,0.5885102745198098,64,1024,False,0.4310301696929142,0.4372269970310656,-0.006196827338155133,0.4465656683466374,0.4237284596550664,0.12047220966679716,0.1157649933761695,0.10614347778187919,0.3310835192491913,0.11421056365768538,0.3227597606435983,0.4369703243012821,0.26136915324927085,0.4459278324203314,0.42313037183134977,0.11573558519408918,0.0005980878237166198,0.0713430502500851,0.1696013690835092,0.0713215835099851,0.16957174373445516,0.09107692856196081,0.1507602893470903,0.09105568156519439,0.15073121325258398,0.4372269970310656,0.4310301696929142,0.10614347778187919,0.3310835192491913,0.4465656683466374,0.9935948170662613,1.0525557518572544,0.8910813936897908,0.9633539364915488,0.8443954819597848,0.9131914923036165,0.49949167434863445,0.504784274948834
9,10,0.7595387325813407,0.8974074701943542,0.9455345710557581,0.5486976131206165,64,1024,False,0.8218374619273678,0.8310563268517163,-0.00921886492434635,0.8299385467942648,0.8064781842084892,0.12509012196027697,0.12628379143372226,0.2279526443053996,0.6031036825463097,0.2115234783971473,0.5897385396903668,0.8012620180875122,0.2639879011138216,0.4285500826274898,0.4048368548270411,0.11609573072116951,0.40164132938144803,0.07463886178631259,0.17554138213424136,0.07197004111761254,0.16980976854123858,0.09442274861794431,0.15666412412247155,0.09161681617842987,0.1508914950536564,0.8310563268517163,0.8218374619273678,0.2279526443053996,0.6031036825463097,0.8299385467942648,1.0998182561910164,1.1140224514224244,0.8910813936897908,0.9315044389166046,0.8443954819597848,0.8706483047217505,2.6234490335095946,2.791843955824218
9,11,0.3456710402410891,0.7784279420578866,0.8695647126062546,0.5420104267516876,64,1024,False,1.766686997748681,1.7702467264560506,-0.0035597287073743347,1.9161962216538182,1.786809775488266,0.15406598276022784,0.15139835598164428,0.07000075414421784,1.7002459723118322,0.07367372625222672,1.7013295249961595,1.7750032512483862,0.04150624862259317,0.3913643960906924,0.37585041556473114,0.11523616713066563,1.4109593599235348,0.10130859993930778,0.2068233655811479,0.06992236214776065,0.16739793237157138,0.1211332479288103,0.18781253225461114,0.08948882663389668,0.14841553221049253,1.7702467264560506,1.766686997748681,0.07000075414421784,1.7002459723118322,1.9161962216538182,8.558582914961013,7.310151522342934,1.1764187222851046,1.1279740968108933,1.179906916152204,1.142787419161964,2.6234490335095946,0.8879654692782242
10,0,0.44277486932713406,0.2467692599944063,0.4413025443825058,0.4421655238113241,64,1024,False,0.21062509340627997,0.20828173222392843,0.002343361182352861,0.20226052373700074,0.19222206165716565,0.19258033795653753,0.18381460245428535,0.1964521481693549,0.011829584054572446,0.197117241437793,0.011470581217134727,0.20858782265492792,0.9450083850958501,0.14517090706924807,0.14387431540920562,0.08986427546152931,0.04834774624796004,0.13473454771061882,0.25042612820245624,0.04636876826342988,0.14174599089696605,0.15414693564525805,0.23055806834599935,0.06604044619598426,0.122904615731386,0.20828173222392843,0.21062509340627997,0.1964521481693549,0.011829584054572446,0.20226052373700074,8.557512976260176,10.181580863429872,57.38506915709531,76.41208469439567,57.38506915709531,76.41208469439567,4.538173604707352,5.222601910450654
10,1,0.3979738771925138,0.292237399729128,0.4898538063535117,0.5123747641975742,64,1024,False,0.25964056163116,0.25691093329600817,0.0027296283351532806,0.25059756975432107,0.2403566417082065,0.21362967417289086,0.2048663183408675,0.24153125820335056,0.015379675092654012,0.2417099548899788,0.014794260215844166,0.2565042151058227,0.942323520064805,0.1592940604272724,0.16115821504561667,0.09468542486005035,0.07919842666258983,0.15410095873197888,0.27315838961380284,0.04954314289672604,0.14515913729109978,0.17353490580717335,0.2532063253092929,0.0691587952824193,0.1262651161159738,0.25691093329600817,0.25964056163116,0.24153125820335056,0.015379675092654012,0.25059756975432107,8.558582914961013,9.585976068591082,57.38506915709531,68.80007157838301,57.38506915709531,68.80007157838301,2.6234490335095946,2.7680360324378914
10,2,0.3624118357049425,0.34285605759232723,0.5433594351853452,0.573141746584662,64,1024,False,0.28738471558700085,0.28480932925210317,0.002575386334896874,0.2800243250007162,0.2684041912424155,0.22045262977045224,0.20817890571672656,0.26820357585254845,0.016605753399552656,0.27006253310333705,0.015838065820332276,0.28590059892366854,0.9446028938730554,0.17616481764131253,0.17595280444297226,0.0931637559564543,0.09245138679944323,0.16047261133226082,0.28043264820864366,0.050628651595891264,0.14622368445627837,0.17995912430342287,0.26050546320766443,0.07025632346631028,0.1273451618544641,0.28480932925210317,0.28738471558700085,0.26820357585254845,0.016605753399552656,0.2800243250007162,8.558582914961013,8.918520244959288,17.341096998713198,20.753311533455694,16.180835331389893,18.45237976087406,0.5605401734066525,0.6166433430878399
10,3,0.33605669099004504,0.3907020617488668,0.5901994908031539,0.5858352215598933,64,1024,False,0.2941857684994832,0.29227535760184725,0.0019104108976346925,0.28550844634054146,0.2772877727305095,0.21472876770192273,0.20445321986057585,0.2737760059762007,0.01849935162564561,0.27666203194886074,0.017512735182042074,0.2941747671309023,0.9404682619354341,0.18576024852991566,0.19445080941057077,0.0989161928599636,0.0828369633199387,0.15517085140182735,0.2742866840020181,0.051887312184348805,0.14768049644151043,0.17461552660824964,0.25435043413745007,0.07149950592429377,0.12877328620379558,0.29227535760184725,0.2941857684994832,0.2737760059762007,0.01849935162564561,0.28550844634054146,8.558582914961013,9.033052559972544,8.262797091500575,8.860998458726776,8.262797091500575,8.860998458726776,0.49949167434863445,0.562497975390485
10,4,0.3369822888513776,0.4378769181413031,0.6330259628088128,0.5964659286924112,64,1024,False,0.3049105597458386,0.30336320705073394,0.0015473526951048668,0.296002375553885,0.29013397535092394,0.2103900148294612,0.19960530196969814,0.2810135228695383,0.022349684181194197,0.28508340840691293,0.02165649836375787,0.3067399067706699,0.9293978452567367,0.19997601299156773,0.21084253408406398,0.0990556606636694,0.07929144126685997,0.1513325115915837,0.2694475180673387,0.05234157320152237,0.14822525680964066,0.17077683677780442,0.24955377172591398,0.0720629960342194,0.12944150991825154,0.30336320705073394,0.3049105597458386,0.2810135228695383,0.022349684181194197,0.296002375553885,8.558582914961013,8.91782554710915,8.262797091500575,8.93741627170255,8.262797091500575,8.93741627170255,0.49949167434863445,0.5009143275493074
10,5,0.3545058546888928,0.4948016834138053,0.6810975216095772,0.5914303727646159,64,1024,False,0.3198712584665119,0.31855058405010267,0.0013206744164080027,0.3121436147043493,0.30676335921555703,0.2064828025695344,0.19423096686408417,0.28875896026744086,0.02979162378266178,0.2913661096399932,0.028840456149038077,0.3202065657890304,0.9099317152414705,0.20979352401183243,0.22633243579744286,0.10092852165911874,0.08043092341811417,0.1479028955367253,0.2650627096023435,0.05385541508444533,0.15000002025473974,0.1673372766308603,0.24519451081869192,0.07357346819480881,0.1311969742018846,0.31855058405010267,0.3198712584665119,0.28875896026744086,0.02979162378266178,0.3121436147043493,8.558582914961013,8.928815731545356,5.258724008139656,5.6505991313991135,6.1343385454064245,6.802774465963496,0.49949167434863445,0.49824796706808605
10,6,0.39023825253315003,0.5747990388598023,0.7420428645053267,0.6037830104348109,64,1024,False,0.33724818223291075,0.3365138097244794,0.0007343725084309269,0.33314858657070096,0.324116347909832,0.19813896341364265,0.1868142181251125,0.297043593507863,0.039470216216616665,0.29750274231815316,0.038352616405179,0.33585535872333183,0.8858061501505698,0.24067751832140524,0.24848162453761363,0.10114339523907476,0.07563472337221838,0.14072083910322036,0.25555708772406494,0.05533500304007982,0.15063933810088245,0.16016933334321948,0.2357852031927905,0.07522147559939185,0.13204798797960393,0.3365138097244794,0.33724818223291075,0.297043593507863,0.039470216216616665,0.33314858657070096,8.558582914961013,8.831015594509033,1.9062010066654596,3.479253426760218,1.9062010066654596,2.1034114939985455,0.4842571308832871,0.46685609604605893
10,7,0.4469973331927617,0.6693029929605144,0.807504591997033,0.59120784488612,64,1024,False,0.3567020730813705,0.3567164710916848,-1.4398010315841985e-05,0.3564959391663593,0.3497583217120764,0.18522317279397607,0.1771342587744742,0.2963292696392562,0.06038720145242821,0.300658324695204,0.058845682160757716,0.3595040068559615,0.8363142523072501,0.2697786902533789,0.2800589506654129,0.0994907407934698,0.06969937104666346,0.12928298381503484,0.2411633617729173,0.056883613265036534,0.15234568314853952,0.1487795363063924,0.22155658408883028,0.07674514788959641,0.13373150466941297,0.3567164710916848,0.3567020730813705,0.2963292696392562,0.06038720145242821,0.3564959391663593,7.4364034710779165,8.080031428524421,1.443823604484308,1.5902510422460665,1.2698082516426439,1.6969260834613236,0.49949167434863445,0.4955672528247465
10,8,0.5789373288924218,0.7831251362111359,0.8793874867594333,0.5656866734691668,64,1024,False,0.3635534763789383,0.36470003005326807,-0.0011465536743336124,0.36996884416713516,0.3557550941648313,0.16441202605812083,0.15914971267211608,0.27238648923050457,0.09231354082276526,0.2770474877644503,0.09080058935159989,0.3678480771160492,0.75315736305194,0.3045113791617212,0.29530383359100326,0.10086857185492805,0.06045126057382805,0.11054917679975551,0.21827487531648615,0.060929681714689224,0.15617414468915214,0.1301694145804504,0.19896068301750347,0.08065420482307673,0.13741994596784934,0.36470003005326807,0.3635534763789383,0.27238648923050457,0.09231354082276526,0.36996884416713516,1.4107827935647634,1.378601186277689,1.1764187222851046,1.2084990315882118,1.179906916152204,1.1972041634874337,0.6434496478883048,0.6252680974883567
10,9,0.7595387325813407,0.8974074701943542,0.9455345710557581,0.5632399928811854,64,1024,False,0.34436313958708326,0.34753895400995877,-0.0031758144228749654,0.36375072963654526,0.33834712235342873,0.13766836628101647,0.12960520704748413,0.18490710867620355,0.1626318453337564,0.18925514295368887,0.16093812614814673,0.35019326910183435,0.5404305555017805,0.35261072877683347,0.32423547802828484,0.10570113896122899,0.01411164432514389,0.08689368152201923,0.18844305104001371,0.06670870869644957,0.16308768401752038,0.10669561762188096,0.16955252880143235,0.08644463772361632,0.1443124507786706,0.34753895400995877,0.34436313958708326,0.18490710867620355,0.1626318453337564,0.36375072963654526,1.0998182561910164,1.1710709178962635,0.8910813936897908,0.9633539364915488,0.8443954819597848,0.9131914923036165,0.713169537771272,0.825479890969244
10,10,0.9999999999999998,0.9999999999999997,0.9999999999999999,0.5215133119623088,64,1024,False,0.3551941477215696,0.3603792333904332,-0.005185085668863288,0.38630160740992314,0.35230831320435624,0.12015712027249206,0.10869521750621913,0.07774404660395699,0.28263518678647587,0.08243820304804096,0.27859229402949853,0.3610304970775402,0.22834138311128693,0.38555939051243787,0.35163889420743716,0.10865052002504393,0.00066941899691908,0.07156591081890593,0.1687483297260782,0.07152000464514288,0.16868608528541415,0.09123050667403731,0.14986021063668886,0.09118455726274988,0.14979842991306214,0.3603792333904332,0.3551941477215696,0.07774404660395699,0.28263518678647587,0.38630160740992314,0.9646219404777298,0.9761826611455717,0.8910813936897908,0.9315044389166046,0.8443954819597848,0.8706483047217505,2.6234490335095946,2.791843955824218
10,11,0.5933962504820265,0.8866111247050774,0.9332135608724677,0.4990262923910787,64,1024,False,2.2827569718965783,2.2846483483411486,-0.001891376444595687,2.3857910060164014,2.2814463898067667,0.2448020842831146,0.23037625759013314,1.6894322121343706,0.5952161362067871,1.699316184881798,0.6028089376127721,2.3021251224945622,0.7381510971221382,0.3526365809709653,0.33092965477497727,0.10844338316981028,1.9505167350317896,0.18382289502598953,0.30578127354023965,0.07029981990741097,0.16708454445185192,0.20372478211356793,0.2862617650971515,0.08989270485471934,0.14812972024810733,2.2846483483411486,2.2827569718965783,1.6894322121343706,0.5952161362067871,2.3857910060164014,1.4107827935647634,1.354955710674823,0.9016794607228314,0.8426517732518726,1.179906916152204,0.8916264047253248,4.538173604707352,1.4025555322646681
11,0,0.2647073340981263,0.22556673698432222,0.4155231607647537,0.43586397545734756,64,1024,False,0.34054917333322554,0.33814598179886257,0.0024031915343620176,0.33088353758162675,0.31789312613987236,0.24603519037681365,0.2337830964362363,0.3275856319503639,0.010560349848498142,0.3278816890389733,0.010165230789896104,0.3380469198288697,0.9699295269572568,0.12296998290740553,0.12206902159438239,0.07890117466178528,0.19582410454548999,0.18327321373356797,0.3087971670200593,0.034940377874991733,0.126560235305454,0.20282680416858057,0.2887470365531044,0.0547843792810454,0.10804625426681014,0.33814598179886257,0.34054917333322554,0.3275856319503639,0.010560349848498142,0.33088353758162675,78.32545877648244,83.52509712574248,265.10586633557904,529.8808491335765,265.10586633557904,529.8808491335765,4.538173604707352,5.222601910450654
11,1,0.20730195755916894,0.26198556762420827,0.45622058891750894,0.5225336208365688,64,1024,False,0.3795339835322124,0.37676218276452544,0.0027718007676888696,0.3695165315593714,0.3571048798485524,0.2499803133974561,0.23908597805860582,0.36349606042825927,0.013266122336262643,0.36337719445625366,0.012863543459312437,0.3762407379155653,0.9658103385333079,0.13823061351798396,0.13946547026003028,0.08481599805879031,0.2176394095885221,0.18711551564180215,0.3128451111531101,0.03798380080992252,0.12981157804164076,0.2066903822342283,0.29281415947480127,0.05786931726470357,0.1113420082765515,0.37676218276452544,0.3795339835322124,0.36349606042825927,0.013266122336262643,0.3695165315593714,78.32545877648244,83.52252159281063,57.38506915709531,68.80007157838301,57.38506915709531,68.80007157838301,2.6234490335095946,2.7680360324378914
11,2,0.17848151098944706,0.3032212274799232,0.5026252080110705,0.5664092503630828,64,1024,False,0.38808447515851013,0.38537162491793836,0.0027128502405755436,0.3797663685004236,0.3665771880104534,0.24963005144640377,0.23656625208999654,0.3706358665635878,0.014735758354349081,0.37214290367628045,0.01447065494318048,0.38661355861946306,0.9625707515410089,0.15173214731605617,0.1500750695883288,0.08321099519034221,0.2165021184221246,0.18701999446008752,0.31224010843272,0.039905195445949504,0.13228971580019191,0.20657345291692764,0.29220601165434346,0.05989337371283909,0.11390901039703749,0.38537162491793836,0.38808447515851013,0.3706358665635878,0.014735758354349081,0.3797663685004236,78.32545877648244,83.5218382703479,57.38506915709531,62.56736941060394,57.38506915709531,62.56736941060394,0.6434496478883048,0.6961863037658812
11,3,0.1589575962997299,0.34290192337349396,0.5427778573605179,0.5646098382147894,64,1024,False,0.38056049835095684,0.3784108571303091,0.002149641220649075,0.37154462600721605,0.36060888890055326,0.24226375081148555,0.22936276321454624,0.36115638180792375,0.017254475322382574,0.3635724138281545,0.017102494369343836,0.38067490819749755,0.9550732291489248,0.16098493616565107,0.16834544131692086,0.08814820270015286,0.1922634475836324,0.18017813991881337,0.3043493617041577,0.04067597318888758,0.13285625978842233,0.1997078517524642,0.2843296907230979,0.0606535030528903,0.1144758752634516,0.3784108571303091,0.38056049835095684,0.36115638180792375,0.017254475322382574,0.37154462600721605,78.32545877648244,83.52238638651411,12.70005032941998,18.439305432158847,16.180835331389893,18.439305432158847,0.713169537771272,0.8239211116951098
11,4,0.14741165296430417,0.37952487376064364,0.5781830431927524,0.5707515065467326,64,1024,False,0.3819834907298535,0.3801215299658032,0.0018619607640486691,0.37271364276145286,0.36431462758518146,0.23643959715983592,0.22350633339425255,0.3591578528482487,0.020963677117556034,0.3629750150818548,0.021090162595093855,0.384065177676948,0.9450870221490558,0.17229716129905354,0.1811826701490434,0.0884675784022505,0.18313195743613805,0.17496221806859935,0.2979169762510725,0.04156639733882045,0.1344735489104891,0.19449250748584745,0.2779480006211088,0.061553636587632354,0.11608285550755681,0.3801215299658032,0.3819834907298535,0.3591578528482487,0.020963677117556034,0.37271364276145286,78.32545877648244,83.52230845206383,8.262797091500575,8.93741627170255,8.262797091500575,8.93741627170255,0.5605401734066525,0.6936306212647522
11,5,0.16127395845218345,0.4259141500040657,0.6196366852492916,0.5589039141082718,64,1024,False,0.3869075225503469,0.38515388660832667,0.0017536359420206064,0.3781891866172791,0.3696571960942422,0.23094328822396645,0.21707453689005388,0.35842664844288863,0.0267272381654336,0.3601657669801296,0.026362669816687168,0.3865284367968154,0.9317962992964893,0.18313600390166687,0.1983242786583967,0.09303440569465835,0.1713329174358455,0.1701152553763925,0.2917713210715404,0.0448031625089448,0.13846103696266715,0.18963881432864582,0.2718430890090531,0.06476515647227643,0.12000580911990255,0.38515388660832667,0.3869075225503469,0.35842664844288863,0.0267272381654336,0.3781891866172791,78.32545877648244,83.52194341580677,8.262797091500575,8.550778043270643,8.262797091500575,8.550778043270643,0.8192360166988387,2.512456618485608
11,6,0.19918228544865135,0.4930465146303914,0.6736715640088047,0.5581845206157873,64,1024,False,0.387695247665667,0.3863098331067473,0.0013854145589181559,0.3824332410242954,0.3711580322759235,0.21889740272201744,0.20672645013797017,0.35001222659338166,0.0362976065133668,0.34949966489125667,0.03608378994367057,0.38558345483492773,0.9064176911866747,0.21584130048175632,0.22532372568817405,0.0963962513686833,0.14583430658774943,0.15947523031064995,0.2783195751333849,0.05017452045159072,0.14360926466595242,0.17902523202064913,0.2585176003340166,0.0701638050013571,0.12519374104158487,0.3863098331067473,0.387695247665667,0.35001222659338166,0.0362976065133668,0.3824332410242954,78.32545877648244,83.5216604788463,8.262797091500575,8.585456114086966,8.262797091500575,8.585456114086966,2.6234490335095946,2.7415908921517573
11,7,0.23001428012956468,0.5726801480305344,0.7330696748448708,0.5387780914584904,64,1024,False,0.4000955580109274,0.3992163706073277,0.0008791874036009003,0.3982007082932624,0.38945511359808277,0.20589343522162792,0.19721030493019095,0.34619745528600043,0.0530189153213259,0.3487298663892888,0.052683277477696196,0.4014131438669847,0.8687554747954307,0.250920450022437,0.2617759798002672,0.09672551711444491,0.1276791337978156,0.14803551393423786,0.263751356509018,0.0556922222635397,0.14974592570567563,0.1676151558785932,0.24410253240785096,0.07571778470446588,0.13134613069269108,0.3992163706073277,0.4000955580109274,0.34619745528600043,0.0530189153213259,0.3982007082932624,78.32545877648244,83.5206093143617,5.258724008139656,5.482629310057718,6.1343385454064245,6.578814704174969,2.6234490335095946,2.747135418972928
11,8,0.2818625544338993,0.6712737357399645,0.8008454369509038,0.5095685321174083,64,1024,False,0.3887774792171709,0.38880518067573805,-2.7701458565612116e-05,0.3917409788986471,0.3751953689225776,0.18228354567323984,0.17608597378069915,0.3111241421549493,0.07768103852078777,0.31288954381350953,0.07684320938949057,0.3897327532029977,0.8028310200824632,0.29075621317175065,0.28801917286688933,0.09630145136413752,0.08717619605568827,0.1267787011724384,0.2377883901740413,0.058611854208376,0.15235172564283145,0.14640086674626218,0.21835727758298162,0.07847212632623268,0.13379801473638508,0.38880518067573805,0.3887774792171709,0.3111241421549493,0.07768103852078777,0.3917409788986471,8.558582914961013,8.262729311459307,1.443823604484308,1.5310987900894721,1.7509618333472983,1.8725659313409533,2.6234490335095946,2.713539720124643
11,9,0.3456710402410891,0.7784279420578866,0.8695647126062546,0.4976595558701905,64,1024,False,0.3552675434493147,0.3569414937671083,-0.0016739503177937152,0.3730134496534513,0.3432788583403149,0.1538340614842005,0.14295444392456946,0.2247333855242215,0.1322081082428845,0.22639448912285673,0.13194989219208575,0.35834438131494245,0.6317790955507759,0.35334753838608707,0.32744848023713713,0.10487262389365802,0.015830378103177778,0.1015992986486755,0.2060688243197255,0.06792523450785118,0.16370987889454702,0.12139370854856679,0.18705974972544936,0.08780766739801038,0.14511049864813685,0.3569414937671083,0.3552675434493147,0.2247333855242215,0.1322081082428845,0.3730134496534513,8.558582914961013,8.914477239539604,1.1764187222851046,1.2141252891375225,1.179906916152204,1.1895135870792233,4.538173604707352,4.67972091906521
11,10,0.5933962504820265,0.8866111247050774,0.9332135608724677,0.44636016467427664,64,1024,False,0.3641816149471858,0.3670861518066238,-0.002904536859436405,0.39367841816154425,0.353903180917836,0.13825695608499486,0.12384547091017237,0.14729555911564451,0.21979059269097861,0.14997938144143017,0.21813598225945763,0.36811536370088865,0.40742494400015206,0.40230006026286835,0.3618493541637907,0.10782644725564663,-0.007946173245954702,0.08775618735356082,0.18875772481642888,0.07562565892406739,0.17290787481030126,0.10764558955270331,0.16998290470655775,0.09535343207971891,0.15408271952037467,0.3670861518066238,0.3641816149471858,0.14729555911564451,0.21979059269097861,0.39367841816154425,1.4107827935647634,1.4904150192241277,0.9016794607228314,1.003279669235089,1.179906916152204,1.189814618417632,4.538173604707352,4.615398009106993
11,11,1.0000000000000007,0.9999999999999998,1.0,0.4282112498463689,64,1024,False,0.3969015304807438,0.39796997975351717,-0.0010684492727762054,0.42855259231978865,0.3946446515235317,0.12741216643989087,0.11240867569676961,0.027062963124076758,0.3709070166294434,0.0293901949685861,0.3660278305704507,0.3954180255390376,0.07432689728426292,0.4258547009431849,0.3921360628279764,0.112213102004622,0.0025085886955552583,0.07835973750054467,0.17646459537923706,0.07816196858370891,0.17619642727508725,0.0981801792877377,0.1577209974420839,0.09798208494612481,0.15745507688552607,0.39796997975351717,0.3969015304807438,0.027062963124076758,0.3709070166294434,0.42855259231978865,0.8487304341236037,0.9443456689504317,0.8910813936897908,0.8426517732518726,0.8443954819597848,0.8662819498355742,4.538173604707352,1.801399215963567
