source,target,cka,cca_shared,procrustes_shared,probe_cosine,metric_rank,metric_examples,full_dim_cca_saturation_possible,train_raw,train_geometry,residual_correction,cal_raw,test_raw,cal_clipped,test_clipped,train_mean_term,train_variance_term,test_mean_term,test_variance_term,test_geometry,mean_fraction,aligned_cal_raw,aligned_test_raw,aligned_test_clipped,alignment_raw_reduction,bernstein_lo,bernstein_hi,bernstein_aligned_lo,bernstein_aligned_hi,betting_lo,betting_hi,betting_aligned_lo,betting_aligned_hi,prediction__training_geometry,prediction__direct_training,prediction__mean_only,prediction__variance_only,prediction__direct_calibration,prediction__cka_common,prediction__cka_held_target,prediction__cca_shared_common,prediction__cca_shared_held_target,prediction__procrustes_shared_common,prediction__procrustes_shared_held_target,prediction__probe_cosine_common,prediction__probe_cosine_held_target
0,0,0.9999999999999993,0.9999999999999996,0.9999999999999998,0.37644633752256684,64,1024,False,2.77321546515992,2.781375088436042,-0.008159623276116697,2.6734512109053283,2.701764719748054,0.21347107539833113,0.22166706397091412,1.6807163454155751,1.1006587430204497,1.6434599285191978,1.0596858686701898,2.703145797189383,0.6079804982135991,2.670923662623901,2.6992641012524516,0.2217666588717598,0.002500618495602236,0.15343105521589756,0.2735110955807647,0.15349116370465327,0.27357770415760585,0.1733122010700754,0.2539822433536756,0.17337245107046328,0.25404874711239245,2.781375088436042,2.77321546515992,1.6807163454155751,1.1006587430204497,2.6734512109053283,0.8565352540509141,0.7159622461216514,0.7666475579236416,0.6662894709246053,0.7666475579236416,0.6662894709246053,6.606115658924894,9.33689868741174
0,1,0.8128732127838697,0.812606681563202,0.8977198046762973,0.416541111114035,64,1024,False,2.7146344557937354,2.7279778217069492,-0.013343365913220469,2.647292219164021,2.615078715919761,0.18901132571104545,0.19568816355249471,1.04107106094802,1.6869067607589334,1.0067354017506922,1.6258942835720942,2.632629685322784,0.3824067651304545,2.541585096734224,2.548931697434468,0.23059694067436765,0.06614701848529281,0.13056837598779514,0.24745427543429577,0.1659693984572991,0.2869850964734154,0.1504689345456427,0.22806634648441104,0.1858443682504003,0.26742603591264924,2.7279778217069492,2.7146344557937354,1.04107106094802,1.6869067607589334,2.647292219164021,1.053181178638709,0.9758893332300944,1.2173316628885262,1.1870742843922697,1.2484453025707538,1.2182450081535618,5.4221701058841125,7.19994992899981
0,2,0.6417174683237735,0.640609754893559,0.7869204335338937,0.4280975527059816,64,1024,False,3.5225664578723475,3.5418333858742033,-0.01926692800184309,3.4157219635458183,3.422356646844193,0.1901139612839795,0.19914500734752755,1.0815466457775522,2.4602867400966444,1.0221647309268231,2.4065254162660614,3.42869014719289,0.29812105703505515,2.403827496494494,2.4255949200113966,0.23437078025359376,0.9967617268327964,0.13201042218682685,0.24821750038113216,0.1712703223250005,0.2928417721307237,0.15179028401325922,0.22873164209886454,0.19114029801130528,0.27326913434808375,3.5418333858742033,3.5225664578723475,1.0815466457775522,2.4602867400966444,3.4157219635458183,1.5392899724472648,1.5189150524717603,1.5543807373006129,1.4725650308839449,1.7006819155133144,1.573625797233153,5.4221701058841125,5.9851089608220365
0,3,0.48510768542958793,0.524769136129946,0.7006326943436785,0.40166724233181095,64,1024,False,5.2569244398560535,5.2796166413189,-0.022692201462843457,5.227162440761064,5.203820891741705,0.19724641556319875,0.19919787138528652,1.4411010278673384,3.8385156134515475,1.4524195359131886,3.752718432154922,5.205137968068103,0.27903574215003124,2.334784123137972,2.3610249862109463,0.23079397180640318,2.8427959055307586,0.13897764844544164,0.25551518268095585,0.17263523528080277,0.2949303281669753,0.1586611674647429,0.2359142052810057,0.1924330014444422,0.2752636505974806,5.2796166413189,5.2569244398560535,1.4411010278673384,3.8385156134515475,5.227162440761064,2.7730735715954267,2.2980479155133935,4.639905925236041,4.845884520452828,5.999719294087083,6.535322748387435,6.606115658924894,6.94390349581795
0,4,0.43879585061510923,0.4508396695792126,0.640384241364327,0.358574108211307,64,1024,False,6.793527688236852,6.818152754675836,-0.02462506643896514,6.67245048037717,6.768641195181557,0.20120537923439982,0.20186765645975327,1.4867146609656783,5.331438093710169,1.5461724258137952,5.223743604100179,6.769916029913992,0.2283887154555207,2.2265985119644034,2.2840549940281107,0.23536280772055432,4.484586201153446,0.1429575128215709,0.2594532456472287,0.17383883298796743,0.2963278746619588,0.1627598670165753,0.23998699365620269,0.19367582292761654,0.27669923921348527,6.818152754675836,6.793527688236852,1.4867146609656783,5.331438093710169,6.67245048037717,3.5337610874393133,2.5088511408072076,9.916117770095083,10.725122667347378,10.393697405659433,11.324018782179946,6.606115658924894,7.160087363816006
0,5,0.38579143038535935,0.40108265035674495,0.5964122551429556,0.3427170512025117,64,1024,False,8.377753154187662,8.406616487719894,-0.02886333353217037,8.068102344524842,8.173923579061128,0.1988587854898376,0.20333586877437657,1.2791461291630075,7.1274703585568275,1.3476255373667083,6.848754707500711,8.196380244867385,0.16441715697738624,2.162850500455657,2.2120546120133606,0.24079863642678406,5.961868967047767,0.140649192395853,0.2570683785838222,0.17756011898203228,0.3002629876735384,0.16039725529117277,0.23754806232318515,0.19726192220696248,0.2804914895677939,8.406616487719894,8.377753154187662,1.2791461291630075,7.1274703585568275,8.068102344524842,10.858017081267755,11.404116213184416,9.916117770095083,10.67280669990298,10.393697405659433,10.855666454038568,8.068102344524842,7.724672045227552
0,6,0.37381127739935144,0.3637003762105768,0.5617969719610156,0.3166956784035009,64,1024,False,11.260071126595387,11.292816433510884,-0.032745306915470694,10.687660568399371,11.066518885524351,0.19180282323773204,0.18959538262044479,0.9692592271126692,10.323557206398204,1.049947570801084,10.085746846856157,11.13569441765722,0.09428667233686329,2.1191464526195682,2.166147344990673,0.24403923727654386,8.900371540533678,0.13368645946943097,0.2499191870060331,0.18329078536605903,0.30711963750454635,0.15350172870967072,0.23048063436726807,0.20307524694362655,0.2874065645301016,11.292816433510884,11.260071126595387,0.9692592271126692,10.323557206398204,10.687660568399371,10.858017081267755,11.294312303366482,9.916117770095083,10.420828343357774,10.393697405659433,10.99609438105086,8.205327314162133,8.683176919612077
0,7,0.3622341322421769,0.328299397785276,0.5260346568684218,0.2998611984273044,64,1024,False,16.067842628936333,16.10792368032374,-0.04008105138746204,15.454156159285029,16.16097769280724,0.18641859593725799,0.19046953446384957,0.3814294579978962,15.726494222325915,0.4863365254319446,15.714913823796273,16.201250349228225,0.03001845628878342,2.110525180092544,2.1332193886022552,0.256295380171512,14.027758304204985,0.12851931563456478,0.2443178762399512,0.1931980989570911,0.3177470259044248,0.14850354351801798,0.22508153680246323,0.21292119863937842,0.29795725683652563,16.10792368032374,16.067842628936333,0.3814294579978962,15.726494222325915,15.454156159285029,10.858017081267755,10.674171518147066,17.21146738972702,17.56292963581542,17.21146738972702,17.56292963581542,15.454156159285029,31.89879011162668
0,8,0.38378758405294017,0.2983274948956202,0.4947980707967832,0.2847839412397033,64,1024,False,24.770032199119452,24.817084647805018,-0.04705244868569901,23.61521013627182,24.640137897991803,0.19367208298616675,0.1989298291767633,0.47833314844805963,24.338751499357187,0.6498771469954495,24.026820591655365,24.676697738650727,0.0263356610304286,2.0589818008381684,2.087119564278556,0.26290848122169297,22.553018333713247,0.13557962336473764,0.25176454260759584,0.20326479782846257,0.32913915989581083,0.15583716585388174,0.2327884717960842,0.22293598269607173,0.3092574993133894,24.817084647805018,24.770032199119452,0.47833314844805963,24.338751499357187,23.61521013627182,10.858017081267755,10.652400829678866,59.227511325874474,62.46499325220199,59.227511325874474,62.46499325220199,37.685622964852506,148.13527130480793
0,9,0.4308322110516739,0.2709437199300848,0.4660118781148548,0.2987786489973556,64,1024,False,38.097323847725185,38.15925083528571,-0.06192698756044472,36.191574317581875,37.8035995833557,0.19066708046241324,0.19200166651011355,0.060163679733334065,38.09908715555223,0.18864947117449732,37.64348044108542,37.83212991225988,0.00498648824721242,2.0367269084728137,2.0498547378522876,0.2679468950937802,35.75374484550341,0.1326846841237545,0.24864947680107197,0.20993601871559475,0.3365616644730369,0.1530732206229004,0.22980200523306848,0.22966785358585184,0.31672084380261367,38.15925083528571,38.097323847725185,0.060163679733334065,38.09908715555223,36.191574317581875,6.300457387147848,2.161201750168039,59.227511325874474,61.321687417537426,59.227511325874474,61.321687417537426,36.191574317581875,18.55378478346281
0,10,0.3919684342495367,0.24556978446345998,0.43736516348476107,0.2920968290026685,64,1024,False,80.93181290585983,81.01748391702165,-0.0856710111617186,77.40217426453756,81.37605373738187,0.22850243811896526,0.24020456917285618,13.674016189957731,67.34346772706412,15.279491863859999,66.14609941823943,81.42559128209949,0.18764975019860894,2.009576494535037,2.0177527193186138,0.2738680436327201,79.35830101806326,0.16786598234407035,0.28913889389386016,0.21796087731520494,0.34499186085193356,0.18803631918126484,0.2698957524189609,0.23770160423009656,0.3251373917082674,81.01748391702165,80.93181290585983,13.674016189957731,67.34346772706412,77.40217426453756,10.858017081267755,5.06769414717019,59.227511325874474,58.55580836268733,59.227511325874474,58.55580836268733,37.685622964852506,23.948756315867275
0,11,0.23647559410926214,0.22562868103248507,0.4155479263893491,0.2791003381171403,64,1024,False,987.465856435214,987.4973626472182,-0.03150621199997115,983.1129908681951,1005.9767417972516,0.2994877128660044,0.29290755432720567,819.0623968237609,168.43496582345819,839.8554393683086,165.8891614500668,1005.7446008183789,0.8350583624161785,1.9992159305671808,2.0063131351048127,0.2829563736081996,1003.9704286621468,0.23444402189618707,0.3645314038358217,0.22490659663938922,0.35324053319570575,0.25423349928314565,0.34462849648843985,0.24470308647869388,0.3334032492566621,987.4973626472182,987.465856435214,819.0623968237609,168.43496582345819,983.1129908681951,111.31562396662923,8.741509700778309,491.8743818741915,26.120519610865625,491.8743818741915,26.120519610865625,203.1092930917398,31.273716173277453
1,0,0.8128732127838697,0.812606681563202,0.8977198046762973,0.37441639632009804,64,1024,False,1.458634394709164,1.463428996217766,-0.0047946015085992034,1.4063711585980851,1.4539114696092426,0.21943359875832305,0.21643690291460577,1.0152490164007353,0.44817997981702956,0.9928446027115974,0.4712645328034448,1.4641091355150466,0.6781219914745856,1.48734643502177,1.524195684699486,0.21347712985460998,-0.07028421509024341,0.1591547412026762,0.2797124563139699,0.15042058475009834,0.2700742077124614,0.178977047195076,0.2601011241567903,0.17025978747551562,0.25051186388736824,1.463428996217766,1.458634394709164,1.0152490164007353,0.44817997981702956,1.4063711585980851,1.053181178638709,1.0363626081644528,1.2173316628885262,1.2116031933215698,1.2484453025707538,1.2433509201182593,6.606115658924894,9.33689868741174
1,1,1.0,0.9999999999999998,1.0,0.44210049136056256,64,1024,False,1.618567212202251,1.6276197155523218,-0.009052503350086484,1.580777858902977,1.6134467004086768,0.20911678627169877,0.21189651745238078,1.002463450537748,0.6251562650145932,0.9897187450011732,0.6447625608010767,1.6344813058022476,0.6055246649122074,1.5788471415863325,1.6114548389118837,0.21192033468697696,0.0019918614967930903,0.1494445903123996,0.26878898223099795,0.1495075864443301,0.2688589480290727,0.16928458951588254,0.24924380366428522,0.1693479513123748,0.2493139405560214,1.6276197155523218,1.618567212202251,1.002463450537748,0.6251562650145932,1.580777858902977,0.8030495760432758,0.7540234731934952,0.7666475579236416,0.7237985947142029,0.7666475579236416,0.7237985947142029,5.4221701058841125,7.19994992899981
1,2,0.8168693208614759,0.8030440004014711,0.8922527439311758,0.4370033560889886,64,1024,False,2.128742155144678,2.141368899897543,-0.012626744752865494,2.034782369063053,2.1154905114816867,0.1972109116507768,0.2024618064854757,1.1717027026011178,0.9696661972964435,1.1386935160914446,0.9912729232139537,2.129966439305395,0.5346063182398239,1.4571318161411044,1.4970477639040052,0.21127124101715417,0.6184427475776815,0.1382942071446466,0.25612761615690705,0.15221325986432888,0.2717379030075948,0.15817576788685983,0.2366855169311748,0.1720287023927085,0.25217471169889905,2.141368899897543,2.128742155144678,1.1717027026011178,0.9696661972964435,2.034782369063053,1.053181178638709,0.8505983107828157,1.2173316628885262,1.2304796377551936,1.2484453025707538,1.2640564438996205,5.4221701058841125,5.9851089608220365
1,3,0.5860644484273195,0.6560936572811338,0.797414018647155,0.38191196343267947,64,1024,False,2.665738123251854,2.679446417813334,-0.013708294561480795,2.5804634867998226,2.6126462298063733,0.19036780830088,0.193949540962962,1.1022429582455047,1.5772034595678288,1.085624107129831,1.536121678708296,2.621745785838126,0.4140844291593954,1.397396662396069,1.407261630545096,0.2193580111451285,1.2053845992612773,0.13214448241144874,0.24859113419031123,0.15746249565431625,0.2781255380352136,0.15191402592608938,0.22909251027886057,0.1772003021542332,0.2584484922408592,2.679446417813334,2.665738123251854,1.1022429582455047,1.5772034595678288,2.5804634867998226,1.5392899724472648,1.5538465853918313,1.5543807373006129,1.5182404623876584,1.5487687462253912,1.286388227621181,6.606115658924894,6.94390349581795
1,4,0.5144871853174486,0.5639032948610418,0.731795034834873,0.38184461611569304,64,1024,False,3.2912196699210545,3.308533083922738,-0.017313414001689908,3.2124559694455104,3.2029070446138648,0.18993027115443697,0.1952041371075055,1.0220487146876198,2.2864843692350982,1.029213057909711,2.179708511080763,3.2089215689904704,0.320734874873711,1.3424065886557592,1.3637556451969328,0.2212658410629627,1.839151399416932,0.13163941992668676,0.2482211223821872,0.16265472498136196,0.28351033067769627,0.1514755598764168,0.22879822008690098,0.18241443648003042,0.26385388425842393,3.308533083922738,3.2912196699210545,1.0220487146876198,2.2864843692350982,3.2124559694455104,1.8573849703170648,1.607306285245176,4.639905925236041,4.943014828773599,1.9519657315121006,1.792984113639345,6.606115658924894,7.160087363816006
1,5,0.45597777529023453,0.4993682032085659,0.6812549535074814,0.37322038678198227,64,1024,False,3.7865977591598194,3.8076260363707926,-0.021028277210978604,3.5802151779900164,3.535245638781416,0.18218018150757376,0.1949966724303317,0.6278496230925958,3.179776413278225,0.622149623171544,2.9426417256457285,3.5647913488172756,0.17452623794600503,1.2929653096646436,1.3095926905440742,0.2258290398098806,2.2256529482373417,0.12456316602486599,0.2397971969902815,0.1667169584904608,0.2878899705439796,0.1444827310697292,0.22050346753530903,0.18644524679257302,0.2681990302662598,3.8076260363707926,3.7865977591598194,0.6278496230925958,3.179776413278225,3.5802151779900164,2.7730735715954267,3.07730564041936,4.639905925236041,4.921196831745125,5.999719294087083,6.656191857268194,6.606115658924894,7.073945697257161
1,6,0.42937021162203726,0.4499916926699703,0.6402208009299127,0.3458773146856782,64,1024,False,4.941213084389391,4.965233206500158,-0.02402012211077328,4.753534170389207,4.5890484694866,0.1861430266528788,0.17114555355394925,0.1452601322589366,4.819973074241225,0.14574326552938371,4.513322694194684,4.659065959724072,0.031281648894710044,1.2688241932838404,1.2626890113195923,0.23132543486092041,3.3263594581670075,0.1289039243618441,0.24338212894391348,0.1722255905902728,0.29485883200039653,0.14895766301924596,0.22426014921074966,0.19192450935952365,0.2750968563996139,4.965233206500158,4.941213084389391,0.1452601322589366,4.819973074241225,4.753534170389207,6.300457387147848,6.391452870486591,9.916117770095083,10.420828343357774,10.393697405659433,10.99609438105086,6.606115658924894,7.307222011821831
1,7,0.41740359726796006,0.4034921325812513,0.5980687350502695,0.3152804801466341,64,1024,False,7.450158491505955,7.478357904392694,-0.02819941288670354,7.278297326373162,7.049447430293327,0.18610831346799844,0.17162971800443055,0.05434337047930461,7.42401453391339,0.03252103714992972,7.065952820204516,7.098473857354469,0.0045814125407020925,1.245740654254128,1.2463664398756937,0.24145280239730402,5.803080990417634,0.12814630662760512,0.24407032030839176,0.18404518129940872,0.30757354366775863,0.1483293336132192,0.22503854963724734,0.20376255988958292,0.2878140279572108,7.478357904392694,7.450158491505955,0.05434337047930461,7.42401453391339,7.278297326373162,6.300457387147848,6.5983210053749035,9.916117770095083,10.007077095740668,10.393697405659433,10.509082593781145,8.205327314162133,9.45238528024374
1,8,0.415350490975007,0.36403958779966294,0.5608556008987982,0.285847799369074,64,1024,False,12.189498630377884,12.221114089350483,-0.03161545897262967,12.039484493748137,11.318849102813695,0.18860112209909713,0.17867271938417767,0.754373776890091,11.466740312460502,0.6560227744341558,10.745278182119549,11.40130095655374,0.05753929108037958,1.2228375340574926,1.2086177590579577,0.24820090832271466,10.110231343755737,0.13053443678163135,0.2466678074165629,0.19260789983018617,0.317041276682232,0.15095544135692762,0.22785450084484182,0.21231177861773176,0.2972450821471284,12.221114089350483,12.189498630377884,0.754373776890091,11.466740312460502,12.039484493748137,6.300457387147848,5.962867557347831,9.916117770095083,9.900962093464868,10.393697405659433,10.41411280279338,37.685622964852506,137.84522136271124
1,9,0.4360618826755754,0.32568268978384396,0.5236821792495491,0.2758560856013009,64,1024,False,24.950304638022306,24.98874839525219,-0.03844375723012975,24.57976865611737,23.8304446739646,0.20649479780561714,0.1956317553779949,5.8764950757080845,19.11225331954427,5.4934515293025745,18.389501477773102,23.88295300707564,0.2300155901020727,1.2033933066193592,1.1938024262540121,0.2594167898983396,22.636642247710586,0.14704596051675756,0.2659436350944767,0.2004472912621985,0.3258710273811328,0.16718761156516848,0.24675456001568818,0.22019683349935804,0.3060943610689719,24.98874839525219,24.950304638022306,5.8764950757080845,19.11225331954427,24.57976865611737,6.300457387147848,2.161201750168039,17.21146738972702,15.737807136448946,17.21146738972702,15.737807136448946,203.1092930917398,295.0654761807284
1,10,0.3573983061814774,0.2911322827285216,0.48809823507124267,0.24130820208881723,64,1024,False,48.54637688085282,48.59374173475024,-0.04736485389736877,47.769878019082604,46.810955112865884,0.22652617666563277,0.2185893493084987,20.712316620223913,27.88142511452633,19.81987498486427,27.082233170994694,46.90210815585882,0.4225796187881685,1.1977154637057585,1.1856220098655397,0.2650212262957554,45.625333103000344,0.16492786377910862,0.2881244895521569,0.20797117251737507,0.33365642485886293,0.18530098773771897,0.26901269440713804,0.22774344400386326,0.31388761549897026,48.59374173475024,48.54637688085282,20.712316620223913,27.88142511452633,47.769878019082604,10.858017081267755,5.06769414717019,59.227511325874474,58.55580836268733,59.227511325874474,58.55580836268733,203.1092930917398,277.1449351172513
1,11,0.20032643600163363,0.26284436687122525,0.4580520182317111,0.23672819912391257,64,1024,False,88.75439555007958,88.77235680644337,-0.01796125636396066,87.07289577328481,84.39771056087427,0.24430388433164524,0.23808385901855297,42.06211661075067,46.71024019569343,39.04276688605828,45.40355014944384,84.44631703550233,0.4623383026833982,1.1852778933202985,1.1746211928598285,0.2756356837411603,83.22308936801444,0.18202859356669038,0.3065791750966001,0.21585714231627928,0.3429020736318352,0.20230881874886109,0.287340979106375,0.23564560480008367,0.3231033458796446,88.77235680644337,88.75439555007958,42.06211661075067,46.71024019569343,87.07289577328481,111.31562396662923,8.741509700778309,59.227511325874474,17.075839469901883,59.227511325874474,17.075839469901883,203.1092930917398,49.298687564083394
2,0,0.6417174683237735,0.640609754893559,0.7869204335338937,0.32180135957213835,64,1024,False,0.5462771221673778,0.5472038995893862,-0.0009267774220071209,0.5501235168202934,0.5493479439362,0.1865224837825363,0.18047705002139366,0.3404080334981244,0.20679586609126308,0.3421709945074447,0.2116568312357602,0.5538278257432034,0.6178291855384332,0.8908795219142042,0.8919243523131869,0.20167627355235304,-0.3425764083769869,0.12917985572493507,0.24386511184013754,0.14306173431325928,0.26090685201403907,0.14877432503271848,0.22423771118337754,0.1627679653756786,0.24127791682258248,0.5472038995893862,0.5462771221673778,0.3404080334981244,0.20679586609126308,0.5501235168202934,1.5392899724472648,1.58639313700093,1.5543807373006129,1.6134546914465142,1.7006819155133144,1.822471489608266,8.205327314162133,9.483158393373438
2,1,0.8168693208614759,0.8030440004014711,0.8922527439311758,0.41617992538084,64,1024,False,0.7307285799335951,0.7341609378106265,-0.003432357877024355,0.7556072184932414,0.7599400690348248,0.19053655994769164,0.19057705582941484,0.4445338785553976,0.2896270592552256,0.4580918367588531,0.30632999222058827,0.7644218289794399,0.5992657710605149,0.9525370045323143,0.9514831186751944,0.196936481141681,-0.1915430496403696,0.13280868004446364,0.24826443985091964,0.13654713919301847,0.25339291340613473,0.15254929053480737,0.22877146746759536,0.15636567875480978,0.23392893406708026,0.7341609378106265,0.7307285799335951,0.4445338785553976,0.2896270592552256,0.7556072184932414,1.053181178638709,0.9758893332300944,1.2173316628885262,1.1870742843922697,1.2484453025707538,1.2182450081535618,5.4221701058841125,7.19994992899981
2,2,1.0000000000000002,0.9999999999999998,1.0,0.4269042498390775,64,1024,False,0.9802109563813602,0.9857525960660899,-0.005541639684731109,0.9959949042726909,1.016820806659482,0.18314905328246478,0.18576504690316675,0.568009775549224,0.41774282051687045,0.584846980635413,0.4365615558130957,1.0214085364485073,0.5725886946950312,0.994903721658325,1.0156922174111083,0.18583125329695713,0.0011285892483736681,0.12560871914784313,0.24068938741708643,0.12569895972563122,0.24079161963214468,0.14535139659710694,0.22121628500462975,0.1454418762368732,0.221318335061369,0.9857525960660899,0.9802109563813602,0.568009775549224,0.41774282051687045,0.9959949042726909,0.7763067370394566,0.7505170587115709,0.7666475579236416,0.7545766449579021,0.7666475579236416,0.7545766449579021,5.4221701058841125,5.9851089608220365
2,3,0.7834296649649296,0.8400457328715321,0.9138811397949189,0.4131876848815207,64,1024,False,1.231450939270872,1.2388414548262667,-0.007390515555393629,1.2439443174603957,1.2731047914545115,0.17845188999694053,0.1847739727252363,0.6501692863775341,0.5886721684487397,0.6759789861040593,0.5998084005707466,1.275787386674805,0.5298523822734458,0.945219607132725,0.9634014505343961,0.18999193622129584,0.3097033409201154,0.12121385031409664,0.23568992967978442,0.12651660159151923,0.24194954772219046,0.1408980147607508,0.21617936104303226,0.14622454864729661,0.22243263572454453,1.2388414548262667,1.231450939270872,0.6501692863775341,0.5886721684487397,1.2439443174603957,1.053181178638709,1.0456312152250389,1.2173316628885262,1.2546527225716806,1.2484453025707538,1.286388227621181,5.4221701058841125,5.73901331018858
2,4,0.6799633801909127,0.725504548518807,0.8450634586527453,0.40521776072400645,64,1024,False,1.6185792439017845,1.627889383293534,-0.00931013939174389,1.6238649535853278,1.6906557505147481,0.18179969667142135,0.19005172705449191,0.8099912582967046,0.817898124996825,0.8591568221359732,0.8218582155435843,1.6810150376795627,0.5110940728537057,0.8954019891463522,0.9302645665457395,0.19581893395891972,0.7603911839690086,0.1244673472125736,0.2391320461302691,0.13019032289234814,0.2457736947988671,0.14402063614397775,0.2194727911701193,0.14982440771564143,0.2261738205779693,1.627889383293534,1.6185792439017845,0.8099912582967046,0.817898124996825,1.6238649535853278,1.053181178638709,1.0464505190307647,1.2173316628885262,1.273448925370134,1.2484453025707538,1.3057907209477624,6.606115658924894,7.160087363816006
2,5,0.58759907372433,0.6367886946921417,0.7860415666823957,0.36547666145087226,64,1024,False,2.1781976536585193,2.1884023190561828,-0.010204665397677698,2.146735526543506,2.2397621185347467,0.18877021412102832,0.19977463552934446,1.0398732941004947,1.148529024955703,1.1142411578982592,1.1253069952768233,2.2395481531750803,0.49752944866068777,0.8415787057430263,0.8802344394855858,0.20387083088858052,1.3595276790491608,0.1308230033582011,0.24671742488385554,0.13603736535175148,0.25255245759853034,0.15037357852997957,0.2270052658059285,0.15561808244819986,0.23286695757269626,2.1884023190561828,2.1781976536585193,1.0398732941004947,1.148529024955703,2.146735526543506,1.5392899724472648,1.5665239032822262,1.5543807373006129,1.5903094964509839,1.7006819155133144,1.6511204031766262,6.606115658924894,7.073945697257161
2,6,0.5445013599148745,0.5647456533695109,0.7343225582098681,0.33236280838751664,64,1024,False,3.386129607871335,3.3975917413760737,-0.011462133504717793,3.345528710601154,3.462690066286735,0.201526397419716,0.20588731022950826,1.6317244904267914,1.7658672509493072,1.7197872226605198,1.745285253834601,3.465072476495115,0.49632070738100886,0.8048497563733116,0.8371947629599245,0.20675041331563024,2.6254953033268107,0.14279647367577392,0.2602563211636581,0.14423203912731974,0.26187242470864697,0.16256787291058572,0.24074033198849065,0.1638726052333368,0.242217613660614,3.3975917413760737,3.386129607871335,1.6317244904267914,1.7658672509493072,3.345528710601154,1.5392899724472648,1.493969298530272,4.639905925236041,4.938627862797387,1.9318502292318116,1.6242678192595146,8.205327314162133,8.683176919612077
2,7,0.5101514227987203,0.49876566348177903,0.6822626611385403,0.30847031385402,64,1024,False,5.621849073666949,5.635882470757817,-0.014033397090858891,5.459790983786587,5.791149263300997,0.21206752360659004,0.2139961786383139,2.682516611202925,2.9533658595548697,2.8728500135830153,2.9246341397038145,5.797484153286823,0.49553391395719176,0.7740705220230533,0.8176336959777214,0.21538493848689239,4.973515567323275,0.15261531830078356,0.2715197289123965,0.15439431492811606,0.27318521819717045,0.17240688003221294,0.2519879338942701,0.17403751285746694,0.2535134794015903,5.635882470757817,5.621849073666949,2.682516611202925,2.9533658595548697,5.459790983786587,2.2763995802115278,1.4874273745131052,4.639905925236041,4.815912408906429,5.999719294087083,6.490364581067837,8.205327314162133,9.45238528024374
2,8,0.47351528082803235,0.44066120679022336,0.6333046304714947,0.305521707222716,64,1024,False,8.409923663181264,8.428242240260316,-0.018318577079110415,8.21710999208811,8.729675073606444,0.22089801239524148,0.21419706743768924,3.8962740575923602,4.531968182667965,4.167854675909248,4.562049576501995,8.72990425241125,0.47742272485497905,0.7553163685168189,0.7862754684386544,0.2231562364923849,7.943399605167789,0.16114537901674308,0.2806506457737399,0.15982260483279093,0.27882475983561894,0.18102869469294092,0.2611925793753471,0.17945972058805637,0.2591518705812632,8.428242240260316,8.409923663181264,3.8962740575923602,4.531968182667965,8.21710999208811,2.7730735715954267,1.9346403138627268,9.916117770095083,9.900962093464868,10.393697405659433,10.41411280279338,8.21710999208811,10.68803822492425
2,9,0.4297214103815579,0.3859850832281242,0.5849641658108393,0.26333240909356087,64,1024,False,14.2262152167692,14.245992900368124,-0.019777683599000607,13.814085171407964,14.796869737159648,0.2329246222533533,0.2305535569746186,6.703170723430531,7.542822176937628,7.131357023865682,7.641024788613959,14.772381812479594,0.4827493030163333,0.7347999877991116,0.7624162913979923,0.23337213646474927,14.034453445761656,0.17236766075687518,0.29348158374983147,0.16923902079333503,0.28932395994746174,0.19224030736950226,0.2739569655022933,0.1889361418725457,0.26968080112419557,14.245992900368124,14.2262152167692,6.703170723430531,7.542822176937628,13.814085171407964,6.300457387147848,2.161201750168039,9.916117770095083,9.935190192485587,10.393697405659433,10.450973832507998,203.1092930917398,295.0654761807284
2,10,0.32137610675933126,0.33895893988468984,0.5398711050401108,0.19776051266307781,64,1024,False,63.509526804684334,63.52967152670721,-0.020144722023167007,62.306140062350956,65.23452082009875,0.2848945956200306,0.27981208032477517,49.91919798721323,13.610473539493993,51.2223416301875,13.95643264234317,65.1787742725306,0.785874576530277,0.7286966698910751,0.7463476911652054,0.23794394633865693,64.48817312893354,0.22086045721097392,0.3489287340290873,0.17601180810283706,0.2968704983087194,0.24057271354831755,0.3290120201490936,0.19574795975495363,0.277236042493314,63.52967152670721,63.509526804684334,49.91919798721323,13.610473539493993,62.306140062350956,10.858017081267755,5.06769414717019,17.21146738972702,9.88094620076679,17.21146738972702,10.182216960404078,203.1092930917398,428.8886232594057
2,11,0.17348795564402691,0.3011491444638661,0.5015024458226883,0.19591439380904918,64,1024,False,438.0361417865029,438.04393030726897,-0.0077885207618742765,436.07757670011426,443.9721193171767,0.29879073564758774,0.29421868616004176,384.21416657605397,53.82976373121316,391.1178051463723,52.73108514438877,443.84889029075964,0.8811958612539419,0.7135418171069792,0.7323432757648872,0.24686247314634474,443.2397760414118,0.23377626423578518,0.3638052070593903,0.18621436726374924,0.3083738048302693,0.2535627854813356,0.34390229492419166,0.2060053271416109,0.2887513680689153,438.04393030726897,438.0361417865029,384.21416657605397,53.82976373121316,436.07757670011426,111.31562396662923,8.741509700778309,59.227511325874474,14.193720497059807,59.227511325874474,14.193720497059807,436.07757670011426,62.306140062350956
3,0,0.48510768542958793,0.524769136129946,0.7006326943436785,0.3723576817400117,64,1024,False,0.4134990458501533,0.41399324734637205,-0.0004942014962205379,0.4316280370163344,0.40544692334748356,0.16876928767125032,0.16255061403875168,0.2449480531509419,0.1690451941954306,0.2419319429008296,0.17238892023505134,0.4143208631358806,0.5839241139577507,0.6097394821218926,0.5739388779729461,0.16093103688320792,-0.16849195462546251,0.11311860872010311,0.22441996662239755,0.10932253045713464,0.22004675971994575,0.13285796190029941,0.20505947203491814,0.12903021592501318,0.20067255410685902,0.41399324734637205,0.4134990458501533,0.2449480531509419,0.1690451941954306,0.4316280370163344,2.7730735715954267,3.107565790821012,4.639905925236041,4.861394235142342,5.999719294087083,6.428034006169448,6.606115658924894,9.33689868741174
3,1,0.5860644484273195,0.6560936572811338,0.797414018647155,0.43930651754981664,64,1024,False,0.47834974650988804,0.48039789448575165,-0.002048147975860737,0.5170740056509598,0.490579989116747,0.15582175295607603,0.15328107203059504,0.23133877040995499,0.2490591240757961,0.23644523156105784,0.2603082931210972,0.4967535246821553,0.47598098415576595,0.6460144095484425,0.6108092331721179,0.15917565084423574,-0.12022924405537089,0.10138839717063056,0.2102551087415215,0.10214195294829197,0.21181175917929757,0.1210524381021969,0.1909099253025488,0.12184936597623164,0.19247985023685033,0.48039789448575165,0.47834974650988804,0.23133877040995499,0.2490591240757961,0.5170740056509598,1.5392899724472648,1.5879669232470888,1.5543807373006129,1.6153987803388279,1.5487687462253912,1.7806620583575423,5.4221701058841125,7.19994992899981
3,2,0.7834296649649296,0.8400457328715321,0.9138811397949189,0.46026073098273224,64,1024,False,0.5767764993985366,0.5805958301944106,-0.003819330795876051,0.6197665423582801,0.5945486474640912,0.15558252294020972,0.15474537105866662,0.26786677757568744,0.3127290526187278,0.2727970361367391,0.326294969555929,0.5990920056926664,0.4553508201487898,0.691017724380103,0.6639757790793721,0.15493533539406829,-0.06942713161528091,0.10115547694046229,0.21000956893995715,0.0977400000810251,0.20608355277661625,0.12086884214659221,0.19072635460906895,0.11743466968619032,0.18679681788489688,0.5805958301944106,0.5767764993985366,0.26786677757568744,0.3127290526187278,0.6197665423582801,1.053181178638709,1.0503995363818466,1.2173316628885262,1.2304796377551936,1.2484453025707538,1.2640564438996205,5.4221701058841125,5.9851089608220365
3,3,0.9999999999999999,0.9999999999999997,0.9999999999999998,0.4648234916193696,64,1024,False,0.694089186242193,0.6999091636432323,-0.0058199774010396395,0.7427817578721976,0.7103268447870202,0.1549784925765859,0.15403031941908538,0.27598073511337606,0.4239284285298579,0.28280795839436107,0.4295126609665869,0.7123206193609455,0.39702340590404456,0.7417627957753335,0.7093828227213638,0.15403293837538767,0.0009440220656564691,0.10054013192330899,0.20941685322986284,0.10054845831936661,0.2094248201511093,0.1203388002468273,0.19023175444453955,0.12034684423997533,0.1902394177232054,0.6999091636432323,0.694089186242193,0.27598073511337606,0.4239284285298579,0.7427817578721976,0.8164209955451853,0.8249367509230859,0.7666475579236416,0.7679036526631913,0.7666475579236416,0.7679036526631913,5.4221701058841125,5.73901331018858
3,4,0.8475813722577451,0.8668091301170682,0.9295440464703658,0.4688149547650234,64,1024,False,0.8419829974791464,0.8497894661786707,-0.00780646869951911,0.9025440707589306,0.8856895893577524,0.15462280466557038,0.15655354718709952,0.2671523934293819,0.5826370727492871,0.2846929990823818,0.5994431174785063,0.8841361165608872,0.32200132281642413,0.6893946905366833,0.6756666349032033,0.15681641352882572,0.2100229544545491,0.10029284310780953,0.20895276622333123,0.09989377850190233,0.20813800624856,0.12011910865840036,0.1898042008469929,0.11963292548171012,0.18891551894921577,0.8497894661786707,0.8419829974791464,0.2671523934293819,0.5826370727492871,0.9025440707589306,0.8565352540509141,0.8469229897545614,1.2173316628885262,1.273448925370134,1.2484453025707538,1.3057907209477624,2.3431922011973474,3.3477944591691995
3,5,0.7373555815811543,0.7625227268010485,0.868490136882886,0.4646776133931049,64,1024,False,1.0229229013019543,1.032956163672251,-0.010033262370303822,1.0803733689805897,1.0578952484493074,0.15212690590316288,0.15903764575701665,0.23922680738542534,0.793729356286824,0.26506661628181455,0.7982975443737234,1.0633641606555346,0.24927172279194393,0.6420076690982575,0.6335124228710015,0.16014454786151858,0.42438282557830587,0.09732477034816682,0.20692904145815894,0.10104902911496458,0.2097122057225904,0.11717151497578016,0.18776167940814048,0.1207139730322524,0.19039910057472298,1.032956163672251,1.0229229013019543,0.23922680738542534,0.793729356286824,1.0803733689805897,1.053181178638709,1.08950408682592,1.2173316628885262,1.2847745158794468,1.2484453025707538,1.2942458750598962,5.4221701058841125,5.572369841090767
3,6,0.6582402387390963,0.6725813436777504,0.8113864231033427,0.44388155836653,64,1024,False,1.3675780333369236,1.3797593529366725,-0.012181319599761778,1.4447997704417557,1.3935272116772734,0.15474460276786037,0.1555602311140821,0.19073371387170893,1.1890256390649703,0.2206362214820964,1.1907750278205629,1.4114112493026638,0.15632312806852444,0.599549264826615,0.5924102797765213,0.15879678252283758,0.8011169319007522,0.0996842529759799,0.20980495255974085,0.10495185390692255,0.21420250182748388,0.11954446351592196,0.19064959499519318,0.12459389059222303,0.1948533471659175,1.3797593529366725,1.3675780333369236,0.19073371387170893,1.1890256390649703,1.4447997704417557,1.053181178638709,1.0704088184949485,1.2173316628885262,1.2441285130535078,1.2484453025707538,1.2799321139178117,5.4221701058841125,5.5598034134541745
3,7,0.5802798973066147,0.587932825534322,0.7521206722062692,0.4336660226920973,64,1024,False,2.108927379136902,2.1249855134126365,-0.01605813427573712,2.162899346797204,2.1436525924412453,0.15868758577900635,0.15657706326521953,0.1265640533326467,1.9984214600800054,0.16450408870756722,2.006291028238164,2.170795116945736,0.07578056879869027,0.5583236887610311,0.5630959906096409,0.16405154498033656,1.5805566018316044,0.10341836766614156,0.21395680389187116,0.11001440711444385,0.2188318699589111,0.12305596197256818,0.19454364765260834,0.12955226781923557,0.19939763435104396,2.1249855134126365,2.108927379136902,0.1265640533326467,1.9984214600800054,2.162899346797204,1.5392899724472648,1.4874273745131052,1.5543807373006129,1.5786971480202616,1.7006819155133144,1.6928728490062983,5.4221701058841125,5.5350413590970895
3,8,0.4933796615270724,0.5119824465010057,0.6944157898130815,0.4339225485863973,64,1024,False,3.0918606024148483,3.112881327487185,-0.02102072507233555,3.164579172143898,3.1281351747731216,0.15789963557831235,0.14951405711265675,0.015509464300577591,3.0973718631865905,0.03205199854274568,3.128016417696326,3.1600684162390733,0.010142817914332398,0.5283789258773709,0.5303537425755898,0.16476483148636828,2.597781432197532,0.10263058764775085,0.21316868350887386,0.11058452887374434,0.21925052552754334,0.12231395750131924,0.1938084415232879,0.1302016080589965,0.19990430283360183,3.112881327487185,3.0918606024148483,0.015509464300577591,3.0973718631865905,3.164579172143898,2.2763995802115278,1.9346403138627268,4.639905925236041,4.717554701714576,5.999719294087083,6.217806995775021,5.4221701058841125,5.500500675464445
3,9,0.3934055039021138,0.4431110535363235,0.6376241734708852,0.40205294248130735,64,1024,False,5.463054469846939,5.4878504602844504,-0.02479599043750471,5.484122541848123,5.527398411721905,0.16429057687410628,0.15690505790595577,0.05773455889176386,5.430115901392668,0.03467424636371546,5.513285729643142,5.54795997600686,0.006249909248385066,0.5030977910573986,0.508779106398047,0.17073804263856027,5.018619305323858,0.10836290367094141,0.22021825007727114,0.11562102588037472,0.22469864149372987,0.1281360461798613,0.20090162065025652,0.1353044216593844,0.2054117437583045,5.4878504602844504,5.463054469846939,0.05773455889176386,5.430115901392668,5.484122541848123,6.300457387147848,4.277242130369196,9.916117770095083,9.935190192485587,10.393697405659433,10.450973832507998,6.606115658924894,6.672115254047057
3,10,0.28246214851319595,0.38533193363872675,0.5856338664851404,0.35440989255014577,64,1024,False,8.508809624284583,8.539912573759711,-0.031102949475094184,8.538055046237314,8.865339944850307,0.17541693130989344,0.17299692092383792,0.2156121029500525,8.324300470809625,0.27538338714290955,8.619385656337512,8.894769043480416,0.030960150375658923,0.4891574065212797,0.48902921740658023,0.17071046187626934,8.376310727443727,0.1183914655627791,0.23244239705700778,0.11478432587504932,0.22343564974386765,0.1383231715662987,0.21321274258662015,0.1346588790838723,0.20437281135673402,8.539912573759711,8.508809624284583,0.2156121029500525,8.324300470809625,8.538055046237314,10.858017081267755,5.06769414717019,9.916117770095083,9.88094620076679,10.393697405659433,10.182216960404078,6.606115658924894,6.492472165553575
3,11,0.14115766151393727,0.3392957628926879,0.5412562782574104,0.34038274078286573,64,1024,False,21.008849679536574,21.02036513290915,-0.011515453372560847,21.910562778992233,22.3804740202287,0.22886185481896953,0.23083113621815846,7.0689413257904805,13.951423807118552,7.862932278388378,14.50810566012678,22.37103793851518,0.35147820588382855,0.4800634941202159,0.47412523160179154,0.1765516150616149,21.906348788626907,0.16846138620719975,0.2892623234307393,0.12273804146838826,0.23293419661212342,0.188373345285072,0.2697903187290649,0.14264148773509078,0.2138524106121622,21.02036513290915,21.008849679536574,7.0689413257904805,13.951423807118552,21.910562778992233,111.31562396662923,8.741509700778309,11.315100422433853,4.805298513526564,11.315100422433853,4.876710614217346,8.205327314162133,4.617552280493062
4,0,0.43879585061510923,0.4508396695792126,0.640384241364327,0.3483366894456297,64,1024,False,0.3905205479887906,0.3899629731908905,0.0005575747978980544,0.3950716945014573,0.38381959248256453,0.1915738424190744,0.18959498391703258,0.28571575919879505,0.10424721399209617,0.2812021349378243,0.10344213636255432,0.38464427130037937,0.7310706434991353,0.5982153952122838,0.5782165003832674,0.19127626950799229,-0.1943969079007029,0.13373916059303484,0.24940852424511398,0.1361270090239908,0.25174293280110505,0.15346914417750668,0.2298753096620203,0.15587696974398568,0.23222949277987937,0.3899629731908905,0.3905205479887906,0.28571575919879505,0.10424721399209617,0.3950716945014573,3.5337610874393133,6.653279600837589,9.916117770095083,10.96783820436915,10.393697405659433,11.566734319201718,6.606115658924894,9.33689868741174
4,1,0.5144871853174486,0.5639032948610418,0.731795034834873,0.4329257280982801,64,1024,False,0.48412773733197817,0.48471466215867387,-0.0005869248266953297,0.5023139711886193,0.49452401428167847,0.1915582606546465,0.194112673757014,0.3402102137554155,0.14450444840325805,0.3429671236796249,0.14994431151638243,0.49291143519600733,0.6957986753609059,0.6258746556512813,0.6116766035540513,0.18872103802759982,-0.11715258927237282,0.13379527159942783,0.2493212497098652,0.12952225744724888,0.24415375663479594,0.1535861026350176,0.22986676499567693,0.14931570199405542,0.22473283485305728,0.48471466215867387,0.48412773733197817,0.3402102137554155,0.14450444840325805,0.5023139711886193,1.8573849703170648,2.4636108580583245,4.639905925236041,5.080258027391474,1.9519657315121006,3.2124559694455104,5.4221701058841125,7.19994992899981
4,2,0.6799633801909127,0.725504548518807,0.8450634586527453,0.48820300629682456,64,1024,False,0.5608583897438901,0.5631466090525649,-0.0022882193086734863,0.5898588563775573,0.5819933290731841,0.1904607040365953,0.19278172484184303,0.38764255696412575,0.17550405208844166,0.3962061271731218,0.1826200361938572,0.5788261633669789,0.6844993406456041,0.6641278797461228,0.6493872440272863,0.1811107384025743,-0.06739391495410219,0.13292655634294726,0.24799485173024333,0.12355556436673595,0.2365555995035106,0.15269309421273647,0.22853706817841157,0.14329102593183052,0.21713570903375512,0.5631466090525649,0.5608583897438901,0.38764255696412575,0.17550405208844166,0.5898588563775573,1.053181178638709,1.1029553941590917,1.2173316628885262,1.2304796377551936,1.2484453025707538,1.2694125596080912,2.3431922011973474,2.8069228760930507
4,3,0.8475813722577451,0.8668091301170682,0.9295440464703658,0.5085496607461938,64,1024,False,0.6218066818337481,0.6260313694019808,-0.004224687568236492,0.6557235276302497,0.6469228351699045,0.18038340842755224,0.18197874928032884,0.38555685202560214,0.24047451737638267,0.3957994750648874,0.24502386777359128,0.6408233428384806,0.6176420997895025,0.7000206292056989,0.6844984828797904,0.17793660117466492,-0.03757564770988597,0.12370304110871462,0.23706377574638987,0.12091333391205165,0.2334307409937385,0.14338978353043785,0.21758777823561104,0.14060974398307735,0.21399629858206026,0.6260313694019808,0.6218066818337481,0.38555685202560214,0.24047451737638267,0.6557235276302497,0.8565352540509141,0.8699227024789585,1.2173316628885262,1.2546527225716806,1.2484453025707538,1.286388227621181,2.3431922011973474,2.7134637643861317
4,4,0.9999999999999991,0.9999999999999998,1.0,0.5316581184555826,64,1024,False,0.6878513208854765,0.6941195706994112,-0.006268249813929155,0.7208729204971606,0.7353205294159889,0.1707121339156171,0.17663858646196437,0.3883358702696336,0.3057837004297787,0.40800952821109254,0.314762667991268,0.7227721962023612,0.564506396835523,0.7200855365833914,0.7345101856279698,0.17667960698331733,0.0008103437880191411,0.11512642791701552,0.22629783991421867,0.11516960153887967,0.22634665392252207,0.13481116225011647,0.20690526572434464,0.13485387689433992,0.20695338500081562,0.6941195706994112,0.6878513208854765,0.3883358702696336,0.3057837004297787,0.7208729204971606,0.8565352540509141,0.8469229897545614,0.7666475579236416,0.7690567493671406,0.7666475579236416,0.7690567493671406,2.3431922011973474,2.5173692716010643
4,5,0.858592111149221,0.8759290885715936,0.9346485159483393,0.5177909533729029,64,1024,False,0.789821837130361,0.7977624894817306,-0.007940652351369063,0.8159100387241618,0.8302714661848523,0.1630777181972863,0.1724897574527748,0.38370063375169716,0.41406185573003224,0.40864374728244857,0.41495023961006733,0.8235939868925181,0.496171358443609,0.6822812892623423,0.6922731872044819,0.1791657340729205,0.13799827898037031,0.10794973205290107,0.21820570434167155,0.11812066202923001,0.22974521706261997,0.12764817724382738,0.1988637624453986,0.13780150774982758,0.2103332058977685,0.7977624894817306,0.789821837130361,0.38370063375169716,0.41406185573003224,0.8159100387241618,0.8565352540509141,0.8556619363168655,1.2173316628885262,1.2847745158794468,0.9435291227367,1.152175487353154,2.3431922011973474,2.4453026042561703
4,6,0.7538535595487851,0.7728926834851404,0.8751729819170422,0.524922840111069,64,1024,False,0.9424467859533843,0.9532058577190231,-0.010759071765637602,0.9815615060544688,0.9884594007655703,0.15702289599413694,0.15884001140763823,0.3522355305500918,0.6009703271689304,0.38063842948664167,0.6094599619714564,0.990098391458098,0.3844450539163922,0.6454760695350564,0.6518200447542799,0.17761223078644847,0.33663935601129036,0.10285430151181477,0.2111914904764591,0.12384615641070892,0.23590917758028754,0.12254640382161597,0.1919110551898484,0.14351551060099155,0.2164784920460079,0.9532058577190231,0.9424467859533843,0.3522355305500918,0.6009703271689304,0.9815615060544688,1.053181178638709,1.0704088184949485,1.2173316628885262,1.2441285130535078,1.2484453025707538,1.2799321139178117,2.3431922011973474,2.373450661089412
4,7,0.649842585283025,0.6745148482055217,0.8127344855506377,0.5186487783894537,64,1024,False,1.305024225885688,1.3195624693148031,-0.014538243429116124,1.341613842982081,1.3603156392458908,0.15529235705105726,0.1585918006444553,0.3542108788271503,0.9653515904876494,0.39070265895208556,0.9755526956749019,1.3662553546269873,0.2859660587085161,0.6113121457653291,0.6200940989478814,0.18589718649182083,0.7402215402980095,0.1014821251319365,0.20910258897017803,0.13335697220328158,0.24561127855283688,0.1211064171147882,0.18978072721802164,0.15302845345286187,0.2261869168796693,1.3195624693148031,1.305024225885688,0.3542108788271503,0.9653515904876494,1.341613842982081,1.5392899724472648,1.4874273745131052,1.2173316628885262,1.2247040980654271,1.2484453025707538,1.259544833933878,2.3431922011973474,2.4257831259542453
4,8,0.5394594209391511,0.5831951394246695,0.7494334680735246,0.5115573176094604,64,1024,False,1.8214135821430437,1.840225283085164,-0.018811700942125205,1.8809987571417757,1.8928213545976444,0.14311944466464768,0.15039404308822976,0.22921277888751881,1.6110125041976504,0.26283889429284146,1.6383391382031787,1.9011780324960177,0.13825054245328391,0.5792986595229601,0.5855829209071691,0.19031638663742345,1.3072384336904754,0.0906753957704294,0.19556349355886596,0.13707805883617288,0.2494841447475836,0.11050054653605912,0.1765618073695805,0.15678931058209855,0.2300960369539098,1.840225283085164,1.8214135821430437,0.22921277888751881,1.6110125041976504,1.8809987571417757,1.5392899724472648,1.5530809121589026,1.5543807373006129,1.5720977884371767,1.7006819155133144,1.8144218643059868,2.3431922011973474,2.4490215878558983
4,9,0.42513518993540733,0.5015151685407628,0.6861437334580109,0.4675210276945991,64,1024,False,3.0810819606729583,3.1030109828377923,-0.02192902216483924,3.159784196690842,3.1660716038000816,0.14676840128333327,0.15446322484722858,0.05819388575284911,3.044817097084962,0.07762324766210757,3.093704869339651,3.171328117001754,0.024476574103437256,0.5569537150682785,0.5625265108257163,0.1977803095310922,2.6035450929743655,0.09324373811199103,0.20029306445467548,0.14293610349898514,0.2563281128140791,0.11301115987589583,0.18114689121284755,0.16268042615411105,0.23694777887430973,3.1030109828377923,3.0810819606729583,0.05819388575284911,3.044817097084962,3.159784196690842,6.300457387147848,2.161201750168039,4.639905925236041,4.8157891064428044,5.999719294087083,6.21817584004064,3.159784196690842,4.011107188979249
4,10,0.29442199127673946,0.43273307725528454,0.6277010023490662,0.41013751498527545,64,1024,False,5.260778605342794,5.288207107133838,-0.027428501791062838,5.436165689973567,5.503306532503165,0.17002691775375886,0.17524564374691612,0.5924807645571805,4.695726342576664,0.6759491440987268,4.844033056257668,5.519982200356391,0.1224549499552888,0.5433938184030818,0.5459356926634291,0.20133134270944145,4.9573708398397365,0.11466332124443454,0.22539051426308318,0.14554125592100367,0.25953001710082246,0.13456426792981802,0.20625105554790935,0.16545768671494443,0.24030794094142038,5.288207107133838,5.260778605342794,0.5924807645571805,4.695726342576664,5.436165689973567,10.858017081267755,5.06769414717019,9.916117770095083,9.88094620076679,10.393697405659433,10.182216960404078,5.436165689973567,6.390250900006364
4,11,0.13707021161675953,0.3771798584941243,0.5763198057934279,0.3864638506288619,64,1024,False,11.813099174523105,11.823012027232629,-0.009912852709516086,12.286140053835313,12.512583304045274,0.21983868111645888,0.21974636119302932,4.7631874179472335,7.059824609285376,5.170548938693308,7.344183098499247,12.514732037192557,0.41315698357159736,0.533873185309246,0.5311494895575671,0.20725863005596512,11.981433814487707,0.1603215573358842,0.27935580489703354,0.1531181210140976,0.26869866724221203,0.18034322163293837,0.26005512007395737,0.17306800195365213,0.2494623667007545,11.823012027232629,11.813099174523105,4.7631874179472335,7.059824609285376,12.286140053835313,111.31562396662923,8.741509700778309,9.916117770095083,4.805298513526564,10.393697405659433,4.876710614217346,6.606115658924894,2.738615362998774
5,0,0.38579143038535935,0.40108265035674495,0.5964122551429556,0.3724624757052557,64,1024,False,0.6306641756131348,0.6300696481234705,0.0005945274896605778,0.6435480800799516,0.625176283802588,0.2332067920104818,0.23029606214595727,0.5519904819725162,0.0780791661509608,0.541969398367827,0.07721934018507252,0.6191887385528984,0.8752894951456318,0.9618297266189881,0.921182781207642,0.22727122446954862,-0.2960064974050539,0.1718239883751811,0.2945895956457825,0.17004962898145015,0.29197600256286,0.1915505178985768,0.2748080084420508,0.18977808931231266,0.27222210459876806,0.6300696481234705,0.6306641756131348,0.5519904819725162,0.0780791661509608,0.6435480800799516,10.858017081267755,13.373201014697864,9.916117770095083,10.96783820436915,10.393697405659433,11.566734319201718,6.606115658924894,9.33689868741174
5,1,0.45597777529023453,0.4993682032085659,0.6812549535074814,0.4551528004167805,64,1024,False,0.8263002568910581,0.8267426165949365,-0.0004423597038794682,0.8511600404856883,0.8348403738836241,0.23948768398465722,0.23744868631866606,0.7192097982477854,0.1075328183471553,0.7163832331641133,0.11152041228200438,0.8279036454461147,0.8652978364143948,0.9809863108720099,0.9516009974676748,0.22346534589940234,-0.1167606235840507,0.17775857057841837,0.3012167973908961,0.16554408867473963,0.2864331703763648,0.19755821806029417,0.2814958425515215,0.18538280246866634,0.2668397472589277,0.8267426165949365,0.8263002568910581,0.7192097982477854,0.1075328183471553,0.8511600404856883,2.7730735715954267,3.5492457842895475,4.639905925236041,5.080258027391474,5.999719294087083,6.395762313594882,5.4221701058841125,7.19994992899981
5,2,0.58759907372433,0.6367886946921417,0.7860415666823957,0.4986825670751126,64,1024,False,0.9681568590608541,0.9700201683678602,-0.0018633093070082381,1.0020908137220983,0.9830902831086386,0.23880997555098743,0.2391301645292218,0.8374367087708994,0.1325834595969558,0.8400909985348602,0.13738154193006827,0.977472540464926,0.8594522748795362,1.0204242298374762,0.9884249854627857,0.21747876791650425,-0.005334702354147125,0.17724807358342806,0.30037187751854677,0.15869879359281636,0.27816703376821145,0.19700812381051946,0.2806292235472938,0.17843617740436457,0.2585249314288376,0.9700201683678602,0.9681568590608541,0.8374367087708994,0.1325834595969558,1.0020908137220983,1.5392899724472648,1.5189150524717603,1.5543807373006129,1.4725650308839449,1.7006819155133144,1.573625797233153,2.3431922011973474,2.7477882324934217
5,3,0.7373555815811543,0.7625227268010485,0.868490136882886,0.5230393081791417,64,1024,False,1.0204663185342664,1.024213159801885,-0.003746841267612623,1.062369951227872,1.0423346045906718,0.23125249725413377,0.23046254010557274,0.8364230873305147,0.1877900724713571,0.8408728906609818,0.1925748672314922,1.0334477578924726,0.8136578595668813,1.0676954455581524,1.035505571798483,0.213321325150443,0.006829032792188938,0.1702921026916334,0.2922128918166341,0.1550532804938373,0.2739752292240921,0.19001095975545468,0.27247388895921176,0.1747524657403119,0.25431671726255445,1.024213159801885,1.0204663185342664,0.8364230873305147,0.1877900724713571,1.062369951227872,1.053181178638709,1.0456312152250389,1.2173316628885262,1.2546527225716806,1.2484453025707538,1.286388227621181,2.3431922011973474,2.7134637643861317
5,4,0.858592111149221,0.8759290885715936,0.9346485159483393,0.5444942416099762,64,1024,False,1.0417894369936698,1.0473995838587047,-0.005610146865026638,1.0711482067492382,1.0779190221755728,0.21877085676913655,0.22068669123023785,0.8023161675720264,0.24508341628666905,0.8128158799510367,0.24944952791414596,1.0622654078651854,0.7651721254714838,1.077855161828303,1.0841254841852692,0.21081759689594132,-0.006206462009696434,0.15899041065523045,0.27855130288304264,0.14902653761548043,0.26676437110563356,0.1787320090807043,0.25891961709567113,0.1687253092022729,0.2471475394850131,1.0473995838587047,1.0417894369936698,0.8023161675720264,0.24508341628666905,1.0711482067492382,0.8565352540509141,0.8469229897545614,1.2173316628885262,1.273448925370134,0.9435291227367,0.899779878750119,2.3431922011973474,2.5173692716010643
5,5,0.9999999999999996,0.9999999999999998,1.0,0.5425573799244998,64,1024,False,1.0867176728652337,1.0941946873324793,-0.007477014467253941,1.1148220244020894,1.122371090803978,0.20369421186222014,0.20860455831731475,0.7517872485592385,0.3424074387732457,0.7675010066942033,0.343183238100646,1.1106842447948495,0.6910163804799136,1.1139470212631823,1.1214673871422791,0.20867035090314415,0.0009037036616987848,0.145208786339858,0.2621796373845823,0.14527407984539092,0.2622572871788878,0.1648676670738496,0.24255409390025306,0.16493218309187796,0.24263048537250143,1.0941946873324793,1.0867176728652337,0.7517872485592385,0.3424074387732457,1.1148220244020894,0.8565352540509141,0.8435854929273158,0.7666475579236416,0.7483225860037233,0.7666475579236416,0.7483225860037233,2.3431922011973474,2.4453026042561703
5,6,0.8777325167041568,0.8765843394461226,0.9350867964306335,0.5542575794047568,64,1024,False,1.2065186395771772,1.2168357446803342,-0.010317105103164142,1.23320276795707,1.2594657353140792,0.19130197628644385,0.18965991374958024,0.7078495997303258,0.5089861449500223,0.7307287193458103,0.5209717695753133,1.2517004889211174,0.5837887943749626,1.0595389907624295,1.0752234529273428,0.20795546286248798,0.18424228238673646,0.13451550969562243,0.24808844287726528,0.1530427650088508,0.270507389115644,0.1543138604174601,0.22873526514013065,0.17267712516331812,0.25084458829223877,1.2168357446803342,1.2065186395771772,0.7078495997303258,0.5089861449500223,1.23320276795707,0.8565352540509141,0.8166866867564806,1.2173316628885262,1.2441285130535078,0.9417147987630976,0.7831404547797868,0.8293109644453982,0.6632865124333966
5,7,0.75513098230005,0.766847593132088,0.8714971752281097,0.541984481754868,64,1024,False,1.4537939791401107,1.4675560344299008,-0.013762055289781899,1.484648835444795,1.5206558386010545,0.17549506839174356,0.1742007921355334,0.6287715905250979,0.8387844439048003,0.664319150473562,0.851390304041116,1.5157094545146783,0.4382892436903571,1.021706103049289,1.0369397389810373,0.21617766684876283,0.48371609962001716,0.12065501612296838,0.23033512066051876,0.16343789386275998,0.28205991044910544,0.14050467661581933,0.21118184142687824,0.18312179177155485,0.26242062373057706,1.4675560344299008,1.4537939791401107,0.6287715905250979,0.8387844439048003,1.484648835444795,1.053181178638709,1.0387134178289192,1.2173316628885262,1.2247040980654271,1.2484453025707538,1.259544833933878,2.3431922011973474,2.4257831259542453
5,8,0.6152691773100389,0.6601846542785882,0.8034724484771179,0.5234486337672333,64,1024,False,1.8902088658660596,1.90757423734862,-0.0173653714825607,1.9442951854020352,1.979494148383461,0.16218682668768816,0.16457156739728718,0.4937382070915771,1.4138360302570552,0.5382174550716166,1.437415184467256,1.9756326395388717,0.27242790197940886,0.9819188027569785,0.9924577514821427,0.22386305384430177,0.9870363969013183,0.10844296739668356,0.21593068597869275,0.17000007625529856,0.2894911056589136,0.12849681778607192,0.1970614660604042,0.18971755143866176,0.2698631351668155,1.90757423734862,1.8902088658660596,0.4937382070915771,1.4138360302570552,1.9442951854020352,1.5392899724472648,1.5530809121589026,1.5543807373006129,1.5720977884371767,1.2484453025707538,1.2490981498585796,2.3431922011973474,2.4490215878558983
5,9,0.46124113159782937,0.5655171310973968,0.7355955002948082,0.48914113640664164,64,1024,False,2.8503685363508193,2.871314617138493,-0.020946080787673304,2.9541303920595157,3.009381929952442,0.15939932209396201,0.16264277083326578,0.29225369754517366,2.579060919593332,0.3422365699926536,2.6582073575489247,3.0004439275415753,0.1140619782463545,0.9514073310206361,0.9601664936679364,0.23174971220577106,2.0492154362845056,0.1056295706549466,0.21316907353297743,0.17932665502762735,0.3001242104090319,0.1255768259652541,0.1942016620450886,0.19908014541579178,0.280497364961775,2.871314617138493,2.8503685363508193,0.29225369754517366,2.579060919593332,2.9541303920595157,2.7730735715954267,2.161201750168039,4.639905925236041,4.8157891064428044,1.7952453736890386,1.6039254100410643,2.3431922011973474,2.3817174132766925
5,10,0.30770059556591983,0.48620973085405433,0.6723121143515061,0.43302140590387317,64,1024,False,5.729305271851584,5.75584677880077,-0.026541506949191284,5.918453092377608,6.0639379068353545,0.18842484116196995,0.1923413745397636,1.5652436790497304,4.19060309975105,1.7256777082928154,4.338927315686228,6.0646050239790625,0.2845490681535888,0.9287280889701592,0.9344745503017758,0.23780115044937392,5.129463356533579,0.13222358622138103,0.24462609610255887,0.18586157230894756,0.30741514768107664,0.1523142081205151,0.22561406467866618,0.20568937427015044,0.2878345151184476,5.75584677880077,5.729305271851584,1.5652436790497304,4.19060309975105,5.918453092377608,10.858017081267755,5.06769414717019,9.916117770095083,9.88094620076679,5.999719294087083,6.005970540372427,5.4221701058841125,5.592283163942181
5,11,0.15120144854282894,0.42077994479756614,0.614039510844533,0.4097467821112047,64,1024,False,56.56302210375524,56.572665530378764,-0.009643426623160891,57.2063807440154,58.582024108456466,0.29862934648836365,0.2931137911967711,48.119647410915036,8.453018119463243,49.5351927052862,8.970325597896206,58.50551830318236,0.8466755639799497,0.9121970899624257,0.9156486946878235,0.247165121615006,57.66637541376864,0.2337187991801583,0.363539893796569,0.19319836374802124,0.31613050516710506,0.2535086514399154,0.3436470553933759,0.2130476811216795,0.2965305257748696,56.572665530378764,56.56302210375524,48.119647410915036,8.453018119463243,57.2063807440154,111.31562396662923,8.741509700778309,9.916117770095083,3.073110865717713,10.393697405659433,3.0445850463583493,6.606115658924894,2.369487243759348
6,0,0.37381127739935144,0.3637003762105768,0.5617969719610156,0.4168616486589724,64,1024,False,0.30431038216108725,0.3036300651320715,0.0006803170290141843,0.3132818103040551,0.299579733588461,0.18929515178947312,0.18646523860234124,0.24468741280680137,0.058942652325270656,0.23722987180042382,0.058885031308441846,0.29611490310886623,0.8011412776249448,0.5530564240878297,0.5212560149541946,0.18203612494482832,-0.22167628136573359,0.13197854635700745,0.2466117572219388,0.13154205743979183,0.245758280224097,0.15163599026709562,0.2270338795206044,0.1512619661007193,0.22626525425584987,0.3036300651320715,0.30431038216108725,0.24468741280680137,0.058942652325270656,0.3132818103040551,10.858017081267755,13.373201014697864,9.916117770095083,10.96783820436915,10.393697405659433,11.566734319201718,5.4221701058841125,6.437697264398227
6,1,0.42937021162203726,0.4499916926699703,0.6402208009299127,0.4334766536897787,64,1024,False,0.4124906948738838,0.412099384538867,0.0003913103350186419,0.43043507959949023,0.4145995528837709,0.20556770386282908,0.20441257075823308,0.3302558717564486,0.08184351278241607,0.32559849489660647,0.08507725468679639,0.410675749583403,0.7928359422899929,0.5764099487521847,0.5429006852164467,0.17920326939848027,-0.12830113233267582,0.1469396438760339,0.2641957638496243,0.12646538479533542,0.23938680831421422,0.16675549597130157,0.2447053920404869,0.14621494831953896,0.21998000441817567,0.412099384538867,0.4124906948738838,0.3302558717564486,0.08184351278241607,0.43043507959949023,6.300457387147848,8.019383925948471,9.916117770095083,10.991124163405855,10.393697405659433,11.590020278238422,5.4221701058841125,7.19994992899981
6,2,0.5445013599148745,0.5647456533695109,0.7343225582098681,0.48284425853813806,64,1024,False,0.49511710756210686,0.49584808988154594,-0.00073098231943999,0.5181717478624691,0.4990206882372138,0.21048088426446626,0.2124667645415254,0.39888691586129826,0.0969611740202483,0.39799246991838305,0.09833717784647525,0.4963296477648586,0.8018712396301101,0.6102334182490724,0.5766216779999636,0.17475050213949692,-0.07760098976274976,0.15140509081869144,0.26955667771024105,0.11845445913825932,0.23000358604482712,0.17117793038778473,0.24999731318530394,0.13817794844362652,0.21062729569530347,0.49584808988154594,0.49511710756210686,0.39888691586129826,0.0969611740202483,0.5181717478624691,1.5392899724472648,1.5327168268209588,4.639905925236041,5.099056606115589,1.9318502292318116,2.230678327329911,2.3431922011973474,2.8069228760930507
6,3,0.6582402387390963,0.6725813436777504,0.8113864231033427,0.5073580151828248,64,1024,False,0.5677859926360509,0.5700999024216992,-0.002313909785647691,0.5975100168708739,0.5770180170658168,0.20314142809501157,0.20499035927207873,0.4287604629020476,0.14133943951964748,0.42783046868879093,0.14366048314945634,0.5714909518382465,0.7486215963921037,0.647880800181503,0.6145404624931731,0.17304707269458583,-0.03752244542735628,0.1447163814570478,0.26156647473297534,0.11591632722058326,0.22698222286819514,0.16441909258719534,0.2419864542898722,0.13551518349413527,0.20750150789535837,0.5700999024216992,0.5677859926360509,0.4287604629020476,0.14133943951964748,0.5975100168708739,1.053181178638709,1.4447997704417557,1.2173316628885262,1.4447997704417557,1.2484453025707538,1.286388227621181,2.3431922011973474,2.7134637643861317
6,4,0.7538535595487851,0.7728926834851404,0.8751729819170422,0.5433858829866246,64,1024,False,0.5920876518498009,0.5961535655221524,-0.004065913672348193,0.6171105958509768,0.6155944655057829,0.18896998883286,0.1926225823862163,0.41642709227614233,0.17972647324600588,0.419218431003891,0.185042533433008,0.6042609644368977,0.6937704992983532,0.6663937904918672,0.6662745849455599,0.1676555474761703,-0.050680119439777016,0.13190885689947163,0.2460311207662484,0.11004040191043907,0.21975145665803625,0.15153329537133686,0.2264639177446952,0.12959599231544416,0.2002704794431338,0.5961535655221524,0.5920876518498009,0.41642709227614233,0.17972647324600588,0.6171105958509768,1.053181178638709,1.0464505190307647,1.2173316628885262,1.273448925370134,1.2484453025707538,1.3057907209477624,2.3431922011973474,2.5173692716010643
6,5,0.8777325167041568,0.8765843394461226,0.9350867964306335,0.5498813637109508,64,1024,False,0.6277936598643259,0.633597299042531,-0.005803639178203502,0.6502268295691253,0.6493197881252407,0.17137298258804992,0.17800399426802416,0.38058871388798493,0.25300858515454694,0.3846783529810191,0.25742710043124956,0.6421054534122668,0.599089060740362,0.6939740933723851,0.6924426415279081,0.1671644413390034,-0.043122853402667416,0.11560446884820119,0.22714149632789865,0.10677610023109511,0.21608021158191715,0.13519173701206455,0.20763491035904735,0.12643953728547785,0.1967355873566703,0.633597299042531,0.6277936598643259,0.38058871388798493,0.25300858515454694,0.6502268295691253,0.8565352540509141,0.8556619363168655,1.2173316628885262,1.2847745158794468,0.9417147987630976,1.152175487353154,0.8293109644453982,1.7039615631827818
6,6,1.0000000000000007,0.9999999999999998,1.0,0.5822883713824982,64,1024,False,0.704315529364528,0.7131000548006182,-0.008784525436091433,0.7421183951680143,0.7396545546394802,0.1582574180732887,0.15972143082535364,0.3449524572279781,0.3681475975726431,0.35357168362462005,0.38349360269753857,0.7370652863221588,0.4797019886649224,0.7411605803833944,0.7387197463866878,0.15972709672606836,0.0009348082527923518,0.10430586866724667,0.2122089674793307,0.1043341245064449,0.2122423649700012,0.12404528573824791,0.19300387238763506,0.12407316825556336,0.19303674065304222,0.7131000548006182,0.704315529364528,0.3449524572279781,0.3681475975726431,0.7421183951680143,0.7228210590318183,0.8166866867564806,0.7666475579236416,0.7839372001037819,0.7666475579236416,0.7831404547797868,0.6075298689434657,0.5858344535902408
6,7,0.8927936350973467,0.8820813987605457,0.9381532316443189,0.5797633470932827,64,1024,False,0.8651070374805601,0.8773159630592692,-0.012208925578719288,0.9025094094825308,0.9114537497694875,0.14258787596542286,0.14660826014752396,0.2648800143734054,0.6124359486858649,0.28178219152000794,0.6305997472560536,0.9123819387760617,0.3088423603584393,0.6857511568696905,0.6869136238698473,0.16172088504055407,0.22454012589964012,0.09040561815948664,0.19477013377135907,0.10819182586212728,0.2156708277115546,0.11008604873495642,0.17562858380551916,0.12784416849171976,0.1963906737000798,0.8773159630592692,0.8651070374805601,0.2648800143734054,0.6124359486858649,0.9025094094825308,0.8565352540509141,0.884927093703019,0.7666475579236416,0.7969287595524431,0.7666475579236416,0.7969287595524431,0.6075298689434657,0.5853253936811705
6,8,0.762420440708813,0.7669030985357109,0.8718815768660688,0.5516869897864165,64,1024,False,1.203104920753242,1.2183271756515788,-0.01522225489833311,1.2515600306864119,1.2689044359780632,0.13483753438331114,0.14022387145812787,0.17478140940707798,1.0435457662445007,0.19890154280500216,1.0731822115163108,1.2720837543213126,0.1563588420411209,0.6358821921744747,0.6379924701446448,0.16484529030574452,0.6309119658334185,0.0832375887699078,0.18643747999671448,0.10894263008383819,0.2164478012825044,0.10324339944054373,0.16769339697930263,0.12864233486470766,0.1972100604980369,1.2183271756515788,1.203104920753242,0.17478140940707798,1.0435457662445007,1.2515600306864119,1.053181178638709,1.0437345666364375,1.2173316628885262,1.2377240121014565,1.2484453025707538,1.2490981498585796,0.8293109644453982,0.7448611511971954
6,9,0.5674115105504727,0.6608831361284097,0.8033963627184512,0.521782187785372,64,1024,False,1.9272994661139882,1.9461380840597537,-0.018838617945775807,1.9737544805615492,2.0152148867071045,0.1457390006985504,0.14094542945851224,0.028727978187298553,1.9174101058724502,0.0428563773142646,1.974283190985418,2.0171395682996804,0.02124611404573744,0.5948164037321161,0.601029675482287,0.16812175361686102,1.4141852112248174,0.09301717144944724,0.19846082994765354,0.11052488089616043,0.2180311562535437,0.11292505040910328,0.1795059187206789,0.13032218902662862,0.19891134233330376,1.9461380840597537,1.9272994661139882,0.028727978187298553,1.9174101058724502,1.9737544805615492,1.5392899724472648,1.5186011863465845,1.5543807373006129,1.5297116935793815,1.3066095965973898,1.254619076554693,2.3431922011973474,2.3817174132766925
6,10,0.35796431049937216,0.5658486146904376,0.7342542220946077,0.4788408619517553,64,1024,False,3.4309876973576885,3.456098008856689,-0.025110311499019714,3.535804721647557,3.610445620885885,0.15476474909968174,0.16264501116982852,0.32647754061726997,3.1296204682394237,0.38799214798281717,3.237791535020507,3.6257836830033225,0.10700918253938252,0.5641933646475394,0.566517900890416,0.16887435442337664,3.0439277199954686,0.10043581991360294,0.20909367828576053,0.11520041274143769,0.22332606808343616,0.12020870925334748,0.1898939006132423,0.13510768675769214,0.20429176282777917,3.456098008856689,3.4309876973576885,0.32647754061726997,3.1296204682394237,3.535804721647557,10.858017081267755,5.06769414717019,4.639905925236041,4.698016514898594,1.9519657315121006,1.6678865749827707,2.3431922011973474,2.419887689643749
6,11,0.19164429892668958,0.4874018309794753,0.6685876789538696,0.46640047782158445,64,1024,False,123.24460796800568,123.25407988486711,-0.009471916861517566,123.95008684646521,126.1886493296302,0.29983233475564863,0.29645438518468054,112.71776154001776,10.536318344850567,114.82800188826342,11.223566739791506,126.05156862805514,0.9109605151133858,0.5423138209493296,0.543966707972235,0.17590405088884703,125.64468262165796,0.23473854698200777,0.36492612252928947,0.12226588275602827,0.23200210865273063,0.2544968978181714,0.34499000723008066,0.1422631224268116,0.21300976633938262,123.25407988486711,123.24460796800568,112.71776154001776,10.536318344850567,123.95008684646521,111.31562396662923,8.741509700778309,9.916117770095083,2.1497197204131453,10.393697405659433,2.4524769298802105,5.4221701058841125,1.0279135973427762
7,0,0.3622341322421769,0.328299397785276,0.5260346568684218,0.40528381267668984,64,1024,False,0.047259585237398954,0.046124508162848625,0.0011350770745501156,0.048431087719149085,0.041947877758174094,0.04094304348187245,0.03634835056838884,0.001471870248156447,0.0446526379146923,0.0009660530592508791,0.044207404610862665,0.04517345767011356,0.02138541322883975,0.2267308349635182,0.20264087689977775,0.09012147535565458,-0.16069299914160365,0.003565208267782609,0.0783208786959623,0.054410039629709826,0.1493785497049293,0.022957637047511525,0.060020933859050274,0.07428257567516994,0.13076466872007586,0.046124508162848625,0.047259585237398954,0.001471870248156447,0.0446526379146923,0.048431087719149085,10.858017081267755,13.373201014697864,17.21146738972702,20.644074650128594,17.21146738972702,20.644074650128594,6.606115658924894,9.33689868741174
7,1,0.41740359726796006,0.4034921325812513,0.5980687350502695,0.43072571136445853,64,1024,False,0.0774092706683031,0.07643849241079131,0.0009707782575114807,0.08721629043416662,0.07589333444382941,0.0589373832394236,0.05156836762645317,0.015770496882558237,0.06066799552823303,0.014643747476618618,0.06355868763150307,0.07820243510812172,0.1872543669052294,0.25143017793824746,0.22558439565001742,0.09077124305526933,-0.14969106120618803,0.018266843083879714,0.09960792339496749,0.05269138849601064,0.14812259155567692,0.03773284336057259,0.08108770985563751,0.0725787648188998,0.12952058958035195,0.07643849241079131,0.0774092706683031,0.015770496882558237,0.06066799552823303,0.08721629043416662,6.300457387147848,8.019383925948471,9.916117770095083,10.991124163405855,10.393697405659433,11.590020278238422,5.4221701058841125,7.19994992899981
7,2,0.5101514227987203,0.49876566348177903,0.6822626611385403,0.48098784320763477,64,1024,False,0.1239708164566958,0.12384602226672109,0.0001247941899754828,0.1361934691067551,0.12358638782583635,0.08654789217945476,0.08207650244627458,0.05351375220846608,0.07033227005825461,0.052142749484454146,0.07223909958750516,0.12438184907195975,0.41921510150799846,0.2847623505604277,0.26000529604501277,0.09660610940994474,-0.1364189082191764,0.04123348771188434,0.13186229664702517,0.050953327420173306,0.14669103458096178,0.06086571525520412,0.11317409386538202,0.07069261890137568,0.12793219725426752,0.12384602226672109,0.1239708164566958,0.05351375220846608,0.07033227005825461,0.1361934691067551,2.2763995802115278,2.9256390659033507,4.639905925236041,5.459790983786587,5.999719294087083,6.450759742162493,2.3431922011973474,2.8069228760930507
7,3,0.5802798973066147,0.587932825534322,0.7521206722062692,0.516049903959273,64,1024,False,0.18841374666138888,0.1897680824363206,-0.0013543357749311515,0.2069841992033764,0.19048882276562343,0.11092619833157603,0.111174154844453,0.09405859150252266,0.09570949093379717,0.09099239803797272,0.09734222329055808,0.1883346213285316,0.48314217214075184,0.32486111967169373,0.295596793920432,0.10640834603317398,-0.10510797115480855,0.062045666206640815,0.15980673045651125,0.05895175187158623,0.1563215377030016,0.08165344347071368,0.1408312946150545,0.07848911720066098,0.13727004367683548,0.1897680824363206,0.18841374666138888,0.09405859150252266,0.09570949093379717,0.2069841992033764,1.5392899724472648,1.5538465853918313,1.5543807373006129,1.646748774845559,1.7006819155133144,1.8536659730279859,2.3431922011973474,2.7134637643861317
7,4,0.649842585283025,0.6745148482055217,0.8127344855506377,0.543100867005565,64,1024,False,0.22527545326342707,0.22793767996615585,-0.0026622267027278765,0.24458987553153308,0.22971289585532548,0.11335476597894967,0.11622127534871277,0.1047294826388301,0.12320819732732487,0.10136350380602896,0.1256673115607724,0.22703081536680123,0.44647464989394287,0.3601292937245327,0.3438451608880542,0.11220769345302474,-0.11413226503272875,0.0642393911518377,0.16247014080606165,0.05931089908591218,0.157021134166419,0.0837956690666033,0.1434198240895057,0.07881392094714101,0.13792007548181573,0.22793767996615585,0.22527545326342707,0.1047294826388301,0.12320819732732487,0.24458987553153308,1.5392899724472648,1.607306285245176,1.2173316628885262,1.273448925370134,1.2484453025707538,1.3057907209477624,2.3431922011973474,2.5173692716010643
7,5,0.75513098230005,0.766847593132088,0.8714971752281097,0.5575881977878967,64,1024,False,0.27388827570814306,0.2781270069854294,-0.004238731277287302,0.299530824552605,0.2795076116809615,0.1140821497923802,0.11917059293413003,0.10211730165116842,0.17600970533426263,0.09935359330003969,0.17825228424733933,0.2776058775473797,0.3578944155571157,0.395959612751031,0.37302904661533953,0.11685235049290162,-0.09352143493437803,0.0644994268076171,0.1636648727771433,0.06307989814290987,0.16210253467304495,0.08407994018489262,0.14460698717448395,0.08260770331980893,0.14297658609575592,0.2781270069854294,0.27388827570814306,0.10211730165116842,0.17600970533426263,0.299530824552605,1.053181178638709,1.08950408682592,1.2173316628885262,1.2847745158794468,1.2484453025707538,1.2942458750598962,0.6075298689434657,0.6703642958590312
7,6,0.8927936350973467,0.8820813987605457,0.9381532316443189,0.6058613578942427,64,1024,False,0.3284640358760506,0.33558424923299074,-0.007120213356940919,0.36139095205799615,0.3458294253493752,0.11453874492303354,0.11692440763886161,0.09268912219872534,0.24289512703426686,0.09214926572249842,0.25283000878868794,0.3449792745111864,0.26711536759148224,0.4472774968388425,0.4299903332566141,0.11658290249077932,-0.0841609079072389,0.06566162257627428,0.1634158672697928,0.06495484848125238,0.1632079647707344,0.08511311934853438,0.14425835969450418,0.08442000446666498,0.14404204545280663,0.33558424923299074,0.3284640358760506,0.09268912219872534,0.24289512703426686,0.36139095205799615,0.8565352540509141,0.8166866867564806,0.7666475579236416,0.9025094094825308,0.7666475579236416,0.7831404547797868,0.4731282634404667,0.4762962693101716
7,7,0.9999999999999998,0.9999999999999996,0.9999999999999998,0.610701194301121,64,1024,False,0.4435042026118903,0.45382424360012524,-0.01032004098823563,0.4695774931089342,0.4571959208686841,0.11147040094718165,0.11556269349935927,0.05910794788897196,0.39471629571115385,0.06017339182193501,0.40022811386175167,0.4604015056836851,0.1306976434244692,0.4685792297989925,0.4562282208251871,0.11550202244646314,0.0009677000434969996,0.06298805838887181,0.1599527435054915,0.06294457724528624,0.15989288057464454,0.08276176391518675,0.141181561841222,0.082718078410835,0.14112214303168003,0.45382424360012524,0.4435042026118903,0.05910794788897196,0.39471629571115385,0.4695774931089342,0.829792415047095,0.8597414172237184,0.7666475579236416,0.7969287595524431,0.7666475579236416,0.7969287595524431,0.4731282634404667,0.4580145469324314
7,8,0.8771460461570799,0.8832121431146716,0.9388369023168139,0.59095721074822,64,1024,False,0.6658489202524661,0.67925144213901,-0.01340252188654001,0.6950111773424977,0.6799913251676599,0.11173557688248889,0.11733432607065965,0.017135146897033694,0.6621162952419727,0.01860446392455563,0.6666343583502334,0.6852388222747894,0.02715033550316711,0.4087950653931743,0.3970408607257166,0.11553926638428413,0.28295046444194333,0.06299735097782486,0.16047380278715292,0.05752482821779029,0.15303199860443306,0.08303800957946805,0.1419860080059152,0.0774983906885609,0.1345407931439695,0.67925144213901,0.6658489202524661,0.017135146897033694,0.6621162952419727,0.6950111773424977,0.8565352540509141,0.9260033749785493,0.7666475579236416,0.8039077040223143,0.7666475579236416,0.8039077040223143,0.5699524911480128,0.47592088973566427
7,9,0.6732588435414234,0.7700104542456452,0.872720296963575,0.5759798258496287,64,1024,False,1.223653945473203,1.2411377307827145,-0.017483785309511123,1.2514154101427255,1.2413212303690846,0.12492466346220889,0.1248428963077879,0.01615807199082758,1.2249796587918909,0.01356073992730212,1.2303726301124924,1.2439333700397948,0.010901500236196973,0.3541313583764662,0.35156499667267993,0.11133480116411658,0.8897562336964047,0.07459663739733947,0.1752526895270783,0.055857408555592555,0.15055481013197375,0.09452124619565438,0.15650030857796082,0.07574091231799684,0.132005660168943,1.2411377307827145,1.223653945473203,0.01615807199082758,1.2249796587918909,1.2514154101427255,1.053181178638709,1.0735262060131876,1.2173316628885262,1.2403985473908758,1.2484453025707538,1.254619076554693,0.6075298689434657,0.5681931242472832
7,10,0.42037038956793593,0.66195712283748,0.8013494774971036,0.5473909273017386,64,1024,False,2.3265264378300117,2.351015460319697,-0.02448902248967743,2.3730168872888564,2.295422588001993,0.13540339983858188,0.12492847845291521,0.28426417840721024,2.0667512819124902,0.26356484447003814,2.0500774341089723,2.313642278579014,0.1139177161959167,0.31686496463042674,0.309341343958549,0.10456400511813317,1.986081244043444,0.08296976714117922,0.18783703253598455,0.05432682367572339,0.1480838733781091,0.10291103510098765,0.1689538018326857,0.07423505280166864,0.1295990344005986,2.351015460319697,2.3265264378300117,0.28426417840721024,2.0667512819124902,2.3730168872888564,6.300457387147848,5.06769414717019,1.5543807373006129,1.5062256696542458,1.4649082217892522,1.249987782823909,2.3431922011973474,2.419887689643749
7,11,0.22620418568362727,0.5665687728491954,0.7281427101328439,0.5495019407888077,64,1024,False,53.235399844984954,53.24500741870874,-0.009607573723794054,53.917216381071604,54.27298311871751,0.2985659849224724,0.29530467278574496,44.50678424958656,8.738223169122314,45.361265317052045,8.776578799480166,54.13784411653214,0.8378845899258854,0.2886407179858582,0.2761445638368492,0.09909990363734363,53.99683855488066,0.2336623897929308,0.36346958005201396,0.05237304962774432,0.1458466849442877,0.2534545426024124,0.3435798162827268,0.07229537358216476,0.12740875268355012,53.24500741870874,53.235399844984954,44.50678424958656,8.738223169122314,53.917216381071604,111.31562396662923,8.741509700778309,4.639905925236041,1.407606116017419,5.999719294087083,1.7682175880565154,2.3431922011973474,0.7509573852798509
8,0,0.38378758405294017,0.2983274948956202,0.4947980707967832,0.44353945579840287,64,1024,False,0.14342996182550896,0.14160636511205044,0.0018235967134579449,0.1423501383319501,0.13647116295704156,0.13448555249700006,0.13081798123371186,0.1204144038675694,0.021191961244481784,0.11767110391213088,0.020383436089477094,0.13805454000160847,0.8523522943233878,0.23477252840232923,0.21817415784791006,0.11733301355333718,-0.08170299489086849,0.0830495761649953,0.1859215288290048,0.0750368808681103,0.17586034000339693,0.10262578856782056,0.16665779686445603,0.0948761162799201,0.15697877847560449,0.14160636511205044,0.14342996182550896,0.1204144038675694,0.021191961244481784,0.1423501383319501,10.858017081267755,13.373201014697864,59.227511325874474,78.88250260559204,59.227511325874474,78.88250260559204,5.4221701058841125,6.437697264398227
8,1,0.415350490975007,0.36403958779966294,0.5608556008987982,0.460535541984978,64,1024,False,0.2008881036164271,0.1988547232652629,0.0020333803511640163,0.20552932086075948,0.19738168155566096,0.16657354789217083,0.16401409792007024,0.170222812172699,0.028631911092564608,0.16935779710987922,0.029387065584450634,0.19874486269432975,0.852136728536989,0.2519268715447354,0.2377880008849929,0.11850613394701007,-0.04040631932933195,0.11174427928758858,0.22140281649675309,0.07018640075760504,0.17037376633713447,0.13146842829155503,0.2020765820707311,0.09002132879686542,0.15152526312158443,0.1988547232652629,0.2008881036164271,0.170222812172699,0.028631911092564608,0.20552932086075948,6.300457387147848,8.019383925948471,9.916117770095083,10.991124163405855,10.393697405659433,11.590020278238422,5.4221701058841125,7.19994992899981
8,2,0.47351528082803235,0.44066120679022336,0.6333046304714947,0.50234313511106,64,1024,False,0.27948472780838524,0.27768351905004157,0.001801208758343957,0.2868221370441266,0.2766992540187678,0.19460308276868477,0.1936526512528868,0.2448690529612053,0.03281446608883373,0.24559711420132097,0.03188535913089111,0.2774824733322113,0.885090547348855,0.27970667171242364,0.2595214718329243,0.11930810332944018,0.017177782185843538,0.1370076888958052,0.25219847664156436,0.0688616423967178,0.16854063432475933,0.15673936990788206,0.23269775632070377,0.08861471328418702,0.14963582668133313,0.27768351905004157,0.27948472780838524,0.2448690529612053,0.03281446608883373,0.2868221370441266,2.7730735715954267,3.247795191588378,9.916117770095083,10.595555791002715,10.393697405659433,11.162136784757214,2.3431922011973474,2.7251012378802093
8,3,0.4933796615270724,0.5119824465010057,0.6944157898130815,0.5342190664530053,64,1024,False,0.3326779059046193,0.3318024717676609,0.0008754341369583707,0.34503469580887086,0.33104519957106343,0.20091514645634562,0.20073788033545456,0.28910192178726946,0.0427005499803923,0.28817525277875883,0.042106260569511736,0.3302815133482701,0.8725140255576105,0.3059073361054404,0.28504455498492437,0.12362188034457491,0.04600064458613906,0.14279905871113557,0.25903123420155566,0.07212633149992408,0.17219431992994866,0.16252236618311144,0.2394950536399847,0.0916912639659131,0.15306938337016618,0.3318024717676609,0.3326779059046193,0.28910192178726946,0.0427005499803923,0.34503469580887086,2.2763995802115278,2.2980479155133935,4.639905925236041,4.845884520452828,5.999719294087083,6.535322748387435,2.3431922011973474,2.7134637643861317
8,4,0.5394594209391511,0.5831951394246695,0.7494334680735246,0.5584206476990957,64,1024,False,0.3596728275876568,0.3594333628158021,0.00023946477185322017,0.3686714993482148,0.3586243277135192,0.19338551959507175,0.19344747146389316,0.30220768242207396,0.05722568039372692,0.3012872833983512,0.056918306696471375,0.35820559009482245,0.84110156772985,0.3277246410076228,0.31569719272561925,0.1235999218550963,0.04292713498789996,0.13605279818289537,0.25071824100724815,0.07066197264878853,0.17056959872532523,0.15574573074263753,0.2312084855075227,0.09020236728974851,0.15143171328963945,0.3594333628158021,0.3596728275876568,0.30220768242207396,0.05722568039372692,0.3686714993482148,1.5392899724472648,1.607306285245176,1.5543807373006129,1.8809987571417757,1.7006819155133144,1.792984113639345,0.6075298689434657,0.6397907240880836
8,5,0.6152691773100389,0.6601846542785882,0.8034724484771179,0.5653506389301146,64,1024,False,0.37250638364414634,0.37305185234387994,-0.0005454686997326094,0.38716580165179226,0.37511685443535436,0.18253292424073336,0.1840230691397126,0.29283629712093284,0.08021555522294871,0.29423352350282705,0.08077566532291856,0.3750091888257438,0.7846035037812076,0.3492619322279945,0.33409194374987367,0.12411266501883088,0.0410249106854807,0.12603079955813618,0.23903504892333055,0.07418776722287183,0.1751878877077387,0.1457048981319531,0.21957191850378877,0.09370239623240195,0.15597569118835963,0.37305185234387994,0.37250638364414634,0.29283629712093284,0.08021555522294871,0.38716580165179226,1.5392899724472648,1.5665239032822262,1.5543807373006129,1.5903094964509839,1.2484453025707538,1.4974661644350638,0.6075298689434657,0.6703642958590312
8,6,0.762420440708813,0.7669030985357109,0.8718815768660688,0.6090022596318064,64,1024,False,0.3849238426835567,0.3870814389306848,-0.0021575962471268727,0.4058571021513539,0.39548620062863293,0.1695680097193903,0.1670238587683539,0.27806608905501534,0.10901534987566687,0.2818723244530618,0.11382859938263133,0.3957009238356942,0.712336786380875,0.38751680316293946,0.3761865917315174,0.12034944215370229,0.019299608897115517,0.11481355940906998,0.2243224600297106,0.07557872624942208,0.1754494506916388,0.1345320637265104,0.20503261326666689,0.09517536497878609,0.15637437772238627,0.3870814389306848,0.3849238426835567,0.27806608905501534,0.10901534987566687,0.4058571021513539,1.053181178638709,1.0704088184949485,1.2173316628885262,1.2441285130535078,1.2484453025707538,1.2799321139178117,0.4731282634404667,0.4762962693101716
8,7,0.8771460461570799,0.8832121431146716,0.9388369023168139,0.6092199584113925,64,1024,False,0.3945016463631947,0.3983771243894868,-0.0038754780262934764,0.4130753434898316,0.40334510486670416,0.14802990740560354,0.14439142123671955,0.22343894072098006,0.17493818366850641,0.22910886570259958,0.17744865501424725,0.4065575207168484,0.5635337044033311,0.4100920382960019,0.4006049571950008,0.12106728551891685,0.0027401476717033857,0.09611823685307182,0.19994157795813527,0.0760442169055438,0.17476810315774405,0.11581039569864515,0.1808323210279923,0.09573478170932503,0.15584254341956694,0.3983771243894868,0.3945016463631947,0.22343894072098006,0.17493818366850641,0.4130753434898316,0.8565352540509141,0.884927093703019,0.7666475579236416,0.7969287595524431,0.7666475579236416,0.7969287595524431,0.4731282634404667,0.4580145469324314
8,8,0.9999999999999994,0.9999999999999998,1.0,0.596900246187597,64,1024,False,0.41200679458244266,0.4180653498226703,-0.006058555240226942,0.42534542088714505,0.417687216384604,0.12346201159415016,0.122694257672308,0.13546057013464147,0.2826047796880272,0.13889838041630354,0.2828698888198395,0.42176826923614447,0.32932392156446344,0.42477885162194357,0.41712952146706234,0.12265937778588713,0.0005576949175416512,0.07448319865578243,0.17244082453251788,0.0744593959939215,0.1724075005279297,0.09424517579464009,0.15360701535246335,0.0942207287371275,0.1535732988268137,0.4180653498226703,0.41200679458244266,0.13546057013464147,0.2826047796880272,0.42534542088714505,0.8565352540509141,0.9260033749785493,0.7666475579236416,0.8039077040223143,0.7666475579236416,0.8039077040223143,0.4731282634404667,0.47592088973566427
8,9,0.8452284340966523,0.8946032440113084,0.9447062185315642,0.5736357497977373,64,1024,False,0.5143490153972613,0.5229793773185132,-0.008630361921249904,0.5231665724974289,0.5206343165633343,0.10765222452640692,0.10399238245447552,0.008313667770708168,0.5146657095478031,0.009648084133787533,0.5132758455582587,0.5229239296920446,0.018450263195010776,0.39464679072803793,0.3933421190536133,0.12614977941045186,0.12729219750972093,0.05980164668090663,0.15550280237190722,0.07266207648105677,0.17021102359062926,0.07961627296754159,0.13684930128511041,0.09250590090960031,0.1514978691629949,0.5229793773185132,0.5143490153972613,0.008313667770708168,0.5146657095478031,0.5231665724974289,0.8565352540509141,0.8787598328211466,0.7666475579236416,0.8186379047868678,0.7666475579236416,0.8186379047868678,0.6075298689434657,0.5681931242472832
8,10,0.5352531837629841,0.7791795217028439,0.8764437358915678,0.526523360267382,64,1024,False,1.5378131681814378,1.549934171444736,-0.012121003263304026,1.5378370467367828,1.495687990935381,0.14013436313527136,0.13289144659338512,0.5600787812414966,0.9898553902032463,0.5392494451109967,0.9734897118518768,1.5127391569628756,0.3564721932587817,0.36804768947427474,0.3625461466921585,0.12216612692370052,1.1331418442432226,0.0868543912480272,0.19341433502251554,0.07233452535299782,0.169456025939956,0.10665181666263379,0.17431377011234872,0.09218983076425502,0.150771290413104,1.549934171444736,1.5378131681814378,0.5600787812414966,0.9898553902032463,1.5378370467367828,1.5392899724472648,1.5996853897640138,1.2173316628885262,1.2349564043640733,1.2484453025707538,1.249987782823909,2.3431922011973474,2.419887689643749
8,11,0.27058768543882467,0.6667359148155154,0.7972642284906168,0.5088626943530342,64,1024,False,4.497182182645905,4.501728150634734,-0.004545967988861241,4.700501029701279,4.406960856025792,0.17170033373310795,0.17083387223581203,0.1473407244286052,4.354387426206128,0.1790973883287262,4.183552748450746,4.362650136779486,0.041052429764843835,0.3399996239269783,0.33953781398734995,0.12102205359558144,4.067423042038442,0.11635395261545131,0.22704671485076458,0.07120719895116287,0.16904059476638736,0.13640605839464115,0.20809222356183454,0.09107901992683765,0.15036830417375313,4.501728150634734,4.497182182645905,0.1473407244286052,4.354387426206128,4.700501029701279,10.858017081267755,8.741509700778309,1.5543807373006129,1.0334787502848526,1.7006819155133144,1.3198892876677726,2.3431922011973474,0.9355882147850302
9,0,0.4308322110516739,0.2709437199300848,0.4660118781148548,0.43335501269891985,64,1024,False,0.3203144878653341,0.3181863022599493,0.0021281856053838597,0.3216506339618283,0.31684853745985603,0.23390839169383465,0.23207126379968418,0.3024064801086683,0.015779822151280237,0.30105621101929775,0.014885348658775943,0.3159415596780731,0.9528857530679323,0.21108723598562568,0.19799652277411917,0.11294421440672846,0.11885201468573686,0.17243751048205586,0.29537927290561344,0.06942100456877993,0.16956217482922736,0.1921167080363375,0.27554679213790223,0.08917188658961095,0.1506239025547984,0.3181863022599493,0.3203144878653341,0.3024064801086683,0.015779822151280237,0.3216506339618283,6.300457387147848,6.653279600837589,59.227511325874474,78.88250260559204,59.227511325874474,78.88250260559204,5.4221701058841125,6.437697264398227
9,1,0.4360618826755754,0.32568268978384396,0.5236821792495491,0.46041018820974283,64,1024,False,0.40647964945462045,0.40405345228635786,0.0024261971682653797,0.4136773144882458,0.40653486253675464,0.24589380044540435,0.24371404185956727,0.3841381444968533,0.019915307789503536,0.385619994864577,0.02011547516074454,0.4057354700253212,0.9504221921748945,0.22737139611406174,0.21540560330918265,0.1143461086656463,0.19112925922757198,0.1836879897956155,0.3080996110951932,0.06467946475607166,0.1643280628709125,0.20343977732409257,0.28829910040076356,0.08451159769902006,0.14550787014741218,0.40405345228635786,0.40647964945462045,0.3841381444968533,0.019915307789503536,0.4136773144882458,6.300457387147848,8.019383925948471,17.21146738972702,24.57976865611737,17.21146738972702,24.57976865611737,5.4221701058841125,7.19994992899981
9,2,0.4297214103815579,0.3859850832281242,0.5849641658108393,0.5105642106316429,64,1024,False,0.5112004051243376,0.5088690944189229,0.0023313107054151088,0.5211488177323551,0.5118263013385755,0.25325685640594114,0.25238121937183877,0.4868933271332667,0.02197576728565573,0.4903207343854955,0.02118571851106792,0.5115064528965627,0.9585817179996526,0.25367941170619795,0.2355727138890076,0.11420391552239384,0.27625358744956796,0.19049842710973017,0.3160152857021521,0.06230596238491012,0.1608451588424762,0.21021996101626428,0.2961575424778857,0.08201008263131371,0.1419294381776126,0.5088690944189229,0.5112004051243376,0.4868933271332667,0.02197576728565573,0.5211488177323551,6.300457387147848,6.640416714760525,9.916117770095083,10.595555791002715,10.393697405659433,11.162136784757214,2.3431922011973474,2.712551215569503
9,3,0.3934055039021138,0.4431110535363235,0.6376241734708852,0.5406951554364383,64,1024,False,0.5735738519661325,0.5719963437958459,0.0015775081702838183,0.58671257649869,0.5746458441446286,0.25399583881130977,0.25098818978805587,0.5453315677238801,0.026664776071964883,0.5472397981206222,0.02648550362445341,0.5737253017450749,0.9538359149511223,0.2768508916115324,0.2597305227435065,0.11780915742667238,0.3149153214011221,0.1911423015692802,0.31684937605333935,0.06536165804169447,0.1644736023365453,0.2108843835812877,0.2970110560854664,0.0848520424842718,0.1453009224278503,0.5719963437958459,0.5735738519661325,0.5453315677238801,0.026664776071964883,0.58671257649869,6.300457387147848,6.636560023068387,9.916117770095083,10.58555626253801,10.393697405659433,11.151368061795223,2.3431922011973474,2.7134637643861317
9,4,0.42513518993540733,0.5015151685407628,0.6861437334580109,0.5597437641617987,64,1024,False,0.602671815887495,0.6014917857213178,0.001180030166170729,0.6113956173505387,0.6037056098668434,0.25193803945298243,0.24890338221890815,0.5670271298493414,0.034464655871980235,0.567717237254811,0.03480351589521134,0.6025207531500207,0.942236818046093,0.298380453443536,0.2914259356475798,0.1204417117042289,0.3122796742192636,0.18935280918938507,0.3145232697165798,0.06627657122068732,0.16567744566615894,0.20906495384406298,0.29467605369427474,0.08577842708473327,0.14650725900719408,0.6014917857213178,0.602671815887495,0.5670271298493414,0.034464655871980235,0.6113956173505387,6.300457387147848,6.635108079488866,4.639905925236041,4.943014828773599,5.999719294087083,6.414205730759125,0.6075298689434657,0.6397907240880836
9,5,0.46124113159782937,0.5655171310973968,0.7355955002948082,0.5723227256947215,64,1024,False,0.6183760121701931,0.6178277053936744,0.0005483067765198647,0.6363603553185614,0.6238613037483314,0.24520190818728504,0.24333767413095522,0.5692607061570226,0.04856699923665237,0.573123415772087,0.0496765452149866,0.6227999609870756,0.9202367560584683,0.31978443884035845,0.3053350563691067,0.12016817297127758,0.3185262473792247,0.18333827262099162,0.3070655437535785,0.06850286912707337,0.16859763616434084,0.20299682789482176,0.28721489005693,0.08809549446596066,0.149498267150193,0.6178277053936744,0.6183760121701931,0.5692607061570226,0.04856699923665237,0.6363603553185614,2.7730735715954267,3.07730564041936,4.639905925236041,4.921196831745125,1.7952453736890386,2.0893848252245055,0.6075298689434657,0.6703642958590312
9,6,0.5674115105504727,0.6608831361284097,0.8033963627184512,0.6091316830136174,64,1024,False,0.6179070427564942,0.6185408153529026,-0.0006337725964044335,0.6394647126332306,0.6302698311483025,0.2322983400381343,0.23058916688341882,0.5528769472577655,0.065663868095136,0.559745490124004,0.06862768515250266,0.6283731752765039,0.8907851451133292,0.36269464312507627,0.3502441079896011,0.11895532057956937,0.2800257231587014,0.17165599579847018,0.2929406842777984,0.07121060753705977,0.17058523457928956,0.19130653639149386,0.27317324518662645,0.09081415492255474,0.15152695395227056,0.6185408153529026,0.6179070427564942,0.5528769472577655,0.065663868095136,0.6394647126332306,1.5392899724472648,1.493969298530272,1.5543807373006129,1.6081993269869297,1.3066095965973898,1.600221683318167,0.4731282634404667,0.4762962693101716
9,7,0.6732588435414234,0.7700104542456452,0.872720296963575,0.6127322593393963,64,1024,False,0.5772658715056871,0.5792559609319031,-0.001990089426215945,0.5971868197547756,0.5886181587450219,0.20475306933652962,0.20336564456652562,0.47398494103167393,0.10527101990022228,0.48159899054742467,0.10651981093065432,0.5881188014780797,0.8188804529578957,0.39310273179142646,0.3838794376471788,0.11996094212080761,0.20473872109784308,0.1468645007611072,0.26264163791195205,0.07195754829528399,0.16991149639795416,0.16646720578864915,0.24302163733227644,0.09169418588862754,0.15106036439101445,0.5792559609319031,0.5772658715056871,0.47398494103167393,0.10527101990022228,0.5971868197547756,1.053181178638709,1.101489801483648,1.2173316628885262,1.2247040980654271,1.2484453025707538,1.259544833933878,0.4731282634404667,0.4580145469324314
9,8,0.8452284340966523,0.8946032440113084,0.9447062185315642,0.591610720767241,64,1024,False,0.5323299677124332,0.5360020915657844,-0.0036721238533510957,0.5461635918638439,0.5425695987697468,0.1671334399240636,0.16629541408364068,0.3628628447021741,0.1731392468636112,0.3678100318432704,0.17415045022949585,0.541960482072766,0.6786657773211711,0.4165233302707895,0.41374401097627445,0.12153286059339866,0.1288255877934723,0.11301155735781947,0.22125532249030772,0.07055182228733589,0.16800843772989704,0.13284249052230734,0.20213787037937436,0.0904100844200002,0.1493052296937094,0.5360020915657844,0.5323299677124332,0.3628628447021741,0.1731392468636112,0.5461635918638439,0.8565352540509141,0.9260033749785493,0.7666475579236416,0.8039077040223143,0.7666475579236416,0.8039077040223143,0.5461635918638439,0.47592088973566427
9,9,1.0,0.9999999999999994,0.9999999999999998,0.585147205993434,64,1024,False,0.4374778888179828,0.4437136024329457,-0.006235713614962951,0.4448938049535279,0.44856994908655284,0.12072251973515549,0.12490552017015653,0.12787835883476367,0.3158352435981813,0.13077421236357656,0.31634294057965767,0.4471171529432345,0.2924831031480904,0.4442924138696114,0.44793767584899546,0.12487039727625912,0.0006322732375573792,0.07161287994675251,0.16983215952355846,0.07159757867139373,0.16980825180844128,0.09160559410520364,0.1512573111394886,0.09159007979178568,0.15123347561893752,0.4437136024329457,0.4374778888179828,0.12787835883476367,0.3158352435981813,0.4448938049535279,0.8030495760432758,0.8322658806813175,0.7666475579236416,0.8186379047868678,0.7666475579236416,0.8186379047868678,0.5699524911480128,0.5681931242472832
9,10,0.7026942749222987,0.8967769930561842,0.9450102010062247,0.5380320099333799,64,1024,False,0.7257587055027759,0.7348605535753809,-0.009101848072605688,0.7265276631473123,0.7129762595866342,0.11731420885296748,0.10226561843284153,0.13798024074469867,0.5968803128306832,0.13037314776093276,0.5933024191371711,0.7236755668981033,0.18015413774400632,0.42262201761684104,0.4219287976699292,0.12392064858707909,0.29104746191670505,0.06769866733808688,0.16692975036784807,0.07213456416763595,0.1701769897580099,0.08761832639720524,0.1482525627288851,0.0921091077834717,0.15158712637639837,0.7348605535753809,0.7257587055027759,0.13798024074469867,0.5968803128306832,0.7265276631473123,1.053181178638709,1.068736107947823,0.7666475579236416,0.7893424352478745,0.7666475579236416,0.7893424352478745,2.3431922011973474,2.419887689643749
9,11,0.3496972931249303,0.775476984754847,0.8664845952064146,0.5261533789290865,64,1024,False,3.256198815782663,3.259695672281688,-0.003496856498988262,3.395765978448283,3.2998873436782334,0.1872055245929969,0.19563572571912155,0.881225743396889,2.378469928884789,0.9354162871728396,2.324792276916943,3.2602085640897913,0.28691915525778516,0.389111216360694,0.3901460683670489,0.12308616033863912,2.9097412753111844,0.13084964990347353,0.2435613992825203,0.06998588214329915,0.16827856445753267,0.1510260545037454,0.22466562564659398,0.09000383251986932,0.14974558139510918,3.259695672281688,3.256198815782663,0.881225743396889,2.378469928884789,3.395765978448283,10.858017081267755,8.741509700778309,1.2173316628885262,1.0334787502848526,1.2484453025707538,1.0535390219359515,2.3431922011973474,0.9355882147850302
10,0,0.3919684342495367,0.24556978446345998,0.43736516348476107,0.4492537910585706,64,1024,False,0.3240846572176692,0.3217291849959734,0.002355472221694933,0.32361168787134326,0.3215371862491148,0.2402669759089115,0.23974943739470495,0.3085415932265261,0.013187591769447346,0.3082313120269007,0.012215675828669507,0.3204469878555701,0.9618792614952737,0.19031178973157004,0.18672922982154666,0.11049597698384118,0.13480795642756815,0.17819975089576218,0.3023342009220608,0.06299076489236775,0.16194402548033626,0.1978905644355109,0.2824751087973709,0.08261344622587785,0.14291357014735695,0.3217291849959734,0.3240846572176692,0.3085415932265261,0.013187591769447346,0.32361168787134326,10.858017081267755,13.373201014697864,59.227511325874474,78.88250260559204,59.227511325874474,78.88250260559204,5.4221701058841125,6.437697264398227
10,1,0.3573983061814774,0.2911322827285216,0.48809823507124267,0.48476095997114604,64,1024,False,0.40126817667536574,0.3985336172278548,0.0027345594475091323,0.40532299379475545,0.40159544126798397,0.25163401753358816,0.25018994014422624,0.38170530041873024,0.016828316809120857,0.3837704538074663,0.016389875269092146,0.4001603290765578,0.9590417288317559,0.20227853381725702,0.1986191749158182,0.11148500751469555,0.20297626635216576,0.18890393048725435,0.314364104579922,0.06082521374300842,0.15961342518989496,0.20866187864157837,0.2945358504221076,0.08053846981783863,0.14069687302253442,0.3985336172278548,0.40126817667536574,0.38170530041873024,0.016828316809120857,0.40532299379475545,10.858017081267755,11.276124844766677,59.227511325874474,70.96340415316104,59.227511325874474,70.96340415316104,2.3431922011973474,2.424789701731702
10,2,0.32137610675933126,0.33895893988468984,0.5398711050401108,0.5319354624392005,64,1024,False,0.4607959560937978,0.4579796956724193,0.0028162604213778746,0.4666310584013692,0.46190742193043904,0.254994706328992,0.25529661313455765,0.4396659583186564,0.01831373735376074,0.44427669342189036,0.017386809895905856,0.4616635033177945,0.9623387818812794,0.22425822641319917,0.21475957999220724,0.11162282340244,0.2471478419382318,0.19208410722867736,0.3179053054293067,0.061217914904463135,0.15937466891749172,0.21180863801419036,0.29803953431837726,0.08095874841092154,0.14051627608569106,0.4579796956724193,0.4607959560937978,0.4396659583186564,0.01831373735376074,0.4666310584013692,10.858017081267755,11.27367252218241,17.21146738972702,20.56043465599215,17.21146738972702,20.56043465599215,2.3431922011973474,2.712551215569503
10,3,0.28246214851319595,0.38533193363872675,0.5856338664851404,0.5485482686109449,64,1024,False,0.49188990450147413,0.4896072623429202,0.002282642158554425,0.5012451752895523,0.4929150291129082,0.2545285488234125,0.2525107477302164,0.4689128341233487,0.020694428219569575,0.4724552816619789,0.020278671621121975,0.49273395328310415,0.9588445823836419,0.241066042866964,0.2275904218822386,0.1131215775192331,0.2653246072306696,0.19160872979902732,0.31744836784779773,0.06395091088608444,0.1624769055489957,0.21135863889503526,0.2976135281860479,0.0835240432570572,0.14342291487264447,0.4896072623429202,0.49188990450147413,0.4689128341233487,0.020694428219569575,0.5012451752895523,10.858017081267755,11.272287957506883,9.916117770095083,10.58555626253801,10.393697405659433,11.151368061795223,2.3431922011973474,2.7134637643861317
10,4,0.29442199127673946,0.43273307725528454,0.6277010023490662,0.5558499702344999,64,1024,False,0.5145175722690832,0.5123677496410358,0.002149822628047076,0.5199139386854645,0.5135691051077178,0.2521700280397925,0.2500979853451091,0.4863802589186423,0.025987490722393175,0.48752096652517035,0.026397583653142466,0.5139185501783123,0.9486346938751619,0.25601912854963377,0.2497324888847886,0.11574592346138053,0.2638366162229292,0.18955411921855797,0.314785936861027,0.0637675925115288,0.161812710920829,0.2092617831658572,0.29493227111379383,0.08321194363816176,0.14263358108291868,0.5123677496410358,0.5145175722690832,0.4863802589186423,0.025987490722393175,0.5199139386854645,10.858017081267755,11.271541206971046,9.916117770095083,10.725122667347378,10.393697405659433,11.324018782179946,0.6075298689434657,0.7508554200156554
10,5,0.30770059556591983,0.48620973085405433,0.6723121143515061,0.5576121887716032,64,1024,False,0.5297481145432918,0.5279173305749948,0.0018307839682998482,0.5415526520108156,0.5326218550001576,0.2475010411282439,0.24713552441737174,0.4938240902683114,0.034093240306682336,0.49731362967562104,0.03514451749430791,0.5324581471699282,0.9339957183844325,0.2695221592919463,0.2590394310297212,0.1154766448363933,0.27358242397043636,0.18540743751160785,0.30959464474487997,0.06520349273464021,0.16390514676832507,0.20507105722208507,0.2897337199538015,0.08472960271319607,0.14479241678054677,0.5279173305749948,0.5297481145432918,0.4938240902683114,0.034093240306682336,0.5415526520108156,10.858017081267755,11.404116213184416,9.916117770095083,10.67280669990298,5.999719294087083,6.656191857268194,0.6075298689434657,0.6703642958590312
10,6,0.35796431049937216,0.5658486146904376,0.7342542220946077,0.5790241075757174,64,1024,False,0.5440010577237059,0.5428337663174856,0.0011672914062161369,0.557288263766715,0.5522585937292039,0.24072199843379186,0.24027062148809128,0.4990576333494876,0.043776132968002555,0.5046164128148137,0.04628348407909557,0.5508998968939117,0.9159856730051069,0.3010599420860957,0.2905933343444512,0.1123626841223119,0.2616652593847527,0.17934905771309795,0.30209493915448576,0.06551819383353233,0.16347799783730405,0.19896825878095115,0.2822480491522583,0.08519967735628597,0.14456349527608836,0.5428337663174856,0.5440010577237059,0.4990576333494876,0.043776132968002555,0.557288263766715,10.858017081267755,11.294312303366482,4.639905925236041,4.938627862797387,1.9519657315121006,2.4168582207605622,0.6075298689434657,0.5998619670300296
10,7,0.42037038956793593,0.66195712283748,0.8013494774971036,0.5709478816690658,64,1024,False,0.5457325094803817,0.545278778205562,0.0004537312748226187,0.5567995562896478,0.553465418209251,0.22582254517742478,0.22513767545770125,0.47912238342733,0.06615639477823264,0.48524278523729003,0.06802890961957028,0.5532716948568613,0.8770424906027927,0.32509159007740257,0.3199809467447864,0.1140581144784522,0.2334844714644646,0.166178655780076,0.28546643457477355,0.06390458040742951,0.16059473464790297,0.18575568907544948,0.26570358761091484,0.08362189062609104,0.14177782355545787,0.545278778205562,0.5457325094803817,0.47912238342733,0.06615639477823264,0.5567995562896478,6.300457387147848,6.5983210053749035,1.5543807373006129,1.5786971480202616,1.4649082217892522,1.6928728490062983,0.6075298689434657,0.5853253936811705
10,8,0.5352531837629841,0.7791795217028439,0.8764437358915678,0.5474630052959952,64,1024,False,0.5252578542204457,0.5260325620910248,-0.0007747078705768549,0.5305481202768663,0.5346182617028358,0.19805457855417896,0.19824577191314677,0.4251264736592131,0.10090608843181184,0.4298603680116082,0.10317276164506035,0.533033129656671,0.8064421216904156,0.3432890254380912,0.34635933508062583,0.11609010728482451,0.18825892662220994,0.14109189821259954,0.2550172588957584,0.0649891305669236,0.1615291171474787,0.16083715041168034,0.23561905268434202,0.08479853268363513,0.14281797332660062,0.5260325620910248,0.5252578542204457,0.4251264736592131,0.10090608843181184,0.5305481202768663,1.5392899724472648,1.5530809121589026,1.2173316628885262,1.2377240121014565,1.2484453025707538,1.2490981498585796,2.3431922011973474,2.4490215878558983
10,9,0.7026942749222987,0.8967769930561842,0.9450102010062247,0.5503106840146176,64,1024,False,0.4478443237521176,0.45078072285982373,-0.0029363991077026035,0.4480463996451194,0.45983195875198984,0.15076263257694453,0.1585279329961793,0.2789402275761771,0.171840495283645,0.2831898223747118,0.17374903350896315,0.4569388558836748,0.6197543035097126,0.3689483463198541,0.38232635773723683,0.12049677739775723,0.07750560101475301,0.0982479229981678,0.20327734215572124,0.0648869747334535,0.16192803097278424,0.11820759410329629,0.18442031891027,0.08478343518072506,0.14330945400433848,0.45078072285982373,0.4478443237521176,0.2789402275761771,0.171840495283645,0.4480463996451194,1.053181178638709,1.0735262060131876,0.7666475579236416,0.8186379047868678,0.7666475579236416,0.8186379047868678,0.8293109644453982,0.905563877405454
10,10,0.9999999999999997,0.9999999999999997,0.9999999999999999,0.511885265385111,64,1024,False,0.3930507360439471,0.39809053145263834,-0.005039795408692039,0.39825966086377623,0.4052601031379073,0.11829157763726778,0.12196913478952026,0.11178579921936335,0.2863047322332756,0.11802071150333286,0.28843003532604145,0.4064507468293755,0.29036903591390606,0.3975960666892444,0.4045413620342924,0.12192068230311988,0.0007187411036148617,0.06928667761974881,0.16729647765478672,0.06928611690003753,0.1672868558909066,0.08921880208799848,0.14867401077935938,0.08921759897930315,0.14866402517509414,0.39809053145263834,0.3930507360439471,0.11178579921936335,0.2863047322332756,0.39825966086377623,0.8431638345490046,0.8478004259514051,0.7666475579236416,0.7893424352478745,0.7666475579236416,0.7893424352478745,2.3431922011973474,2.419887689643749
10,11,0.6511798723998315,0.8813626441500386,0.9298894019579835,0.48833372402228636,64,1024,False,6.156010858920816,6.1578626356157775,-0.0018517766949854514,6.236812202204495,6.353935912157123,0.2908959179933012,0.28516803546355524,5.284016905699026,0.87384572991675,5.399405174893415,0.9127342293128495,6.312139404206301,0.8554001787880896,0.37527954921982726,0.381141397192158,0.12184435278927866,5.972794514964965,0.22654576153037886,0.3552460744562236,0.07066267466885892,0.1694304137552101,0.24636228420422412,0.33541698510816786,0.09059662410436431,0.15078884176909924,6.1578626356157775,6.156010858920816,5.284016905699026,0.87384572991675,6.236812202204495,1.5392899724472648,1.003560968015519,1.2173316628885262,0.7628810556591585,1.2484453025707538,0.8087985704587918,2.3431922011973474,0.9355882147850302
11,0,0.23647559410926214,0.22562868103248507,0.4155479263893491,0.4561934769148607,64,1024,False,0.6346973426544698,0.6322865836922053,0.0024107589622675667,0.6357728801879584,0.6340184993605283,0.25702890595621974,0.2575648735638,0.621263594256739,0.011022989435462144,0.6212150357363068,0.010255338047754772,0.631470373784061,0.9837595895650662,0.11853440834703916,0.12015792537225276,0.07512239827527682,0.5138605739882756,0.1934209180520155,0.320636893860424,0.029789692325466424,0.118874625400741,0.21316963090066565,0.3007336120936088,0.04912345302000176,0.09991512175474782,0.6322865836922053,0.6346973426544698,0.621263594256739,0.011022989435462144,0.6357728801879584,111.31562396662923,118.6942807057253,491.8743818741915,983.1129908681951,491.8743818741915,983.1129908681951,5.4221701058841125,6.437697264398227
11,1,0.20032643600163363,0.26284436687122525,0.4580520182317111,0.5043680930794567,64,1024,False,0.6876760347260881,0.6848963922849234,0.0027796424411656185,0.6907713850883453,0.6894298533360226,0.2631762570237308,0.26164823785339886,0.6708891300237027,0.01400726226122562,0.6737846792224532,0.013213967937876431,0.686998647160328,0.9807656565373251,0.13336119721377185,0.13313520516913116,0.07716141999222893,0.5562946481668914,0.1993688104918675,0.32698370355559414,0.03411230469261384,0.12373489639280585,0.21914395154453814,0.3071023253214662,0.053660487530578393,0.10500322436564602,0.6848963922849234,0.6876760347260881,0.6708891300237027,0.01400726226122562,0.6907713850883453,111.31562396662923,118.69061413873193,59.227511325874474,70.96340415316104,59.227511325874474,70.96340415316104,2.3431922011973474,2.424789701731702
11,2,0.17348795564402691,0.3011491444638661,0.5015024458226883,0.533096432896069,64,1024,False,0.7120117634288023,0.7090450045955999,0.0029667588332054026,0.7171198605723813,0.7158617647302893,0.2645212179248189,0.26418374281506357,0.6931906964026752,0.015854308192916805,0.7010041582289817,0.01486498478560012,0.7158691430145835,0.9792350530391571,0.1543277280002433,0.14897362565103453,0.08095808063251153,0.5668881390792547,0.2007246432098873,0.3283177926397505,0.037775387622363626,0.12789135778675617,0.22047501425549854,0.3084212562389439,0.057422135352680925,0.10925035933178151,0.7090450045955999,0.7120117634288023,0.6931906964026752,0.015854308192916805,0.7171198605723813,111.31562396662923,118.68885757369968,59.227511325874474,64.54663782272011,59.227511325874474,64.54663782272011,2.3431922011973474,2.712551215569503
11,3,0.14115766151393727,0.3392957628926879,0.5412562782574104,0.5447168118258902,64,1024,False,0.7107154301163211,0.7082184620170864,0.0024969680992376537,0.7196380658754729,0.7153092967311093,0.26381475477884103,0.26237611696420443,0.6895395376987362,0.018678924318346824,0.6969780169832174,0.01834603940588128,0.7153240563891009,0.974352827586293,0.16828635053287636,0.1604097318779795,0.08539581853710963,0.5548995648531299,0.20001652197058084,0.3276129875871012,0.04315699462730542,0.13467480673762938,0.2197989587439224,0.30775352300406666,0.06274131185637088,0.11591534728358965,0.7082184620170864,0.7107154301163211,0.6895395376987362,0.018678924318346824,0.7196380658754729,111.31562396662923,118.68868969334613,11.315100422433853,17.88276673105062,11.315100422433853,17.88276673105062,2.3431922011973474,2.7134637643861317
11,4,0.13707021161675953,0.3771798584941243,0.5763198057934279,0.5506472596920634,64,1024,False,0.7085149760428054,0.7060920152018105,0.0024229608409970763,0.7128566654106577,0.713374131934086,0.2653282551992508,0.2623504992208172,0.6833479389845388,0.022744076217271342,0.689866410035957,0.023023283987125675,0.7128896940230843,0.9677042827520776,0.1846009211451542,0.17808504514315807,0.09139149265072317,0.535289086790928,0.2014898866416462,0.3291666237568554,0.04678485113922605,0.13859565239115385,0.22123397965333425,0.30927062653790927,0.06632728474505711,0.11976740672253072,0.7060920152018105,0.7085149760428054,0.6833479389845388,0.022744076217271342,0.7128566654106577,111.31562396662923,118.68914178671046,9.916117770095083,10.725122667347378,10.393697405659433,11.324018782179946,0.8293109644453982,0.8526018242523463
11,5,0.15120144854282894,0.42077994479756614,0.614039510844533,0.5413988968627944,64,1024,False,0.6999479188730428,0.6977048572857193,0.0022430615873199047,0.7080972089364318,0.7064591816882013,0.2641296742417142,0.26262001316333916,0.669401966110069,0.028302891175652566,0.6771172713530945,0.029515340818685204,0.7066326121717785,0.9582309954136267,0.19209137902078954,0.1846474978088891,0.09207585638414117,0.5218116838793122,0.20056692179626756,0.3276924266871608,0.04625116018385124,0.13890808176941832,0.2202635372595978,0.30776809103554115,0.06583250366384163,0.1201054299599491,0.6977048572857193,0.6999479188730428,0.669401966110069,0.028302891175652566,0.7080972089364318,111.31562396662923,118.68945908380874,9.916117770095083,10.67280669990298,10.393697405659433,10.855666454038568,2.3431922011973474,2.4453026042561703
11,6,0.19164429892668958,0.4874018309794753,0.6685876789538696,0.550932610328847,64,1024,False,0.6716930274473656,0.6699031445584439,0.0017898828889249309,0.6799730934040047,0.6818410561747617,0.2594838420363124,0.2598703316631384,0.6326718768891968,0.0372312676692502,0.6420211354544101,0.03912826266396872,0.6811493981183795,0.9425555351409572,0.22656741453813384,0.21440981658077612,0.09199625567967996,0.4674312395939855,0.19645465346679053,0.3225130306058343,0.0502724878639513,0.14374594456869882,0.21610735475405818,0.3025921101143467,0.06977717998961452,0.12482424207701115,0.6699031445584439,0.6716930274473656,0.6326718768891968,0.0372312676692502,0.6799730934040047,111.31562396662923,118.69133402484425,9.916117770095083,10.420828343357774,10.393697405659433,10.99609438105086,0.8293109644453982,0.7656724813278286
11,7,0.22620418568362727,0.5665687728491954,0.7281427101328439,0.5373514344629002,64,1024,False,0.6436013528636111,0.6422997649617606,0.0013015879018565383,0.6519041606185364,0.6537752584488995,0.2506903226419966,0.24990114601812896,0.5881495207761921,0.05415024418556241,0.5989133201084866,0.05560848159740302,0.6545218017058855,0.9150395274038756,0.2615722318823748,0.24977938729279806,0.09356603450818127,0.40399587115610147,0.18893422688725856,0.3124464183967346,0.0510547520220727,0.14457126872217552,0.2085520643449854,0.29258366642170586,0.0706647250262904,0.1257758278370602,0.6422997649617606,0.6436013528636111,0.5881495207761921,0.05415024418556241,0.6519041606185364,111.31562396662923,118.69320528702993,4.639905925236041,4.815912408906429,5.999719294087083,6.490364581067837,2.3431922011973474,2.4257831259542453
11,8,0.27058768543882467,0.6667359148155154,0.7972642284906168,0.5126000221676792,64,1024,False,0.5701388806939086,0.5698981226359859,0.00024075805792833253,0.5720925023095763,0.5803103814861235,0.2212005844023956,0.22134722623057537,0.4908794443636949,0.07901867827228018,0.49831461661647125,0.08089799788900345,0.5792126145054761,0.8603310841942307,0.28826585490851503,0.2852478361371497,0.09428051950563518,0.29506254534897375,0.16228955811849433,0.28011161068629686,0.05260825649735032,0.1463935117768131,0.18202441121684387,0.26056726072420133,0.07251646176155191,0.1279217613628134,0.5698981226359859,0.5701388806939086,0.4908794443636949,0.07901867827228018,0.5720925023095763,10.858017081267755,10.841902488300976,1.5543807373006129,1.5720977884371767,1.7006819155133144,1.8144218643059868,2.3431922011973474,2.4490215878558983
11,9,0.3496972931249303,0.775476984754847,0.8664845952064146,0.5067032340287365,64,1024,False,0.4471566974822169,0.44871942573095924,-0.0015627282487421382,0.4451076115591371,0.4575648813074419,0.16939649668059317,0.17345852979513807,0.3178940345306853,0.130825391200274,0.3225872599576593,0.1325119032734972,0.45509916323115523,0.7088285060058656,0.3282418580994766,0.32868295010993925,0.10093558168811947,0.12888193119750263,0.11520486397005944,0.2235881293911269,0.057096783572758145,0.15210633564517084,0.1351337645246531,0.20457603716931771,0.07700413110433146,0.13359781929466408,0.44871942573095924,0.4471566974822169,0.3178940345306853,0.130825391200274,0.4451076115591371,10.858017081267755,11.2745334600561,1.2173316628885262,1.2403985473908758,1.2484453025707538,1.254619076554693,2.3431922011973474,2.3817174132766925
11,10,0.6511798723998315,0.8813626441500386,0.9298894019579835,0.46119081946051216,64,1024,False,0.3305109737783609,0.33354482178407857,-0.0030338480057175627,0.33283455182276656,0.33895184760513813,0.12050368463356834,0.12192679261731089,0.11729242833515664,0.21625239344891978,0.1228227881461129,0.21783341290245822,0.3406562010485713,0.36054763649701077,0.37275963373118215,0.36685964478692773,0.10613089123809401,-0.027907797181789595,0.07139062499309168,0.169616744274045,0.06177325609950653,0.15834666663463293,0.09140851150004892,0.1510739573277533,0.08167669081012718,0.13978360625333153,0.33354482178407857,0.3305109737783609,0.11729242833515664,0.21625239344891978,0.33283455182276656,1.5392899724472648,1.5996853897640138,1.2173316628885262,1.2349564043640733,1.2484453025707538,1.249987782823909,5.4221701058841125,5.592283163942181
11,11,0.9999999999999998,0.9999999999999999,1.0,0.43519306427396337,64,1024,False,0.3959463776113621,0.3970193308451868,-0.0010729532338226934,0.408164597112427,0.4047929943642526,0.1143008441514124,0.11311793987790263,0.008866542509335112,0.38815278833584904,0.013064242475032763,0.3899284739833854,0.40299271645841844,0.03241806102562838,0.40566942764379554,0.4022370753334,0.11289610914708809,0.002555919030852616,0.06537481675783603,0.16322687154498877,0.06523620414096477,0.1630368340989633,0.08538750837760745,0.14473529350652825,0.08524624902929645,0.14454456367820967,0.3970193308451868,0.3959463776113621,0.008866542509335112,0.38815278833584904,0.408164597112427,0.829792415047095,0.8387825996733632,0.7666475579236416,0.7628810556591585,0.7666475579236416,0.7855150821768634,5.4221701058841125,1.6228693203130948
