method,action,tolerance,n_accepted,accepted_fraction,accepted_test_mean,test_fraction_above_tolerance,interpretation,job,protocol,repeat
bernstein,unaligned,0.0,0,0.0,,,"Noisy final-test audit, not population false-certification rate",gpt2_sst2,native_raw,0
bernstein,unaligned,0.01,0,0.0,,,"Noisy final-test audit, not population false-certification rate",gpt2_sst2,native_raw,0
bernstein,unaligned,0.02,0,0.0,,,"Noisy final-test audit, not population false-certification rate",gpt2_sst2,native_raw,0
bernstein,unaligned,0.05,0,0.0,,,"Noisy final-test audit, not population false-certification rate",gpt2_sst2,native_raw,0
bernstein,unaligned,0.1,6,0.045454545454545456,0.04098045979981776,0.0,"Noisy final-test audit, not population false-certification rate",gpt2_sst2,native_raw,0
bernstein,aligned,0.0,0,0.0,,,"Noisy final-test audit, not population false-certification rate",gpt2_sst2,native_raw,0
bernstein,aligned,0.01,0,0.0,,,"Noisy final-test audit, not population false-certification rate",gpt2_sst2,native_raw,0
bernstein,aligned,0.02,0,0.0,,,"Noisy final-test audit, not population false-certification rate",gpt2_sst2,native_raw,0
bernstein,aligned,0.05,116,0.8787878787878788,0.00683797637814641,0.0,"Noisy final-test audit, not population false-certification rate",gpt2_sst2,native_raw,0
bernstein,aligned,0.1,132,1.0,0.009188780074186803,0.0,"Noisy final-test audit, not population false-certification rate",gpt2_sst2,native_raw,0
betting,unaligned,0.0,0,0.0,,,"Noisy final-test audit, not population false-certification rate",gpt2_sst2,native_raw,0
betting,unaligned,0.01,0,0.0,,,"Noisy final-test audit, not population false-certification rate",gpt2_sst2,native_raw,0
betting,unaligned,0.02,0,0.0,,,"Noisy final-test audit, not population false-certification rate",gpt2_sst2,native_raw,0
betting,unaligned,0.05,1,0.007575757575757576,0.01886007139347149,0.0,"Noisy final-test audit, not population false-certification rate",gpt2_sst2,native_raw,0
betting,unaligned,0.1,16,0.12121212121212122,0.05947050249485877,0.0,"Noisy final-test audit, not population false-certification rate",gpt2_sst2,native_raw,0
betting,aligned,0.0,0,0.0,,,"Noisy final-test audit, not population false-certification rate",gpt2_sst2,native_raw,0
betting,aligned,0.01,44,0.3333333333333333,0.002646496457875491,0.0,"Noisy final-test audit, not population false-certification rate",gpt2_sst2,native_raw,0
betting,aligned,0.02,98,0.7424242424242424,0.004660037397226741,0.0,"Noisy final-test audit, not population false-certification rate",gpt2_sst2,native_raw,0
betting,aligned,0.05,132,1.0,0.009188780074186803,0.0,"Noisy final-test audit, not population false-certification rate",gpt2_sst2,native_raw,0
betting,aligned,0.1,132,1.0,0.009188780074186803,0.0,"Noisy final-test audit, not population false-certification rate",gpt2_sst2,native_raw,0
bernstein,unaligned,0.0,0,0.0,,,"Noisy final-test audit, not population false-certification rate",gpt2_sst2,shared_raw,0
bernstein,unaligned,0.01,0,0.0,,,"Noisy final-test audit, not population false-certification rate",gpt2_sst2,shared_raw,0
bernstein,unaligned,0.02,0,0.0,,,"Noisy final-test audit, not population false-certification rate",gpt2_sst2,shared_raw,0
bernstein,unaligned,0.05,0,0.0,,,"Noisy final-test audit, not population false-certification rate",gpt2_sst2,shared_raw,0
bernstein,unaligned,0.1,12,0.09090909090909091,0.04632110913461857,0.0,"Noisy final-test audit, not population false-certification rate",gpt2_sst2,shared_raw,0
bernstein,aligned,0.0,0,0.0,,,"Noisy final-test audit, not population false-certification rate",gpt2_sst2,shared_raw,0
bernstein,aligned,0.01,0,0.0,,,"Noisy final-test audit, not population false-certification rate",gpt2_sst2,shared_raw,0
bernstein,aligned,0.02,0,0.0,,,"Noisy final-test audit, not population false-certification rate",gpt2_sst2,shared_raw,0
bernstein,aligned,0.05,121,0.9166666666666666,0.005782053538179006,0.0,"Noisy final-test audit, not population false-certification rate",gpt2_sst2,shared_raw,0
bernstein,aligned,0.1,132,1.0,0.007216463169866997,0.0,"Noisy final-test audit, not population false-certification rate",gpt2_sst2,shared_raw,0
betting,unaligned,0.0,0,0.0,,,"Noisy final-test audit, not population false-certification rate",gpt2_sst2,shared_raw,0
betting,unaligned,0.01,0,0.0,,,"Noisy final-test audit, not population false-certification rate",gpt2_sst2,shared_raw,0
betting,unaligned,0.02,0,0.0,,,"Noisy final-test audit, not population false-certification rate",gpt2_sst2,shared_raw,0
betting,unaligned,0.05,4,0.030303030303030304,0.033584531665013614,0.0,"Noisy final-test audit, not population false-certification rate",gpt2_sst2,shared_raw,0
betting,unaligned,0.1,16,0.12121212121212122,0.051859524702781316,0.0,"Noisy final-test audit, not population false-certification rate",gpt2_sst2,shared_raw,0
betting,aligned,0.0,0,0.0,,,"Noisy final-test audit, not population false-certification rate",gpt2_sst2,shared_raw,0
betting,aligned,0.01,62,0.4696969696969697,0.002005308556552122,0.0,"Noisy final-test audit, not population false-certification rate",gpt2_sst2,shared_raw,0
betting,aligned,0.02,104,0.7878787878787878,0.0039753516414529864,0.0,"Noisy final-test audit, not population false-certification rate",gpt2_sst2,shared_raw,0
betting,aligned,0.05,132,1.0,0.007216463169866997,0.0,"Noisy final-test audit, not population false-certification rate",gpt2_sst2,shared_raw,0
betting,aligned,0.1,132,1.0,0.007216463169866997,0.0,"Noisy final-test audit, not population false-certification rate",gpt2_sst2,shared_raw,0
bernstein,unaligned,0.0,0,0.0,,,"Noisy final-test audit, not population false-certification rate",gpt2_sst2,shared_center,0
bernstein,unaligned,0.01,0,0.0,,,"Noisy final-test audit, not population false-certification rate",gpt2_sst2,shared_center,0
bernstein,unaligned,0.02,0,0.0,,,"Noisy final-test audit, not population false-certification rate",gpt2_sst2,shared_center,0
bernstein,unaligned,0.05,9,0.06818181818181818,0.012152104553489985,0.0,"Noisy final-test audit, not population false-certification rate",gpt2_sst2,shared_center,0
bernstein,unaligned,0.1,62,0.4696969696969697,0.04240250936227885,0.0,"Noisy final-test audit, not population false-certification rate",gpt2_sst2,shared_center,0
bernstein,aligned,0.0,0,0.0,,,"Noisy final-test audit, not population false-certification rate",gpt2_sst2,shared_center,0
bernstein,aligned,0.01,0,0.0,,,"Noisy final-test audit, not population false-certification rate",gpt2_sst2,shared_center,0
bernstein,aligned,0.02,0,0.0,,,"Noisy final-test audit, not population false-certification rate",gpt2_sst2,shared_center,0
bernstein,aligned,0.05,119,0.9015151515151515,0.005696727508026621,0.0,"Noisy final-test audit, not population false-certification rate",gpt2_sst2,shared_center,0
bernstein,aligned,0.1,132,1.0,0.007397041380169546,0.0,"Noisy final-test audit, not population false-certification rate",gpt2_sst2,shared_center,0
betting,unaligned,0.0,0,0.0,,,"Noisy final-test audit, not population false-certification rate",gpt2_sst2,shared_center,0
betting,unaligned,0.01,0,0.0,,,"Noisy final-test audit, not population false-certification rate",gpt2_sst2,shared_center,0
betting,unaligned,0.02,3,0.022727272727272728,0.008558116603161943,0.0,"Noisy final-test audit, not population false-certification rate",gpt2_sst2,shared_center,0
betting,unaligned,0.05,19,0.14393939393939395,0.01940531285380852,0.0,"Noisy final-test audit, not population false-certification rate",gpt2_sst2,shared_center,0
betting,unaligned,0.1,76,0.5757575757575758,0.046829457667986234,0.0,"Noisy final-test audit, not population false-certification rate",gpt2_sst2,shared_center,0
betting,aligned,0.0,0,0.0,,,"Noisy final-test audit, not population false-certification rate",gpt2_sst2,shared_center,0
betting,aligned,0.01,53,0.4015151515151515,0.0018853991978619086,0.0,"Noisy final-test audit, not population false-certification rate",gpt2_sst2,shared_center,0
betting,aligned,0.02,104,0.7878787878787878,0.004140993272813351,0.0,"Noisy final-test audit, not population false-certification rate",gpt2_sst2,shared_center,0
betting,aligned,0.05,132,1.0,0.007397041380169546,0.0,"Noisy final-test audit, not population false-certification rate",gpt2_sst2,shared_center,0
betting,aligned,0.1,132,1.0,0.007397041380169546,0.0,"Noisy final-test audit, not population false-certification rate",gpt2_sst2,shared_center,0
bernstein,unaligned,0.0,0,0.0,,,"Noisy final-test audit, not population false-certification rate",gpt2_sst2,shared_rms,0
bernstein,unaligned,0.01,0,0.0,,,"Noisy final-test audit, not population false-certification rate",gpt2_sst2,shared_rms,0
bernstein,unaligned,0.02,0,0.0,,,"Noisy final-test audit, not population false-certification rate",gpt2_sst2,shared_rms,0
bernstein,unaligned,0.05,9,0.06818181818181818,0.00986491941867689,0.0,"Noisy final-test audit, not population false-certification rate",gpt2_sst2,shared_rms,0
bernstein,unaligned,0.1,39,0.29545454545454547,0.03282171061918151,0.0,"Noisy final-test audit, not population false-certification rate",gpt2_sst2,shared_rms,0
bernstein,aligned,0.0,0,0.0,,,"Noisy final-test audit, not population false-certification rate",gpt2_sst2,shared_rms,0
bernstein,aligned,0.01,0,0.0,,,"Noisy final-test audit, not population false-certification rate",gpt2_sst2,shared_rms,0
bernstein,aligned,0.02,0,0.0,,,"Noisy final-test audit, not population false-certification rate",gpt2_sst2,shared_rms,0
bernstein,aligned,0.05,120,0.9090909090909091,0.005656215192498907,0.0,"Noisy final-test audit, not population false-certification rate",gpt2_sst2,shared_rms,0
bernstein,aligned,0.1,132,1.0,0.007426153071267535,0.0,"Noisy final-test audit, not population false-certification rate",gpt2_sst2,shared_rms,0
betting,unaligned,0.0,0,0.0,,,"Noisy final-test audit, not population false-certification rate",gpt2_sst2,shared_rms,0
betting,unaligned,0.01,0,0.0,,,"Noisy final-test audit, not population false-certification rate",gpt2_sst2,shared_rms,0
betting,unaligned,0.02,4,0.030303030303030304,0.006533837415346584,0.0,"Noisy final-test audit, not population false-certification rate",gpt2_sst2,shared_rms,0
betting,unaligned,0.05,23,0.17424242424242425,0.02147144830950486,0.0,"Noisy final-test audit, not population false-certification rate",gpt2_sst2,shared_rms,0
betting,unaligned,0.1,63,0.4772727272727273,0.04806401436706354,0.0,"Noisy final-test audit, not population false-certification rate",gpt2_sst2,shared_rms,0
betting,aligned,0.0,0,0.0,,,"Noisy final-test audit, not population false-certification rate",gpt2_sst2,shared_rms,0
betting,aligned,0.01,62,0.4696969696969697,0.0017405676503908297,0.0,"Noisy final-test audit, not population false-certification rate",gpt2_sst2,shared_rms,0
betting,aligned,0.02,104,0.7878787878787878,0.00377379687337929,0.0,"Noisy final-test audit, not population false-certification rate",gpt2_sst2,shared_rms,0
betting,aligned,0.05,132,1.0,0.007426153071267535,0.0,"Noisy final-test audit, not population false-certification rate",gpt2_sst2,shared_rms,0
betting,aligned,0.1,132,1.0,0.007426153071267535,0.0,"Noisy final-test audit, not population false-certification rate",gpt2_sst2,shared_rms,0
bernstein,unaligned,0.0,0,0.0,,,"Noisy final-test audit, not population false-certification rate",gpt2_sst2,shared_unit,0
bernstein,unaligned,0.01,0,0.0,,,"Noisy final-test audit, not population false-certification rate",gpt2_sst2,shared_unit,0
bernstein,unaligned,0.02,0,0.0,,,"Noisy final-test audit, not population false-certification rate",gpt2_sst2,shared_unit,0
bernstein,unaligned,0.05,0,0.0,,,"Noisy final-test audit, not population false-certification rate",gpt2_sst2,shared_unit,0
bernstein,unaligned,0.1,9,0.06818181818181818,0.040370849065180195,0.0,"Noisy final-test audit, not population false-certification rate",gpt2_sst2,shared_unit,0
bernstein,aligned,0.0,0,0.0,,,"Noisy final-test audit, not population false-certification rate",gpt2_sst2,shared_unit,0
bernstein,aligned,0.01,0,0.0,,,"Noisy final-test audit, not population false-certification rate",gpt2_sst2,shared_unit,0
bernstein,aligned,0.02,0,0.0,,,"Noisy final-test audit, not population false-certification rate",gpt2_sst2,shared_unit,0
bernstein,aligned,0.05,125,0.946969696969697,0.00622439452851573,0.0,"Noisy final-test audit, not population false-certification rate",gpt2_sst2,shared_unit,0
bernstein,aligned,0.1,132,1.0,0.007255869012690361,0.0,"Noisy final-test audit, not population false-certification rate",gpt2_sst2,shared_unit,0
betting,unaligned,0.0,0,0.0,,,"Noisy final-test audit, not population false-certification rate",gpt2_sst2,shared_unit,0
betting,unaligned,0.01,0,0.0,,,"Noisy final-test audit, not population false-certification rate",gpt2_sst2,shared_unit,0
betting,unaligned,0.02,0,0.0,,,"Noisy final-test audit, not population false-certification rate",gpt2_sst2,shared_unit,0
betting,unaligned,0.05,3,0.022727272727272728,0.027581986181617196,0.0,"Noisy final-test audit, not population false-certification rate",gpt2_sst2,shared_unit,0
betting,unaligned,0.1,14,0.10606060606060606,0.05277993605449282,0.0,"Noisy final-test audit, not population false-certification rate",gpt2_sst2,shared_unit,0
betting,aligned,0.0,0,0.0,,,"Noisy final-test audit, not population false-certification rate",gpt2_sst2,shared_unit,0
betting,aligned,0.01,63,0.4772727272727273,0.0018501023716472342,0.0,"Noisy final-test audit, not population false-certification rate",gpt2_sst2,shared_unit,0
betting,aligned,0.02,106,0.803030303030303,0.003943968803203024,0.0,"Noisy final-test audit, not population false-certification rate",gpt2_sst2,shared_unit,0
betting,aligned,0.05,132,1.0,0.007255869012690361,0.0,"Noisy final-test audit, not population false-certification rate",gpt2_sst2,shared_unit,0
betting,aligned,0.1,132,1.0,0.007255869012690361,0.0,"Noisy final-test audit, not population false-certification rate",gpt2_sst2,shared_unit,0
bernstein,unaligned,0.0,0,0.0,,,"Noisy final-test audit, not population false-certification rate",gpt2_sst2,shared_clip100,0
bernstein,unaligned,0.01,0,0.0,,,"Noisy final-test audit, not population false-certification rate",gpt2_sst2,shared_clip100,0
bernstein,unaligned,0.02,0,0.0,,,"Noisy final-test audit, not population false-certification rate",gpt2_sst2,shared_clip100,0
bernstein,unaligned,0.05,0,0.0,,,"Noisy final-test audit, not population false-certification rate",gpt2_sst2,shared_clip100,0
bernstein,unaligned,0.1,8,0.06060606060606061,0.05194291506482053,0.0,"Noisy final-test audit, not population false-certification rate",gpt2_sst2,shared_clip100,0
bernstein,aligned,0.0,0,0.0,,,"Noisy final-test audit, not population false-certification rate",gpt2_sst2,shared_clip100,0
bernstein,aligned,0.01,0,0.0,,,"Noisy final-test audit, not population false-certification rate",gpt2_sst2,shared_clip100,0
bernstein,aligned,0.02,0,0.0,,,"Noisy final-test audit, not population false-certification rate",gpt2_sst2,shared_clip100,0
bernstein,aligned,0.05,125,0.946969696969697,0.0060665757931679535,0.0,"Noisy final-test audit, not population false-certification rate",gpt2_sst2,shared_clip100,0
bernstein,aligned,0.1,132,1.0,0.0070687468995413935,0.0,"Noisy final-test audit, not population false-certification rate",gpt2_sst2,shared_clip100,0
betting,unaligned,0.0,0,0.0,,,"Noisy final-test audit, not population false-certification rate",gpt2_sst2,shared_clip100,0
betting,unaligned,0.01,0,0.0,,,"Noisy final-test audit, not population false-certification rate",gpt2_sst2,shared_clip100,0
betting,unaligned,0.02,0,0.0,,,"Noisy final-test audit, not population false-certification rate",gpt2_sst2,shared_clip100,0
betting,unaligned,0.05,1,0.007575757575757576,0.03806825042330041,0.0,"Noisy final-test audit, not population false-certification rate",gpt2_sst2,shared_clip100,0
betting,unaligned,0.1,11,0.08333333333333333,0.053867785238097037,0.0,"Noisy final-test audit, not population false-certification rate",gpt2_sst2,shared_clip100,0
betting,aligned,0.0,0,0.0,,,"Noisy final-test audit, not population false-certification rate",gpt2_sst2,shared_clip100,0
betting,aligned,0.01,62,0.4696969696969697,0.001813405626590494,0.0,"Noisy final-test audit, not population false-certification rate",gpt2_sst2,shared_clip100,0
betting,aligned,0.02,105,0.7954545454545454,0.003824300599363381,0.0,"Noisy final-test audit, not population false-certification rate",gpt2_sst2,shared_clip100,0
betting,aligned,0.05,132,1.0,0.0070687468995413935,0.0,"Noisy final-test audit, not population false-certification rate",gpt2_sst2,shared_clip100,0
betting,aligned,0.1,132,1.0,0.0070687468995413935,0.0,"Noisy final-test audit, not population false-certification rate",gpt2_sst2,shared_clip100,0
bernstein,unaligned,0.0,0,0.0,,,"Noisy final-test audit, not population false-certification rate",gpt2_sst2,shared_clip300,0
bernstein,unaligned,0.01,0,0.0,,,"Noisy final-test audit, not population false-certification rate",gpt2_sst2,shared_clip300,0
bernstein,unaligned,0.02,0,0.0,,,"Noisy final-test audit, not population false-certification rate",gpt2_sst2,shared_clip300,0
bernstein,unaligned,0.05,0,0.0,,,"Noisy final-test audit, not population false-certification rate",gpt2_sst2,shared_clip300,0
bernstein,unaligned,0.1,12,0.09090909090909091,0.04614014383770684,0.0,"Noisy final-test audit, not population false-certification rate",gpt2_sst2,shared_clip300,0
bernstein,aligned,0.0,0,0.0,,,"Noisy final-test audit, not population false-certification rate",gpt2_sst2,shared_clip300,0
bernstein,aligned,0.01,0,0.0,,,"Noisy final-test audit, not population false-certification rate",gpt2_sst2,shared_clip300,0
bernstein,aligned,0.02,0,0.0,,,"Noisy final-test audit, not population false-certification rate",gpt2_sst2,shared_clip300,0
bernstein,aligned,0.05,122,0.9242424242424242,0.005892020420496902,0.0,"Noisy final-test audit, not population false-certification rate",gpt2_sst2,shared_clip300,0
bernstein,aligned,0.1,132,1.0,0.007214311092984901,0.0,"Noisy final-test audit, not population false-certification rate",gpt2_sst2,shared_clip300,0
betting,unaligned,0.0,0,0.0,,,"Noisy final-test audit, not population false-certification rate",gpt2_sst2,shared_clip300,0
betting,unaligned,0.01,0,0.0,,,"Noisy final-test audit, not population false-certification rate",gpt2_sst2,shared_clip300,0
betting,unaligned,0.02,0,0.0,,,"Noisy final-test audit, not population false-certification rate",gpt2_sst2,shared_clip300,0
betting,unaligned,0.05,3,0.022727272727272728,0.03299591397172374,0.0,"Noisy final-test audit, not population false-certification rate",gpt2_sst2,shared_clip300,0
betting,unaligned,0.1,15,0.11363636363636363,0.05062097762310011,0.0,"Noisy final-test audit, not population false-certification rate",gpt2_sst2,shared_clip300,0
betting,aligned,0.0,0,0.0,,,"Noisy final-test audit, not population false-certification rate",gpt2_sst2,shared_clip300,0
betting,aligned,0.01,62,0.4696969696969697,0.002030377975156469,0.0,"Noisy final-test audit, not population false-certification rate",gpt2_sst2,shared_clip300,0
betting,aligned,0.02,104,0.7878787878787878,0.003990586679882607,0.0,"Noisy final-test audit, not population false-certification rate",gpt2_sst2,shared_clip300,0
betting,aligned,0.05,132,1.0,0.007214311092984901,0.0,"Noisy final-test audit, not population false-certification rate",gpt2_sst2,shared_clip300,0
betting,aligned,0.1,132,1.0,0.007214311092984901,0.0,"Noisy final-test audit, not population false-certification rate",gpt2_sst2,shared_clip300,0
bernstein,unaligned,0.0,0,0.0,,,"Noisy final-test audit, not population false-certification rate",gpt2_sst2,separate_naive,0
bernstein,unaligned,0.01,0,0.0,,,"Noisy final-test audit, not population false-certification rate",gpt2_sst2,separate_naive,0
bernstein,unaligned,0.02,0,0.0,,,"Noisy final-test audit, not population false-certification rate",gpt2_sst2,separate_naive,0
bernstein,unaligned,0.05,0,0.0,,,"Noisy final-test audit, not population false-certification rate",gpt2_sst2,separate_naive,0
bernstein,unaligned,0.1,1,0.007575757575757576,0.06516591359196404,0.0,"Noisy final-test audit, not population false-certification rate",gpt2_sst2,separate_naive,0
bernstein,aligned,0.0,0,0.0,,,"Noisy final-test audit, not population false-certification rate",gpt2_sst2,separate_naive,0
bernstein,aligned,0.01,0,0.0,,,"Noisy final-test audit, not population false-certification rate",gpt2_sst2,separate_naive,0
bernstein,aligned,0.02,0,0.0,,,"Noisy final-test audit, not population false-certification rate",gpt2_sst2,separate_naive,0
bernstein,aligned,0.05,115,0.8712121212121212,0.006001462610295463,0.0,"Noisy final-test audit, not population false-certification rate",gpt2_sst2,separate_naive,0
bernstein,aligned,0.1,132,1.0,0.008282870728902023,0.0,"Noisy final-test audit, not population false-certification rate",gpt2_sst2,separate_naive,0
betting,unaligned,0.0,0,0.0,,,"Noisy final-test audit, not population false-certification rate",gpt2_sst2,separate_naive,0
betting,unaligned,0.01,0,0.0,,,"Noisy final-test audit, not population false-certification rate",gpt2_sst2,separate_naive,0
betting,unaligned,0.02,0,0.0,,,"Noisy final-test audit, not population false-certification rate",gpt2_sst2,separate_naive,0
betting,unaligned,0.05,0,0.0,,,"Noisy final-test audit, not population false-certification rate",gpt2_sst2,separate_naive,0
betting,unaligned,0.1,13,0.09848484848484848,0.0770695498431532,0.0,"Noisy final-test audit, not population false-certification rate",gpt2_sst2,separate_naive,0
betting,aligned,0.0,0,0.0,,,"Noisy final-test audit, not population false-certification rate",gpt2_sst2,separate_naive,0
betting,aligned,0.01,57,0.4318181818181818,0.002315974909172204,0.0,"Noisy final-test audit, not population false-certification rate",gpt2_sst2,separate_naive,0
betting,aligned,0.02,96,0.7272727272727273,0.003900645579866534,0.0,"Noisy final-test audit, not population false-certification rate",gpt2_sst2,separate_naive,0
betting,aligned,0.05,132,1.0,0.008282870728902023,0.0,"Noisy final-test audit, not population false-certification rate",gpt2_sst2,separate_naive,0
betting,aligned,0.1,132,1.0,0.008282870728902023,0.0,"Noisy final-test audit, not population false-certification rate",gpt2_sst2,separate_naive,0
bernstein,unaligned,0.0,0,0.0,,,"Noisy final-test audit, not population false-certification rate",gpt2_sst2,separate_lift,0
bernstein,unaligned,0.01,0,0.0,,,"Noisy final-test audit, not population false-certification rate",gpt2_sst2,separate_lift,0
bernstein,unaligned,0.02,0,0.0,,,"Noisy final-test audit, not population false-certification rate",gpt2_sst2,separate_lift,0
bernstein,unaligned,0.05,12,0.09090909090909091,0.012323480678433793,0.0,"Noisy final-test audit, not population false-certification rate",gpt2_sst2,separate_lift,0
bernstein,unaligned,0.1,39,0.29545454545454547,0.031084641825993325,0.0,"Noisy final-test audit, not population false-certification rate",gpt2_sst2,separate_lift,0
bernstein,aligned,0.0,0,0.0,,,"Noisy final-test audit, not population false-certification rate",gpt2_sst2,separate_lift,0
bernstein,aligned,0.01,0,0.0,,,"Noisy final-test audit, not population false-certification rate",gpt2_sst2,separate_lift,0
bernstein,aligned,0.02,0,0.0,,,"Noisy final-test audit, not population false-certification rate",gpt2_sst2,separate_lift,0
bernstein,aligned,0.05,115,0.8712121212121212,0.006001462610295463,0.0,"Noisy final-test audit, not population false-certification rate",gpt2_sst2,separate_lift,0
bernstein,aligned,0.1,132,1.0,0.008282870728902023,0.0,"Noisy final-test audit, not population false-certification rate",gpt2_sst2,separate_lift,0
betting,unaligned,0.0,0,0.0,,,"Noisy final-test audit, not population false-certification rate",gpt2_sst2,separate_lift,0
betting,unaligned,0.01,1,0.007575757575757576,0.004370039818725418,0.0,"Noisy final-test audit, not population false-certification rate",gpt2_sst2,separate_lift,0
betting,unaligned,0.02,4,0.030303030303030304,0.00797428485859007,0.0,"Noisy final-test audit, not population false-certification rate",gpt2_sst2,separate_lift,0
betting,unaligned,0.05,22,0.16666666666666666,0.019455671619502627,0.0,"Noisy final-test audit, not population false-certification rate",gpt2_sst2,separate_lift,0
betting,unaligned,0.1,45,0.3409090909090909,0.03571196719296448,0.0,"Noisy final-test audit, not population false-certification rate",gpt2_sst2,separate_lift,0
betting,aligned,0.0,0,0.0,,,"Noisy final-test audit, not population false-certification rate",gpt2_sst2,separate_lift,0
betting,aligned,0.01,57,0.4318181818181818,0.002315974909172204,0.0,"Noisy final-test audit, not population false-certification rate",gpt2_sst2,separate_lift,0
betting,aligned,0.02,96,0.7272727272727273,0.003900645579866534,0.0,"Noisy final-test audit, not population false-certification rate",gpt2_sst2,separate_lift,0
betting,aligned,0.05,132,1.0,0.008282870728902023,0.0,"Noisy final-test audit, not population false-certification rate",gpt2_sst2,separate_lift,0
betting,aligned,0.1,132,1.0,0.008282870728902023,0.0,"Noisy final-test audit, not population false-certification rate",gpt2_sst2,separate_lift,0
bernstein,unaligned,0.0,0,0.0,,,"Noisy final-test audit, not population false-certification rate",gpt2_sst2,native_raw,1
bernstein,unaligned,0.01,0,0.0,,,"Noisy final-test audit, not population false-certification rate",gpt2_sst2,native_raw,1
bernstein,unaligned,0.02,0,0.0,,,"Noisy final-test audit, not population false-certification rate",gpt2_sst2,native_raw,1
bernstein,unaligned,0.05,0,0.0,,,"Noisy final-test audit, not population false-certification rate",gpt2_sst2,native_raw,1
bernstein,unaligned,0.1,9,0.06818181818181818,0.041009967203129896,0.0,"Noisy final-test audit, not population false-certification rate",gpt2_sst2,native_raw,1
bernstein,aligned,0.0,0,0.0,,,"Noisy final-test audit, not population false-certification rate",gpt2_sst2,native_raw,1
bernstein,aligned,0.01,0,0.0,,,"Noisy final-test audit, not population false-certification rate",gpt2_sst2,native_raw,1
bernstein,aligned,0.02,0,0.0,,,"Noisy final-test audit, not population false-certification rate",gpt2_sst2,native_raw,1
bernstein,aligned,0.05,113,0.8560606060606061,0.005844315693691191,0.0,"Noisy final-test audit, not population false-certification rate",gpt2_sst2,native_raw,1
bernstein,aligned,0.1,132,1.0,0.008841865036788993,0.0,"Noisy final-test audit, not population false-certification rate",gpt2_sst2,native_raw,1
betting,unaligned,0.0,0,0.0,,,"Noisy final-test audit, not population false-certification rate",gpt2_sst2,native_raw,1
betting,unaligned,0.01,0,0.0,,,"Noisy final-test audit, not population false-certification rate",gpt2_sst2,native_raw,1
betting,unaligned,0.02,0,0.0,,,"Noisy final-test audit, not population false-certification rate",gpt2_sst2,native_raw,1
betting,unaligned,0.05,2,0.015151515151515152,0.02809701870918322,0.0,"Noisy final-test audit, not population false-certification rate",gpt2_sst2,native_raw,1
betting,unaligned,0.1,10,0.07575757575757576,0.04344306205815085,0.0,"Noisy final-test audit, not population false-certification rate",gpt2_sst2,native_raw,1
betting,aligned,0.0,0,0.0,,,"Noisy final-test audit, not population false-certification rate",gpt2_sst2,native_raw,1
betting,aligned,0.01,45,0.3409090909090909,0.001503019115535289,0.0,"Noisy final-test audit, not population false-certification rate",gpt2_sst2,native_raw,1
betting,aligned,0.02,95,0.7196969696969697,0.0036185941136958307,0.0,"Noisy final-test audit, not population false-certification rate",gpt2_sst2,native_raw,1
betting,aligned,0.05,132,1.0,0.008841865036788993,0.0,"Noisy final-test audit, not population false-certification rate",gpt2_sst2,native_raw,1
betting,aligned,0.1,132,1.0,0.008841865036788993,0.0,"Noisy final-test audit, not population false-certification rate",gpt2_sst2,native_raw,1
bernstein,unaligned,0.0,0,0.0,,,"Noisy final-test audit, not population false-certification rate",gpt2_sst2,shared_raw,1
bernstein,unaligned,0.01,0,0.0,,,"Noisy final-test audit, not population false-certification rate",gpt2_sst2,shared_raw,1
bernstein,unaligned,0.02,0,0.0,,,"Noisy final-test audit, not population false-certification rate",gpt2_sst2,shared_raw,1
bernstein,unaligned,0.05,0,0.0,,,"Noisy final-test audit, not population false-certification rate",gpt2_sst2,shared_raw,1
bernstein,unaligned,0.1,8,0.06060606060606061,0.04273046939869148,0.0,"Noisy final-test audit, not population false-certification rate",gpt2_sst2,shared_raw,1
bernstein,aligned,0.0,0,0.0,,,"Noisy final-test audit, not population false-certification rate",gpt2_sst2,shared_raw,1
bernstein,aligned,0.01,0,0.0,,,"Noisy final-test audit, not population false-certification rate",gpt2_sst2,shared_raw,1
bernstein,aligned,0.02,0,0.0,,,"Noisy final-test audit, not population false-certification rate",gpt2_sst2,shared_raw,1
bernstein,aligned,0.05,125,0.946969696969697,0.006883972809333662,0.0,"Noisy final-test audit, not population false-certification rate",gpt2_sst2,shared_raw,1
bernstein,aligned,0.1,132,1.0,0.008040540029216852,0.0,"Noisy final-test audit, not population false-certification rate",gpt2_sst2,shared_raw,1
betting,unaligned,0.0,0,0.0,,,"Noisy final-test audit, not population false-certification rate",gpt2_sst2,shared_raw,1
betting,unaligned,0.01,0,0.0,,,"Noisy final-test audit, not population false-certification rate",gpt2_sst2,shared_raw,1
betting,unaligned,0.02,0,0.0,,,"Noisy final-test audit, not population false-certification rate",gpt2_sst2,shared_raw,1
betting,unaligned,0.05,3,0.022727272727272728,0.02580474114477123,0.0,"Noisy final-test audit, not population false-certification rate",gpt2_sst2,shared_raw,1
betting,unaligned,0.1,12,0.09090909090909091,0.05241857595665034,0.0,"Noisy final-test audit, not population false-certification rate",gpt2_sst2,shared_raw,1
betting,aligned,0.0,0,0.0,,,"Noisy final-test audit, not population false-certification rate",gpt2_sst2,shared_raw,1
betting,aligned,0.01,59,0.44696969696969696,0.0020726969506434023,0.0,"Noisy final-test audit, not population false-certification rate",gpt2_sst2,shared_raw,1
betting,aligned,0.02,105,0.7954545454545454,0.004343628460481265,0.0,"Noisy final-test audit, not population false-certification rate",gpt2_sst2,shared_raw,1
betting,aligned,0.05,132,1.0,0.008040540029216852,0.0,"Noisy final-test audit, not population false-certification rate",gpt2_sst2,shared_raw,1
betting,aligned,0.1,132,1.0,0.008040540029216852,0.0,"Noisy final-test audit, not population false-certification rate",gpt2_sst2,shared_raw,1
bernstein,unaligned,0.0,0,0.0,,,"Noisy final-test audit, not population false-certification rate",gpt2_sst2,shared_center,1
bernstein,unaligned,0.01,0,0.0,,,"Noisy final-test audit, not population false-certification rate",gpt2_sst2,shared_center,1
bernstein,unaligned,0.02,0,0.0,,,"Noisy final-test audit, not population false-certification rate",gpt2_sst2,shared_center,1
bernstein,unaligned,0.05,7,0.05303030303030303,0.013664321108835111,0.0,"Noisy final-test audit, not population false-certification rate",gpt2_sst2,shared_center,1
bernstein,unaligned,0.1,54,0.4090909090909091,0.042085208444299624,0.0,"Noisy final-test audit, not population false-certification rate",gpt2_sst2,shared_center,1
bernstein,aligned,0.0,0,0.0,,,"Noisy final-test audit, not population false-certification rate",gpt2_sst2,shared_center,1
bernstein,aligned,0.01,0,0.0,,,"Noisy final-test audit, not population false-certification rate",gpt2_sst2,shared_center,1
bernstein,aligned,0.02,0,0.0,,,"Noisy final-test audit, not population false-certification rate",gpt2_sst2,shared_center,1
bernstein,aligned,0.05,125,0.946969696969697,0.007000551578430411,0.0,"Noisy final-test audit, not population false-certification rate",gpt2_sst2,shared_center,1
bernstein,aligned,0.1,132,1.0,0.008183657948270357,0.0,"Noisy final-test audit, not population false-certification rate",gpt2_sst2,shared_center,1
betting,unaligned,0.0,0,0.0,,,"Noisy final-test audit, not population false-certification rate",gpt2_sst2,shared_center,1
betting,unaligned,0.01,0,0.0,,,"Noisy final-test audit, not population false-certification rate",gpt2_sst2,shared_center,1
betting,unaligned,0.02,2,0.015151515151515152,0.007832075333677715,0.0,"Noisy final-test audit, not population false-certification rate",gpt2_sst2,shared_center,1
betting,unaligned,0.05,20,0.15151515151515152,0.021774228972975714,0.0,"Noisy final-test audit, not population false-certification rate",gpt2_sst2,shared_center,1
betting,unaligned,0.1,73,0.553030303030303,0.048668984129674825,0.0,"Noisy final-test audit, not population false-certification rate",gpt2_sst2,shared_center,1
betting,aligned,0.0,0,0.0,,,"Noisy final-test audit, not population false-certification rate",gpt2_sst2,shared_center,1
betting,aligned,0.01,62,0.4696969696969697,0.0022428296951179697,0.0,"Noisy final-test audit, not population false-certification rate",gpt2_sst2,shared_center,1
betting,aligned,0.02,105,0.7954545454545454,0.004465257369151769,0.0,"Noisy final-test audit, not population false-certification rate",gpt2_sst2,shared_center,1
betting,aligned,0.05,132,1.0,0.008183657948270357,0.0,"Noisy final-test audit, not population false-certification rate",gpt2_sst2,shared_center,1
betting,aligned,0.1,132,1.0,0.008183657948270357,0.0,"Noisy final-test audit, not population false-certification rate",gpt2_sst2,shared_center,1
bernstein,unaligned,0.0,0,0.0,,,"Noisy final-test audit, not population false-certification rate",gpt2_sst2,shared_rms,1
bernstein,unaligned,0.01,0,0.0,,,"Noisy final-test audit, not population false-certification rate",gpt2_sst2,shared_rms,1
bernstein,unaligned,0.02,0,0.0,,,"Noisy final-test audit, not population false-certification rate",gpt2_sst2,shared_rms,1
bernstein,unaligned,0.05,8,0.06060606060606061,0.012053261673538346,0.0,"Noisy final-test audit, not population false-certification rate",gpt2_sst2,shared_rms,1
bernstein,unaligned,0.1,37,0.2803030303030303,0.03335896215961962,0.0,"Noisy final-test audit, not population false-certification rate",gpt2_sst2,shared_rms,1
bernstein,aligned,0.0,0,0.0,,,"Noisy final-test audit, not population false-certification rate",gpt2_sst2,shared_rms,1
bernstein,aligned,0.01,0,0.0,,,"Noisy final-test audit, not population false-certification rate",gpt2_sst2,shared_rms,1
bernstein,aligned,0.02,0,0.0,,,"Noisy final-test audit, not population false-certification rate",gpt2_sst2,shared_rms,1
bernstein,aligned,0.05,123,0.9318181818181818,0.006429834488290645,0.0,"Noisy final-test audit, not population false-certification rate",gpt2_sst2,shared_rms,1
bernstein,aligned,0.1,132,1.0,0.007912933541942396,0.0,"Noisy final-test audit, not population false-certification rate",gpt2_sst2,shared_rms,1
betting,unaligned,0.0,0,0.0,,,"Noisy final-test audit, not population false-certification rate",gpt2_sst2,shared_rms,1
betting,unaligned,0.01,0,0.0,,,"Noisy final-test audit, not population false-certification rate",gpt2_sst2,shared_rms,1
betting,unaligned,0.02,3,0.022727272727272728,0.005833983507366664,0.0,"Noisy final-test audit, not population false-certification rate",gpt2_sst2,shared_rms,1
betting,unaligned,0.05,19,0.14393939393939395,0.019364088971772265,0.0,"Noisy final-test audit, not population false-certification rate",gpt2_sst2,shared_rms,1
betting,unaligned,0.1,47,0.3560606060606061,0.04107388042363618,0.0,"Noisy final-test audit, not population false-certification rate",gpt2_sst2,shared_rms,1
betting,aligned,0.0,0,0.0,,,"Noisy final-test audit, not population false-certification rate",gpt2_sst2,shared_rms,1
betting,aligned,0.01,63,0.4772727272727273,0.001739335645807226,0.0,"Noisy final-test audit, not population false-certification rate",gpt2_sst2,shared_rms,1
betting,aligned,0.02,105,0.7954545454545454,0.004046983774509581,0.0,"Noisy final-test audit, not population false-certification rate",gpt2_sst2,shared_rms,1
betting,aligned,0.05,132,1.0,0.007912933541942396,0.0,"Noisy final-test audit, not population false-certification rate",gpt2_sst2,shared_rms,1
betting,aligned,0.1,132,1.0,0.007912933541942396,0.0,"Noisy final-test audit, not population false-certification rate",gpt2_sst2,shared_rms,1
bernstein,unaligned,0.0,0,0.0,,,"Noisy final-test audit, not population false-certification rate",gpt2_sst2,native_raw,2
bernstein,unaligned,0.01,0,0.0,,,"Noisy final-test audit, not population false-certification rate",gpt2_sst2,native_raw,2
bernstein,unaligned,0.02,0,0.0,,,"Noisy final-test audit, not population false-certification rate",gpt2_sst2,native_raw,2
bernstein,unaligned,0.05,0,0.0,,,"Noisy final-test audit, not population false-certification rate",gpt2_sst2,native_raw,2
bernstein,unaligned,0.1,9,0.06818181818181818,0.03945702214100502,0.0,"Noisy final-test audit, not population false-certification rate",gpt2_sst2,native_raw,2
bernstein,aligned,0.0,0,0.0,,,"Noisy final-test audit, not population false-certification rate",gpt2_sst2,native_raw,2
bernstein,aligned,0.01,0,0.0,,,"Noisy final-test audit, not population false-certification rate",gpt2_sst2,native_raw,2
bernstein,aligned,0.02,0,0.0,,,"Noisy final-test audit, not population false-certification rate",gpt2_sst2,native_raw,2
bernstein,aligned,0.05,115,0.8712121212121212,0.005858285928315954,0.0,"Noisy final-test audit, not population false-certification rate",gpt2_sst2,native_raw,2
bernstein,aligned,0.1,132,1.0,0.008157561435973515,0.0,"Noisy final-test audit, not population false-certification rate",gpt2_sst2,native_raw,2
betting,unaligned,0.0,0,0.0,,,"Noisy final-test audit, not population false-certification rate",gpt2_sst2,native_raw,2
betting,unaligned,0.01,0,0.0,,,"Noisy final-test audit, not population false-certification rate",gpt2_sst2,native_raw,2
betting,unaligned,0.02,0,0.0,,,"Noisy final-test audit, not population false-certification rate",gpt2_sst2,native_raw,2
betting,unaligned,0.05,5,0.03787878787878788,0.029368516350055152,0.0,"Noisy final-test audit, not population false-certification rate",gpt2_sst2,native_raw,2
betting,unaligned,0.1,11,0.08333333333333333,0.04739358957079188,0.0,"Noisy final-test audit, not population false-certification rate",gpt2_sst2,native_raw,2
betting,aligned,0.0,0,0.0,,,"Noisy final-test audit, not population false-certification rate",gpt2_sst2,native_raw,2
betting,aligned,0.01,56,0.42424242424242425,0.0022053200358804247,0.0,"Noisy final-test audit, not population false-certification rate",gpt2_sst2,native_raw,2
betting,aligned,0.02,97,0.7348484848484849,0.003925657633052631,0.0,"Noisy final-test audit, not population false-certification rate",gpt2_sst2,native_raw,2
betting,aligned,0.05,132,1.0,0.008157561435973515,0.0,"Noisy final-test audit, not population false-certification rate",gpt2_sst2,native_raw,2
betting,aligned,0.1,132,1.0,0.008157561435973515,0.0,"Noisy final-test audit, not population false-certification rate",gpt2_sst2,native_raw,2
bernstein,unaligned,0.0,0,0.0,,,"Noisy final-test audit, not population false-certification rate",gpt2_sst2,shared_raw,2
bernstein,unaligned,0.01,0,0.0,,,"Noisy final-test audit, not population false-certification rate",gpt2_sst2,shared_raw,2
bernstein,unaligned,0.02,0,0.0,,,"Noisy final-test audit, not population false-certification rate",gpt2_sst2,shared_raw,2
bernstein,unaligned,0.05,2,0.015151515151515152,0.01529027905112421,0.0,"Noisy final-test audit, not population false-certification rate",gpt2_sst2,shared_raw,2
bernstein,unaligned,0.1,12,0.09090909090909091,0.03787223318311901,0.0,"Noisy final-test audit, not population false-certification rate",gpt2_sst2,shared_raw,2
bernstein,aligned,0.0,0,0.0,,,"Noisy final-test audit, not population false-certification rate",gpt2_sst2,shared_raw,2
bernstein,aligned,0.01,0,0.0,,,"Noisy final-test audit, not population false-certification rate",gpt2_sst2,shared_raw,2
bernstein,aligned,0.02,0,0.0,,,"Noisy final-test audit, not population false-certification rate",gpt2_sst2,shared_raw,2
bernstein,aligned,0.05,126,0.9545454545454546,0.006789615374959228,0.0,"Noisy final-test audit, not population false-certification rate",gpt2_sst2,shared_raw,2
bernstein,aligned,0.1,132,1.0,0.007708481868753295,0.0,"Noisy final-test audit, not population false-certification rate",gpt2_sst2,shared_raw,2
betting,unaligned,0.0,0,0.0,,,"Noisy final-test audit, not population false-certification rate",gpt2_sst2,shared_raw,2
betting,unaligned,0.01,0,0.0,,,"Noisy final-test audit, not population false-certification rate",gpt2_sst2,shared_raw,2
betting,unaligned,0.02,1,0.007575757575757576,0.011233838688937493,0.0,"Noisy final-test audit, not population false-certification rate",gpt2_sst2,shared_raw,2
betting,unaligned,0.05,6,0.045454545454545456,0.025477221023871302,0.0,"Noisy final-test audit, not population false-certification rate",gpt2_sst2,shared_raw,2
betting,unaligned,0.1,19,0.14393939393939395,0.04951972058930138,0.0,"Noisy final-test audit, not population false-certification rate",gpt2_sst2,shared_raw,2
betting,aligned,0.0,0,0.0,,,"Noisy final-test audit, not population false-certification rate",gpt2_sst2,shared_raw,2
betting,aligned,0.01,57,0.4318181818181818,0.002103703942242122,0.0,"Noisy final-test audit, not population false-certification rate",gpt2_sst2,shared_raw,2
betting,aligned,0.02,105,0.7954545454545454,0.004274616990355959,0.0,"Noisy final-test audit, not population false-certification rate",gpt2_sst2,shared_raw,2
betting,aligned,0.05,132,1.0,0.007708481868753295,0.0,"Noisy final-test audit, not population false-certification rate",gpt2_sst2,shared_raw,2
betting,aligned,0.1,132,1.0,0.007708481868753295,0.0,"Noisy final-test audit, not population false-certification rate",gpt2_sst2,shared_raw,2
bernstein,unaligned,0.0,0,0.0,,,"Noisy final-test audit, not population false-certification rate",gpt2_sst2,shared_center,2
bernstein,unaligned,0.01,0,0.0,,,"Noisy final-test audit, not population false-certification rate",gpt2_sst2,shared_center,2
bernstein,unaligned,0.02,0,0.0,,,"Noisy final-test audit, not population false-certification rate",gpt2_sst2,shared_center,2
bernstein,unaligned,0.05,11,0.08333333333333333,0.01268971843154759,0.0,"Noisy final-test audit, not population false-certification rate",gpt2_sst2,shared_center,2
bernstein,unaligned,0.1,53,0.4015151515151515,0.03929855754479664,0.0,"Noisy final-test audit, not population false-certification rate",gpt2_sst2,shared_center,2
bernstein,aligned,0.0,0,0.0,,,"Noisy final-test audit, not population false-certification rate",gpt2_sst2,shared_center,2
bernstein,aligned,0.01,0,0.0,,,"Noisy final-test audit, not population false-certification rate",gpt2_sst2,shared_center,2
bernstein,aligned,0.02,0,0.0,,,"Noisy final-test audit, not population false-certification rate",gpt2_sst2,shared_center,2
bernstein,aligned,0.05,126,0.9545454545454546,0.006550875925145602,0.0,"Noisy final-test audit, not population false-certification rate",gpt2_sst2,shared_center,2
bernstein,aligned,0.1,132,1.0,0.007502753121054337,0.0,"Noisy final-test audit, not population false-certification rate",gpt2_sst2,shared_center,2
betting,unaligned,0.0,0,0.0,,,"Noisy final-test audit, not population false-certification rate",gpt2_sst2,shared_center,2
betting,unaligned,0.01,0,0.0,,,"Noisy final-test audit, not population false-certification rate",gpt2_sst2,shared_center,2
betting,unaligned,0.02,5,0.03787878787878788,0.0085208059924213,0.0,"Noisy final-test audit, not population false-certification rate",gpt2_sst2,shared_center,2
betting,unaligned,0.05,19,0.14393939393939395,0.01886945957997346,0.0,"Noisy final-test audit, not population false-certification rate",gpt2_sst2,shared_center,2
betting,unaligned,0.1,75,0.5681818181818182,0.04658806287511972,0.0,"Noisy final-test audit, not population false-certification rate",gpt2_sst2,shared_center,2
betting,aligned,0.0,0,0.0,,,"Noisy final-test audit, not population false-certification rate",gpt2_sst2,shared_center,2
betting,aligned,0.01,59,0.44696969696969696,0.002003052593454092,0.0,"Noisy final-test audit, not population false-certification rate",gpt2_sst2,shared_center,2
betting,aligned,0.02,106,0.803030303030303,0.004166616104020547,0.0,"Noisy final-test audit, not population false-certification rate",gpt2_sst2,shared_center,2
betting,aligned,0.05,132,1.0,0.007502753121054337,0.0,"Noisy final-test audit, not population false-certification rate",gpt2_sst2,shared_center,2
betting,aligned,0.1,132,1.0,0.007502753121054337,0.0,"Noisy final-test audit, not population false-certification rate",gpt2_sst2,shared_center,2
bernstein,unaligned,0.0,0,0.0,,,"Noisy final-test audit, not population false-certification rate",gpt2_sst2,shared_rms,2
bernstein,unaligned,0.01,0,0.0,,,"Noisy final-test audit, not population false-certification rate",gpt2_sst2,shared_rms,2
bernstein,unaligned,0.02,0,0.0,,,"Noisy final-test audit, not population false-certification rate",gpt2_sst2,shared_rms,2
bernstein,unaligned,0.05,12,0.09090909090909091,0.012465510291917552,0.0,"Noisy final-test audit, not population false-certification rate",gpt2_sst2,shared_rms,2
bernstein,unaligned,0.1,37,0.2803030303030303,0.031906769225177135,0.0,"Noisy final-test audit, not population false-certification rate",gpt2_sst2,shared_rms,2
bernstein,aligned,0.0,0,0.0,,,"Noisy final-test audit, not population false-certification rate",gpt2_sst2,shared_rms,2
bernstein,aligned,0.01,0,0.0,,,"Noisy final-test audit, not population false-certification rate",gpt2_sst2,shared_rms,2
bernstein,aligned,0.02,0,0.0,,,"Noisy final-test audit, not population false-certification rate",gpt2_sst2,shared_rms,2
bernstein,aligned,0.05,121,0.9166666666666666,0.0058653528505239185,0.0,"Noisy final-test audit, not population false-certification rate",gpt2_sst2,shared_rms,2
bernstein,aligned,0.1,132,1.0,0.007478062344370328,0.0,"Noisy final-test audit, not population false-certification rate",gpt2_sst2,shared_rms,2
betting,unaligned,0.0,0,0.0,,,"Noisy final-test audit, not population false-certification rate",gpt2_sst2,shared_rms,2
betting,unaligned,0.01,0,0.0,,,"Noisy final-test audit, not population false-certification rate",gpt2_sst2,shared_rms,2
betting,unaligned,0.02,5,0.03787878787878788,0.006780356989441157,0.0,"Noisy final-test audit, not population false-certification rate",gpt2_sst2,shared_rms,2
betting,unaligned,0.05,20,0.15151515151515152,0.018453927815111505,0.0,"Noisy final-test audit, not population false-certification rate",gpt2_sst2,shared_rms,2
betting,unaligned,0.1,49,0.3712121212121212,0.041613914357681095,0.0,"Noisy final-test audit, not population false-certification rate",gpt2_sst2,shared_rms,2
betting,aligned,0.0,0,0.0,,,"Noisy final-test audit, not population false-certification rate",gpt2_sst2,shared_rms,2
betting,aligned,0.01,61,0.4621212121212121,0.001890020144295574,0.0,"Noisy final-test audit, not population false-certification rate",gpt2_sst2,shared_rms,2
betting,aligned,0.02,106,0.803030303030303,0.003966845411676169,0.0,"Noisy final-test audit, not population false-certification rate",gpt2_sst2,shared_rms,2
betting,aligned,0.05,132,1.0,0.007478062344370328,0.0,"Noisy final-test audit, not population false-certification rate",gpt2_sst2,shared_rms,2
betting,aligned,0.1,132,1.0,0.007478062344370328,0.0,"Noisy final-test audit, not population false-certification rate",gpt2_sst2,shared_rms,2
bernstein,unaligned,0.0,0,0.0,,,"Noisy final-test audit, not population false-certification rate",gpt2_agnews,native_raw,0
bernstein,unaligned,0.01,0,0.0,,,"Noisy final-test audit, not population false-certification rate",gpt2_agnews,native_raw,0
bernstein,unaligned,0.02,0,0.0,,,"Noisy final-test audit, not population false-certification rate",gpt2_agnews,native_raw,0
bernstein,unaligned,0.05,24,0.18181818181818182,0.012767365017936292,0.0,"Noisy final-test audit, not population false-certification rate",gpt2_agnews,native_raw,0
bernstein,unaligned,0.1,55,0.4166666666666667,0.02878362054879832,0.0,"Noisy final-test audit, not population false-certification rate",gpt2_agnews,native_raw,0
bernstein,aligned,0.0,0,0.0,,,"Noisy final-test audit, not population false-certification rate",gpt2_agnews,native_raw,0
bernstein,aligned,0.01,0,0.0,,,"Noisy final-test audit, not population false-certification rate",gpt2_agnews,native_raw,0
bernstein,aligned,0.02,0,0.0,,,"Noisy final-test audit, not population false-certification rate",gpt2_agnews,native_raw,0
bernstein,aligned,0.05,132,1.0,0.0039039764146100156,0.0,"Noisy final-test audit, not population false-certification rate",gpt2_agnews,native_raw,0
bernstein,aligned,0.1,132,1.0,0.0039039764146100156,0.0,"Noisy final-test audit, not population false-certification rate",gpt2_agnews,native_raw,0
betting,unaligned,0.0,0,0.0,,,"Noisy final-test audit, not population false-certification rate",gpt2_agnews,native_raw,0
betting,unaligned,0.01,3,0.022727272727272728,0.0013231273339545015,0.0,"Noisy final-test audit, not population false-certification rate",gpt2_agnews,native_raw,0
betting,unaligned,0.02,8,0.06060606060606061,0.006019781186052599,0.0,"Noisy final-test audit, not population false-certification rate",gpt2_agnews,native_raw,0
betting,unaligned,0.05,37,0.2803030303030303,0.0188959085383063,0.0,"Noisy final-test audit, not population false-certification rate",gpt2_agnews,native_raw,0
betting,unaligned,0.1,69,0.5227272727272727,0.03710354749133082,0.0,"Noisy final-test audit, not population false-certification rate",gpt2_agnews,native_raw,0
betting,aligned,0.0,0,0.0,,,"Noisy final-test audit, not population false-certification rate",gpt2_agnews,native_raw,0
betting,aligned,0.01,92,0.696969696969697,0.001962061761477672,0.0,"Noisy final-test audit, not population false-certification rate",gpt2_agnews,native_raw,0
betting,aligned,0.02,129,0.9772727272727273,0.0036352412178440245,0.0,"Noisy final-test audit, not population false-certification rate",gpt2_agnews,native_raw,0
betting,aligned,0.05,132,1.0,0.0039039764146100156,0.0,"Noisy final-test audit, not population false-certification rate",gpt2_agnews,native_raw,0
betting,aligned,0.1,132,1.0,0.0039039764146100156,0.0,"Noisy final-test audit, not population false-certification rate",gpt2_agnews,native_raw,0
bernstein,unaligned,0.0,0,0.0,,,"Noisy final-test audit, not population false-certification rate",gpt2_agnews,shared_raw,0
bernstein,unaligned,0.01,0,0.0,,,"Noisy final-test audit, not population false-certification rate",gpt2_agnews,shared_raw,0
bernstein,unaligned,0.02,5,0.03787878787878788,-0.005006612999688582,0.0,"Noisy final-test audit, not population false-certification rate",gpt2_agnews,shared_raw,0
bernstein,unaligned,0.05,48,0.36363636363636365,0.003863993086388543,0.0,"Noisy final-test audit, not population false-certification rate",gpt2_agnews,shared_raw,0
bernstein,unaligned,0.1,90,0.6818181818181818,0.02130899103611054,0.0,"Noisy final-test audit, not population false-certification rate",gpt2_agnews,shared_raw,0
bernstein,aligned,0.0,0,0.0,,,"Noisy final-test audit, not population false-certification rate",gpt2_agnews,shared_raw,0
bernstein,aligned,0.01,0,0.0,,,"Noisy final-test audit, not population false-certification rate",gpt2_agnews,shared_raw,0
bernstein,aligned,0.02,0,0.0,,,"Noisy final-test audit, not population false-certification rate",gpt2_agnews,shared_raw,0
bernstein,aligned,0.05,128,0.9696969696969697,0.004674637840857049,0.0,"Noisy final-test audit, not population false-certification rate",gpt2_agnews,shared_raw,0
bernstein,aligned,0.1,132,1.0,0.005415220770656864,0.0,"Noisy final-test audit, not population false-certification rate",gpt2_agnews,shared_raw,0
betting,unaligned,0.0,4,0.030303030303030304,-0.005354846876665571,0.0,"Noisy final-test audit, not population false-certification rate",gpt2_agnews,shared_raw,0
betting,unaligned,0.01,23,0.17424242424242425,-0.002426848182616104,0.0,"Noisy final-test audit, not population false-certification rate",gpt2_agnews,shared_raw,0
betting,unaligned,0.02,37,0.2803030303030303,0.001048526662669523,0.0,"Noisy final-test audit, not population false-certification rate",gpt2_agnews,shared_raw,0
betting,unaligned,0.05,61,0.4621212121212121,0.008935484025304518,0.0,"Noisy final-test audit, not population false-certification rate",gpt2_agnews,shared_raw,0
betting,unaligned,0.1,104,0.7878787878787878,0.027745767577473764,0.0,"Noisy final-test audit, not population false-certification rate",gpt2_agnews,shared_raw,0
betting,aligned,0.0,0,0.0,,,"Noisy final-test audit, not population false-certification rate",gpt2_agnews,shared_raw,0
betting,aligned,0.01,91,0.6893939393939394,0.002057713715233917,0.0,"Noisy final-test audit, not population false-certification rate",gpt2_agnews,shared_raw,0
betting,aligned,0.02,116,0.8787878787878788,0.003433241584600603,0.0,"Noisy final-test audit, not population false-certification rate",gpt2_agnews,shared_raw,0
betting,aligned,0.05,132,1.0,0.005415220770656864,0.0,"Noisy final-test audit, not population false-certification rate",gpt2_agnews,shared_raw,0
betting,aligned,0.1,132,1.0,0.005415220770656864,0.0,"Noisy final-test audit, not population false-certification rate",gpt2_agnews,shared_raw,0
bernstein,unaligned,0.0,0,0.0,,,"Noisy final-test audit, not population false-certification rate",gpt2_agnews,shared_center,0
bernstein,unaligned,0.01,0,0.0,,,"Noisy final-test audit, not population false-certification rate",gpt2_agnews,shared_center,0
bernstein,unaligned,0.02,5,0.03787878787878788,-0.0055070713368920625,0.0,"Noisy final-test audit, not population false-certification rate",gpt2_agnews,shared_center,0
bernstein,unaligned,0.05,46,0.3484848484848485,0.005027534105119047,0.0,"Noisy final-test audit, not population false-certification rate",gpt2_agnews,shared_center,0
bernstein,unaligned,0.1,92,0.696969696969697,0.023149126788232825,0.0,"Noisy final-test audit, not population false-certification rate",gpt2_agnews,shared_center,0
bernstein,aligned,0.0,0,0.0,,,"Noisy final-test audit, not population false-certification rate",gpt2_agnews,shared_center,0
bernstein,aligned,0.01,0,0.0,,,"Noisy final-test audit, not population false-certification rate",gpt2_agnews,shared_center,0
bernstein,aligned,0.02,0,0.0,,,"Noisy final-test audit, not population false-certification rate",gpt2_agnews,shared_center,0
bernstein,aligned,0.05,129,0.9772727272727273,0.004810941766791306,0.0,"Noisy final-test audit, not population false-certification rate",gpt2_agnews,shared_center,0
bernstein,aligned,0.1,132,1.0,0.005401328969617365,0.0,"Noisy final-test audit, not population false-certification rate",gpt2_agnews,shared_center,0
betting,unaligned,0.0,5,0.03787878787878788,-0.0055070713368920625,0.0,"Noisy final-test audit, not population false-certification rate",gpt2_agnews,shared_center,0
betting,unaligned,0.01,21,0.1590909090909091,-0.0013307260437812973,0.0,"Noisy final-test audit, not population false-certification rate",gpt2_agnews,shared_center,0
betting,unaligned,0.02,36,0.2727272727272727,0.002242517169895087,0.0,"Noisy final-test audit, not population false-certification rate",gpt2_agnews,shared_center,0
betting,unaligned,0.05,63,0.4772727272727273,0.011146160052521883,0.0,"Noisy final-test audit, not population false-certification rate",gpt2_agnews,shared_center,0
betting,unaligned,0.1,106,0.803030303030303,0.02963974708607289,0.0,"Noisy final-test audit, not population false-certification rate",gpt2_agnews,shared_center,0
betting,aligned,0.0,0,0.0,,,"Noisy final-test audit, not population false-certification rate",gpt2_agnews,shared_center,0
betting,aligned,0.01,90,0.6818181818181818,0.0020197563814875245,0.0,"Noisy final-test audit, not population false-certification rate",gpt2_agnews,shared_center,0
betting,aligned,0.02,116,0.8787878787878788,0.0034313048798194244,0.0,"Noisy final-test audit, not population false-certification rate",gpt2_agnews,shared_center,0
betting,aligned,0.05,132,1.0,0.005401328969617365,0.0,"Noisy final-test audit, not population false-certification rate",gpt2_agnews,shared_center,0
betting,aligned,0.1,132,1.0,0.005401328969617365,0.0,"Noisy final-test audit, not population false-certification rate",gpt2_agnews,shared_center,0
bernstein,unaligned,0.0,0,0.0,,,"Noisy final-test audit, not population false-certification rate",gpt2_agnews,shared_rms,0
bernstein,unaligned,0.01,0,0.0,,,"Noisy final-test audit, not population false-certification rate",gpt2_agnews,shared_rms,0
bernstein,unaligned,0.02,0,0.0,,,"Noisy final-test audit, not population false-certification rate",gpt2_agnews,shared_rms,0
bernstein,unaligned,0.05,86,0.6515151515151515,0.008009693286205767,0.0,"Noisy final-test audit, not population false-certification rate",gpt2_agnews,shared_rms,0
bernstein,unaligned,0.1,130,0.9848484848484849,0.017411861278541434,0.0,"Noisy final-test audit, not population false-certification rate",gpt2_agnews,shared_rms,0
bernstein,aligned,0.0,0,0.0,,,"Noisy final-test audit, not population false-certification rate",gpt2_agnews,shared_rms,0
bernstein,aligned,0.01,0,0.0,,,"Noisy final-test audit, not population false-certification rate",gpt2_agnews,shared_rms,0
bernstein,aligned,0.02,0,0.0,,,"Noisy final-test audit, not population false-certification rate",gpt2_agnews,shared_rms,0
bernstein,aligned,0.05,131,0.9924242424242424,0.004152927372108635,0.0,"Noisy final-test audit, not population false-certification rate",gpt2_agnews,shared_rms,0
bernstein,aligned,0.1,132,1.0,0.004315211953360851,0.0,"Noisy final-test audit, not population false-certification rate",gpt2_agnews,shared_rms,0
betting,unaligned,0.0,0,0.0,,,"Noisy final-test audit, not population false-certification rate",gpt2_agnews,shared_rms,0
betting,unaligned,0.01,31,0.23484848484848486,0.0010996457264804923,0.0,"Noisy final-test audit, not population false-certification rate",gpt2_agnews,shared_rms,0
betting,unaligned,0.02,61,0.4621212121212121,0.004103806010113699,0.0,"Noisy final-test audit, not population false-certification rate",gpt2_agnews,shared_rms,0
betting,unaligned,0.05,108,0.8181818181818182,0.01130493744736578,0.0,"Noisy final-test audit, not population false-certification rate",gpt2_agnews,shared_rms,0
betting,unaligned,0.1,131,0.9924242424242424,0.017827344155292493,0.0,"Noisy final-test audit, not population false-certification rate",gpt2_agnews,shared_rms,0
betting,aligned,0.0,0,0.0,,,"Noisy final-test audit, not population false-certification rate",gpt2_agnews,shared_rms,0
betting,aligned,0.01,97,0.7348484848484849,0.0019711870553836323,0.0,"Noisy final-test audit, not population false-certification rate",gpt2_agnews,shared_rms,0
betting,aligned,0.02,122,0.9242424242424242,0.0031894700933066153,0.0,"Noisy final-test audit, not population false-certification rate",gpt2_agnews,shared_rms,0
betting,aligned,0.05,132,1.0,0.004315211953360851,0.0,"Noisy final-test audit, not population false-certification rate",gpt2_agnews,shared_rms,0
betting,aligned,0.1,132,1.0,0.004315211953360851,0.0,"Noisy final-test audit, not population false-certification rate",gpt2_agnews,shared_rms,0
bernstein,unaligned,0.0,0,0.0,,,"Noisy final-test audit, not population false-certification rate",gpt2_agnews,shared_unit,0
bernstein,unaligned,0.01,0,0.0,,,"Noisy final-test audit, not population false-certification rate",gpt2_agnews,shared_unit,0
bernstein,unaligned,0.02,6,0.045454545454545456,-0.003292501331351859,0.0,"Noisy final-test audit, not population false-certification rate",gpt2_agnews,shared_unit,0
bernstein,unaligned,0.05,74,0.5606060606060606,0.006967568594597643,0.0,"Noisy final-test audit, not population false-certification rate",gpt2_agnews,shared_unit,0
bernstein,unaligned,0.1,117,0.8863636363636364,0.017887791998508384,0.0,"Noisy final-test audit, not population false-certification rate",gpt2_agnews,shared_unit,0
bernstein,aligned,0.0,0,0.0,,,"Noisy final-test audit, not population false-certification rate",gpt2_agnews,shared_unit,0
bernstein,aligned,0.01,0,0.0,,,"Noisy final-test audit, not population false-certification rate",gpt2_agnews,shared_unit,0
bernstein,aligned,0.02,0,0.0,,,"Noisy final-test audit, not population false-certification rate",gpt2_agnews,shared_unit,0
bernstein,aligned,0.05,132,1.0,0.004116620713694357,0.0,"Noisy final-test audit, not population false-certification rate",gpt2_agnews,shared_unit,0
bernstein,aligned,0.1,132,1.0,0.004116620713694357,0.0,"Noisy final-test audit, not population false-certification rate",gpt2_agnews,shared_unit,0
betting,unaligned,0.0,3,0.022727272727272728,-0.004248083727540908,0.0,"Noisy final-test audit, not population false-certification rate",gpt2_agnews,shared_unit,0
betting,unaligned,0.01,33,0.25,0.0002122849464364815,0.0,"Noisy final-test audit, not population false-certification rate",gpt2_agnews,shared_unit,0
betting,unaligned,0.02,52,0.3939393939393939,0.003177658688276834,0.0,"Noisy final-test audit, not population false-certification rate",gpt2_agnews,shared_unit,0
betting,unaligned,0.05,99,0.75,0.012044992957754339,0.0,"Noisy final-test audit, not population false-certification rate",gpt2_agnews,shared_unit,0
betting,unaligned,0.1,125,0.946969696969697,0.021600161028006,0.0,"Noisy final-test audit, not population false-certification rate",gpt2_agnews,shared_unit,0
betting,aligned,0.0,0,0.0,,,"Noisy final-test audit, not population false-certification rate",gpt2_agnews,shared_unit,0
betting,aligned,0.01,100,0.7575757575757576,0.0020089158958372494,0.0,"Noisy final-test audit, not population false-certification rate",gpt2_agnews,shared_unit,0
betting,aligned,0.02,122,0.9242424242424242,0.00306447911701767,0.0,"Noisy final-test audit, not population false-certification rate",gpt2_agnews,shared_unit,0
betting,aligned,0.05,132,1.0,0.004116620713694357,0.0,"Noisy final-test audit, not population false-certification rate",gpt2_agnews,shared_unit,0
betting,aligned,0.1,132,1.0,0.004116620713694357,0.0,"Noisy final-test audit, not population false-certification rate",gpt2_agnews,shared_unit,0
bernstein,unaligned,0.0,0,0.0,,,"Noisy final-test audit, not population false-certification rate",gpt2_agnews,shared_clip100,0
bernstein,unaligned,0.01,0,0.0,,,"Noisy final-test audit, not population false-certification rate",gpt2_agnews,shared_clip100,0
bernstein,unaligned,0.02,6,0.045454545454545456,-0.003853814573110332,0.0,"Noisy final-test audit, not population false-certification rate",gpt2_agnews,shared_clip100,0
bernstein,unaligned,0.05,54,0.4090909090909091,0.00621461606986353,0.0,"Noisy final-test audit, not population false-certification rate",gpt2_agnews,shared_clip100,0
bernstein,unaligned,0.1,97,0.7348484848484849,0.020675283608422447,0.0,"Noisy final-test audit, not population false-certification rate",gpt2_agnews,shared_clip100,0
bernstein,aligned,0.0,0,0.0,,,"Noisy final-test audit, not population false-certification rate",gpt2_agnews,shared_clip100,0
bernstein,aligned,0.01,0,0.0,,,"Noisy final-test audit, not population false-certification rate",gpt2_agnews,shared_clip100,0
bernstein,aligned,0.02,0,0.0,,,"Noisy final-test audit, not population false-certification rate",gpt2_agnews,shared_clip100,0
bernstein,aligned,0.05,131,0.9924242424242424,0.004196267746031417,0.0,"Noisy final-test audit, not population false-certification rate",gpt2_agnews,shared_clip100,0
bernstein,aligned,0.1,132,1.0,0.00436232735924896,0.0,"Noisy final-test audit, not population false-certification rate",gpt2_agnews,shared_clip100,0
betting,unaligned,0.0,4,0.030303030303030304,-0.004770266375767643,0.0,"Noisy final-test audit, not population false-certification rate",gpt2_agnews,shared_clip100,0
betting,unaligned,0.01,20,0.15151515151515152,-0.001569508113385739,0.0,"Noisy final-test audit, not population false-certification rate",gpt2_agnews,shared_clip100,0
betting,unaligned,0.02,40,0.30303030303030304,0.0029033661834035264,0.0,"Noisy final-test audit, not population false-certification rate",gpt2_agnews,shared_clip100,0
betting,unaligned,0.05,71,0.5378787878787878,0.011109363723351088,0.0,"Noisy final-test audit, not population false-certification rate",gpt2_agnews,shared_clip100,0
betting,unaligned,0.1,110,0.8333333333333334,0.026348891578418514,0.0,"Noisy final-test audit, not population false-certification rate",gpt2_agnews,shared_clip100,0
betting,aligned,0.0,0,0.0,,,"Noisy final-test audit, not population false-certification rate",gpt2_agnews,shared_clip100,0
betting,aligned,0.01,98,0.7424242424242424,0.00199748607516663,0.0,"Noisy final-test audit, not population false-certification rate",gpt2_agnews,shared_clip100,0
betting,aligned,0.02,122,0.9242424242424242,0.0031638178129522907,0.0,"Noisy final-test audit, not population false-certification rate",gpt2_agnews,shared_clip100,0
betting,aligned,0.05,132,1.0,0.00436232735924896,0.0,"Noisy final-test audit, not population false-certification rate",gpt2_agnews,shared_clip100,0
betting,aligned,0.1,132,1.0,0.00436232735924896,0.0,"Noisy final-test audit, not population false-certification rate",gpt2_agnews,shared_clip100,0
bernstein,unaligned,0.0,0,0.0,,,"Noisy final-test audit, not population false-certification rate",gpt2_agnews,shared_clip300,0
bernstein,unaligned,0.01,0,0.0,,,"Noisy final-test audit, not population false-certification rate",gpt2_agnews,shared_clip300,0
bernstein,unaligned,0.02,5,0.03787878787878788,-0.004887371518962338,0.0,"Noisy final-test audit, not population false-certification rate",gpt2_agnews,shared_clip300,0
bernstein,unaligned,0.05,49,0.3712121212121212,0.0043862758601349505,0.0,"Noisy final-test audit, not population false-certification rate",gpt2_agnews,shared_clip300,0
bernstein,unaligned,0.1,92,0.696969696969697,0.02188571718903385,0.0,"Noisy final-test audit, not population false-certification rate",gpt2_agnews,shared_clip300,0
bernstein,aligned,0.0,0,0.0,,,"Noisy final-test audit, not population false-certification rate",gpt2_agnews,shared_clip300,0
bernstein,aligned,0.01,0,0.0,,,"Noisy final-test audit, not population false-certification rate",gpt2_agnews,shared_clip300,0
bernstein,aligned,0.02,0,0.0,,,"Noisy final-test audit, not population false-certification rate",gpt2_agnews,shared_clip300,0
bernstein,aligned,0.05,129,0.9772727272727273,0.004571933049768936,0.0,"Noisy final-test audit, not population false-certification rate",gpt2_agnews,shared_clip300,0
bernstein,aligned,0.1,132,1.0,0.0051190711977409644,0.0,"Noisy final-test audit, not population false-certification rate",gpt2_agnews,shared_clip300,0
betting,unaligned,0.0,3,0.022727272727272728,-0.0052381581400214395,0.0,"Noisy final-test audit, not population false-certification rate",gpt2_agnews,shared_clip300,0
betting,unaligned,0.01,21,0.1590909090909091,-0.001529442758938932,0.0,"Noisy final-test audit, not population false-certification rate",gpt2_agnews,shared_clip300,0
betting,unaligned,0.02,40,0.30303030303030304,0.0024419636097020928,0.0,"Noisy final-test audit, not population false-certification rate",gpt2_agnews,shared_clip300,0
betting,unaligned,0.05,64,0.48484848484848486,0.009883938829483569,0.0,"Noisy final-test audit, not population false-certification rate",gpt2_agnews,shared_clip300,0
betting,unaligned,0.1,103,0.7803030303030303,0.027422975496720365,0.0,"Noisy final-test audit, not population false-certification rate",gpt2_agnews,shared_clip300,0
betting,aligned,0.0,0,0.0,,,"Noisy final-test audit, not population false-certification rate",gpt2_agnews,shared_clip300,0
betting,aligned,0.01,92,0.696969696969697,0.001997615515283446,0.0,"Noisy final-test audit, not population false-certification rate",gpt2_agnews,shared_clip300,0
betting,aligned,0.02,120,0.9090909090909091,0.003572205832557902,0.0,"Noisy final-test audit, not population false-certification rate",gpt2_agnews,shared_clip300,0
betting,aligned,0.05,132,1.0,0.0051190711977409644,0.0,"Noisy final-test audit, not population false-certification rate",gpt2_agnews,shared_clip300,0
betting,aligned,0.1,132,1.0,0.0051190711977409644,0.0,"Noisy final-test audit, not population false-certification rate",gpt2_agnews,shared_clip300,0
bernstein,unaligned,0.0,0,0.0,,,"Noisy final-test audit, not population false-certification rate",gpt2_agnews,separate_naive,0
bernstein,unaligned,0.01,0,0.0,,,"Noisy final-test audit, not population false-certification rate",gpt2_agnews,separate_naive,0
bernstein,unaligned,0.02,0,0.0,,,"Noisy final-test audit, not population false-certification rate",gpt2_agnews,separate_naive,0
bernstein,unaligned,0.05,0,0.0,,,"Noisy final-test audit, not population false-certification rate",gpt2_agnews,separate_naive,0
bernstein,unaligned,0.1,0,0.0,,,"Noisy final-test audit, not population false-certification rate",gpt2_agnews,separate_naive,0
bernstein,aligned,0.0,0,0.0,,,"Noisy final-test audit, not population false-certification rate",gpt2_agnews,separate_naive,0
bernstein,aligned,0.01,0,0.0,,,"Noisy final-test audit, not population false-certification rate",gpt2_agnews,separate_naive,0
bernstein,aligned,0.02,0,0.0,,,"Noisy final-test audit, not population false-certification rate",gpt2_agnews,separate_naive,0
bernstein,aligned,0.05,129,0.9772727272727273,0.005257727508873624,0.0,"Noisy final-test audit, not population false-certification rate",gpt2_agnews,separate_naive,0
bernstein,aligned,0.1,132,1.0,0.005841633818413693,0.0,"Noisy final-test audit, not population false-certification rate",gpt2_agnews,separate_naive,0
betting,unaligned,0.0,0,0.0,,,"Noisy final-test audit, not population false-certification rate",gpt2_agnews,separate_naive,0
betting,unaligned,0.01,0,0.0,,,"Noisy final-test audit, not population false-certification rate",gpt2_agnews,separate_naive,0
betting,unaligned,0.02,0,0.0,,,"Noisy final-test audit, not population false-certification rate",gpt2_agnews,separate_naive,0
betting,unaligned,0.05,0,0.0,,,"Noisy final-test audit, not population false-certification rate",gpt2_agnews,separate_naive,0
betting,unaligned,0.1,2,0.015151515151515152,0.07398449800098503,0.0,"Noisy final-test audit, not population false-certification rate",gpt2_agnews,separate_naive,0
betting,aligned,0.0,0,0.0,,,"Noisy final-test audit, not population false-certification rate",gpt2_agnews,separate_naive,0
betting,aligned,0.01,86,0.6515151515151515,0.002037753230169529,0.0,"Noisy final-test audit, not population false-certification rate",gpt2_agnews,separate_naive,0
betting,aligned,0.02,113,0.8560606060606061,0.0035035594104581747,0.0,"Noisy final-test audit, not population false-certification rate",gpt2_agnews,separate_naive,0
betting,aligned,0.05,132,1.0,0.005841633818413693,0.0,"Noisy final-test audit, not population false-certification rate",gpt2_agnews,separate_naive,0
betting,aligned,0.1,132,1.0,0.005841633818413693,0.0,"Noisy final-test audit, not population false-certification rate",gpt2_agnews,separate_naive,0
bernstein,unaligned,0.0,0,0.0,,,"Noisy final-test audit, not population false-certification rate",gpt2_agnews,separate_lift,0
bernstein,unaligned,0.01,0,0.0,,,"Noisy final-test audit, not population false-certification rate",gpt2_agnews,separate_lift,0
bernstein,unaligned,0.02,7,0.05303030303030303,-0.004424836407385664,0.0,"Noisy final-test audit, not population false-certification rate",gpt2_agnews,separate_lift,0
bernstein,unaligned,0.05,61,0.4621212121212121,0.00370307631204,0.0,"Noisy final-test audit, not population false-certification rate",gpt2_agnews,separate_lift,0
bernstein,unaligned,0.1,96,0.7272727272727273,0.017059489093930045,0.0,"Noisy final-test audit, not population false-certification rate",gpt2_agnews,separate_lift,0
bernstein,aligned,0.0,0,0.0,,,"Noisy final-test audit, not population false-certification rate",gpt2_agnews,separate_lift,0
bernstein,aligned,0.01,0,0.0,,,"Noisy final-test audit, not population false-certification rate",gpt2_agnews,separate_lift,0
bernstein,aligned,0.02,0,0.0,,,"Noisy final-test audit, not population false-certification rate",gpt2_agnews,separate_lift,0
bernstein,aligned,0.05,129,0.9772727272727273,0.005257727508873624,0.0,"Noisy final-test audit, not population false-certification rate",gpt2_agnews,separate_lift,0
bernstein,aligned,0.1,132,1.0,0.005841633818413693,0.0,"Noisy final-test audit, not population false-certification rate",gpt2_agnews,separate_lift,0
betting,unaligned,0.0,4,0.030303030303030304,-0.004979207051371067,0.0,"Noisy final-test audit, not population false-certification rate",gpt2_agnews,separate_lift,0
betting,unaligned,0.01,29,0.2196969696969697,-0.002370110102316053,0.0,"Noisy final-test audit, not population false-certification rate",gpt2_agnews,separate_lift,0
betting,unaligned,0.02,47,0.3560606060606061,0.0006662974601960998,0.0,"Noisy final-test audit, not population false-certification rate",gpt2_agnews,separate_lift,0
betting,unaligned,0.05,76,0.5757575757575758,0.00877931705058109,0.0,"Noisy final-test audit, not population false-certification rate",gpt2_agnews,separate_lift,0
betting,unaligned,0.1,109,0.8257575757575758,0.023660673169208803,0.0,"Noisy final-test audit, not population false-certification rate",gpt2_agnews,separate_lift,0
betting,aligned,0.0,0,0.0,,,"Noisy final-test audit, not population false-certification rate",gpt2_agnews,separate_lift,0
betting,aligned,0.01,86,0.6515151515151515,0.002037753230169529,0.0,"Noisy final-test audit, not population false-certification rate",gpt2_agnews,separate_lift,0
betting,aligned,0.02,113,0.8560606060606061,0.0035035594104581747,0.0,"Noisy final-test audit, not population false-certification rate",gpt2_agnews,separate_lift,0
betting,aligned,0.05,132,1.0,0.005841633818413693,0.0,"Noisy final-test audit, not population false-certification rate",gpt2_agnews,separate_lift,0
betting,aligned,0.1,132,1.0,0.005841633818413693,0.0,"Noisy final-test audit, not population false-certification rate",gpt2_agnews,separate_lift,0
bernstein,unaligned,0.0,0,0.0,,,"Noisy final-test audit, not population false-certification rate",gpt2_agnews,native_raw,1
bernstein,unaligned,0.01,0,0.0,,,"Noisy final-test audit, not population false-certification rate",gpt2_agnews,native_raw,1
bernstein,unaligned,0.02,0,0.0,,,"Noisy final-test audit, not population false-certification rate",gpt2_agnews,native_raw,1
bernstein,unaligned,0.05,24,0.18181818181818182,0.013025541861953031,0.0,"Noisy final-test audit, not population false-certification rate",gpt2_agnews,native_raw,1
bernstein,unaligned,0.1,54,0.4090909090909091,0.03112885767720457,0.0,"Noisy final-test audit, not population false-certification rate",gpt2_agnews,native_raw,1
bernstein,aligned,0.0,0,0.0,,,"Noisy final-test audit, not population false-certification rate",gpt2_agnews,native_raw,1
bernstein,aligned,0.01,0,0.0,,,"Noisy final-test audit, not population false-certification rate",gpt2_agnews,native_raw,1
bernstein,aligned,0.02,0,0.0,,,"Noisy final-test audit, not population false-certification rate",gpt2_agnews,native_raw,1
bernstein,aligned,0.05,132,1.0,0.004648364717516754,0.0,"Noisy final-test audit, not population false-certification rate",gpt2_agnews,native_raw,1
bernstein,aligned,0.1,132,1.0,0.004648364717516754,0.0,"Noisy final-test audit, not population false-certification rate",gpt2_agnews,native_raw,1
betting,unaligned,0.0,0,0.0,,,"Noisy final-test audit, not population false-certification rate",gpt2_agnews,native_raw,1
betting,unaligned,0.01,2,0.015151515151515152,0.0010384045415036318,0.0,"Noisy final-test audit, not population false-certification rate",gpt2_agnews,native_raw,1
betting,unaligned,0.02,11,0.08333333333333333,0.007717482222131871,0.0,"Noisy final-test audit, not population false-certification rate",gpt2_agnews,native_raw,1
betting,unaligned,0.05,34,0.25757575757575757,0.01823816088838832,0.0,"Noisy final-test audit, not population false-certification rate",gpt2_agnews,native_raw,1
betting,unaligned,0.1,74,0.5606060606060606,0.04172030185903597,0.0,"Noisy final-test audit, not population false-certification rate",gpt2_agnews,native_raw,1
betting,aligned,0.0,0,0.0,,,"Noisy final-test audit, not population false-certification rate",gpt2_agnews,native_raw,1
betting,aligned,0.01,89,0.6742424242424242,0.002402606933966307,0.0,"Noisy final-test audit, not population false-certification rate",gpt2_agnews,native_raw,1
betting,aligned,0.02,127,0.9621212121212122,0.004138035362508329,0.0,"Noisy final-test audit, not population false-certification rate",gpt2_agnews,native_raw,1
betting,aligned,0.05,132,1.0,0.004648364717516754,0.0,"Noisy final-test audit, not population false-certification rate",gpt2_agnews,native_raw,1
betting,aligned,0.1,132,1.0,0.004648364717516754,0.0,"Noisy final-test audit, not population false-certification rate",gpt2_agnews,native_raw,1
bernstein,unaligned,0.0,0,0.0,,,"Noisy final-test audit, not population false-certification rate",gpt2_agnews,shared_raw,1
bernstein,unaligned,0.01,0,0.0,,,"Noisy final-test audit, not population false-certification rate",gpt2_agnews,shared_raw,1
bernstein,unaligned,0.02,5,0.03787878787878788,-0.004261076008924581,0.0,"Noisy final-test audit, not population false-certification rate",gpt2_agnews,shared_raw,1
bernstein,unaligned,0.05,49,0.3712121212121212,0.005371297215269313,0.0,"Noisy final-test audit, not population false-certification rate",gpt2_agnews,shared_raw,1
bernstein,unaligned,0.1,87,0.6590909090909091,0.021176893773134246,0.0,"Noisy final-test audit, not population false-certification rate",gpt2_agnews,shared_raw,1
bernstein,aligned,0.0,0,0.0,,,"Noisy final-test audit, not population false-certification rate",gpt2_agnews,shared_raw,1
bernstein,aligned,0.01,0,0.0,,,"Noisy final-test audit, not population false-certification rate",gpt2_agnews,shared_raw,1
bernstein,aligned,0.02,0,0.0,,,"Noisy final-test audit, not population false-certification rate",gpt2_agnews,shared_raw,1
bernstein,aligned,0.05,128,0.9696969696969697,0.005010214941338759,0.0,"Noisy final-test audit, not population false-certification rate",gpt2_agnews,shared_raw,1
bernstein,aligned,0.1,132,1.0,0.005787252339271519,0.0,"Noisy final-test audit, not population false-certification rate",gpt2_agnews,shared_raw,1
betting,unaligned,0.0,2,0.015151515151515152,-0.005217201773506524,0.0,"Noisy final-test audit, not population false-certification rate",gpt2_agnews,shared_raw,1
betting,unaligned,0.01,26,0.19696969696969696,-0.0003731371209592773,0.0,"Noisy final-test audit, not population false-certification rate",gpt2_agnews,shared_raw,1
betting,unaligned,0.02,41,0.3106060606060606,0.003279639422213229,0.0,"Noisy final-test audit, not population false-certification rate",gpt2_agnews,shared_raw,1
betting,unaligned,0.05,64,0.48484848484848486,0.011092537698594133,0.0,"Noisy final-test audit, not population false-certification rate",gpt2_agnews,shared_raw,1
betting,unaligned,0.1,103,0.7803030303030303,0.02927336735751769,0.0,"Noisy final-test audit, not population false-certification rate",gpt2_agnews,shared_raw,1
betting,aligned,0.0,0,0.0,,,"Noisy final-test audit, not population false-certification rate",gpt2_agnews,shared_raw,1
betting,aligned,0.01,90,0.6818181818181818,0.0018919953576699174,0.0,"Noisy final-test audit, not population false-certification rate",gpt2_agnews,shared_raw,1
betting,aligned,0.02,116,0.8787878787878788,0.003613702089190948,0.0,"Noisy final-test audit, not population false-certification rate",gpt2_agnews,shared_raw,1
betting,aligned,0.05,132,1.0,0.005787252339271519,0.0,"Noisy final-test audit, not population false-certification rate",gpt2_agnews,shared_raw,1
betting,aligned,0.1,132,1.0,0.005787252339271519,0.0,"Noisy final-test audit, not population false-certification rate",gpt2_agnews,shared_raw,1
bernstein,unaligned,0.0,0,0.0,,,"Noisy final-test audit, not population false-certification rate",gpt2_agnews,shared_center,1
bernstein,unaligned,0.01,0,0.0,,,"Noisy final-test audit, not population false-certification rate",gpt2_agnews,shared_center,1
bernstein,unaligned,0.02,8,0.06060606060606061,-0.004655211193872998,0.0,"Noisy final-test audit, not population false-certification rate",gpt2_agnews,shared_center,1
bernstein,unaligned,0.05,48,0.36363636363636365,0.006337474248947157,0.0,"Noisy final-test audit, not population false-certification rate",gpt2_agnews,shared_center,1
bernstein,unaligned,0.1,88,0.6666666666666666,0.02316383543809605,0.0,"Noisy final-test audit, not population false-certification rate",gpt2_agnews,shared_center,1
bernstein,aligned,0.0,0,0.0,,,"Noisy final-test audit, not population false-certification rate",gpt2_agnews,shared_center,1
bernstein,aligned,0.01,0,0.0,,,"Noisy final-test audit, not population false-certification rate",gpt2_agnews,shared_center,1
bernstein,aligned,0.02,0,0.0,,,"Noisy final-test audit, not population false-certification rate",gpt2_agnews,shared_center,1
bernstein,aligned,0.05,128,0.9696969696969697,0.004985133690594697,0.0,"Noisy final-test audit, not population false-certification rate",gpt2_agnews,shared_center,1
bernstein,aligned,0.1,132,1.0,0.005745127026306551,0.0,"Noisy final-test audit, not population false-certification rate",gpt2_agnews,shared_center,1
betting,unaligned,0.0,5,0.03787878787878788,-0.005574039874215664,0.0,"Noisy final-test audit, not population false-certification rate",gpt2_agnews,shared_center,1
betting,unaligned,0.01,24,0.18181818181818182,-0.000785419135448866,0.0,"Noisy final-test audit, not population false-certification rate",gpt2_agnews,shared_center,1
betting,unaligned,0.02,37,0.2803030303030303,0.002927557696270899,0.0,"Noisy final-test audit, not population false-certification rate",gpt2_agnews,shared_center,1
betting,unaligned,0.05,64,0.48484848484848486,0.0126007915813401,0.0,"Noisy final-test audit, not population false-certification rate",gpt2_agnews,shared_center,1
betting,unaligned,0.1,105,0.7954545454545454,0.03155178850063328,0.0,"Noisy final-test audit, not population false-certification rate",gpt2_agnews,shared_center,1
betting,aligned,0.0,0,0.0,,,"Noisy final-test audit, not population false-certification rate",gpt2_agnews,shared_center,1
betting,aligned,0.01,90,0.6818181818181818,0.001899721427799373,0.0,"Noisy final-test audit, not population false-certification rate",gpt2_agnews,shared_center,1
betting,aligned,0.02,116,0.8787878787878788,0.00362095402778065,0.0,"Noisy final-test audit, not population false-certification rate",gpt2_agnews,shared_center,1
betting,aligned,0.05,132,1.0,0.005745127026306551,0.0,"Noisy final-test audit, not population false-certification rate",gpt2_agnews,shared_center,1
betting,aligned,0.1,132,1.0,0.005745127026306551,0.0,"Noisy final-test audit, not population false-certification rate",gpt2_agnews,shared_center,1
bernstein,unaligned,0.0,0,0.0,,,"Noisy final-test audit, not population false-certification rate",gpt2_agnews,shared_rms,1
bernstein,unaligned,0.01,0,0.0,,,"Noisy final-test audit, not population false-certification rate",gpt2_agnews,shared_rms,1
bernstein,unaligned,0.02,3,0.022727272727272728,-0.0038600539408016666,0.0,"Noisy final-test audit, not population false-certification rate",gpt2_agnews,shared_rms,1
bernstein,unaligned,0.05,82,0.6212121212121212,0.008266393850667122,0.0,"Noisy final-test audit, not population false-certification rate",gpt2_agnews,shared_rms,1
bernstein,unaligned,0.1,130,0.9848484848484849,0.01874186912102559,0.0,"Noisy final-test audit, not population false-certification rate",gpt2_agnews,shared_rms,1
bernstein,aligned,0.0,0,0.0,,,"Noisy final-test audit, not population false-certification rate",gpt2_agnews,shared_rms,1
bernstein,aligned,0.01,0,0.0,,,"Noisy final-test audit, not population false-certification rate",gpt2_agnews,shared_rms,1
bernstein,aligned,0.02,0,0.0,,,"Noisy final-test audit, not population false-certification rate",gpt2_agnews,shared_rms,1
bernstein,aligned,0.05,131,0.9924242424242424,0.004426296290155711,0.0,"Noisy final-test audit, not population false-certification rate",gpt2_agnews,shared_rms,1
bernstein,aligned,0.1,132,1.0,0.0045977414598029065,0.0,"Noisy final-test audit, not population false-certification rate",gpt2_agnews,shared_rms,1
betting,unaligned,0.0,1,0.007575757575757576,-0.005333364008508719,0.0,"Noisy final-test audit, not population false-certification rate",gpt2_agnews,shared_rms,1
betting,unaligned,0.01,35,0.26515151515151514,0.001291978305043106,0.0,"Noisy final-test audit, not population false-certification rate",gpt2_agnews,shared_rms,1
betting,unaligned,0.02,60,0.45454545454545453,0.004383190563707714,0.0,"Noisy final-test audit, not population false-certification rate",gpt2_agnews,shared_rms,1
betting,unaligned,0.05,108,0.8181818181818182,0.012531378347269051,0.0,"Noisy final-test audit, not population false-certification rate",gpt2_agnews,shared_rms,1
betting,unaligned,0.1,131,0.9924242424242424,0.019106758133971797,0.0,"Noisy final-test audit, not population false-certification rate",gpt2_agnews,shared_rms,1
betting,aligned,0.0,0,0.0,,,"Noisy final-test audit, not population false-certification rate",gpt2_agnews,shared_rms,1
betting,aligned,0.01,96,0.7272727272727273,0.0018674784055717688,0.0,"Noisy final-test audit, not population false-certification rate",gpt2_agnews,shared_rms,1
betting,aligned,0.02,122,0.9242424242424242,0.003373310018730381,0.0,"Noisy final-test audit, not population false-certification rate",gpt2_agnews,shared_rms,1
betting,aligned,0.05,132,1.0,0.0045977414598029065,0.0,"Noisy final-test audit, not population false-certification rate",gpt2_agnews,shared_rms,1
betting,aligned,0.1,132,1.0,0.0045977414598029065,0.0,"Noisy final-test audit, not population false-certification rate",gpt2_agnews,shared_rms,1
bernstein,unaligned,0.0,0,0.0,,,"Noisy final-test audit, not population false-certification rate",gpt2_agnews,native_raw,2
bernstein,unaligned,0.01,0,0.0,,,"Noisy final-test audit, not population false-certification rate",gpt2_agnews,native_raw,2
bernstein,unaligned,0.02,0,0.0,,,"Noisy final-test audit, not population false-certification rate",gpt2_agnews,native_raw,2
bernstein,unaligned,0.05,23,0.17424242424242425,0.01232235365120472,0.0,"Noisy final-test audit, not population false-certification rate",gpt2_agnews,native_raw,2
bernstein,unaligned,0.1,54,0.4090909090909091,0.031119886799875103,0.0,"Noisy final-test audit, not population false-certification rate",gpt2_agnews,native_raw,2
bernstein,aligned,0.0,0,0.0,,,"Noisy final-test audit, not population false-certification rate",gpt2_agnews,native_raw,2
bernstein,aligned,0.01,0,0.0,,,"Noisy final-test audit, not population false-certification rate",gpt2_agnews,native_raw,2
bernstein,aligned,0.02,0,0.0,,,"Noisy final-test audit, not population false-certification rate",gpt2_agnews,native_raw,2
bernstein,aligned,0.05,132,1.0,0.004596959630464113,0.0,"Noisy final-test audit, not population false-certification rate",gpt2_agnews,native_raw,2
bernstein,aligned,0.1,132,1.0,0.004596959630464113,0.0,"Noisy final-test audit, not population false-certification rate",gpt2_agnews,native_raw,2
betting,unaligned,0.0,0,0.0,,,"Noisy final-test audit, not population false-certification rate",gpt2_agnews,native_raw,2
betting,unaligned,0.01,2,0.015151515151515152,-0.0011312062561009545,0.0,"Noisy final-test audit, not population false-certification rate",gpt2_agnews,native_raw,2
betting,unaligned,0.02,10,0.07575757575757576,0.006503092234805348,0.0,"Noisy final-test audit, not population false-certification rate",gpt2_agnews,native_raw,2
betting,unaligned,0.05,33,0.25,0.01767324970781963,0.0,"Noisy final-test audit, not population false-certification rate",gpt2_agnews,native_raw,2
betting,unaligned,0.1,66,0.5,0.038951961086606694,0.0,"Noisy final-test audit, not population false-certification rate",gpt2_agnews,native_raw,2
betting,aligned,0.0,0,0.0,,,"Noisy final-test audit, not population false-certification rate",gpt2_agnews,native_raw,2
betting,aligned,0.01,94,0.7121212121212122,0.0025103334167480575,0.0,"Noisy final-test audit, not population false-certification rate",gpt2_agnews,native_raw,2
betting,aligned,0.02,127,0.9621212121212122,0.00417382025890302,0.0,"Noisy final-test audit, not population false-certification rate",gpt2_agnews,native_raw,2
betting,aligned,0.05,132,1.0,0.004596959630464113,0.0,"Noisy final-test audit, not population false-certification rate",gpt2_agnews,native_raw,2
betting,aligned,0.1,132,1.0,0.004596959630464113,0.0,"Noisy final-test audit, not population false-certification rate",gpt2_agnews,native_raw,2
bernstein,unaligned,0.0,0,0.0,,,"Noisy final-test audit, not population false-certification rate",gpt2_agnews,shared_raw,2
bernstein,unaligned,0.01,0,0.0,,,"Noisy final-test audit, not population false-certification rate",gpt2_agnews,shared_raw,2
bernstein,unaligned,0.02,7,0.05303030303030303,-0.006730985676556506,0.0,"Noisy final-test audit, not population false-certification rate",gpt2_agnews,shared_raw,2
bernstein,unaligned,0.05,46,0.3484848484848485,0.0028410076223030077,0.0,"Noisy final-test audit, not population false-certification rate",gpt2_agnews,shared_raw,2
bernstein,unaligned,0.1,82,0.6212121212121212,0.01963738479530522,0.0,"Noisy final-test audit, not population false-certification rate",gpt2_agnews,shared_raw,2
bernstein,aligned,0.0,0,0.0,,,"Noisy final-test audit, not population false-certification rate",gpt2_agnews,shared_raw,2
bernstein,aligned,0.01,0,0.0,,,"Noisy final-test audit, not population false-certification rate",gpt2_agnews,shared_raw,2
bernstein,aligned,0.02,0,0.0,,,"Noisy final-test audit, not population false-certification rate",gpt2_agnews,shared_raw,2
bernstein,aligned,0.05,128,0.9696969696969697,0.004982481001138252,0.0,"Noisy final-test audit, not population false-certification rate",gpt2_agnews,shared_raw,2
bernstein,aligned,0.1,132,1.0,0.005781823470231843,0.0,"Noisy final-test audit, not population false-certification rate",gpt2_agnews,shared_raw,2
betting,unaligned,0.0,5,0.03787878787878788,-0.0070515104904022,0.0,"Noisy final-test audit, not population false-certification rate",gpt2_agnews,shared_raw,2
betting,unaligned,0.01,22,0.16666666666666666,-0.0038082843625791675,0.0,"Noisy final-test audit, not population false-certification rate",gpt2_agnews,shared_raw,2
betting,unaligned,0.02,36,0.2727272727272727,5.945446684800428e-05,0.0,"Noisy final-test audit, not population false-certification rate",gpt2_agnews,shared_raw,2
betting,unaligned,0.05,62,0.4696969696969697,0.009603689202601259,0.0,"Noisy final-test audit, not population false-certification rate",gpt2_agnews,shared_raw,2
betting,unaligned,0.1,101,0.7651515151515151,0.029711570621370694,0.0,"Noisy final-test audit, not population false-certification rate",gpt2_agnews,shared_raw,2
betting,aligned,0.0,0,0.0,,,"Noisy final-test audit, not population false-certification rate",gpt2_agnews,shared_raw,2
betting,aligned,0.01,88,0.6666666666666666,0.0018505064792503781,0.0,"Noisy final-test audit, not population false-certification rate",gpt2_agnews,shared_raw,2
betting,aligned,0.02,115,0.8712121212121212,0.0034928209721634997,0.0,"Noisy final-test audit, not population false-certification rate",gpt2_agnews,shared_raw,2
betting,aligned,0.05,132,1.0,0.005781823470231843,0.0,"Noisy final-test audit, not population false-certification rate",gpt2_agnews,shared_raw,2
betting,aligned,0.1,132,1.0,0.005781823470231843,0.0,"Noisy final-test audit, not population false-certification rate",gpt2_agnews,shared_raw,2
bernstein,unaligned,0.0,0,0.0,,,"Noisy final-test audit, not population false-certification rate",gpt2_agnews,shared_center,2
bernstein,unaligned,0.01,0,0.0,,,"Noisy final-test audit, not population false-certification rate",gpt2_agnews,shared_center,2
bernstein,unaligned,0.02,6,0.045454545454545456,-0.00757491600724744,0.0,"Noisy final-test audit, not population false-certification rate",gpt2_agnews,shared_center,2
bernstein,unaligned,0.05,47,0.3560606060606061,0.003887940790764396,0.0,"Noisy final-test audit, not population false-certification rate",gpt2_agnews,shared_center,2
bernstein,unaligned,0.1,88,0.6666666666666666,0.021739584315769143,0.0,"Noisy final-test audit, not population false-certification rate",gpt2_agnews,shared_center,2
bernstein,aligned,0.0,0,0.0,,,"Noisy final-test audit, not population false-certification rate",gpt2_agnews,shared_center,2
bernstein,aligned,0.01,0,0.0,,,"Noisy final-test audit, not population false-certification rate",gpt2_agnews,shared_center,2
bernstein,aligned,0.02,0,0.0,,,"Noisy final-test audit, not population false-certification rate",gpt2_agnews,shared_center,2
bernstein,aligned,0.05,128,0.9696969696969697,0.004966897463870277,0.0,"Noisy final-test audit, not population false-certification rate",gpt2_agnews,shared_center,2
bernstein,aligned,0.1,132,1.0,0.005741484288569071,0.0,"Noisy final-test audit, not population false-certification rate",gpt2_agnews,shared_center,2
betting,unaligned,0.0,6,0.045454545454545456,-0.00757491600724744,0.0,"Noisy final-test audit, not population false-certification rate",gpt2_agnews,shared_center,2
betting,unaligned,0.01,21,0.1590909090909091,-0.003943254199929354,0.0,"Noisy final-test audit, not population false-certification rate",gpt2_agnews,shared_center,2
betting,unaligned,0.02,35,0.26515151515151514,0.00014450146032409916,0.0,"Noisy final-test audit, not population false-certification rate",gpt2_agnews,shared_center,2
betting,unaligned,0.05,63,0.4772727272727273,0.010493323246426909,0.0,"Noisy final-test audit, not population false-certification rate",gpt2_agnews,shared_center,2
betting,unaligned,0.1,107,0.8106060606060606,0.0309923870975048,0.0,"Noisy final-test audit, not population false-certification rate",gpt2_agnews,shared_center,2
betting,aligned,0.0,0,0.0,,,"Noisy final-test audit, not population false-certification rate",gpt2_agnews,shared_center,2
betting,aligned,0.01,88,0.6666666666666666,0.0018960152471005133,0.0,"Noisy final-test audit, not population false-certification rate",gpt2_agnews,shared_center,2
betting,aligned,0.02,117,0.8863636363636364,0.0036981471798982085,0.0,"Noisy final-test audit, not population false-certification rate",gpt2_agnews,shared_center,2
betting,aligned,0.05,132,1.0,0.005741484288569071,0.0,"Noisy final-test audit, not population false-certification rate",gpt2_agnews,shared_center,2
betting,aligned,0.1,132,1.0,0.005741484288569071,0.0,"Noisy final-test audit, not population false-certification rate",gpt2_agnews,shared_center,2
bernstein,unaligned,0.0,0,0.0,,,"Noisy final-test audit, not population false-certification rate",gpt2_agnews,shared_rms,2
bernstein,unaligned,0.01,0,0.0,,,"Noisy final-test audit, not population false-certification rate",gpt2_agnews,shared_rms,2
bernstein,unaligned,0.02,2,0.015151515151515152,-0.005455234067922719,0.0,"Noisy final-test audit, not population false-certification rate",gpt2_agnews,shared_rms,2
bernstein,unaligned,0.05,75,0.5681818181818182,0.006883760478394196,0.0,"Noisy final-test audit, not population false-certification rate",gpt2_agnews,shared_rms,2
bernstein,unaligned,0.1,128,0.9696969696969697,0.02016779777143131,0.0,"Noisy final-test audit, not population false-certification rate",gpt2_agnews,shared_rms,2
bernstein,aligned,0.0,0,0.0,,,"Noisy final-test audit, not population false-certification rate",gpt2_agnews,shared_rms,2
bernstein,aligned,0.01,0,0.0,,,"Noisy final-test audit, not population false-certification rate",gpt2_agnews,shared_rms,2
bernstein,aligned,0.02,0,0.0,,,"Noisy final-test audit, not population false-certification rate",gpt2_agnews,shared_rms,2
bernstein,aligned,0.05,130,0.9848484848484849,0.004279601011045114,0.0,"Noisy final-test audit, not population false-certification rate",gpt2_agnews,shared_rms,2
bernstein,aligned,0.1,132,1.0,0.004611983287067802,0.0,"Noisy final-test audit, not population false-certification rate",gpt2_agnews,shared_rms,2
betting,unaligned,0.0,1,0.007575757575757576,-0.007141158314028489,0.0,"Noisy final-test audit, not population false-certification rate",gpt2_agnews,shared_rms,2
betting,unaligned,0.01,31,0.23484848484848486,-3.6332892164159224e-05,0.0,"Noisy final-test audit, not population false-certification rate",gpt2_agnews,shared_rms,2
betting,unaligned,0.02,55,0.4166666666666667,0.003215647118908266,0.0,"Noisy final-test audit, not population false-certification rate",gpt2_agnews,shared_rms,2
betting,unaligned,0.05,104,0.7878787878787878,0.013410183799777419,0.0,"Noisy final-test audit, not population false-certification rate",gpt2_agnews,shared_rms,2
betting,unaligned,0.1,131,0.9924242424242424,0.021268330546090525,0.0,"Noisy final-test audit, not population false-certification rate",gpt2_agnews,shared_rms,2
betting,aligned,0.0,0,0.0,,,"Noisy final-test audit, not population false-certification rate",gpt2_agnews,shared_rms,2
betting,aligned,0.01,95,0.7196969696969697,0.0019096167565470857,0.0,"Noisy final-test audit, not population false-certification rate",gpt2_agnews,shared_rms,2
betting,aligned,0.02,122,0.9242424242424242,0.0034013975384055957,0.0,"Noisy final-test audit, not population false-certification rate",gpt2_agnews,shared_rms,2
betting,aligned,0.05,132,1.0,0.004611983287067802,0.0,"Noisy final-test audit, not population false-certification rate",gpt2_agnews,shared_rms,2
betting,aligned,0.1,132,1.0,0.004611983287067802,0.0,"Noisy final-test audit, not population false-certification rate",gpt2_agnews,shared_rms,2
bernstein,unaligned,0.0,0,0.0,,,"Noisy final-test audit, not population false-certification rate",gpt2_cola,native_raw,0
bernstein,unaligned,0.01,0,0.0,,,"Noisy final-test audit, not population false-certification rate",gpt2_cola,native_raw,0
bernstein,unaligned,0.02,0,0.0,,,"Noisy final-test audit, not population false-certification rate",gpt2_cola,native_raw,0
bernstein,unaligned,0.05,14,0.10606060606060606,0.002362795104290845,0.0,"Noisy final-test audit, not population false-certification rate",gpt2_cola,native_raw,0
bernstein,unaligned,0.1,82,0.6212121212121212,0.011872113004436115,0.0,"Noisy final-test audit, not population false-certification rate",gpt2_cola,native_raw,0
bernstein,aligned,0.0,0,0.0,,,"Noisy final-test audit, not population false-certification rate",gpt2_cola,native_raw,0
bernstein,aligned,0.01,0,0.0,,,"Noisy final-test audit, not population false-certification rate",gpt2_cola,native_raw,0
bernstein,aligned,0.02,0,0.0,,,"Noisy final-test audit, not population false-certification rate",gpt2_cola,native_raw,0
bernstein,aligned,0.05,54,0.4090909090909091,0.001411167396543905,0.0,"Noisy final-test audit, not population false-certification rate",gpt2_cola,native_raw,0
bernstein,aligned,0.1,132,1.0,0.006078807011193247,0.0,"Noisy final-test audit, not population false-certification rate",gpt2_cola,native_raw,0
betting,unaligned,0.0,0,0.0,,,"Noisy final-test audit, not population false-certification rate",gpt2_cola,native_raw,0
betting,unaligned,0.01,0,0.0,,,"Noisy final-test audit, not population false-certification rate",gpt2_cola,native_raw,0
betting,unaligned,0.02,42,0.3181818181818182,0.004596074556480752,0.0,"Noisy final-test audit, not population false-certification rate",gpt2_cola,native_raw,0
betting,unaligned,0.05,75,0.5681818181818182,0.009755992429285452,0.0,"Noisy final-test audit, not population false-certification rate",gpt2_cola,native_raw,0
betting,unaligned,0.1,96,0.7272727272727273,0.017209231005533576,0.0,"Noisy final-test audit, not population false-certification rate",gpt2_cola,native_raw,0
betting,aligned,0.0,0,0.0,,,"Noisy final-test audit, not population false-certification rate",gpt2_cola,native_raw,0
betting,aligned,0.01,21,0.1590909090909091,5.1143011932146516e-05,0.0,"Noisy final-test audit, not population false-certification rate",gpt2_cola,native_raw,0
betting,aligned,0.02,99,0.75,0.003143876947899324,0.0,"Noisy final-test audit, not population false-certification rate",gpt2_cola,native_raw,0
betting,aligned,0.05,132,1.0,0.006078807011193247,0.0,"Noisy final-test audit, not population false-certification rate",gpt2_cola,native_raw,0
betting,aligned,0.1,132,1.0,0.006078807011193247,0.0,"Noisy final-test audit, not population false-certification rate",gpt2_cola,native_raw,0
bernstein,unaligned,0.0,0,0.0,,,"Noisy final-test audit, not population false-certification rate",gpt2_cola,shared_raw,0
bernstein,unaligned,0.01,0,0.0,,,"Noisy final-test audit, not population false-certification rate",gpt2_cola,shared_raw,0
bernstein,unaligned,0.02,0,0.0,,,"Noisy final-test audit, not population false-certification rate",gpt2_cola,shared_raw,0
bernstein,unaligned,0.05,19,0.14393939393939395,0.002427335870879442,0.0,"Noisy final-test audit, not population false-certification rate",gpt2_cola,shared_raw,0
bernstein,unaligned,0.1,83,0.6287878787878788,0.012229903165389387,0.0,"Noisy final-test audit, not population false-certification rate",gpt2_cola,shared_raw,0
bernstein,aligned,0.0,0,0.0,,,"Noisy final-test audit, not population false-certification rate",gpt2_cola,shared_raw,0
bernstein,aligned,0.01,0,0.0,,,"Noisy final-test audit, not population false-certification rate",gpt2_cola,shared_raw,0
bernstein,aligned,0.02,0,0.0,,,"Noisy final-test audit, not population false-certification rate",gpt2_cola,shared_raw,0
bernstein,aligned,0.05,95,0.7196969696969697,0.001054596872192117,0.0,"Noisy final-test audit, not population false-certification rate",gpt2_cola,shared_raw,0
bernstein,aligned,0.1,132,1.0,0.003855265948233073,0.0,"Noisy final-test audit, not population false-certification rate",gpt2_cola,shared_raw,0
betting,unaligned,0.0,0,0.0,,,"Noisy final-test audit, not population false-certification rate",gpt2_cola,shared_raw,0
betting,unaligned,0.01,1,0.007575757575757576,0.0009278432839559646,0.0,"Noisy final-test audit, not population false-certification rate",gpt2_cola,shared_raw,0
betting,unaligned,0.02,43,0.32575757575757575,0.0041140829854578445,0.0,"Noisy final-test audit, not population false-certification rate",gpt2_cola,shared_raw,0
betting,unaligned,0.05,80,0.6060606060606061,0.01145250195197737,0.0,"Noisy final-test audit, not population false-certification rate",gpt2_cola,shared_raw,0
betting,unaligned,0.1,96,0.7272727272727273,0.017448953837836123,0.0,"Noisy final-test audit, not population false-certification rate",gpt2_cola,shared_raw,0
betting,aligned,0.0,0,0.0,,,"Noisy final-test audit, not population false-certification rate",gpt2_cola,shared_raw,0
betting,aligned,0.01,28,0.21212121212121213,0.0004791117020480829,0.0,"Noisy final-test audit, not population false-certification rate",gpt2_cola,shared_raw,0
betting,aligned,0.02,114,0.8636363636363636,0.002193195117602158,0.0,"Noisy final-test audit, not population false-certification rate",gpt2_cola,shared_raw,0
betting,aligned,0.05,132,1.0,0.003855265948233073,0.0,"Noisy final-test audit, not population false-certification rate",gpt2_cola,shared_raw,0
betting,aligned,0.1,132,1.0,0.003855265948233073,0.0,"Noisy final-test audit, not population false-certification rate",gpt2_cola,shared_raw,0
bernstein,unaligned,0.0,0,0.0,,,"Noisy final-test audit, not population false-certification rate",gpt2_cola,shared_center,0
bernstein,unaligned,0.01,0,0.0,,,"Noisy final-test audit, not population false-certification rate",gpt2_cola,shared_center,0
bernstein,unaligned,0.02,0,0.0,,,"Noisy final-test audit, not population false-certification rate",gpt2_cola,shared_center,0
bernstein,unaligned,0.05,48,0.36363636363636365,0.002015508240686147,0.0,"Noisy final-test audit, not population false-certification rate",gpt2_cola,shared_center,0
bernstein,unaligned,0.1,109,0.8257575757575758,0.007373441253150222,0.0,"Noisy final-test audit, not population false-certification rate",gpt2_cola,shared_center,0
bernstein,aligned,0.0,0,0.0,,,"Noisy final-test audit, not population false-certification rate",gpt2_cola,shared_center,0
bernstein,aligned,0.01,0,0.0,,,"Noisy final-test audit, not population false-certification rate",gpt2_cola,shared_center,0
bernstein,aligned,0.02,0,0.0,,,"Noisy final-test audit, not population false-certification rate",gpt2_cola,shared_center,0
bernstein,aligned,0.05,95,0.7196969696969697,0.0010505753672979596,0.0,"Noisy final-test audit, not population false-certification rate",gpt2_cola,shared_center,0
bernstein,aligned,0.1,132,1.0,0.003957903230841291,0.0,"Noisy final-test audit, not population false-certification rate",gpt2_cola,shared_center,0
betting,unaligned,0.0,0,0.0,,,"Noisy final-test audit, not population false-certification rate",gpt2_cola,shared_center,0
betting,unaligned,0.01,11,0.08333333333333333,0.0007363701095600114,0.0,"Noisy final-test audit, not population false-certification rate",gpt2_cola,shared_center,0
betting,unaligned,0.02,85,0.6439393939393939,0.0035691953027045297,0.0,"Noisy final-test audit, not population false-certification rate",gpt2_cola,shared_center,0
betting,unaligned,0.05,106,0.803030303030303,0.006566156426659754,0.0,"Noisy final-test audit, not population false-certification rate",gpt2_cola,shared_center,0
betting,unaligned,0.1,118,0.8939393939393939,0.010427584203456809,0.0,"Noisy final-test audit, not population false-certification rate",gpt2_cola,shared_center,0
betting,aligned,0.0,0,0.0,,,"Noisy final-test audit, not population false-certification rate",gpt2_cola,shared_center,0
betting,aligned,0.01,30,0.22727272727272727,0.00033275376677871163,0.0,"Noisy final-test audit, not population false-certification rate",gpt2_cola,shared_center,0
betting,aligned,0.02,113,0.8560606060606061,0.00214344355225939,0.0,"Noisy final-test audit, not population false-certification rate",gpt2_cola,shared_center,0
betting,aligned,0.05,132,1.0,0.003957903230841291,0.0,"Noisy final-test audit, not population false-certification rate",gpt2_cola,shared_center,0
betting,aligned,0.1,132,1.0,0.003957903230841291,0.0,"Noisy final-test audit, not population false-certification rate",gpt2_cola,shared_center,0
bernstein,unaligned,0.0,0,0.0,,,"Noisy final-test audit, not population false-certification rate",gpt2_cola,shared_rms,0
bernstein,unaligned,0.01,0,0.0,,,"Noisy final-test audit, not population false-certification rate",gpt2_cola,shared_rms,0
bernstein,unaligned,0.02,0,0.0,,,"Noisy final-test audit, not population false-certification rate",gpt2_cola,shared_rms,0
bernstein,unaligned,0.05,24,0.18181818181818182,0.0015096446410742643,0.0,"Noisy final-test audit, not population false-certification rate",gpt2_cola,shared_rms,0
bernstein,unaligned,0.1,132,1.0,0.010755233018576917,0.0,"Noisy final-test audit, not population false-certification rate",gpt2_cola,shared_rms,0
bernstein,aligned,0.0,0,0.0,,,"Noisy final-test audit, not population false-certification rate",gpt2_cola,shared_rms,0
bernstein,aligned,0.01,0,0.0,,,"Noisy final-test audit, not population false-certification rate",gpt2_cola,shared_rms,0
bernstein,aligned,0.02,0,0.0,,,"Noisy final-test audit, not population false-certification rate",gpt2_cola,shared_rms,0
bernstein,aligned,0.05,96,0.7272727272727273,0.0011151792154649174,0.0,"Noisy final-test audit, not population false-certification rate",gpt2_cola,shared_rms,0
bernstein,aligned,0.1,132,1.0,0.003907606280587916,0.0,"Noisy final-test audit, not population false-certification rate",gpt2_cola,shared_rms,0
betting,unaligned,0.0,0,0.0,,,"Noisy final-test audit, not population false-certification rate",gpt2_cola,shared_rms,0
betting,unaligned,0.01,11,0.08333333333333333,0.0006645791474733035,0.0,"Noisy final-test audit, not population false-certification rate",gpt2_cola,shared_rms,0
betting,unaligned,0.02,52,0.3939393939393939,0.004067795714836975,0.0,"Noisy final-test audit, not population false-certification rate",gpt2_cola,shared_rms,0
betting,unaligned,0.05,130,0.9848484848484849,0.010437763433366271,0.0,"Noisy final-test audit, not population false-certification rate",gpt2_cola,shared_rms,0
betting,unaligned,0.1,132,1.0,0.010755233018576917,0.0,"Noisy final-test audit, not population false-certification rate",gpt2_cola,shared_rms,0
betting,aligned,0.0,0,0.0,,,"Noisy final-test audit, not population false-certification rate",gpt2_cola,shared_rms,0
betting,aligned,0.01,30,0.22727272727272727,0.00048691155112304713,0.0,"Noisy final-test audit, not population false-certification rate",gpt2_cola,shared_rms,0
betting,aligned,0.02,109,0.8257575757575758,0.0018808301714482924,0.0,"Noisy final-test audit, not population false-certification rate",gpt2_cola,shared_rms,0
betting,aligned,0.05,132,1.0,0.003907606280587916,0.0,"Noisy final-test audit, not population false-certification rate",gpt2_cola,shared_rms,0
betting,aligned,0.1,132,1.0,0.003907606280587916,0.0,"Noisy final-test audit, not population false-certification rate",gpt2_cola,shared_rms,0
bernstein,unaligned,0.0,0,0.0,,,"Noisy final-test audit, not population false-certification rate",gpt2_cola,shared_unit,0
bernstein,unaligned,0.01,0,0.0,,,"Noisy final-test audit, not population false-certification rate",gpt2_cola,shared_unit,0
bernstein,unaligned,0.02,0,0.0,,,"Noisy final-test audit, not population false-certification rate",gpt2_cola,shared_unit,0
bernstein,unaligned,0.05,13,0.09848484848484848,0.0020871022659936325,0.0,"Noisy final-test audit, not population false-certification rate",gpt2_cola,shared_unit,0
bernstein,unaligned,0.1,77,0.5833333333333334,0.014038126137118722,0.0,"Noisy final-test audit, not population false-certification rate",gpt2_cola,shared_unit,0
bernstein,aligned,0.0,0,0.0,,,"Noisy final-test audit, not population false-certification rate",gpt2_cola,shared_unit,0
bernstein,aligned,0.01,0,0.0,,,"Noisy final-test audit, not population false-certification rate",gpt2_cola,shared_unit,0
bernstein,aligned,0.02,0,0.0,,,"Noisy final-test audit, not population false-certification rate",gpt2_cola,shared_unit,0
bernstein,aligned,0.05,96,0.7272727272727273,0.0011398244581234502,0.0,"Noisy final-test audit, not population false-certification rate",gpt2_cola,shared_unit,0
bernstein,aligned,0.1,132,1.0,0.0039146720686205,0.0,"Noisy final-test audit, not population false-certification rate",gpt2_cola,shared_unit,0
betting,unaligned,0.0,0,0.0,,,"Noisy final-test audit, not population false-certification rate",gpt2_cola,shared_unit,0
betting,unaligned,0.01,2,0.015151515151515152,0.00021625436467491367,0.0,"Noisy final-test audit, not population false-certification rate",gpt2_cola,shared_unit,0
betting,unaligned,0.02,30,0.22727272727272727,0.004402285888787428,0.0,"Noisy final-test audit, not population false-certification rate",gpt2_cola,shared_unit,0
betting,unaligned,0.05,73,0.553030303030303,0.01293153439811755,0.0,"Noisy final-test audit, not population false-certification rate",gpt2_cola,shared_unit,0
betting,unaligned,0.1,94,0.7121212121212122,0.020443556378551307,0.0,"Noisy final-test audit, not population false-certification rate",gpt2_cola,shared_unit,0
betting,aligned,0.0,0,0.0,,,"Noisy final-test audit, not population false-certification rate",gpt2_cola,shared_unit,0
betting,aligned,0.01,34,0.25757575757575757,0.00043476298270583066,0.0,"Noisy final-test audit, not population false-certification rate",gpt2_cola,shared_unit,0
betting,aligned,0.02,112,0.8484848484848485,0.0020830622802322203,0.0,"Noisy final-test audit, not population false-certification rate",gpt2_cola,shared_unit,0
betting,aligned,0.05,132,1.0,0.0039146720686205,0.0,"Noisy final-test audit, not population false-certification rate",gpt2_cola,shared_unit,0
betting,aligned,0.1,132,1.0,0.0039146720686205,0.0,"Noisy final-test audit, not population false-certification rate",gpt2_cola,shared_unit,0
bernstein,unaligned,0.0,0,0.0,,,"Noisy final-test audit, not population false-certification rate",gpt2_cola,shared_clip100,0
bernstein,unaligned,0.01,0,0.0,,,"Noisy final-test audit, not population false-certification rate",gpt2_cola,shared_clip100,0
bernstein,unaligned,0.02,0,0.0,,,"Noisy final-test audit, not population false-certification rate",gpt2_cola,shared_clip100,0
bernstein,unaligned,0.05,13,0.09848484848484848,0.0016295590613937042,0.0,"Noisy final-test audit, not population false-certification rate",gpt2_cola,shared_clip100,0
bernstein,unaligned,0.1,101,0.7651515151515151,0.015507371576381195,0.0,"Noisy final-test audit, not population false-certification rate",gpt2_cola,shared_clip100,0
bernstein,aligned,0.0,0,0.0,,,"Noisy final-test audit, not population false-certification rate",gpt2_cola,shared_clip100,0
bernstein,aligned,0.01,0,0.0,,,"Noisy final-test audit, not population false-certification rate",gpt2_cola,shared_clip100,0
bernstein,aligned,0.02,0,0.0,,,"Noisy final-test audit, not population false-certification rate",gpt2_cola,shared_clip100,0
bernstein,aligned,0.05,96,0.7272727272727273,0.0009117695820303472,0.0,"Noisy final-test audit, not population false-certification rate",gpt2_cola,shared_clip100,0
bernstein,aligned,0.1,132,1.0,0.003854472544018559,0.0,"Noisy final-test audit, not population false-certification rate",gpt2_cola,shared_clip100,0
betting,unaligned,0.0,0,0.0,,,"Noisy final-test audit, not population false-certification rate",gpt2_cola,shared_clip100,0
betting,unaligned,0.01,4,0.030303030303030304,0.0006733904603250183,0.0,"Noisy final-test audit, not population false-certification rate",gpt2_cola,shared_clip100,0
betting,unaligned,0.02,36,0.2727272727272727,0.0042569812724422545,0.0,"Noisy final-test audit, not population false-certification rate",gpt2_cola,shared_clip100,0
betting,unaligned,0.05,90,0.6818181818181818,0.013295995025606903,0.0,"Noisy final-test audit, not population false-certification rate",gpt2_cola,shared_clip100,0
betting,unaligned,0.1,118,0.8939393939393939,0.02039277643570583,0.0,"Noisy final-test audit, not population false-certification rate",gpt2_cola,shared_clip100,0
betting,aligned,0.0,0,0.0,,,"Noisy final-test audit, not population false-certification rate",gpt2_cola,shared_clip100,0
betting,aligned,0.01,40,0.30303030303030304,0.000314404317231105,0.0,"Noisy final-test audit, not population false-certification rate",gpt2_cola,shared_clip100,0
betting,aligned,0.02,110,0.8333333333333334,0.0017600004596560548,0.0,"Noisy final-test audit, not population false-certification rate",gpt2_cola,shared_clip100,0
betting,aligned,0.05,132,1.0,0.003854472544018559,0.0,"Noisy final-test audit, not population false-certification rate",gpt2_cola,shared_clip100,0
betting,aligned,0.1,132,1.0,0.003854472544018559,0.0,"Noisy final-test audit, not population false-certification rate",gpt2_cola,shared_clip100,0
bernstein,unaligned,0.0,0,0.0,,,"Noisy final-test audit, not population false-certification rate",gpt2_cola,shared_clip300,0
bernstein,unaligned,0.01,0,0.0,,,"Noisy final-test audit, not population false-certification rate",gpt2_cola,shared_clip300,0
bernstein,unaligned,0.02,0,0.0,,,"Noisy final-test audit, not population false-certification rate",gpt2_cola,shared_clip300,0
bernstein,unaligned,0.05,14,0.10606060606060606,0.0024901282374674726,0.0,"Noisy final-test audit, not population false-certification rate",gpt2_cola,shared_clip300,0
bernstein,unaligned,0.1,83,0.6287878787878788,0.013112902728770663,0.0,"Noisy final-test audit, not population false-certification rate",gpt2_cola,shared_clip300,0
bernstein,aligned,0.0,0,0.0,,,"Noisy final-test audit, not population false-certification rate",gpt2_cola,shared_clip300,0
bernstein,aligned,0.01,0,0.0,,,"Noisy final-test audit, not population false-certification rate",gpt2_cola,shared_clip300,0
bernstein,aligned,0.02,0,0.0,,,"Noisy final-test audit, not population false-certification rate",gpt2_cola,shared_clip300,0
bernstein,aligned,0.05,95,0.7196969696969697,0.0009717229533639546,0.0,"Noisy final-test audit, not population false-certification rate",gpt2_cola,shared_clip300,0
bernstein,aligned,0.1,132,1.0,0.003893258836554709,0.0,"Noisy final-test audit, not population false-certification rate",gpt2_cola,shared_clip300,0
betting,unaligned,0.0,0,0.0,,,"Noisy final-test audit, not population false-certification rate",gpt2_cola,shared_clip300,0
betting,unaligned,0.01,0,0.0,,,"Noisy final-test audit, not population false-certification rate",gpt2_cola,shared_clip300,0
betting,unaligned,0.02,41,0.3106060606060606,0.00444856085299035,0.0,"Noisy final-test audit, not population false-certification rate",gpt2_cola,shared_clip300,0
betting,unaligned,0.05,77,0.5833333333333334,0.01167678415088098,0.0,"Noisy final-test audit, not population false-certification rate",gpt2_cola,shared_clip300,0
betting,unaligned,0.1,102,0.7727272727272727,0.020424453606906423,0.0,"Noisy final-test audit, not population false-certification rate",gpt2_cola,shared_clip300,0
betting,aligned,0.0,0,0.0,,,"Noisy final-test audit, not population false-certification rate",gpt2_cola,shared_clip300,0
betting,aligned,0.01,35,0.26515151515151514,0.0006876405499533655,0.0,"Noisy final-test audit, not population false-certification rate",gpt2_cola,shared_clip300,0
betting,aligned,0.02,113,0.8560606060606061,0.002094165480760017,0.0,"Noisy final-test audit, not population false-certification rate",gpt2_cola,shared_clip300,0
betting,aligned,0.05,132,1.0,0.003893258836554709,0.0,"Noisy final-test audit, not population false-certification rate",gpt2_cola,shared_clip300,0
betting,aligned,0.1,132,1.0,0.003893258836554709,0.0,"Noisy final-test audit, not population false-certification rate",gpt2_cola,shared_clip300,0
bernstein,unaligned,0.0,0,0.0,,,"Noisy final-test audit, not population false-certification rate",gpt2_cola,separate_naive,0
bernstein,unaligned,0.01,0,0.0,,,"Noisy final-test audit, not population false-certification rate",gpt2_cola,separate_naive,0
bernstein,unaligned,0.02,0,0.0,,,"Noisy final-test audit, not population false-certification rate",gpt2_cola,separate_naive,0
bernstein,unaligned,0.05,29,0.2196969696969697,0.0025160821079392836,0.0,"Noisy final-test audit, not population false-certification rate",gpt2_cola,separate_naive,0
bernstein,unaligned,0.1,96,0.7272727272727273,0.013660629054698373,0.0,"Noisy final-test audit, not population false-certification rate",gpt2_cola,separate_naive,0
bernstein,aligned,0.0,0,0.0,,,"Noisy final-test audit, not population false-certification rate",gpt2_cola,separate_naive,0
bernstein,aligned,0.01,0,0.0,,,"Noisy final-test audit, not population false-certification rate",gpt2_cola,separate_naive,0
bernstein,aligned,0.02,0,0.0,,,"Noisy final-test audit, not population false-certification rate",gpt2_cola,separate_naive,0
bernstein,aligned,0.05,92,0.696969696969697,0.0010167883803790397,0.0,"Noisy final-test audit, not population false-certification rate",gpt2_cola,separate_naive,0
bernstein,aligned,0.1,132,1.0,0.004072277247500463,0.0,"Noisy final-test audit, not population false-certification rate",gpt2_cola,separate_naive,0
betting,unaligned,0.0,0,0.0,,,"Noisy final-test audit, not population false-certification rate",gpt2_cola,separate_naive,0
betting,unaligned,0.01,7,0.05303030303030303,0.001688739419751772,0.0,"Noisy final-test audit, not population false-certification rate",gpt2_cola,separate_naive,0
betting,unaligned,0.02,46,0.3484848484848485,0.0037764841605699433,0.0,"Noisy final-test audit, not population false-certification rate",gpt2_cola,separate_naive,0
betting,unaligned,0.05,86,0.6515151515151515,0.011157979746802733,0.0,"Noisy final-test audit, not population false-certification rate",gpt2_cola,separate_naive,0
betting,unaligned,0.1,120,0.9090909090909091,0.021406716769500546,0.0,"Noisy final-test audit, not population false-certification rate",gpt2_cola,separate_naive,0
betting,aligned,0.0,0,0.0,,,"Noisy final-test audit, not population false-certification rate",gpt2_cola,separate_naive,0
betting,aligned,0.01,28,0.21212121212121213,-5.480318580180544e-05,0.0,"Noisy final-test audit, not population false-certification rate",gpt2_cola,separate_naive,0
betting,aligned,0.02,105,0.7954545454545454,0.0015945128264756047,0.0,"Noisy final-test audit, not population false-certification rate",gpt2_cola,separate_naive,0
betting,aligned,0.05,132,1.0,0.004072277247500463,0.0,"Noisy final-test audit, not population false-certification rate",gpt2_cola,separate_naive,0
betting,aligned,0.1,132,1.0,0.004072277247500463,0.0,"Noisy final-test audit, not population false-certification rate",gpt2_cola,separate_naive,0
bernstein,unaligned,0.0,0,0.0,,,"Noisy final-test audit, not population false-certification rate",gpt2_cola,separate_lift,0
bernstein,unaligned,0.01,0,0.0,,,"Noisy final-test audit, not population false-certification rate",gpt2_cola,separate_lift,0
bernstein,unaligned,0.02,0,0.0,,,"Noisy final-test audit, not population false-certification rate",gpt2_cola,separate_lift,0
bernstein,unaligned,0.05,14,0.10606060606060606,0.0015953545952242124,0.0,"Noisy final-test audit, not population false-certification rate",gpt2_cola,separate_lift,0
bernstein,unaligned,0.1,87,0.6590909090909091,0.013702255885510965,0.0,"Noisy final-test audit, not population false-certification rate",gpt2_cola,separate_lift,0
bernstein,aligned,0.0,0,0.0,,,"Noisy final-test audit, not population false-certification rate",gpt2_cola,separate_lift,0
bernstein,aligned,0.01,0,0.0,,,"Noisy final-test audit, not population false-certification rate",gpt2_cola,separate_lift,0
bernstein,aligned,0.02,0,0.0,,,"Noisy final-test audit, not population false-certification rate",gpt2_cola,separate_lift,0
bernstein,aligned,0.05,92,0.696969696969697,0.0010167883803790397,0.0,"Noisy final-test audit, not population false-certification rate",gpt2_cola,separate_lift,0
bernstein,aligned,0.1,132,1.0,0.004072277247500463,0.0,"Noisy final-test audit, not population false-certification rate",gpt2_cola,separate_lift,0
betting,unaligned,0.0,0,0.0,,,"Noisy final-test audit, not population false-certification rate",gpt2_cola,separate_lift,0
betting,unaligned,0.01,4,0.030303030303030304,0.0008428884261084422,0.0,"Noisy final-test audit, not population false-certification rate",gpt2_cola,separate_lift,0
betting,unaligned,0.02,36,0.2727272727272727,0.0040242756022355235,0.0,"Noisy final-test audit, not population false-certification rate",gpt2_cola,separate_lift,0
betting,unaligned,0.05,81,0.6136363636363636,0.012069967619477406,0.0,"Noisy final-test audit, not population false-certification rate",gpt2_cola,separate_lift,0
betting,unaligned,0.1,96,0.7272727272727273,0.01691721252898495,0.0,"Noisy final-test audit, not population false-certification rate",gpt2_cola,separate_lift,0
betting,aligned,0.0,0,0.0,,,"Noisy final-test audit, not population false-certification rate",gpt2_cola,separate_lift,0
betting,aligned,0.01,28,0.21212121212121213,-5.480318580180544e-05,0.0,"Noisy final-test audit, not population false-certification rate",gpt2_cola,separate_lift,0
betting,aligned,0.02,105,0.7954545454545454,0.0015945128264756047,0.0,"Noisy final-test audit, not population false-certification rate",gpt2_cola,separate_lift,0
betting,aligned,0.05,132,1.0,0.004072277247500463,0.0,"Noisy final-test audit, not population false-certification rate",gpt2_cola,separate_lift,0
betting,aligned,0.1,132,1.0,0.004072277247500463,0.0,"Noisy final-test audit, not population false-certification rate",gpt2_cola,separate_lift,0
bernstein,unaligned,0.0,0,0.0,,,"Noisy final-test audit, not population false-certification rate",gpt2_cola,native_raw,1
bernstein,unaligned,0.01,0,0.0,,,"Noisy final-test audit, not population false-certification rate",gpt2_cola,native_raw,1
bernstein,unaligned,0.02,0,0.0,,,"Noisy final-test audit, not population false-certification rate",gpt2_cola,native_raw,1
bernstein,unaligned,0.05,6,0.045454545454545456,0.001941343997895783,0.0,"Noisy final-test audit, not population false-certification rate",gpt2_cola,native_raw,1
bernstein,unaligned,0.1,57,0.4318181818181818,0.015206261760486861,0.0,"Noisy final-test audit, not population false-certification rate",gpt2_cola,native_raw,1
bernstein,aligned,0.0,0,0.0,,,"Noisy final-test audit, not population false-certification rate",gpt2_cola,native_raw,1
bernstein,aligned,0.01,0,0.0,,,"Noisy final-test audit, not population false-certification rate",gpt2_cola,native_raw,1
bernstein,aligned,0.02,0,0.0,,,"Noisy final-test audit, not population false-certification rate",gpt2_cola,native_raw,1
bernstein,aligned,0.05,23,0.17424242424242425,0.00054662143853444,0.0,"Noisy final-test audit, not population false-certification rate",gpt2_cola,native_raw,1
bernstein,aligned,0.1,132,1.0,0.005087378381936012,0.0,"Noisy final-test audit, not population false-certification rate",gpt2_cola,native_raw,1
betting,unaligned,0.0,0,0.0,,,"Noisy final-test audit, not population false-certification rate",gpt2_cola,native_raw,1
betting,unaligned,0.01,0,0.0,,,"Noisy final-test audit, not population false-certification rate",gpt2_cola,native_raw,1
betting,unaligned,0.02,16,0.12121212121212122,0.0029012791603156922,0.0,"Noisy final-test audit, not population false-certification rate",gpt2_cola,native_raw,1
betting,unaligned,0.05,43,0.32575757575757575,0.010287688514349034,0.0,"Noisy final-test audit, not population false-certification rate",gpt2_cola,native_raw,1
betting,unaligned,0.1,77,0.5833333333333334,0.02286784036510434,0.0,"Noisy final-test audit, not population false-certification rate",gpt2_cola,native_raw,1
betting,aligned,0.0,0,0.0,,,"Noisy final-test audit, not population false-certification rate",gpt2_cola,native_raw,1
betting,aligned,0.01,5,0.03787878787878788,-0.0003074047459889312,0.0,"Noisy final-test audit, not population false-certification rate",gpt2_cola,native_raw,1
betting,aligned,0.02,66,0.5,0.0015340825503158788,0.0,"Noisy final-test audit, not population false-certification rate",gpt2_cola,native_raw,1
betting,aligned,0.05,132,1.0,0.005087378381936012,0.0,"Noisy final-test audit, not population false-certification rate",gpt2_cola,native_raw,1
betting,aligned,0.1,132,1.0,0.005087378381936012,0.0,"Noisy final-test audit, not population false-certification rate",gpt2_cola,native_raw,1
bernstein,unaligned,0.0,0,0.0,,,"Noisy final-test audit, not population false-certification rate",gpt2_cola,shared_raw,1
bernstein,unaligned,0.01,0,0.0,,,"Noisy final-test audit, not population false-certification rate",gpt2_cola,shared_raw,1
bernstein,unaligned,0.02,0,0.0,,,"Noisy final-test audit, not population false-certification rate",gpt2_cola,shared_raw,1
bernstein,unaligned,0.05,14,0.10606060606060606,0.0011297602183944742,0.0,"Noisy final-test audit, not population false-certification rate",gpt2_cola,shared_raw,1
bernstein,unaligned,0.1,70,0.5303030303030303,0.0096788087470186,0.0,"Noisy final-test audit, not population false-certification rate",gpt2_cola,shared_raw,1
bernstein,aligned,0.0,0,0.0,,,"Noisy final-test audit, not population false-certification rate",gpt2_cola,shared_raw,1
bernstein,aligned,0.01,0,0.0,,,"Noisy final-test audit, not population false-certification rate",gpt2_cola,shared_raw,1
bernstein,aligned,0.02,0,0.0,,,"Noisy final-test audit, not population false-certification rate",gpt2_cola,shared_raw,1
bernstein,aligned,0.05,80,0.6060606060606061,0.00015125403161396467,0.0,"Noisy final-test audit, not population false-certification rate",gpt2_cola,shared_raw,1
bernstein,aligned,0.1,132,1.0,0.002787561608607696,0.0,"Noisy final-test audit, not population false-certification rate",gpt2_cola,shared_raw,1
betting,unaligned,0.0,0,0.0,,,"Noisy final-test audit, not population false-certification rate",gpt2_cola,shared_raw,1
betting,unaligned,0.01,2,0.015151515151515152,0.00023859399439165896,0.0,"Noisy final-test audit, not population false-certification rate",gpt2_cola,shared_raw,1
betting,unaligned,0.02,41,0.3106060606060606,0.002897260423676125,0.0,"Noisy final-test audit, not population false-certification rate",gpt2_cola,shared_raw,1
betting,unaligned,0.05,65,0.49242424242424243,0.008002962901325092,0.0,"Noisy final-test audit, not population false-certification rate",gpt2_cola,shared_raw,1
betting,unaligned,0.1,89,0.6742424242424242,0.018979273883857797,0.0,"Noisy final-test audit, not population false-certification rate",gpt2_cola,shared_raw,1
betting,aligned,0.0,0,0.0,,,"Noisy final-test audit, not population false-certification rate",gpt2_cola,shared_raw,1
betting,aligned,0.01,23,0.17424242424242425,3.332344583194481e-05,0.0,"Noisy final-test audit, not population false-certification rate",gpt2_cola,shared_raw,1
betting,aligned,0.02,107,0.8106060606060606,0.0009865049576153896,0.0,"Noisy final-test audit, not population false-certification rate",gpt2_cola,shared_raw,1
betting,aligned,0.05,132,1.0,0.002787561608607696,0.0,"Noisy final-test audit, not population false-certification rate",gpt2_cola,shared_raw,1
betting,aligned,0.1,132,1.0,0.002787561608607696,0.0,"Noisy final-test audit, not population false-certification rate",gpt2_cola,shared_raw,1
bernstein,unaligned,0.0,0,0.0,,,"Noisy final-test audit, not population false-certification rate",gpt2_cola,shared_center,1
bernstein,unaligned,0.01,0,0.0,,,"Noisy final-test audit, not population false-certification rate",gpt2_cola,shared_center,1
bernstein,unaligned,0.02,0,0.0,,,"Noisy final-test audit, not population false-certification rate",gpt2_cola,shared_center,1
bernstein,unaligned,0.05,45,0.3409090909090909,0.0009717605736060583,0.0,"Noisy final-test audit, not population false-certification rate",gpt2_cola,shared_center,1
bernstein,unaligned,0.1,101,0.7651515151515151,0.005131143041297045,0.0,"Noisy final-test audit, not population false-certification rate",gpt2_cola,shared_center,1
bernstein,aligned,0.0,0,0.0,,,"Noisy final-test audit, not population false-certification rate",gpt2_cola,shared_center,1
bernstein,aligned,0.01,0,0.0,,,"Noisy final-test audit, not population false-certification rate",gpt2_cola,shared_center,1
bernstein,aligned,0.02,0,0.0,,,"Noisy final-test audit, not population false-certification rate",gpt2_cola,shared_center,1
bernstein,aligned,0.05,81,0.6136363636363636,-2.297358560826385e-06,0.0,"Noisy final-test audit, not population false-certification rate",gpt2_cola,shared_center,1
bernstein,aligned,0.1,132,1.0,0.002727649155681834,0.0,"Noisy final-test audit, not population false-certification rate",gpt2_cola,shared_center,1
betting,unaligned,0.0,0,0.0,,,"Noisy final-test audit, not population false-certification rate",gpt2_cola,shared_center,1
betting,unaligned,0.01,8,0.06060606060606061,8.1798724447444e-05,0.0,"Noisy final-test audit, not population false-certification rate",gpt2_cola,shared_center,1
betting,unaligned,0.02,78,0.5909090909090909,0.0021684679087762984,0.0,"Noisy final-test audit, not population false-certification rate",gpt2_cola,shared_center,1
betting,unaligned,0.05,99,0.75,0.004717276396961926,0.0,"Noisy final-test audit, not population false-certification rate",gpt2_cola,shared_center,1
betting,unaligned,0.1,111,0.8409090909090909,0.008589524353757325,0.0,"Noisy final-test audit, not population false-certification rate",gpt2_cola,shared_center,1
betting,aligned,0.0,0,0.0,,,"Noisy final-test audit, not population false-certification rate",gpt2_cola,shared_center,1
betting,aligned,0.01,17,0.12878787878787878,-0.0003845497769712636,0.0,"Noisy final-test audit, not population false-certification rate",gpt2_cola,shared_center,1
betting,aligned,0.02,107,0.8106060606060606,0.0008573479205028461,0.0,"Noisy final-test audit, not population false-certification rate",gpt2_cola,shared_center,1
betting,aligned,0.05,132,1.0,0.002727649155681834,0.0,"Noisy final-test audit, not population false-certification rate",gpt2_cola,shared_center,1
betting,aligned,0.1,132,1.0,0.002727649155681834,0.0,"Noisy final-test audit, not population false-certification rate",gpt2_cola,shared_center,1
bernstein,unaligned,0.0,0,0.0,,,"Noisy final-test audit, not population false-certification rate",gpt2_cola,shared_rms,1
bernstein,unaligned,0.01,0,0.0,,,"Noisy final-test audit, not population false-certification rate",gpt2_cola,shared_rms,1
bernstein,unaligned,0.02,0,0.0,,,"Noisy final-test audit, not population false-certification rate",gpt2_cola,shared_rms,1
bernstein,unaligned,0.05,21,0.1590909090909091,0.000971631058126014,0.0,"Noisy final-test audit, not population false-certification rate",gpt2_cola,shared_rms,1
bernstein,unaligned,0.1,131,0.9924242424242424,0.009294388552303698,0.0,"Noisy final-test audit, not population false-certification rate",gpt2_cola,shared_rms,1
bernstein,aligned,0.0,0,0.0,,,"Noisy final-test audit, not population false-certification rate",gpt2_cola,shared_rms,1
bernstein,aligned,0.01,0,0.0,,,"Noisy final-test audit, not population false-certification rate",gpt2_cola,shared_rms,1
bernstein,aligned,0.02,0,0.0,,,"Noisy final-test audit, not population false-certification rate",gpt2_cola,shared_rms,1
bernstein,aligned,0.05,93,0.7045454545454546,0.00021752507348338747,0.0,"Noisy final-test audit, not population false-certification rate",gpt2_cola,shared_rms,1
bernstein,aligned,0.1,132,1.0,0.002611525710926384,0.0,"Noisy final-test audit, not population false-certification rate",gpt2_cola,shared_rms,1
betting,unaligned,0.0,0,0.0,,,"Noisy final-test audit, not population false-certification rate",gpt2_cola,shared_rms,1
betting,unaligned,0.01,5,0.03787878787878788,0.00018443964804022608,0.0,"Noisy final-test audit, not population false-certification rate",gpt2_cola,shared_rms,1
betting,unaligned,0.02,43,0.32575757575757575,0.002366294778668488,0.0,"Noisy final-test audit, not population false-certification rate",gpt2_cola,shared_rms,1
betting,unaligned,0.05,128,0.9696969696969697,0.008773585310320454,0.0,"Noisy final-test audit, not population false-certification rate",gpt2_cola,shared_rms,1
betting,unaligned,0.1,132,1.0,0.009512106113899287,0.0,"Noisy final-test audit, not population false-certification rate",gpt2_cola,shared_rms,1
betting,aligned,0.0,0,0.0,,,"Noisy final-test audit, not population false-certification rate",gpt2_cola,shared_rms,1
betting,aligned,0.01,31,0.23484848484848486,-0.00058461703344032,0.0,"Noisy final-test audit, not population false-certification rate",gpt2_cola,shared_rms,1
betting,aligned,0.02,105,0.7954545454545454,0.0007100830703872864,0.0,"Noisy final-test audit, not population false-certification rate",gpt2_cola,shared_rms,1
betting,aligned,0.05,132,1.0,0.002611525710926384,0.0,"Noisy final-test audit, not population false-certification rate",gpt2_cola,shared_rms,1
betting,aligned,0.1,132,1.0,0.002611525710926384,0.0,"Noisy final-test audit, not population false-certification rate",gpt2_cola,shared_rms,1
bernstein,unaligned,0.0,0,0.0,,,"Noisy final-test audit, not population false-certification rate",gpt2_cola,native_raw,2
bernstein,unaligned,0.01,0,0.0,,,"Noisy final-test audit, not population false-certification rate",gpt2_cola,native_raw,2
bernstein,unaligned,0.02,0,0.0,,,"Noisy final-test audit, not population false-certification rate",gpt2_cola,native_raw,2
bernstein,unaligned,0.05,15,0.11363636363636363,0.002064109017991664,0.0,"Noisy final-test audit, not population false-certification rate",gpt2_cola,native_raw,2
bernstein,unaligned,0.1,85,0.6439393939393939,0.012410213987684436,0.0,"Noisy final-test audit, not population false-certification rate",gpt2_cola,native_raw,2
bernstein,aligned,0.0,0,0.0,,,"Noisy final-test audit, not population false-certification rate",gpt2_cola,native_raw,2
bernstein,aligned,0.01,0,0.0,,,"Noisy final-test audit, not population false-certification rate",gpt2_cola,native_raw,2
bernstein,aligned,0.02,0,0.0,,,"Noisy final-test audit, not population false-certification rate",gpt2_cola,native_raw,2
bernstein,aligned,0.05,45,0.3409090909090909,0.001223580228310183,0.0,"Noisy final-test audit, not population false-certification rate",gpt2_cola,native_raw,2
bernstein,aligned,0.1,132,1.0,0.005230143857341981,0.0,"Noisy final-test audit, not population false-certification rate",gpt2_cola,native_raw,2
betting,unaligned,0.0,0,0.0,,,"Noisy final-test audit, not population false-certification rate",gpt2_cola,native_raw,2
betting,unaligned,0.01,0,0.0,,,"Noisy final-test audit, not population false-certification rate",gpt2_cola,native_raw,2
betting,unaligned,0.02,43,0.32575757575757575,0.0045237536254884615,0.0,"Noisy final-test audit, not population false-certification rate",gpt2_cola,native_raw,2
betting,unaligned,0.05,76,0.5757575757575758,0.00972419911619873,0.0,"Noisy final-test audit, not population false-certification rate",gpt2_cola,native_raw,2
betting,unaligned,0.1,96,0.7272727272727273,0.01678367653078434,0.0,"Noisy final-test audit, not population false-certification rate",gpt2_cola,native_raw,2
betting,aligned,0.0,0,0.0,,,"Noisy final-test audit, not population false-certification rate",gpt2_cola,native_raw,2
betting,aligned,0.01,10,0.07575757575757576,0.0007658184388583216,0.0,"Noisy final-test audit, not population false-certification rate",gpt2_cola,native_raw,2
betting,aligned,0.02,93,0.7045454545454546,0.002095896409314336,0.0,"Noisy final-test audit, not population false-certification rate",gpt2_cola,native_raw,2
betting,aligned,0.05,132,1.0,0.005230143857341981,0.0,"Noisy final-test audit, not population false-certification rate",gpt2_cola,native_raw,2
betting,aligned,0.1,132,1.0,0.005230143857341981,0.0,"Noisy final-test audit, not population false-certification rate",gpt2_cola,native_raw,2
bernstein,unaligned,0.0,0,0.0,,,"Noisy final-test audit, not population false-certification rate",gpt2_cola,shared_raw,2
bernstein,unaligned,0.01,0,0.0,,,"Noisy final-test audit, not population false-certification rate",gpt2_cola,shared_raw,2
bernstein,unaligned,0.02,0,0.0,,,"Noisy final-test audit, not population false-certification rate",gpt2_cola,shared_raw,2
bernstein,unaligned,0.05,19,0.14393939393939395,0.0017751930302328518,0.0,"Noisy final-test audit, not population false-certification rate",gpt2_cola,shared_raw,2
bernstein,unaligned,0.1,84,0.6363636363636364,0.012364457185289921,0.0,"Noisy final-test audit, not population false-certification rate",gpt2_cola,shared_raw,2
bernstein,aligned,0.0,0,0.0,,,"Noisy final-test audit, not population false-certification rate",gpt2_cola,shared_raw,2
bernstein,aligned,0.01,0,0.0,,,"Noisy final-test audit, not population false-certification rate",gpt2_cola,shared_raw,2
bernstein,aligned,0.02,0,0.0,,,"Noisy final-test audit, not population false-certification rate",gpt2_cola,shared_raw,2
bernstein,aligned,0.05,89,0.6742424242424242,0.0004008452550167674,0.0,"Noisy final-test audit, not population false-certification rate",gpt2_cola,shared_raw,2
bernstein,aligned,0.1,132,1.0,0.0034402459840193926,0.0,"Noisy final-test audit, not population false-certification rate",gpt2_cola,shared_raw,2
betting,unaligned,0.0,0,0.0,,,"Noisy final-test audit, not population false-certification rate",gpt2_cola,shared_raw,2
betting,unaligned,0.01,4,0.030303030303030304,0.00024383078745057453,0.0,"Noisy final-test audit, not population false-certification rate",gpt2_cola,shared_raw,2
betting,unaligned,0.02,33,0.25,0.003266565807667373,0.0,"Noisy final-test audit, not population false-certification rate",gpt2_cola,shared_raw,2
betting,unaligned,0.05,77,0.5833333333333334,0.010424164160656425,0.0,"Noisy final-test audit, not population false-certification rate",gpt2_cola,shared_raw,2
betting,unaligned,0.1,99,0.75,0.017893586587757648,0.0,"Noisy final-test audit, not population false-certification rate",gpt2_cola,shared_raw,2
betting,aligned,0.0,0,0.0,,,"Noisy final-test audit, not population false-certification rate",gpt2_cola,shared_raw,2
betting,aligned,0.01,27,0.20454545454545456,-4.669207844311245e-05,0.0,"Noisy final-test audit, not population false-certification rate",gpt2_cola,shared_raw,2
betting,aligned,0.02,103,0.7803030303030303,0.000985661823936027,0.0,"Noisy final-test audit, not population false-certification rate",gpt2_cola,shared_raw,2
betting,aligned,0.05,132,1.0,0.0034402459840193926,0.0,"Noisy final-test audit, not population false-certification rate",gpt2_cola,shared_raw,2
betting,aligned,0.1,132,1.0,0.0034402459840193926,0.0,"Noisy final-test audit, not population false-certification rate",gpt2_cola,shared_raw,2
bernstein,unaligned,0.0,0,0.0,,,"Noisy final-test audit, not population false-certification rate",gpt2_cola,shared_center,2
bernstein,unaligned,0.01,0,0.0,,,"Noisy final-test audit, not population false-certification rate",gpt2_cola,shared_center,2
bernstein,unaligned,0.02,0,0.0,,,"Noisy final-test audit, not population false-certification rate",gpt2_cola,shared_center,2
bernstein,unaligned,0.05,47,0.3560606060606061,0.001576704820524005,0.0,"Noisy final-test audit, not population false-certification rate",gpt2_cola,shared_center,2
bernstein,unaligned,0.1,111,0.8409090909090909,0.0073881584674374765,0.0,"Noisy final-test audit, not population false-certification rate",gpt2_cola,shared_center,2
bernstein,aligned,0.0,0,0.0,,,"Noisy final-test audit, not population false-certification rate",gpt2_cola,shared_center,2
bernstein,aligned,0.01,0,0.0,,,"Noisy final-test audit, not population false-certification rate",gpt2_cola,shared_center,2
bernstein,aligned,0.02,0,0.0,,,"Noisy final-test audit, not population false-certification rate",gpt2_cola,shared_center,2
bernstein,aligned,0.05,90,0.6818181818181818,0.0004358393472914263,0.0,"Noisy final-test audit, not population false-certification rate",gpt2_cola,shared_center,2
bernstein,aligned,0.1,132,1.0,0.003448269932793671,0.0,"Noisy final-test audit, not population false-certification rate",gpt2_cola,shared_center,2
betting,unaligned,0.0,0,0.0,,,"Noisy final-test audit, not population false-certification rate",gpt2_cola,shared_center,2
betting,unaligned,0.01,12,0.09090909090909091,0.0001905115881866937,0.0,"Noisy final-test audit, not population false-certification rate",gpt2_cola,shared_center,2
betting,unaligned,0.02,72,0.5454545454545454,0.0023496617689034685,0.0,"Noisy final-test audit, not population false-certification rate",gpt2_cola,shared_center,2
betting,unaligned,0.05,105,0.7954545454545454,0.006028626532194604,0.0,"Noisy final-test audit, not population false-certification rate",gpt2_cola,shared_center,2
betting,unaligned,0.1,120,0.9090909090909091,0.01110198622841866,0.0,"Noisy final-test audit, not population false-certification rate",gpt2_cola,shared_center,2
betting,aligned,0.0,0,0.0,,,"Noisy final-test audit, not population false-certification rate",gpt2_cola,shared_center,2
betting,aligned,0.01,28,0.21212121212121213,-6.211421309502163e-05,0.0,"Noisy final-test audit, not population false-certification rate",gpt2_cola,shared_center,2
betting,aligned,0.02,104,0.7878787878787878,0.0010334721865779206,0.0,"Noisy final-test audit, not population false-certification rate",gpt2_cola,shared_center,2
betting,aligned,0.05,132,1.0,0.003448269932793671,0.0,"Noisy final-test audit, not population false-certification rate",gpt2_cola,shared_center,2
betting,aligned,0.1,132,1.0,0.003448269932793671,0.0,"Noisy final-test audit, not population false-certification rate",gpt2_cola,shared_center,2
bernstein,unaligned,0.0,0,0.0,,,"Noisy final-test audit, not population false-certification rate",gpt2_cola,shared_rms,2
bernstein,unaligned,0.01,0,0.0,,,"Noisy final-test audit, not population false-certification rate",gpt2_cola,shared_rms,2
bernstein,unaligned,0.02,0,0.0,,,"Noisy final-test audit, not population false-certification rate",gpt2_cola,shared_rms,2
bernstein,unaligned,0.05,29,0.2196969696969697,0.0012175988529815006,0.0,"Noisy final-test audit, not population false-certification rate",gpt2_cola,shared_rms,2
bernstein,unaligned,0.1,132,1.0,0.01053119258133255,0.0,"Noisy final-test audit, not population false-certification rate",gpt2_cola,shared_rms,2
bernstein,aligned,0.0,0,0.0,,,"Noisy final-test audit, not population false-certification rate",gpt2_cola,shared_rms,2
bernstein,aligned,0.01,0,0.0,,,"Noisy final-test audit, not population false-certification rate",gpt2_cola,shared_rms,2
bernstein,aligned,0.02,0,0.0,,,"Noisy final-test audit, not population false-certification rate",gpt2_cola,shared_rms,2
bernstein,aligned,0.05,90,0.6818181818181818,0.0006263091802848179,0.0,"Noisy final-test audit, not population false-certification rate",gpt2_cola,shared_rms,2
bernstein,aligned,0.1,132,1.0,0.003417128818577576,0.0,"Noisy final-test audit, not population false-certification rate",gpt2_cola,shared_rms,2
betting,unaligned,0.0,0,0.0,,,"Noisy final-test audit, not population false-certification rate",gpt2_cola,shared_rms,2
betting,unaligned,0.01,12,0.09090909090909091,0.00032191992193586716,0.0,"Noisy final-test audit, not population false-certification rate",gpt2_cola,shared_rms,2
betting,unaligned,0.02,50,0.3787878787878788,0.002968106568896815,0.0,"Noisy final-test audit, not population false-certification rate",gpt2_cola,shared_rms,2
betting,unaligned,0.05,132,1.0,0.01053119258133255,0.0,"Noisy final-test audit, not population false-certification rate",gpt2_cola,shared_rms,2
betting,unaligned,0.1,132,1.0,0.01053119258133255,0.0,"Noisy final-test audit, not population false-certification rate",gpt2_cola,shared_rms,2
betting,aligned,0.0,0,0.0,,,"Noisy final-test audit, not population false-certification rate",gpt2_cola,shared_rms,2
betting,aligned,0.01,41,0.3106060606060606,0.00012011866551916322,0.0,"Noisy final-test audit, not population false-certification rate",gpt2_cola,shared_rms,2
betting,aligned,0.02,103,0.7803030303030303,0.0010658140123977816,0.0,"Noisy final-test audit, not population false-certification rate",gpt2_cola,shared_rms,2
betting,aligned,0.05,132,1.0,0.003417128818577576,0.0,"Noisy final-test audit, not population false-certification rate",gpt2_cola,shared_rms,2
betting,aligned,0.1,132,1.0,0.003417128818577576,0.0,"Noisy final-test audit, not population false-certification rate",gpt2_cola,shared_rms,2
bernstein,unaligned,0.0,0,0.0,,,"Noisy final-test audit, not population false-certification rate",pythia_sst2,native_raw,0
bernstein,unaligned,0.01,0,0.0,,,"Noisy final-test audit, not population false-certification rate",pythia_sst2,native_raw,0
bernstein,unaligned,0.02,0,0.0,,,"Noisy final-test audit, not population false-certification rate",pythia_sst2,native_raw,0
bernstein,unaligned,0.05,0,0.0,,,"Noisy final-test audit, not population false-certification rate",pythia_sst2,native_raw,0
bernstein,unaligned,0.1,9,0.06818181818181818,0.04656594011697942,0.0,"Noisy final-test audit, not population false-certification rate",pythia_sst2,native_raw,0
bernstein,aligned,0.0,0,0.0,,,"Noisy final-test audit, not population false-certification rate",pythia_sst2,native_raw,0
bernstein,aligned,0.01,0,0.0,,,"Noisy final-test audit, not population false-certification rate",pythia_sst2,native_raw,0
bernstein,aligned,0.02,0,0.0,,,"Noisy final-test audit, not population false-certification rate",pythia_sst2,native_raw,0
bernstein,aligned,0.05,110,0.8333333333333334,0.0058311191354333755,0.0,"Noisy final-test audit, not population false-certification rate",pythia_sst2,native_raw,0
bernstein,aligned,0.1,132,1.0,0.009236891295734082,0.0,"Noisy final-test audit, not population false-certification rate",pythia_sst2,native_raw,0
betting,unaligned,0.0,0,0.0,,,"Noisy final-test audit, not population false-certification rate",pythia_sst2,native_raw,0
betting,unaligned,0.01,0,0.0,,,"Noisy final-test audit, not population false-certification rate",pythia_sst2,native_raw,0
betting,unaligned,0.02,0,0.0,,,"Noisy final-test audit, not population false-certification rate",pythia_sst2,native_raw,0
betting,unaligned,0.05,2,0.015151515151515152,0.02708309341278697,0.0,"Noisy final-test audit, not population false-certification rate",pythia_sst2,native_raw,0
betting,unaligned,0.1,16,0.12121212121212122,0.05934129374218984,0.0,"Noisy final-test audit, not population false-certification rate",pythia_sst2,native_raw,0
betting,aligned,0.0,0,0.0,,,"Noisy final-test audit, not population false-certification rate",pythia_sst2,native_raw,0
betting,aligned,0.01,44,0.3333333333333333,0.002018420122340718,0.0,"Noisy final-test audit, not population false-certification rate",pythia_sst2,native_raw,0
betting,aligned,0.02,92,0.696969696969697,0.003934935720347788,0.0,"Noisy final-test audit, not population false-certification rate",pythia_sst2,native_raw,0
betting,aligned,0.05,132,1.0,0.009236891295734082,0.0,"Noisy final-test audit, not population false-certification rate",pythia_sst2,native_raw,0
betting,aligned,0.1,132,1.0,0.009236891295734082,0.0,"Noisy final-test audit, not population false-certification rate",pythia_sst2,native_raw,0
bernstein,unaligned,0.0,0,0.0,,,"Noisy final-test audit, not population false-certification rate",pythia_sst2,shared_raw,0
bernstein,unaligned,0.01,0,0.0,,,"Noisy final-test audit, not population false-certification rate",pythia_sst2,shared_raw,0
bernstein,unaligned,0.02,0,0.0,,,"Noisy final-test audit, not population false-certification rate",pythia_sst2,shared_raw,0
bernstein,unaligned,0.05,2,0.015151515151515152,0.011055647347057163,0.0,"Noisy final-test audit, not population false-certification rate",pythia_sst2,shared_raw,0
bernstein,unaligned,0.1,18,0.13636363636363635,0.0388789299544435,0.0,"Noisy final-test audit, not population false-certification rate",pythia_sst2,shared_raw,0
bernstein,aligned,0.0,0,0.0,,,"Noisy final-test audit, not population false-certification rate",pythia_sst2,shared_raw,0
bernstein,aligned,0.01,0,0.0,,,"Noisy final-test audit, not population false-certification rate",pythia_sst2,shared_raw,0
bernstein,aligned,0.02,0,0.0,,,"Noisy final-test audit, not population false-certification rate",pythia_sst2,shared_raw,0
bernstein,aligned,0.05,115,0.8712121212121212,0.0062822001122096105,0.0,"Noisy final-test audit, not population false-certification rate",pythia_sst2,shared_raw,0
bernstein,aligned,0.1,132,1.0,0.009101182293746004,0.0,"Noisy final-test audit, not population false-certification rate",pythia_sst2,shared_raw,0
betting,unaligned,0.0,0,0.0,,,"Noisy final-test audit, not population false-certification rate",pythia_sst2,shared_raw,0
betting,unaligned,0.01,0,0.0,,,"Noisy final-test audit, not population false-certification rate",pythia_sst2,shared_raw,0
betting,unaligned,0.02,1,0.007575757575757576,0.005976490686461555,0.0,"Noisy final-test audit, not population false-certification rate",pythia_sst2,shared_raw,0
betting,unaligned,0.05,5,0.03787878787878788,0.01970671439596893,0.0,"Noisy final-test audit, not population false-certification rate",pythia_sst2,shared_raw,0
betting,unaligned,0.1,21,0.1590909090909091,0.043277329954175436,0.0,"Noisy final-test audit, not population false-certification rate",pythia_sst2,shared_raw,0
betting,aligned,0.0,0,0.0,,,"Noisy final-test audit, not population false-certification rate",pythia_sst2,shared_raw,0
betting,aligned,0.01,29,0.2196969696969697,0.0025535455272454165,0.0,"Noisy final-test audit, not population false-certification rate",pythia_sst2,shared_raw,0
betting,aligned,0.02,103,0.7803030303030303,0.0051191687013665,0.0,"Noisy final-test audit, not population false-certification rate",pythia_sst2,shared_raw,0
betting,aligned,0.05,132,1.0,0.009101182293746004,0.0,"Noisy final-test audit, not population false-certification rate",pythia_sst2,shared_raw,0
betting,aligned,0.1,132,1.0,0.009101182293746004,0.0,"Noisy final-test audit, not population false-certification rate",pythia_sst2,shared_raw,0
bernstein,unaligned,0.0,0,0.0,,,"Noisy final-test audit, not population false-certification rate",pythia_sst2,shared_center,0
bernstein,unaligned,0.01,0,0.0,,,"Noisy final-test audit, not population false-certification rate",pythia_sst2,shared_center,0
bernstein,unaligned,0.02,0,0.0,,,"Noisy final-test audit, not population false-certification rate",pythia_sst2,shared_center,0
bernstein,unaligned,0.05,8,0.06060606060606061,0.013928959427818716,0.0,"Noisy final-test audit, not population false-certification rate",pythia_sst2,shared_center,0
bernstein,unaligned,0.1,68,0.5151515151515151,0.038799351118760594,0.0,"Noisy final-test audit, not population false-certification rate",pythia_sst2,shared_center,0
bernstein,aligned,0.0,0,0.0,,,"Noisy final-test audit, not population false-certification rate",pythia_sst2,shared_center,0
bernstein,aligned,0.01,0,0.0,,,"Noisy final-test audit, not population false-certification rate",pythia_sst2,shared_center,0
bernstein,aligned,0.02,0,0.0,,,"Noisy final-test audit, not population false-certification rate",pythia_sst2,shared_center,0
bernstein,aligned,0.05,115,0.8712121212121212,0.006471090151116275,0.0,"Noisy final-test audit, not population false-certification rate",pythia_sst2,shared_center,0
bernstein,aligned,0.1,132,1.0,0.009298645773985474,0.0,"Noisy final-test audit, not population false-certification rate",pythia_sst2,shared_center,0
betting,unaligned,0.0,0,0.0,,,"Noisy final-test audit, not population false-certification rate",pythia_sst2,shared_center,0
betting,unaligned,0.01,0,0.0,,,"Noisy final-test audit, not population false-certification rate",pythia_sst2,shared_center,0
betting,unaligned,0.02,2,0.015151515151515152,0.0056929101327361595,0.0,"Noisy final-test audit, not population false-certification rate",pythia_sst2,shared_center,0
betting,unaligned,0.05,26,0.19696969696969696,0.02516442061483539,0.0,"Noisy final-test audit, not population false-certification rate",pythia_sst2,shared_center,0
betting,unaligned,0.1,86,0.6515151515151515,0.045948970126503855,0.0,"Noisy final-test audit, not population false-certification rate",pythia_sst2,shared_center,0
betting,aligned,0.0,0,0.0,,,"Noisy final-test audit, not population false-certification rate",pythia_sst2,shared_center,0
betting,aligned,0.01,30,0.22727272727272727,0.00274905358761922,0.0,"Noisy final-test audit, not population false-certification rate",pythia_sst2,shared_center,0
betting,aligned,0.02,103,0.7803030303030303,0.00529231124165106,0.0,"Noisy final-test audit, not population false-certification rate",pythia_sst2,shared_center,0
betting,aligned,0.05,132,1.0,0.009298645773985474,0.0,"Noisy final-test audit, not population false-certification rate",pythia_sst2,shared_center,0
betting,aligned,0.1,132,1.0,0.009298645773985474,0.0,"Noisy final-test audit, not population false-certification rate",pythia_sst2,shared_center,0
bernstein,unaligned,0.0,0,0.0,,,"Noisy final-test audit, not population false-certification rate",pythia_sst2,shared_rms,0
bernstein,unaligned,0.01,0,0.0,,,"Noisy final-test audit, not population false-certification rate",pythia_sst2,shared_rms,0
bernstein,unaligned,0.02,0,0.0,,,"Noisy final-test audit, not population false-certification rate",pythia_sst2,shared_rms,0
bernstein,unaligned,0.05,6,0.045454545454545456,0.015691480196295085,0.0,"Noisy final-test audit, not population false-certification rate",pythia_sst2,shared_rms,0
bernstein,unaligned,0.1,46,0.3484848484848485,0.03701409607192639,0.0,"Noisy final-test audit, not population false-certification rate",pythia_sst2,shared_rms,0
bernstein,aligned,0.0,0,0.0,,,"Noisy final-test audit, not population false-certification rate",pythia_sst2,shared_rms,0
bernstein,aligned,0.01,0,0.0,,,"Noisy final-test audit, not population false-certification rate",pythia_sst2,shared_rms,0
bernstein,aligned,0.02,0,0.0,,,"Noisy final-test audit, not population false-certification rate",pythia_sst2,shared_rms,0
bernstein,aligned,0.05,110,0.8333333333333334,0.005751810834254466,0.0,"Noisy final-test audit, not population false-certification rate",pythia_sst2,shared_rms,0
bernstein,aligned,0.1,132,1.0,0.009178893849322443,0.0,"Noisy final-test audit, not population false-certification rate",pythia_sst2,shared_rms,0
betting,unaligned,0.0,0,0.0,,,"Noisy final-test audit, not population false-certification rate",pythia_sst2,shared_rms,0
betting,unaligned,0.01,0,0.0,,,"Noisy final-test audit, not population false-certification rate",pythia_sst2,shared_rms,0
betting,unaligned,0.02,1,0.007575757575757576,0.008936722874962305,0.0,"Noisy final-test audit, not population false-certification rate",pythia_sst2,shared_rms,0
betting,unaligned,0.05,19,0.14393939393939395,0.024191105770761973,0.0,"Noisy final-test audit, not population false-certification rate",pythia_sst2,shared_rms,0
betting,unaligned,0.1,68,0.5151515151515151,0.04721703695758121,0.0,"Noisy final-test audit, not population false-certification rate",pythia_sst2,shared_rms,0
betting,aligned,0.0,0,0.0,,,"Noisy final-test audit, not population false-certification rate",pythia_sst2,shared_rms,0
betting,aligned,0.01,35,0.26515151515151514,0.0024912758539614843,0.0,"Noisy final-test audit, not population false-certification rate",pythia_sst2,shared_rms,0
betting,aligned,0.02,100,0.7575757575757576,0.004969064704437432,0.0,"Noisy final-test audit, not population false-certification rate",pythia_sst2,shared_rms,0
betting,aligned,0.05,132,1.0,0.009178893849322443,0.0,"Noisy final-test audit, not population false-certification rate",pythia_sst2,shared_rms,0
betting,aligned,0.1,132,1.0,0.009178893849322443,0.0,"Noisy final-test audit, not population false-certification rate",pythia_sst2,shared_rms,0
bernstein,unaligned,0.0,0,0.0,,,"Noisy final-test audit, not population false-certification rate",pythia_sst2,shared_unit,0
bernstein,unaligned,0.01,0,0.0,,,"Noisy final-test audit, not population false-certification rate",pythia_sst2,shared_unit,0
bernstein,unaligned,0.02,0,0.0,,,"Noisy final-test audit, not population false-certification rate",pythia_sst2,shared_unit,0
bernstein,unaligned,0.05,1,0.007575757575757576,0.00914384314343027,0.0,"Noisy final-test audit, not population false-certification rate",pythia_sst2,shared_unit,0
bernstein,unaligned,0.1,10,0.07575757575757576,0.040848909654591294,0.0,"Noisy final-test audit, not population false-certification rate",pythia_sst2,shared_unit,0
bernstein,aligned,0.0,0,0.0,,,"Noisy final-test audit, not population false-certification rate",pythia_sst2,shared_unit,0
bernstein,aligned,0.01,0,0.0,,,"Noisy final-test audit, not population false-certification rate",pythia_sst2,shared_unit,0
bernstein,aligned,0.02,0,0.0,,,"Noisy final-test audit, not population false-certification rate",pythia_sst2,shared_unit,0
bernstein,aligned,0.05,114,0.8636363636363636,0.006482859822040488,0.0,"Noisy final-test audit, not population false-certification rate",pythia_sst2,shared_unit,0
bernstein,aligned,0.1,132,1.0,0.009063475232456488,0.0,"Noisy final-test audit, not population false-certification rate",pythia_sst2,shared_unit,0
betting,unaligned,0.0,0,0.0,,,"Noisy final-test audit, not population false-certification rate",pythia_sst2,shared_unit,0
betting,unaligned,0.01,0,0.0,,,"Noisy final-test audit, not population false-certification rate",pythia_sst2,shared_unit,0
betting,unaligned,0.02,0,0.0,,,"Noisy final-test audit, not population false-certification rate",pythia_sst2,shared_unit,0
betting,unaligned,0.05,2,0.015151515151515152,0.01770722189672817,0.0,"Noisy final-test audit, not population false-certification rate",pythia_sst2,shared_unit,0
betting,unaligned,0.1,18,0.13636363636363635,0.052016514291244535,0.0,"Noisy final-test audit, not population false-certification rate",pythia_sst2,shared_unit,0
betting,aligned,0.0,0,0.0,,,"Noisy final-test audit, not population false-certification rate",pythia_sst2,shared_unit,0
betting,aligned,0.01,30,0.22727272727272727,0.002618829848949588,0.0,"Noisy final-test audit, not population false-certification rate",pythia_sst2,shared_unit,0
betting,aligned,0.02,105,0.7954545454545454,0.005616858180487789,0.0,"Noisy final-test audit, not population false-certification rate",pythia_sst2,shared_unit,0
betting,aligned,0.05,132,1.0,0.009063475232456488,0.0,"Noisy final-test audit, not population false-certification rate",pythia_sst2,shared_unit,0
betting,aligned,0.1,132,1.0,0.009063475232456488,0.0,"Noisy final-test audit, not population false-certification rate",pythia_sst2,shared_unit,0
bernstein,unaligned,0.0,0,0.0,,,"Noisy final-test audit, not population false-certification rate",pythia_sst2,shared_clip100,0
bernstein,unaligned,0.01,0,0.0,,,"Noisy final-test audit, not population false-certification rate",pythia_sst2,shared_clip100,0
bernstein,unaligned,0.02,0,0.0,,,"Noisy final-test audit, not population false-certification rate",pythia_sst2,shared_clip100,0
bernstein,unaligned,0.05,2,0.015151515151515152,0.010889427615718792,0.0,"Noisy final-test audit, not population false-certification rate",pythia_sst2,shared_clip100,0
bernstein,unaligned,0.1,18,0.13636363636363635,0.0389573946450451,0.0,"Noisy final-test audit, not population false-certification rate",pythia_sst2,shared_clip100,0
bernstein,aligned,0.0,0,0.0,,,"Noisy final-test audit, not population false-certification rate",pythia_sst2,shared_clip100,0
bernstein,aligned,0.01,0,0.0,,,"Noisy final-test audit, not population false-certification rate",pythia_sst2,shared_clip100,0
bernstein,aligned,0.02,0,0.0,,,"Noisy final-test audit, not population false-certification rate",pythia_sst2,shared_clip100,0
bernstein,aligned,0.05,115,0.8712121212121212,0.006279385375550812,0.0,"Noisy final-test audit, not population false-certification rate",pythia_sst2,shared_clip100,0
bernstein,aligned,0.1,132,1.0,0.00909873532522515,0.0,"Noisy final-test audit, not population false-certification rate",pythia_sst2,shared_clip100,0
betting,unaligned,0.0,0,0.0,,,"Noisy final-test audit, not population false-certification rate",pythia_sst2,shared_clip100,0
betting,unaligned,0.01,0,0.0,,,"Noisy final-test audit, not population false-certification rate",pythia_sst2,shared_clip100,0
betting,unaligned,0.02,1,0.007575757575757576,0.005966710719420759,0.0,"Noisy final-test audit, not population false-certification rate",pythia_sst2,shared_clip100,0
betting,unaligned,0.05,5,0.03787878787878788,0.019760541470787363,0.0,"Noisy final-test audit, not population false-certification rate",pythia_sst2,shared_clip100,0
betting,unaligned,0.1,21,0.1590909090909091,0.043249658354950024,0.0,"Noisy final-test audit, not population false-certification rate",pythia_sst2,shared_clip100,0
betting,aligned,0.0,0,0.0,,,"Noisy final-test audit, not population false-certification rate",pythia_sst2,shared_clip100,0
betting,aligned,0.01,29,0.2196969696969697,0.0025524267249501897,0.0,"Noisy final-test audit, not population false-certification rate",pythia_sst2,shared_clip100,0
betting,aligned,0.02,103,0.7803030303030303,0.005116616480552257,0.0,"Noisy final-test audit, not population false-certification rate",pythia_sst2,shared_clip100,0
betting,aligned,0.05,132,1.0,0.00909873532522515,0.0,"Noisy final-test audit, not population false-certification rate",pythia_sst2,shared_clip100,0
betting,aligned,0.1,132,1.0,0.00909873532522515,0.0,"Noisy final-test audit, not population false-certification rate",pythia_sst2,shared_clip100,0
bernstein,unaligned,0.0,0,0.0,,,"Noisy final-test audit, not population false-certification rate",pythia_sst2,shared_clip300,0
bernstein,unaligned,0.01,0,0.0,,,"Noisy final-test audit, not population false-certification rate",pythia_sst2,shared_clip300,0
bernstein,unaligned,0.02,0,0.0,,,"Noisy final-test audit, not population false-certification rate",pythia_sst2,shared_clip300,0
bernstein,unaligned,0.05,2,0.015151515151515152,0.011055647347057163,0.0,"Noisy final-test audit, not population false-certification rate",pythia_sst2,shared_clip300,0
bernstein,unaligned,0.1,18,0.13636363636363635,0.0388789299544435,0.0,"Noisy final-test audit, not population false-certification rate",pythia_sst2,shared_clip300,0
bernstein,aligned,0.0,0,0.0,,,"Noisy final-test audit, not population false-certification rate",pythia_sst2,shared_clip300,0
bernstein,aligned,0.01,0,0.0,,,"Noisy final-test audit, not population false-certification rate",pythia_sst2,shared_clip300,0
bernstein,aligned,0.02,0,0.0,,,"Noisy final-test audit, not population false-certification rate",pythia_sst2,shared_clip300,0
bernstein,aligned,0.05,115,0.8712121212121212,0.0062822001122096105,0.0,"Noisy final-test audit, not population false-certification rate",pythia_sst2,shared_clip300,0
bernstein,aligned,0.1,132,1.0,0.009101182293746004,0.0,"Noisy final-test audit, not population false-certification rate",pythia_sst2,shared_clip300,0
betting,unaligned,0.0,0,0.0,,,"Noisy final-test audit, not population false-certification rate",pythia_sst2,shared_clip300,0
betting,unaligned,0.01,0,0.0,,,"Noisy final-test audit, not population false-certification rate",pythia_sst2,shared_clip300,0
betting,unaligned,0.02,1,0.007575757575757576,0.005976490686461555,0.0,"Noisy final-test audit, not population false-certification rate",pythia_sst2,shared_clip300,0
betting,unaligned,0.05,5,0.03787878787878788,0.01970671439596893,0.0,"Noisy final-test audit, not population false-certification rate",pythia_sst2,shared_clip300,0
betting,unaligned,0.1,21,0.1590909090909091,0.043277329954175436,0.0,"Noisy final-test audit, not population false-certification rate",pythia_sst2,shared_clip300,0
betting,aligned,0.0,0,0.0,,,"Noisy final-test audit, not population false-certification rate",pythia_sst2,shared_clip300,0
betting,aligned,0.01,29,0.2196969696969697,0.0025535455272454165,0.0,"Noisy final-test audit, not population false-certification rate",pythia_sst2,shared_clip300,0
betting,aligned,0.02,103,0.7803030303030303,0.0051191687013665,0.0,"Noisy final-test audit, not population false-certification rate",pythia_sst2,shared_clip300,0
betting,aligned,0.05,132,1.0,0.009101182293746004,0.0,"Noisy final-test audit, not population false-certification rate",pythia_sst2,shared_clip300,0
betting,aligned,0.1,132,1.0,0.009101182293746004,0.0,"Noisy final-test audit, not population false-certification rate",pythia_sst2,shared_clip300,0
bernstein,unaligned,0.0,0,0.0,,,"Noisy final-test audit, not population false-certification rate",pythia_sst2,separate_naive,0
bernstein,unaligned,0.01,0,0.0,,,"Noisy final-test audit, not population false-certification rate",pythia_sst2,separate_naive,0
bernstein,unaligned,0.02,0,0.0,,,"Noisy final-test audit, not population false-certification rate",pythia_sst2,separate_naive,0
bernstein,unaligned,0.05,0,0.0,,,"Noisy final-test audit, not population false-certification rate",pythia_sst2,separate_naive,0
bernstein,unaligned,0.1,6,0.045454545454545456,0.05968929071017633,0.0,"Noisy final-test audit, not population false-certification rate",pythia_sst2,separate_naive,0
bernstein,aligned,0.0,0,0.0,,,"Noisy final-test audit, not population false-certification rate",pythia_sst2,separate_naive,0
bernstein,aligned,0.01,0,0.0,,,"Noisy final-test audit, not population false-certification rate",pythia_sst2,separate_naive,0
bernstein,aligned,0.02,0,0.0,,,"Noisy final-test audit, not population false-certification rate",pythia_sst2,separate_naive,0
bernstein,aligned,0.05,114,0.8636363636363636,0.007331657114308565,0.0,"Noisy final-test audit, not population false-certification rate",pythia_sst2,separate_naive,0
bernstein,aligned,0.1,132,1.0,0.010079309426312355,0.0,"Noisy final-test audit, not population false-certification rate",pythia_sst2,separate_naive,0
betting,unaligned,0.0,0,0.0,,,"Noisy final-test audit, not population false-certification rate",pythia_sst2,separate_naive,0
betting,unaligned,0.01,0,0.0,,,"Noisy final-test audit, not population false-certification rate",pythia_sst2,separate_naive,0
betting,unaligned,0.02,0,0.0,,,"Noisy final-test audit, not population false-certification rate",pythia_sst2,separate_naive,0
betting,unaligned,0.05,0,0.0,,,"Noisy final-test audit, not population false-certification rate",pythia_sst2,separate_naive,0
betting,unaligned,0.1,15,0.11363636363636363,0.0672258967564861,0.0,"Noisy final-test audit, not population false-certification rate",pythia_sst2,separate_naive,0
betting,aligned,0.0,0,0.0,,,"Noisy final-test audit, not population false-certification rate",pythia_sst2,separate_naive,0
betting,aligned,0.01,35,0.26515151515151514,0.003356902616907559,0.0,"Noisy final-test audit, not population false-certification rate",pythia_sst2,separate_naive,0
betting,aligned,0.02,99,0.75,0.0059541091357162255,0.0,"Noisy final-test audit, not population false-certification rate",pythia_sst2,separate_naive,0
betting,aligned,0.05,132,1.0,0.010079309426312355,0.0,"Noisy final-test audit, not population false-certification rate",pythia_sst2,separate_naive,0
betting,aligned,0.1,132,1.0,0.010079309426312355,0.0,"Noisy final-test audit, not population false-certification rate",pythia_sst2,separate_naive,0
bernstein,unaligned,0.0,0,0.0,,,"Noisy final-test audit, not population false-certification rate",pythia_sst2,separate_lift,0
bernstein,unaligned,0.01,0,0.0,,,"Noisy final-test audit, not population false-certification rate",pythia_sst2,separate_lift,0
bernstein,unaligned,0.02,0,0.0,,,"Noisy final-test audit, not population false-certification rate",pythia_sst2,separate_lift,0
bernstein,unaligned,0.05,2,0.015151515151515152,0.013666387578954305,0.0,"Noisy final-test audit, not population false-certification rate",pythia_sst2,separate_lift,0
bernstein,unaligned,0.1,39,0.29545454545454547,0.04104666613980406,0.0,"Noisy final-test audit, not population false-certification rate",pythia_sst2,separate_lift,0
bernstein,aligned,0.0,0,0.0,,,"Noisy final-test audit, not population false-certification rate",pythia_sst2,separate_lift,0
bernstein,aligned,0.01,0,0.0,,,"Noisy final-test audit, not population false-certification rate",pythia_sst2,separate_lift,0
bernstein,aligned,0.02,0,0.0,,,"Noisy final-test audit, not population false-certification rate",pythia_sst2,separate_lift,0
bernstein,aligned,0.05,114,0.8636363636363636,0.007331657114308565,0.0,"Noisy final-test audit, not population false-certification rate",pythia_sst2,separate_lift,0
bernstein,aligned,0.1,132,1.0,0.010079309426312355,0.0,"Noisy final-test audit, not population false-certification rate",pythia_sst2,separate_lift,0
betting,unaligned,0.0,0,0.0,,,"Noisy final-test audit, not population false-certification rate",pythia_sst2,separate_lift,0
betting,unaligned,0.01,0,0.0,,,"Noisy final-test audit, not population false-certification rate",pythia_sst2,separate_lift,0
betting,unaligned,0.02,0,0.0,,,"Noisy final-test audit, not population false-certification rate",pythia_sst2,separate_lift,0
betting,unaligned,0.05,15,0.11363636363636363,0.025717065346347157,0.0,"Noisy final-test audit, not population false-certification rate",pythia_sst2,separate_lift,0
betting,unaligned,0.1,53,0.4015151515151515,0.048283948882119634,0.0,"Noisy final-test audit, not population false-certification rate",pythia_sst2,separate_lift,0
betting,aligned,0.0,0,0.0,,,"Noisy final-test audit, not population false-certification rate",pythia_sst2,separate_lift,0
betting,aligned,0.01,35,0.26515151515151514,0.003356902616907559,0.0,"Noisy final-test audit, not population false-certification rate",pythia_sst2,separate_lift,0
betting,aligned,0.02,99,0.75,0.0059541091357162255,0.0,"Noisy final-test audit, not population false-certification rate",pythia_sst2,separate_lift,0
betting,aligned,0.05,132,1.0,0.010079309426312355,0.0,"Noisy final-test audit, not population false-certification rate",pythia_sst2,separate_lift,0
betting,aligned,0.1,132,1.0,0.010079309426312355,0.0,"Noisy final-test audit, not population false-certification rate",pythia_sst2,separate_lift,0
bernstein,unaligned,0.0,0,0.0,,,"Noisy final-test audit, not population false-certification rate",pythia_sst2,native_raw,1
bernstein,unaligned,0.01,0,0.0,,,"Noisy final-test audit, not population false-certification rate",pythia_sst2,native_raw,1
bernstein,unaligned,0.02,0,0.0,,,"Noisy final-test audit, not population false-certification rate",pythia_sst2,native_raw,1
bernstein,unaligned,0.05,0,0.0,,,"Noisy final-test audit, not population false-certification rate",pythia_sst2,native_raw,1
bernstein,unaligned,0.1,7,0.05303030303030303,0.04420538871107337,0.0,"Noisy final-test audit, not population false-certification rate",pythia_sst2,native_raw,1
bernstein,aligned,0.0,0,0.0,,,"Noisy final-test audit, not population false-certification rate",pythia_sst2,native_raw,1
bernstein,aligned,0.01,0,0.0,,,"Noisy final-test audit, not population false-certification rate",pythia_sst2,native_raw,1
bernstein,aligned,0.02,0,0.0,,,"Noisy final-test audit, not population false-certification rate",pythia_sst2,native_raw,1
bernstein,aligned,0.05,111,0.8409090909090909,0.005706435276272987,0.0,"Noisy final-test audit, not population false-certification rate",pythia_sst2,native_raw,1
bernstein,aligned,0.1,132,1.0,0.009312982799960661,0.0,"Noisy final-test audit, not population false-certification rate",pythia_sst2,native_raw,1
betting,unaligned,0.0,0,0.0,,,"Noisy final-test audit, not population false-certification rate",pythia_sst2,native_raw,1
betting,unaligned,0.01,0,0.0,,,"Noisy final-test audit, not population false-certification rate",pythia_sst2,native_raw,1
betting,unaligned,0.02,0,0.0,,,"Noisy final-test audit, not population false-certification rate",pythia_sst2,native_raw,1
betting,unaligned,0.05,1,0.007575757575757576,0.03317260239831893,0.0,"Noisy final-test audit, not population false-certification rate",pythia_sst2,native_raw,1
betting,unaligned,0.1,14,0.10606060606060606,0.059765392918879987,0.0,"Noisy final-test audit, not population false-certification rate",pythia_sst2,native_raw,1
betting,aligned,0.0,0,0.0,,,"Noisy final-test audit, not population false-certification rate",pythia_sst2,native_raw,1
betting,aligned,0.01,49,0.3712121212121212,0.002544036506834825,0.0,"Noisy final-test audit, not population false-certification rate",pythia_sst2,native_raw,1
betting,aligned,0.02,94,0.7121212121212122,0.003988683177264913,0.0,"Noisy final-test audit, not population false-certification rate",pythia_sst2,native_raw,1
betting,aligned,0.05,132,1.0,0.009312982799960661,0.0,"Noisy final-test audit, not population false-certification rate",pythia_sst2,native_raw,1
betting,aligned,0.1,132,1.0,0.009312982799960661,0.0,"Noisy final-test audit, not population false-certification rate",pythia_sst2,native_raw,1
bernstein,unaligned,0.0,0,0.0,,,"Noisy final-test audit, not population false-certification rate",pythia_sst2,shared_raw,1
bernstein,unaligned,0.01,0,0.0,,,"Noisy final-test audit, not population false-certification rate",pythia_sst2,shared_raw,1
bernstein,unaligned,0.02,0,0.0,,,"Noisy final-test audit, not population false-certification rate",pythia_sst2,shared_raw,1
bernstein,unaligned,0.05,2,0.015151515151515152,0.012459585035955865,0.0,"Noisy final-test audit, not population false-certification rate",pythia_sst2,shared_raw,1
bernstein,unaligned,0.1,17,0.12878787878787878,0.03702524809015679,0.0,"Noisy final-test audit, not population false-certification rate",pythia_sst2,shared_raw,1
bernstein,aligned,0.0,0,0.0,,,"Noisy final-test audit, not population false-certification rate",pythia_sst2,shared_raw,1
bernstein,aligned,0.01,0,0.0,,,"Noisy final-test audit, not population false-certification rate",pythia_sst2,shared_raw,1
bernstein,aligned,0.02,0,0.0,,,"Noisy final-test audit, not population false-certification rate",pythia_sst2,shared_raw,1
bernstein,aligned,0.05,114,0.8636363636363636,0.007345383792377867,0.0,"Noisy final-test audit, not population false-certification rate",pythia_sst2,shared_raw,1
bernstein,aligned,0.1,132,1.0,0.010701771442590944,0.0,"Noisy final-test audit, not population false-certification rate",pythia_sst2,shared_raw,1
betting,unaligned,0.0,0,0.0,,,"Noisy final-test audit, not population false-certification rate",pythia_sst2,shared_raw,1
betting,unaligned,0.01,0,0.0,,,"Noisy final-test audit, not population false-certification rate",pythia_sst2,shared_raw,1
betting,unaligned,0.02,1,0.007575757575757576,0.010109978847111971,0.0,"Noisy final-test audit, not population false-certification rate",pythia_sst2,shared_raw,1
betting,unaligned,0.05,8,0.06060606060606061,0.025081966990625013,0.0,"Noisy final-test audit, not population false-certification rate",pythia_sst2,shared_raw,1
betting,unaligned,0.1,23,0.17424242424242425,0.04605150525898738,0.0,"Noisy final-test audit, not population false-certification rate",pythia_sst2,shared_raw,1
betting,aligned,0.0,0,0.0,,,"Noisy final-test audit, not population false-certification rate",pythia_sst2,shared_raw,1
betting,aligned,0.01,44,0.3333333333333333,0.0035454829932566943,0.0,"Noisy final-test audit, not population false-certification rate",pythia_sst2,shared_raw,1
betting,aligned,0.02,102,0.7727272727272727,0.005939340531283739,0.0,"Noisy final-test audit, not population false-certification rate",pythia_sst2,shared_raw,1
betting,aligned,0.05,132,1.0,0.010701771442590944,0.0,"Noisy final-test audit, not population false-certification rate",pythia_sst2,shared_raw,1
betting,aligned,0.1,132,1.0,0.010701771442590944,0.0,"Noisy final-test audit, not population false-certification rate",pythia_sst2,shared_raw,1
bernstein,unaligned,0.0,0,0.0,,,"Noisy final-test audit, not population false-certification rate",pythia_sst2,shared_center,1
bernstein,unaligned,0.01,0,0.0,,,"Noisy final-test audit, not population false-certification rate",pythia_sst2,shared_center,1
bernstein,unaligned,0.02,0,0.0,,,"Noisy final-test audit, not population false-certification rate",pythia_sst2,shared_center,1
bernstein,unaligned,0.05,5,0.03787878787878788,0.015534263122702886,0.0,"Noisy final-test audit, not population false-certification rate",pythia_sst2,shared_center,1
bernstein,unaligned,0.1,60,0.45454545454545453,0.036596372703542226,0.0,"Noisy final-test audit, not population false-certification rate",pythia_sst2,shared_center,1
bernstein,aligned,0.0,0,0.0,,,"Noisy final-test audit, not population false-certification rate",pythia_sst2,shared_center,1
bernstein,aligned,0.01,0,0.0,,,"Noisy final-test audit, not population false-certification rate",pythia_sst2,shared_center,1
bernstein,aligned,0.02,0,0.0,,,"Noisy final-test audit, not population false-certification rate",pythia_sst2,shared_center,1
bernstein,aligned,0.05,115,0.8712121212121212,0.007391320523944536,0.0,"Noisy final-test audit, not population false-certification rate",pythia_sst2,shared_center,1
bernstein,aligned,0.1,132,1.0,0.010545054324655016,0.0,"Noisy final-test audit, not population false-certification rate",pythia_sst2,shared_center,1
betting,unaligned,0.0,0,0.0,,,"Noisy final-test audit, not population false-certification rate",pythia_sst2,shared_center,1
betting,unaligned,0.01,0,0.0,,,"Noisy final-test audit, not population false-certification rate",pythia_sst2,shared_center,1
betting,unaligned,0.02,2,0.015151515151515152,0.008903858418123172,0.0,"Noisy final-test audit, not population false-certification rate",pythia_sst2,shared_center,1
betting,unaligned,0.05,25,0.1893939393939394,0.024923562484756273,0.0,"Noisy final-test audit, not population false-certification rate",pythia_sst2,shared_center,1
betting,unaligned,0.1,80,0.6060606060606061,0.04471715672912218,0.0,"Noisy final-test audit, not population false-certification rate",pythia_sst2,shared_center,1
betting,aligned,0.0,0,0.0,,,"Noisy final-test audit, not population false-certification rate",pythia_sst2,shared_center,1
betting,aligned,0.01,46,0.3484848484848485,0.00353688216635149,0.0,"Noisy final-test audit, not population false-certification rate",pythia_sst2,shared_center,1
betting,aligned,0.02,103,0.7803030303030303,0.005953985276771806,0.0,"Noisy final-test audit, not population false-certification rate",pythia_sst2,shared_center,1
betting,aligned,0.05,132,1.0,0.010545054324655016,0.0,"Noisy final-test audit, not population false-certification rate",pythia_sst2,shared_center,1
betting,aligned,0.1,132,1.0,0.010545054324655016,0.0,"Noisy final-test audit, not population false-certification rate",pythia_sst2,shared_center,1
bernstein,unaligned,0.0,0,0.0,,,"Noisy final-test audit, not population false-certification rate",pythia_sst2,shared_rms,1
bernstein,unaligned,0.01,0,0.0,,,"Noisy final-test audit, not population false-certification rate",pythia_sst2,shared_rms,1
bernstein,unaligned,0.02,0,0.0,,,"Noisy final-test audit, not population false-certification rate",pythia_sst2,shared_rms,1
bernstein,unaligned,0.05,3,0.022727272727272728,0.009499506661717233,0.0,"Noisy final-test audit, not population false-certification rate",pythia_sst2,shared_rms,1
bernstein,unaligned,0.1,42,0.3181818181818182,0.03939971228752945,0.0,"Noisy final-test audit, not population false-certification rate",pythia_sst2,shared_rms,1
bernstein,aligned,0.0,0,0.0,,,"Noisy final-test audit, not population false-certification rate",pythia_sst2,shared_rms,1
bernstein,aligned,0.01,0,0.0,,,"Noisy final-test audit, not population false-certification rate",pythia_sst2,shared_rms,1
bernstein,aligned,0.02,0,0.0,,,"Noisy final-test audit, not population false-certification rate",pythia_sst2,shared_rms,1
bernstein,aligned,0.05,112,0.8484848484848485,0.006982295661749767,0.0,"Noisy final-test audit, not population false-certification rate",pythia_sst2,shared_rms,1
bernstein,aligned,0.1,132,1.0,0.010576913283315717,0.0,"Noisy final-test audit, not population false-certification rate",pythia_sst2,shared_rms,1
betting,unaligned,0.0,0,0.0,,,"Noisy final-test audit, not population false-certification rate",pythia_sst2,shared_rms,1
betting,unaligned,0.01,0,0.0,,,"Noisy final-test audit, not population false-certification rate",pythia_sst2,shared_rms,1
betting,unaligned,0.02,2,0.015151515151515152,0.007847089489351155,0.0,"Noisy final-test audit, not population false-certification rate",pythia_sst2,shared_rms,1
betting,unaligned,0.05,15,0.11363636363636363,0.02228380957902369,0.0,"Noisy final-test audit, not population false-certification rate",pythia_sst2,shared_rms,1
betting,unaligned,0.1,67,0.5075757575757576,0.0501828410661763,0.0,"Noisy final-test audit, not population false-certification rate",pythia_sst2,shared_rms,1
betting,aligned,0.0,0,0.0,,,"Noisy final-test audit, not population false-certification rate",pythia_sst2,shared_rms,1
betting,aligned,0.01,48,0.36363636363636365,0.0033810007148483722,0.0,"Noisy final-test audit, not population false-certification rate",pythia_sst2,shared_rms,1
betting,aligned,0.02,101,0.7651515151515151,0.005782038658880186,0.0,"Noisy final-test audit, not population false-certification rate",pythia_sst2,shared_rms,1
betting,aligned,0.05,132,1.0,0.010576913283315717,0.0,"Noisy final-test audit, not population false-certification rate",pythia_sst2,shared_rms,1
betting,aligned,0.1,132,1.0,0.010576913283315717,0.0,"Noisy final-test audit, not population false-certification rate",pythia_sst2,shared_rms,1
bernstein,unaligned,0.0,0,0.0,,,"Noisy final-test audit, not population false-certification rate",pythia_sst2,native_raw,2
bernstein,unaligned,0.01,0,0.0,,,"Noisy final-test audit, not population false-certification rate",pythia_sst2,native_raw,2
bernstein,unaligned,0.02,0,0.0,,,"Noisy final-test audit, not population false-certification rate",pythia_sst2,native_raw,2
bernstein,unaligned,0.05,0,0.0,,,"Noisy final-test audit, not population false-certification rate",pythia_sst2,native_raw,2
bernstein,unaligned,0.1,11,0.08333333333333333,0.04552388950296964,0.0,"Noisy final-test audit, not population false-certification rate",pythia_sst2,native_raw,2
bernstein,aligned,0.0,0,0.0,,,"Noisy final-test audit, not population false-certification rate",pythia_sst2,native_raw,2
bernstein,aligned,0.01,0,0.0,,,"Noisy final-test audit, not population false-certification rate",pythia_sst2,native_raw,2
bernstein,aligned,0.02,0,0.0,,,"Noisy final-test audit, not population false-certification rate",pythia_sst2,native_raw,2
bernstein,aligned,0.05,111,0.8409090909090909,0.005782854858871984,0.0,"Noisy final-test audit, not population false-certification rate",pythia_sst2,native_raw,2
bernstein,aligned,0.1,132,1.0,0.009379973622921043,0.0,"Noisy final-test audit, not population false-certification rate",pythia_sst2,native_raw,2
betting,unaligned,0.0,0,0.0,,,"Noisy final-test audit, not population false-certification rate",pythia_sst2,native_raw,2
betting,unaligned,0.01,0,0.0,,,"Noisy final-test audit, not population false-certification rate",pythia_sst2,native_raw,2
betting,unaligned,0.02,0,0.0,,,"Noisy final-test audit, not population false-certification rate",pythia_sst2,native_raw,2
betting,unaligned,0.05,2,0.015151515151515152,0.03155335981352764,0.0,"Noisy final-test audit, not population false-certification rate",pythia_sst2,native_raw,2
betting,unaligned,0.1,17,0.12878787878787878,0.05176012358360877,0.0,"Noisy final-test audit, not population false-certification rate",pythia_sst2,native_raw,2
betting,aligned,0.0,0,0.0,,,"Noisy final-test audit, not population false-certification rate",pythia_sst2,native_raw,2
betting,aligned,0.01,43,0.32575757575757575,0.0023594304806082013,0.0,"Noisy final-test audit, not population false-certification rate",pythia_sst2,native_raw,2
betting,aligned,0.02,94,0.7121212121212122,0.003982761111855823,0.0,"Noisy final-test audit, not population false-certification rate",pythia_sst2,native_raw,2
betting,aligned,0.05,132,1.0,0.009379973622921043,0.0,"Noisy final-test audit, not population false-certification rate",pythia_sst2,native_raw,2
betting,aligned,0.1,132,1.0,0.009379973622921043,0.0,"Noisy final-test audit, not population false-certification rate",pythia_sst2,native_raw,2
bernstein,unaligned,0.0,0,0.0,,,"Noisy final-test audit, not population false-certification rate",pythia_sst2,shared_raw,2
bernstein,unaligned,0.01,0,0.0,,,"Noisy final-test audit, not population false-certification rate",pythia_sst2,shared_raw,2
bernstein,unaligned,0.02,0,0.0,,,"Noisy final-test audit, not population false-certification rate",pythia_sst2,shared_raw,2
bernstein,unaligned,0.05,2,0.015151515151515152,0.010656878959060492,0.0,"Noisy final-test audit, not population false-certification rate",pythia_sst2,shared_raw,2
bernstein,unaligned,0.1,17,0.12878787878787878,0.03569901736138273,0.0,"Noisy final-test audit, not population false-certification rate",pythia_sst2,shared_raw,2
bernstein,aligned,0.0,0,0.0,,,"Noisy final-test audit, not population false-certification rate",pythia_sst2,shared_raw,2
bernstein,aligned,0.01,0,0.0,,,"Noisy final-test audit, not population false-certification rate",pythia_sst2,shared_raw,2
bernstein,aligned,0.02,0,0.0,,,"Noisy final-test audit, not population false-certification rate",pythia_sst2,shared_raw,2
bernstein,aligned,0.05,111,0.8409090909090909,0.005704904030743519,0.0,"Noisy final-test audit, not population false-certification rate",pythia_sst2,shared_raw,2
bernstein,aligned,0.1,132,1.0,0.009072805400278307,0.0,"Noisy final-test audit, not population false-certification rate",pythia_sst2,shared_raw,2
betting,unaligned,0.0,0,0.0,,,"Noisy final-test audit, not population false-certification rate",pythia_sst2,shared_raw,2
betting,unaligned,0.01,0,0.0,,,"Noisy final-test audit, not population false-certification rate",pythia_sst2,shared_raw,2
betting,unaligned,0.02,2,0.015151515151515152,0.010656878959060492,0.0,"Noisy final-test audit, not population false-certification rate",pythia_sst2,shared_raw,2
betting,unaligned,0.05,6,0.045454545454545456,0.02052308126316282,0.0,"Noisy final-test audit, not population false-certification rate",pythia_sst2,shared_raw,2
betting,unaligned,0.1,26,0.19696969696969696,0.046485610670358835,0.0,"Noisy final-test audit, not population false-certification rate",pythia_sst2,shared_raw,2
betting,aligned,0.0,0,0.0,,,"Noisy final-test audit, not population false-certification rate",pythia_sst2,shared_raw,2
betting,aligned,0.01,35,0.26515151515151514,0.0023488529078667113,0.0,"Noisy final-test audit, not population false-certification rate",pythia_sst2,shared_raw,2
betting,aligned,0.02,101,0.7651515151515151,0.004780711728235956,0.0,"Noisy final-test audit, not population false-certification rate",pythia_sst2,shared_raw,2
betting,aligned,0.05,130,0.9848484848484849,0.00868244039935938,0.0,"Noisy final-test audit, not population false-certification rate",pythia_sst2,shared_raw,2
betting,aligned,0.1,132,1.0,0.009072805400278307,0.0,"Noisy final-test audit, not population false-certification rate",pythia_sst2,shared_raw,2
bernstein,unaligned,0.0,0,0.0,,,"Noisy final-test audit, not population false-certification rate",pythia_sst2,shared_center,2
bernstein,unaligned,0.01,0,0.0,,,"Noisy final-test audit, not population false-certification rate",pythia_sst2,shared_center,2
bernstein,unaligned,0.02,0,0.0,,,"Noisy final-test audit, not population false-certification rate",pythia_sst2,shared_center,2
bernstein,unaligned,0.05,7,0.05303030303030303,0.011646943684727675,0.0,"Noisy final-test audit, not population false-certification rate",pythia_sst2,shared_center,2
bernstein,unaligned,0.1,65,0.49242424242424243,0.03873368773786692,0.0,"Noisy final-test audit, not population false-certification rate",pythia_sst2,shared_center,2
bernstein,aligned,0.0,0,0.0,,,"Noisy final-test audit, not population false-certification rate",pythia_sst2,shared_center,2
bernstein,aligned,0.01,0,0.0,,,"Noisy final-test audit, not population false-certification rate",pythia_sst2,shared_center,2
bernstein,aligned,0.02,0,0.0,,,"Noisy final-test audit, not population false-certification rate",pythia_sst2,shared_center,2
bernstein,aligned,0.05,111,0.8409090909090909,0.005463749436305483,0.0,"Noisy final-test audit, not population false-certification rate",pythia_sst2,shared_center,2
bernstein,aligned,0.1,132,1.0,0.008700831649304342,0.0,"Noisy final-test audit, not population false-certification rate",pythia_sst2,shared_center,2
betting,unaligned,0.0,0,0.0,,,"Noisy final-test audit, not population false-certification rate",pythia_sst2,shared_center,2
betting,unaligned,0.01,0,0.0,,,"Noisy final-test audit, not population false-certification rate",pythia_sst2,shared_center,2
betting,unaligned,0.02,4,0.030303030303030304,0.00880108089835132,0.0,"Noisy final-test audit, not population false-certification rate",pythia_sst2,shared_center,2
betting,unaligned,0.05,20,0.15151515151515152,0.021349888452622263,0.0,"Noisy final-test audit, not population false-certification rate",pythia_sst2,shared_center,2
betting,unaligned,0.1,79,0.5984848484848485,0.043715416688298564,0.0,"Noisy final-test audit, not population false-certification rate",pythia_sst2,shared_center,2
betting,aligned,0.0,0,0.0,,,"Noisy final-test audit, not population false-certification rate",pythia_sst2,shared_center,2
betting,aligned,0.01,30,0.22727272727272727,0.002009115884570532,0.0,"Noisy final-test audit, not population false-certification rate",pythia_sst2,shared_center,2
betting,aligned,0.02,100,0.7575757575757576,0.004540752758797001,0.0,"Noisy final-test audit, not population false-certification rate",pythia_sst2,shared_center,2
betting,aligned,0.05,131,0.9924242424242424,0.00850790664625642,0.0,"Noisy final-test audit, not population false-certification rate",pythia_sst2,shared_center,2
betting,aligned,0.1,132,1.0,0.008700831649304342,0.0,"Noisy final-test audit, not population false-certification rate",pythia_sst2,shared_center,2
bernstein,unaligned,0.0,0,0.0,,,"Noisy final-test audit, not population false-certification rate",pythia_sst2,shared_rms,2
bernstein,unaligned,0.01,0,0.0,,,"Noisy final-test audit, not population false-certification rate",pythia_sst2,shared_rms,2
bernstein,unaligned,0.02,0,0.0,,,"Noisy final-test audit, not population false-certification rate",pythia_sst2,shared_rms,2
bernstein,unaligned,0.05,4,0.030303030303030304,0.011492007350749116,0.0,"Noisy final-test audit, not population false-certification rate",pythia_sst2,shared_rms,2
bernstein,unaligned,0.1,43,0.32575757575757575,0.03883929536419592,0.0,"Noisy final-test audit, not population false-certification rate",pythia_sst2,shared_rms,2
bernstein,aligned,0.0,0,0.0,,,"Noisy final-test audit, not population false-certification rate",pythia_sst2,shared_rms,2
bernstein,aligned,0.01,0,0.0,,,"Noisy final-test audit, not population false-certification rate",pythia_sst2,shared_rms,2
bernstein,aligned,0.02,0,0.0,,,"Noisy final-test audit, not population false-certification rate",pythia_sst2,shared_rms,2
bernstein,aligned,0.05,109,0.8257575757575758,0.005520185431534483,0.0,"Noisy final-test audit, not population false-certification rate",pythia_sst2,shared_rms,2
bernstein,aligned,0.1,132,1.0,0.009066408119260579,0.0,"Noisy final-test audit, not population false-certification rate",pythia_sst2,shared_rms,2
betting,unaligned,0.0,0,0.0,,,"Noisy final-test audit, not population false-certification rate",pythia_sst2,shared_rms,2
betting,unaligned,0.01,0,0.0,,,"Noisy final-test audit, not population false-certification rate",pythia_sst2,shared_rms,2
betting,unaligned,0.02,2,0.015151515151515152,0.00952064485087234,0.0,"Noisy final-test audit, not population false-certification rate",pythia_sst2,shared_rms,2
betting,unaligned,0.05,15,0.11363636363636363,0.022040965917703867,0.0,"Noisy final-test audit, not population false-certification rate",pythia_sst2,shared_rms,2
betting,unaligned,0.1,64,0.48484848484848486,0.047159607645541994,0.0,"Noisy final-test audit, not population false-certification rate",pythia_sst2,shared_rms,2
betting,aligned,0.0,0,0.0,,,"Noisy final-test audit, not population false-certification rate",pythia_sst2,shared_rms,2
betting,aligned,0.01,35,0.26515151515151514,0.002280049557640706,0.0,"Noisy final-test audit, not population false-certification rate",pythia_sst2,shared_rms,2
betting,aligned,0.02,99,0.75,0.004725921911766168,0.0,"Noisy final-test audit, not population false-certification rate",pythia_sst2,shared_rms,2
betting,aligned,0.05,132,1.0,0.009066408119260579,0.0,"Noisy final-test audit, not population false-certification rate",pythia_sst2,shared_rms,2
betting,aligned,0.1,132,1.0,0.009066408119260579,0.0,"Noisy final-test audit, not population false-certification rate",pythia_sst2,shared_rms,2
bernstein,unaligned,0.0,0,0.0,,,"Noisy final-test audit, not population false-certification rate",bert_sst2,native_raw,0
bernstein,unaligned,0.01,0,0.0,,,"Noisy final-test audit, not population false-certification rate",bert_sst2,native_raw,0
bernstein,unaligned,0.02,0,0.0,,,"Noisy final-test audit, not population false-certification rate",bert_sst2,native_raw,0
bernstein,unaligned,0.05,4,0.030303030303030304,0.015363157012421977,0.0,"Noisy final-test audit, not population false-certification rate",bert_sst2,native_raw,0
bernstein,unaligned,0.1,25,0.1893939393939394,0.03698730669358535,0.0,"Noisy final-test audit, not population false-certification rate",bert_sst2,native_raw,0
bernstein,aligned,0.0,0,0.0,,,"Noisy final-test audit, not population false-certification rate",bert_sst2,native_raw,0
bernstein,aligned,0.01,0,0.0,,,"Noisy final-test audit, not population false-certification rate",bert_sst2,native_raw,0
bernstein,aligned,0.02,0,0.0,,,"Noisy final-test audit, not population false-certification rate",bert_sst2,native_raw,0
bernstein,aligned,0.05,121,0.9166666666666666,0.007521066339426315,0.0,"Noisy final-test audit, not population false-certification rate",bert_sst2,native_raw,0
bernstein,aligned,0.1,132,1.0,0.008740033091930886,0.0,"Noisy final-test audit, not population false-certification rate",bert_sst2,native_raw,0
betting,unaligned,0.0,0,0.0,,,"Noisy final-test audit, not population false-certification rate",bert_sst2,native_raw,0
betting,unaligned,0.01,0,0.0,,,"Noisy final-test audit, not population false-certification rate",bert_sst2,native_raw,0
betting,unaligned,0.02,0,0.0,,,"Noisy final-test audit, not population false-certification rate",bert_sst2,native_raw,0
betting,unaligned,0.05,12,0.09090909090909091,0.025296306137105606,0.0,"Noisy final-test audit, not population false-certification rate",bert_sst2,native_raw,0
betting,unaligned,0.1,35,0.26515151515151514,0.04723231393365618,0.0,"Noisy final-test audit, not population false-certification rate",bert_sst2,native_raw,0
betting,aligned,0.0,0,0.0,,,"Noisy final-test audit, not population false-certification rate",bert_sst2,native_raw,0
betting,aligned,0.01,27,0.20454545454545456,0.0016396097768766836,0.0,"Noisy final-test audit, not population false-certification rate",bert_sst2,native_raw,0
betting,aligned,0.02,92,0.696969696969697,0.004885519658444653,0.0,"Noisy final-test audit, not population false-certification rate",bert_sst2,native_raw,0
betting,aligned,0.05,132,1.0,0.008740033091930886,0.0,"Noisy final-test audit, not population false-certification rate",bert_sst2,native_raw,0
betting,aligned,0.1,132,1.0,0.008740033091930886,0.0,"Noisy final-test audit, not population false-certification rate",bert_sst2,native_raw,0
bernstein,unaligned,0.0,0,0.0,,,"Noisy final-test audit, not population false-certification rate",bert_sst2,shared_raw,0
bernstein,unaligned,0.01,0,0.0,,,"Noisy final-test audit, not population false-certification rate",bert_sst2,shared_raw,0
bernstein,unaligned,0.02,0,0.0,,,"Noisy final-test audit, not population false-certification rate",bert_sst2,shared_raw,0
bernstein,unaligned,0.05,3,0.022727272727272728,0.012784809428862483,0.0,"Noisy final-test audit, not population false-certification rate",bert_sst2,shared_raw,0
bernstein,unaligned,0.1,24,0.18181818181818182,0.03741320287640131,0.0,"Noisy final-test audit, not population false-certification rate",bert_sst2,shared_raw,0
bernstein,aligned,0.0,0,0.0,,,"Noisy final-test audit, not population false-certification rate",bert_sst2,shared_raw,0
bernstein,aligned,0.01,0,0.0,,,"Noisy final-test audit, not population false-certification rate",bert_sst2,shared_raw,0
bernstein,aligned,0.02,0,0.0,,,"Noisy final-test audit, not population false-certification rate",bert_sst2,shared_raw,0
bernstein,aligned,0.05,100,0.7575757575757576,0.008137944355414994,0.0,"Noisy final-test audit, not population false-certification rate",bert_sst2,shared_raw,0
bernstein,aligned,0.1,132,1.0,0.01462264758329841,0.0,"Noisy final-test audit, not population false-certification rate",bert_sst2,shared_raw,0
betting,unaligned,0.0,0,0.0,,,"Noisy final-test audit, not population false-certification rate",bert_sst2,shared_raw,0
betting,unaligned,0.01,0,0.0,,,"Noisy final-test audit, not population false-certification rate",bert_sst2,shared_raw,0
betting,unaligned,0.02,1,0.007575757575757576,0.007049628369270161,0.0,"Noisy final-test audit, not population false-certification rate",bert_sst2,shared_raw,0
betting,unaligned,0.05,10,0.07575757575757576,0.025014231725432996,0.0,"Noisy final-test audit, not population false-certification rate",bert_sst2,shared_raw,0
betting,unaligned,0.1,36,0.2727272727272727,0.05032311209119863,0.0,"Noisy final-test audit, not population false-certification rate",bert_sst2,shared_raw,0
betting,aligned,0.0,0,0.0,,,"Noisy final-test audit, not population false-certification rate",bert_sst2,shared_raw,0
betting,aligned,0.01,27,0.20454545454545456,0.0028976283105234635,0.0,"Noisy final-test audit, not population false-certification rate",bert_sst2,shared_raw,0
betting,aligned,0.02,81,0.6136363636363636,0.005788235021068762,0.0,"Noisy final-test audit, not population false-certification rate",bert_sst2,shared_raw,0
betting,aligned,0.05,121,0.9166666666666666,0.011840650461416509,0.0,"Noisy final-test audit, not population false-certification rate",bert_sst2,shared_raw,0
betting,aligned,0.1,132,1.0,0.01462264758329841,0.0,"Noisy final-test audit, not population false-certification rate",bert_sst2,shared_raw,0
bernstein,unaligned,0.0,0,0.0,,,"Noisy final-test audit, not population false-certification rate",bert_sst2,shared_center,0
bernstein,unaligned,0.01,0,0.0,,,"Noisy final-test audit, not population false-certification rate",bert_sst2,shared_center,0
bernstein,unaligned,0.02,0,0.0,,,"Noisy final-test audit, not population false-certification rate",bert_sst2,shared_center,0
bernstein,unaligned,0.05,10,0.07575757575757576,0.012191877875058562,0.0,"Noisy final-test audit, not population false-certification rate",bert_sst2,shared_center,0
bernstein,unaligned,0.1,45,0.3409090909090909,0.036102652381608924,0.0,"Noisy final-test audit, not population false-certification rate",bert_sst2,shared_center,0
bernstein,aligned,0.0,0,0.0,,,"Noisy final-test audit, not population false-certification rate",bert_sst2,shared_center,0
bernstein,aligned,0.01,0,0.0,,,"Noisy final-test audit, not population false-certification rate",bert_sst2,shared_center,0
bernstein,aligned,0.02,0,0.0,,,"Noisy final-test audit, not population false-certification rate",bert_sst2,shared_center,0
bernstein,aligned,0.05,99,0.75,0.007760689600537436,0.0,"Noisy final-test audit, not population false-certification rate",bert_sst2,shared_center,0
bernstein,aligned,0.1,132,1.0,0.01433268321075541,0.0,"Noisy final-test audit, not population false-certification rate",bert_sst2,shared_center,0
betting,unaligned,0.0,0,0.0,,,"Noisy final-test audit, not population false-certification rate",bert_sst2,shared_center,0
betting,unaligned,0.01,0,0.0,,,"Noisy final-test audit, not population false-certification rate",bert_sst2,shared_center,0
betting,unaligned,0.02,6,0.045454545454545456,0.00979273094278046,0.0,"Noisy final-test audit, not population false-certification rate",bert_sst2,shared_center,0
betting,unaligned,0.05,24,0.18181818181818182,0.019830633956246436,0.0,"Noisy final-test audit, not population false-certification rate",bert_sst2,shared_center,0
betting,unaligned,0.1,67,0.5075757575757576,0.04832011198499606,0.0,"Noisy final-test audit, not population false-certification rate",bert_sst2,shared_center,0
betting,aligned,0.0,0,0.0,,,"Noisy final-test audit, not population false-certification rate",bert_sst2,shared_center,0
betting,aligned,0.01,27,0.20454545454545456,0.002861725488391889,0.0,"Noisy final-test audit, not population false-certification rate",bert_sst2,shared_center,0
betting,aligned,0.02,81,0.6136363636363636,0.005594913151222254,0.0,"Noisy final-test audit, not population false-certification rate",bert_sst2,shared_center,0
betting,aligned,0.05,121,0.9166666666666666,0.011566740960311917,0.0,"Noisy final-test audit, not population false-certification rate",bert_sst2,shared_center,0
betting,aligned,0.1,132,1.0,0.01433268321075541,0.0,"Noisy final-test audit, not population false-certification rate",bert_sst2,shared_center,0
bernstein,unaligned,0.0,0,0.0,,,"Noisy final-test audit, not population false-certification rate",bert_sst2,shared_rms,0
bernstein,unaligned,0.01,0,0.0,,,"Noisy final-test audit, not population false-certification rate",bert_sst2,shared_rms,0
bernstein,unaligned,0.02,0,0.0,,,"Noisy final-test audit, not population false-certification rate",bert_sst2,shared_rms,0
bernstein,unaligned,0.05,15,0.11363636363636363,0.012167230888336903,0.0,"Noisy final-test audit, not population false-certification rate",bert_sst2,shared_rms,0
bernstein,unaligned,0.1,36,0.2727272727272727,0.026059148460257617,0.0,"Noisy final-test audit, not population false-certification rate",bert_sst2,shared_rms,0
bernstein,aligned,0.0,0,0.0,,,"Noisy final-test audit, not population false-certification rate",bert_sst2,shared_rms,0
bernstein,aligned,0.01,0,0.0,,,"Noisy final-test audit, not population false-certification rate",bert_sst2,shared_rms,0
bernstein,aligned,0.02,0,0.0,,,"Noisy final-test audit, not population false-certification rate",bert_sst2,shared_rms,0
bernstein,aligned,0.05,100,0.7575757575757576,0.007702030271968457,0.0,"Noisy final-test audit, not population false-certification rate",bert_sst2,shared_rms,0
bernstein,aligned,0.1,132,1.0,0.01369680733995639,0.0,"Noisy final-test audit, not population false-certification rate",bert_sst2,shared_rms,0
betting,unaligned,0.0,0,0.0,,,"Noisy final-test audit, not population false-certification rate",bert_sst2,shared_rms,0
betting,unaligned,0.01,0,0.0,,,"Noisy final-test audit, not population false-certification rate",bert_sst2,shared_rms,0
betting,unaligned,0.02,8,0.06060606060606061,0.008004997767477378,0.0,"Noisy final-test audit, not population false-certification rate",bert_sst2,shared_rms,0
betting,unaligned,0.05,28,0.21212121212121213,0.019148439167015467,0.0,"Noisy final-test audit, not population false-certification rate",bert_sst2,shared_rms,0
betting,unaligned,0.1,43,0.32575757575757575,0.03344555485792043,0.0,"Noisy final-test audit, not population false-certification rate",bert_sst2,shared_rms,0
betting,aligned,0.0,0,0.0,,,"Noisy final-test audit, not population false-certification rate",bert_sst2,shared_rms,0
betting,aligned,0.01,22,0.16666666666666666,0.0027827206464417077,0.0,"Noisy final-test audit, not population false-certification rate",bert_sst2,shared_rms,0
betting,aligned,0.02,83,0.6287878787878788,0.0057713771199023305,0.0,"Noisy final-test audit, not population false-certification rate",bert_sst2,shared_rms,0
betting,aligned,0.05,125,0.946969696969697,0.011911213260470734,0.0,"Noisy final-test audit, not population false-certification rate",bert_sst2,shared_rms,0
betting,aligned,0.1,132,1.0,0.01369680733995639,0.0,"Noisy final-test audit, not population false-certification rate",bert_sst2,shared_rms,0
bernstein,unaligned,0.0,0,0.0,,,"Noisy final-test audit, not population false-certification rate",bert_sst2,shared_unit,0
bernstein,unaligned,0.01,0,0.0,,,"Noisy final-test audit, not population false-certification rate",bert_sst2,shared_unit,0
bernstein,unaligned,0.02,0,0.0,,,"Noisy final-test audit, not population false-certification rate",bert_sst2,shared_unit,0
bernstein,unaligned,0.05,4,0.030303030303030304,0.012755148497689217,0.0,"Noisy final-test audit, not population false-certification rate",bert_sst2,shared_unit,0
bernstein,unaligned,0.1,23,0.17424242424242425,0.0380548588569817,0.0,"Noisy final-test audit, not population false-certification rate",bert_sst2,shared_unit,0
bernstein,aligned,0.0,0,0.0,,,"Noisy final-test audit, not population false-certification rate",bert_sst2,shared_unit,0
bernstein,aligned,0.01,0,0.0,,,"Noisy final-test audit, not population false-certification rate",bert_sst2,shared_unit,0
bernstein,aligned,0.02,0,0.0,,,"Noisy final-test audit, not population false-certification rate",bert_sst2,shared_unit,0
bernstein,aligned,0.05,100,0.7575757575757576,0.007796980243906036,0.0,"Noisy final-test audit, not population false-certification rate",bert_sst2,shared_unit,0
bernstein,aligned,0.1,132,1.0,0.014560044689648503,0.0,"Noisy final-test audit, not population false-certification rate",bert_sst2,shared_unit,0
betting,unaligned,0.0,0,0.0,,,"Noisy final-test audit, not population false-certification rate",bert_sst2,shared_unit,0
betting,unaligned,0.01,0,0.0,,,"Noisy final-test audit, not population false-certification rate",bert_sst2,shared_unit,0
betting,unaligned,0.02,2,0.015151515151515152,0.010282633721106774,0.0,"Noisy final-test audit, not population false-certification rate",bert_sst2,shared_unit,0
betting,unaligned,0.05,10,0.07575757575757576,0.024078739691014865,0.0,"Noisy final-test audit, not population false-certification rate",bert_sst2,shared_unit,0
betting,unaligned,0.1,31,0.23484848484848486,0.04713438818779925,0.0,"Noisy final-test audit, not population false-certification rate",bert_sst2,shared_unit,0
betting,aligned,0.0,0,0.0,,,"Noisy final-test audit, not population false-certification rate",bert_sst2,shared_unit,0
betting,aligned,0.01,26,0.19696969696969696,0.0027489149749889423,0.0,"Noisy final-test audit, not population false-certification rate",bert_sst2,shared_unit,0
betting,aligned,0.02,81,0.6136363636363636,0.005386217432645712,0.0,"Noisy final-test audit, not population false-certification rate",bert_sst2,shared_unit,0
betting,aligned,0.05,120,0.9090909090909091,0.011420409873685373,0.0,"Noisy final-test audit, not population false-certification rate",bert_sst2,shared_unit,0
betting,aligned,0.1,132,1.0,0.014560044689648503,0.0,"Noisy final-test audit, not population false-certification rate",bert_sst2,shared_unit,0
bernstein,unaligned,0.0,0,0.0,,,"Noisy final-test audit, not population false-certification rate",bert_sst2,shared_clip100,0
bernstein,unaligned,0.01,0,0.0,,,"Noisy final-test audit, not population false-certification rate",bert_sst2,shared_clip100,0
bernstein,unaligned,0.02,0,0.0,,,"Noisy final-test audit, not population false-certification rate",bert_sst2,shared_clip100,0
bernstein,unaligned,0.05,3,0.022727272727272728,0.012784809428862483,0.0,"Noisy final-test audit, not population false-certification rate",bert_sst2,shared_clip100,0
bernstein,unaligned,0.1,24,0.18181818181818182,0.03741320287640131,0.0,"Noisy final-test audit, not population false-certification rate",bert_sst2,shared_clip100,0
bernstein,aligned,0.0,0,0.0,,,"Noisy final-test audit, not population false-certification rate",bert_sst2,shared_clip100,0
bernstein,aligned,0.01,0,0.0,,,"Noisy final-test audit, not population false-certification rate",bert_sst2,shared_clip100,0
bernstein,aligned,0.02,0,0.0,,,"Noisy final-test audit, not population false-certification rate",bert_sst2,shared_clip100,0
bernstein,aligned,0.05,100,0.7575757575757576,0.008137944355414994,0.0,"Noisy final-test audit, not population false-certification rate",bert_sst2,shared_clip100,0
bernstein,aligned,0.1,132,1.0,0.01462264758329841,0.0,"Noisy final-test audit, not population false-certification rate",bert_sst2,shared_clip100,0
betting,unaligned,0.0,0,0.0,,,"Noisy final-test audit, not population false-certification rate",bert_sst2,shared_clip100,0
betting,unaligned,0.01,0,0.0,,,"Noisy final-test audit, not population false-certification rate",bert_sst2,shared_clip100,0
betting,unaligned,0.02,1,0.007575757575757576,0.007049628369270161,0.0,"Noisy final-test audit, not population false-certification rate",bert_sst2,shared_clip100,0
betting,unaligned,0.05,10,0.07575757575757576,0.025014231725432996,0.0,"Noisy final-test audit, not population false-certification rate",bert_sst2,shared_clip100,0
betting,unaligned,0.1,36,0.2727272727272727,0.05032311209119863,0.0,"Noisy final-test audit, not population false-certification rate",bert_sst2,shared_clip100,0
betting,aligned,0.0,0,0.0,,,"Noisy final-test audit, not population false-certification rate",bert_sst2,shared_clip100,0
betting,aligned,0.01,27,0.20454545454545456,0.0028976283105234635,0.0,"Noisy final-test audit, not population false-certification rate",bert_sst2,shared_clip100,0
betting,aligned,0.02,81,0.6136363636363636,0.005788235021068762,0.0,"Noisy final-test audit, not population false-certification rate",bert_sst2,shared_clip100,0
betting,aligned,0.05,121,0.9166666666666666,0.011840650461416509,0.0,"Noisy final-test audit, not population false-certification rate",bert_sst2,shared_clip100,0
betting,aligned,0.1,132,1.0,0.01462264758329841,0.0,"Noisy final-test audit, not population false-certification rate",bert_sst2,shared_clip100,0
bernstein,unaligned,0.0,0,0.0,,,"Noisy final-test audit, not population false-certification rate",bert_sst2,shared_clip300,0
bernstein,unaligned,0.01,0,0.0,,,"Noisy final-test audit, not population false-certification rate",bert_sst2,shared_clip300,0
bernstein,unaligned,0.02,0,0.0,,,"Noisy final-test audit, not population false-certification rate",bert_sst2,shared_clip300,0
bernstein,unaligned,0.05,3,0.022727272727272728,0.012784809428862483,0.0,"Noisy final-test audit, not population false-certification rate",bert_sst2,shared_clip300,0
bernstein,unaligned,0.1,24,0.18181818181818182,0.03741320287640131,0.0,"Noisy final-test audit, not population false-certification rate",bert_sst2,shared_clip300,0
bernstein,aligned,0.0,0,0.0,,,"Noisy final-test audit, not population false-certification rate",bert_sst2,shared_clip300,0
bernstein,aligned,0.01,0,0.0,,,"Noisy final-test audit, not population false-certification rate",bert_sst2,shared_clip300,0
bernstein,aligned,0.02,0,0.0,,,"Noisy final-test audit, not population false-certification rate",bert_sst2,shared_clip300,0
bernstein,aligned,0.05,100,0.7575757575757576,0.008137944355414994,0.0,"Noisy final-test audit, not population false-certification rate",bert_sst2,shared_clip300,0
bernstein,aligned,0.1,132,1.0,0.01462264758329841,0.0,"Noisy final-test audit, not population false-certification rate",bert_sst2,shared_clip300,0
betting,unaligned,0.0,0,0.0,,,"Noisy final-test audit, not population false-certification rate",bert_sst2,shared_clip300,0
betting,unaligned,0.01,0,0.0,,,"Noisy final-test audit, not population false-certification rate",bert_sst2,shared_clip300,0
betting,unaligned,0.02,1,0.007575757575757576,0.007049628369270161,0.0,"Noisy final-test audit, not population false-certification rate",bert_sst2,shared_clip300,0
betting,unaligned,0.05,10,0.07575757575757576,0.025014231725432996,0.0,"Noisy final-test audit, not population false-certification rate",bert_sst2,shared_clip300,0
betting,unaligned,0.1,36,0.2727272727272727,0.05032311209119863,0.0,"Noisy final-test audit, not population false-certification rate",bert_sst2,shared_clip300,0
betting,aligned,0.0,0,0.0,,,"Noisy final-test audit, not population false-certification rate",bert_sst2,shared_clip300,0
betting,aligned,0.01,27,0.20454545454545456,0.0028976283105234635,0.0,"Noisy final-test audit, not population false-certification rate",bert_sst2,shared_clip300,0
betting,aligned,0.02,81,0.6136363636363636,0.005788235021068762,0.0,"Noisy final-test audit, not population false-certification rate",bert_sst2,shared_clip300,0
betting,aligned,0.05,121,0.9166666666666666,0.011840650461416509,0.0,"Noisy final-test audit, not population false-certification rate",bert_sst2,shared_clip300,0
betting,aligned,0.1,132,1.0,0.01462264758329841,0.0,"Noisy final-test audit, not population false-certification rate",bert_sst2,shared_clip300,0
bernstein,unaligned,0.0,0,0.0,,,"Noisy final-test audit, not population false-certification rate",bert_sst2,separate_naive,0
bernstein,unaligned,0.01,0,0.0,,,"Noisy final-test audit, not population false-certification rate",bert_sst2,separate_naive,0
bernstein,unaligned,0.02,0,0.0,,,"Noisy final-test audit, not population false-certification rate",bert_sst2,separate_naive,0
bernstein,unaligned,0.05,0,0.0,,,"Noisy final-test audit, not population false-certification rate",bert_sst2,separate_naive,0
bernstein,unaligned,0.1,0,0.0,,,"Noisy final-test audit, not population false-certification rate",bert_sst2,separate_naive,0
bernstein,aligned,0.0,0,0.0,,,"Noisy final-test audit, not population false-certification rate",bert_sst2,separate_naive,0
bernstein,aligned,0.01,0,0.0,,,"Noisy final-test audit, not population false-certification rate",bert_sst2,separate_naive,0
bernstein,aligned,0.02,0,0.0,,,"Noisy final-test audit, not population false-certification rate",bert_sst2,separate_naive,0
bernstein,aligned,0.05,107,0.8106060606060606,0.00816782198403115,0.0,"Noisy final-test audit, not population false-certification rate",bert_sst2,separate_naive,0
bernstein,aligned,0.1,132,1.0,0.012495104280182514,0.0,"Noisy final-test audit, not population false-certification rate",bert_sst2,separate_naive,0
betting,unaligned,0.0,0,0.0,,,"Noisy final-test audit, not population false-certification rate",bert_sst2,separate_naive,0
betting,unaligned,0.01,0,0.0,,,"Noisy final-test audit, not population false-certification rate",bert_sst2,separate_naive,0
betting,unaligned,0.02,0,0.0,,,"Noisy final-test audit, not population false-certification rate",bert_sst2,separate_naive,0
betting,unaligned,0.05,0,0.0,,,"Noisy final-test audit, not population false-certification rate",bert_sst2,separate_naive,0
betting,unaligned,0.1,14,0.10606060606060606,0.08013030105174479,0.0,"Noisy final-test audit, not population false-certification rate",bert_sst2,separate_naive,0
betting,aligned,0.0,0,0.0,,,"Noisy final-test audit, not population false-certification rate",bert_sst2,separate_naive,0
betting,aligned,0.01,20,0.15151515151515152,0.002824262605021726,0.0,"Noisy final-test audit, not population false-certification rate",bert_sst2,separate_naive,0
betting,aligned,0.02,86,0.6515151515151515,0.006035791043193416,0.0,"Noisy final-test audit, not population false-certification rate",bert_sst2,separate_naive,0
betting,aligned,0.05,128,0.9696969696969697,0.011459975839001671,0.0,"Noisy final-test audit, not population false-certification rate",bert_sst2,separate_naive,0
betting,aligned,0.1,132,1.0,0.012495104280182514,0.0,"Noisy final-test audit, not population false-certification rate",bert_sst2,separate_naive,0
bernstein,unaligned,0.0,0,0.0,,,"Noisy final-test audit, not population false-certification rate",bert_sst2,separate_lift,0
bernstein,unaligned,0.01,0,0.0,,,"Noisy final-test audit, not population false-certification rate",bert_sst2,separate_lift,0
bernstein,unaligned,0.02,0,0.0,,,"Noisy final-test audit, not population false-certification rate",bert_sst2,separate_lift,0
bernstein,unaligned,0.05,10,0.07575757575757576,0.012781474156466657,0.0,"Noisy final-test audit, not population false-certification rate",bert_sst2,separate_lift,0
bernstein,unaligned,0.1,28,0.21212121212121213,0.02688509317616946,0.0,"Noisy final-test audit, not population false-certification rate",bert_sst2,separate_lift,0
bernstein,aligned,0.0,0,0.0,,,"Noisy final-test audit, not population false-certification rate",bert_sst2,separate_lift,0
bernstein,aligned,0.01,0,0.0,,,"Noisy final-test audit, not population false-certification rate",bert_sst2,separate_lift,0
bernstein,aligned,0.02,0,0.0,,,"Noisy final-test audit, not population false-certification rate",bert_sst2,separate_lift,0
bernstein,aligned,0.05,107,0.8106060606060606,0.00816782198403115,0.0,"Noisy final-test audit, not population false-certification rate",bert_sst2,separate_lift,0
bernstein,aligned,0.1,132,1.0,0.012495104280182514,0.0,"Noisy final-test audit, not population false-certification rate",bert_sst2,separate_lift,0
betting,unaligned,0.0,0,0.0,,,"Noisy final-test audit, not population false-certification rate",bert_sst2,separate_lift,0
betting,unaligned,0.01,0,0.0,,,"Noisy final-test audit, not population false-certification rate",bert_sst2,separate_lift,0
betting,unaligned,0.02,4,0.030303030303030304,0.0080619002261434,0.0,"Noisy final-test audit, not population false-certification rate",bert_sst2,separate_lift,0
betting,unaligned,0.05,21,0.1590909090909091,0.02071310786754,0.0,"Noisy final-test audit, not population false-certification rate",bert_sst2,separate_lift,0
betting,unaligned,0.1,41,0.3106060606060606,0.041600861090966605,0.0,"Noisy final-test audit, not population false-certification rate",bert_sst2,separate_lift,0
betting,aligned,0.0,0,0.0,,,"Noisy final-test audit, not population false-certification rate",bert_sst2,separate_lift,0
betting,aligned,0.01,20,0.15151515151515152,0.002824262605021726,0.0,"Noisy final-test audit, not population false-certification rate",bert_sst2,separate_lift,0
betting,aligned,0.02,86,0.6515151515151515,0.006035791043193416,0.0,"Noisy final-test audit, not population false-certification rate",bert_sst2,separate_lift,0
betting,aligned,0.05,128,0.9696969696969697,0.011459975839001671,0.0,"Noisy final-test audit, not population false-certification rate",bert_sst2,separate_lift,0
betting,aligned,0.1,132,1.0,0.012495104280182514,0.0,"Noisy final-test audit, not population false-certification rate",bert_sst2,separate_lift,0
bernstein,unaligned,0.0,0,0.0,,,"Noisy final-test audit, not population false-certification rate",bert_sst2,native_raw,1
bernstein,unaligned,0.01,0,0.0,,,"Noisy final-test audit, not population false-certification rate",bert_sst2,native_raw,1
bernstein,unaligned,0.02,0,0.0,,,"Noisy final-test audit, not population false-certification rate",bert_sst2,native_raw,1
bernstein,unaligned,0.05,5,0.03787878787878788,0.017599113969130165,0.0,"Noisy final-test audit, not population false-certification rate",bert_sst2,native_raw,1
bernstein,unaligned,0.1,28,0.21212121212121213,0.0407875809488898,0.0,"Noisy final-test audit, not population false-certification rate",bert_sst2,native_raw,1
bernstein,aligned,0.0,0,0.0,,,"Noisy final-test audit, not population false-certification rate",bert_sst2,native_raw,1
bernstein,aligned,0.01,0,0.0,,,"Noisy final-test audit, not population false-certification rate",bert_sst2,native_raw,1
bernstein,aligned,0.02,0,0.0,,,"Noisy final-test audit, not population false-certification rate",bert_sst2,native_raw,1
bernstein,aligned,0.05,125,0.946969696969697,0.009329871847929756,0.0,"Noisy final-test audit, not population false-certification rate",bert_sst2,native_raw,1
bernstein,aligned,0.1,132,1.0,0.010342060078007313,0.0,"Noisy final-test audit, not population false-certification rate",bert_sst2,native_raw,1
betting,unaligned,0.0,0,0.0,,,"Noisy final-test audit, not population false-certification rate",bert_sst2,native_raw,1
betting,unaligned,0.01,0,0.0,,,"Noisy final-test audit, not population false-certification rate",bert_sst2,native_raw,1
betting,unaligned,0.02,0,0.0,,,"Noisy final-test audit, not population false-certification rate",bert_sst2,native_raw,1
betting,unaligned,0.05,13,0.09848484848484848,0.026430120327380735,0.0,"Noisy final-test audit, not population false-certification rate",bert_sst2,native_raw,1
betting,unaligned,0.1,33,0.25,0.0456493124110761,0.0,"Noisy final-test audit, not population false-certification rate",bert_sst2,native_raw,1
betting,aligned,0.0,0,0.0,,,"Noisy final-test audit, not population false-certification rate",bert_sst2,native_raw,1
betting,aligned,0.01,33,0.25,0.0029818500425367296,0.0,"Noisy final-test audit, not population false-certification rate",bert_sst2,native_raw,1
betting,aligned,0.02,97,0.7348484848484849,0.006160784697179825,0.0,"Noisy final-test audit, not population false-certification rate",bert_sst2,native_raw,1
betting,aligned,0.05,132,1.0,0.010342060078007313,0.0,"Noisy final-test audit, not population false-certification rate",bert_sst2,native_raw,1
betting,aligned,0.1,132,1.0,0.010342060078007313,0.0,"Noisy final-test audit, not population false-certification rate",bert_sst2,native_raw,1
bernstein,unaligned,0.0,0,0.0,,,"Noisy final-test audit, not population false-certification rate",bert_sst2,shared_raw,1
bernstein,unaligned,0.01,0,0.0,,,"Noisy final-test audit, not population false-certification rate",bert_sst2,shared_raw,1
bernstein,unaligned,0.02,0,0.0,,,"Noisy final-test audit, not population false-certification rate",bert_sst2,shared_raw,1
bernstein,unaligned,0.05,4,0.030303030303030304,0.014266967045255697,0.0,"Noisy final-test audit, not population false-certification rate",bert_sst2,shared_raw,1
bernstein,unaligned,0.1,21,0.1590909090909091,0.03669667308885908,0.0,"Noisy final-test audit, not population false-certification rate",bert_sst2,shared_raw,1
bernstein,aligned,0.0,0,0.0,,,"Noisy final-test audit, not population false-certification rate",bert_sst2,shared_raw,1
bernstein,aligned,0.01,0,0.0,,,"Noisy final-test audit, not population false-certification rate",bert_sst2,shared_raw,1
bernstein,aligned,0.02,0,0.0,,,"Noisy final-test audit, not population false-certification rate",bert_sst2,shared_raw,1
bernstein,aligned,0.05,98,0.7424242424242424,0.007845289303953425,0.0,"Noisy final-test audit, not population false-certification rate",bert_sst2,shared_raw,1
bernstein,aligned,0.1,132,1.0,0.014847946130652637,0.0,"Noisy final-test audit, not population false-certification rate",bert_sst2,shared_raw,1
betting,unaligned,0.0,0,0.0,,,"Noisy final-test audit, not population false-certification rate",bert_sst2,shared_raw,1
betting,unaligned,0.01,0,0.0,,,"Noisy final-test audit, not population false-certification rate",bert_sst2,shared_raw,1
betting,unaligned,0.02,2,0.015151515151515152,0.010949402458495032,0.0,"Noisy final-test audit, not population false-certification rate",bert_sst2,shared_raw,1
betting,unaligned,0.05,10,0.07575757575757576,0.023187327690796712,0.0,"Noisy final-test audit, not population false-certification rate",bert_sst2,shared_raw,1
betting,unaligned,0.1,29,0.2196969696969697,0.04675281134768489,0.0,"Noisy final-test audit, not population false-certification rate",bert_sst2,shared_raw,1
betting,aligned,0.0,0,0.0,,,"Noisy final-test audit, not population false-certification rate",bert_sst2,shared_raw,1
betting,aligned,0.01,28,0.21212121212121213,0.0032339444932102386,0.0,"Noisy final-test audit, not population false-certification rate",bert_sst2,shared_raw,1
betting,aligned,0.02,81,0.6136363636363636,0.005761211380818527,0.0,"Noisy final-test audit, not population false-certification rate",bert_sst2,shared_raw,1
betting,aligned,0.05,121,0.9166666666666666,0.012004370517538011,0.0,"Noisy final-test audit, not population false-certification rate",bert_sst2,shared_raw,1
betting,aligned,0.1,132,1.0,0.014847946130652637,0.0,"Noisy final-test audit, not population false-certification rate",bert_sst2,shared_raw,1
bernstein,unaligned,0.0,0,0.0,,,"Noisy final-test audit, not population false-certification rate",bert_sst2,shared_center,1
bernstein,unaligned,0.01,0,0.0,,,"Noisy final-test audit, not population false-certification rate",bert_sst2,shared_center,1
bernstein,unaligned,0.02,0,0.0,,,"Noisy final-test audit, not population false-certification rate",bert_sst2,shared_center,1
bernstein,unaligned,0.05,10,0.07575757575757576,0.010049519536528804,0.0,"Noisy final-test audit, not population false-certification rate",bert_sst2,shared_center,1
bernstein,unaligned,0.1,40,0.30303030303030304,0.03037167019504125,0.0,"Noisy final-test audit, not population false-certification rate",bert_sst2,shared_center,1
bernstein,aligned,0.0,0,0.0,,,"Noisy final-test audit, not population false-certification rate",bert_sst2,shared_center,1
bernstein,aligned,0.01,0,0.0,,,"Noisy final-test audit, not population false-certification rate",bert_sst2,shared_center,1
bernstein,aligned,0.02,0,0.0,,,"Noisy final-test audit, not population false-certification rate",bert_sst2,shared_center,1
bernstein,aligned,0.05,98,0.7424242424242424,0.00784784309807002,0.0,"Noisy final-test audit, not population false-certification rate",bert_sst2,shared_center,1
bernstein,aligned,0.1,132,1.0,0.014954430885026043,0.0,"Noisy final-test audit, not population false-certification rate",bert_sst2,shared_center,1
betting,unaligned,0.0,0,0.0,,,"Noisy final-test audit, not population false-certification rate",bert_sst2,shared_center,1
betting,unaligned,0.01,0,0.0,,,"Noisy final-test audit, not population false-certification rate",bert_sst2,shared_center,1
betting,unaligned,0.02,7,0.05303030303030303,0.008370604560624079,0.0,"Noisy final-test audit, not population false-certification rate",bert_sst2,shared_center,1
betting,unaligned,0.05,26,0.19696969696969696,0.0195628249911746,0.0,"Noisy final-test audit, not population false-certification rate",bert_sst2,shared_center,1
betting,unaligned,0.1,69,0.5227272727272727,0.0469640654278499,0.0,"Noisy final-test audit, not population false-certification rate",bert_sst2,shared_center,1
betting,aligned,0.0,0,0.0,,,"Noisy final-test audit, not population false-certification rate",bert_sst2,shared_center,1
betting,aligned,0.01,31,0.23484848484848486,0.003378453711203863,0.0,"Noisy final-test audit, not population false-certification rate",bert_sst2,shared_center,1
betting,aligned,0.02,81,0.6136363636363636,0.00572482049374086,0.0,"Noisy final-test audit, not population false-certification rate",bert_sst2,shared_center,1
betting,aligned,0.05,122,0.9242424242424242,0.012340747894940687,0.0,"Noisy final-test audit, not population false-certification rate",bert_sst2,shared_center,1
betting,aligned,0.1,132,1.0,0.014954430885026043,0.0,"Noisy final-test audit, not population false-certification rate",bert_sst2,shared_center,1
bernstein,unaligned,0.0,0,0.0,,,"Noisy final-test audit, not population false-certification rate",bert_sst2,shared_rms,1
bernstein,unaligned,0.01,0,0.0,,,"Noisy final-test audit, not population false-certification rate",bert_sst2,shared_rms,1
bernstein,unaligned,0.02,0,0.0,,,"Noisy final-test audit, not population false-certification rate",bert_sst2,shared_rms,1
bernstein,unaligned,0.05,13,0.09848484848484848,0.011412092260283759,0.0,"Noisy final-test audit, not population false-certification rate",bert_sst2,shared_rms,1
bernstein,unaligned,0.1,39,0.29545454545454547,0.028202444086706135,0.0,"Noisy final-test audit, not population false-certification rate",bert_sst2,shared_rms,1
bernstein,aligned,0.0,0,0.0,,,"Noisy final-test audit, not population false-certification rate",bert_sst2,shared_rms,1
bernstein,aligned,0.01,0,0.0,,,"Noisy final-test audit, not population false-certification rate",bert_sst2,shared_rms,1
bernstein,aligned,0.02,0,0.0,,,"Noisy final-test audit, not population false-certification rate",bert_sst2,shared_rms,1
bernstein,aligned,0.05,99,0.75,0.007914261297950755,0.0,"Noisy final-test audit, not population false-certification rate",bert_sst2,shared_rms,1
bernstein,aligned,0.1,132,1.0,0.014439283686519044,0.0,"Noisy final-test audit, not population false-certification rate",bert_sst2,shared_rms,1
betting,unaligned,0.0,0,0.0,,,"Noisy final-test audit, not population false-certification rate",bert_sst2,shared_rms,1
betting,unaligned,0.01,0,0.0,,,"Noisy final-test audit, not population false-certification rate",bert_sst2,shared_rms,1
betting,unaligned,0.02,6,0.045454545454545456,0.00843723030796134,0.0,"Noisy final-test audit, not population false-certification rate",bert_sst2,shared_rms,1
betting,unaligned,0.05,26,0.19696969696969696,0.017935232080616672,0.0,"Noisy final-test audit, not population false-certification rate",bert_sst2,shared_rms,1
betting,unaligned,0.1,46,0.3484848484848485,0.03514506835285327,0.0,"Noisy final-test audit, not population false-certification rate",bert_sst2,shared_rms,1
betting,aligned,0.0,0,0.0,,,"Noisy final-test audit, not population false-certification rate",bert_sst2,shared_rms,1
betting,aligned,0.01,22,0.16666666666666666,0.0030105939695041894,0.0,"Noisy final-test audit, not population false-certification rate",bert_sst2,shared_rms,1
betting,aligned,0.02,83,0.6287878787878788,0.0059921297438760325,0.0,"Noisy final-test audit, not population false-certification rate",bert_sst2,shared_rms,1
betting,aligned,0.05,125,0.946969696969697,0.01258308255439742,0.0,"Noisy final-test audit, not population false-certification rate",bert_sst2,shared_rms,1
betting,aligned,0.1,132,1.0,0.014439283686519044,0.0,"Noisy final-test audit, not population false-certification rate",bert_sst2,shared_rms,1
bernstein,unaligned,0.0,0,0.0,,,"Noisy final-test audit, not population false-certification rate",bert_sst2,native_raw,2
bernstein,unaligned,0.01,0,0.0,,,"Noisy final-test audit, not population false-certification rate",bert_sst2,native_raw,2
bernstein,unaligned,0.02,0,0.0,,,"Noisy final-test audit, not population false-certification rate",bert_sst2,native_raw,2
bernstein,unaligned,0.05,5,0.03787878787878788,0.01454475605720812,0.0,"Noisy final-test audit, not population false-certification rate",bert_sst2,native_raw,2
bernstein,unaligned,0.1,22,0.16666666666666666,0.03754506055443771,0.0,"Noisy final-test audit, not population false-certification rate",bert_sst2,native_raw,2
bernstein,aligned,0.0,0,0.0,,,"Noisy final-test audit, not population false-certification rate",bert_sst2,native_raw,2
bernstein,aligned,0.01,0,0.0,,,"Noisy final-test audit, not population false-certification rate",bert_sst2,native_raw,2
bernstein,aligned,0.02,0,0.0,,,"Noisy final-test audit, not population false-certification rate",bert_sst2,native_raw,2
bernstein,aligned,0.05,121,0.9166666666666666,0.008097043541447808,0.0,"Noisy final-test audit, not population false-certification rate",bert_sst2,native_raw,2
bernstein,aligned,0.1,132,1.0,0.00967285625792633,0.0,"Noisy final-test audit, not population false-certification rate",bert_sst2,native_raw,2
betting,unaligned,0.0,0,0.0,,,"Noisy final-test audit, not population false-certification rate",bert_sst2,native_raw,2
betting,unaligned,0.01,0,0.0,,,"Noisy final-test audit, not population false-certification rate",bert_sst2,native_raw,2
betting,unaligned,0.02,2,0.015151515151515152,0.01214661393682031,0.0,"Noisy final-test audit, not population false-certification rate",bert_sst2,native_raw,2
betting,unaligned,0.05,11,0.08333333333333333,0.02460532897668035,0.0,"Noisy final-test audit, not population false-certification rate",bert_sst2,native_raw,2
betting,unaligned,0.1,27,0.20454545454545456,0.042414544385357154,0.0,"Noisy final-test audit, not population false-certification rate",bert_sst2,native_raw,2
betting,aligned,0.0,0,0.0,,,"Noisy final-test audit, not population false-certification rate",bert_sst2,native_raw,2
betting,aligned,0.01,28,0.21212121212121213,0.0030733041988625603,0.0,"Noisy final-test audit, not population false-certification rate",bert_sst2,native_raw,2
betting,aligned,0.02,93,0.7045454545454546,0.005286964924844063,0.0,"Noisy final-test audit, not population false-certification rate",bert_sst2,native_raw,2
betting,aligned,0.05,132,1.0,0.00967285625792633,0.0,"Noisy final-test audit, not population false-certification rate",bert_sst2,native_raw,2
betting,aligned,0.1,132,1.0,0.00967285625792633,0.0,"Noisy final-test audit, not population false-certification rate",bert_sst2,native_raw,2
bernstein,unaligned,0.0,0,0.0,,,"Noisy final-test audit, not population false-certification rate",bert_sst2,shared_raw,2
bernstein,unaligned,0.01,0,0.0,,,"Noisy final-test audit, not population false-certification rate",bert_sst2,shared_raw,2
bernstein,unaligned,0.02,0,0.0,,,"Noisy final-test audit, not population false-certification rate",bert_sst2,shared_raw,2
bernstein,unaligned,0.05,4,0.030303030303030304,0.013207281414557504,0.0,"Noisy final-test audit, not population false-certification rate",bert_sst2,shared_raw,2
bernstein,unaligned,0.1,24,0.18181818181818182,0.03559863699991533,0.0,"Noisy final-test audit, not population false-certification rate",bert_sst2,shared_raw,2
bernstein,aligned,0.0,0,0.0,,,"Noisy final-test audit, not population false-certification rate",bert_sst2,shared_raw,2
bernstein,aligned,0.01,0,0.0,,,"Noisy final-test audit, not population false-certification rate",bert_sst2,shared_raw,2
bernstein,aligned,0.02,0,0.0,,,"Noisy final-test audit, not population false-certification rate",bert_sst2,shared_raw,2
bernstein,aligned,0.05,98,0.7424242424242424,0.007406435747904821,0.0,"Noisy final-test audit, not population false-certification rate",bert_sst2,shared_raw,2
bernstein,aligned,0.1,132,1.0,0.014211416307496921,0.0,"Noisy final-test audit, not population false-certification rate",bert_sst2,shared_raw,2
betting,unaligned,0.0,0,0.0,,,"Noisy final-test audit, not population false-certification rate",bert_sst2,shared_raw,2
betting,unaligned,0.01,0,0.0,,,"Noisy final-test audit, not population false-certification rate",bert_sst2,shared_raw,2
betting,unaligned,0.02,1,0.007575757575757576,0.00568230054663163,0.0,"Noisy final-test audit, not population false-certification rate",bert_sst2,shared_raw,2
betting,unaligned,0.05,10,0.07575757575757576,0.021497257244452245,0.0,"Noisy final-test audit, not population false-certification rate",bert_sst2,shared_raw,2
betting,unaligned,0.1,30,0.22727272727272727,0.04329380934280352,0.0,"Noisy final-test audit, not population false-certification rate",bert_sst2,shared_raw,2
betting,aligned,0.0,0,0.0,,,"Noisy final-test audit, not population false-certification rate",bert_sst2,shared_raw,2
betting,aligned,0.01,24,0.18181818181818182,0.002668361766436336,0.0,"Noisy final-test audit, not population false-certification rate",bert_sst2,shared_raw,2
betting,aligned,0.02,80,0.6060606060606061,0.005304549340073244,0.0,"Noisy final-test audit, not population false-certification rate",bert_sst2,shared_raw,2
betting,aligned,0.05,123,0.9318181818181818,0.011933355545566878,0.0,"Noisy final-test audit, not population false-certification rate",bert_sst2,shared_raw,2
betting,aligned,0.1,132,1.0,0.014211416307496921,0.0,"Noisy final-test audit, not population false-certification rate",bert_sst2,shared_raw,2
bernstein,unaligned,0.0,0,0.0,,,"Noisy final-test audit, not population false-certification rate",bert_sst2,shared_center,2
bernstein,unaligned,0.01,0,0.0,,,"Noisy final-test audit, not population false-certification rate",bert_sst2,shared_center,2
bernstein,unaligned,0.02,0,0.0,,,"Noisy final-test audit, not population false-certification rate",bert_sst2,shared_center,2
bernstein,unaligned,0.05,13,0.09848484848484848,0.013347661054106834,0.0,"Noisy final-test audit, not population false-certification rate",bert_sst2,shared_center,2
bernstein,unaligned,0.1,42,0.3181818181818182,0.03255857289196061,0.0,"Noisy final-test audit, not population false-certification rate",bert_sst2,shared_center,2
bernstein,aligned,0.0,0,0.0,,,"Noisy final-test audit, not population false-certification rate",bert_sst2,shared_center,2
bernstein,aligned,0.01,0,0.0,,,"Noisy final-test audit, not population false-certification rate",bert_sst2,shared_center,2
bernstein,aligned,0.02,0,0.0,,,"Noisy final-test audit, not population false-certification rate",bert_sst2,shared_center,2
bernstein,aligned,0.05,97,0.7348484848484849,0.007235770898752528,0.0,"Noisy final-test audit, not population false-certification rate",bert_sst2,shared_center,2
bernstein,aligned,0.1,132,1.0,0.014323352751765907,0.0,"Noisy final-test audit, not population false-certification rate",bert_sst2,shared_center,2
betting,unaligned,0.0,0,0.0,,,"Noisy final-test audit, not population false-certification rate",bert_sst2,shared_center,2
betting,unaligned,0.01,0,0.0,,,"Noisy final-test audit, not population false-certification rate",bert_sst2,shared_center,2
betting,unaligned,0.02,7,0.05303030303030303,0.009582545998141364,0.0,"Noisy final-test audit, not population false-certification rate",bert_sst2,shared_center,2
betting,unaligned,0.05,25,0.1893939393939394,0.02001000685320992,0.0,"Noisy final-test audit, not population false-certification rate",bert_sst2,shared_center,2
betting,unaligned,0.1,65,0.49242424242424243,0.04572249190867328,0.0,"Noisy final-test audit, not population false-certification rate",bert_sst2,shared_center,2
betting,aligned,0.0,0,0.0,,,"Noisy final-test audit, not population false-certification rate",bert_sst2,shared_center,2
betting,aligned,0.01,23,0.17424242424242425,0.002723333133741688,0.0,"Noisy final-test audit, not population false-certification rate",bert_sst2,shared_center,2
betting,aligned,0.02,82,0.6212121212121212,0.0053769216673522705,0.0,"Noisy final-test audit, not population false-certification rate",bert_sst2,shared_center,2
betting,aligned,0.05,122,0.9242424242424242,0.01176656188131809,0.0,"Noisy final-test audit, not population false-certification rate",bert_sst2,shared_center,2
betting,aligned,0.1,132,1.0,0.014323352751765907,0.0,"Noisy final-test audit, not population false-certification rate",bert_sst2,shared_center,2
bernstein,unaligned,0.0,0,0.0,,,"Noisy final-test audit, not population false-certification rate",bert_sst2,shared_rms,2
bernstein,unaligned,0.01,0,0.0,,,"Noisy final-test audit, not population false-certification rate",bert_sst2,shared_rms,2
bernstein,unaligned,0.02,0,0.0,,,"Noisy final-test audit, not population false-certification rate",bert_sst2,shared_rms,2
bernstein,unaligned,0.05,15,0.11363636363636363,0.012138639450911759,0.0,"Noisy final-test audit, not population false-certification rate",bert_sst2,shared_rms,2
bernstein,unaligned,0.1,36,0.2727272727272727,0.025979248209862155,0.0,"Noisy final-test audit, not population false-certification rate",bert_sst2,shared_rms,2
bernstein,aligned,0.0,0,0.0,,,"Noisy final-test audit, not population false-certification rate",bert_sst2,shared_rms,2
bernstein,aligned,0.01,0,0.0,,,"Noisy final-test audit, not population false-certification rate",bert_sst2,shared_rms,2
bernstein,aligned,0.02,0,0.0,,,"Noisy final-test audit, not population false-certification rate",bert_sst2,shared_rms,2
bernstein,aligned,0.05,99,0.75,0.007302181464336595,0.0,"Noisy final-test audit, not population false-certification rate",bert_sst2,shared_rms,2
bernstein,aligned,0.1,132,1.0,0.01359839160730789,0.0,"Noisy final-test audit, not population false-certification rate",bert_sst2,shared_rms,2
betting,unaligned,0.0,0,0.0,,,"Noisy final-test audit, not population false-certification rate",bert_sst2,shared_rms,2
betting,unaligned,0.01,1,0.007575757575757576,0.005500759343511293,0.0,"Noisy final-test audit, not population false-certification rate",bert_sst2,shared_rms,2
betting,unaligned,0.02,8,0.06060606060606061,0.008318941486204314,0.0,"Noisy final-test audit, not population false-certification rate",bert_sst2,shared_rms,2
betting,unaligned,0.05,27,0.20454545454545456,0.018678599869255092,0.0,"Noisy final-test audit, not population false-certification rate",bert_sst2,shared_rms,2
betting,unaligned,0.1,50,0.3787878787878788,0.03830098000697632,0.0,"Noisy final-test audit, not population false-certification rate",bert_sst2,shared_rms,2
betting,aligned,0.0,0,0.0,,,"Noisy final-test audit, not population false-certification rate",bert_sst2,shared_rms,2
betting,aligned,0.01,22,0.16666666666666666,0.0030249703077273866,0.0,"Noisy final-test audit, not population false-certification rate",bert_sst2,shared_rms,2
betting,aligned,0.02,82,0.6212121212121212,0.00531345572063069,0.0,"Noisy final-test audit, not population false-certification rate",bert_sst2,shared_rms,2
betting,aligned,0.05,125,0.946969696969697,0.01182860357912851,0.0,"Noisy final-test audit, not population false-certification rate",bert_sst2,shared_rms,2
betting,aligned,0.1,132,1.0,0.01359839160730789,0.0,"Noisy final-test audit, not population false-certification rate",bert_sst2,shared_rms,2
bernstein,unaligned,0.0,0,0.0,,,"Noisy final-test audit, not population false-certification rate",gpt2_medium_sst2,native_raw,0
bernstein,unaligned,0.01,0,0.0,,,"Noisy final-test audit, not population false-certification rate",gpt2_medium_sst2,native_raw,0
bernstein,unaligned,0.02,0,0.0,,,"Noisy final-test audit, not population false-certification rate",gpt2_medium_sst2,native_raw,0
bernstein,unaligned,0.05,0,0.0,,,"Noisy final-test audit, not population false-certification rate",gpt2_medium_sst2,native_raw,0
bernstein,unaligned,0.1,11,0.08333333333333333,0.04661471163202428,0.0,"Noisy final-test audit, not population false-certification rate",gpt2_medium_sst2,native_raw,0
bernstein,aligned,0.0,0,0.0,,,"Noisy final-test audit, not population false-certification rate",gpt2_medium_sst2,native_raw,0
bernstein,aligned,0.01,0,0.0,,,"Noisy final-test audit, not population false-certification rate",gpt2_medium_sst2,native_raw,0
bernstein,aligned,0.02,0,0.0,,,"Noisy final-test audit, not population false-certification rate",gpt2_medium_sst2,native_raw,0
bernstein,aligned,0.05,99,0.75,0.0027379750063610763,0.0,"Noisy final-test audit, not population false-certification rate",gpt2_medium_sst2,native_raw,0
bernstein,aligned,0.1,132,1.0,0.00964482377074945,0.0,"Noisy final-test audit, not population false-certification rate",gpt2_medium_sst2,native_raw,0
betting,unaligned,0.0,0,0.0,,,"Noisy final-test audit, not population false-certification rate",gpt2_medium_sst2,native_raw,0
betting,unaligned,0.01,0,0.0,,,"Noisy final-test audit, not population false-certification rate",gpt2_medium_sst2,native_raw,0
betting,unaligned,0.02,0,0.0,,,"Noisy final-test audit, not population false-certification rate",gpt2_medium_sst2,native_raw,0
betting,unaligned,0.05,3,0.022727272727272728,0.027637193269322166,0.0,"Noisy final-test audit, not population false-certification rate",gpt2_medium_sst2,native_raw,0
betting,unaligned,0.1,20,0.15151515151515152,0.056715258833501016,0.0,"Noisy final-test audit, not population false-certification rate",gpt2_medium_sst2,native_raw,0
betting,aligned,0.0,0,0.0,,,"Noisy final-test audit, not population false-certification rate",gpt2_medium_sst2,native_raw,0
betting,aligned,0.01,63,0.4772727272727273,0.0005815562569825262,0.0,"Noisy final-test audit, not population false-certification rate",gpt2_medium_sst2,native_raw,0
betting,aligned,0.02,95,0.7196969696969697,0.002184286367907579,0.0,"Noisy final-test audit, not population false-certification rate",gpt2_medium_sst2,native_raw,0
betting,aligned,0.05,132,1.0,0.00964482377074945,0.0,"Noisy final-test audit, not population false-certification rate",gpt2_medium_sst2,native_raw,0
betting,aligned,0.1,132,1.0,0.00964482377074945,0.0,"Noisy final-test audit, not population false-certification rate",gpt2_medium_sst2,native_raw,0
bernstein,unaligned,0.0,0,0.0,,,"Noisy final-test audit, not population false-certification rate",gpt2_medium_sst2,shared_raw,0
bernstein,unaligned,0.01,0,0.0,,,"Noisy final-test audit, not population false-certification rate",gpt2_medium_sst2,shared_raw,0
bernstein,unaligned,0.02,0,0.0,,,"Noisy final-test audit, not population false-certification rate",gpt2_medium_sst2,shared_raw,0
bernstein,unaligned,0.05,1,0.007575757575757576,0.011561653974120352,0.0,"Noisy final-test audit, not population false-certification rate",gpt2_medium_sst2,shared_raw,0
bernstein,unaligned,0.1,14,0.10606060606060606,0.038936964503094404,0.0,"Noisy final-test audit, not population false-certification rate",gpt2_medium_sst2,shared_raw,0
bernstein,aligned,0.0,0,0.0,,,"Noisy final-test audit, not population false-certification rate",gpt2_medium_sst2,shared_raw,0
bernstein,aligned,0.01,0,0.0,,,"Noisy final-test audit, not population false-certification rate",gpt2_medium_sst2,shared_raw,0
bernstein,aligned,0.02,0,0.0,,,"Noisy final-test audit, not population false-certification rate",gpt2_medium_sst2,shared_raw,0
bernstein,aligned,0.05,104,0.7878787878787878,0.004307154666114337,0.0,"Noisy final-test audit, not population false-certification rate",gpt2_medium_sst2,shared_raw,0
bernstein,aligned,0.1,132,1.0,0.01052895947251899,0.0,"Noisy final-test audit, not population false-certification rate",gpt2_medium_sst2,shared_raw,0
betting,unaligned,0.0,0,0.0,,,"Noisy final-test audit, not population false-certification rate",gpt2_medium_sst2,shared_raw,0
betting,unaligned,0.01,0,0.0,,,"Noisy final-test audit, not population false-certification rate",gpt2_medium_sst2,shared_raw,0
betting,unaligned,0.02,1,0.007575757575757576,0.011561653974120352,0.0,"Noisy final-test audit, not population false-certification rate",gpt2_medium_sst2,shared_raw,0
betting,unaligned,0.05,5,0.03787878787878788,0.02731621590037983,0.0,"Noisy final-test audit, not population false-certification rate",gpt2_medium_sst2,shared_raw,0
betting,unaligned,0.1,26,0.19696969696969696,0.05261867607402673,0.0,"Noisy final-test audit, not population false-certification rate",gpt2_medium_sst2,shared_raw,0
betting,aligned,0.0,0,0.0,,,"Noisy final-test audit, not population false-certification rate",gpt2_medium_sst2,shared_raw,0
betting,aligned,0.01,66,0.5,0.001964531851794371,0.0,"Noisy final-test audit, not population false-certification rate",gpt2_medium_sst2,shared_raw,0
betting,aligned,0.02,94,0.7121212121212122,0.003050199451348588,0.0,"Noisy final-test audit, not population false-certification rate",gpt2_medium_sst2,shared_raw,0
betting,aligned,0.05,126,0.9545454545454546,0.008878644619585969,0.0,"Noisy final-test audit, not population false-certification rate",gpt2_medium_sst2,shared_raw,0
betting,aligned,0.1,132,1.0,0.01052895947251899,0.0,"Noisy final-test audit, not population false-certification rate",gpt2_medium_sst2,shared_raw,0
bernstein,unaligned,0.0,0,0.0,,,"Noisy final-test audit, not population false-certification rate",gpt2_medium_sst2,shared_center,0
bernstein,unaligned,0.01,0,0.0,,,"Noisy final-test audit, not population false-certification rate",gpt2_medium_sst2,shared_center,0
bernstein,unaligned,0.02,0,0.0,,,"Noisy final-test audit, not population false-certification rate",gpt2_medium_sst2,shared_center,0
bernstein,unaligned,0.05,12,0.09090909090909091,0.014896660795058232,0.0,"Noisy final-test audit, not population false-certification rate",gpt2_medium_sst2,shared_center,0
bernstein,unaligned,0.1,57,0.4318181818181818,0.03868984893300862,0.0,"Noisy final-test audit, not population false-certification rate",gpt2_medium_sst2,shared_center,0
bernstein,aligned,0.0,0,0.0,,,"Noisy final-test audit, not population false-certification rate",gpt2_medium_sst2,shared_center,0
bernstein,aligned,0.01,0,0.0,,,"Noisy final-test audit, not population false-certification rate",gpt2_medium_sst2,shared_center,0
bernstein,aligned,0.02,0,0.0,,,"Noisy final-test audit, not population false-certification rate",gpt2_medium_sst2,shared_center,0
bernstein,aligned,0.05,103,0.7803030303030303,0.004226114510311516,0.0,"Noisy final-test audit, not population false-certification rate",gpt2_medium_sst2,shared_center,0
bernstein,aligned,0.1,132,1.0,0.01079482721610093,0.0,"Noisy final-test audit, not population false-certification rate",gpt2_medium_sst2,shared_center,0
betting,unaligned,0.0,0,0.0,,,"Noisy final-test audit, not population false-certification rate",gpt2_medium_sst2,shared_center,0
betting,unaligned,0.01,0,0.0,,,"Noisy final-test audit, not population false-certification rate",gpt2_medium_sst2,shared_center,0
betting,unaligned,0.02,3,0.022727272727272728,0.0066975074559059294,0.0,"Noisy final-test audit, not population false-certification rate",gpt2_medium_sst2,shared_center,0
betting,unaligned,0.05,20,0.15151515151515152,0.02050241577762723,0.0,"Noisy final-test audit, not population false-certification rate",gpt2_medium_sst2,shared_center,0
betting,unaligned,0.1,82,0.6212121212121212,0.04602102584268488,0.0,"Noisy final-test audit, not population false-certification rate",gpt2_medium_sst2,shared_center,0
betting,aligned,0.0,0,0.0,,,"Noisy final-test audit, not population false-certification rate",gpt2_medium_sst2,shared_center,0
betting,aligned,0.01,62,0.4696969696969697,0.001854602604539934,0.0,"Noisy final-test audit, not population false-certification rate",gpt2_medium_sst2,shared_center,0
betting,aligned,0.02,94,0.7121212121212122,0.0031323421742835574,0.0,"Noisy final-test audit, not population false-certification rate",gpt2_medium_sst2,shared_center,0
betting,aligned,0.05,125,0.946969696969697,0.008855306623847987,0.0,"Noisy final-test audit, not population false-certification rate",gpt2_medium_sst2,shared_center,0
betting,aligned,0.1,132,1.0,0.01079482721610093,0.0,"Noisy final-test audit, not population false-certification rate",gpt2_medium_sst2,shared_center,0
bernstein,unaligned,0.0,0,0.0,,,"Noisy final-test audit, not population false-certification rate",gpt2_medium_sst2,shared_rms,0
bernstein,unaligned,0.01,0,0.0,,,"Noisy final-test audit, not population false-certification rate",gpt2_medium_sst2,shared_rms,0
bernstein,unaligned,0.02,0,0.0,,,"Noisy final-test audit, not population false-certification rate",gpt2_medium_sst2,shared_rms,0
bernstein,unaligned,0.05,10,0.07575757575757576,0.013427346732678893,0.0,"Noisy final-test audit, not population false-certification rate",gpt2_medium_sst2,shared_rms,0
bernstein,unaligned,0.1,39,0.29545454545454547,0.03253445668321539,0.0,"Noisy final-test audit, not population false-certification rate",gpt2_medium_sst2,shared_rms,0
bernstein,aligned,0.0,0,0.0,,,"Noisy final-test audit, not population false-certification rate",gpt2_medium_sst2,shared_rms,0
bernstein,aligned,0.01,0,0.0,,,"Noisy final-test audit, not population false-certification rate",gpt2_medium_sst2,shared_rms,0
bernstein,aligned,0.02,0,0.0,,,"Noisy final-test audit, not population false-certification rate",gpt2_medium_sst2,shared_rms,0
bernstein,aligned,0.05,105,0.7954545454545454,0.004150561791043775,0.0,"Noisy final-test audit, not population false-certification rate",gpt2_medium_sst2,shared_rms,0
bernstein,aligned,0.1,132,1.0,0.009882510205348246,0.0,"Noisy final-test audit, not population false-certification rate",gpt2_medium_sst2,shared_rms,0
betting,unaligned,0.0,0,0.0,,,"Noisy final-test audit, not population false-certification rate",gpt2_medium_sst2,shared_rms,0
betting,unaligned,0.01,0,0.0,,,"Noisy final-test audit, not population false-certification rate",gpt2_medium_sst2,shared_rms,0
betting,unaligned,0.02,3,0.022727272727272728,0.009851379810209405,0.0,"Noisy final-test audit, not population false-certification rate",gpt2_medium_sst2,shared_rms,0
betting,unaligned,0.05,19,0.14393939393939395,0.019076288937589735,0.0,"Noisy final-test audit, not population false-certification rate",gpt2_medium_sst2,shared_rms,0
betting,unaligned,0.1,51,0.38636363636363635,0.04035883923013334,0.0,"Noisy final-test audit, not population false-certification rate",gpt2_medium_sst2,shared_rms,0
betting,aligned,0.0,0,0.0,,,"Noisy final-test audit, not population false-certification rate",gpt2_medium_sst2,shared_rms,0
betting,aligned,0.01,76,0.5757575757575758,0.0018704575962493373,0.0,"Noisy final-test audit, not population false-certification rate",gpt2_medium_sst2,shared_rms,0
betting,aligned,0.02,94,0.7121212121212122,0.002757191229309196,0.0,"Noisy final-test audit, not population false-certification rate",gpt2_medium_sst2,shared_rms,0
betting,aligned,0.05,126,0.9545454545454546,0.00827454613583083,0.0,"Noisy final-test audit, not population false-certification rate",gpt2_medium_sst2,shared_rms,0
betting,aligned,0.1,132,1.0,0.009882510205348246,0.0,"Noisy final-test audit, not population false-certification rate",gpt2_medium_sst2,shared_rms,0
bernstein,unaligned,0.0,0,0.0,,,"Noisy final-test audit, not population false-certification rate",gpt2_medium_sst2,shared_unit,0
bernstein,unaligned,0.01,0,0.0,,,"Noisy final-test audit, not population false-certification rate",gpt2_medium_sst2,shared_unit,0
bernstein,unaligned,0.02,0,0.0,,,"Noisy final-test audit, not population false-certification rate",gpt2_medium_sst2,shared_unit,0
bernstein,unaligned,0.05,1,0.007575757575757576,0.013311906088785352,0.0,"Noisy final-test audit, not population false-certification rate",gpt2_medium_sst2,shared_unit,0
bernstein,unaligned,0.1,15,0.11363636363636363,0.040105977738481034,0.0,"Noisy final-test audit, not population false-certification rate",gpt2_medium_sst2,shared_unit,0
bernstein,aligned,0.0,0,0.0,,,"Noisy final-test audit, not population false-certification rate",gpt2_medium_sst2,shared_unit,0
bernstein,aligned,0.01,0,0.0,,,"Noisy final-test audit, not population false-certification rate",gpt2_medium_sst2,shared_unit,0
bernstein,aligned,0.02,0,0.0,,,"Noisy final-test audit, not population false-certification rate",gpt2_medium_sst2,shared_unit,0
bernstein,aligned,0.05,105,0.7954545454545454,0.004241028831739751,0.0,"Noisy final-test audit, not population false-certification rate",gpt2_medium_sst2,shared_unit,0
bernstein,aligned,0.1,132,1.0,0.009918912629840033,0.0,"Noisy final-test audit, not population false-certification rate",gpt2_medium_sst2,shared_unit,0
betting,unaligned,0.0,0,0.0,,,"Noisy final-test audit, not population false-certification rate",gpt2_medium_sst2,shared_unit,0
betting,unaligned,0.01,0,0.0,,,"Noisy final-test audit, not population false-certification rate",gpt2_medium_sst2,shared_unit,0
betting,unaligned,0.02,0,0.0,,,"Noisy final-test audit, not population false-certification rate",gpt2_medium_sst2,shared_unit,0
betting,unaligned,0.05,4,0.030303030303030304,0.02579386863950573,0.0,"Noisy final-test audit, not population false-certification rate",gpt2_medium_sst2,shared_unit,0
betting,unaligned,0.1,23,0.17424242424242425,0.04932167540751768,0.0,"Noisy final-test audit, not population false-certification rate",gpt2_medium_sst2,shared_unit,0
betting,aligned,0.0,0,0.0,,,"Noisy final-test audit, not population false-certification rate",gpt2_medium_sst2,shared_unit,0
betting,aligned,0.01,69,0.5227272727272727,0.001918736372620991,0.0,"Noisy final-test audit, not population false-certification rate",gpt2_medium_sst2,shared_unit,0
betting,aligned,0.02,96,0.7272727272727273,0.003131489266146766,0.0,"Noisy final-test audit, not population false-certification rate",gpt2_medium_sst2,shared_unit,0
betting,aligned,0.05,126,0.9545454545454546,0.008310778916582134,0.0,"Noisy final-test audit, not population false-certification rate",gpt2_medium_sst2,shared_unit,0
betting,aligned,0.1,132,1.0,0.009918912629840033,0.0,"Noisy final-test audit, not population false-certification rate",gpt2_medium_sst2,shared_unit,0
bernstein,unaligned,0.0,0,0.0,,,"Noisy final-test audit, not population false-certification rate",gpt2_medium_sst2,shared_clip100,0
bernstein,unaligned,0.01,0,0.0,,,"Noisy final-test audit, not population false-certification rate",gpt2_medium_sst2,shared_clip100,0
bernstein,unaligned,0.02,0,0.0,,,"Noisy final-test audit, not population false-certification rate",gpt2_medium_sst2,shared_clip100,0
bernstein,unaligned,0.05,1,0.007575757575757576,0.013311906088732945,0.0,"Noisy final-test audit, not population false-certification rate",gpt2_medium_sst2,shared_clip100,0
bernstein,unaligned,0.1,15,0.11363636363636363,0.04010597773847846,0.0,"Noisy final-test audit, not population false-certification rate",gpt2_medium_sst2,shared_clip100,0
bernstein,aligned,0.0,0,0.0,,,"Noisy final-test audit, not population false-certification rate",gpt2_medium_sst2,shared_clip100,0
bernstein,aligned,0.01,0,0.0,,,"Noisy final-test audit, not population false-certification rate",gpt2_medium_sst2,shared_clip100,0
bernstein,aligned,0.02,0,0.0,,,"Noisy final-test audit, not population false-certification rate",gpt2_medium_sst2,shared_clip100,0
bernstein,aligned,0.05,105,0.7954545454545454,0.004241028831739128,0.0,"Noisy final-test audit, not population false-certification rate",gpt2_medium_sst2,shared_clip100,0
bernstein,aligned,0.1,132,1.0,0.009918912629839618,0.0,"Noisy final-test audit, not population false-certification rate",gpt2_medium_sst2,shared_clip100,0
betting,unaligned,0.0,0,0.0,,,"Noisy final-test audit, not population false-certification rate",gpt2_medium_sst2,shared_clip100,0
betting,unaligned,0.01,0,0.0,,,"Noisy final-test audit, not population false-certification rate",gpt2_medium_sst2,shared_clip100,0
betting,unaligned,0.02,0,0.0,,,"Noisy final-test audit, not population false-certification rate",gpt2_medium_sst2,shared_clip100,0
betting,unaligned,0.05,4,0.030303030303030304,0.025793868639494812,0.0,"Noisy final-test audit, not population false-certification rate",gpt2_medium_sst2,shared_clip100,0
betting,unaligned,0.1,23,0.17424242424242425,0.049321675407530394,0.0,"Noisy final-test audit, not population false-certification rate",gpt2_medium_sst2,shared_clip100,0
betting,aligned,0.0,0,0.0,,,"Noisy final-test audit, not population false-certification rate",gpt2_medium_sst2,shared_clip100,0
betting,aligned,0.01,69,0.5227272727272727,0.0019187363726202765,0.0,"Noisy final-test audit, not population false-certification rate",gpt2_medium_sst2,shared_clip100,0
betting,aligned,0.02,96,0.7272727272727273,0.003131489266146133,0.0,"Noisy final-test audit, not population false-certification rate",gpt2_medium_sst2,shared_clip100,0
betting,aligned,0.05,126,0.9545454545454546,0.008310778916581626,0.0,"Noisy final-test audit, not population false-certification rate",gpt2_medium_sst2,shared_clip100,0
betting,aligned,0.1,132,1.0,0.009918912629839618,0.0,"Noisy final-test audit, not population false-certification rate",gpt2_medium_sst2,shared_clip100,0
bernstein,unaligned,0.0,0,0.0,,,"Noisy final-test audit, not population false-certification rate",gpt2_medium_sst2,shared_clip300,0
bernstein,unaligned,0.01,0,0.0,,,"Noisy final-test audit, not population false-certification rate",gpt2_medium_sst2,shared_clip300,0
bernstein,unaligned,0.02,0,0.0,,,"Noisy final-test audit, not population false-certification rate",gpt2_medium_sst2,shared_clip300,0
bernstein,unaligned,0.05,0,0.0,,,"Noisy final-test audit, not population false-certification rate",gpt2_medium_sst2,shared_clip300,0
bernstein,unaligned,0.1,12,0.09090909090909091,0.04432100970444392,0.0,"Noisy final-test audit, not population false-certification rate",gpt2_medium_sst2,shared_clip300,0
bernstein,aligned,0.0,0,0.0,,,"Noisy final-test audit, not population false-certification rate",gpt2_medium_sst2,shared_clip300,0
bernstein,aligned,0.01,0,0.0,,,"Noisy final-test audit, not population false-certification rate",gpt2_medium_sst2,shared_clip300,0
bernstein,aligned,0.02,0,0.0,,,"Noisy final-test audit, not population false-certification rate",gpt2_medium_sst2,shared_clip300,0
bernstein,aligned,0.05,104,0.7878787878787878,0.004131865218810966,0.0,"Noisy final-test audit, not population false-certification rate",gpt2_medium_sst2,shared_clip300,0
bernstein,aligned,0.1,132,1.0,0.0101299587044245,0.0,"Noisy final-test audit, not population false-certification rate",gpt2_medium_sst2,shared_clip300,0
betting,unaligned,0.0,0,0.0,,,"Noisy final-test audit, not population false-certification rate",gpt2_medium_sst2,shared_clip300,0
betting,unaligned,0.01,0,0.0,,,"Noisy final-test audit, not population false-certification rate",gpt2_medium_sst2,shared_clip300,0
betting,unaligned,0.02,0,0.0,,,"Noisy final-test audit, not population false-certification rate",gpt2_medium_sst2,shared_clip300,0
betting,unaligned,0.05,4,0.030303030303030304,0.03161821161944324,0.0,"Noisy final-test audit, not population false-certification rate",gpt2_medium_sst2,shared_clip300,0
betting,unaligned,0.1,23,0.17424242424242425,0.053868641132401196,0.0,"Noisy final-test audit, not population false-certification rate",gpt2_medium_sst2,shared_clip300,0
betting,aligned,0.0,0,0.0,,,"Noisy final-test audit, not population false-certification rate",gpt2_medium_sst2,shared_clip300,0
betting,aligned,0.01,68,0.5151515151515151,0.0018365093303244616,0.0,"Noisy final-test audit, not population false-certification rate",gpt2_medium_sst2,shared_clip300,0
betting,aligned,0.02,94,0.7121212121212122,0.0029063362238314384,0.0,"Noisy final-test audit, not population false-certification rate",gpt2_medium_sst2,shared_clip300,0
betting,aligned,0.05,125,0.946969696969697,0.008241244287979036,0.0,"Noisy final-test audit, not population false-certification rate",gpt2_medium_sst2,shared_clip300,0
betting,aligned,0.1,132,1.0,0.0101299587044245,0.0,"Noisy final-test audit, not population false-certification rate",gpt2_medium_sst2,shared_clip300,0
bernstein,unaligned,0.0,0,0.0,,,"Noisy final-test audit, not population false-certification rate",gpt2_medium_sst2,separate_naive,0
bernstein,unaligned,0.01,0,0.0,,,"Noisy final-test audit, not population false-certification rate",gpt2_medium_sst2,separate_naive,0
bernstein,unaligned,0.02,0,0.0,,,"Noisy final-test audit, not population false-certification rate",gpt2_medium_sst2,separate_naive,0
bernstein,unaligned,0.05,0,0.0,,,"Noisy final-test audit, not population false-certification rate",gpt2_medium_sst2,separate_naive,0
bernstein,unaligned,0.1,0,0.0,,,"Noisy final-test audit, not population false-certification rate",gpt2_medium_sst2,separate_naive,0
bernstein,aligned,0.0,0,0.0,,,"Noisy final-test audit, not population false-certification rate",gpt2_medium_sst2,separate_naive,0
bernstein,aligned,0.01,0,0.0,,,"Noisy final-test audit, not population false-certification rate",gpt2_medium_sst2,separate_naive,0
bernstein,aligned,0.02,0,0.0,,,"Noisy final-test audit, not population false-certification rate",gpt2_medium_sst2,separate_naive,0
bernstein,aligned,0.05,103,0.7803030303030303,0.004797648341592896,0.0,"Noisy final-test audit, not population false-certification rate",gpt2_medium_sst2,separate_naive,0
bernstein,aligned,0.1,132,1.0,0.010878164667266656,0.0,"Noisy final-test audit, not population false-certification rate",gpt2_medium_sst2,separate_naive,0
betting,unaligned,0.0,0,0.0,,,"Noisy final-test audit, not population false-certification rate",gpt2_medium_sst2,separate_naive,0
betting,unaligned,0.01,0,0.0,,,"Noisy final-test audit, not population false-certification rate",gpt2_medium_sst2,separate_naive,0
betting,unaligned,0.02,0,0.0,,,"Noisy final-test audit, not population false-certification rate",gpt2_medium_sst2,separate_naive,0
betting,unaligned,0.05,0,0.0,,,"Noisy final-test audit, not population false-certification rate",gpt2_medium_sst2,separate_naive,0
betting,unaligned,0.1,7,0.05303030303030303,0.07274554960332329,0.0,"Noisy final-test audit, not population false-certification rate",gpt2_medium_sst2,separate_naive,0
betting,aligned,0.0,0,0.0,,,"Noisy final-test audit, not population false-certification rate",gpt2_medium_sst2,separate_naive,0
betting,aligned,0.01,53,0.4015151515151515,0.0019685397599255782,0.0,"Noisy final-test audit, not population false-certification rate",gpt2_medium_sst2,separate_naive,0
betting,aligned,0.02,95,0.7196969696969697,0.003757968851189313,0.0,"Noisy final-test audit, not population false-certification rate",gpt2_medium_sst2,separate_naive,0
betting,aligned,0.05,132,1.0,0.010878164667266656,0.0,"Noisy final-test audit, not population false-certification rate",gpt2_medium_sst2,separate_naive,0
betting,aligned,0.1,132,1.0,0.010878164667266656,0.0,"Noisy final-test audit, not population false-certification rate",gpt2_medium_sst2,separate_naive,0
bernstein,unaligned,0.0,0,0.0,,,"Noisy final-test audit, not population false-certification rate",gpt2_medium_sst2,separate_lift,0
bernstein,unaligned,0.01,0,0.0,,,"Noisy final-test audit, not population false-certification rate",gpt2_medium_sst2,separate_lift,0
bernstein,unaligned,0.02,0,0.0,,,"Noisy final-test audit, not population false-certification rate",gpt2_medium_sst2,separate_lift,0
bernstein,unaligned,0.05,9,0.06818181818181818,0.01102374414409958,0.0,"Noisy final-test audit, not population false-certification rate",gpt2_medium_sst2,separate_lift,0
bernstein,unaligned,0.1,38,0.2878787878787879,0.03461109675856848,0.0,"Noisy final-test audit, not population false-certification rate",gpt2_medium_sst2,separate_lift,0
bernstein,aligned,0.0,0,0.0,,,"Noisy final-test audit, not population false-certification rate",gpt2_medium_sst2,separate_lift,0
bernstein,aligned,0.01,0,0.0,,,"Noisy final-test audit, not population false-certification rate",gpt2_medium_sst2,separate_lift,0
bernstein,aligned,0.02,0,0.0,,,"Noisy final-test audit, not population false-certification rate",gpt2_medium_sst2,separate_lift,0
bernstein,aligned,0.05,103,0.7803030303030303,0.004797648341592896,0.0,"Noisy final-test audit, not population false-certification rate",gpt2_medium_sst2,separate_lift,0
bernstein,aligned,0.1,132,1.0,0.010878164667266656,0.0,"Noisy final-test audit, not population false-certification rate",gpt2_medium_sst2,separate_lift,0
betting,unaligned,0.0,0,0.0,,,"Noisy final-test audit, not population false-certification rate",gpt2_medium_sst2,separate_lift,0
betting,unaligned,0.01,2,0.015151515151515152,-0.0009175802169355405,0.0,"Noisy final-test audit, not population false-certification rate",gpt2_medium_sst2,separate_lift,0
betting,unaligned,0.02,4,0.030303030303030304,0.0030693703563426863,0.0,"Noisy final-test audit, not population false-certification rate",gpt2_medium_sst2,separate_lift,0
betting,unaligned,0.05,18,0.13636363636363635,0.01861703635388288,0.0,"Noisy final-test audit, not population false-certification rate",gpt2_medium_sst2,separate_lift,0
betting,unaligned,0.1,53,0.4015151515151515,0.04422939284480925,0.0,"Noisy final-test audit, not population false-certification rate",gpt2_medium_sst2,separate_lift,0
betting,aligned,0.0,0,0.0,,,"Noisy final-test audit, not population false-certification rate",gpt2_medium_sst2,separate_lift,0
betting,aligned,0.01,53,0.4015151515151515,0.0019685397599255782,0.0,"Noisy final-test audit, not population false-certification rate",gpt2_medium_sst2,separate_lift,0
betting,aligned,0.02,95,0.7196969696969697,0.003757968851189313,0.0,"Noisy final-test audit, not population false-certification rate",gpt2_medium_sst2,separate_lift,0
betting,aligned,0.05,132,1.0,0.010878164667266656,0.0,"Noisy final-test audit, not population false-certification rate",gpt2_medium_sst2,separate_lift,0
betting,aligned,0.1,132,1.0,0.010878164667266656,0.0,"Noisy final-test audit, not population false-certification rate",gpt2_medium_sst2,separate_lift,0
bernstein,unaligned,0.0,0,0.0,,,"Noisy final-test audit, not population false-certification rate",gpt2_medium_sst2,native_raw,1
bernstein,unaligned,0.01,0,0.0,,,"Noisy final-test audit, not population false-certification rate",gpt2_medium_sst2,native_raw,1
bernstein,unaligned,0.02,0,0.0,,,"Noisy final-test audit, not population false-certification rate",gpt2_medium_sst2,native_raw,1
bernstein,unaligned,0.05,1,0.007575757575757576,0.009138129398678151,0.0,"Noisy final-test audit, not population false-certification rate",gpt2_medium_sst2,native_raw,1
bernstein,unaligned,0.1,14,0.10606060606060606,0.033719938079673974,0.0,"Noisy final-test audit, not population false-certification rate",gpt2_medium_sst2,native_raw,1
bernstein,aligned,0.0,0,0.0,,,"Noisy final-test audit, not population false-certification rate",gpt2_medium_sst2,native_raw,1
bernstein,aligned,0.01,0,0.0,,,"Noisy final-test audit, not population false-certification rate",gpt2_medium_sst2,native_raw,1
bernstein,aligned,0.02,0,0.0,,,"Noisy final-test audit, not population false-certification rate",gpt2_medium_sst2,native_raw,1
bernstein,aligned,0.05,101,0.7651515151515151,0.0036724106100871332,0.0,"Noisy final-test audit, not population false-certification rate",gpt2_medium_sst2,native_raw,1
bernstein,aligned,0.1,132,1.0,0.010480412056223859,0.0,"Noisy final-test audit, not population false-certification rate",gpt2_medium_sst2,native_raw,1
betting,unaligned,0.0,0,0.0,,,"Noisy final-test audit, not population false-certification rate",gpt2_medium_sst2,native_raw,1
betting,unaligned,0.01,0,0.0,,,"Noisy final-test audit, not population false-certification rate",gpt2_medium_sst2,native_raw,1
betting,unaligned,0.02,1,0.007575757575757576,0.009138129398678151,0.0,"Noisy final-test audit, not population false-certification rate",gpt2_medium_sst2,native_raw,1
betting,unaligned,0.05,9,0.06818181818181818,0.024078094508380516,0.0,"Noisy final-test audit, not population false-certification rate",gpt2_medium_sst2,native_raw,1
betting,unaligned,0.1,18,0.13636363636363635,0.04197800642901742,0.0,"Noisy final-test audit, not population false-certification rate",gpt2_medium_sst2,native_raw,1
betting,aligned,0.0,0,0.0,,,"Noisy final-test audit, not population false-certification rate",gpt2_medium_sst2,native_raw,1
betting,aligned,0.01,72,0.5454545454545454,0.0013639032440831875,0.0,"Noisy final-test audit, not population false-certification rate",gpt2_medium_sst2,native_raw,1
betting,aligned,0.02,94,0.7121212121212122,0.0026114620014661884,0.0,"Noisy final-test audit, not population false-certification rate",gpt2_medium_sst2,native_raw,1
betting,aligned,0.05,132,1.0,0.010480412056223859,0.0,"Noisy final-test audit, not population false-certification rate",gpt2_medium_sst2,native_raw,1
betting,aligned,0.1,132,1.0,0.010480412056223859,0.0,"Noisy final-test audit, not population false-certification rate",gpt2_medium_sst2,native_raw,1
bernstein,unaligned,0.0,0,0.0,,,"Noisy final-test audit, not population false-certification rate",gpt2_medium_sst2,shared_raw,1
bernstein,unaligned,0.01,0,0.0,,,"Noisy final-test audit, not population false-certification rate",gpt2_medium_sst2,shared_raw,1
bernstein,unaligned,0.02,0,0.0,,,"Noisy final-test audit, not population false-certification rate",gpt2_medium_sst2,shared_raw,1
bernstein,unaligned,0.05,2,0.015151515151515152,0.010554013261788063,0.0,"Noisy final-test audit, not population false-certification rate",gpt2_medium_sst2,shared_raw,1
bernstein,unaligned,0.1,27,0.20454545454545456,0.04411454485300407,0.0,"Noisy final-test audit, not population false-certification rate",gpt2_medium_sst2,shared_raw,1
bernstein,aligned,0.0,0,0.0,,,"Noisy final-test audit, not population false-certification rate",gpt2_medium_sst2,shared_raw,1
bernstein,aligned,0.01,0,0.0,,,"Noisy final-test audit, not population false-certification rate",gpt2_medium_sst2,shared_raw,1
bernstein,aligned,0.02,0,0.0,,,"Noisy final-test audit, not population false-certification rate",gpt2_medium_sst2,shared_raw,1
bernstein,aligned,0.05,104,0.7878787878787878,0.004906855991587611,0.0,"Noisy final-test audit, not population false-certification rate",gpt2_medium_sst2,shared_raw,1
bernstein,aligned,0.1,132,1.0,0.01179261764760713,0.0,"Noisy final-test audit, not population false-certification rate",gpt2_medium_sst2,shared_raw,1
betting,unaligned,0.0,0,0.0,,,"Noisy final-test audit, not population false-certification rate",gpt2_medium_sst2,shared_raw,1
betting,unaligned,0.01,0,0.0,,,"Noisy final-test audit, not population false-certification rate",gpt2_medium_sst2,shared_raw,1
betting,unaligned,0.02,1,0.007575757575757576,0.004667602214031139,0.0,"Noisy final-test audit, not population false-certification rate",gpt2_medium_sst2,shared_raw,1
betting,unaligned,0.05,7,0.05303030303030303,0.022680916374048864,0.0,"Noisy final-test audit, not population false-certification rate",gpt2_medium_sst2,shared_raw,1
betting,unaligned,0.1,44,0.3333333333333333,0.05358369280238253,0.0,"Noisy final-test audit, not population false-certification rate",gpt2_medium_sst2,shared_raw,1
betting,aligned,0.0,0,0.0,,,"Noisy final-test audit, not population false-certification rate",gpt2_medium_sst2,shared_raw,1
betting,aligned,0.01,69,0.5227272727272727,0.002245096377575484,0.0,"Noisy final-test audit, not population false-certification rate",gpt2_medium_sst2,shared_raw,1
betting,aligned,0.02,94,0.7121212121212122,0.0035769691314175,0.0,"Noisy final-test audit, not population false-certification rate",gpt2_medium_sst2,shared_raw,1
betting,aligned,0.05,126,0.9545454545454546,0.009929010545603354,0.0,"Noisy final-test audit, not population false-certification rate",gpt2_medium_sst2,shared_raw,1
betting,aligned,0.1,132,1.0,0.01179261764760713,0.0,"Noisy final-test audit, not population false-certification rate",gpt2_medium_sst2,shared_raw,1
bernstein,unaligned,0.0,0,0.0,,,"Noisy final-test audit, not population false-certification rate",gpt2_medium_sst2,shared_center,1
bernstein,unaligned,0.01,0,0.0,,,"Noisy final-test audit, not population false-certification rate",gpt2_medium_sst2,shared_center,1
bernstein,unaligned,0.02,0,0.0,,,"Noisy final-test audit, not population false-certification rate",gpt2_medium_sst2,shared_center,1
bernstein,unaligned,0.05,11,0.08333333333333333,0.012318082187966223,0.0,"Noisy final-test audit, not population false-certification rate",gpt2_medium_sst2,shared_center,1
bernstein,unaligned,0.1,73,0.553030303030303,0.04360282487335268,0.0,"Noisy final-test audit, not population false-certification rate",gpt2_medium_sst2,shared_center,1
bernstein,aligned,0.0,0,0.0,,,"Noisy final-test audit, not population false-certification rate",gpt2_medium_sst2,shared_center,1
bernstein,aligned,0.01,0,0.0,,,"Noisy final-test audit, not population false-certification rate",gpt2_medium_sst2,shared_center,1
bernstein,aligned,0.02,0,0.0,,,"Noisy final-test audit, not population false-certification rate",gpt2_medium_sst2,shared_center,1
bernstein,aligned,0.05,104,0.7878787878787878,0.005304448856167005,0.0,"Noisy final-test audit, not population false-certification rate",gpt2_medium_sst2,shared_center,1
bernstein,aligned,0.1,132,1.0,0.012359183777187312,0.0,"Noisy final-test audit, not population false-certification rate",gpt2_medium_sst2,shared_center,1
betting,unaligned,0.0,0,0.0,,,"Noisy final-test audit, not population false-certification rate",gpt2_medium_sst2,shared_center,1
betting,unaligned,0.01,0,0.0,,,"Noisy final-test audit, not population false-certification rate",gpt2_medium_sst2,shared_center,1
betting,unaligned,0.02,5,0.03787878787878788,0.006464518045359062,0.0,"Noisy final-test audit, not population false-certification rate",gpt2_medium_sst2,shared_center,1
betting,unaligned,0.05,22,0.16666666666666666,0.020982890322846854,0.0,"Noisy final-test audit, not population false-certification rate",gpt2_medium_sst2,shared_center,1
betting,unaligned,0.1,86,0.6515151515151515,0.04709908835930574,0.0,"Noisy final-test audit, not population false-certification rate",gpt2_medium_sst2,shared_center,1
betting,aligned,0.0,0,0.0,,,"Noisy final-test audit, not population false-certification rate",gpt2_medium_sst2,shared_center,1
betting,aligned,0.01,64,0.48484848484848486,0.0024987001797139733,0.0,"Noisy final-test audit, not population false-certification rate",gpt2_medium_sst2,shared_center,1
betting,aligned,0.02,93,0.7045454545454546,0.0038188998188840016,0.0,"Noisy final-test audit, not population false-certification rate",gpt2_medium_sst2,shared_center,1
betting,aligned,0.05,125,0.946969696969697,0.010187894128596588,0.0,"Noisy final-test audit, not population false-certification rate",gpt2_medium_sst2,shared_center,1
betting,aligned,0.1,132,1.0,0.012359183777187312,0.0,"Noisy final-test audit, not population false-certification rate",gpt2_medium_sst2,shared_center,1
bernstein,unaligned,0.0,0,0.0,,,"Noisy final-test audit, not population false-certification rate",gpt2_medium_sst2,shared_rms,1
bernstein,unaligned,0.01,0,0.0,,,"Noisy final-test audit, not population false-certification rate",gpt2_medium_sst2,shared_rms,1
bernstein,unaligned,0.02,0,0.0,,,"Noisy final-test audit, not population false-certification rate",gpt2_medium_sst2,shared_rms,1
bernstein,unaligned,0.05,12,0.09090909090909091,0.011253594496772443,0.0,"Noisy final-test audit, not population false-certification rate",gpt2_medium_sst2,shared_rms,1
bernstein,unaligned,0.1,50,0.3787878787878788,0.03438085610703977,0.0,"Noisy final-test audit, not population false-certification rate",gpt2_medium_sst2,shared_rms,1
bernstein,aligned,0.0,0,0.0,,,"Noisy final-test audit, not population false-certification rate",gpt2_medium_sst2,shared_rms,1
bernstein,aligned,0.01,0,0.0,,,"Noisy final-test audit, not population false-certification rate",gpt2_medium_sst2,shared_rms,1
bernstein,aligned,0.02,0,0.0,,,"Noisy final-test audit, not population false-certification rate",gpt2_medium_sst2,shared_rms,1
bernstein,aligned,0.05,106,0.803030303030303,0.005125202423839331,0.0,"Noisy final-test audit, not population false-certification rate",gpt2_medium_sst2,shared_rms,1
bernstein,aligned,0.1,132,1.0,0.011428983081299202,0.0,"Noisy final-test audit, not population false-certification rate",gpt2_medium_sst2,shared_rms,1
betting,unaligned,0.0,0,0.0,,,"Noisy final-test audit, not population false-certification rate",gpt2_medium_sst2,shared_rms,1
betting,unaligned,0.01,0,0.0,,,"Noisy final-test audit, not population false-certification rate",gpt2_medium_sst2,shared_rms,1
betting,unaligned,0.02,8,0.06060606060606061,0.008141860673803633,0.0,"Noisy final-test audit, not population false-certification rate",gpt2_medium_sst2,shared_rms,1
betting,unaligned,0.05,22,0.16666666666666666,0.018648986122162352,0.0,"Noisy final-test audit, not population false-certification rate",gpt2_medium_sst2,shared_rms,1
betting,unaligned,0.1,69,0.5227272727272727,0.04337947708689077,0.0,"Noisy final-test audit, not population false-certification rate",gpt2_medium_sst2,shared_rms,1
betting,aligned,0.0,0,0.0,,,"Noisy final-test audit, not population false-certification rate",gpt2_medium_sst2,shared_rms,1
betting,aligned,0.01,76,0.5757575757575758,0.0024266064021799282,0.0,"Noisy final-test audit, not population false-certification rate",gpt2_medium_sst2,shared_rms,1
betting,aligned,0.02,94,0.7121212121212122,0.003428648552219771,0.0,"Noisy final-test audit, not population false-certification rate",gpt2_medium_sst2,shared_rms,1
betting,aligned,0.05,126,0.9545454545454546,0.00961023814020163,0.0,"Noisy final-test audit, not population false-certification rate",gpt2_medium_sst2,shared_rms,1
betting,aligned,0.1,132,1.0,0.011428983081299202,0.0,"Noisy final-test audit, not population false-certification rate",gpt2_medium_sst2,shared_rms,1
bernstein,unaligned,0.0,0,0.0,,,"Noisy final-test audit, not population false-certification rate",gpt2_medium_sst2,native_raw,2
bernstein,unaligned,0.01,0,0.0,,,"Noisy final-test audit, not population false-certification rate",gpt2_medium_sst2,native_raw,2
bernstein,unaligned,0.02,0,0.0,,,"Noisy final-test audit, not population false-certification rate",gpt2_medium_sst2,native_raw,2
bernstein,unaligned,0.05,0,0.0,,,"Noisy final-test audit, not population false-certification rate",gpt2_medium_sst2,native_raw,2
bernstein,unaligned,0.1,12,0.09090909090909091,0.04256224148883725,0.0,"Noisy final-test audit, not population false-certification rate",gpt2_medium_sst2,native_raw,2
bernstein,aligned,0.0,0,0.0,,,"Noisy final-test audit, not population false-certification rate",gpt2_medium_sst2,native_raw,2
bernstein,aligned,0.01,0,0.0,,,"Noisy final-test audit, not population false-certification rate",gpt2_medium_sst2,native_raw,2
bernstein,aligned,0.02,0,0.0,,,"Noisy final-test audit, not population false-certification rate",gpt2_medium_sst2,native_raw,2
bernstein,aligned,0.05,104,0.7878787878787878,0.003855612419972031,0.0,"Noisy final-test audit, not population false-certification rate",gpt2_medium_sst2,native_raw,2
bernstein,aligned,0.1,132,1.0,0.009611888288123604,0.0,"Noisy final-test audit, not population false-certification rate",gpt2_medium_sst2,native_raw,2
betting,unaligned,0.0,0,0.0,,,"Noisy final-test audit, not population false-certification rate",gpt2_medium_sst2,native_raw,2
betting,unaligned,0.01,0,0.0,,,"Noisy final-test audit, not population false-certification rate",gpt2_medium_sst2,native_raw,2
betting,unaligned,0.02,0,0.0,,,"Noisy final-test audit, not population false-certification rate",gpt2_medium_sst2,native_raw,2
betting,unaligned,0.05,4,0.030303030303030304,0.026094861332133984,0.0,"Noisy final-test audit, not population false-certification rate",gpt2_medium_sst2,native_raw,2
betting,unaligned,0.1,20,0.15151515151515152,0.05365846743056716,0.0,"Noisy final-test audit, not population false-certification rate",gpt2_medium_sst2,native_raw,2
betting,aligned,0.0,0,0.0,,,"Noisy final-test audit, not population false-certification rate",gpt2_medium_sst2,native_raw,2
betting,aligned,0.01,76,0.5757575757575758,0.0014439519967173026,0.0,"Noisy final-test audit, not population false-certification rate",gpt2_medium_sst2,native_raw,2
betting,aligned,0.02,95,0.7196969696969697,0.0025621635254195717,0.0,"Noisy final-test audit, not population false-certification rate",gpt2_medium_sst2,native_raw,2
betting,aligned,0.05,132,1.0,0.009611888288123604,0.0,"Noisy final-test audit, not population false-certification rate",gpt2_medium_sst2,native_raw,2
betting,aligned,0.1,132,1.0,0.009611888288123604,0.0,"Noisy final-test audit, not population false-certification rate",gpt2_medium_sst2,native_raw,2
bernstein,unaligned,0.0,0,0.0,,,"Noisy final-test audit, not population false-certification rate",gpt2_medium_sst2,shared_raw,2
bernstein,unaligned,0.01,0,0.0,,,"Noisy final-test audit, not population false-certification rate",gpt2_medium_sst2,shared_raw,2
bernstein,unaligned,0.02,0,0.0,,,"Noisy final-test audit, not population false-certification rate",gpt2_medium_sst2,shared_raw,2
bernstein,unaligned,0.05,2,0.015151515151515152,0.009971489875045633,0.0,"Noisy final-test audit, not population false-certification rate",gpt2_medium_sst2,shared_raw,2
bernstein,unaligned,0.1,18,0.13636363636363635,0.040048971269501465,0.0,"Noisy final-test audit, not population false-certification rate",gpt2_medium_sst2,shared_raw,2
bernstein,aligned,0.0,0,0.0,,,"Noisy final-test audit, not population false-certification rate",gpt2_medium_sst2,shared_raw,2
bernstein,aligned,0.01,0,0.0,,,"Noisy final-test audit, not population false-certification rate",gpt2_medium_sst2,shared_raw,2
bernstein,aligned,0.02,0,0.0,,,"Noisy final-test audit, not population false-certification rate",gpt2_medium_sst2,shared_raw,2
bernstein,aligned,0.05,105,0.7954545454545454,0.004539305142878259,0.0,"Noisy final-test audit, not population false-certification rate",gpt2_medium_sst2,shared_raw,2
bernstein,aligned,0.1,132,1.0,0.010506769327032919,0.0,"Noisy final-test audit, not population false-certification rate",gpt2_medium_sst2,shared_raw,2
betting,unaligned,0.0,0,0.0,,,"Noisy final-test audit, not population false-certification rate",gpt2_medium_sst2,shared_raw,2
betting,unaligned,0.01,0,0.0,,,"Noisy final-test audit, not population false-certification rate",gpt2_medium_sst2,shared_raw,2
betting,unaligned,0.02,1,0.007575757575757576,0.0091715799908719,0.0,"Noisy final-test audit, not population false-certification rate",gpt2_medium_sst2,shared_raw,2
betting,unaligned,0.05,6,0.045454545454545456,0.021637045147416056,0.0,"Noisy final-test audit, not population false-certification rate",gpt2_medium_sst2,shared_raw,2
betting,unaligned,0.1,30,0.22727272727272727,0.05174312895966017,0.0,"Noisy final-test audit, not population false-certification rate",gpt2_medium_sst2,shared_raw,2
betting,aligned,0.0,0,0.0,,,"Noisy final-test audit, not population false-certification rate",gpt2_medium_sst2,shared_raw,2
betting,aligned,0.01,67,0.5075757575757576,0.001906157800666806,0.0,"Noisy final-test audit, not population false-certification rate",gpt2_medium_sst2,shared_raw,2
betting,aligned,0.02,94,0.7121212121212122,0.0031663289406454386,0.0,"Noisy final-test audit, not population false-certification rate",gpt2_medium_sst2,shared_raw,2
betting,aligned,0.05,126,0.9545454545454546,0.008861043089869274,0.0,"Noisy final-test audit, not population false-certification rate",gpt2_medium_sst2,shared_raw,2
betting,aligned,0.1,132,1.0,0.010506769327032919,0.0,"Noisy final-test audit, not population false-certification rate",gpt2_medium_sst2,shared_raw,2
bernstein,unaligned,0.0,0,0.0,,,"Noisy final-test audit, not population false-certification rate",gpt2_medium_sst2,shared_center,2
bernstein,unaligned,0.01,0,0.0,,,"Noisy final-test audit, not population false-certification rate",gpt2_medium_sst2,shared_center,2
bernstein,unaligned,0.02,0,0.0,,,"Noisy final-test audit, not population false-certification rate",gpt2_medium_sst2,shared_center,2
bernstein,unaligned,0.05,10,0.07575757575757576,0.012801586973066725,0.0,"Noisy final-test audit, not population false-certification rate",gpt2_medium_sst2,shared_center,2
bernstein,unaligned,0.1,71,0.5378787878787878,0.040821061505305546,0.0,"Noisy final-test audit, not population false-certification rate",gpt2_medium_sst2,shared_center,2
bernstein,aligned,0.0,0,0.0,,,"Noisy final-test audit, not population false-certification rate",gpt2_medium_sst2,shared_center,2
bernstein,aligned,0.01,0,0.0,,,"Noisy final-test audit, not population false-certification rate",gpt2_medium_sst2,shared_center,2
bernstein,aligned,0.02,0,0.0,,,"Noisy final-test audit, not population false-certification rate",gpt2_medium_sst2,shared_center,2
bernstein,aligned,0.05,103,0.7803030303030303,0.004376052425836151,0.0,"Noisy final-test audit, not population false-certification rate",gpt2_medium_sst2,shared_center,2
bernstein,aligned,0.1,132,1.0,0.010837356282992294,0.0,"Noisy final-test audit, not population false-certification rate",gpt2_medium_sst2,shared_center,2
betting,unaligned,0.0,0,0.0,,,"Noisy final-test audit, not population false-certification rate",gpt2_medium_sst2,shared_center,2
betting,unaligned,0.01,0,0.0,,,"Noisy final-test audit, not population false-certification rate",gpt2_medium_sst2,shared_center,2
betting,unaligned,0.02,4,0.030303030303030304,0.007491633027169564,0.0,"Noisy final-test audit, not population false-certification rate",gpt2_medium_sst2,shared_center,2
betting,unaligned,0.05,23,0.17424242424242425,0.021415378685264486,0.0,"Noisy final-test audit, not population false-certification rate",gpt2_medium_sst2,shared_center,2
betting,unaligned,0.1,84,0.6363636363636364,0.04475418356660262,0.0,"Noisy final-test audit, not population false-certification rate",gpt2_medium_sst2,shared_center,2
betting,aligned,0.0,0,0.0,,,"Noisy final-test audit, not population false-certification rate",gpt2_medium_sst2,shared_center,2
betting,aligned,0.01,61,0.4621212121212121,0.001773442061968926,0.0,"Noisy final-test audit, not population false-certification rate",gpt2_medium_sst2,shared_center,2
betting,aligned,0.02,93,0.7045454545454546,0.003159501979959421,0.0,"Noisy final-test audit, not population false-certification rate",gpt2_medium_sst2,shared_center,2
betting,aligned,0.05,125,0.946969696969697,0.008881146199554529,0.0,"Noisy final-test audit, not population false-certification rate",gpt2_medium_sst2,shared_center,2
betting,aligned,0.1,132,1.0,0.010837356282992294,0.0,"Noisy final-test audit, not population false-certification rate",gpt2_medium_sst2,shared_center,2
bernstein,unaligned,0.0,0,0.0,,,"Noisy final-test audit, not population false-certification rate",gpt2_medium_sst2,shared_rms,2
bernstein,unaligned,0.01,0,0.0,,,"Noisy final-test audit, not population false-certification rate",gpt2_medium_sst2,shared_rms,2
bernstein,unaligned,0.02,0,0.0,,,"Noisy final-test audit, not population false-certification rate",gpt2_medium_sst2,shared_rms,2
bernstein,unaligned,0.05,10,0.07575757575757576,0.010999757244082465,0.0,"Noisy final-test audit, not population false-certification rate",gpt2_medium_sst2,shared_rms,2
bernstein,unaligned,0.1,51,0.38636363636363635,0.03591311075969363,0.0,"Noisy final-test audit, not population false-certification rate",gpt2_medium_sst2,shared_rms,2
bernstein,aligned,0.0,0,0.0,,,"Noisy final-test audit, not population false-certification rate",gpt2_medium_sst2,shared_rms,2
bernstein,aligned,0.01,0,0.0,,,"Noisy final-test audit, not population false-certification rate",gpt2_medium_sst2,shared_rms,2
bernstein,aligned,0.02,0,0.0,,,"Noisy final-test audit, not population false-certification rate",gpt2_medium_sst2,shared_rms,2
bernstein,aligned,0.05,106,0.803030303030303,0.004322261531300782,0.0,"Noisy final-test audit, not population false-certification rate",gpt2_medium_sst2,shared_rms,2
bernstein,aligned,0.1,132,1.0,0.010106393081203298,0.0,"Noisy final-test audit, not population false-certification rate",gpt2_medium_sst2,shared_rms,2
betting,unaligned,0.0,0,0.0,,,"Noisy final-test audit, not population false-certification rate",gpt2_medium_sst2,shared_rms,2
betting,unaligned,0.01,0,0.0,,,"Noisy final-test audit, not population false-certification rate",gpt2_medium_sst2,shared_rms,2
betting,unaligned,0.02,6,0.045454545454545456,0.009301087609924295,0.0,"Noisy final-test audit, not population false-certification rate",gpt2_medium_sst2,shared_rms,2
betting,unaligned,0.05,21,0.1590909090909091,0.018728587402050634,0.0,"Noisy final-test audit, not population false-certification rate",gpt2_medium_sst2,shared_rms,2
betting,unaligned,0.1,62,0.4696969696969697,0.041523241346117463,0.0,"Noisy final-test audit, not population false-certification rate",gpt2_medium_sst2,shared_rms,2
betting,aligned,0.0,0,0.0,,,"Noisy final-test audit, not population false-certification rate",gpt2_medium_sst2,shared_rms,2
betting,aligned,0.01,75,0.5681818181818182,0.0017811852811726043,0.0,"Noisy final-test audit, not population false-certification rate",gpt2_medium_sst2,shared_rms,2
betting,aligned,0.02,95,0.7196969696969697,0.0028852290132669895,0.0,"Noisy final-test audit, not population false-certification rate",gpt2_medium_sst2,shared_rms,2
betting,aligned,0.05,126,0.9545454545454546,0.008440606197234553,0.0,"Noisy final-test audit, not population false-certification rate",gpt2_medium_sst2,shared_rms,2
betting,aligned,0.1,132,1.0,0.010106393081203298,0.0,"Noisy final-test audit, not population false-certification rate",gpt2_medium_sst2,shared_rms,2
bernstein,unaligned,0.0,0,0.0,,,"Noisy final-test audit, not population false-certification rate",gpt2_allocine,native_raw,0
bernstein,unaligned,0.01,0,0.0,,,"Noisy final-test audit, not population false-certification rate",gpt2_allocine,native_raw,0
bernstein,unaligned,0.02,0,0.0,,,"Noisy final-test audit, not population false-certification rate",gpt2_allocine,native_raw,0
bernstein,unaligned,0.05,56,0.42424242424242425,0.009588430099327657,0.0,"Noisy final-test audit, not population false-certification rate",gpt2_allocine,native_raw,0
bernstein,unaligned,0.1,93,0.7045454545454546,0.018073237666494383,0.0,"Noisy final-test audit, not population false-certification rate",gpt2_allocine,native_raw,0
bernstein,aligned,0.0,0,0.0,,,"Noisy final-test audit, not population false-certification rate",gpt2_allocine,native_raw,0
bernstein,aligned,0.01,0,0.0,,,"Noisy final-test audit, not population false-certification rate",gpt2_allocine,native_raw,0
bernstein,aligned,0.02,0,0.0,,,"Noisy final-test audit, not population false-certification rate",gpt2_allocine,native_raw,0
bernstein,aligned,0.05,132,1.0,0.0030951375033300504,0.0,"Noisy final-test audit, not population false-certification rate",gpt2_allocine,native_raw,0
bernstein,aligned,0.1,132,1.0,0.0030951375033300504,0.0,"Noisy final-test audit, not population false-certification rate",gpt2_allocine,native_raw,0
betting,unaligned,0.0,0,0.0,,,"Noisy final-test audit, not population false-certification rate",gpt2_allocine,native_raw,0
betting,unaligned,0.01,2,0.015151515151515152,0.0026640241438563857,0.0,"Noisy final-test audit, not population false-certification rate",gpt2_allocine,native_raw,0
betting,unaligned,0.02,34,0.25757575757575757,0.007699934659422066,0.0,"Noisy final-test audit, not population false-certification rate",gpt2_allocine,native_raw,0
betting,unaligned,0.05,75,0.5681818181818182,0.012920373820490718,0.0,"Noisy final-test audit, not population false-certification rate",gpt2_allocine,native_raw,0
betting,unaligned,0.1,98,0.7424242424242424,0.020320528949863127,0.0,"Noisy final-test audit, not population false-certification rate",gpt2_allocine,native_raw,0
betting,aligned,0.0,0,0.0,,,"Noisy final-test audit, not population false-certification rate",gpt2_allocine,native_raw,0
betting,aligned,0.01,91,0.6893939393939394,0.0015916776899034114,0.0,"Noisy final-test audit, not population false-certification rate",gpt2_allocine,native_raw,0
betting,aligned,0.02,129,0.9772727272727273,0.0028817839837035762,0.0,"Noisy final-test audit, not population false-certification rate",gpt2_allocine,native_raw,0
betting,aligned,0.05,132,1.0,0.0030951375033300504,0.0,"Noisy final-test audit, not population false-certification rate",gpt2_allocine,native_raw,0
betting,aligned,0.1,132,1.0,0.0030951375033300504,0.0,"Noisy final-test audit, not population false-certification rate",gpt2_allocine,native_raw,0
bernstein,unaligned,0.0,0,0.0,,,"Noisy final-test audit, not population false-certification rate",gpt2_allocine,shared_raw,0
bernstein,unaligned,0.01,0,0.0,,,"Noisy final-test audit, not population false-certification rate",gpt2_allocine,shared_raw,0
bernstein,unaligned,0.02,0,0.0,,,"Noisy final-test audit, not population false-certification rate",gpt2_allocine,shared_raw,0
bernstein,unaligned,0.05,81,0.6136363636363636,0.006519031168221864,0.0,"Noisy final-test audit, not population false-certification rate",gpt2_allocine,shared_raw,0
bernstein,unaligned,0.1,104,0.7878787878787878,0.011701453991760377,0.0,"Noisy final-test audit, not population false-certification rate",gpt2_allocine,shared_raw,0
bernstein,aligned,0.0,0,0.0,,,"Noisy final-test audit, not population false-certification rate",gpt2_allocine,shared_raw,0
bernstein,aligned,0.01,0,0.0,,,"Noisy final-test audit, not population false-certification rate",gpt2_allocine,shared_raw,0
bernstein,aligned,0.02,0,0.0,,,"Noisy final-test audit, not population false-certification rate",gpt2_allocine,shared_raw,0
bernstein,aligned,0.05,132,1.0,0.0011314135675282637,0.0,"Noisy final-test audit, not population false-certification rate",gpt2_allocine,shared_raw,0
bernstein,aligned,0.1,132,1.0,0.0011314135675282637,0.0,"Noisy final-test audit, not population false-certification rate",gpt2_allocine,shared_raw,0
betting,unaligned,0.0,0,0.0,,,"Noisy final-test audit, not population false-certification rate",gpt2_allocine,shared_raw,0
betting,unaligned,0.01,35,0.26515151515151514,0.002383398489406486,0.0,"Noisy final-test audit, not population false-certification rate",gpt2_allocine,shared_raw,0
betting,unaligned,0.02,64,0.48484848484848486,0.004595154476085226,0.0,"Noisy final-test audit, not population false-certification rate",gpt2_allocine,shared_raw,0
betting,unaligned,0.05,97,0.7348484848484849,0.009267048598160516,0.0,"Noisy final-test audit, not population false-certification rate",gpt2_allocine,shared_raw,0
betting,unaligned,0.1,108,0.8181818181818182,0.013626519405041611,0.0,"Noisy final-test audit, not population false-certification rate",gpt2_allocine,shared_raw,0
betting,aligned,0.0,0,0.0,,,"Noisy final-test audit, not population false-certification rate",gpt2_allocine,shared_raw,0
betting,aligned,0.01,117,0.8863636363636364,0.0008532896495929073,0.0,"Noisy final-test audit, not population false-certification rate",gpt2_allocine,shared_raw,0
betting,aligned,0.02,132,1.0,0.0011314135675282637,0.0,"Noisy final-test audit, not population false-certification rate",gpt2_allocine,shared_raw,0
betting,aligned,0.05,132,1.0,0.0011314135675282637,0.0,"Noisy final-test audit, not population false-certification rate",gpt2_allocine,shared_raw,0
betting,aligned,0.1,132,1.0,0.0011314135675282637,0.0,"Noisy final-test audit, not population false-certification rate",gpt2_allocine,shared_raw,0
bernstein,unaligned,0.0,0,0.0,,,"Noisy final-test audit, not population false-certification rate",gpt2_allocine,shared_center,0
bernstein,unaligned,0.01,0,0.0,,,"Noisy final-test audit, not population false-certification rate",gpt2_allocine,shared_center,0
bernstein,unaligned,0.02,0,0.0,,,"Noisy final-test audit, not population false-certification rate",gpt2_allocine,shared_center,0
bernstein,unaligned,0.05,103,0.7803030303030303,0.003231871957267795,0.0,"Noisy final-test audit, not population false-certification rate",gpt2_allocine,shared_center,0
bernstein,unaligned,0.1,120,0.9090909090909091,0.006805874193553344,0.0,"Noisy final-test audit, not population false-certification rate",gpt2_allocine,shared_center,0
bernstein,aligned,0.0,0,0.0,,,"Noisy final-test audit, not population false-certification rate",gpt2_allocine,shared_center,0
bernstein,aligned,0.01,0,0.0,,,"Noisy final-test audit, not population false-certification rate",gpt2_allocine,shared_center,0
bernstein,aligned,0.02,0,0.0,,,"Noisy final-test audit, not population false-certification rate",gpt2_allocine,shared_center,0
bernstein,aligned,0.05,132,1.0,0.001188107040997624,0.0,"Noisy final-test audit, not population false-certification rate",gpt2_allocine,shared_center,0
bernstein,aligned,0.1,132,1.0,0.001188107040997624,0.0,"Noisy final-test audit, not population false-certification rate",gpt2_allocine,shared_center,0
betting,unaligned,0.0,0,0.0,,,"Noisy final-test audit, not population false-certification rate",gpt2_allocine,shared_center,0
betting,unaligned,0.01,74,0.5606060606060606,0.001632438513659044,0.0,"Noisy final-test audit, not population false-certification rate",gpt2_allocine,shared_center,0
betting,unaligned,0.02,96,0.7272727272727273,0.002502277552581689,0.0,"Noisy final-test audit, not population false-certification rate",gpt2_allocine,shared_center,0
betting,unaligned,0.05,113,0.8560606060606061,0.004939353628595295,0.0,"Noisy final-test audit, not population false-certification rate",gpt2_allocine,shared_center,0
betting,unaligned,0.1,121,0.9166666666666666,0.007212212154945174,0.0,"Noisy final-test audit, not population false-certification rate",gpt2_allocine,shared_center,0
betting,aligned,0.0,0,0.0,,,"Noisy final-test audit, not population false-certification rate",gpt2_allocine,shared_center,0
betting,aligned,0.01,117,0.8863636363636364,0.0009140994388112528,0.0,"Noisy final-test audit, not population false-certification rate",gpt2_allocine,shared_center,0
betting,aligned,0.02,132,1.0,0.001188107040997624,0.0,"Noisy final-test audit, not population false-certification rate",gpt2_allocine,shared_center,0
betting,aligned,0.05,132,1.0,0.001188107040997624,0.0,"Noisy final-test audit, not population false-certification rate",gpt2_allocine,shared_center,0
betting,aligned,0.1,132,1.0,0.001188107040997624,0.0,"Noisy final-test audit, not population false-certification rate",gpt2_allocine,shared_center,0
bernstein,unaligned,0.0,0,0.0,,,"Noisy final-test audit, not population false-certification rate",gpt2_allocine,shared_rms,0
bernstein,unaligned,0.01,0,0.0,,,"Noisy final-test audit, not population false-certification rate",gpt2_allocine,shared_rms,0
bernstein,unaligned,0.02,0,0.0,,,"Noisy final-test audit, not population false-certification rate",gpt2_allocine,shared_rms,0
bernstein,unaligned,0.05,121,0.9166666666666666,0.0036752906169651455,0.0,"Noisy final-test audit, not population false-certification rate",gpt2_allocine,shared_rms,0
bernstein,unaligned,0.1,132,1.0,0.0067674650404013345,0.0,"Noisy final-test audit, not population false-certification rate",gpt2_allocine,shared_rms,0
bernstein,aligned,0.0,0,0.0,,,"Noisy final-test audit, not population false-certification rate",gpt2_allocine,shared_rms,0
bernstein,aligned,0.01,0,0.0,,,"Noisy final-test audit, not population false-certification rate",gpt2_allocine,shared_rms,0
bernstein,aligned,0.02,0,0.0,,,"Noisy final-test audit, not population false-certification rate",gpt2_allocine,shared_rms,0
bernstein,aligned,0.05,132,1.0,0.0009026812008843827,0.0,"Noisy final-test audit, not population false-certification rate",gpt2_allocine,shared_rms,0
bernstein,aligned,0.1,132,1.0,0.0009026812008843827,0.0,"Noisy final-test audit, not population false-certification rate",gpt2_allocine,shared_rms,0
betting,unaligned,0.0,0,0.0,,,"Noisy final-test audit, not population false-certification rate",gpt2_allocine,shared_rms,0
betting,unaligned,0.01,76,0.5757575757575758,0.001609081067680748,0.0,"Noisy final-test audit, not population false-certification rate",gpt2_allocine,shared_rms,0
betting,unaligned,0.02,113,0.8560606060606061,0.0030133952970224595,0.0,"Noisy final-test audit, not population false-certification rate",gpt2_allocine,shared_rms,0
betting,unaligned,0.05,124,0.9393939393939394,0.004073694135686466,0.0,"Noisy final-test audit, not population false-certification rate",gpt2_allocine,shared_rms,0
betting,unaligned,0.1,132,1.0,0.0067674650404013345,0.0,"Noisy final-test audit, not population false-certification rate",gpt2_allocine,shared_rms,0
betting,aligned,0.0,0,0.0,,,"Noisy final-test audit, not population false-certification rate",gpt2_allocine,shared_rms,0
betting,aligned,0.01,126,0.9545454545454546,0.0007818906499755228,0.0,"Noisy final-test audit, not population false-certification rate",gpt2_allocine,shared_rms,0
betting,aligned,0.02,132,1.0,0.0009026812008843827,0.0,"Noisy final-test audit, not population false-certification rate",gpt2_allocine,shared_rms,0
betting,aligned,0.05,132,1.0,0.0009026812008843827,0.0,"Noisy final-test audit, not population false-certification rate",gpt2_allocine,shared_rms,0
betting,aligned,0.1,132,1.0,0.0009026812008843827,0.0,"Noisy final-test audit, not population false-certification rate",gpt2_allocine,shared_rms,0
bernstein,unaligned,0.0,0,0.0,,,"Noisy final-test audit, not population false-certification rate",gpt2_allocine,shared_unit,0
bernstein,unaligned,0.01,0,0.0,,,"Noisy final-test audit, not population false-certification rate",gpt2_allocine,shared_unit,0
bernstein,unaligned,0.02,0,0.0,,,"Noisy final-test audit, not population false-certification rate",gpt2_allocine,shared_unit,0
bernstein,unaligned,0.05,95,0.7196969696969697,0.005860106788284199,0.0,"Noisy final-test audit, not population false-certification rate",gpt2_allocine,shared_unit,0
bernstein,unaligned,0.1,126,0.9545454545454546,0.012581151994074296,0.0,"Noisy final-test audit, not population false-certification rate",gpt2_allocine,shared_unit,0
bernstein,aligned,0.0,0,0.0,,,"Noisy final-test audit, not population false-certification rate",gpt2_allocine,shared_unit,0
bernstein,aligned,0.01,0,0.0,,,"Noisy final-test audit, not population false-certification rate",gpt2_allocine,shared_unit,0
bernstein,aligned,0.02,0,0.0,,,"Noisy final-test audit, not population false-certification rate",gpt2_allocine,shared_unit,0
bernstein,aligned,0.05,132,1.0,0.0006547003291956944,0.0,"Noisy final-test audit, not population false-certification rate",gpt2_allocine,shared_unit,0
bernstein,aligned,0.1,132,1.0,0.0006547003291956944,0.0,"Noisy final-test audit, not population false-certification rate",gpt2_allocine,shared_unit,0
betting,unaligned,0.0,0,0.0,,,"Noisy final-test audit, not population false-certification rate",gpt2_allocine,shared_unit,0
betting,unaligned,0.01,34,0.25757575757575757,0.0018604510356188912,0.0,"Noisy final-test audit, not population false-certification rate",gpt2_allocine,shared_unit,0
betting,unaligned,0.02,79,0.5984848484848485,0.00453612582731864,0.0,"Noisy final-test audit, not population false-certification rate",gpt2_allocine,shared_unit,0
betting,unaligned,0.05,114,0.8636363636363636,0.00919621160803355,0.0,"Noisy final-test audit, not population false-certification rate",gpt2_allocine,shared_unit,0
betting,unaligned,0.1,132,1.0,0.014877778019053087,0.0,"Noisy final-test audit, not population false-certification rate",gpt2_allocine,shared_unit,0
betting,aligned,0.0,0,0.0,,,"Noisy final-test audit, not population false-certification rate",gpt2_allocine,shared_unit,0
betting,aligned,0.01,132,1.0,0.0006547003291956944,0.0,"Noisy final-test audit, not population false-certification rate",gpt2_allocine,shared_unit,0
betting,aligned,0.02,132,1.0,0.0006547003291956944,0.0,"Noisy final-test audit, not population false-certification rate",gpt2_allocine,shared_unit,0
betting,aligned,0.05,132,1.0,0.0006547003291956944,0.0,"Noisy final-test audit, not population false-certification rate",gpt2_allocine,shared_unit,0
betting,aligned,0.1,132,1.0,0.0006547003291956944,0.0,"Noisy final-test audit, not population false-certification rate",gpt2_allocine,shared_unit,0
bernstein,unaligned,0.0,0,0.0,,,"Noisy final-test audit, not population false-certification rate",gpt2_allocine,shared_clip100,0
bernstein,unaligned,0.01,0,0.0,,,"Noisy final-test audit, not population false-certification rate",gpt2_allocine,shared_clip100,0
bernstein,unaligned,0.02,0,0.0,,,"Noisy final-test audit, not population false-certification rate",gpt2_allocine,shared_clip100,0
bernstein,unaligned,0.05,71,0.5378787878787878,0.006429792833128641,0.0,"Noisy final-test audit, not population false-certification rate",gpt2_allocine,shared_clip100,0
bernstein,unaligned,0.1,117,0.8863636363636364,0.017030735789291936,0.0,"Noisy final-test audit, not population false-certification rate",gpt2_allocine,shared_clip100,0
bernstein,aligned,0.0,0,0.0,,,"Noisy final-test audit, not population false-certification rate",gpt2_allocine,shared_clip100,0
bernstein,aligned,0.01,0,0.0,,,"Noisy final-test audit, not population false-certification rate",gpt2_allocine,shared_clip100,0
bernstein,aligned,0.02,0,0.0,,,"Noisy final-test audit, not population false-certification rate",gpt2_allocine,shared_clip100,0
bernstein,aligned,0.05,132,1.0,0.0006948095577976338,0.0,"Noisy final-test audit, not population false-certification rate",gpt2_allocine,shared_clip100,0
bernstein,aligned,0.1,132,1.0,0.0006948095577976338,0.0,"Noisy final-test audit, not population false-certification rate",gpt2_allocine,shared_clip100,0
betting,unaligned,0.0,0,0.0,,,"Noisy final-test audit, not population false-certification rate",gpt2_allocine,shared_clip100,0
betting,unaligned,0.01,30,0.22727272727272727,0.002214987206624898,0.0,"Noisy final-test audit, not population false-certification rate",gpt2_allocine,shared_clip100,0
betting,unaligned,0.02,53,0.4015151515151515,0.004039472009594866,0.0,"Noisy final-test audit, not population false-certification rate",gpt2_allocine,shared_clip100,0
betting,unaligned,0.05,94,0.7121212121212122,0.010538731446648629,0.0,"Noisy final-test audit, not population false-certification rate",gpt2_allocine,shared_clip100,0
betting,unaligned,0.1,122,0.9242424242424242,0.019012747373766507,0.0,"Noisy final-test audit, not population false-certification rate",gpt2_allocine,shared_clip100,0
betting,aligned,0.0,0,0.0,,,"Noisy final-test audit, not population false-certification rate",gpt2_allocine,shared_clip100,0
betting,aligned,0.01,130,0.9848484848484849,0.0006640272984267992,0.0,"Noisy final-test audit, not population false-certification rate",gpt2_allocine,shared_clip100,0
betting,aligned,0.02,132,1.0,0.0006948095577976338,0.0,"Noisy final-test audit, not population false-certification rate",gpt2_allocine,shared_clip100,0
betting,aligned,0.05,132,1.0,0.0006948095577976338,0.0,"Noisy final-test audit, not population false-certification rate",gpt2_allocine,shared_clip100,0
betting,aligned,0.1,132,1.0,0.0006948095577976338,0.0,"Noisy final-test audit, not population false-certification rate",gpt2_allocine,shared_clip100,0
bernstein,unaligned,0.0,0,0.0,,,"Noisy final-test audit, not population false-certification rate",gpt2_allocine,shared_clip300,0
bernstein,unaligned,0.01,0,0.0,,,"Noisy final-test audit, not population false-certification rate",gpt2_allocine,shared_clip300,0
bernstein,unaligned,0.02,0,0.0,,,"Noisy final-test audit, not population false-certification rate",gpt2_allocine,shared_clip300,0
bernstein,unaligned,0.05,83,0.6287878787878788,0.007641918433390598,0.0,"Noisy final-test audit, not population false-certification rate",gpt2_allocine,shared_clip300,0
bernstein,unaligned,0.1,109,0.8257575757575758,0.012985517460356723,0.0,"Noisy final-test audit, not population false-certification rate",gpt2_allocine,shared_clip300,0
bernstein,aligned,0.0,0,0.0,,,"Noisy final-test audit, not population false-certification rate",gpt2_allocine,shared_clip300,0
bernstein,aligned,0.01,0,0.0,,,"Noisy final-test audit, not population false-certification rate",gpt2_allocine,shared_clip300,0
bernstein,aligned,0.02,0,0.0,,,"Noisy final-test audit, not population false-certification rate",gpt2_allocine,shared_clip300,0
bernstein,aligned,0.05,132,1.0,0.0008995583756587162,0.0,"Noisy final-test audit, not population false-certification rate",gpt2_allocine,shared_clip300,0
bernstein,aligned,0.1,132,1.0,0.0008995583756587162,0.0,"Noisy final-test audit, not population false-certification rate",gpt2_allocine,shared_clip300,0
betting,unaligned,0.0,0,0.0,,,"Noisy final-test audit, not population false-certification rate",gpt2_allocine,shared_clip300,0
betting,unaligned,0.01,31,0.23484848484848486,0.0019691941509191366,0.0,"Noisy final-test audit, not population false-certification rate",gpt2_allocine,shared_clip300,0
betting,unaligned,0.02,48,0.36363636363636365,0.003575482526662739,0.0,"Noisy final-test audit, not population false-certification rate",gpt2_allocine,shared_clip300,0
betting,unaligned,0.05,101,0.7651515151515151,0.010413399214737214,0.0,"Noisy final-test audit, not population false-certification rate",gpt2_allocine,shared_clip300,0
betting,unaligned,0.1,113,0.8560606060606061,0.014734630157758943,0.0,"Noisy final-test audit, not population false-certification rate",gpt2_allocine,shared_clip300,0
betting,aligned,0.0,0,0.0,,,"Noisy final-test audit, not population false-certification rate",gpt2_allocine,shared_clip300,0
betting,aligned,0.01,127,0.9621212121212122,0.0008170081220377378,0.0,"Noisy final-test audit, not population false-certification rate",gpt2_allocine,shared_clip300,0
betting,aligned,0.02,132,1.0,0.0008995583756587162,0.0,"Noisy final-test audit, not population false-certification rate",gpt2_allocine,shared_clip300,0
betting,aligned,0.05,132,1.0,0.0008995583756587162,0.0,"Noisy final-test audit, not population false-certification rate",gpt2_allocine,shared_clip300,0
betting,aligned,0.1,132,1.0,0.0008995583756587162,0.0,"Noisy final-test audit, not population false-certification rate",gpt2_allocine,shared_clip300,0
bernstein,unaligned,0.0,0,0.0,,,"Noisy final-test audit, not population false-certification rate",gpt2_allocine,separate_naive,0
bernstein,unaligned,0.01,0,0.0,,,"Noisy final-test audit, not population false-certification rate",gpt2_allocine,separate_naive,0
bernstein,unaligned,0.02,0,0.0,,,"Noisy final-test audit, not population false-certification rate",gpt2_allocine,separate_naive,0
bernstein,unaligned,0.05,107,0.8106060606060606,0.007213769250104656,0.0,"Noisy final-test audit, not population false-certification rate",gpt2_allocine,separate_naive,0
bernstein,unaligned,0.1,131,0.9924242424242424,0.011204545699227237,0.0,"Noisy final-test audit, not population false-certification rate",gpt2_allocine,separate_naive,0
bernstein,aligned,0.0,0,0.0,,,"Noisy final-test audit, not population false-certification rate",gpt2_allocine,separate_naive,0
bernstein,aligned,0.01,0,0.0,,,"Noisy final-test audit, not population false-certification rate",gpt2_allocine,separate_naive,0
bernstein,aligned,0.02,0,0.0,,,"Noisy final-test audit, not population false-certification rate",gpt2_allocine,separate_naive,0
bernstein,aligned,0.05,132,1.0,0.0017426789583707396,0.0,"Noisy final-test audit, not population false-certification rate",gpt2_allocine,separate_naive,0
bernstein,aligned,0.1,132,1.0,0.0017426789583707396,0.0,"Noisy final-test audit, not population false-certification rate",gpt2_allocine,separate_naive,0
betting,unaligned,0.0,0,0.0,,,"Noisy final-test audit, not population false-certification rate",gpt2_allocine,separate_naive,0
betting,unaligned,0.01,36,0.2727272727272727,0.0037287439901708772,0.0,"Noisy final-test audit, not population false-certification rate",gpt2_allocine,separate_naive,0
betting,unaligned,0.02,82,0.6212121212121212,0.005441429750959926,0.0,"Noisy final-test audit, not population false-certification rate",gpt2_allocine,separate_naive,0
betting,unaligned,0.05,123,0.9318181818181818,0.009047904181091651,0.0,"Noisy final-test audit, not population false-certification rate",gpt2_allocine,separate_naive,0
betting,unaligned,0.1,132,1.0,0.011611073826388171,0.0,"Noisy final-test audit, not population false-certification rate",gpt2_allocine,separate_naive,0
betting,aligned,0.0,0,0.0,,,"Noisy final-test audit, not population false-certification rate",gpt2_allocine,separate_naive,0
betting,aligned,0.01,112,0.8484848484848485,0.0009549539791124122,0.0,"Noisy final-test audit, not population false-certification rate",gpt2_allocine,separate_naive,0
betting,aligned,0.02,132,1.0,0.0017426789583707396,0.0,"Noisy final-test audit, not population false-certification rate",gpt2_allocine,separate_naive,0
betting,aligned,0.05,132,1.0,0.0017426789583707396,0.0,"Noisy final-test audit, not population false-certification rate",gpt2_allocine,separate_naive,0
betting,aligned,0.1,132,1.0,0.0017426789583707396,0.0,"Noisy final-test audit, not population false-certification rate",gpt2_allocine,separate_naive,0
bernstein,unaligned,0.0,0,0.0,,,"Noisy final-test audit, not population false-certification rate",gpt2_allocine,separate_lift,0
bernstein,unaligned,0.01,0,0.0,,,"Noisy final-test audit, not population false-certification rate",gpt2_allocine,separate_lift,0
bernstein,unaligned,0.02,0,0.0,,,"Noisy final-test audit, not population false-certification rate",gpt2_allocine,separate_lift,0
bernstein,unaligned,0.05,121,0.9166666666666666,0.0032692730218839713,0.0,"Noisy final-test audit, not population false-certification rate",gpt2_allocine,separate_lift,0
bernstein,unaligned,0.1,122,0.9242424242424242,0.0033842641186754554,0.0,"Noisy final-test audit, not population false-certification rate",gpt2_allocine,separate_lift,0
bernstein,aligned,0.0,0,0.0,,,"Noisy final-test audit, not population false-certification rate",gpt2_allocine,separate_lift,0
bernstein,aligned,0.01,0,0.0,,,"Noisy final-test audit, not population false-certification rate",gpt2_allocine,separate_lift,0
bernstein,aligned,0.02,0,0.0,,,"Noisy final-test audit, not population false-certification rate",gpt2_allocine,separate_lift,0
bernstein,aligned,0.05,132,1.0,0.0017426789583707396,0.0,"Noisy final-test audit, not population false-certification rate",gpt2_allocine,separate_lift,0
bernstein,aligned,0.1,132,1.0,0.0017426789583707396,0.0,"Noisy final-test audit, not population false-certification rate",gpt2_allocine,separate_lift,0
betting,unaligned,0.0,0,0.0,,,"Noisy final-test audit, not population false-certification rate",gpt2_allocine,separate_lift,0
betting,unaligned,0.01,76,0.5757575757575758,0.0010509871575626634,0.0,"Noisy final-test audit, not population false-certification rate",gpt2_allocine,separate_lift,0
betting,unaligned,0.02,113,0.8560606060606061,0.002667508758490036,0.0,"Noisy final-test audit, not population false-certification rate",gpt2_allocine,separate_lift,0
betting,unaligned,0.05,122,0.9242424242424242,0.0033842641186754554,0.0,"Noisy final-test audit, not population false-certification rate",gpt2_allocine,separate_lift,0
betting,unaligned,0.1,122,0.9242424242424242,0.0033842641186754554,0.0,"Noisy final-test audit, not population false-certification rate",gpt2_allocine,separate_lift,0
betting,aligned,0.0,0,0.0,,,"Noisy final-test audit, not population false-certification rate",gpt2_allocine,separate_lift,0
betting,aligned,0.01,112,0.8484848484848485,0.0009549539791124122,0.0,"Noisy final-test audit, not population false-certification rate",gpt2_allocine,separate_lift,0
betting,aligned,0.02,132,1.0,0.0017426789583707396,0.0,"Noisy final-test audit, not population false-certification rate",gpt2_allocine,separate_lift,0
betting,aligned,0.05,132,1.0,0.0017426789583707396,0.0,"Noisy final-test audit, not population false-certification rate",gpt2_allocine,separate_lift,0
betting,aligned,0.1,132,1.0,0.0017426789583707396,0.0,"Noisy final-test audit, not population false-certification rate",gpt2_allocine,separate_lift,0
bernstein,unaligned,0.0,0,0.0,,,"Noisy final-test audit, not population false-certification rate",gpt2_allocine,native_raw,1
bernstein,unaligned,0.01,0,0.0,,,"Noisy final-test audit, not population false-certification rate",gpt2_allocine,native_raw,1
bernstein,unaligned,0.02,0,0.0,,,"Noisy final-test audit, not population false-certification rate",gpt2_allocine,native_raw,1
bernstein,unaligned,0.05,53,0.4015151515151515,0.008265780727603558,0.0,"Noisy final-test audit, not population false-certification rate",gpt2_allocine,native_raw,1
bernstein,unaligned,0.1,93,0.7045454545454546,0.01777183609828221,0.0,"Noisy final-test audit, not population false-certification rate",gpt2_allocine,native_raw,1
bernstein,aligned,0.0,0,0.0,,,"Noisy final-test audit, not population false-certification rate",gpt2_allocine,native_raw,1
bernstein,aligned,0.01,0,0.0,,,"Noisy final-test audit, not population false-certification rate",gpt2_allocine,native_raw,1
bernstein,aligned,0.02,0,0.0,,,"Noisy final-test audit, not population false-certification rate",gpt2_allocine,native_raw,1
bernstein,aligned,0.05,132,1.0,0.002800723128437678,0.0,"Noisy final-test audit, not population false-certification rate",gpt2_allocine,native_raw,1
bernstein,aligned,0.1,132,1.0,0.002800723128437678,0.0,"Noisy final-test audit, not population false-certification rate",gpt2_allocine,native_raw,1
betting,unaligned,0.0,0,0.0,,,"Noisy final-test audit, not population false-certification rate",gpt2_allocine,native_raw,1
betting,unaligned,0.01,1,0.007575757575757576,0.002206034169653971,0.0,"Noisy final-test audit, not population false-certification rate",gpt2_allocine,native_raw,1
betting,unaligned,0.02,25,0.1893939393939394,0.005476882597456461,0.0,"Noisy final-test audit, not population false-certification rate",gpt2_allocine,native_raw,1
betting,unaligned,0.05,74,0.5606060606060606,0.01138855121907141,0.0,"Noisy final-test audit, not population false-certification rate",gpt2_allocine,native_raw,1
betting,unaligned,0.1,102,0.7727272727272727,0.022291509421015623,0.0,"Noisy final-test audit, not population false-certification rate",gpt2_allocine,native_raw,1
betting,aligned,0.0,0,0.0,,,"Noisy final-test audit, not population false-certification rate",gpt2_allocine,native_raw,1
betting,aligned,0.01,87,0.6590909090909091,0.0010919053114673497,0.0,"Noisy final-test audit, not population false-certification rate",gpt2_allocine,native_raw,1
betting,aligned,0.02,125,0.946969696969697,0.0023052351104146727,0.0,"Noisy final-test audit, not population false-certification rate",gpt2_allocine,native_raw,1
betting,aligned,0.05,132,1.0,0.002800723128437678,0.0,"Noisy final-test audit, not population false-certification rate",gpt2_allocine,native_raw,1
betting,aligned,0.1,132,1.0,0.002800723128437678,0.0,"Noisy final-test audit, not population false-certification rate",gpt2_allocine,native_raw,1
bernstein,unaligned,0.0,0,0.0,,,"Noisy final-test audit, not population false-certification rate",gpt2_allocine,shared_raw,1
bernstein,unaligned,0.01,0,0.0,,,"Noisy final-test audit, not population false-certification rate",gpt2_allocine,shared_raw,1
bernstein,unaligned,0.02,0,0.0,,,"Noisy final-test audit, not population false-certification rate",gpt2_allocine,shared_raw,1
bernstein,unaligned,0.05,80,0.6060606060606061,0.00439875221764532,0.0,"Noisy final-test audit, not population false-certification rate",gpt2_allocine,shared_raw,1
bernstein,unaligned,0.1,107,0.8106060606060606,0.010895430597743557,0.0,"Noisy final-test audit, not population false-certification rate",gpt2_allocine,shared_raw,1
bernstein,aligned,0.0,0,0.0,,,"Noisy final-test audit, not population false-certification rate",gpt2_allocine,shared_raw,1
bernstein,aligned,0.01,0,0.0,,,"Noisy final-test audit, not population false-certification rate",gpt2_allocine,shared_raw,1
bernstein,aligned,0.02,0,0.0,,,"Noisy final-test audit, not population false-certification rate",gpt2_allocine,shared_raw,1
bernstein,aligned,0.05,132,1.0,0.0010861318177210098,0.0,"Noisy final-test audit, not population false-certification rate",gpt2_allocine,shared_raw,1
bernstein,aligned,0.1,132,1.0,0.0010861318177210098,0.0,"Noisy final-test audit, not population false-certification rate",gpt2_allocine,shared_raw,1
betting,unaligned,0.0,0,0.0,,,"Noisy final-test audit, not population false-certification rate",gpt2_allocine,shared_raw,1
betting,unaligned,0.01,41,0.3106060606060606,0.0014750878341744963,0.0,"Noisy final-test audit, not population false-certification rate",gpt2_allocine,shared_raw,1
betting,unaligned,0.02,68,0.5151515151515151,0.002895133392985084,0.0,"Noisy final-test audit, not population false-certification rate",gpt2_allocine,shared_raw,1
betting,unaligned,0.05,99,0.75,0.0076921962500856285,0.0,"Noisy final-test audit, not population false-certification rate",gpt2_allocine,shared_raw,1
betting,unaligned,0.1,111,0.8409090909090909,0.012994793673766802,0.0,"Noisy final-test audit, not population false-certification rate",gpt2_allocine,shared_raw,1
betting,aligned,0.0,0,0.0,,,"Noisy final-test audit, not population false-certification rate",gpt2_allocine,shared_raw,1
betting,aligned,0.01,117,0.8863636363636364,0.0007302595149099334,0.0,"Noisy final-test audit, not population false-certification rate",gpt2_allocine,shared_raw,1
betting,aligned,0.02,132,1.0,0.0010861318177210098,0.0,"Noisy final-test audit, not population false-certification rate",gpt2_allocine,shared_raw,1
betting,aligned,0.05,132,1.0,0.0010861318177210098,0.0,"Noisy final-test audit, not population false-certification rate",gpt2_allocine,shared_raw,1
betting,aligned,0.1,132,1.0,0.0010861318177210098,0.0,"Noisy final-test audit, not population false-certification rate",gpt2_allocine,shared_raw,1
bernstein,unaligned,0.0,0,0.0,,,"Noisy final-test audit, not population false-certification rate",gpt2_allocine,shared_center,1
bernstein,unaligned,0.01,0,0.0,,,"Noisy final-test audit, not population false-certification rate",gpt2_allocine,shared_center,1
bernstein,unaligned,0.02,0,0.0,,,"Noisy final-test audit, not population false-certification rate",gpt2_allocine,shared_center,1
bernstein,unaligned,0.05,103,0.7803030303030303,0.003091957934553539,0.0,"Noisy final-test audit, not population false-certification rate",gpt2_allocine,shared_center,1
bernstein,unaligned,0.1,119,0.9015151515151515,0.0066795551049439236,0.0,"Noisy final-test audit, not population false-certification rate",gpt2_allocine,shared_center,1
bernstein,aligned,0.0,0,0.0,,,"Noisy final-test audit, not population false-certification rate",gpt2_allocine,shared_center,1
bernstein,aligned,0.01,0,0.0,,,"Noisy final-test audit, not population false-certification rate",gpt2_allocine,shared_center,1
bernstein,aligned,0.02,0,0.0,,,"Noisy final-test audit, not population false-certification rate",gpt2_allocine,shared_center,1
bernstein,aligned,0.05,132,1.0,0.001124667066900203,0.0,"Noisy final-test audit, not population false-certification rate",gpt2_allocine,shared_center,1
bernstein,aligned,0.1,132,1.0,0.001124667066900203,0.0,"Noisy final-test audit, not population false-certification rate",gpt2_allocine,shared_center,1
betting,unaligned,0.0,0,0.0,,,"Noisy final-test audit, not population false-certification rate",gpt2_allocine,shared_center,1
betting,unaligned,0.01,70,0.5303030303030303,0.0009507835220732755,0.0,"Noisy final-test audit, not population false-certification rate",gpt2_allocine,shared_center,1
betting,unaligned,0.02,96,0.7272727272727273,0.0022476132295859317,0.0,"Noisy final-test audit, not population false-certification rate",gpt2_allocine,shared_center,1
betting,unaligned,0.05,113,0.8560606060606061,0.0048071090880356685,0.0,"Noisy final-test audit, not population false-certification rate",gpt2_allocine,shared_center,1
betting,unaligned,0.1,120,0.9090909090909091,0.00723121871892094,0.0,"Noisy final-test audit, not population false-certification rate",gpt2_allocine,shared_center,1
betting,aligned,0.0,0,0.0,,,"Noisy final-test audit, not population false-certification rate",gpt2_allocine,shared_center,1
betting,aligned,0.01,117,0.8863636363636364,0.0007638974676356056,0.0,"Noisy final-test audit, not population false-certification rate",gpt2_allocine,shared_center,1
betting,aligned,0.02,132,1.0,0.001124667066900203,0.0,"Noisy final-test audit, not population false-certification rate",gpt2_allocine,shared_center,1
betting,aligned,0.05,132,1.0,0.001124667066900203,0.0,"Noisy final-test audit, not population false-certification rate",gpt2_allocine,shared_center,1
betting,aligned,0.1,132,1.0,0.001124667066900203,0.0,"Noisy final-test audit, not population false-certification rate",gpt2_allocine,shared_center,1
bernstein,unaligned,0.0,0,0.0,,,"Noisy final-test audit, not population false-certification rate",gpt2_allocine,shared_rms,1
bernstein,unaligned,0.01,0,0.0,,,"Noisy final-test audit, not population false-certification rate",gpt2_allocine,shared_rms,1
bernstein,unaligned,0.02,0,0.0,,,"Noisy final-test audit, not population false-certification rate",gpt2_allocine,shared_rms,1
bernstein,unaligned,0.05,113,0.8560606060606061,0.003198683141452111,0.0,"Noisy final-test audit, not population false-certification rate",gpt2_allocine,shared_rms,1
bernstein,unaligned,0.1,127,0.9621212121212122,0.005309274309779867,0.0,"Noisy final-test audit, not population false-certification rate",gpt2_allocine,shared_rms,1
bernstein,aligned,0.0,0,0.0,,,"Noisy final-test audit, not population false-certification rate",gpt2_allocine,shared_rms,1
bernstein,aligned,0.01,0,0.0,,,"Noisy final-test audit, not population false-certification rate",gpt2_allocine,shared_rms,1
bernstein,aligned,0.02,0,0.0,,,"Noisy final-test audit, not population false-certification rate",gpt2_allocine,shared_rms,1
bernstein,aligned,0.05,132,1.0,0.0008501186375953161,0.0,"Noisy final-test audit, not population false-certification rate",gpt2_allocine,shared_rms,1
bernstein,aligned,0.1,132,1.0,0.0008501186375953161,0.0,"Noisy final-test audit, not population false-certification rate",gpt2_allocine,shared_rms,1
betting,unaligned,0.0,0,0.0,,,"Noisy final-test audit, not population false-certification rate",gpt2_allocine,shared_rms,1
betting,unaligned,0.01,81,0.6136363636363636,0.0016390607175447562,0.0,"Noisy final-test audit, not population false-certification rate",gpt2_allocine,shared_rms,1
betting,unaligned,0.02,105,0.7954545454545454,0.0025007505570937005,0.0,"Noisy final-test audit, not population false-certification rate",gpt2_allocine,shared_rms,1
betting,unaligned,0.05,123,0.9318181818181818,0.004137730782067106,0.0,"Noisy final-test audit, not population false-certification rate",gpt2_allocine,shared_rms,1
betting,unaligned,0.1,132,1.0,0.0073079820583375355,0.0,"Noisy final-test audit, not population false-certification rate",gpt2_allocine,shared_rms,1
betting,aligned,0.0,0,0.0,,,"Noisy final-test audit, not population false-certification rate",gpt2_allocine,shared_rms,1
betting,aligned,0.01,127,0.9621212121212122,0.0007413723812915903,0.0,"Noisy final-test audit, not population false-certification rate",gpt2_allocine,shared_rms,1
betting,aligned,0.02,132,1.0,0.0008501186375953161,0.0,"Noisy final-test audit, not population false-certification rate",gpt2_allocine,shared_rms,1
betting,aligned,0.05,132,1.0,0.0008501186375953161,0.0,"Noisy final-test audit, not population false-certification rate",gpt2_allocine,shared_rms,1
betting,aligned,0.1,132,1.0,0.0008501186375953161,0.0,"Noisy final-test audit, not population false-certification rate",gpt2_allocine,shared_rms,1
bernstein,unaligned,0.0,0,0.0,,,"Noisy final-test audit, not population false-certification rate",gpt2_allocine,native_raw,2
bernstein,unaligned,0.01,0,0.0,,,"Noisy final-test audit, not population false-certification rate",gpt2_allocine,native_raw,2
bernstein,unaligned,0.02,0,0.0,,,"Noisy final-test audit, not population false-certification rate",gpt2_allocine,native_raw,2
bernstein,unaligned,0.05,78,0.5909090909090909,0.01015567915559035,0.0,"Noisy final-test audit, not population false-certification rate",gpt2_allocine,native_raw,2
bernstein,unaligned,0.1,97,0.7348484848484849,0.015326426338615891,0.0,"Noisy final-test audit, not population false-certification rate",gpt2_allocine,native_raw,2
bernstein,aligned,0.0,0,0.0,,,"Noisy final-test audit, not population false-certification rate",gpt2_allocine,native_raw,2
bernstein,aligned,0.01,0,0.0,,,"Noisy final-test audit, not population false-certification rate",gpt2_allocine,native_raw,2
bernstein,aligned,0.02,0,0.0,,,"Noisy final-test audit, not population false-certification rate",gpt2_allocine,native_raw,2
bernstein,aligned,0.05,132,1.0,0.0031593647527298494,0.0,"Noisy final-test audit, not population false-certification rate",gpt2_allocine,native_raw,2
bernstein,aligned,0.1,132,1.0,0.0031593647527298494,0.0,"Noisy final-test audit, not population false-certification rate",gpt2_allocine,native_raw,2
betting,unaligned,0.0,0,0.0,,,"Noisy final-test audit, not population false-certification rate",gpt2_allocine,native_raw,2
betting,unaligned,0.01,4,0.030303030303030304,0.0031471876011487277,0.0,"Noisy final-test audit, not population false-certification rate",gpt2_allocine,native_raw,2
betting,unaligned,0.02,57,0.4318181818181818,0.008766429702452738,0.0,"Noisy final-test audit, not population false-certification rate",gpt2_allocine,native_raw,2
betting,unaligned,0.05,86,0.6515151515151515,0.0114134183415156,0.0,"Noisy final-test audit, not population false-certification rate",gpt2_allocine,native_raw,2
betting,unaligned,0.1,104,0.7878787878787878,0.018634865063212505,0.0,"Noisy final-test audit, not population false-certification rate",gpt2_allocine,native_raw,2
betting,aligned,0.0,0,0.0,,,"Noisy final-test audit, not population false-certification rate",gpt2_allocine,native_raw,2
betting,aligned,0.01,91,0.6893939393939394,0.0013565903903905894,0.0,"Noisy final-test audit, not population false-certification rate",gpt2_allocine,native_raw,2
betting,aligned,0.02,126,0.9545454545454546,0.0026807973952575935,0.0,"Noisy final-test audit, not population false-certification rate",gpt2_allocine,native_raw,2
betting,aligned,0.05,132,1.0,0.0031593647527298494,0.0,"Noisy final-test audit, not population false-certification rate",gpt2_allocine,native_raw,2
betting,aligned,0.1,132,1.0,0.0031593647527298494,0.0,"Noisy final-test audit, not population false-certification rate",gpt2_allocine,native_raw,2
bernstein,unaligned,0.0,0,0.0,,,"Noisy final-test audit, not population false-certification rate",gpt2_allocine,shared_raw,2
bernstein,unaligned,0.01,0,0.0,,,"Noisy final-test audit, not population false-certification rate",gpt2_allocine,shared_raw,2
bernstein,unaligned,0.02,0,0.0,,,"Noisy final-test audit, not population false-certification rate",gpt2_allocine,shared_raw,2
bernstein,unaligned,0.05,90,0.6818181818181818,0.005821330963323706,0.0,"Noisy final-test audit, not population false-certification rate",gpt2_allocine,shared_raw,2
bernstein,unaligned,0.1,112,0.8484848484848485,0.011125330294066175,0.0,"Noisy final-test audit, not population false-certification rate",gpt2_allocine,shared_raw,2
bernstein,aligned,0.0,0,0.0,,,"Noisy final-test audit, not population false-certification rate",gpt2_allocine,shared_raw,2
bernstein,aligned,0.01,0,0.0,,,"Noisy final-test audit, not population false-certification rate",gpt2_allocine,shared_raw,2
bernstein,aligned,0.02,0,0.0,,,"Noisy final-test audit, not population false-certification rate",gpt2_allocine,shared_raw,2
bernstein,aligned,0.05,132,1.0,0.001308798258088996,0.0,"Noisy final-test audit, not population false-certification rate",gpt2_allocine,shared_raw,2
bernstein,aligned,0.1,132,1.0,0.001308798258088996,0.0,"Noisy final-test audit, not population false-certification rate",gpt2_allocine,shared_raw,2
betting,unaligned,0.0,0,0.0,,,"Noisy final-test audit, not population false-certification rate",gpt2_allocine,shared_raw,2
betting,unaligned,0.01,41,0.3106060606060606,0.002285125503288801,0.0,"Noisy final-test audit, not population false-certification rate",gpt2_allocine,shared_raw,2
betting,unaligned,0.02,75,0.5681818181818182,0.004308969410887993,0.0,"Noisy final-test audit, not population false-certification rate",gpt2_allocine,shared_raw,2
betting,unaligned,0.05,102,0.7727272727272727,0.007848428209678222,0.0,"Noisy final-test audit, not population false-certification rate",gpt2_allocine,shared_raw,2
betting,unaligned,0.1,114,0.8636363636363636,0.01209580000475793,0.0,"Noisy final-test audit, not population false-certification rate",gpt2_allocine,shared_raw,2
betting,aligned,0.0,0,0.0,,,"Noisy final-test audit, not population false-certification rate",gpt2_allocine,shared_raw,2
betting,aligned,0.01,120,0.9090909090909091,0.0008503397463345538,0.0,"Noisy final-test audit, not population false-certification rate",gpt2_allocine,shared_raw,2
betting,aligned,0.02,132,1.0,0.001308798258088996,0.0,"Noisy final-test audit, not population false-certification rate",gpt2_allocine,shared_raw,2
betting,aligned,0.05,132,1.0,0.001308798258088996,0.0,"Noisy final-test audit, not population false-certification rate",gpt2_allocine,shared_raw,2
betting,aligned,0.1,132,1.0,0.001308798258088996,0.0,"Noisy final-test audit, not population false-certification rate",gpt2_allocine,shared_raw,2
bernstein,unaligned,0.0,0,0.0,,,"Noisy final-test audit, not population false-certification rate",gpt2_allocine,shared_center,2
bernstein,unaligned,0.01,0,0.0,,,"Noisy final-test audit, not population false-certification rate",gpt2_allocine,shared_center,2
bernstein,unaligned,0.02,0,0.0,,,"Noisy final-test audit, not population false-certification rate",gpt2_allocine,shared_center,2
bernstein,unaligned,0.05,105,0.7954545454545454,0.0036306690824497575,0.0,"Noisy final-test audit, not population false-certification rate",gpt2_allocine,shared_center,2
bernstein,unaligned,0.1,122,0.9242424242424242,0.008200183083704224,0.0,"Noisy final-test audit, not population false-certification rate",gpt2_allocine,shared_center,2
bernstein,aligned,0.0,0,0.0,,,"Noisy final-test audit, not population false-certification rate",gpt2_allocine,shared_center,2
bernstein,aligned,0.01,0,0.0,,,"Noisy final-test audit, not population false-certification rate",gpt2_allocine,shared_center,2
bernstein,aligned,0.02,0,0.0,,,"Noisy final-test audit, not population false-certification rate",gpt2_allocine,shared_center,2
bernstein,aligned,0.05,132,1.0,0.0012909513520886534,0.0,"Noisy final-test audit, not population false-certification rate",gpt2_allocine,shared_center,2
bernstein,aligned,0.1,132,1.0,0.0012909513520886534,0.0,"Noisy final-test audit, not population false-certification rate",gpt2_allocine,shared_center,2
betting,unaligned,0.0,0,0.0,,,"Noisy final-test audit, not population false-certification rate",gpt2_allocine,shared_center,2
betting,unaligned,0.01,72,0.5454545454545454,0.001403365643741306,0.0,"Noisy final-test audit, not population false-certification rate",gpt2_allocine,shared_center,2
betting,unaligned,0.02,95,0.7196969696969697,0.00253137560148002,0.0,"Noisy final-test audit, not population false-certification rate",gpt2_allocine,shared_center,2
betting,unaligned,0.05,115,0.8712121212121212,0.0056545892365003955,0.0,"Noisy final-test audit, not population false-certification rate",gpt2_allocine,shared_center,2
betting,unaligned,0.1,124,0.9393939393939394,0.009263692913945942,0.0,"Noisy final-test audit, not population false-certification rate",gpt2_allocine,shared_center,2
betting,aligned,0.0,0,0.0,,,"Noisy final-test audit, not population false-certification rate",gpt2_allocine,shared_center,2
betting,aligned,0.01,120,0.9090909090909091,0.0008227239399057686,0.0,"Noisy final-test audit, not population false-certification rate",gpt2_allocine,shared_center,2
betting,aligned,0.02,132,1.0,0.0012909513520886534,0.0,"Noisy final-test audit, not population false-certification rate",gpt2_allocine,shared_center,2
betting,aligned,0.05,132,1.0,0.0012909513520886534,0.0,"Noisy final-test audit, not population false-certification rate",gpt2_allocine,shared_center,2
betting,aligned,0.1,132,1.0,0.0012909513520886534,0.0,"Noisy final-test audit, not population false-certification rate",gpt2_allocine,shared_center,2
bernstein,unaligned,0.0,0,0.0,,,"Noisy final-test audit, not population false-certification rate",gpt2_allocine,shared_rms,2
bernstein,unaligned,0.01,0,0.0,,,"Noisy final-test audit, not population false-certification rate",gpt2_allocine,shared_rms,2
bernstein,unaligned,0.02,0,0.0,,,"Noisy final-test audit, not population false-certification rate",gpt2_allocine,shared_rms,2
bernstein,unaligned,0.05,122,0.9242424242424242,0.00400471051756569,0.0,"Noisy final-test audit, not population false-certification rate",gpt2_allocine,shared_rms,2
bernstein,unaligned,0.1,130,0.9848484848484849,0.006230057610018034,0.0,"Noisy final-test audit, not population false-certification rate",gpt2_allocine,shared_rms,2
bernstein,aligned,0.0,0,0.0,,,"Noisy final-test audit, not population false-certification rate",gpt2_allocine,shared_rms,2
bernstein,aligned,0.01,0,0.0,,,"Noisy final-test audit, not population false-certification rate",gpt2_allocine,shared_rms,2
bernstein,aligned,0.02,0,0.0,,,"Noisy final-test audit, not population false-certification rate",gpt2_allocine,shared_rms,2
bernstein,aligned,0.05,132,1.0,0.0008160688174246501,0.0,"Noisy final-test audit, not population false-certification rate",gpt2_allocine,shared_rms,2
bernstein,aligned,0.1,132,1.0,0.0008160688174246501,0.0,"Noisy final-test audit, not population false-certification rate",gpt2_allocine,shared_rms,2
betting,unaligned,0.0,0,0.0,,,"Noisy final-test audit, not population false-certification rate",gpt2_allocine,shared_rms,2
betting,unaligned,0.01,80,0.6060606060606061,0.0018556189076447214,0.0,"Noisy final-test audit, not population false-certification rate",gpt2_allocine,shared_rms,2
betting,unaligned,0.02,118,0.8939393939393939,0.0035362328601352497,0.0,"Noisy final-test audit, not population false-certification rate",gpt2_allocine,shared_rms,2
betting,unaligned,0.05,124,0.9393939393939394,0.004339075885448261,0.0,"Noisy final-test audit, not population false-certification rate",gpt2_allocine,shared_rms,2
betting,unaligned,0.1,132,1.0,0.007018291694591579,0.0,"Noisy final-test audit, not population false-certification rate",gpt2_allocine,shared_rms,2
betting,aligned,0.0,0,0.0,,,"Noisy final-test audit, not population false-certification rate",gpt2_allocine,shared_rms,2
betting,aligned,0.01,124,0.9393939393939394,0.0006230686989465055,0.0,"Noisy final-test audit, not population false-certification rate",gpt2_allocine,shared_rms,2
betting,aligned,0.02,132,1.0,0.0008160688174246501,0.0,"Noisy final-test audit, not population false-certification rate",gpt2_allocine,shared_rms,2
betting,aligned,0.05,132,1.0,0.0008160688174246501,0.0,"Noisy final-test audit, not population false-certification rate",gpt2_allocine,shared_rms,2
betting,aligned,0.1,132,1.0,0.0008160688174246501,0.0,"Noisy final-test audit, not population false-certification rate",gpt2_allocine,shared_rms,2
bernstein,unaligned,0.0,0,0.0,,,"Noisy final-test audit, not population false-certification rate",gpt2_nll,native_raw,0
bernstein,unaligned,0.01,0,0.0,,,"Noisy final-test audit, not population false-certification rate",gpt2_nll,native_raw,0
bernstein,unaligned,0.02,0,0.0,,,"Noisy final-test audit, not population false-certification rate",gpt2_nll,native_raw,0
bernstein,unaligned,0.05,84,0.6363636363636364,0.012030870512860226,0.0,"Noisy final-test audit, not population false-certification rate",gpt2_nll,native_raw,0
bernstein,unaligned,0.1,108,0.8181818181818182,0.01866995305938313,0.0,"Noisy final-test audit, not population false-certification rate",gpt2_nll,native_raw,0
bernstein,aligned,0.0,0,0.0,,,"Noisy final-test audit, not population false-certification rate",gpt2_nll,native_raw,0
bernstein,aligned,0.01,0,0.0,,,"Noisy final-test audit, not population false-certification rate",gpt2_nll,native_raw,0
bernstein,aligned,0.02,0,0.0,,,"Noisy final-test audit, not population false-certification rate",gpt2_nll,native_raw,0
bernstein,aligned,0.05,132,1.0,0.0009010133618319888,0.0,"Noisy final-test audit, not population false-certification rate",gpt2_nll,native_raw,0
bernstein,aligned,0.1,132,1.0,0.0009010133618319888,0.0,"Noisy final-test audit, not population false-certification rate",gpt2_nll,native_raw,0
betting,unaligned,0.0,0,0.0,,,"Noisy final-test audit, not population false-certification rate",gpt2_nll,native_raw,0
betting,unaligned,0.01,25,0.1893939393939394,0.0030044388525932806,0.0,"Noisy final-test audit, not population false-certification rate",gpt2_nll,native_raw,0
betting,unaligned,0.02,53,0.4015151515151515,0.006805853662473117,0.0,"Noisy final-test audit, not population false-certification rate",gpt2_nll,native_raw,0
betting,unaligned,0.05,99,0.75,0.015076125204404803,0.0,"Noisy final-test audit, not population false-certification rate",gpt2_nll,native_raw,0
betting,unaligned,0.1,118,0.8939393939393939,0.02348507138745471,0.0,"Noisy final-test audit, not population false-certification rate",gpt2_nll,native_raw,0
betting,aligned,0.0,0,0.0,,,"Noisy final-test audit, not population false-certification rate",gpt2_nll,native_raw,0
betting,aligned,0.01,132,1.0,0.0009010133618319888,0.0,"Noisy final-test audit, not population false-certification rate",gpt2_nll,native_raw,0
betting,aligned,0.02,132,1.0,0.0009010133618319888,0.0,"Noisy final-test audit, not population false-certification rate",gpt2_nll,native_raw,0
betting,aligned,0.05,132,1.0,0.0009010133618319888,0.0,"Noisy final-test audit, not population false-certification rate",gpt2_nll,native_raw,0
betting,aligned,0.1,132,1.0,0.0009010133618319888,0.0,"Noisy final-test audit, not population false-certification rate",gpt2_nll,native_raw,0
bernstein,unaligned,0.0,0,0.0,,,"Noisy final-test audit, not population false-certification rate",gpt2_nll,shared_raw,0
bernstein,unaligned,0.01,0,0.0,,,"Noisy final-test audit, not population false-certification rate",gpt2_nll,shared_raw,0
bernstein,unaligned,0.02,0,0.0,,,"Noisy final-test audit, not population false-certification rate",gpt2_nll,shared_raw,0
bernstein,unaligned,0.05,78,0.5909090909090909,0.010423152610182266,0.0,"Noisy final-test audit, not population false-certification rate",gpt2_nll,shared_raw,0
bernstein,unaligned,0.1,107,0.8106060606060606,0.01804909963894859,0.0,"Noisy final-test audit, not population false-certification rate",gpt2_nll,shared_raw,0
bernstein,aligned,0.0,0,0.0,,,"Noisy final-test audit, not population false-certification rate",gpt2_nll,shared_raw,0
bernstein,aligned,0.01,0,0.0,,,"Noisy final-test audit, not population false-certification rate",gpt2_nll,shared_raw,0
bernstein,aligned,0.02,0,0.0,,,"Noisy final-test audit, not population false-certification rate",gpt2_nll,shared_raw,0
bernstein,aligned,0.05,132,1.0,0.0009265128304095956,0.0,"Noisy final-test audit, not population false-certification rate",gpt2_nll,shared_raw,0
bernstein,aligned,0.1,132,1.0,0.0009265128304095956,0.0,"Noisy final-test audit, not population false-certification rate",gpt2_nll,shared_raw,0
betting,unaligned,0.0,0,0.0,,,"Noisy final-test audit, not population false-certification rate",gpt2_nll,shared_raw,0
betting,unaligned,0.01,29,0.2196969696969697,0.0026055000031237766,0.0,"Noisy final-test audit, not population false-certification rate",gpt2_nll,shared_raw,0
betting,unaligned,0.02,55,0.4166666666666667,0.0057228549817912935,0.0,"Noisy final-test audit, not population false-certification rate",gpt2_nll,shared_raw,0
betting,unaligned,0.05,98,0.7424242424242424,0.014463657096907015,0.0,"Noisy final-test audit, not population false-certification rate",gpt2_nll,shared_raw,0
betting,unaligned,0.1,119,0.9015151515151515,0.02367247781606155,0.0,"Noisy final-test audit, not population false-certification rate",gpt2_nll,shared_raw,0
betting,aligned,0.0,0,0.0,,,"Noisy final-test audit, not population false-certification rate",gpt2_nll,shared_raw,0
betting,aligned,0.01,132,1.0,0.0009265128304095956,0.0,"Noisy final-test audit, not population false-certification rate",gpt2_nll,shared_raw,0
betting,aligned,0.02,132,1.0,0.0009265128304095956,0.0,"Noisy final-test audit, not population false-certification rate",gpt2_nll,shared_raw,0
betting,aligned,0.05,132,1.0,0.0009265128304095956,0.0,"Noisy final-test audit, not population false-certification rate",gpt2_nll,shared_raw,0
betting,aligned,0.1,132,1.0,0.0009265128304095956,0.0,"Noisy final-test audit, not population false-certification rate",gpt2_nll,shared_raw,0
bernstein,unaligned,0.0,0,0.0,,,"Noisy final-test audit, not population false-certification rate",gpt2_nll,shared_center,0
bernstein,unaligned,0.01,0,0.0,,,"Noisy final-test audit, not population false-certification rate",gpt2_nll,shared_center,0
bernstein,unaligned,0.02,0,0.0,,,"Noisy final-test audit, not population false-certification rate",gpt2_nll,shared_center,0
bernstein,unaligned,0.05,96,0.7272727272727273,0.008884736293899438,0.0,"Noisy final-test audit, not population false-certification rate",gpt2_nll,shared_center,0
bernstein,unaligned,0.1,114,0.8636363636363636,0.015947643789040716,0.0,"Noisy final-test audit, not population false-certification rate",gpt2_nll,shared_center,0
bernstein,aligned,0.0,0,0.0,,,"Noisy final-test audit, not population false-certification rate",gpt2_nll,shared_center,0
bernstein,aligned,0.01,0,0.0,,,"Noisy final-test audit, not population false-certification rate",gpt2_nll,shared_center,0
bernstein,aligned,0.02,0,0.0,,,"Noisy final-test audit, not population false-certification rate",gpt2_nll,shared_center,0
bernstein,aligned,0.05,132,1.0,0.0009250026327340566,0.0,"Noisy final-test audit, not population false-certification rate",gpt2_nll,shared_center,0
bernstein,aligned,0.1,132,1.0,0.0009250026327340566,0.0,"Noisy final-test audit, not population false-certification rate",gpt2_nll,shared_center,0
betting,unaligned,0.0,0,0.0,,,"Noisy final-test audit, not population false-certification rate",gpt2_nll,shared_center,0
betting,unaligned,0.01,35,0.26515151515151514,0.0024380837984760025,0.0,"Noisy final-test audit, not population false-certification rate",gpt2_nll,shared_center,0
betting,unaligned,0.02,80,0.6060606060606061,0.0069197120919279684,0.0,"Noisy final-test audit, not population false-certification rate",gpt2_nll,shared_center,0
betting,unaligned,0.05,100,0.7575757575757576,0.010043435642884981,0.0,"Noisy final-test audit, not population false-certification rate",gpt2_nll,shared_center,0
betting,unaligned,0.1,122,0.9242424242424242,0.01982981801406985,0.0,"Noisy final-test audit, not population false-certification rate",gpt2_nll,shared_center,0
betting,aligned,0.0,0,0.0,,,"Noisy final-test audit, not population false-certification rate",gpt2_nll,shared_center,0
betting,aligned,0.01,132,1.0,0.0009250026327340566,0.0,"Noisy final-test audit, not population false-certification rate",gpt2_nll,shared_center,0
betting,aligned,0.02,132,1.0,0.0009250026327340566,0.0,"Noisy final-test audit, not population false-certification rate",gpt2_nll,shared_center,0
betting,aligned,0.05,132,1.0,0.0009250026327340566,0.0,"Noisy final-test audit, not population false-certification rate",gpt2_nll,shared_center,0
betting,aligned,0.1,132,1.0,0.0009250026327340566,0.0,"Noisy final-test audit, not population false-certification rate",gpt2_nll,shared_center,0
bernstein,unaligned,0.0,0,0.0,,,"Noisy final-test audit, not population false-certification rate",gpt2_nll,shared_rms,0
bernstein,unaligned,0.01,0,0.0,,,"Noisy final-test audit, not population false-certification rate",gpt2_nll,shared_rms,0
bernstein,unaligned,0.02,0,0.0,,,"Noisy final-test audit, not population false-certification rate",gpt2_nll,shared_rms,0
bernstein,unaligned,0.05,95,0.7196969696969697,0.009545036190125578,0.0,"Noisy final-test audit, not population false-certification rate",gpt2_nll,shared_rms,0
bernstein,unaligned,0.1,117,0.8863636363636364,0.017059779834065356,0.0,"Noisy final-test audit, not population false-certification rate",gpt2_nll,shared_rms,0
bernstein,aligned,0.0,0,0.0,,,"Noisy final-test audit, not population false-certification rate",gpt2_nll,shared_rms,0
bernstein,aligned,0.01,0,0.0,,,"Noisy final-test audit, not population false-certification rate",gpt2_nll,shared_rms,0
bernstein,aligned,0.02,0,0.0,,,"Noisy final-test audit, not population false-certification rate",gpt2_nll,shared_rms,0
bernstein,aligned,0.05,132,1.0,0.0009260709166809417,0.0,"Noisy final-test audit, not population false-certification rate",gpt2_nll,shared_rms,0
bernstein,aligned,0.1,132,1.0,0.0009260709166809417,0.0,"Noisy final-test audit, not population false-certification rate",gpt2_nll,shared_rms,0
betting,unaligned,0.0,0,0.0,,,"Noisy final-test audit, not population false-certification rate",gpt2_nll,shared_rms,0
betting,unaligned,0.01,26,0.19696969696969696,0.0020553425366573773,0.0,"Noisy final-test audit, not population false-certification rate",gpt2_nll,shared_rms,0
betting,unaligned,0.02,81,0.6136363636363636,0.007942048354992808,0.0,"Noisy final-test audit, not population false-certification rate",gpt2_nll,shared_rms,0
betting,unaligned,0.05,103,0.7803030303030303,0.01147352310993605,0.0,"Noisy final-test audit, not population false-certification rate",gpt2_nll,shared_rms,0
betting,unaligned,0.1,121,0.9166666666666666,0.019035318332033514,0.0,"Noisy final-test audit, not population false-certification rate",gpt2_nll,shared_rms,0
betting,aligned,0.0,0,0.0,,,"Noisy final-test audit, not population false-certification rate",gpt2_nll,shared_rms,0
betting,aligned,0.01,132,1.0,0.0009260709166809417,0.0,"Noisy final-test audit, not population false-certification rate",gpt2_nll,shared_rms,0
betting,aligned,0.02,132,1.0,0.0009260709166809417,0.0,"Noisy final-test audit, not population false-certification rate",gpt2_nll,shared_rms,0
betting,aligned,0.05,132,1.0,0.0009260709166809417,0.0,"Noisy final-test audit, not population false-certification rate",gpt2_nll,shared_rms,0
betting,aligned,0.1,132,1.0,0.0009260709166809417,0.0,"Noisy final-test audit, not population false-certification rate",gpt2_nll,shared_rms,0
bernstein,unaligned,0.0,0,0.0,,,"Noisy final-test audit, not population false-certification rate",gpt2_nll,shared_unit,0
bernstein,unaligned,0.01,0,0.0,,,"Noisy final-test audit, not population false-certification rate",gpt2_nll,shared_unit,0
bernstein,unaligned,0.02,0,0.0,,,"Noisy final-test audit, not population false-certification rate",gpt2_nll,shared_unit,0
bernstein,unaligned,0.05,100,0.7575757575757576,0.007216644066051719,0.0,"Noisy final-test audit, not population false-certification rate",gpt2_nll,shared_unit,0
bernstein,unaligned,0.1,126,0.9545454545454546,0.014784421995226378,0.0,"Noisy final-test audit, not population false-certification rate",gpt2_nll,shared_unit,0
bernstein,aligned,0.0,0,0.0,,,"Noisy final-test audit, not population false-certification rate",gpt2_nll,shared_unit,0
bernstein,aligned,0.01,0,0.0,,,"Noisy final-test audit, not population false-certification rate",gpt2_nll,shared_unit,0
bernstein,aligned,0.02,0,0.0,,,"Noisy final-test audit, not population false-certification rate",gpt2_nll,shared_unit,0
bernstein,aligned,0.05,132,1.0,0.0007508752468009338,0.0,"Noisy final-test audit, not population false-certification rate",gpt2_nll,shared_unit,0
bernstein,aligned,0.1,132,1.0,0.0007508752468009338,0.0,"Noisy final-test audit, not population false-certification rate",gpt2_nll,shared_unit,0
betting,unaligned,0.0,0,0.0,,,"Noisy final-test audit, not population false-certification rate",gpt2_nll,shared_unit,0
betting,unaligned,0.01,46,0.3484848484848485,0.0027289953253459903,0.0,"Noisy final-test audit, not population false-certification rate",gpt2_nll,shared_unit,0
betting,unaligned,0.02,91,0.6893939393939394,0.005969964379903945,0.0,"Noisy final-test audit, not population false-certification rate",gpt2_nll,shared_unit,0
betting,unaligned,0.05,110,0.8333333333333334,0.00978079416473575,0.0,"Noisy final-test audit, not population false-certification rate",gpt2_nll,shared_unit,0
betting,unaligned,0.1,128,0.9696969696969697,0.01594267745733548,0.0,"Noisy final-test audit, not population false-certification rate",gpt2_nll,shared_unit,0
betting,aligned,0.0,0,0.0,,,"Noisy final-test audit, not population false-certification rate",gpt2_nll,shared_unit,0
betting,aligned,0.01,132,1.0,0.0007508752468009338,0.0,"Noisy final-test audit, not population false-certification rate",gpt2_nll,shared_unit,0
betting,aligned,0.02,132,1.0,0.0007508752468009338,0.0,"Noisy final-test audit, not population false-certification rate",gpt2_nll,shared_unit,0
betting,aligned,0.05,132,1.0,0.0007508752468009338,0.0,"Noisy final-test audit, not population false-certification rate",gpt2_nll,shared_unit,0
betting,aligned,0.1,132,1.0,0.0007508752468009338,0.0,"Noisy final-test audit, not population false-certification rate",gpt2_nll,shared_unit,0
bernstein,unaligned,0.0,0,0.0,,,"Noisy final-test audit, not population false-certification rate",gpt2_nll,shared_clip100,0
bernstein,unaligned,0.01,0,0.0,,,"Noisy final-test audit, not population false-certification rate",gpt2_nll,shared_clip100,0
bernstein,unaligned,0.02,0,0.0,,,"Noisy final-test audit, not population false-certification rate",gpt2_nll,shared_clip100,0
bernstein,unaligned,0.05,74,0.5606060606060606,0.008801230892088781,0.0,"Noisy final-test audit, not population false-certification rate",gpt2_nll,shared_clip100,0
bernstein,unaligned,0.1,125,0.946969696969697,0.02350344245106775,0.0,"Noisy final-test audit, not population false-certification rate",gpt2_nll,shared_clip100,0
bernstein,aligned,0.0,0,0.0,,,"Noisy final-test audit, not population false-certification rate",gpt2_nll,shared_clip100,0
bernstein,aligned,0.01,0,0.0,,,"Noisy final-test audit, not population false-certification rate",gpt2_nll,shared_clip100,0
bernstein,aligned,0.02,0,0.0,,,"Noisy final-test audit, not population false-certification rate",gpt2_nll,shared_clip100,0
bernstein,aligned,0.05,132,1.0,0.0007705884318362703,0.0,"Noisy final-test audit, not population false-certification rate",gpt2_nll,shared_clip100,0
bernstein,aligned,0.1,132,1.0,0.0007705884318362703,0.0,"Noisy final-test audit, not population false-certification rate",gpt2_nll,shared_clip100,0
betting,unaligned,0.0,0,0.0,,,"Noisy final-test audit, not population false-certification rate",gpt2_nll,shared_clip100,0
betting,unaligned,0.01,31,0.23484848484848486,0.002381314349113972,0.0,"Noisy final-test audit, not population false-certification rate",gpt2_nll,shared_clip100,0
betting,unaligned,0.02,58,0.4393939393939394,0.0059022483466691245,0.0,"Noisy final-test audit, not population false-certification rate",gpt2_nll,shared_clip100,0
betting,unaligned,0.05,95,0.7196969696969697,0.014653840829771123,0.0,"Noisy final-test audit, not population false-certification rate",gpt2_nll,shared_clip100,0
betting,unaligned,0.1,125,0.946969696969697,0.02350344245106775,0.0,"Noisy final-test audit, not population false-certification rate",gpt2_nll,shared_clip100,0
betting,aligned,0.0,0,0.0,,,"Noisy final-test audit, not population false-certification rate",gpt2_nll,shared_clip100,0
betting,aligned,0.01,132,1.0,0.0007705884318362703,0.0,"Noisy final-test audit, not population false-certification rate",gpt2_nll,shared_clip100,0
betting,aligned,0.02,132,1.0,0.0007705884318362703,0.0,"Noisy final-test audit, not population false-certification rate",gpt2_nll,shared_clip100,0
betting,aligned,0.05,132,1.0,0.0007705884318362703,0.0,"Noisy final-test audit, not population false-certification rate",gpt2_nll,shared_clip100,0
betting,aligned,0.1,132,1.0,0.0007705884318362703,0.0,"Noisy final-test audit, not population false-certification rate",gpt2_nll,shared_clip100,0
bernstein,unaligned,0.0,0,0.0,,,"Noisy final-test audit, not population false-certification rate",gpt2_nll,shared_clip300,0
bernstein,unaligned,0.01,0,0.0,,,"Noisy final-test audit, not population false-certification rate",gpt2_nll,shared_clip300,0
bernstein,unaligned,0.02,0,0.0,,,"Noisy final-test audit, not population false-certification rate",gpt2_nll,shared_clip300,0
bernstein,unaligned,0.05,71,0.5378787878787878,0.00890420098794996,0.0,"Noisy final-test audit, not population false-certification rate",gpt2_nll,shared_clip300,0
bernstein,unaligned,0.1,106,0.803030303030303,0.018528926074426424,0.0,"Noisy final-test audit, not population false-certification rate",gpt2_nll,shared_clip300,0
bernstein,aligned,0.0,0,0.0,,,"Noisy final-test audit, not population false-certification rate",gpt2_nll,shared_clip300,0
bernstein,aligned,0.01,0,0.0,,,"Noisy final-test audit, not population false-certification rate",gpt2_nll,shared_clip300,0
bernstein,aligned,0.02,0,0.0,,,"Noisy final-test audit, not population false-certification rate",gpt2_nll,shared_clip300,0
bernstein,aligned,0.05,132,1.0,0.0008538356189774846,0.0,"Noisy final-test audit, not population false-certification rate",gpt2_nll,shared_clip300,0
bernstein,aligned,0.1,132,1.0,0.0008538356189774846,0.0,"Noisy final-test audit, not population false-certification rate",gpt2_nll,shared_clip300,0
betting,unaligned,0.0,0,0.0,,,"Noisy final-test audit, not population false-certification rate",gpt2_nll,shared_clip300,0
betting,unaligned,0.01,31,0.23484848484848486,0.00272668682083603,0.0,"Noisy final-test audit, not population false-certification rate",gpt2_nll,shared_clip300,0
betting,unaligned,0.02,56,0.42424242424242425,0.005725600811014378,0.0,"Noisy final-test audit, not population false-certification rate",gpt2_nll,shared_clip300,0
betting,unaligned,0.05,100,0.7575757575757576,0.016070161144297733,0.0,"Noisy final-test audit, not population false-certification rate",gpt2_nll,shared_clip300,0
betting,unaligned,0.1,118,0.8939393939393939,0.024039806710361888,0.0,"Noisy final-test audit, not population false-certification rate",gpt2_nll,shared_clip300,0
betting,aligned,0.0,0,0.0,,,"Noisy final-test audit, not population false-certification rate",gpt2_nll,shared_clip300,0
betting,aligned,0.01,132,1.0,0.0008538356189774846,0.0,"Noisy final-test audit, not population false-certification rate",gpt2_nll,shared_clip300,0
betting,aligned,0.02,132,1.0,0.0008538356189774846,0.0,"Noisy final-test audit, not population false-certification rate",gpt2_nll,shared_clip300,0
betting,aligned,0.05,132,1.0,0.0008538356189774846,0.0,"Noisy final-test audit, not population false-certification rate",gpt2_nll,shared_clip300,0
betting,aligned,0.1,132,1.0,0.0008538356189774846,0.0,"Noisy final-test audit, not population false-certification rate",gpt2_nll,shared_clip300,0
bernstein,unaligned,0.0,0,0.0,,,"Noisy final-test audit, not population false-certification rate",gpt2_nll,separate_naive,0
bernstein,unaligned,0.01,0,0.0,,,"Noisy final-test audit, not population false-certification rate",gpt2_nll,separate_naive,0
bernstein,unaligned,0.02,0,0.0,,,"Noisy final-test audit, not population false-certification rate",gpt2_nll,separate_naive,0
bernstein,unaligned,0.05,53,0.4015151515151515,0.014053314159214705,0.0,"Noisy final-test audit, not population false-certification rate",gpt2_nll,separate_naive,0
bernstein,unaligned,0.1,103,0.7803030303030303,0.03231691929882842,0.0,"Noisy final-test audit, not population false-certification rate",gpt2_nll,separate_naive,0
bernstein,aligned,0.0,0,0.0,,,"Noisy final-test audit, not population false-certification rate",gpt2_nll,separate_naive,0
bernstein,aligned,0.01,0,0.0,,,"Noisy final-test audit, not population false-certification rate",gpt2_nll,separate_naive,0
bernstein,aligned,0.02,0,0.0,,,"Noisy final-test audit, not population false-certification rate",gpt2_nll,separate_naive,0
bernstein,aligned,0.05,132,1.0,0.00113196703794562,0.0,"Noisy final-test audit, not population false-certification rate",gpt2_nll,separate_naive,0
bernstein,aligned,0.1,132,1.0,0.00113196703794562,0.0,"Noisy final-test audit, not population false-certification rate",gpt2_nll,separate_naive,0
betting,unaligned,0.0,0,0.0,,,"Noisy final-test audit, not population false-certification rate",gpt2_nll,separate_naive,0
betting,unaligned,0.01,1,0.007575757575757576,0.006366970348548173,0.0,"Noisy final-test audit, not population false-certification rate",gpt2_nll,separate_naive,0
betting,unaligned,0.02,36,0.2727272727272727,0.010434167680352994,0.0,"Noisy final-test audit, not population false-certification rate",gpt2_nll,separate_naive,0
betting,unaligned,0.05,66,0.5,0.017664049709784108,0.0,"Noisy final-test audit, not population false-certification rate",gpt2_nll,separate_naive,0
betting,unaligned,0.1,117,0.8863636363636364,0.038202479864072096,0.0,"Noisy final-test audit, not population false-certification rate",gpt2_nll,separate_naive,0
betting,aligned,0.0,0,0.0,,,"Noisy final-test audit, not population false-certification rate",gpt2_nll,separate_naive,0
betting,aligned,0.01,131,0.9924242424242424,0.0010949679883936613,0.0,"Noisy final-test audit, not population false-certification rate",gpt2_nll,separate_naive,0
betting,aligned,0.02,132,1.0,0.00113196703794562,0.0,"Noisy final-test audit, not population false-certification rate",gpt2_nll,separate_naive,0
betting,aligned,0.05,132,1.0,0.00113196703794562,0.0,"Noisy final-test audit, not population false-certification rate",gpt2_nll,separate_naive,0
betting,aligned,0.1,132,1.0,0.00113196703794562,0.0,"Noisy final-test audit, not population false-certification rate",gpt2_nll,separate_naive,0
bernstein,unaligned,0.0,0,0.0,,,"Noisy final-test audit, not population false-certification rate",gpt2_nll,separate_lift,0
bernstein,unaligned,0.01,0,0.0,,,"Noisy final-test audit, not population false-certification rate",gpt2_nll,separate_lift,0
bernstein,unaligned,0.02,0,0.0,,,"Noisy final-test audit, not population false-certification rate",gpt2_nll,separate_lift,0
bernstein,unaligned,0.05,109,0.8257575757575758,0.009986616249014113,0.0,"Noisy final-test audit, not population false-certification rate",gpt2_nll,separate_lift,0
bernstein,unaligned,0.1,123,0.9318181818181818,0.01269965033489998,0.0,"Noisy final-test audit, not population false-certification rate",gpt2_nll,separate_lift,0
bernstein,aligned,0.0,0,0.0,,,"Noisy final-test audit, not population false-certification rate",gpt2_nll,separate_lift,0
bernstein,aligned,0.01,0,0.0,,,"Noisy final-test audit, not population false-certification rate",gpt2_nll,separate_lift,0
bernstein,aligned,0.02,0,0.0,,,"Noisy final-test audit, not population false-certification rate",gpt2_nll,separate_lift,0
bernstein,aligned,0.05,132,1.0,0.00113196703794562,0.0,"Noisy final-test audit, not population false-certification rate",gpt2_nll,separate_lift,0
bernstein,aligned,0.1,132,1.0,0.00113196703794562,0.0,"Noisy final-test audit, not population false-certification rate",gpt2_nll,separate_lift,0
betting,unaligned,0.0,0,0.0,,,"Noisy final-test audit, not population false-certification rate",gpt2_nll,separate_lift,0
betting,unaligned,0.01,38,0.2878787878787879,0.0022193105760519192,0.0,"Noisy final-test audit, not population false-certification rate",gpt2_nll,separate_lift,0
betting,unaligned,0.02,80,0.6060606060606061,0.006173289065007673,0.0,"Noisy final-test audit, not population false-certification rate",gpt2_nll,separate_lift,0
betting,unaligned,0.05,121,0.9166666666666666,0.011902692227879662,0.0,"Noisy final-test audit, not population false-certification rate",gpt2_nll,separate_lift,0
betting,unaligned,0.1,123,0.9318181818181818,0.01269965033489998,0.0,"Noisy final-test audit, not population false-certification rate",gpt2_nll,separate_lift,0
betting,aligned,0.0,0,0.0,,,"Noisy final-test audit, not population false-certification rate",gpt2_nll,separate_lift,0
betting,aligned,0.01,131,0.9924242424242424,0.0010949679883936613,0.0,"Noisy final-test audit, not population false-certification rate",gpt2_nll,separate_lift,0
betting,aligned,0.02,132,1.0,0.00113196703794562,0.0,"Noisy final-test audit, not population false-certification rate",gpt2_nll,separate_lift,0
betting,aligned,0.05,132,1.0,0.00113196703794562,0.0,"Noisy final-test audit, not population false-certification rate",gpt2_nll,separate_lift,0
betting,aligned,0.1,132,1.0,0.00113196703794562,0.0,"Noisy final-test audit, not population false-certification rate",gpt2_nll,separate_lift,0
bernstein,unaligned,0.0,0,0.0,,,"Noisy final-test audit, not population false-certification rate",gpt2_nll,native_raw,1
bernstein,unaligned,0.01,0,0.0,,,"Noisy final-test audit, not population false-certification rate",gpt2_nll,native_raw,1
bernstein,unaligned,0.02,0,0.0,,,"Noisy final-test audit, not population false-certification rate",gpt2_nll,native_raw,1
bernstein,unaligned,0.05,76,0.5757575757575758,0.010479099401386777,0.0,"Noisy final-test audit, not population false-certification rate",gpt2_nll,native_raw,1
bernstein,unaligned,0.1,105,0.7954545454545454,0.01760071701939371,0.0,"Noisy final-test audit, not population false-certification rate",gpt2_nll,native_raw,1
bernstein,aligned,0.0,0,0.0,,,"Noisy final-test audit, not population false-certification rate",gpt2_nll,native_raw,1
bernstein,aligned,0.01,0,0.0,,,"Noisy final-test audit, not population false-certification rate",gpt2_nll,native_raw,1
bernstein,aligned,0.02,0,0.0,,,"Noisy final-test audit, not population false-certification rate",gpt2_nll,native_raw,1
bernstein,aligned,0.05,132,1.0,0.000853911892974313,0.0,"Noisy final-test audit, not population false-certification rate",gpt2_nll,native_raw,1
bernstein,aligned,0.1,132,1.0,0.000853911892974313,0.0,"Noisy final-test audit, not population false-certification rate",gpt2_nll,native_raw,1
betting,unaligned,0.0,0,0.0,,,"Noisy final-test audit, not population false-certification rate",gpt2_nll,native_raw,1
betting,unaligned,0.01,23,0.17424242424242425,0.002834988025792295,0.0,"Noisy final-test audit, not population false-certification rate",gpt2_nll,native_raw,1
betting,unaligned,0.02,52,0.3939393939393939,0.0065101409278767505,0.0,"Noisy final-test audit, not population false-certification rate",gpt2_nll,native_raw,1
betting,unaligned,0.05,98,0.7424242424242424,0.01476724153751175,0.0,"Noisy final-test audit, not population false-certification rate",gpt2_nll,native_raw,1
betting,unaligned,0.1,113,0.8560606060606061,0.02183156839319613,0.0,"Noisy final-test audit, not population false-certification rate",gpt2_nll,native_raw,1
betting,aligned,0.0,0,0.0,,,"Noisy final-test audit, not population false-certification rate",gpt2_nll,native_raw,1
betting,aligned,0.01,132,1.0,0.000853911892974313,0.0,"Noisy final-test audit, not population false-certification rate",gpt2_nll,native_raw,1
betting,aligned,0.02,132,1.0,0.000853911892974313,0.0,"Noisy final-test audit, not population false-certification rate",gpt2_nll,native_raw,1
betting,aligned,0.05,132,1.0,0.000853911892974313,0.0,"Noisy final-test audit, not population false-certification rate",gpt2_nll,native_raw,1
betting,aligned,0.1,132,1.0,0.000853911892974313,0.0,"Noisy final-test audit, not population false-certification rate",gpt2_nll,native_raw,1
bernstein,unaligned,0.0,0,0.0,,,"Noisy final-test audit, not population false-certification rate",gpt2_nll,shared_raw,1
bernstein,unaligned,0.01,0,0.0,,,"Noisy final-test audit, not population false-certification rate",gpt2_nll,shared_raw,1
bernstein,unaligned,0.02,0,0.0,,,"Noisy final-test audit, not population false-certification rate",gpt2_nll,shared_raw,1
bernstein,unaligned,0.05,71,0.5378787878787878,0.009369136934582214,0.0,"Noisy final-test audit, not population false-certification rate",gpt2_nll,shared_raw,1
bernstein,unaligned,0.1,104,0.7878787878787878,0.017677102575823844,0.0,"Noisy final-test audit, not population false-certification rate",gpt2_nll,shared_raw,1
bernstein,aligned,0.0,0,0.0,,,"Noisy final-test audit, not population false-certification rate",gpt2_nll,shared_raw,1
bernstein,aligned,0.01,0,0.0,,,"Noisy final-test audit, not population false-certification rate",gpt2_nll,shared_raw,1
bernstein,aligned,0.02,0,0.0,,,"Noisy final-test audit, not population false-certification rate",gpt2_nll,shared_raw,1
bernstein,aligned,0.05,132,1.0,0.0008285076782323926,0.0,"Noisy final-test audit, not population false-certification rate",gpt2_nll,shared_raw,1
bernstein,aligned,0.1,132,1.0,0.0008285076782323926,0.0,"Noisy final-test audit, not population false-certification rate",gpt2_nll,shared_raw,1
betting,unaligned,0.0,0,0.0,,,"Noisy final-test audit, not population false-certification rate",gpt2_nll,shared_raw,1
betting,unaligned,0.01,27,0.20454545454545456,0.002769668408640999,0.0,"Noisy final-test audit, not population false-certification rate",gpt2_nll,shared_raw,1
betting,unaligned,0.02,51,0.38636363636363635,0.005487931370294321,0.0,"Noisy final-test audit, not population false-certification rate",gpt2_nll,shared_raw,1
betting,unaligned,0.05,96,0.7272727272727273,0.01442398518057624,0.0,"Noisy final-test audit, not population false-certification rate",gpt2_nll,shared_raw,1
betting,unaligned,0.1,117,0.8863636363636364,0.02424575966453906,0.0,"Noisy final-test audit, not population false-certification rate",gpt2_nll,shared_raw,1
betting,aligned,0.0,0,0.0,,,"Noisy final-test audit, not population false-certification rate",gpt2_nll,shared_raw,1
betting,aligned,0.01,132,1.0,0.0008285076782323926,0.0,"Noisy final-test audit, not population false-certification rate",gpt2_nll,shared_raw,1
betting,aligned,0.02,132,1.0,0.0008285076782323926,0.0,"Noisy final-test audit, not population false-certification rate",gpt2_nll,shared_raw,1
betting,aligned,0.05,132,1.0,0.0008285076782323926,0.0,"Noisy final-test audit, not population false-certification rate",gpt2_nll,shared_raw,1
betting,aligned,0.1,132,1.0,0.0008285076782323926,0.0,"Noisy final-test audit, not population false-certification rate",gpt2_nll,shared_raw,1
bernstein,unaligned,0.0,0,0.0,,,"Noisy final-test audit, not population false-certification rate",gpt2_nll,shared_center,1
bernstein,unaligned,0.01,0,0.0,,,"Noisy final-test audit, not population false-certification rate",gpt2_nll,shared_center,1
bernstein,unaligned,0.02,0,0.0,,,"Noisy final-test audit, not population false-certification rate",gpt2_nll,shared_center,1
bernstein,unaligned,0.05,93,0.7045454545454546,0.008586456259680604,0.0,"Noisy final-test audit, not population false-certification rate",gpt2_nll,shared_center,1
bernstein,unaligned,0.1,109,0.8257575757575758,0.014396663946953405,0.0,"Noisy final-test audit, not population false-certification rate",gpt2_nll,shared_center,1
bernstein,aligned,0.0,0,0.0,,,"Noisy final-test audit, not population false-certification rate",gpt2_nll,shared_center,1
bernstein,aligned,0.01,0,0.0,,,"Noisy final-test audit, not population false-certification rate",gpt2_nll,shared_center,1
bernstein,aligned,0.02,0,0.0,,,"Noisy final-test audit, not population false-certification rate",gpt2_nll,shared_center,1
bernstein,aligned,0.05,132,1.0,0.0008255662013751522,0.0,"Noisy final-test audit, not population false-certification rate",gpt2_nll,shared_center,1
bernstein,aligned,0.1,132,1.0,0.0008255662013751522,0.0,"Noisy final-test audit, not population false-certification rate",gpt2_nll,shared_center,1
betting,unaligned,0.0,0,0.0,,,"Noisy final-test audit, not population false-certification rate",gpt2_nll,shared_center,1
betting,unaligned,0.01,33,0.25,0.0024311557921361617,0.0,"Noisy final-test audit, not population false-certification rate",gpt2_nll,shared_center,1
betting,unaligned,0.02,74,0.5606060606060606,0.006316362143335844,0.0,"Noisy final-test audit, not population false-certification rate",gpt2_nll,shared_center,1
betting,unaligned,0.05,97,0.7348484848484849,0.009491169769099991,0.0,"Noisy final-test audit, not population false-certification rate",gpt2_nll,shared_center,1
betting,unaligned,0.1,122,0.9242424242424242,0.020881577155620185,0.0,"Noisy final-test audit, not population false-certification rate",gpt2_nll,shared_center,1
betting,aligned,0.0,0,0.0,,,"Noisy final-test audit, not population false-certification rate",gpt2_nll,shared_center,1
betting,aligned,0.01,132,1.0,0.0008255662013751522,0.0,"Noisy final-test audit, not population false-certification rate",gpt2_nll,shared_center,1
betting,aligned,0.02,132,1.0,0.0008255662013751522,0.0,"Noisy final-test audit, not population false-certification rate",gpt2_nll,shared_center,1
betting,aligned,0.05,132,1.0,0.0008255662013751522,0.0,"Noisy final-test audit, not population false-certification rate",gpt2_nll,shared_center,1
betting,aligned,0.1,132,1.0,0.0008255662013751522,0.0,"Noisy final-test audit, not population false-certification rate",gpt2_nll,shared_center,1
bernstein,unaligned,0.0,0,0.0,,,"Noisy final-test audit, not population false-certification rate",gpt2_nll,shared_rms,1
bernstein,unaligned,0.01,0,0.0,,,"Noisy final-test audit, not population false-certification rate",gpt2_nll,shared_rms,1
bernstein,unaligned,0.02,0,0.0,,,"Noisy final-test audit, not population false-certification rate",gpt2_nll,shared_rms,1
bernstein,unaligned,0.05,95,0.7196969696969697,0.008912058174197842,0.0,"Noisy final-test audit, not population false-certification rate",gpt2_nll,shared_rms,1
bernstein,unaligned,0.1,114,0.8636363636363636,0.015376284263554993,0.0,"Noisy final-test audit, not population false-certification rate",gpt2_nll,shared_rms,1
bernstein,aligned,0.0,0,0.0,,,"Noisy final-test audit, not population false-certification rate",gpt2_nll,shared_rms,1
bernstein,aligned,0.01,0,0.0,,,"Noisy final-test audit, not population false-certification rate",gpt2_nll,shared_rms,1
bernstein,aligned,0.02,0,0.0,,,"Noisy final-test audit, not population false-certification rate",gpt2_nll,shared_rms,1
bernstein,aligned,0.05,132,1.0,0.0007918828284320633,0.0,"Noisy final-test audit, not population false-certification rate",gpt2_nll,shared_rms,1
bernstein,aligned,0.1,132,1.0,0.0007918828284320633,0.0,"Noisy final-test audit, not population false-certification rate",gpt2_nll,shared_rms,1
betting,unaligned,0.0,0,0.0,,,"Noisy final-test audit, not population false-certification rate",gpt2_nll,shared_rms,1
betting,unaligned,0.01,24,0.18181818181818182,0.0017640146304753093,0.0,"Noisy final-test audit, not population false-certification rate",gpt2_nll,shared_rms,1
betting,unaligned,0.02,79,0.5984848484848485,0.0071624859375087795,0.0,"Noisy final-test audit, not population false-certification rate",gpt2_nll,shared_rms,1
betting,unaligned,0.05,101,0.7651515151515151,0.010334773570116706,0.0,"Noisy final-test audit, not population false-certification rate",gpt2_nll,shared_rms,1
betting,unaligned,0.1,122,0.9242424242424242,0.01934276769051788,0.0,"Noisy final-test audit, not population false-certification rate",gpt2_nll,shared_rms,1
betting,aligned,0.0,0,0.0,,,"Noisy final-test audit, not population false-certification rate",gpt2_nll,shared_rms,1
betting,aligned,0.01,132,1.0,0.0007918828284320633,0.0,"Noisy final-test audit, not population false-certification rate",gpt2_nll,shared_rms,1
betting,aligned,0.02,132,1.0,0.0007918828284320633,0.0,"Noisy final-test audit, not population false-certification rate",gpt2_nll,shared_rms,1
betting,aligned,0.05,132,1.0,0.0007918828284320633,0.0,"Noisy final-test audit, not population false-certification rate",gpt2_nll,shared_rms,1
betting,aligned,0.1,132,1.0,0.0007918828284320633,0.0,"Noisy final-test audit, not population false-certification rate",gpt2_nll,shared_rms,1
bernstein,unaligned,0.0,0,0.0,,,"Noisy final-test audit, not population false-certification rate",gpt2_nll,native_raw,2
bernstein,unaligned,0.01,0,0.0,,,"Noisy final-test audit, not population false-certification rate",gpt2_nll,native_raw,2
bernstein,unaligned,0.02,0,0.0,,,"Noisy final-test audit, not population false-certification rate",gpt2_nll,native_raw,2
bernstein,unaligned,0.05,85,0.6439393939393939,0.011401492272462982,0.0,"Noisy final-test audit, not population false-certification rate",gpt2_nll,native_raw,2
bernstein,unaligned,0.1,108,0.8181818181818182,0.017840175650986723,0.0,"Noisy final-test audit, not population false-certification rate",gpt2_nll,native_raw,2
bernstein,aligned,0.0,0,0.0,,,"Noisy final-test audit, not population false-certification rate",gpt2_nll,native_raw,2
bernstein,aligned,0.01,0,0.0,,,"Noisy final-test audit, not population false-certification rate",gpt2_nll,native_raw,2
bernstein,aligned,0.02,0,0.0,,,"Noisy final-test audit, not population false-certification rate",gpt2_nll,native_raw,2
bernstein,aligned,0.05,132,1.0,0.0008450137462242875,0.0,"Noisy final-test audit, not population false-certification rate",gpt2_nll,native_raw,2
bernstein,aligned,0.1,132,1.0,0.0008450137462242875,0.0,"Noisy final-test audit, not population false-certification rate",gpt2_nll,native_raw,2
betting,unaligned,0.0,0,0.0,,,"Noisy final-test audit, not population false-certification rate",gpt2_nll,native_raw,2
betting,unaligned,0.01,25,0.1893939393939394,0.0028865115296897305,0.0,"Noisy final-test audit, not population false-certification rate",gpt2_nll,native_raw,2
betting,unaligned,0.02,57,0.4318181818181818,0.0068436243239532,0.0,"Noisy final-test audit, not population false-certification rate",gpt2_nll,native_raw,2
betting,unaligned,0.05,100,0.7575757575757576,0.014373291617038392,0.0,"Noisy final-test audit, not population false-certification rate",gpt2_nll,native_raw,2
betting,unaligned,0.1,116,0.8787878787878788,0.022114401218507343,0.0,"Noisy final-test audit, not population false-certification rate",gpt2_nll,native_raw,2
betting,aligned,0.0,0,0.0,,,"Noisy final-test audit, not population false-certification rate",gpt2_nll,native_raw,2
betting,aligned,0.01,132,1.0,0.0008450137462242875,0.0,"Noisy final-test audit, not population false-certification rate",gpt2_nll,native_raw,2
betting,aligned,0.02,132,1.0,0.0008450137462242875,0.0,"Noisy final-test audit, not population false-certification rate",gpt2_nll,native_raw,2
betting,aligned,0.05,132,1.0,0.0008450137462242875,0.0,"Noisy final-test audit, not population false-certification rate",gpt2_nll,native_raw,2
betting,aligned,0.1,132,1.0,0.0008450137462242875,0.0,"Noisy final-test audit, not population false-certification rate",gpt2_nll,native_raw,2
bernstein,unaligned,0.0,0,0.0,,,"Noisy final-test audit, not population false-certification rate",gpt2_nll,shared_raw,2
bernstein,unaligned,0.01,0,0.0,,,"Noisy final-test audit, not population false-certification rate",gpt2_nll,shared_raw,2
bernstein,unaligned,0.02,0,0.0,,,"Noisy final-test audit, not population false-certification rate",gpt2_nll,shared_raw,2
bernstein,unaligned,0.05,79,0.5984848484848485,0.010734155553704305,0.0,"Noisy final-test audit, not population false-certification rate",gpt2_nll,shared_raw,2
bernstein,unaligned,0.1,108,0.8181818181818182,0.018792232196767136,0.0,"Noisy final-test audit, not population false-certification rate",gpt2_nll,shared_raw,2
bernstein,aligned,0.0,0,0.0,,,"Noisy final-test audit, not population false-certification rate",gpt2_nll,shared_raw,2
bernstein,aligned,0.01,0,0.0,,,"Noisy final-test audit, not population false-certification rate",gpt2_nll,shared_raw,2
bernstein,aligned,0.02,0,0.0,,,"Noisy final-test audit, not population false-certification rate",gpt2_nll,shared_raw,2
bernstein,aligned,0.05,132,1.0,0.0008008061639614277,0.0,"Noisy final-test audit, not population false-certification rate",gpt2_nll,shared_raw,2
bernstein,aligned,0.1,132,1.0,0.0008008061639614277,0.0,"Noisy final-test audit, not population false-certification rate",gpt2_nll,shared_raw,2
betting,unaligned,0.0,0,0.0,,,"Noisy final-test audit, not population false-certification rate",gpt2_nll,shared_raw,2
betting,unaligned,0.01,28,0.21212121212121213,0.002541411069308053,0.0,"Noisy final-test audit, not population false-certification rate",gpt2_nll,shared_raw,2
betting,unaligned,0.02,54,0.4090909090909091,0.005699485720562265,0.0,"Noisy final-test audit, not population false-certification rate",gpt2_nll,shared_raw,2
betting,unaligned,0.05,98,0.7424242424242424,0.014660209829320986,0.0,"Noisy final-test audit, not population false-certification rate",gpt2_nll,shared_raw,2
betting,unaligned,0.1,118,0.8939393939393939,0.02408335842412271,0.0,"Noisy final-test audit, not population false-certification rate",gpt2_nll,shared_raw,2
betting,aligned,0.0,0,0.0,,,"Noisy final-test audit, not population false-certification rate",gpt2_nll,shared_raw,2
betting,aligned,0.01,132,1.0,0.0008008061639614277,0.0,"Noisy final-test audit, not population false-certification rate",gpt2_nll,shared_raw,2
betting,aligned,0.02,132,1.0,0.0008008061639614277,0.0,"Noisy final-test audit, not population false-certification rate",gpt2_nll,shared_raw,2
betting,aligned,0.05,132,1.0,0.0008008061639614277,0.0,"Noisy final-test audit, not population false-certification rate",gpt2_nll,shared_raw,2
betting,aligned,0.1,132,1.0,0.0008008061639614277,0.0,"Noisy final-test audit, not population false-certification rate",gpt2_nll,shared_raw,2
bernstein,unaligned,0.0,0,0.0,,,"Noisy final-test audit, not population false-certification rate",gpt2_nll,shared_center,2
bernstein,unaligned,0.01,0,0.0,,,"Noisy final-test audit, not population false-certification rate",gpt2_nll,shared_center,2
bernstein,unaligned,0.02,0,0.0,,,"Noisy final-test audit, not population false-certification rate",gpt2_nll,shared_center,2
bernstein,unaligned,0.05,95,0.7196969696969697,0.008738664264858328,0.0,"Noisy final-test audit, not population false-certification rate",gpt2_nll,shared_center,2
bernstein,unaligned,0.1,116,0.8787878787878788,0.017149293929624828,0.0,"Noisy final-test audit, not population false-certification rate",gpt2_nll,shared_center,2
bernstein,aligned,0.0,0,0.0,,,"Noisy final-test audit, not population false-certification rate",gpt2_nll,shared_center,2
bernstein,aligned,0.01,0,0.0,,,"Noisy final-test audit, not population false-certification rate",gpt2_nll,shared_center,2
bernstein,aligned,0.02,0,0.0,,,"Noisy final-test audit, not population false-certification rate",gpt2_nll,shared_center,2
bernstein,aligned,0.05,132,1.0,0.0007930516118135604,0.0,"Noisy final-test audit, not population false-certification rate",gpt2_nll,shared_center,2
bernstein,aligned,0.1,132,1.0,0.0007930516118135604,0.0,"Noisy final-test audit, not population false-certification rate",gpt2_nll,shared_center,2
betting,unaligned,0.0,0,0.0,,,"Noisy final-test audit, not population false-certification rate",gpt2_nll,shared_center,2
betting,unaligned,0.01,36,0.2727272727272727,0.002423627061925485,0.0,"Noisy final-test audit, not population false-certification rate",gpt2_nll,shared_center,2
betting,unaligned,0.02,78,0.5909090909090909,0.006584636419138023,0.0,"Noisy final-test audit, not population false-certification rate",gpt2_nll,shared_center,2
betting,unaligned,0.05,101,0.7651515151515151,0.010423238270338453,0.0,"Noisy final-test audit, not population false-certification rate",gpt2_nll,shared_center,2
betting,unaligned,0.1,124,0.9393939393939394,0.0214104003294487,0.0,"Noisy final-test audit, not population false-certification rate",gpt2_nll,shared_center,2
betting,aligned,0.0,0,0.0,,,"Noisy final-test audit, not population false-certification rate",gpt2_nll,shared_center,2
betting,aligned,0.01,132,1.0,0.0007930516118135604,0.0,"Noisy final-test audit, not population false-certification rate",gpt2_nll,shared_center,2
betting,aligned,0.02,132,1.0,0.0007930516118135604,0.0,"Noisy final-test audit, not population false-certification rate",gpt2_nll,shared_center,2
betting,aligned,0.05,132,1.0,0.0007930516118135604,0.0,"Noisy final-test audit, not population false-certification rate",gpt2_nll,shared_center,2
betting,aligned,0.1,132,1.0,0.0007930516118135604,0.0,"Noisy final-test audit, not population false-certification rate",gpt2_nll,shared_center,2
bernstein,unaligned,0.0,0,0.0,,,"Noisy final-test audit, not population false-certification rate",gpt2_nll,shared_rms,2
bernstein,unaligned,0.01,0,0.0,,,"Noisy final-test audit, not population false-certification rate",gpt2_nll,shared_rms,2
bernstein,unaligned,0.02,0,0.0,,,"Noisy final-test audit, not population false-certification rate",gpt2_nll,shared_rms,2
bernstein,unaligned,0.05,95,0.7196969696969697,0.009259827784195191,0.0,"Noisy final-test audit, not population false-certification rate",gpt2_nll,shared_rms,2
bernstein,unaligned,0.1,117,0.8863636363636364,0.017117901608094812,0.0,"Noisy final-test audit, not population false-certification rate",gpt2_nll,shared_rms,2
bernstein,aligned,0.0,0,0.0,,,"Noisy final-test audit, not population false-certification rate",gpt2_nll,shared_rms,2
bernstein,aligned,0.01,0,0.0,,,"Noisy final-test audit, not population false-certification rate",gpt2_nll,shared_rms,2
bernstein,aligned,0.02,0,0.0,,,"Noisy final-test audit, not population false-certification rate",gpt2_nll,shared_rms,2
bernstein,aligned,0.05,132,1.0,0.0007819592389221314,0.0,"Noisy final-test audit, not population false-certification rate",gpt2_nll,shared_rms,2
bernstein,aligned,0.1,132,1.0,0.0007819592389221314,0.0,"Noisy final-test audit, not population false-certification rate",gpt2_nll,shared_rms,2
betting,unaligned,0.0,0,0.0,,,"Noisy final-test audit, not population false-certification rate",gpt2_nll,shared_rms,2
betting,unaligned,0.01,27,0.20454545454545456,0.002147955402119955,0.0,"Noisy final-test audit, not population false-certification rate",gpt2_nll,shared_rms,2
betting,unaligned,0.02,83,0.6287878787878788,0.007805614068374175,0.0,"Noisy final-test audit, not population false-certification rate",gpt2_nll,shared_rms,2
betting,unaligned,0.05,103,0.7803030303030303,0.01142733210327401,0.0,"Noisy final-test audit, not population false-certification rate",gpt2_nll,shared_rms,2
betting,unaligned,0.1,121,0.9166666666666666,0.019386344734292023,0.0,"Noisy final-test audit, not population false-certification rate",gpt2_nll,shared_rms,2
betting,aligned,0.0,0,0.0,,,"Noisy final-test audit, not population false-certification rate",gpt2_nll,shared_rms,2
betting,aligned,0.01,132,1.0,0.0007819592389221314,0.0,"Noisy final-test audit, not population false-certification rate",gpt2_nll,shared_rms,2
betting,aligned,0.02,132,1.0,0.0007819592389221314,0.0,"Noisy final-test audit, not population false-certification rate",gpt2_nll,shared_rms,2
betting,aligned,0.05,132,1.0,0.0007819592389221314,0.0,"Noisy final-test audit, not population false-certification rate",gpt2_nll,shared_rms,2
betting,aligned,0.1,132,1.0,0.0007819592389221314,0.0,"Noisy final-test audit, not population false-certification rate",gpt2_nll,shared_rms,2
